schema_version,unit_id,node_id,case_id,occupancy_id,node_index,phase_code,weight
haxs.stage5c2gR32A.g1-deterministic.v1,8d9f57771b025ad2b6da9e578278aa6a,dc0fd025ac765a78a6700461cb7728dc,limit_hopping_zero_chain6,chain6_hole_2,0,00000,0.0009765625
haxs.stage5c2gR32A.g1-deterministic.v1,8d9f57771b025ad2b6da9e578278aa6a,2579e03de8945a15b60dbe8271543958,limit_hopping_zero_chain6,chain6_hole_2,1,00001,0.0009765625
haxs.stage5c2gR32A.g1-deterministic.v1,8d9f57771b025ad2b6da9e578278aa6a,64dc3243dd315bba8b026ece1de11a70,limit_hopping_zero_chain6,chain6_hole_2,2,00002,0.0009765625
haxs.stage5c2gR32A.g1-deterministic.v1,8d9f57771b025ad2b6da9e578278aa6a,346b8bbaf49a5c579c2e2cffe9109277,limit_hopping_zero_chain6,chain6_hole_2,3,00003,0.0009765625
haxs.stage5c2gR32A.g1-deterministic.v1,8d9f57771b025ad2b6da9e578278aa6a,fb7cffd6a7995411983d90967d531a48,limit_hopping_zero_chain6,chain6_hole_2,4,00010,0.0009765625
haxs.stage5c2gR32A.g1-deterministic.v1,8d9f57771b025ad2b6da9e578278aa6a,9352a404981e5e2a9b4f24b269cc7034,limit_hopping_zero_chain6,chain6_hole_2,5,00011,0.0009765625
haxs.stage5c2gR32A.g1-deterministic.v1,8d9f57771b025ad2b6da9e578278aa6a,4f453d883d10574ab1015a31ea53e65a,limit_hopping_zero_chain6,chain6_hole_2,6,00012,0.0009765625
haxs.stage5c2gR32A.g1-deterministic.v1,8d9f57771b025ad2b6da9e578278aa6a,4f2acb1c07de54b3b9201b4b7cfdc32e,limit_hopping_zero_chain6,chain6_hole_2,7,00013,0.0009765625
haxs.stage5c2gR32A.g1-deterministic.v1,8d9f57771b025ad2b6da9e578278aa6a,02376b2f73595aacbf88b337a4f29863,limit_hopping_zero_chain6,chain6_hole_2,8,00020,0.0009765625
haxs.stage5c2gR32A.g1-deterministic.v1,8d9f57771b025ad2b6da9e578278aa6a,0a9b16c8e80254e587b2e0ac9c20b1a4,limit_hopping_zero_chain6,chain6_hole_2,9,00021,0.0009765625
haxs.stage5c2gR32A.g1-deterministic.v1,8d9f57771b025ad2b6da9e578278aa6a,9f58cb3906875efe962174f3f1f9719a,limit_hopping_zero_chain6,chain6_hole_2,10,00022,0.0009765625
haxs.stage5c2gR32A.g1-deterministic.v1,8d9f57771b025ad2b6da9e578278aa6a,addad456032653b49d618d7f38c2b400,limit_hopping_zero_chain6,chain6_hole_2,11,00023,0.0009765625
haxs.stage5c2gR32A.g1-deterministic.v1,8d9f57771b025ad2b6da9e578278aa6a,4753524422a75ddd98ebb23580c18044,limit_hopping_zero_chain6,chain6_hole_2,12,00030,0.0009765625
haxs.stage5c2gR32A.g1-deterministic.v1,8d9f57771b025ad2b6da9e578278aa6a,3c484ce7a43b5c28991a63b0bf7bb2fd,limit_hopping_zero_chain6,chain6_hole_2,13,00031,0.0009765625
haxs.stage5c2gR32A.g1-deterministic.v1,8d9f57771b025ad2b6da9e578278aa6a,3dca55ee30e75cb485ad9b0cfcd57c98,limit_hopping_zero_chain6,chain6_hole_2,14,00032,0.0009765625
haxs.stage5c2gR32A.g1-deterministic.v1,8d9f57771b025ad2b6da9e578278aa6a,1eab05a406375a18b4094f9da4f70faf,limit_hopping_zero_chain6,chain6_hole_2,15,00033,0.0009765625
haxs.stage5c2gR32A.g1-deterministic.v1,8d9f57771b025ad2b6da9e578278aa6a,1b9616d239025cc6af4e484291bdbfb1,limit_hopping_zero_chain6,chain6_hole_2,16,00100,0.0009765625
haxs.stage5c2gR32A.g1-deterministic.v1,8d9f57771b025ad2b6da9e578278aa6a,d90e66f2a7095672b455b71e833c8681,limit_hopping_zero_chain6,chain6_hole_2,17,00101,0.0009765625
haxs.stage5c2gR32A.g1-deterministic.v1,8d9f57771b025ad2b6da9e578278aa6a,114e7989c3eb524aae55e7fb5d2b60e1,limit_hopping_zero_chain6,chain6_hole_2,18,00102,0.0009765625
haxs.stage5c2gR32A.g1-deterministic.v1,8d9f57771b025ad2b6da9e578278aa6a,1fbb345562c1592a99b0ec4d5d36b35d,limit_hopping_zero_chain6,chain6_hole_2,19,00103,0.0009765625
haxs.stage5c2gR32A.g1-deterministic.v1,8d9f57771b025ad2b6da9e578278aa6a,ec86b340f6535f3c80675d1e9936e225,limit_hopping_zero_chain6,chain6_hole_2,20,00110,0.0009765625
haxs.stage5c2gR32A.g1-deterministic.v1,8d9f57771b025ad2b6da9e578278aa6a,95c2543de1795326993dd66d9ecd4daf,limit_hopping_zero_chain6,chain6_hole_2,21,00111,0.0009765625
haxs.stage5c2gR32A.g1-deterministic.v1,8d9f57771b025ad2b6da9e578278aa6a,0591a70d439752bc9ae8906cf60d934b,limit_hopping_zero_chain6,chain6_hole_2,22,00112,0.0009765625
haxs.stage5c2gR32A.g1-deterministic.v1,8d9f57771b025ad2b6da9e578278aa6a,94778cb137d55d9e82d478b0a5237268,limit_hopping_zero_chain6,chain6_hole_2,23,00113,0.0009765625
haxs.stage5c2gR32A.g1-deterministic.v1,8d9f57771b025ad2b6da9e578278aa6a,dc63927068545fcd86fe7144839e9eb7,limit_hopping_zero_chain6,chain6_hole_2,24,00120,0.0009765625
haxs.stage5c2gR32A.g1-deterministic.v1,8d9f57771b025ad2b6da9e578278aa6a,ac03ad6eb4d654f7a8e1c8e09ac66798,limit_hopping_zero_chain6,chain6_hole_2,25,00121,0.0009765625
haxs.stage5c2gR32A.g1-deterministic.v1,8d9f57771b025ad2b6da9e578278aa6a,7bde968d0d615a368ab47f5caeda6fed,limit_hopping_zero_chain6,chain6_hole_2,26,00122,0.0009765625
haxs.stage5c2gR32A.g1-deterministic.v1,8d9f57771b025ad2b6da9e578278aa6a,be04239918665d2eba05406030deed01,limit_hopping_zero_chain6,chain6_hole_2,27,00123,0.0009765625
haxs.stage5c2gR32A.g1-deterministic.v1,8d9f57771b025ad2b6da9e578278aa6a,eaf65a2a302055e58312509e228a7f8f,limit_hopping_zero_chain6,chain6_hole_2,28,00130,0.0009765625
haxs.stage5c2gR32A.g1-deterministic.v1,8d9f57771b025ad2b6da9e578278aa6a,8dcac3ce94ac5c399b3885fedd9b746d,limit_hopping_zero_chain6,chain6_hole_2,29,00131,0.0009765625
haxs.stage5c2gR32A.g1-deterministic.v1,8d9f57771b025ad2b6da9e578278aa6a,941eaa27a9c05b618e65cf06695902a6,limit_hopping_zero_chain6,chain6_hole_2,30,00132,0.0009765625
haxs.stage5c2gR32A.g1-deterministic.v1,8d9f57771b025ad2b6da9e578278aa6a,b288c0290f1c577496d8ee1eea6b4ca9,limit_hopping_zero_chain6,chain6_hole_2,31,00133,0.0009765625
haxs.stage5c2gR32A.g1-deterministic.v1,8d9f57771b025ad2b6da9e578278aa6a,2d1ac9c226d65997ade30fc7ffedfef6,limit_hopping_zero_chain6,chain6_hole_2,32,00200,0.0009765625
haxs.stage5c2gR32A.g1-deterministic.v1,8d9f57771b025ad2b6da9e578278aa6a,a04985be4d9a531ca2789d22edade087,limit_hopping_zero_chain6,chain6_hole_2,33,00201,0.0009765625
haxs.stage5c2gR32A.g1-deterministic.v1,8d9f57771b025ad2b6da9e578278aa6a,347db33e514d5c2097757dc273a93d40,limit_hopping_zero_chain6,chain6_hole_2,34,00202,0.0009765625
haxs.stage5c2gR32A.g1-deterministic.v1,8d9f57771b025ad2b6da9e578278aa6a,13f5cd2bf1425386beed007b38a51007,limit_hopping_zero_chain6,chain6_hole_2,35,00203,0.0009765625
haxs.stage5c2gR32A.g1-deterministic.v1,8d9f57771b025ad2b6da9e578278aa6a,4f9165527b6653429cd2103cc8094c4b,limit_hopping_zero_chain6,chain6_hole_2,36,00210,0.0009765625
haxs.stage5c2gR32A.g1-deterministic.v1,8d9f57771b025ad2b6da9e578278aa6a,42125801aa8e5d7193711c2f43f8f37d,limit_hopping_zero_chain6,chain6_hole_2,37,00211,0.0009765625
haxs.stage5c2gR32A.g1-deterministic.v1,8d9f57771b025ad2b6da9e578278aa6a,5ae3f4c1479050e69a663ab3356a9ad6,limit_hopping_zero_chain6,chain6_hole_2,38,00212,0.0009765625
haxs.stage5c2gR32A.g1-deterministic.v1,8d9f57771b025ad2b6da9e578278aa6a,de4a31da079a53c0bbc4a0d27e7c8c8e,limit_hopping_zero_chain6,chain6_hole_2,39,00213,0.0009765625
haxs.stage5c2gR32A.g1-deterministic.v1,8d9f57771b025ad2b6da9e578278aa6a,61132c6845435e839ef351be37abdc1f,limit_hopping_zero_chain6,chain6_hole_2,40,00220,0.0009765625
haxs.stage5c2gR32A.g1-deterministic.v1,8d9f57771b025ad2b6da9e578278aa6a,5e54882eb80150e9bcaedd130d239893,limit_hopping_zero_chain6,chain6_hole_2,41,00221,0.0009765625
haxs.stage5c2gR32A.g1-deterministic.v1,8d9f57771b025ad2b6da9e578278aa6a,aa61f706c72e5a939eac2004901443b4,limit_hopping_zero_chain6,chain6_hole_2,42,00222,0.0009765625
haxs.stage5c2gR32A.g1-deterministic.v1,8d9f57771b025ad2b6da9e578278aa6a,153de986c9fa5f29bdaa8ded6d85eb1d,limit_hopping_zero_chain6,chain6_hole_2,43,00223,0.0009765625
haxs.stage5c2gR32A.g1-deterministic.v1,8d9f57771b025ad2b6da9e578278aa6a,6b2c2f6e483c5d669c15ed83eee3741d,limit_hopping_zero_chain6,chain6_hole_2,44,00230,0.0009765625
haxs.stage5c2gR32A.g1-deterministic.v1,8d9f57771b025ad2b6da9e578278aa6a,dbd0ab7c91255a378f673d2bbd60a63a,limit_hopping_zero_chain6,chain6_hole_2,45,00231,0.0009765625
haxs.stage5c2gR32A.g1-deterministic.v1,8d9f57771b025ad2b6da9e578278aa6a,5168e5a1b84b561d953d6b7f328a470e,limit_hopping_zero_chain6,chain6_hole_2,46,00232,0.0009765625
haxs.stage5c2gR32A.g1-deterministic.v1,8d9f57771b025ad2b6da9e578278aa6a,2adf47a3d3355c47bdbe99df6ac4ca7b,limit_hopping_zero_chain6,chain6_hole_2,47,00233,0.0009765625
haxs.stage5c2gR32A.g1-deterministic.v1,8d9f57771b025ad2b6da9e578278aa6a,43c9802a57525a68aa880d158a404102,limit_hopping_zero_chain6,chain6_hole_2,48,00300,0.0009765625
haxs.stage5c2gR32A.g1-deterministic.v1,8d9f57771b025ad2b6da9e578278aa6a,716d46039623578f9fcb4f7139281208,limit_hopping_zero_chain6,chain6_hole_2,49,00301,0.0009765625
haxs.stage5c2gR32A.g1-deterministic.v1,8d9f57771b025ad2b6da9e578278aa6a,b92fbee69f8954578ff37cd8bd0e889a,limit_hopping_zero_chain6,chain6_hole_2,50,00302,0.0009765625
haxs.stage5c2gR32A.g1-deterministic.v1,8d9f57771b025ad2b6da9e578278aa6a,2338ed1bd2bb5aafba84911f449a4b1f,limit_hopping_zero_chain6,chain6_hole_2,51,00303,0.0009765625
haxs.stage5c2gR32A.g1-deterministic.v1,8d9f57771b025ad2b6da9e578278aa6a,10d46cd822bf5c97b006e4900f0153b0,limit_hopping_zero_chain6,chain6_hole_2,52,00310,0.0009765625
haxs.stage5c2gR32A.g1-deterministic.v1,8d9f57771b025ad2b6da9e578278aa6a,65bba7e9b3965115bc46bf98308203d8,limit_hopping_zero_chain6,chain6_hole_2,53,00311,0.0009765625
haxs.stage5c2gR32A.g1-deterministic.v1,8d9f57771b025ad2b6da9e578278aa6a,2439ee7cb82f5ebdb2ed86ff50c6e9d5,limit_hopping_zero_chain6,chain6_hole_2,54,00312,0.0009765625
haxs.stage5c2gR32A.g1-deterministic.v1,8d9f57771b025ad2b6da9e578278aa6a,2f74de84a2d35278a5dc29f9b3b7d9b2,limit_hopping_zero_chain6,chain6_hole_2,55,00313,0.0009765625
haxs.stage5c2gR32A.g1-deterministic.v1,8d9f57771b025ad2b6da9e578278aa6a,1fbc169ac2055af381e59b82e015abb1,limit_hopping_zero_chain6,chain6_hole_2,56,00320,0.0009765625
haxs.stage5c2gR32A.g1-deterministic.v1,8d9f57771b025ad2b6da9e578278aa6a,ae2e5cf0eb42543c979bcf23fb3953a9,limit_hopping_zero_chain6,chain6_hole_2,57,00321,0.0009765625
haxs.stage5c2gR32A.g1-deterministic.v1,8d9f57771b025ad2b6da9e578278aa6a,b59f9b2b357659c7acfcac4a7252a47e,limit_hopping_zero_chain6,chain6_hole_2,58,00322,0.0009765625
haxs.stage5c2gR32A.g1-deterministic.v1,8d9f57771b025ad2b6da9e578278aa6a,dd98dbad5a855d459d1dc0efd5491fe1,limit_hopping_zero_chain6,chain6_hole_2,59,00323,0.0009765625
haxs.stage5c2gR32A.g1-deterministic.v1,8d9f57771b025ad2b6da9e578278aa6a,4d18c38bf7505637913edaee712bfae5,limit_hopping_zero_chain6,chain6_hole_2,60,00330,0.0009765625
haxs.stage5c2gR32A.g1-deterministic.v1,8d9f57771b025ad2b6da9e578278aa6a,5bfa3c3303955f29a94336c4b9f9b2fd,limit_hopping_zero_chain6,chain6_hole_2,61,00331,0.0009765625
haxs.stage5c2gR32A.g1-deterministic.v1,8d9f57771b025ad2b6da9e578278aa6a,b941c2948b5d5c3c9ec665407d1d18d9,limit_hopping_zero_chain6,chain6_hole_2,62,00332,0.0009765625
haxs.stage5c2gR32A.g1-deterministic.v1,8d9f57771b025ad2b6da9e578278aa6a,d28e9960329a562381f1a35729dbe5f6,limit_hopping_zero_chain6,chain6_hole_2,63,00333,0.0009765625
haxs.stage5c2gR32A.g1-deterministic.v1,8d9f57771b025ad2b6da9e578278aa6a,a665904ec67e55a5ae168b9e431d710b,limit_hopping_zero_chain6,chain6_hole_2,64,01000,0.0009765625
haxs.stage5c2gR32A.g1-deterministic.v1,8d9f57771b025ad2b6da9e578278aa6a,c72873d7e7e157cfa513d484a6c7d8f5,limit_hopping_zero_chain6,chain6_hole_2,65,01001,0.0009765625
haxs.stage5c2gR32A.g1-deterministic.v1,8d9f57771b025ad2b6da9e578278aa6a,43f27871f2de57b2b4cce00a02ba4c97,limit_hopping_zero_chain6,chain6_hole_2,66,01002,0.0009765625
haxs.stage5c2gR32A.g1-deterministic.v1,8d9f57771b025ad2b6da9e578278aa6a,22f2375471225bac878c8e23ce826156,limit_hopping_zero_chain6,chain6_hole_2,67,01003,0.0009765625
haxs.stage5c2gR32A.g1-deterministic.v1,8d9f57771b025ad2b6da9e578278aa6a,ff169100df9a5b38b66ce06afbba387b,limit_hopping_zero_chain6,chain6_hole_2,68,01010,0.0009765625
haxs.stage5c2gR32A.g1-deterministic.v1,8d9f57771b025ad2b6da9e578278aa6a,5f2b96d2d84a514185c1dcd3753c4630,limit_hopping_zero_chain6,chain6_hole_2,69,01011,0.0009765625
haxs.stage5c2gR32A.g1-deterministic.v1,8d9f57771b025ad2b6da9e578278aa6a,461961d4e21151f99e5440d2abec0a6b,limit_hopping_zero_chain6,chain6_hole_2,70,01012,0.0009765625
haxs.stage5c2gR32A.g1-deterministic.v1,8d9f57771b025ad2b6da9e578278aa6a,181521777f005ddf9723cd2e962bb45a,limit_hopping_zero_chain6,chain6_hole_2,71,01013,0.0009765625
haxs.stage5c2gR32A.g1-deterministic.v1,8d9f57771b025ad2b6da9e578278aa6a,b56d5fade1df5ea7abf90038364dfb2d,limit_hopping_zero_chain6,chain6_hole_2,72,01020,0.0009765625
haxs.stage5c2gR32A.g1-deterministic.v1,8d9f57771b025ad2b6da9e578278aa6a,f5643188e9ba51e5bdcd7f506b25c38e,limit_hopping_zero_chain6,chain6_hole_2,73,01021,0.0009765625
haxs.stage5c2gR32A.g1-deterministic.v1,8d9f57771b025ad2b6da9e578278aa6a,3cf544238e89581bb5995b16ec691a29,limit_hopping_zero_chain6,chain6_hole_2,74,01022,0.0009765625
haxs.stage5c2gR32A.g1-deterministic.v1,8d9f57771b025ad2b6da9e578278aa6a,a7f19f4542955ef29d6355d716f7ca97,limit_hopping_zero_chain6,chain6_hole_2,75,01023,0.0009765625
haxs.stage5c2gR32A.g1-deterministic.v1,8d9f57771b025ad2b6da9e578278aa6a,238d6e72ff0c56c59a4fa83df814f408,limit_hopping_zero_chain6,chain6_hole_2,76,01030,0.0009765625
haxs.stage5c2gR32A.g1-deterministic.v1,8d9f57771b025ad2b6da9e578278aa6a,abbb3d346c7f5ed79d4686534596a0d9,limit_hopping_zero_chain6,chain6_hole_2,77,01031,0.0009765625
haxs.stage5c2gR32A.g1-deterministic.v1,8d9f57771b025ad2b6da9e578278aa6a,3c4954f0ba495a9a829e87e6482a5d0d,limit_hopping_zero_chain6,chain6_hole_2,78,01032,0.0009765625
haxs.stage5c2gR32A.g1-deterministic.v1,8d9f57771b025ad2b6da9e578278aa6a,215713665d0e5e00b0965b71b3cd6290,limit_hopping_zero_chain6,chain6_hole_2,79,01033,0.0009765625
haxs.stage5c2gR32A.g1-deterministic.v1,8d9f57771b025ad2b6da9e578278aa6a,b015e2510a675278937c8f6cb58d4ec0,limit_hopping_zero_chain6,chain6_hole_2,80,01100,0.0009765625
haxs.stage5c2gR32A.g1-deterministic.v1,8d9f57771b025ad2b6da9e578278aa6a,c74a126561345d45a96520040999ab85,limit_hopping_zero_chain6,chain6_hole_2,81,01101,0.0009765625
haxs.stage5c2gR32A.g1-deterministic.v1,8d9f57771b025ad2b6da9e578278aa6a,ee4d9766524b5e5fa462ecc1ffa1292f,limit_hopping_zero_chain6,chain6_hole_2,82,01102,0.0009765625
haxs.stage5c2gR32A.g1-deterministic.v1,8d9f57771b025ad2b6da9e578278aa6a,459c68dad37b57168293d7a11db05a6c,limit_hopping_zero_chain6,chain6_hole_2,83,01103,0.0009765625
haxs.stage5c2gR32A.g1-deterministic.v1,8d9f57771b025ad2b6da9e578278aa6a,5f12241f475d5a11b470ec2103d1f12b,limit_hopping_zero_chain6,chain6_hole_2,84,01110,0.0009765625
haxs.stage5c2gR32A.g1-deterministic.v1,8d9f57771b025ad2b6da9e578278aa6a,f4d4803e6d555ca29f3c63e015307dbb,limit_hopping_zero_chain6,chain6_hole_2,85,01111,0.0009765625
haxs.stage5c2gR32A.g1-deterministic.v1,8d9f57771b025ad2b6da9e578278aa6a,578a50c1487355ca8911c827345b2f58,limit_hopping_zero_chain6,chain6_hole_2,86,01112,0.0009765625
haxs.stage5c2gR32A.g1-deterministic.v1,8d9f57771b025ad2b6da9e578278aa6a,abfe7820008c5a65b388908cd49da308,limit_hopping_zero_chain6,chain6_hole_2,87,01113,0.0009765625
haxs.stage5c2gR32A.g1-deterministic.v1,8d9f57771b025ad2b6da9e578278aa6a,07aecf9f60965dcabf355d4355553c04,limit_hopping_zero_chain6,chain6_hole_2,88,01120,0.0009765625
haxs.stage5c2gR32A.g1-deterministic.v1,8d9f57771b025ad2b6da9e578278aa6a,4f092e5205505e19bfb4cb94c3706031,limit_hopping_zero_chain6,chain6_hole_2,89,01121,0.0009765625
haxs.stage5c2gR32A.g1-deterministic.v1,8d9f57771b025ad2b6da9e578278aa6a,2893b3ce4a2454648d93257e51694ee4,limit_hopping_zero_chain6,chain6_hole_2,90,01122,0.0009765625
haxs.stage5c2gR32A.g1-deterministic.v1,8d9f57771b025ad2b6da9e578278aa6a,d7a4f6a0bb0b5c0d84dd5968529cf3b4,limit_hopping_zero_chain6,chain6_hole_2,91,01123,0.0009765625
haxs.stage5c2gR32A.g1-deterministic.v1,8d9f57771b025ad2b6da9e578278aa6a,2f96d9aec94a50a79ea2d626dd4f70fd,limit_hopping_zero_chain6,chain6_hole_2,92,01130,0.0009765625
haxs.stage5c2gR32A.g1-deterministic.v1,8d9f57771b025ad2b6da9e578278aa6a,270648efdf385627970b97d3a319935c,limit_hopping_zero_chain6,chain6_hole_2,93,01131,0.0009765625
haxs.stage5c2gR32A.g1-deterministic.v1,8d9f57771b025ad2b6da9e578278aa6a,54ac92b354af5f55a6d0ea168b8ade4e,limit_hopping_zero_chain6,chain6_hole_2,94,01132,0.0009765625
haxs.stage5c2gR32A.g1-deterministic.v1,8d9f57771b025ad2b6da9e578278aa6a,34838d0cbca856cabeb5e121c8187bdd,limit_hopping_zero_chain6,chain6_hole_2,95,01133,0.0009765625
haxs.stage5c2gR32A.g1-deterministic.v1,8d9f57771b025ad2b6da9e578278aa6a,cb62aa237211517ea02da9d8c08670c2,limit_hopping_zero_chain6,chain6_hole_2,96,01200,0.0009765625
haxs.stage5c2gR32A.g1-deterministic.v1,8d9f57771b025ad2b6da9e578278aa6a,0473a4ddcde95cf78219275a6dbc5ac2,limit_hopping_zero_chain6,chain6_hole_2,97,01201,0.0009765625
haxs.stage5c2gR32A.g1-deterministic.v1,8d9f57771b025ad2b6da9e578278aa6a,7e901305a4bd5a3a95abe428c585965b,limit_hopping_zero_chain6,chain6_hole_2,98,01202,0.0009765625
haxs.stage5c2gR32A.g1-deterministic.v1,8d9f57771b025ad2b6da9e578278aa6a,6c89b64048de5608b466507886cd53cc,limit_hopping_zero_chain6,chain6_hole_2,99,01203,0.0009765625
haxs.stage5c2gR32A.g1-deterministic.v1,8d9f57771b025ad2b6da9e578278aa6a,fae86c60e46f562a93e713258ff844db,limit_hopping_zero_chain6,chain6_hole_2,100,01210,0.0009765625
haxs.stage5c2gR32A.g1-deterministic.v1,8d9f57771b025ad2b6da9e578278aa6a,a9ecaf4dd3fb580ab137547d61197091,limit_hopping_zero_chain6,chain6_hole_2,101,01211,0.0009765625
haxs.stage5c2gR32A.g1-deterministic.v1,8d9f57771b025ad2b6da9e578278aa6a,43bc0d7a043254d186f707647263caad,limit_hopping_zero_chain6,chain6_hole_2,102,01212,0.0009765625
haxs.stage5c2gR32A.g1-deterministic.v1,8d9f57771b025ad2b6da9e578278aa6a,c845086e946b53fcba147cb080864daa,limit_hopping_zero_chain6,chain6_hole_2,103,01213,0.0009765625
haxs.stage5c2gR32A.g1-deterministic.v1,8d9f57771b025ad2b6da9e578278aa6a,d2ce4597b9a7546c9e9d05fbff075b42,limit_hopping_zero_chain6,chain6_hole_2,104,01220,0.0009765625
haxs.stage5c2gR32A.g1-deterministic.v1,8d9f57771b025ad2b6da9e578278aa6a,021dd89ee39c5db8a8d7fe095e5c5f01,limit_hopping_zero_chain6,chain6_hole_2,105,01221,0.0009765625
haxs.stage5c2gR32A.g1-deterministic.v1,8d9f57771b025ad2b6da9e578278aa6a,266d425d13c95d8b95863ca2dd382a8e,limit_hopping_zero_chain6,chain6_hole_2,106,01222,0.0009765625
haxs.stage5c2gR32A.g1-deterministic.v1,8d9f57771b025ad2b6da9e578278aa6a,f10bd05ad7dc51aca4ee0c281acaffce,limit_hopping_zero_chain6,chain6_hole_2,107,01223,0.0009765625
haxs.stage5c2gR32A.g1-deterministic.v1,8d9f57771b025ad2b6da9e578278aa6a,a1be9806ab6551f0b7d2639a187db345,limit_hopping_zero_chain6,chain6_hole_2,108,01230,0.0009765625
haxs.stage5c2gR32A.g1-deterministic.v1,8d9f57771b025ad2b6da9e578278aa6a,26ed052829c655699ca668f3dcdeb967,limit_hopping_zero_chain6,chain6_hole_2,109,01231,0.0009765625
haxs.stage5c2gR32A.g1-deterministic.v1,8d9f57771b025ad2b6da9e578278aa6a,a63df334969e53149f4b6c1b4d3a9512,limit_hopping_zero_chain6,chain6_hole_2,110,01232,0.0009765625
haxs.stage5c2gR32A.g1-deterministic.v1,8d9f57771b025ad2b6da9e578278aa6a,79ae43f4b0435bfbb4fccf46fab0f25e,limit_hopping_zero_chain6,chain6_hole_2,111,01233,0.0009765625
haxs.stage5c2gR32A.g1-deterministic.v1,8d9f57771b025ad2b6da9e578278aa6a,ec075d2d5b6857a4959eb916c1353bfc,limit_hopping_zero_chain6,chain6_hole_2,112,01300,0.0009765625
haxs.stage5c2gR32A.g1-deterministic.v1,8d9f57771b025ad2b6da9e578278aa6a,79d543110a6f548b80fb536a62f635a7,limit_hopping_zero_chain6,chain6_hole_2,113,01301,0.0009765625
haxs.stage5c2gR32A.g1-deterministic.v1,8d9f57771b025ad2b6da9e578278aa6a,a143f4cecbcf519b9d75aec7aa123373,limit_hopping_zero_chain6,chain6_hole_2,114,01302,0.0009765625
haxs.stage5c2gR32A.g1-deterministic.v1,8d9f57771b025ad2b6da9e578278aa6a,11505d6bb3e95fa1b11493eb3b9017c0,limit_hopping_zero_chain6,chain6_hole_2,115,01303,0.0009765625
haxs.stage5c2gR32A.g1-deterministic.v1,8d9f57771b025ad2b6da9e578278aa6a,c3237c19d50554a9b1e8dd1c7689df88,limit_hopping_zero_chain6,chain6_hole_2,116,01310,0.0009765625
haxs.stage5c2gR32A.g1-deterministic.v1,8d9f57771b025ad2b6da9e578278aa6a,edf09f99f7a15e2782c85ac2e4d59883,limit_hopping_zero_chain6,chain6_hole_2,117,01311,0.0009765625
haxs.stage5c2gR32A.g1-deterministic.v1,8d9f57771b025ad2b6da9e578278aa6a,9671396f3e115dd281d6d85ccdcdf5b3,limit_hopping_zero_chain6,chain6_hole_2,118,01312,0.0009765625
haxs.stage5c2gR32A.g1-deterministic.v1,8d9f57771b025ad2b6da9e578278aa6a,033e7165a4165ce992948eec49f7932f,limit_hopping_zero_chain6,chain6_hole_2,119,01313,0.0009765625
haxs.stage5c2gR32A.g1-deterministic.v1,8d9f57771b025ad2b6da9e578278aa6a,04bcb2e95d9856f89264c7be14b40778,limit_hopping_zero_chain6,chain6_hole_2,120,01320,0.0009765625
haxs.stage5c2gR32A.g1-deterministic.v1,8d9f57771b025ad2b6da9e578278aa6a,0e6a0e99d86356209e3c49d4bc919421,limit_hopping_zero_chain6,chain6_hole_2,121,01321,0.0009765625
haxs.stage5c2gR32A.g1-deterministic.v1,8d9f57771b025ad2b6da9e578278aa6a,dcb4d63fc4e857e699c78d8e70e0dc58,limit_hopping_zero_chain6,chain6_hole_2,122,01322,0.0009765625
haxs.stage5c2gR32A.g1-deterministic.v1,8d9f57771b025ad2b6da9e578278aa6a,35a3a4e78e725069893f2a9b2f69b979,limit_hopping_zero_chain6,chain6_hole_2,123,01323,0.0009765625
haxs.stage5c2gR32A.g1-deterministic.v1,8d9f57771b025ad2b6da9e578278aa6a,e411cb14dd7d54d1a0e35d735b939221,limit_hopping_zero_chain6,chain6_hole_2,124,01330,0.0009765625
haxs.stage5c2gR32A.g1-deterministic.v1,8d9f57771b025ad2b6da9e578278aa6a,86c3f88519fb5f19942e9d33cc2abf9b,limit_hopping_zero_chain6,chain6_hole_2,125,01331,0.0009765625
haxs.stage5c2gR32A.g1-deterministic.v1,8d9f57771b025ad2b6da9e578278aa6a,c6cab2a8259a5abbb98ee2e2c20a4712,limit_hopping_zero_chain6,chain6_hole_2,126,01332,0.0009765625
haxs.stage5c2gR32A.g1-deterministic.v1,8d9f57771b025ad2b6da9e578278aa6a,c3a6c6b3b1c4591a8830091d0d248423,limit_hopping_zero_chain6,chain6_hole_2,127,01333,0.0009765625
haxs.stage5c2gR32A.g1-deterministic.v1,8d9f57771b025ad2b6da9e578278aa6a,8a007f73fa4855e38dbd80e9e14a118e,limit_hopping_zero_chain6,chain6_hole_2,128,02000,0.0009765625
haxs.stage5c2gR32A.g1-deterministic.v1,8d9f57771b025ad2b6da9e578278aa6a,c6475d3e179e50658d8b3e3a36f4695c,limit_hopping_zero_chain6,chain6_hole_2,129,02001,0.0009765625
haxs.stage5c2gR32A.g1-deterministic.v1,8d9f57771b025ad2b6da9e578278aa6a,97815c0265fc5224a52fdca0aa30b78c,limit_hopping_zero_chain6,chain6_hole_2,130,02002,0.0009765625
haxs.stage5c2gR32A.g1-deterministic.v1,8d9f57771b025ad2b6da9e578278aa6a,8dc9a63caf305387b3a71af6b1d1919e,limit_hopping_zero_chain6,chain6_hole_2,131,02003,0.0009765625
haxs.stage5c2gR32A.g1-deterministic.v1,8d9f57771b025ad2b6da9e578278aa6a,fa391198804856b59713163b8b53b69d,limit_hopping_zero_chain6,chain6_hole_2,132,02010,0.0009765625
haxs.stage5c2gR32A.g1-deterministic.v1,8d9f57771b025ad2b6da9e578278aa6a,b7138ecc712c5c2ab0422a44606a1439,limit_hopping_zero_chain6,chain6_hole_2,133,02011,0.0009765625
haxs.stage5c2gR32A.g1-deterministic.v1,8d9f57771b025ad2b6da9e578278aa6a,6f9e86083b3355fdb18279a010278b71,limit_hopping_zero_chain6,chain6_hole_2,134,02012,0.0009765625
haxs.stage5c2gR32A.g1-deterministic.v1,8d9f57771b025ad2b6da9e578278aa6a,5622af9d187558f195acfde185d8e294,limit_hopping_zero_chain6,chain6_hole_2,135,02013,0.0009765625
haxs.stage5c2gR32A.g1-deterministic.v1,8d9f57771b025ad2b6da9e578278aa6a,a3237b89e2465f44a7cd15e4fa45801e,limit_hopping_zero_chain6,chain6_hole_2,136,02020,0.0009765625
haxs.stage5c2gR32A.g1-deterministic.v1,8d9f57771b025ad2b6da9e578278aa6a,f667043e012b5201afc14614cd90159d,limit_hopping_zero_chain6,chain6_hole_2,137,02021,0.0009765625
haxs.stage5c2gR32A.g1-deterministic.v1,8d9f57771b025ad2b6da9e578278aa6a,a008d94b2ea65bbe95c264b76f8e9865,limit_hopping_zero_chain6,chain6_hole_2,138,02022,0.0009765625
haxs.stage5c2gR32A.g1-deterministic.v1,8d9f57771b025ad2b6da9e578278aa6a,1a5fca01cdac53cdaae2455fc558aa0a,limit_hopping_zero_chain6,chain6_hole_2,139,02023,0.0009765625
haxs.stage5c2gR32A.g1-deterministic.v1,8d9f57771b025ad2b6da9e578278aa6a,3013b50807b45bac9c4b5f239bbff977,limit_hopping_zero_chain6,chain6_hole_2,140,02030,0.0009765625
haxs.stage5c2gR32A.g1-deterministic.v1,8d9f57771b025ad2b6da9e578278aa6a,9ce498b6e77f5afcab358c24491549d2,limit_hopping_zero_chain6,chain6_hole_2,141,02031,0.0009765625
haxs.stage5c2gR32A.g1-deterministic.v1,8d9f57771b025ad2b6da9e578278aa6a,fe8fba4970c55f24a089c3e8ae925123,limit_hopping_zero_chain6,chain6_hole_2,142,02032,0.0009765625
haxs.stage5c2gR32A.g1-deterministic.v1,8d9f57771b025ad2b6da9e578278aa6a,846ca3dcca415c69a9e150ab50cc8ec9,limit_hopping_zero_chain6,chain6_hole_2,143,02033,0.0009765625
haxs.stage5c2gR32A.g1-deterministic.v1,8d9f57771b025ad2b6da9e578278aa6a,49e797f5c0c859d38a2035686317dca3,limit_hopping_zero_chain6,chain6_hole_2,144,02100,0.0009765625
haxs.stage5c2gR32A.g1-deterministic.v1,8d9f57771b025ad2b6da9e578278aa6a,3f9185b69c5357429e7f3548727a94ef,limit_hopping_zero_chain6,chain6_hole_2,145,02101,0.0009765625
haxs.stage5c2gR32A.g1-deterministic.v1,8d9f57771b025ad2b6da9e578278aa6a,fc663deb76815c85b3c9ee7d5f6fae9d,limit_hopping_zero_chain6,chain6_hole_2,146,02102,0.0009765625
haxs.stage5c2gR32A.g1-deterministic.v1,8d9f57771b025ad2b6da9e578278aa6a,a2e3b51efa605e17a950be53a457db24,limit_hopping_zero_chain6,chain6_hole_2,147,02103,0.0009765625
haxs.stage5c2gR32A.g1-deterministic.v1,8d9f57771b025ad2b6da9e578278aa6a,f78bfdbda97c598ba662d89de336c6aa,limit_hopping_zero_chain6,chain6_hole_2,148,02110,0.0009765625
haxs.stage5c2gR32A.g1-deterministic.v1,8d9f57771b025ad2b6da9e578278aa6a,f9a5e0164bf95bada0842de4de7d32f4,limit_hopping_zero_chain6,chain6_hole_2,149,02111,0.0009765625
haxs.stage5c2gR32A.g1-deterministic.v1,8d9f57771b025ad2b6da9e578278aa6a,889d1f739bee582c9fab2a4455a32e9c,limit_hopping_zero_chain6,chain6_hole_2,150,02112,0.0009765625
haxs.stage5c2gR32A.g1-deterministic.v1,8d9f57771b025ad2b6da9e578278aa6a,c88c172e75235f6d81e6d6d683d6251d,limit_hopping_zero_chain6,chain6_hole_2,151,02113,0.0009765625
haxs.stage5c2gR32A.g1-deterministic.v1,8d9f57771b025ad2b6da9e578278aa6a,c110711b7b5053479d82e5a6411d345c,limit_hopping_zero_chain6,chain6_hole_2,152,02120,0.0009765625
haxs.stage5c2gR32A.g1-deterministic.v1,8d9f57771b025ad2b6da9e578278aa6a,7ad049e4a12659cf9e7429a8abb9c6ad,limit_hopping_zero_chain6,chain6_hole_2,153,02121,0.0009765625
haxs.stage5c2gR32A.g1-deterministic.v1,8d9f57771b025ad2b6da9e578278aa6a,dc534db2e2025d99ab221e212adb5b35,limit_hopping_zero_chain6,chain6_hole_2,154,02122,0.0009765625
haxs.stage5c2gR32A.g1-deterministic.v1,8d9f57771b025ad2b6da9e578278aa6a,0433e39357f254e2bd8a1ff54fb08665,limit_hopping_zero_chain6,chain6_hole_2,155,02123,0.0009765625
haxs.stage5c2gR32A.g1-deterministic.v1,8d9f57771b025ad2b6da9e578278aa6a,dc228c02576e5611abe397c4474ff82a,limit_hopping_zero_chain6,chain6_hole_2,156,02130,0.0009765625
haxs.stage5c2gR32A.g1-deterministic.v1,8d9f57771b025ad2b6da9e578278aa6a,0fa2fdc24573548da13dfa5f9f982d78,limit_hopping_zero_chain6,chain6_hole_2,157,02131,0.0009765625
haxs.stage5c2gR32A.g1-deterministic.v1,8d9f57771b025ad2b6da9e578278aa6a,599430ec6b48508ba00fbeb60c628d01,limit_hopping_zero_chain6,chain6_hole_2,158,02132,0.0009765625
haxs.stage5c2gR32A.g1-deterministic.v1,8d9f57771b025ad2b6da9e578278aa6a,0f94e0a688885917989e17c2b9ad3285,limit_hopping_zero_chain6,chain6_hole_2,159,02133,0.0009765625
haxs.stage5c2gR32A.g1-deterministic.v1,8d9f57771b025ad2b6da9e578278aa6a,035a05fc8c295369919a64baa2ad879e,limit_hopping_zero_chain6,chain6_hole_2,160,02200,0.0009765625
haxs.stage5c2gR32A.g1-deterministic.v1,8d9f57771b025ad2b6da9e578278aa6a,c604050c9fa853ab8c694aff8903a7f4,limit_hopping_zero_chain6,chain6_hole_2,161,02201,0.0009765625
haxs.stage5c2gR32A.g1-deterministic.v1,8d9f57771b025ad2b6da9e578278aa6a,9304eb6dda4f5a3fb3ec9b23286ef7cb,limit_hopping_zero_chain6,chain6_hole_2,162,02202,0.0009765625
haxs.stage5c2gR32A.g1-deterministic.v1,8d9f57771b025ad2b6da9e578278aa6a,e72a6db91e4a520b9e8b81343ccae860,limit_hopping_zero_chain6,chain6_hole_2,163,02203,0.0009765625
haxs.stage5c2gR32A.g1-deterministic.v1,8d9f57771b025ad2b6da9e578278aa6a,692ec03bdab55ab0ab76ecc1219ffa2d,limit_hopping_zero_chain6,chain6_hole_2,164,02210,0.0009765625
haxs.stage5c2gR32A.g1-deterministic.v1,8d9f57771b025ad2b6da9e578278aa6a,d5ead5c3cf465d2cb6831dffbb4fc02a,limit_hopping_zero_chain6,chain6_hole_2,165,02211,0.0009765625
haxs.stage5c2gR32A.g1-deterministic.v1,8d9f57771b025ad2b6da9e578278aa6a,bad86d757dc758d6b606873cf0b8d1f2,limit_hopping_zero_chain6,chain6_hole_2,166,02212,0.0009765625
haxs.stage5c2gR32A.g1-deterministic.v1,8d9f57771b025ad2b6da9e578278aa6a,4dc6c2121d2c536da3b1c7477fcb2e9b,limit_hopping_zero_chain6,chain6_hole_2,167,02213,0.0009765625
haxs.stage5c2gR32A.g1-deterministic.v1,8d9f57771b025ad2b6da9e578278aa6a,80f3c99412ba58ac966a2b886bc2cf2d,limit_hopping_zero_chain6,chain6_hole_2,168,02220,0.0009765625
haxs.stage5c2gR32A.g1-deterministic.v1,8d9f57771b025ad2b6da9e578278aa6a,fda561052c2256e89a966c631ad14b17,limit_hopping_zero_chain6,chain6_hole_2,169,02221,0.0009765625
haxs.stage5c2gR32A.g1-deterministic.v1,8d9f57771b025ad2b6da9e578278aa6a,326384c6f96a5654a043d040322f2a7b,limit_hopping_zero_chain6,chain6_hole_2,170,02222,0.0009765625
haxs.stage5c2gR32A.g1-deterministic.v1,8d9f57771b025ad2b6da9e578278aa6a,6f9b8a21b7be59b0a5a6cd5219f17f41,limit_hopping_zero_chain6,chain6_hole_2,171,02223,0.0009765625
haxs.stage5c2gR32A.g1-deterministic.v1,8d9f57771b025ad2b6da9e578278aa6a,a4d49825b01e5771aa5fc8438549fc76,limit_hopping_zero_chain6,chain6_hole_2,172,02230,0.0009765625
haxs.stage5c2gR32A.g1-deterministic.v1,8d9f57771b025ad2b6da9e578278aa6a,ab264c6145be5e1ab117c7fb2301cc16,limit_hopping_zero_chain6,chain6_hole_2,173,02231,0.0009765625
haxs.stage5c2gR32A.g1-deterministic.v1,8d9f57771b025ad2b6da9e578278aa6a,111c5f2d27955410908224621fe59da2,limit_hopping_zero_chain6,chain6_hole_2,174,02232,0.0009765625
haxs.stage5c2gR32A.g1-deterministic.v1,8d9f57771b025ad2b6da9e578278aa6a,c3704be5ca255a6eb3fc4af21d7bff5b,limit_hopping_zero_chain6,chain6_hole_2,175,02233,0.0009765625
haxs.stage5c2gR32A.g1-deterministic.v1,8d9f57771b025ad2b6da9e578278aa6a,23995b02c73a5ff1967813c1b27e9ad1,limit_hopping_zero_chain6,chain6_hole_2,176,02300,0.0009765625
haxs.stage5c2gR32A.g1-deterministic.v1,8d9f57771b025ad2b6da9e578278aa6a,f414f2bbc29357a3a6a4b9769a1522e5,limit_hopping_zero_chain6,chain6_hole_2,177,02301,0.0009765625
haxs.stage5c2gR32A.g1-deterministic.v1,8d9f57771b025ad2b6da9e578278aa6a,c33fbe82dca15fa3925b0cf764c5f917,limit_hopping_zero_chain6,chain6_hole_2,178,02302,0.0009765625
haxs.stage5c2gR32A.g1-deterministic.v1,8d9f57771b025ad2b6da9e578278aa6a,cad1321b9dc15d12a8f8a515b3498b7d,limit_hopping_zero_chain6,chain6_hole_2,179,02303,0.0009765625
haxs.stage5c2gR32A.g1-deterministic.v1,8d9f57771b025ad2b6da9e578278aa6a,7527d9c241125fe4a10b25173b2d3ba8,limit_hopping_zero_chain6,chain6_hole_2,180,02310,0.0009765625
haxs.stage5c2gR32A.g1-deterministic.v1,8d9f57771b025ad2b6da9e578278aa6a,27aae2b0f83c500e8082129b8d17524d,limit_hopping_zero_chain6,chain6_hole_2,181,02311,0.0009765625
haxs.stage5c2gR32A.g1-deterministic.v1,8d9f57771b025ad2b6da9e578278aa6a,5fde132d39ab5fae910aca5f83c8075d,limit_hopping_zero_chain6,chain6_hole_2,182,02312,0.0009765625
haxs.stage5c2gR32A.g1-deterministic.v1,8d9f57771b025ad2b6da9e578278aa6a,3eb30586453e54c78a6c70d1369bf4ef,limit_hopping_zero_chain6,chain6_hole_2,183,02313,0.0009765625
haxs.stage5c2gR32A.g1-deterministic.v1,8d9f57771b025ad2b6da9e578278aa6a,85acfa6492ce5a9facc5523ed59f1aa4,limit_hopping_zero_chain6,chain6_hole_2,184,02320,0.0009765625
haxs.stage5c2gR32A.g1-deterministic.v1,8d9f57771b025ad2b6da9e578278aa6a,94f95d992e20516c86472ea9e86353c7,limit_hopping_zero_chain6,chain6_hole_2,185,02321,0.0009765625
haxs.stage5c2gR32A.g1-deterministic.v1,8d9f57771b025ad2b6da9e578278aa6a,eb8b412bb74659a4a777b8bc0b05d050,limit_hopping_zero_chain6,chain6_hole_2,186,02322,0.0009765625
haxs.stage5c2gR32A.g1-deterministic.v1,8d9f57771b025ad2b6da9e578278aa6a,5ec5bb19c4af5850993fe92e8a7d7cb6,limit_hopping_zero_chain6,chain6_hole_2,187,02323,0.0009765625
haxs.stage5c2gR32A.g1-deterministic.v1,8d9f57771b025ad2b6da9e578278aa6a,f33ec51b092a542186066773fd852aa9,limit_hopping_zero_chain6,chain6_hole_2,188,02330,0.0009765625
haxs.stage5c2gR32A.g1-deterministic.v1,8d9f57771b025ad2b6da9e578278aa6a,46a9159590d952e592ebceb96258ab13,limit_hopping_zero_chain6,chain6_hole_2,189,02331,0.0009765625
haxs.stage5c2gR32A.g1-deterministic.v1,8d9f57771b025ad2b6da9e578278aa6a,1746fa65f2da5ab1a02d68123901cc6c,limit_hopping_zero_chain6,chain6_hole_2,190,02332,0.0009765625
haxs.stage5c2gR32A.g1-deterministic.v1,8d9f57771b025ad2b6da9e578278aa6a,d1fc5a937d2f571790fe382a31fd1198,limit_hopping_zero_chain6,chain6_hole_2,191,02333,0.0009765625
haxs.stage5c2gR32A.g1-deterministic.v1,8d9f57771b025ad2b6da9e578278aa6a,bb390be804355b62a29e1c32e492b937,limit_hopping_zero_chain6,chain6_hole_2,192,03000,0.0009765625
haxs.stage5c2gR32A.g1-deterministic.v1,8d9f57771b025ad2b6da9e578278aa6a,87aaf440f526500296ca8adaa47dcb75,limit_hopping_zero_chain6,chain6_hole_2,193,03001,0.0009765625
haxs.stage5c2gR32A.g1-deterministic.v1,8d9f57771b025ad2b6da9e578278aa6a,6ab8f9bab18d533bb0b320278ebe6a2c,limit_hopping_zero_chain6,chain6_hole_2,194,03002,0.0009765625
haxs.stage5c2gR32A.g1-deterministic.v1,8d9f57771b025ad2b6da9e578278aa6a,1a5b0fb497665376a0a202a15d347fd8,limit_hopping_zero_chain6,chain6_hole_2,195,03003,0.0009765625
haxs.stage5c2gR32A.g1-deterministic.v1,8d9f57771b025ad2b6da9e578278aa6a,3e08048b55385e8e93ea5c1d70303849,limit_hopping_zero_chain6,chain6_hole_2,196,03010,0.0009765625
haxs.stage5c2gR32A.g1-deterministic.v1,8d9f57771b025ad2b6da9e578278aa6a,ffa3dea2cebb5644a78f09c2ad082f8b,limit_hopping_zero_chain6,chain6_hole_2,197,03011,0.0009765625
haxs.stage5c2gR32A.g1-deterministic.v1,8d9f57771b025ad2b6da9e578278aa6a,5426933a76d55ae8a4e37f58286e450e,limit_hopping_zero_chain6,chain6_hole_2,198,03012,0.0009765625
haxs.stage5c2gR32A.g1-deterministic.v1,8d9f57771b025ad2b6da9e578278aa6a,29a8146b6d40596ebc66005a4dd77729,limit_hopping_zero_chain6,chain6_hole_2,199,03013,0.0009765625
haxs.stage5c2gR32A.g1-deterministic.v1,8d9f57771b025ad2b6da9e578278aa6a,5a6be7ca2b285114bf202f642d56d031,limit_hopping_zero_chain6,chain6_hole_2,200,03020,0.0009765625
haxs.stage5c2gR32A.g1-deterministic.v1,8d9f57771b025ad2b6da9e578278aa6a,c95876a1965550f2a54f065e13db3ac0,limit_hopping_zero_chain6,chain6_hole_2,201,03021,0.0009765625
haxs.stage5c2gR32A.g1-deterministic.v1,8d9f57771b025ad2b6da9e578278aa6a,e532ed31cc3d5239b5edf98fe36758a9,limit_hopping_zero_chain6,chain6_hole_2,202,03022,0.0009765625
haxs.stage5c2gR32A.g1-deterministic.v1,8d9f57771b025ad2b6da9e578278aa6a,14676fd1839057f4a0c067be334828a6,limit_hopping_zero_chain6,chain6_hole_2,203,03023,0.0009765625
haxs.stage5c2gR32A.g1-deterministic.v1,8d9f57771b025ad2b6da9e578278aa6a,fc48bc5da7cd58478e14876c60d5b620,limit_hopping_zero_chain6,chain6_hole_2,204,03030,0.0009765625
haxs.stage5c2gR32A.g1-deterministic.v1,8d9f57771b025ad2b6da9e578278aa6a,32df812b0d185875945d2bd4fa4480b0,limit_hopping_zero_chain6,chain6_hole_2,205,03031,0.0009765625
haxs.stage5c2gR32A.g1-deterministic.v1,8d9f57771b025ad2b6da9e578278aa6a,d0ebb02004855d8698b9c6d32fbc22fa,limit_hopping_zero_chain6,chain6_hole_2,206,03032,0.0009765625
haxs.stage5c2gR32A.g1-deterministic.v1,8d9f57771b025ad2b6da9e578278aa6a,228ca68fb303585daec8ec258a8945d8,limit_hopping_zero_chain6,chain6_hole_2,207,03033,0.0009765625
haxs.stage5c2gR32A.g1-deterministic.v1,8d9f57771b025ad2b6da9e578278aa6a,f7badbd815c25cdb97988de0d92262d7,limit_hopping_zero_chain6,chain6_hole_2,208,03100,0.0009765625
haxs.stage5c2gR32A.g1-deterministic.v1,8d9f57771b025ad2b6da9e578278aa6a,2682c95755a55bf28ecacc9abed2fba5,limit_hopping_zero_chain6,chain6_hole_2,209,03101,0.0009765625
haxs.stage5c2gR32A.g1-deterministic.v1,8d9f57771b025ad2b6da9e578278aa6a,3264997bcd555bce96961b8ae8c6608b,limit_hopping_zero_chain6,chain6_hole_2,210,03102,0.0009765625
haxs.stage5c2gR32A.g1-deterministic.v1,8d9f57771b025ad2b6da9e578278aa6a,086bf625d31d50ecaa70833aa63b2489,limit_hopping_zero_chain6,chain6_hole_2,211,03103,0.0009765625
haxs.stage5c2gR32A.g1-deterministic.v1,8d9f57771b025ad2b6da9e578278aa6a,833589745dba5776b4ca38d5f8bc34e9,limit_hopping_zero_chain6,chain6_hole_2,212,03110,0.0009765625
haxs.stage5c2gR32A.g1-deterministic.v1,8d9f57771b025ad2b6da9e578278aa6a,707a02d3697a5a85890f35313638cc2a,limit_hopping_zero_chain6,chain6_hole_2,213,03111,0.0009765625
haxs.stage5c2gR32A.g1-deterministic.v1,8d9f57771b025ad2b6da9e578278aa6a,0a6aa4d1207e5d34b241eb837704be41,limit_hopping_zero_chain6,chain6_hole_2,214,03112,0.0009765625
haxs.stage5c2gR32A.g1-deterministic.v1,8d9f57771b025ad2b6da9e578278aa6a,96d89250da735a73aed647033eb6b2e3,limit_hopping_zero_chain6,chain6_hole_2,215,03113,0.0009765625
haxs.stage5c2gR32A.g1-deterministic.v1,8d9f57771b025ad2b6da9e578278aa6a,8f858eba2154560e8d88694caf524d12,limit_hopping_zero_chain6,chain6_hole_2,216,03120,0.0009765625
haxs.stage5c2gR32A.g1-deterministic.v1,8d9f57771b025ad2b6da9e578278aa6a,40131d3b33f354b1af0bb7a63afaefd9,limit_hopping_zero_chain6,chain6_hole_2,217,03121,0.0009765625
haxs.stage5c2gR32A.g1-deterministic.v1,8d9f57771b025ad2b6da9e578278aa6a,7624eaa201035f2598c7e6c8500e6431,limit_hopping_zero_chain6,chain6_hole_2,218,03122,0.0009765625
haxs.stage5c2gR32A.g1-deterministic.v1,8d9f57771b025ad2b6da9e578278aa6a,272759b580f15948ad1c10495810be77,limit_hopping_zero_chain6,chain6_hole_2,219,03123,0.0009765625
haxs.stage5c2gR32A.g1-deterministic.v1,8d9f57771b025ad2b6da9e578278aa6a,888df8447c6757539024c34f5f22ef11,limit_hopping_zero_chain6,chain6_hole_2,220,03130,0.0009765625
haxs.stage5c2gR32A.g1-deterministic.v1,8d9f57771b025ad2b6da9e578278aa6a,7672344135ac518c9434b51d9bdb5f9d,limit_hopping_zero_chain6,chain6_hole_2,221,03131,0.0009765625
haxs.stage5c2gR32A.g1-deterministic.v1,8d9f57771b025ad2b6da9e578278aa6a,55ade0a170ee515d83cf0c464ba771b0,limit_hopping_zero_chain6,chain6_hole_2,222,03132,0.0009765625
haxs.stage5c2gR32A.g1-deterministic.v1,8d9f57771b025ad2b6da9e578278aa6a,3b408e11b6cb5602abf0f09ba922394d,limit_hopping_zero_chain6,chain6_hole_2,223,03133,0.0009765625
haxs.stage5c2gR32A.g1-deterministic.v1,8d9f57771b025ad2b6da9e578278aa6a,1ccfe73220d75de5b6ee64c3032236a9,limit_hopping_zero_chain6,chain6_hole_2,224,03200,0.0009765625
haxs.stage5c2gR32A.g1-deterministic.v1,8d9f57771b025ad2b6da9e578278aa6a,11f3f5283e7b589ca8b318c1ac344223,limit_hopping_zero_chain6,chain6_hole_2,225,03201,0.0009765625
haxs.stage5c2gR32A.g1-deterministic.v1,8d9f57771b025ad2b6da9e578278aa6a,341bef6acf755075962b85f98c4930b8,limit_hopping_zero_chain6,chain6_hole_2,226,03202,0.0009765625
haxs.stage5c2gR32A.g1-deterministic.v1,8d9f57771b025ad2b6da9e578278aa6a,5a9f21dda4525ef195f4191574efb21b,limit_hopping_zero_chain6,chain6_hole_2,227,03203,0.0009765625
haxs.stage5c2gR32A.g1-deterministic.v1,8d9f57771b025ad2b6da9e578278aa6a,29828b8dd4255fe1b14e7f2ac6b8b958,limit_hopping_zero_chain6,chain6_hole_2,228,03210,0.0009765625
haxs.stage5c2gR32A.g1-deterministic.v1,8d9f57771b025ad2b6da9e578278aa6a,899fc9d6ee375310b7181a375d0cba12,limit_hopping_zero_chain6,chain6_hole_2,229,03211,0.0009765625
haxs.stage5c2gR32A.g1-deterministic.v1,8d9f57771b025ad2b6da9e578278aa6a,38c23acd674554d3a4fd9c5cfdde6cd8,limit_hopping_zero_chain6,chain6_hole_2,230,03212,0.0009765625
haxs.stage5c2gR32A.g1-deterministic.v1,8d9f57771b025ad2b6da9e578278aa6a,cc7685ee9ad15f5ba03452769e447844,limit_hopping_zero_chain6,chain6_hole_2,231,03213,0.0009765625
haxs.stage5c2gR32A.g1-deterministic.v1,8d9f57771b025ad2b6da9e578278aa6a,18b37e46d7825c2a8b913cf0f217dbfd,limit_hopping_zero_chain6,chain6_hole_2,232,03220,0.0009765625
haxs.stage5c2gR32A.g1-deterministic.v1,8d9f57771b025ad2b6da9e578278aa6a,4768f14ad66158159f6f624ea958700a,limit_hopping_zero_chain6,chain6_hole_2,233,03221,0.0009765625
haxs.stage5c2gR32A.g1-deterministic.v1,8d9f57771b025ad2b6da9e578278aa6a,ebe73463a7855822b26444c0a2fd61f4,limit_hopping_zero_chain6,chain6_hole_2,234,03222,0.0009765625
haxs.stage5c2gR32A.g1-deterministic.v1,8d9f57771b025ad2b6da9e578278aa6a,6d20ec7c3cfd5f339011eb28933fc5ee,limit_hopping_zero_chain6,chain6_hole_2,235,03223,0.0009765625
haxs.stage5c2gR32A.g1-deterministic.v1,8d9f57771b025ad2b6da9e578278aa6a,9dac285f5b115157b7074ba9b5e97309,limit_hopping_zero_chain6,chain6_hole_2,236,03230,0.0009765625
haxs.stage5c2gR32A.g1-deterministic.v1,8d9f57771b025ad2b6da9e578278aa6a,60dc34d0352a53d3a65c54a9e1a4a6b3,limit_hopping_zero_chain6,chain6_hole_2,237,03231,0.0009765625
haxs.stage5c2gR32A.g1-deterministic.v1,8d9f57771b025ad2b6da9e578278aa6a,b1215a1b515b5642a5e23a79bc73486d,limit_hopping_zero_chain6,chain6_hole_2,238,03232,0.0009765625
haxs.stage5c2gR32A.g1-deterministic.v1,8d9f57771b025ad2b6da9e578278aa6a,3bf9cba53fef53d68667a3a6eb9f8263,limit_hopping_zero_chain6,chain6_hole_2,239,03233,0.0009765625
haxs.stage5c2gR32A.g1-deterministic.v1,8d9f57771b025ad2b6da9e578278aa6a,ff0b0ecad3325263939f920cd88260d9,limit_hopping_zero_chain6,chain6_hole_2,240,03300,0.0009765625
haxs.stage5c2gR32A.g1-deterministic.v1,8d9f57771b025ad2b6da9e578278aa6a,c68b6b147f0552dfa66bca4d12f99229,limit_hopping_zero_chain6,chain6_hole_2,241,03301,0.0009765625
haxs.stage5c2gR32A.g1-deterministic.v1,8d9f57771b025ad2b6da9e578278aa6a,13d8a81d9f375af0b12c957b71d51663,limit_hopping_zero_chain6,chain6_hole_2,242,03302,0.0009765625
haxs.stage5c2gR32A.g1-deterministic.v1,8d9f57771b025ad2b6da9e578278aa6a,580f26d896365942b73e1e558ef04150,limit_hopping_zero_chain6,chain6_hole_2,243,03303,0.0009765625
haxs.stage5c2gR32A.g1-deterministic.v1,8d9f57771b025ad2b6da9e578278aa6a,472d06a6a2d055ad994ee4e8df2b5b9e,limit_hopping_zero_chain6,chain6_hole_2,244,03310,0.0009765625
haxs.stage5c2gR32A.g1-deterministic.v1,8d9f57771b025ad2b6da9e578278aa6a,6b3f00ca1c785fbeb894116c3c17cbb9,limit_hopping_zero_chain6,chain6_hole_2,245,03311,0.0009765625
haxs.stage5c2gR32A.g1-deterministic.v1,8d9f57771b025ad2b6da9e578278aa6a,16c88629129c50018ab6354cb2f5c44b,limit_hopping_zero_chain6,chain6_hole_2,246,03312,0.0009765625
haxs.stage5c2gR32A.g1-deterministic.v1,8d9f57771b025ad2b6da9e578278aa6a,4f856f82d2635782a38eeb0b79525706,limit_hopping_zero_chain6,chain6_hole_2,247,03313,0.0009765625
haxs.stage5c2gR32A.g1-deterministic.v1,8d9f57771b025ad2b6da9e578278aa6a,4fdfdf74c18a58f687ccbea0d6496377,limit_hopping_zero_chain6,chain6_hole_2,248,03320,0.0009765625
haxs.stage5c2gR32A.g1-deterministic.v1,8d9f57771b025ad2b6da9e578278aa6a,5eaa33d14cf8508d988b5f0211fad151,limit_hopping_zero_chain6,chain6_hole_2,249,03321,0.0009765625
haxs.stage5c2gR32A.g1-deterministic.v1,8d9f57771b025ad2b6da9e578278aa6a,639caa677d095030a79f40aacb6cb31e,limit_hopping_zero_chain6,chain6_hole_2,250,03322,0.0009765625
haxs.stage5c2gR32A.g1-deterministic.v1,8d9f57771b025ad2b6da9e578278aa6a,5aa622a75c355220a9bd2ff7058196e6,limit_hopping_zero_chain6,chain6_hole_2,251,03323,0.0009765625
haxs.stage5c2gR32A.g1-deterministic.v1,8d9f57771b025ad2b6da9e578278aa6a,8653396b1ce8570aa4f90dee6dad601e,limit_hopping_zero_chain6,chain6_hole_2,252,03330,0.0009765625
haxs.stage5c2gR32A.g1-deterministic.v1,8d9f57771b025ad2b6da9e578278aa6a,328c3fbc94215653979c8411620e2996,limit_hopping_zero_chain6,chain6_hole_2,253,03331,0.0009765625
haxs.stage5c2gR32A.g1-deterministic.v1,8d9f57771b025ad2b6da9e578278aa6a,2384cb40840b5eb99838d75ac4485745,limit_hopping_zero_chain6,chain6_hole_2,254,03332,0.0009765625
haxs.stage5c2gR32A.g1-deterministic.v1,8d9f57771b025ad2b6da9e578278aa6a,baf36dad9750547e973ac14f57143fa3,limit_hopping_zero_chain6,chain6_hole_2,255,03333,0.0009765625
haxs.stage5c2gR32A.g1-deterministic.v1,8d9f57771b025ad2b6da9e578278aa6a,4942c77dd1025001be6d156bac9148b2,limit_hopping_zero_chain6,chain6_hole_2,256,10000,0.0009765625
haxs.stage5c2gR32A.g1-deterministic.v1,8d9f57771b025ad2b6da9e578278aa6a,36ab4fc8ac3053c69ffa8abe6881a001,limit_hopping_zero_chain6,chain6_hole_2,257,10001,0.0009765625
haxs.stage5c2gR32A.g1-deterministic.v1,8d9f57771b025ad2b6da9e578278aa6a,69b2c6c39d1c5c4b9185295d4fc00330,limit_hopping_zero_chain6,chain6_hole_2,258,10002,0.0009765625
haxs.stage5c2gR32A.g1-deterministic.v1,8d9f57771b025ad2b6da9e578278aa6a,5aeb96feb29c51759fe1cb691c226995,limit_hopping_zero_chain6,chain6_hole_2,259,10003,0.0009765625
haxs.stage5c2gR32A.g1-deterministic.v1,8d9f57771b025ad2b6da9e578278aa6a,73c288d619c157cabae3f4a520c23b4f,limit_hopping_zero_chain6,chain6_hole_2,260,10010,0.0009765625
haxs.stage5c2gR32A.g1-deterministic.v1,8d9f57771b025ad2b6da9e578278aa6a,23df84e9737d5c6a98441cc2f0fc3f6b,limit_hopping_zero_chain6,chain6_hole_2,261,10011,0.0009765625
haxs.stage5c2gR32A.g1-deterministic.v1,8d9f57771b025ad2b6da9e578278aa6a,156c87a7fddf5a2c848c1e8c91226117,limit_hopping_zero_chain6,chain6_hole_2,262,10012,0.0009765625
haxs.stage5c2gR32A.g1-deterministic.v1,8d9f57771b025ad2b6da9e578278aa6a,a650104d5720533c9586adb5684bdcc4,limit_hopping_zero_chain6,chain6_hole_2,263,10013,0.0009765625
haxs.stage5c2gR32A.g1-deterministic.v1,8d9f57771b025ad2b6da9e578278aa6a,757bb3e975a9581c978719ffad4a6cc5,limit_hopping_zero_chain6,chain6_hole_2,264,10020,0.0009765625
haxs.stage5c2gR32A.g1-deterministic.v1,8d9f57771b025ad2b6da9e578278aa6a,4f6151567d5b58a3b6e6567d413fd94a,limit_hopping_zero_chain6,chain6_hole_2,265,10021,0.0009765625
haxs.stage5c2gR32A.g1-deterministic.v1,8d9f57771b025ad2b6da9e578278aa6a,e810d5af36cd5d0d83b9d0dcf437b2af,limit_hopping_zero_chain6,chain6_hole_2,266,10022,0.0009765625
haxs.stage5c2gR32A.g1-deterministic.v1,8d9f57771b025ad2b6da9e578278aa6a,fff21fefb6465e02b3172bf798afa138,limit_hopping_zero_chain6,chain6_hole_2,267,10023,0.0009765625
haxs.stage5c2gR32A.g1-deterministic.v1,8d9f57771b025ad2b6da9e578278aa6a,7bdd4205b0555becaec7e24c3d3a9acf,limit_hopping_zero_chain6,chain6_hole_2,268,10030,0.0009765625
haxs.stage5c2gR32A.g1-deterministic.v1,8d9f57771b025ad2b6da9e578278aa6a,3cbb5d6638de5c1185c2cf692464210d,limit_hopping_zero_chain6,chain6_hole_2,269,10031,0.0009765625
haxs.stage5c2gR32A.g1-deterministic.v1,8d9f57771b025ad2b6da9e578278aa6a,f0bdf66a3bf251688c5b8c1be3b6ee83,limit_hopping_zero_chain6,chain6_hole_2,270,10032,0.0009765625
haxs.stage5c2gR32A.g1-deterministic.v1,8d9f57771b025ad2b6da9e578278aa6a,9446ab925cc55c01a6bc1114d8709c61,limit_hopping_zero_chain6,chain6_hole_2,271,10033,0.0009765625
haxs.stage5c2gR32A.g1-deterministic.v1,8d9f57771b025ad2b6da9e578278aa6a,f1200dba38fb5620b5769341bc67fcad,limit_hopping_zero_chain6,chain6_hole_2,272,10100,0.0009765625
haxs.stage5c2gR32A.g1-deterministic.v1,8d9f57771b025ad2b6da9e578278aa6a,1800bafa1d11566e95250422780899af,limit_hopping_zero_chain6,chain6_hole_2,273,10101,0.0009765625
haxs.stage5c2gR32A.g1-deterministic.v1,8d9f57771b025ad2b6da9e578278aa6a,4aaa051d9ca553e4abe0c717c3173acb,limit_hopping_zero_chain6,chain6_hole_2,274,10102,0.0009765625
haxs.stage5c2gR32A.g1-deterministic.v1,8d9f57771b025ad2b6da9e578278aa6a,730e481b84755fd896a24244e7df4691,limit_hopping_zero_chain6,chain6_hole_2,275,10103,0.0009765625
haxs.stage5c2gR32A.g1-deterministic.v1,8d9f57771b025ad2b6da9e578278aa6a,2939b796168d5725a0033ea9f1823c9c,limit_hopping_zero_chain6,chain6_hole_2,276,10110,0.0009765625
haxs.stage5c2gR32A.g1-deterministic.v1,8d9f57771b025ad2b6da9e578278aa6a,e51cdfb88b7055ecb603b2bddb7a8734,limit_hopping_zero_chain6,chain6_hole_2,277,10111,0.0009765625
haxs.stage5c2gR32A.g1-deterministic.v1,8d9f57771b025ad2b6da9e578278aa6a,69d6110024e45098ad4c663dea36d9bb,limit_hopping_zero_chain6,chain6_hole_2,278,10112,0.0009765625
haxs.stage5c2gR32A.g1-deterministic.v1,8d9f57771b025ad2b6da9e578278aa6a,41db37172ce65b1382d62314db8eebae,limit_hopping_zero_chain6,chain6_hole_2,279,10113,0.0009765625
haxs.stage5c2gR32A.g1-deterministic.v1,8d9f57771b025ad2b6da9e578278aa6a,a092fcfbb5865469a8d8e0c4fb6b7553,limit_hopping_zero_chain6,chain6_hole_2,280,10120,0.0009765625
haxs.stage5c2gR32A.g1-deterministic.v1,8d9f57771b025ad2b6da9e578278aa6a,58afd9d69f765ec198e9219fef8b5d0d,limit_hopping_zero_chain6,chain6_hole_2,281,10121,0.0009765625
haxs.stage5c2gR32A.g1-deterministic.v1,8d9f57771b025ad2b6da9e578278aa6a,e4a6e886d6795591b76751ac61ca156c,limit_hopping_zero_chain6,chain6_hole_2,282,10122,0.0009765625
haxs.stage5c2gR32A.g1-deterministic.v1,8d9f57771b025ad2b6da9e578278aa6a,7f489315a4ef5fa883b858e6f23c2b22,limit_hopping_zero_chain6,chain6_hole_2,283,10123,0.0009765625
haxs.stage5c2gR32A.g1-deterministic.v1,8d9f57771b025ad2b6da9e578278aa6a,782a7e9d68795d728e63ee2fbc06f328,limit_hopping_zero_chain6,chain6_hole_2,284,10130,0.0009765625
haxs.stage5c2gR32A.g1-deterministic.v1,8d9f57771b025ad2b6da9e578278aa6a,8875f42e1fee5ff1b88ecfce43d95296,limit_hopping_zero_chain6,chain6_hole_2,285,10131,0.0009765625
haxs.stage5c2gR32A.g1-deterministic.v1,8d9f57771b025ad2b6da9e578278aa6a,47e0041140d154a2a2a21b69cc35a00a,limit_hopping_zero_chain6,chain6_hole_2,286,10132,0.0009765625
haxs.stage5c2gR32A.g1-deterministic.v1,8d9f57771b025ad2b6da9e578278aa6a,c2584db6f2aa590bb93bf96a1de8b8c6,limit_hopping_zero_chain6,chain6_hole_2,287,10133,0.0009765625
haxs.stage5c2gR32A.g1-deterministic.v1,8d9f57771b025ad2b6da9e578278aa6a,5867525666a65ee4b29a37fa0e59b3c7,limit_hopping_zero_chain6,chain6_hole_2,288,10200,0.0009765625
haxs.stage5c2gR32A.g1-deterministic.v1,8d9f57771b025ad2b6da9e578278aa6a,c710e14fc2575fd893af4c79f2ceef38,limit_hopping_zero_chain6,chain6_hole_2,289,10201,0.0009765625
haxs.stage5c2gR32A.g1-deterministic.v1,8d9f57771b025ad2b6da9e578278aa6a,2d96483417fa58d486cd76f60669c7d1,limit_hopping_zero_chain6,chain6_hole_2,290,10202,0.0009765625
haxs.stage5c2gR32A.g1-deterministic.v1,8d9f57771b025ad2b6da9e578278aa6a,e45cdeb4a5bb5f9da8f6eebd42058533,limit_hopping_zero_chain6,chain6_hole_2,291,10203,0.0009765625
haxs.stage5c2gR32A.g1-deterministic.v1,8d9f57771b025ad2b6da9e578278aa6a,34f9891a8d805ac4ba72d158d7b515ac,limit_hopping_zero_chain6,chain6_hole_2,292,10210,0.0009765625
haxs.stage5c2gR32A.g1-deterministic.v1,8d9f57771b025ad2b6da9e578278aa6a,e77bbaf265c851d4878f3b0892b4ff26,limit_hopping_zero_chain6,chain6_hole_2,293,10211,0.0009765625
haxs.stage5c2gR32A.g1-deterministic.v1,8d9f57771b025ad2b6da9e578278aa6a,4fee0875e9b653709e2e82e8ef31b3f4,limit_hopping_zero_chain6,chain6_hole_2,294,10212,0.0009765625
haxs.stage5c2gR32A.g1-deterministic.v1,8d9f57771b025ad2b6da9e578278aa6a,211fb75909835ac4882e5fa0a6642bea,limit_hopping_zero_chain6,chain6_hole_2,295,10213,0.0009765625
haxs.stage5c2gR32A.g1-deterministic.v1,8d9f57771b025ad2b6da9e578278aa6a,e1e326c265b75c19bd7fc7d229bd8ac6,limit_hopping_zero_chain6,chain6_hole_2,296,10220,0.0009765625
haxs.stage5c2gR32A.g1-deterministic.v1,8d9f57771b025ad2b6da9e578278aa6a,491d4ff4a2de57688a4dcbbf54304ae3,limit_hopping_zero_chain6,chain6_hole_2,297,10221,0.0009765625
haxs.stage5c2gR32A.g1-deterministic.v1,8d9f57771b025ad2b6da9e578278aa6a,abffe886d5725cfeaebcfea3809c1af6,limit_hopping_zero_chain6,chain6_hole_2,298,10222,0.0009765625
haxs.stage5c2gR32A.g1-deterministic.v1,8d9f57771b025ad2b6da9e578278aa6a,3f445fd55f1a5aa5af375de9ee0d8aee,limit_hopping_zero_chain6,chain6_hole_2,299,10223,0.0009765625
haxs.stage5c2gR32A.g1-deterministic.v1,8d9f57771b025ad2b6da9e578278aa6a,d64689a3eb5c569887412c9d736771ac,limit_hopping_zero_chain6,chain6_hole_2,300,10230,0.0009765625
haxs.stage5c2gR32A.g1-deterministic.v1,8d9f57771b025ad2b6da9e578278aa6a,1b220ec0be8254b796c049be437b7acc,limit_hopping_zero_chain6,chain6_hole_2,301,10231,0.0009765625
haxs.stage5c2gR32A.g1-deterministic.v1,8d9f57771b025ad2b6da9e578278aa6a,721c2de376a454e8a389f17b49d1bd55,limit_hopping_zero_chain6,chain6_hole_2,302,10232,0.0009765625
haxs.stage5c2gR32A.g1-deterministic.v1,8d9f57771b025ad2b6da9e578278aa6a,e05b1a71746753d8b5436cbf0eec737c,limit_hopping_zero_chain6,chain6_hole_2,303,10233,0.0009765625
haxs.stage5c2gR32A.g1-deterministic.v1,8d9f57771b025ad2b6da9e578278aa6a,6a2f3cb00adc5b18924dac5fa727bb87,limit_hopping_zero_chain6,chain6_hole_2,304,10300,0.0009765625
haxs.stage5c2gR32A.g1-deterministic.v1,8d9f57771b025ad2b6da9e578278aa6a,49326506628651f9a3fd37280fce4bfd,limit_hopping_zero_chain6,chain6_hole_2,305,10301,0.0009765625
haxs.stage5c2gR32A.g1-deterministic.v1,8d9f57771b025ad2b6da9e578278aa6a,4fa9f1dce5615cf3bab97e668c3fc53a,limit_hopping_zero_chain6,chain6_hole_2,306,10302,0.0009765625
haxs.stage5c2gR32A.g1-deterministic.v1,8d9f57771b025ad2b6da9e578278aa6a,4e3f153a2ff1546a9a1277d77f40a421,limit_hopping_zero_chain6,chain6_hole_2,307,10303,0.0009765625
haxs.stage5c2gR32A.g1-deterministic.v1,8d9f57771b025ad2b6da9e578278aa6a,668abaa8a3da5d3ba29ef9a1c48ce1ac,limit_hopping_zero_chain6,chain6_hole_2,308,10310,0.0009765625
haxs.stage5c2gR32A.g1-deterministic.v1,8d9f57771b025ad2b6da9e578278aa6a,ef8e5228dbac5eb2a8cfffb1e927f490,limit_hopping_zero_chain6,chain6_hole_2,309,10311,0.0009765625
haxs.stage5c2gR32A.g1-deterministic.v1,8d9f57771b025ad2b6da9e578278aa6a,68b2d11bd39458d4b3b9c411b70fe107,limit_hopping_zero_chain6,chain6_hole_2,310,10312,0.0009765625
haxs.stage5c2gR32A.g1-deterministic.v1,8d9f57771b025ad2b6da9e578278aa6a,3b7946aa12815943921cb0b8dd8ad0b2,limit_hopping_zero_chain6,chain6_hole_2,311,10313,0.0009765625
haxs.stage5c2gR32A.g1-deterministic.v1,8d9f57771b025ad2b6da9e578278aa6a,5acda35203f656f7b01a09054f565719,limit_hopping_zero_chain6,chain6_hole_2,312,10320,0.0009765625
haxs.stage5c2gR32A.g1-deterministic.v1,8d9f57771b025ad2b6da9e578278aa6a,31e3ad976ab25d6aa09d3b6210c1d8e2,limit_hopping_zero_chain6,chain6_hole_2,313,10321,0.0009765625
haxs.stage5c2gR32A.g1-deterministic.v1,8d9f57771b025ad2b6da9e578278aa6a,c029a6160cd3581e928a0b0d8510eb0c,limit_hopping_zero_chain6,chain6_hole_2,314,10322,0.0009765625
haxs.stage5c2gR32A.g1-deterministic.v1,8d9f57771b025ad2b6da9e578278aa6a,0cd59979e9a85190a4b60abfca2fb8a9,limit_hopping_zero_chain6,chain6_hole_2,315,10323,0.0009765625
haxs.stage5c2gR32A.g1-deterministic.v1,8d9f57771b025ad2b6da9e578278aa6a,fbe1b47c9606591bbc462ea1fef8fc8f,limit_hopping_zero_chain6,chain6_hole_2,316,10330,0.0009765625
haxs.stage5c2gR32A.g1-deterministic.v1,8d9f57771b025ad2b6da9e578278aa6a,2fc12ae77e04532ab3d00a9ffeea096f,limit_hopping_zero_chain6,chain6_hole_2,317,10331,0.0009765625
haxs.stage5c2gR32A.g1-deterministic.v1,8d9f57771b025ad2b6da9e578278aa6a,274c856243b554dbb391ad191e53c573,limit_hopping_zero_chain6,chain6_hole_2,318,10332,0.0009765625
haxs.stage5c2gR32A.g1-deterministic.v1,8d9f57771b025ad2b6da9e578278aa6a,28d6c3b780aa5997bdae135ac1587116,limit_hopping_zero_chain6,chain6_hole_2,319,10333,0.0009765625
haxs.stage5c2gR32A.g1-deterministic.v1,8d9f57771b025ad2b6da9e578278aa6a,738ecdd3594454bab24a1a5783d91ec1,limit_hopping_zero_chain6,chain6_hole_2,320,11000,0.0009765625
haxs.stage5c2gR32A.g1-deterministic.v1,8d9f57771b025ad2b6da9e578278aa6a,fb380a6252dc5755838806ffbd030700,limit_hopping_zero_chain6,chain6_hole_2,321,11001,0.0009765625
haxs.stage5c2gR32A.g1-deterministic.v1,8d9f57771b025ad2b6da9e578278aa6a,3761785fee265d62b4b8edf00bb3ce77,limit_hopping_zero_chain6,chain6_hole_2,322,11002,0.0009765625
haxs.stage5c2gR32A.g1-deterministic.v1,8d9f57771b025ad2b6da9e578278aa6a,4fad40801cfb519e9a902fb3a1070daf,limit_hopping_zero_chain6,chain6_hole_2,323,11003,0.0009765625
haxs.stage5c2gR32A.g1-deterministic.v1,8d9f57771b025ad2b6da9e578278aa6a,17c7146e815d59a395e30a07454cab72,limit_hopping_zero_chain6,chain6_hole_2,324,11010,0.0009765625
haxs.stage5c2gR32A.g1-deterministic.v1,8d9f57771b025ad2b6da9e578278aa6a,8e0bd1780e0f56b58aa1c0c0b5c93f67,limit_hopping_zero_chain6,chain6_hole_2,325,11011,0.0009765625
haxs.stage5c2gR32A.g1-deterministic.v1,8d9f57771b025ad2b6da9e578278aa6a,7acc07fcb54453ae8fe83c2b6ccddae7,limit_hopping_zero_chain6,chain6_hole_2,326,11012,0.0009765625
haxs.stage5c2gR32A.g1-deterministic.v1,8d9f57771b025ad2b6da9e578278aa6a,d096785f41215e72b75e2dd45c5ef8bc,limit_hopping_zero_chain6,chain6_hole_2,327,11013,0.0009765625
haxs.stage5c2gR32A.g1-deterministic.v1,8d9f57771b025ad2b6da9e578278aa6a,433c67fd691d546c84ebb8f9adda5290,limit_hopping_zero_chain6,chain6_hole_2,328,11020,0.0009765625
haxs.stage5c2gR32A.g1-deterministic.v1,8d9f57771b025ad2b6da9e578278aa6a,7ee48140d3a3584c8169fa9cdf519b3c,limit_hopping_zero_chain6,chain6_hole_2,329,11021,0.0009765625
haxs.stage5c2gR32A.g1-deterministic.v1,8d9f57771b025ad2b6da9e578278aa6a,e4959348f7455677a1c240b65e7b14cb,limit_hopping_zero_chain6,chain6_hole_2,330,11022,0.0009765625
haxs.stage5c2gR32A.g1-deterministic.v1,8d9f57771b025ad2b6da9e578278aa6a,3fbddfa725595eedb200e959a3024282,limit_hopping_zero_chain6,chain6_hole_2,331,11023,0.0009765625
haxs.stage5c2gR32A.g1-deterministic.v1,8d9f57771b025ad2b6da9e578278aa6a,c88bd8e803bf5d21b8f5cf16bad8d653,limit_hopping_zero_chain6,chain6_hole_2,332,11030,0.0009765625
haxs.stage5c2gR32A.g1-deterministic.v1,8d9f57771b025ad2b6da9e578278aa6a,07aec2f28c0c5fe886f3a19f62679a1e,limit_hopping_zero_chain6,chain6_hole_2,333,11031,0.0009765625
haxs.stage5c2gR32A.g1-deterministic.v1,8d9f57771b025ad2b6da9e578278aa6a,4bcdfa4e15785f8bb694ad2d02acb4c2,limit_hopping_zero_chain6,chain6_hole_2,334,11032,0.0009765625
haxs.stage5c2gR32A.g1-deterministic.v1,8d9f57771b025ad2b6da9e578278aa6a,7334080774585f9f8c2e65bb04b8fd6c,limit_hopping_zero_chain6,chain6_hole_2,335,11033,0.0009765625
haxs.stage5c2gR32A.g1-deterministic.v1,8d9f57771b025ad2b6da9e578278aa6a,cb9fadc05dc651668bd98e179eb0c421,limit_hopping_zero_chain6,chain6_hole_2,336,11100,0.0009765625
haxs.stage5c2gR32A.g1-deterministic.v1,8d9f57771b025ad2b6da9e578278aa6a,ed45b6c8064f5f399ffb7ddffc33c733,limit_hopping_zero_chain6,chain6_hole_2,337,11101,0.0009765625
haxs.stage5c2gR32A.g1-deterministic.v1,8d9f57771b025ad2b6da9e578278aa6a,3096703da60350dca2956543e6827a0b,limit_hopping_zero_chain6,chain6_hole_2,338,11102,0.0009765625
haxs.stage5c2gR32A.g1-deterministic.v1,8d9f57771b025ad2b6da9e578278aa6a,59820ea61a7f57698f9c1da9ad11c9a4,limit_hopping_zero_chain6,chain6_hole_2,339,11103,0.0009765625
haxs.stage5c2gR32A.g1-deterministic.v1,8d9f57771b025ad2b6da9e578278aa6a,f0112415b70e5137951591ef9f690676,limit_hopping_zero_chain6,chain6_hole_2,340,11110,0.0009765625
haxs.stage5c2gR32A.g1-deterministic.v1,8d9f57771b025ad2b6da9e578278aa6a,1bc40cadb0ee56d9ad05bf414c03a92b,limit_hopping_zero_chain6,chain6_hole_2,341,11111,0.0009765625
haxs.stage5c2gR32A.g1-deterministic.v1,8d9f57771b025ad2b6da9e578278aa6a,7a906f6af38957e6a7e537281e77679c,limit_hopping_zero_chain6,chain6_hole_2,342,11112,0.0009765625
haxs.stage5c2gR32A.g1-deterministic.v1,8d9f57771b025ad2b6da9e578278aa6a,1b3836bfce8b5854afc99be85c7d8a26,limit_hopping_zero_chain6,chain6_hole_2,343,11113,0.0009765625
haxs.stage5c2gR32A.g1-deterministic.v1,8d9f57771b025ad2b6da9e578278aa6a,a80f10d076cf544a95e2bca042f42ae7,limit_hopping_zero_chain6,chain6_hole_2,344,11120,0.0009765625
haxs.stage5c2gR32A.g1-deterministic.v1,8d9f57771b025ad2b6da9e578278aa6a,1ce4830bc5d05e16a4737dd3c484f222,limit_hopping_zero_chain6,chain6_hole_2,345,11121,0.0009765625
haxs.stage5c2gR32A.g1-deterministic.v1,8d9f57771b025ad2b6da9e578278aa6a,f6bd488b9c555c04a41356de0ebdd2b6,limit_hopping_zero_chain6,chain6_hole_2,346,11122,0.0009765625
haxs.stage5c2gR32A.g1-deterministic.v1,8d9f57771b025ad2b6da9e578278aa6a,4f6d6ee403bd5fdabdb34921482cf594,limit_hopping_zero_chain6,chain6_hole_2,347,11123,0.0009765625
haxs.stage5c2gR32A.g1-deterministic.v1,8d9f57771b025ad2b6da9e578278aa6a,49ab536657765798b8e02739075a4efe,limit_hopping_zero_chain6,chain6_hole_2,348,11130,0.0009765625
haxs.stage5c2gR32A.g1-deterministic.v1,8d9f57771b025ad2b6da9e578278aa6a,efa41bf6b6a35803b1192196e83e7a29,limit_hopping_zero_chain6,chain6_hole_2,349,11131,0.0009765625
haxs.stage5c2gR32A.g1-deterministic.v1,8d9f57771b025ad2b6da9e578278aa6a,ebd28895457e520eb5857c461208b73c,limit_hopping_zero_chain6,chain6_hole_2,350,11132,0.0009765625
haxs.stage5c2gR32A.g1-deterministic.v1,8d9f57771b025ad2b6da9e578278aa6a,66461d15081d5b539a787ed7d4df1206,limit_hopping_zero_chain6,chain6_hole_2,351,11133,0.0009765625
haxs.stage5c2gR32A.g1-deterministic.v1,8d9f57771b025ad2b6da9e578278aa6a,ad5dafd7effb517191d0263f8c9cf113,limit_hopping_zero_chain6,chain6_hole_2,352,11200,0.0009765625
haxs.stage5c2gR32A.g1-deterministic.v1,8d9f57771b025ad2b6da9e578278aa6a,3a33a8a1a34f59b69749c1f1aaeb689c,limit_hopping_zero_chain6,chain6_hole_2,353,11201,0.0009765625
haxs.stage5c2gR32A.g1-deterministic.v1,8d9f57771b025ad2b6da9e578278aa6a,6198593d217f597889b0a1eb9cf8ff56,limit_hopping_zero_chain6,chain6_hole_2,354,11202,0.0009765625
haxs.stage5c2gR32A.g1-deterministic.v1,8d9f57771b025ad2b6da9e578278aa6a,2819b4e96f365377ac286e0a70e0ae4a,limit_hopping_zero_chain6,chain6_hole_2,355,11203,0.0009765625
haxs.stage5c2gR32A.g1-deterministic.v1,8d9f57771b025ad2b6da9e578278aa6a,cd31c16e2ffc5b6aa849760c62ce4e1e,limit_hopping_zero_chain6,chain6_hole_2,356,11210,0.0009765625
haxs.stage5c2gR32A.g1-deterministic.v1,8d9f57771b025ad2b6da9e578278aa6a,fa17f33f35eb5909bf3e625488d127a1,limit_hopping_zero_chain6,chain6_hole_2,357,11211,0.0009765625
haxs.stage5c2gR32A.g1-deterministic.v1,8d9f57771b025ad2b6da9e578278aa6a,9301e37b5e285abea8737e7f9369024f,limit_hopping_zero_chain6,chain6_hole_2,358,11212,0.0009765625
haxs.stage5c2gR32A.g1-deterministic.v1,8d9f57771b025ad2b6da9e578278aa6a,91e6e9638df85abf94bcea07f3a673d2,limit_hopping_zero_chain6,chain6_hole_2,359,11213,0.0009765625
haxs.stage5c2gR32A.g1-deterministic.v1,8d9f57771b025ad2b6da9e578278aa6a,1fb8b6d4d4825745ba07427e3c7d4f27,limit_hopping_zero_chain6,chain6_hole_2,360,11220,0.0009765625
haxs.stage5c2gR32A.g1-deterministic.v1,8d9f57771b025ad2b6da9e578278aa6a,4546eb78aeb5588288fb8edff8f13c91,limit_hopping_zero_chain6,chain6_hole_2,361,11221,0.0009765625
haxs.stage5c2gR32A.g1-deterministic.v1,8d9f57771b025ad2b6da9e578278aa6a,232cce276b795c729bd2a0b70fa2b323,limit_hopping_zero_chain6,chain6_hole_2,362,11222,0.0009765625
haxs.stage5c2gR32A.g1-deterministic.v1,8d9f57771b025ad2b6da9e578278aa6a,4f9caf690bfe55b3b226b225e5ccddf9,limit_hopping_zero_chain6,chain6_hole_2,363,11223,0.0009765625
haxs.stage5c2gR32A.g1-deterministic.v1,8d9f57771b025ad2b6da9e578278aa6a,ac8cda2501d25221801d882d72dd79fc,limit_hopping_zero_chain6,chain6_hole_2,364,11230,0.0009765625
haxs.stage5c2gR32A.g1-deterministic.v1,8d9f57771b025ad2b6da9e578278aa6a,29c971d6e6835966a3d77458fd71ed15,limit_hopping_zero_chain6,chain6_hole_2,365,11231,0.0009765625
haxs.stage5c2gR32A.g1-deterministic.v1,8d9f57771b025ad2b6da9e578278aa6a,90e2ca2c1320575bace09726ca17d5b8,limit_hopping_zero_chain6,chain6_hole_2,366,11232,0.0009765625
haxs.stage5c2gR32A.g1-deterministic.v1,8d9f57771b025ad2b6da9e578278aa6a,8fe54b8f3016580f8c35cdea9bc9a62d,limit_hopping_zero_chain6,chain6_hole_2,367,11233,0.0009765625
haxs.stage5c2gR32A.g1-deterministic.v1,8d9f57771b025ad2b6da9e578278aa6a,ad36eafd50755017920998a0d6ff46e8,limit_hopping_zero_chain6,chain6_hole_2,368,11300,0.0009765625
haxs.stage5c2gR32A.g1-deterministic.v1,8d9f57771b025ad2b6da9e578278aa6a,e37adfb6bf2e576bba4851de68aa4440,limit_hopping_zero_chain6,chain6_hole_2,369,11301,0.0009765625
haxs.stage5c2gR32A.g1-deterministic.v1,8d9f57771b025ad2b6da9e578278aa6a,95bcebc451be51b592627e449191b4b5,limit_hopping_zero_chain6,chain6_hole_2,370,11302,0.0009765625
haxs.stage5c2gR32A.g1-deterministic.v1,8d9f57771b025ad2b6da9e578278aa6a,8e5153af31fe5233b78d253c939a503a,limit_hopping_zero_chain6,chain6_hole_2,371,11303,0.0009765625
haxs.stage5c2gR32A.g1-deterministic.v1,8d9f57771b025ad2b6da9e578278aa6a,ded7c89d7a6c5ef0ac073f2963b16972,limit_hopping_zero_chain6,chain6_hole_2,372,11310,0.0009765625
haxs.stage5c2gR32A.g1-deterministic.v1,8d9f57771b025ad2b6da9e578278aa6a,cd93c37dcbe95d4285dfc4a3fd5ca0ae,limit_hopping_zero_chain6,chain6_hole_2,373,11311,0.0009765625
haxs.stage5c2gR32A.g1-deterministic.v1,8d9f57771b025ad2b6da9e578278aa6a,2563dd67b3765e199969239764567ab0,limit_hopping_zero_chain6,chain6_hole_2,374,11312,0.0009765625
haxs.stage5c2gR32A.g1-deterministic.v1,8d9f57771b025ad2b6da9e578278aa6a,f3ce85802ed459c2a051665a1b71e807,limit_hopping_zero_chain6,chain6_hole_2,375,11313,0.0009765625
haxs.stage5c2gR32A.g1-deterministic.v1,8d9f57771b025ad2b6da9e578278aa6a,785d14f793405cc5bc59de875fbd5258,limit_hopping_zero_chain6,chain6_hole_2,376,11320,0.0009765625
haxs.stage5c2gR32A.g1-deterministic.v1,8d9f57771b025ad2b6da9e578278aa6a,6a67c79359ef5bdaa90a7ffa9649ffaa,limit_hopping_zero_chain6,chain6_hole_2,377,11321,0.0009765625
haxs.stage5c2gR32A.g1-deterministic.v1,8d9f57771b025ad2b6da9e578278aa6a,eaf78e0eb32d530d814d24e0a52bcfe9,limit_hopping_zero_chain6,chain6_hole_2,378,11322,0.0009765625
haxs.stage5c2gR32A.g1-deterministic.v1,8d9f57771b025ad2b6da9e578278aa6a,56237ed6b83454b1a7aa8b723a31792e,limit_hopping_zero_chain6,chain6_hole_2,379,11323,0.0009765625
haxs.stage5c2gR32A.g1-deterministic.v1,8d9f57771b025ad2b6da9e578278aa6a,1c9b0c56d27d5245ad9beee0883cc08b,limit_hopping_zero_chain6,chain6_hole_2,380,11330,0.0009765625
haxs.stage5c2gR32A.g1-deterministic.v1,8d9f57771b025ad2b6da9e578278aa6a,fa3e82a7b76c51e3b693d6df9f3dd8c4,limit_hopping_zero_chain6,chain6_hole_2,381,11331,0.0009765625
haxs.stage5c2gR32A.g1-deterministic.v1,8d9f57771b025ad2b6da9e578278aa6a,a2e70a19729b5d8180c6a857704845b0,limit_hopping_zero_chain6,chain6_hole_2,382,11332,0.0009765625
haxs.stage5c2gR32A.g1-deterministic.v1,8d9f57771b025ad2b6da9e578278aa6a,f49e1770788e5a7d8d08820bc981fde7,limit_hopping_zero_chain6,chain6_hole_2,383,11333,0.0009765625
haxs.stage5c2gR32A.g1-deterministic.v1,8d9f57771b025ad2b6da9e578278aa6a,7ade5879b79154e38d48931de8a2a5d8,limit_hopping_zero_chain6,chain6_hole_2,384,12000,0.0009765625
haxs.stage5c2gR32A.g1-deterministic.v1,8d9f57771b025ad2b6da9e578278aa6a,1d856951575d54c2bc4c3ab8a8034cc4,limit_hopping_zero_chain6,chain6_hole_2,385,12001,0.0009765625
haxs.stage5c2gR32A.g1-deterministic.v1,8d9f57771b025ad2b6da9e578278aa6a,1e1798252adb5d50a5408d60ce10a254,limit_hopping_zero_chain6,chain6_hole_2,386,12002,0.0009765625
haxs.stage5c2gR32A.g1-deterministic.v1,8d9f57771b025ad2b6da9e578278aa6a,65adfb95b0e05fdeba75e564d33fe17e,limit_hopping_zero_chain6,chain6_hole_2,387,12003,0.0009765625
haxs.stage5c2gR32A.g1-deterministic.v1,8d9f57771b025ad2b6da9e578278aa6a,0541907ea4af554c882b066c5b0e257e,limit_hopping_zero_chain6,chain6_hole_2,388,12010,0.0009765625
haxs.stage5c2gR32A.g1-deterministic.v1,8d9f57771b025ad2b6da9e578278aa6a,aefdfc5e37d9517f9543d927de261cb9,limit_hopping_zero_chain6,chain6_hole_2,389,12011,0.0009765625
haxs.stage5c2gR32A.g1-deterministic.v1,8d9f57771b025ad2b6da9e578278aa6a,db1a9f2f1bf05e82974785f4d025e13d,limit_hopping_zero_chain6,chain6_hole_2,390,12012,0.0009765625
haxs.stage5c2gR32A.g1-deterministic.v1,8d9f57771b025ad2b6da9e578278aa6a,4f9fb37098a45960b9fe5391216f5335,limit_hopping_zero_chain6,chain6_hole_2,391,12013,0.0009765625
haxs.stage5c2gR32A.g1-deterministic.v1,8d9f57771b025ad2b6da9e578278aa6a,eb83bece9abe5e1f9c878ed36f2c4537,limit_hopping_zero_chain6,chain6_hole_2,392,12020,0.0009765625
haxs.stage5c2gR32A.g1-deterministic.v1,8d9f57771b025ad2b6da9e578278aa6a,b20d50cdd82656518b73d36800122dea,limit_hopping_zero_chain6,chain6_hole_2,393,12021,0.0009765625
haxs.stage5c2gR32A.g1-deterministic.v1,8d9f57771b025ad2b6da9e578278aa6a,067b364e90165c23b057690cd50c35d8,limit_hopping_zero_chain6,chain6_hole_2,394,12022,0.0009765625
haxs.stage5c2gR32A.g1-deterministic.v1,8d9f57771b025ad2b6da9e578278aa6a,e9ce0be0c14b5217bc8dbe814d2d5ec4,limit_hopping_zero_chain6,chain6_hole_2,395,12023,0.0009765625
haxs.stage5c2gR32A.g1-deterministic.v1,8d9f57771b025ad2b6da9e578278aa6a,f28355723c025a87b57d894cbff58657,limit_hopping_zero_chain6,chain6_hole_2,396,12030,0.0009765625
haxs.stage5c2gR32A.g1-deterministic.v1,8d9f57771b025ad2b6da9e578278aa6a,d84e78753c555d1a9eb7e7808a06b8ff,limit_hopping_zero_chain6,chain6_hole_2,397,12031,0.0009765625
haxs.stage5c2gR32A.g1-deterministic.v1,8d9f57771b025ad2b6da9e578278aa6a,666234dad9a65afa9fe45f52769124ed,limit_hopping_zero_chain6,chain6_hole_2,398,12032,0.0009765625
haxs.stage5c2gR32A.g1-deterministic.v1,8d9f57771b025ad2b6da9e578278aa6a,7b80b4e1ff3054f99164928855ed3a99,limit_hopping_zero_chain6,chain6_hole_2,399,12033,0.0009765625
haxs.stage5c2gR32A.g1-deterministic.v1,8d9f57771b025ad2b6da9e578278aa6a,1087b3dbb1e659549cf5c86e7e7aefae,limit_hopping_zero_chain6,chain6_hole_2,400,12100,0.0009765625
haxs.stage5c2gR32A.g1-deterministic.v1,8d9f57771b025ad2b6da9e578278aa6a,ffea76e74c0359ccb0f190828c6b0c28,limit_hopping_zero_chain6,chain6_hole_2,401,12101,0.0009765625
haxs.stage5c2gR32A.g1-deterministic.v1,8d9f57771b025ad2b6da9e578278aa6a,3cf0f0b27bf9571685eb81ffed2f6bf7,limit_hopping_zero_chain6,chain6_hole_2,402,12102,0.0009765625
haxs.stage5c2gR32A.g1-deterministic.v1,8d9f57771b025ad2b6da9e578278aa6a,e44880bf45545e0ea62183426c853d41,limit_hopping_zero_chain6,chain6_hole_2,403,12103,0.0009765625
haxs.stage5c2gR32A.g1-deterministic.v1,8d9f57771b025ad2b6da9e578278aa6a,a171f4ca98df5f09968ef5eef6561a3e,limit_hopping_zero_chain6,chain6_hole_2,404,12110,0.0009765625
haxs.stage5c2gR32A.g1-deterministic.v1,8d9f57771b025ad2b6da9e578278aa6a,a27ffcc17d3a597ab34122862498ec43,limit_hopping_zero_chain6,chain6_hole_2,405,12111,0.0009765625
haxs.stage5c2gR32A.g1-deterministic.v1,8d9f57771b025ad2b6da9e578278aa6a,b52ac8b75c8e54408fbb435e2fd8dacf,limit_hopping_zero_chain6,chain6_hole_2,406,12112,0.0009765625
haxs.stage5c2gR32A.g1-deterministic.v1,8d9f57771b025ad2b6da9e578278aa6a,f762ea83633c56fdae52afe508320cf6,limit_hopping_zero_chain6,chain6_hole_2,407,12113,0.0009765625
haxs.stage5c2gR32A.g1-deterministic.v1,8d9f57771b025ad2b6da9e578278aa6a,f290297288705247b3ee44105a7796e8,limit_hopping_zero_chain6,chain6_hole_2,408,12120,0.0009765625
haxs.stage5c2gR32A.g1-deterministic.v1,8d9f57771b025ad2b6da9e578278aa6a,2c517ec12be15bbf99a4e74272a79bd7,limit_hopping_zero_chain6,chain6_hole_2,409,12121,0.0009765625
haxs.stage5c2gR32A.g1-deterministic.v1,8d9f57771b025ad2b6da9e578278aa6a,98c90f0d7f4457e8bdaf7cb3b1852e36,limit_hopping_zero_chain6,chain6_hole_2,410,12122,0.0009765625
haxs.stage5c2gR32A.g1-deterministic.v1,8d9f57771b025ad2b6da9e578278aa6a,bd9322ab9fd05dea921eee52ec1b4ebc,limit_hopping_zero_chain6,chain6_hole_2,411,12123,0.0009765625
haxs.stage5c2gR32A.g1-deterministic.v1,8d9f57771b025ad2b6da9e578278aa6a,8f8fbdf2041d5bd59ebbba182af74d6e,limit_hopping_zero_chain6,chain6_hole_2,412,12130,0.0009765625
haxs.stage5c2gR32A.g1-deterministic.v1,8d9f57771b025ad2b6da9e578278aa6a,aea4f322c06552a78c2b055a8a4155ad,limit_hopping_zero_chain6,chain6_hole_2,413,12131,0.0009765625
haxs.stage5c2gR32A.g1-deterministic.v1,8d9f57771b025ad2b6da9e578278aa6a,a678256fcd4f5b6486c7fb3aaa90362d,limit_hopping_zero_chain6,chain6_hole_2,414,12132,0.0009765625
haxs.stage5c2gR32A.g1-deterministic.v1,8d9f57771b025ad2b6da9e578278aa6a,e05247b335da5c5584fa110f6de74f2b,limit_hopping_zero_chain6,chain6_hole_2,415,12133,0.0009765625
haxs.stage5c2gR32A.g1-deterministic.v1,8d9f57771b025ad2b6da9e578278aa6a,59e144e1dcbc5a73913a7579c3e24ab0,limit_hopping_zero_chain6,chain6_hole_2,416,12200,0.0009765625
haxs.stage5c2gR32A.g1-deterministic.v1,8d9f57771b025ad2b6da9e578278aa6a,5da78345b8585f0097666b63ce3221b3,limit_hopping_zero_chain6,chain6_hole_2,417,12201,0.0009765625
haxs.stage5c2gR32A.g1-deterministic.v1,8d9f57771b025ad2b6da9e578278aa6a,ba934cec2858572091b2c74321fd02ab,limit_hopping_zero_chain6,chain6_hole_2,418,12202,0.0009765625
haxs.stage5c2gR32A.g1-deterministic.v1,8d9f57771b025ad2b6da9e578278aa6a,30be1f11a79e53cd8006dbe62ed359a9,limit_hopping_zero_chain6,chain6_hole_2,419,12203,0.0009765625
haxs.stage5c2gR32A.g1-deterministic.v1,8d9f57771b025ad2b6da9e578278aa6a,3a3d78c4267452c480dd1ecee26287ab,limit_hopping_zero_chain6,chain6_hole_2,420,12210,0.0009765625
haxs.stage5c2gR32A.g1-deterministic.v1,8d9f57771b025ad2b6da9e578278aa6a,bf773f76842b5894a8eb79223fd86a4c,limit_hopping_zero_chain6,chain6_hole_2,421,12211,0.0009765625
haxs.stage5c2gR32A.g1-deterministic.v1,8d9f57771b025ad2b6da9e578278aa6a,cfc8c3c98657591ca72ee7900ef1ad7a,limit_hopping_zero_chain6,chain6_hole_2,422,12212,0.0009765625
haxs.stage5c2gR32A.g1-deterministic.v1,8d9f57771b025ad2b6da9e578278aa6a,eec6cc959fc15fb99bcf4f4fc61216bd,limit_hopping_zero_chain6,chain6_hole_2,423,12213,0.0009765625
haxs.stage5c2gR32A.g1-deterministic.v1,8d9f57771b025ad2b6da9e578278aa6a,47fc1fc716a85c968f01cf883b802f4e,limit_hopping_zero_chain6,chain6_hole_2,424,12220,0.0009765625
haxs.stage5c2gR32A.g1-deterministic.v1,8d9f57771b025ad2b6da9e578278aa6a,c9d232fad631529aa5c8ec4fa15678b2,limit_hopping_zero_chain6,chain6_hole_2,425,12221,0.0009765625
haxs.stage5c2gR32A.g1-deterministic.v1,8d9f57771b025ad2b6da9e578278aa6a,172840e2278355c89bf1ffdafb4e27db,limit_hopping_zero_chain6,chain6_hole_2,426,12222,0.0009765625
haxs.stage5c2gR32A.g1-deterministic.v1,8d9f57771b025ad2b6da9e578278aa6a,3912b0385347535085bac4a81cf96ae5,limit_hopping_zero_chain6,chain6_hole_2,427,12223,0.0009765625
haxs.stage5c2gR32A.g1-deterministic.v1,8d9f57771b025ad2b6da9e578278aa6a,8d313d7a28a45503980db4aca112803a,limit_hopping_zero_chain6,chain6_hole_2,428,12230,0.0009765625
haxs.stage5c2gR32A.g1-deterministic.v1,8d9f57771b025ad2b6da9e578278aa6a,2dc4667161975834bb876411824cf948,limit_hopping_zero_chain6,chain6_hole_2,429,12231,0.0009765625
haxs.stage5c2gR32A.g1-deterministic.v1,8d9f57771b025ad2b6da9e578278aa6a,75bf0e7cf5af589c9c36c44beef2ee3a,limit_hopping_zero_chain6,chain6_hole_2,430,12232,0.0009765625
haxs.stage5c2gR32A.g1-deterministic.v1,8d9f57771b025ad2b6da9e578278aa6a,a3c5c49709cc568c807b7414aa67a377,limit_hopping_zero_chain6,chain6_hole_2,431,12233,0.0009765625
haxs.stage5c2gR32A.g1-deterministic.v1,8d9f57771b025ad2b6da9e578278aa6a,65663fb66a415aae8cdb31f6db46201d,limit_hopping_zero_chain6,chain6_hole_2,432,12300,0.0009765625
haxs.stage5c2gR32A.g1-deterministic.v1,8d9f57771b025ad2b6da9e578278aa6a,70c82c1af83e55f8b336c43db29463bf,limit_hopping_zero_chain6,chain6_hole_2,433,12301,0.0009765625
haxs.stage5c2gR32A.g1-deterministic.v1,8d9f57771b025ad2b6da9e578278aa6a,36a792430a9156bf8a36342e42eaf57e,limit_hopping_zero_chain6,chain6_hole_2,434,12302,0.0009765625
haxs.stage5c2gR32A.g1-deterministic.v1,8d9f57771b025ad2b6da9e578278aa6a,fe5dee6e2d085ff2a3c8a53420c688df,limit_hopping_zero_chain6,chain6_hole_2,435,12303,0.0009765625
haxs.stage5c2gR32A.g1-deterministic.v1,8d9f57771b025ad2b6da9e578278aa6a,2ec153a8b74258bea2eb163019134edb,limit_hopping_zero_chain6,chain6_hole_2,436,12310,0.0009765625
haxs.stage5c2gR32A.g1-deterministic.v1,8d9f57771b025ad2b6da9e578278aa6a,b7148d6e6ae85728ac3801f73f00f3a1,limit_hopping_zero_chain6,chain6_hole_2,437,12311,0.0009765625
haxs.stage5c2gR32A.g1-deterministic.v1,8d9f57771b025ad2b6da9e578278aa6a,899fc56d4c655ac88c6442d7761ec0a3,limit_hopping_zero_chain6,chain6_hole_2,438,12312,0.0009765625
haxs.stage5c2gR32A.g1-deterministic.v1,8d9f57771b025ad2b6da9e578278aa6a,b9ec1c67bf8b5d9e9926555b4630d852,limit_hopping_zero_chain6,chain6_hole_2,439,12313,0.0009765625
haxs.stage5c2gR32A.g1-deterministic.v1,8d9f57771b025ad2b6da9e578278aa6a,bf728b7f8cd05bcf8a380da040939262,limit_hopping_zero_chain6,chain6_hole_2,440,12320,0.0009765625
haxs.stage5c2gR32A.g1-deterministic.v1,8d9f57771b025ad2b6da9e578278aa6a,17bcddfa32905cbd8564fb84bf3f06a2,limit_hopping_zero_chain6,chain6_hole_2,441,12321,0.0009765625
haxs.stage5c2gR32A.g1-deterministic.v1,8d9f57771b025ad2b6da9e578278aa6a,77b322e79c6f54079f4cdac69f3d6e87,limit_hopping_zero_chain6,chain6_hole_2,442,12322,0.0009765625
haxs.stage5c2gR32A.g1-deterministic.v1,8d9f57771b025ad2b6da9e578278aa6a,276007634ecb542ab31cf4043838d3d2,limit_hopping_zero_chain6,chain6_hole_2,443,12323,0.0009765625
haxs.stage5c2gR32A.g1-deterministic.v1,8d9f57771b025ad2b6da9e578278aa6a,05b28a059b475c228b974bfe3237803c,limit_hopping_zero_chain6,chain6_hole_2,444,12330,0.0009765625
haxs.stage5c2gR32A.g1-deterministic.v1,8d9f57771b025ad2b6da9e578278aa6a,1f64dab9baa65dc6ba9f8376979a2e8c,limit_hopping_zero_chain6,chain6_hole_2,445,12331,0.0009765625
haxs.stage5c2gR32A.g1-deterministic.v1,8d9f57771b025ad2b6da9e578278aa6a,8974bf4ff7ab5a53b1a365710ce6b8bf,limit_hopping_zero_chain6,chain6_hole_2,446,12332,0.0009765625
haxs.stage5c2gR32A.g1-deterministic.v1,8d9f57771b025ad2b6da9e578278aa6a,f66142e38c9c57ac95e035a37f1d831c,limit_hopping_zero_chain6,chain6_hole_2,447,12333,0.0009765625
haxs.stage5c2gR32A.g1-deterministic.v1,8d9f57771b025ad2b6da9e578278aa6a,ef5b182864865e34ac0928d616a1ed5e,limit_hopping_zero_chain6,chain6_hole_2,448,13000,0.0009765625
haxs.stage5c2gR32A.g1-deterministic.v1,8d9f57771b025ad2b6da9e578278aa6a,25ad534c6da3553c83692969608a7df6,limit_hopping_zero_chain6,chain6_hole_2,449,13001,0.0009765625
haxs.stage5c2gR32A.g1-deterministic.v1,8d9f57771b025ad2b6da9e578278aa6a,8a15f353d6a65ac3a8a5dbc3fcd8170f,limit_hopping_zero_chain6,chain6_hole_2,450,13002,0.0009765625
haxs.stage5c2gR32A.g1-deterministic.v1,8d9f57771b025ad2b6da9e578278aa6a,54c9962f253354188abb6ab5150912c3,limit_hopping_zero_chain6,chain6_hole_2,451,13003,0.0009765625
haxs.stage5c2gR32A.g1-deterministic.v1,8d9f57771b025ad2b6da9e578278aa6a,3365e3f57e385f9eb48448b818d51a12,limit_hopping_zero_chain6,chain6_hole_2,452,13010,0.0009765625
haxs.stage5c2gR32A.g1-deterministic.v1,8d9f57771b025ad2b6da9e578278aa6a,97be68b2fdad546ead101735db5455f7,limit_hopping_zero_chain6,chain6_hole_2,453,13011,0.0009765625
haxs.stage5c2gR32A.g1-deterministic.v1,8d9f57771b025ad2b6da9e578278aa6a,93117112b44b5543822ddd4f3d346598,limit_hopping_zero_chain6,chain6_hole_2,454,13012,0.0009765625
haxs.stage5c2gR32A.g1-deterministic.v1,8d9f57771b025ad2b6da9e578278aa6a,053da877f5ca5eaa91f9836ecbcdd5ec,limit_hopping_zero_chain6,chain6_hole_2,455,13013,0.0009765625
haxs.stage5c2gR32A.g1-deterministic.v1,8d9f57771b025ad2b6da9e578278aa6a,d79d7abe4528565a837274d1f489d674,limit_hopping_zero_chain6,chain6_hole_2,456,13020,0.0009765625
haxs.stage5c2gR32A.g1-deterministic.v1,8d9f57771b025ad2b6da9e578278aa6a,68779e3bf349571ebd84d1dfd300e160,limit_hopping_zero_chain6,chain6_hole_2,457,13021,0.0009765625
haxs.stage5c2gR32A.g1-deterministic.v1,8d9f57771b025ad2b6da9e578278aa6a,81f6b3f095d75afbb0259818010ed252,limit_hopping_zero_chain6,chain6_hole_2,458,13022,0.0009765625
haxs.stage5c2gR32A.g1-deterministic.v1,8d9f57771b025ad2b6da9e578278aa6a,8580a0a94a085ddda9bc543f3c67f216,limit_hopping_zero_chain6,chain6_hole_2,459,13023,0.0009765625
haxs.stage5c2gR32A.g1-deterministic.v1,8d9f57771b025ad2b6da9e578278aa6a,6066ec9abcde581d96273dbac3d35013,limit_hopping_zero_chain6,chain6_hole_2,460,13030,0.0009765625
haxs.stage5c2gR32A.g1-deterministic.v1,8d9f57771b025ad2b6da9e578278aa6a,674927e8ffbe5487bf6cd8a225d86e2d,limit_hopping_zero_chain6,chain6_hole_2,461,13031,0.0009765625
haxs.stage5c2gR32A.g1-deterministic.v1,8d9f57771b025ad2b6da9e578278aa6a,70b390511a45520591a317d7dc246824,limit_hopping_zero_chain6,chain6_hole_2,462,13032,0.0009765625
haxs.stage5c2gR32A.g1-deterministic.v1,8d9f57771b025ad2b6da9e578278aa6a,b82bf8fe88045a6ab2a846b43aeda06e,limit_hopping_zero_chain6,chain6_hole_2,463,13033,0.0009765625
haxs.stage5c2gR32A.g1-deterministic.v1,8d9f57771b025ad2b6da9e578278aa6a,eceb02d228535888bf0ecf860ea54b64,limit_hopping_zero_chain6,chain6_hole_2,464,13100,0.0009765625
haxs.stage5c2gR32A.g1-deterministic.v1,8d9f57771b025ad2b6da9e578278aa6a,a8ea4d0bddae50bb9914199a136bee9f,limit_hopping_zero_chain6,chain6_hole_2,465,13101,0.0009765625
haxs.stage5c2gR32A.g1-deterministic.v1,8d9f57771b025ad2b6da9e578278aa6a,aa04efcd004e5415acffabef634e26ce,limit_hopping_zero_chain6,chain6_hole_2,466,13102,0.0009765625
haxs.stage5c2gR32A.g1-deterministic.v1,8d9f57771b025ad2b6da9e578278aa6a,15eecd8f91cc5c0a8375800894ddc9d6,limit_hopping_zero_chain6,chain6_hole_2,467,13103,0.0009765625
haxs.stage5c2gR32A.g1-deterministic.v1,8d9f57771b025ad2b6da9e578278aa6a,233f9fa12b3554258d0e674508556c4a,limit_hopping_zero_chain6,chain6_hole_2,468,13110,0.0009765625
haxs.stage5c2gR32A.g1-deterministic.v1,8d9f57771b025ad2b6da9e578278aa6a,4d98ee796d0a5d35adbca3629557bbfe,limit_hopping_zero_chain6,chain6_hole_2,469,13111,0.0009765625
haxs.stage5c2gR32A.g1-deterministic.v1,8d9f57771b025ad2b6da9e578278aa6a,d6c86e7ba9eb59d09c225a84eaea5bc0,limit_hopping_zero_chain6,chain6_hole_2,470,13112,0.0009765625
haxs.stage5c2gR32A.g1-deterministic.v1,8d9f57771b025ad2b6da9e578278aa6a,949b38b849f059b7a7bfdf3cf1f5fa5c,limit_hopping_zero_chain6,chain6_hole_2,471,13113,0.0009765625
haxs.stage5c2gR32A.g1-deterministic.v1,8d9f57771b025ad2b6da9e578278aa6a,2c0afdc94361546483023a2780095689,limit_hopping_zero_chain6,chain6_hole_2,472,13120,0.0009765625
haxs.stage5c2gR32A.g1-deterministic.v1,8d9f57771b025ad2b6da9e578278aa6a,4d3f7f0dd89d570391c4c50098d07047,limit_hopping_zero_chain6,chain6_hole_2,473,13121,0.0009765625
haxs.stage5c2gR32A.g1-deterministic.v1,8d9f57771b025ad2b6da9e578278aa6a,e158da86090e5433bab139e5d05191c5,limit_hopping_zero_chain6,chain6_hole_2,474,13122,0.0009765625
haxs.stage5c2gR32A.g1-deterministic.v1,8d9f57771b025ad2b6da9e578278aa6a,914f3f5e479452f9bc9ed5e874aa04a9,limit_hopping_zero_chain6,chain6_hole_2,475,13123,0.0009765625
haxs.stage5c2gR32A.g1-deterministic.v1,8d9f57771b025ad2b6da9e578278aa6a,d65270a3cc225d87933e649570e0fade,limit_hopping_zero_chain6,chain6_hole_2,476,13130,0.0009765625
haxs.stage5c2gR32A.g1-deterministic.v1,8d9f57771b025ad2b6da9e578278aa6a,07a72a7c0a1b59ab913d89095d7a8eb4,limit_hopping_zero_chain6,chain6_hole_2,477,13131,0.0009765625
haxs.stage5c2gR32A.g1-deterministic.v1,8d9f57771b025ad2b6da9e578278aa6a,8b846707c292595a94c2af9c086eaa5d,limit_hopping_zero_chain6,chain6_hole_2,478,13132,0.0009765625
haxs.stage5c2gR32A.g1-deterministic.v1,8d9f57771b025ad2b6da9e578278aa6a,187ec3d6d26a55bb8f7f6b9a0f77569e,limit_hopping_zero_chain6,chain6_hole_2,479,13133,0.0009765625
haxs.stage5c2gR32A.g1-deterministic.v1,8d9f57771b025ad2b6da9e578278aa6a,a8f6ec7001525ecca08be260e43d3fad,limit_hopping_zero_chain6,chain6_hole_2,480,13200,0.0009765625
haxs.stage5c2gR32A.g1-deterministic.v1,8d9f57771b025ad2b6da9e578278aa6a,dc533932c390564a944c5eec3eefd5f9,limit_hopping_zero_chain6,chain6_hole_2,481,13201,0.0009765625
haxs.stage5c2gR32A.g1-deterministic.v1,8d9f57771b025ad2b6da9e578278aa6a,1c08277dfb8054048d7c9c8291bb59b2,limit_hopping_zero_chain6,chain6_hole_2,482,13202,0.0009765625
haxs.stage5c2gR32A.g1-deterministic.v1,8d9f57771b025ad2b6da9e578278aa6a,211a6cc57ffe587c889ff4dc8a80f0b8,limit_hopping_zero_chain6,chain6_hole_2,483,13203,0.0009765625
haxs.stage5c2gR32A.g1-deterministic.v1,8d9f57771b025ad2b6da9e578278aa6a,ca2b127854d7532c8f157e29a4125394,limit_hopping_zero_chain6,chain6_hole_2,484,13210,0.0009765625
haxs.stage5c2gR32A.g1-deterministic.v1,8d9f57771b025ad2b6da9e578278aa6a,b4091a2c0bd5508ba093b1c26f1c7eda,limit_hopping_zero_chain6,chain6_hole_2,485,13211,0.0009765625
haxs.stage5c2gR32A.g1-deterministic.v1,8d9f57771b025ad2b6da9e578278aa6a,3ec3aef6f64b5a8e802b58ba85d57d64,limit_hopping_zero_chain6,chain6_hole_2,486,13212,0.0009765625
haxs.stage5c2gR32A.g1-deterministic.v1,8d9f57771b025ad2b6da9e578278aa6a,bdc387b965fc50f3ad15039b0907c55e,limit_hopping_zero_chain6,chain6_hole_2,487,13213,0.0009765625
haxs.stage5c2gR32A.g1-deterministic.v1,8d9f57771b025ad2b6da9e578278aa6a,2a28b70f22c056edad885a33fcddbb4f,limit_hopping_zero_chain6,chain6_hole_2,488,13220,0.0009765625
haxs.stage5c2gR32A.g1-deterministic.v1,8d9f57771b025ad2b6da9e578278aa6a,294519b1fab85f788b877164342eb578,limit_hopping_zero_chain6,chain6_hole_2,489,13221,0.0009765625
haxs.stage5c2gR32A.g1-deterministic.v1,8d9f57771b025ad2b6da9e578278aa6a,02e90399498b5ea9aa7468b03cae343f,limit_hopping_zero_chain6,chain6_hole_2,490,13222,0.0009765625
haxs.stage5c2gR32A.g1-deterministic.v1,8d9f57771b025ad2b6da9e578278aa6a,35dcb37b48bf53599b0d12c8f0112059,limit_hopping_zero_chain6,chain6_hole_2,491,13223,0.0009765625
haxs.stage5c2gR32A.g1-deterministic.v1,8d9f57771b025ad2b6da9e578278aa6a,8b648695d94c5187bfde65ddaf9468aa,limit_hopping_zero_chain6,chain6_hole_2,492,13230,0.0009765625
haxs.stage5c2gR32A.g1-deterministic.v1,8d9f57771b025ad2b6da9e578278aa6a,dd9da6e2666e5d518c4ec9291baf4031,limit_hopping_zero_chain6,chain6_hole_2,493,13231,0.0009765625
haxs.stage5c2gR32A.g1-deterministic.v1,8d9f57771b025ad2b6da9e578278aa6a,97021ccafd72562aad2528fc841db275,limit_hopping_zero_chain6,chain6_hole_2,494,13232,0.0009765625
haxs.stage5c2gR32A.g1-deterministic.v1,8d9f57771b025ad2b6da9e578278aa6a,5cb26a1888e55b3fa51465f4501d9505,limit_hopping_zero_chain6,chain6_hole_2,495,13233,0.0009765625
haxs.stage5c2gR32A.g1-deterministic.v1,8d9f57771b025ad2b6da9e578278aa6a,59d08c1db7d75eb192e8b6e1d087946a,limit_hopping_zero_chain6,chain6_hole_2,496,13300,0.0009765625
haxs.stage5c2gR32A.g1-deterministic.v1,8d9f57771b025ad2b6da9e578278aa6a,0720006b4a535e9cbc0dd3c4529bfcd0,limit_hopping_zero_chain6,chain6_hole_2,497,13301,0.0009765625
haxs.stage5c2gR32A.g1-deterministic.v1,8d9f57771b025ad2b6da9e578278aa6a,8ec0820866f752b9bd7fd7a9bce3bcd5,limit_hopping_zero_chain6,chain6_hole_2,498,13302,0.0009765625
haxs.stage5c2gR32A.g1-deterministic.v1,8d9f57771b025ad2b6da9e578278aa6a,f7dbaed3c6b95d688bd882f663b9e7d7,limit_hopping_zero_chain6,chain6_hole_2,499,13303,0.0009765625
haxs.stage5c2gR32A.g1-deterministic.v1,8d9f57771b025ad2b6da9e578278aa6a,24f514d0f2cd5ae89b7b732143a1917b,limit_hopping_zero_chain6,chain6_hole_2,500,13310,0.0009765625
haxs.stage5c2gR32A.g1-deterministic.v1,8d9f57771b025ad2b6da9e578278aa6a,cf0dd9d4450757f1baba88c5f2fbac93,limit_hopping_zero_chain6,chain6_hole_2,501,13311,0.0009765625
haxs.stage5c2gR32A.g1-deterministic.v1,8d9f57771b025ad2b6da9e578278aa6a,680cfdf7317e5320b0b763512f03d646,limit_hopping_zero_chain6,chain6_hole_2,502,13312,0.0009765625
haxs.stage5c2gR32A.g1-deterministic.v1,8d9f57771b025ad2b6da9e578278aa6a,11070f47af3d5ec5a27e7637a4a55b83,limit_hopping_zero_chain6,chain6_hole_2,503,13313,0.0009765625
haxs.stage5c2gR32A.g1-deterministic.v1,8d9f57771b025ad2b6da9e578278aa6a,e5ff059129545fd28348941e05deb910,limit_hopping_zero_chain6,chain6_hole_2,504,13320,0.0009765625
haxs.stage5c2gR32A.g1-deterministic.v1,8d9f57771b025ad2b6da9e578278aa6a,e51cc93bffae55c3946b92508ef8e584,limit_hopping_zero_chain6,chain6_hole_2,505,13321,0.0009765625
haxs.stage5c2gR32A.g1-deterministic.v1,8d9f57771b025ad2b6da9e578278aa6a,c48aaeb2273a54af97370135b32fea4c,limit_hopping_zero_chain6,chain6_hole_2,506,13322,0.0009765625
haxs.stage5c2gR32A.g1-deterministic.v1,8d9f57771b025ad2b6da9e578278aa6a,76acc2665d8050518a60ab2334e16fa0,limit_hopping_zero_chain6,chain6_hole_2,507,13323,0.0009765625
haxs.stage5c2gR32A.g1-deterministic.v1,8d9f57771b025ad2b6da9e578278aa6a,bbd94543eb69503194c1e7bd99109a4d,limit_hopping_zero_chain6,chain6_hole_2,508,13330,0.0009765625
haxs.stage5c2gR32A.g1-deterministic.v1,8d9f57771b025ad2b6da9e578278aa6a,5fc04befbd6b51f39adfa92df3166afd,limit_hopping_zero_chain6,chain6_hole_2,509,13331,0.0009765625
haxs.stage5c2gR32A.g1-deterministic.v1,8d9f57771b025ad2b6da9e578278aa6a,930e3ef6303c5108831d9caca0be01e5,limit_hopping_zero_chain6,chain6_hole_2,510,13332,0.0009765625
haxs.stage5c2gR32A.g1-deterministic.v1,8d9f57771b025ad2b6da9e578278aa6a,cab19ab01fac5bada4ce8314d7084236,limit_hopping_zero_chain6,chain6_hole_2,511,13333,0.0009765625
haxs.stage5c2gR32A.g1-deterministic.v1,8d9f57771b025ad2b6da9e578278aa6a,70a8756a9bd051a1bc8f7d950e139875,limit_hopping_zero_chain6,chain6_hole_2,512,20000,0.0009765625
haxs.stage5c2gR32A.g1-deterministic.v1,8d9f57771b025ad2b6da9e578278aa6a,dd8b13968beb5f3e83b91640900f2d2d,limit_hopping_zero_chain6,chain6_hole_2,513,20001,0.0009765625
haxs.stage5c2gR32A.g1-deterministic.v1,8d9f57771b025ad2b6da9e578278aa6a,511e5c0bbc7d5bdb825578e25ea401c9,limit_hopping_zero_chain6,chain6_hole_2,514,20002,0.0009765625
haxs.stage5c2gR32A.g1-deterministic.v1,8d9f57771b025ad2b6da9e578278aa6a,5f97e680f6865c9998d47c92816c7737,limit_hopping_zero_chain6,chain6_hole_2,515,20003,0.0009765625
haxs.stage5c2gR32A.g1-deterministic.v1,8d9f57771b025ad2b6da9e578278aa6a,87808f5bf6f2515f97f88dd968c331bf,limit_hopping_zero_chain6,chain6_hole_2,516,20010,0.0009765625
haxs.stage5c2gR32A.g1-deterministic.v1,8d9f57771b025ad2b6da9e578278aa6a,351b9f5f45475ee08e585b1ce3456746,limit_hopping_zero_chain6,chain6_hole_2,517,20011,0.0009765625
haxs.stage5c2gR32A.g1-deterministic.v1,8d9f57771b025ad2b6da9e578278aa6a,306841748bb158adb20a7a485139fe30,limit_hopping_zero_chain6,chain6_hole_2,518,20012,0.0009765625
haxs.stage5c2gR32A.g1-deterministic.v1,8d9f57771b025ad2b6da9e578278aa6a,8d9467365c9d53a189b2f6803400cc0e,limit_hopping_zero_chain6,chain6_hole_2,519,20013,0.0009765625
haxs.stage5c2gR32A.g1-deterministic.v1,8d9f57771b025ad2b6da9e578278aa6a,01d11adc8d205530aa67ba81579f5045,limit_hopping_zero_chain6,chain6_hole_2,520,20020,0.0009765625
haxs.stage5c2gR32A.g1-deterministic.v1,8d9f57771b025ad2b6da9e578278aa6a,3918a089d9c758f981472a261f22e3f0,limit_hopping_zero_chain6,chain6_hole_2,521,20021,0.0009765625
haxs.stage5c2gR32A.g1-deterministic.v1,8d9f57771b025ad2b6da9e578278aa6a,e537d26d4b165bfb86a50e7c1c68eef7,limit_hopping_zero_chain6,chain6_hole_2,522,20022,0.0009765625
haxs.stage5c2gR32A.g1-deterministic.v1,8d9f57771b025ad2b6da9e578278aa6a,8429aeaddb225de8923dd10dc46912c5,limit_hopping_zero_chain6,chain6_hole_2,523,20023,0.0009765625
haxs.stage5c2gR32A.g1-deterministic.v1,8d9f57771b025ad2b6da9e578278aa6a,8be22221b63256d6b5635b6e1a040ef3,limit_hopping_zero_chain6,chain6_hole_2,524,20030,0.0009765625
haxs.stage5c2gR32A.g1-deterministic.v1,8d9f57771b025ad2b6da9e578278aa6a,22305390dbef576d8d87b7de8b188f6e,limit_hopping_zero_chain6,chain6_hole_2,525,20031,0.0009765625
haxs.stage5c2gR32A.g1-deterministic.v1,8d9f57771b025ad2b6da9e578278aa6a,91aca53bcf685df3b4c8c044e0fbc848,limit_hopping_zero_chain6,chain6_hole_2,526,20032,0.0009765625
haxs.stage5c2gR32A.g1-deterministic.v1,8d9f57771b025ad2b6da9e578278aa6a,f65bcc4507c75483bcd0a5e1eabecde0,limit_hopping_zero_chain6,chain6_hole_2,527,20033,0.0009765625
haxs.stage5c2gR32A.g1-deterministic.v1,8d9f57771b025ad2b6da9e578278aa6a,9d242aa16cdb5bcab7a401d546502e92,limit_hopping_zero_chain6,chain6_hole_2,528,20100,0.0009765625
haxs.stage5c2gR32A.g1-deterministic.v1,8d9f57771b025ad2b6da9e578278aa6a,dd98214175e755ab82d354df809d33b6,limit_hopping_zero_chain6,chain6_hole_2,529,20101,0.0009765625
haxs.stage5c2gR32A.g1-deterministic.v1,8d9f57771b025ad2b6da9e578278aa6a,d4fd202429d6526b99cb85d4f0aace5f,limit_hopping_zero_chain6,chain6_hole_2,530,20102,0.0009765625
haxs.stage5c2gR32A.g1-deterministic.v1,8d9f57771b025ad2b6da9e578278aa6a,39f16ccc9037521594ca40211a385532,limit_hopping_zero_chain6,chain6_hole_2,531,20103,0.0009765625
haxs.stage5c2gR32A.g1-deterministic.v1,8d9f57771b025ad2b6da9e578278aa6a,8903b24852375279aa6c5de09b8e3b29,limit_hopping_zero_chain6,chain6_hole_2,532,20110,0.0009765625
haxs.stage5c2gR32A.g1-deterministic.v1,8d9f57771b025ad2b6da9e578278aa6a,5b780083f7535efcb7822cdb9efe654b,limit_hopping_zero_chain6,chain6_hole_2,533,20111,0.0009765625
haxs.stage5c2gR32A.g1-deterministic.v1,8d9f57771b025ad2b6da9e578278aa6a,4312ba4d74ce5eae9202ac6674461e34,limit_hopping_zero_chain6,chain6_hole_2,534,20112,0.0009765625
haxs.stage5c2gR32A.g1-deterministic.v1,8d9f57771b025ad2b6da9e578278aa6a,24e2f18cf88359509231e3693b7fdeca,limit_hopping_zero_chain6,chain6_hole_2,535,20113,0.0009765625
haxs.stage5c2gR32A.g1-deterministic.v1,8d9f57771b025ad2b6da9e578278aa6a,51b5df8172905b689e9dbdf9970c4b5b,limit_hopping_zero_chain6,chain6_hole_2,536,20120,0.0009765625
haxs.stage5c2gR32A.g1-deterministic.v1,8d9f57771b025ad2b6da9e578278aa6a,6a169fb8d24652989429d4d968c3fa54,limit_hopping_zero_chain6,chain6_hole_2,537,20121,0.0009765625
haxs.stage5c2gR32A.g1-deterministic.v1,8d9f57771b025ad2b6da9e578278aa6a,1954b8e3744654dd87bcb9a258647d09,limit_hopping_zero_chain6,chain6_hole_2,538,20122,0.0009765625
haxs.stage5c2gR32A.g1-deterministic.v1,8d9f57771b025ad2b6da9e578278aa6a,26238444892a53158c6401bda8d62bae,limit_hopping_zero_chain6,chain6_hole_2,539,20123,0.0009765625
haxs.stage5c2gR32A.g1-deterministic.v1,8d9f57771b025ad2b6da9e578278aa6a,28ca2c5ec6a05081acc63ea8df125d46,limit_hopping_zero_chain6,chain6_hole_2,540,20130,0.0009765625
haxs.stage5c2gR32A.g1-deterministic.v1,8d9f57771b025ad2b6da9e578278aa6a,adc055d133d25a28b9284ff5185f16a4,limit_hopping_zero_chain6,chain6_hole_2,541,20131,0.0009765625
haxs.stage5c2gR32A.g1-deterministic.v1,8d9f57771b025ad2b6da9e578278aa6a,d6e5a3f3d7715453b2f00e665c517793,limit_hopping_zero_chain6,chain6_hole_2,542,20132,0.0009765625
haxs.stage5c2gR32A.g1-deterministic.v1,8d9f57771b025ad2b6da9e578278aa6a,835627ae52725cdabd1f555f2afe0bd4,limit_hopping_zero_chain6,chain6_hole_2,543,20133,0.0009765625
haxs.stage5c2gR32A.g1-deterministic.v1,8d9f57771b025ad2b6da9e578278aa6a,5f0f6354fc1b5ca590de7666aa35149a,limit_hopping_zero_chain6,chain6_hole_2,544,20200,0.0009765625
haxs.stage5c2gR32A.g1-deterministic.v1,8d9f57771b025ad2b6da9e578278aa6a,dda4945fded0538eb37ae811acde5d5a,limit_hopping_zero_chain6,chain6_hole_2,545,20201,0.0009765625
haxs.stage5c2gR32A.g1-deterministic.v1,8d9f57771b025ad2b6da9e578278aa6a,0cecc1e9b303548bac2941e4cef05b96,limit_hopping_zero_chain6,chain6_hole_2,546,20202,0.0009765625
haxs.stage5c2gR32A.g1-deterministic.v1,8d9f57771b025ad2b6da9e578278aa6a,ab9733f018215f1fb488b01032c36ae5,limit_hopping_zero_chain6,chain6_hole_2,547,20203,0.0009765625
haxs.stage5c2gR32A.g1-deterministic.v1,8d9f57771b025ad2b6da9e578278aa6a,0afe1a46d732570b841970fa54e7b52d,limit_hopping_zero_chain6,chain6_hole_2,548,20210,0.0009765625
haxs.stage5c2gR32A.g1-deterministic.v1,8d9f57771b025ad2b6da9e578278aa6a,7c576727a94b57bbbe0c1291b238b445,limit_hopping_zero_chain6,chain6_hole_2,549,20211,0.0009765625
haxs.stage5c2gR32A.g1-deterministic.v1,8d9f57771b025ad2b6da9e578278aa6a,1820da64efbc5d08819d259d9b7c631d,limit_hopping_zero_chain6,chain6_hole_2,550,20212,0.0009765625
haxs.stage5c2gR32A.g1-deterministic.v1,8d9f57771b025ad2b6da9e578278aa6a,1271d72d81265fd7943539b2891d2ed9,limit_hopping_zero_chain6,chain6_hole_2,551,20213,0.0009765625
haxs.stage5c2gR32A.g1-deterministic.v1,8d9f57771b025ad2b6da9e578278aa6a,f06913eca3aa5d7da422e366f8611385,limit_hopping_zero_chain6,chain6_hole_2,552,20220,0.0009765625
haxs.stage5c2gR32A.g1-deterministic.v1,8d9f57771b025ad2b6da9e578278aa6a,43542ec3dff95e9fbaf68740eddc8893,limit_hopping_zero_chain6,chain6_hole_2,553,20221,0.0009765625
haxs.stage5c2gR32A.g1-deterministic.v1,8d9f57771b025ad2b6da9e578278aa6a,d2d5e2295fe25a7d912a3684376ffa54,limit_hopping_zero_chain6,chain6_hole_2,554,20222,0.0009765625
haxs.stage5c2gR32A.g1-deterministic.v1,8d9f57771b025ad2b6da9e578278aa6a,391759c8670b57cb99ceaaec2f6e5a34,limit_hopping_zero_chain6,chain6_hole_2,555,20223,0.0009765625
haxs.stage5c2gR32A.g1-deterministic.v1,8d9f57771b025ad2b6da9e578278aa6a,b157226a98bf5295870777382378fb6b,limit_hopping_zero_chain6,chain6_hole_2,556,20230,0.0009765625
haxs.stage5c2gR32A.g1-deterministic.v1,8d9f57771b025ad2b6da9e578278aa6a,5fb285d310355a4da9530e774578c72d,limit_hopping_zero_chain6,chain6_hole_2,557,20231,0.0009765625
haxs.stage5c2gR32A.g1-deterministic.v1,8d9f57771b025ad2b6da9e578278aa6a,d770da96ffe655e1928a6c3281ff6a43,limit_hopping_zero_chain6,chain6_hole_2,558,20232,0.0009765625
haxs.stage5c2gR32A.g1-deterministic.v1,8d9f57771b025ad2b6da9e578278aa6a,3a26e9c16f24561bb4f19b0e130448f0,limit_hopping_zero_chain6,chain6_hole_2,559,20233,0.0009765625
haxs.stage5c2gR32A.g1-deterministic.v1,8d9f57771b025ad2b6da9e578278aa6a,8b6058992d705466b70f0178a72f85e0,limit_hopping_zero_chain6,chain6_hole_2,560,20300,0.0009765625
haxs.stage5c2gR32A.g1-deterministic.v1,8d9f57771b025ad2b6da9e578278aa6a,cc570775fb20591387fe7aaf6c5e0072,limit_hopping_zero_chain6,chain6_hole_2,561,20301,0.0009765625
haxs.stage5c2gR32A.g1-deterministic.v1,8d9f57771b025ad2b6da9e578278aa6a,25db6a96031054c981cd8a9f389a6ff3,limit_hopping_zero_chain6,chain6_hole_2,562,20302,0.0009765625
haxs.stage5c2gR32A.g1-deterministic.v1,8d9f57771b025ad2b6da9e578278aa6a,efd44d7697db5e70b6c469d71bbc2e1f,limit_hopping_zero_chain6,chain6_hole_2,563,20303,0.0009765625
haxs.stage5c2gR32A.g1-deterministic.v1,8d9f57771b025ad2b6da9e578278aa6a,780a63ebd2895800ad049d02ea9286b2,limit_hopping_zero_chain6,chain6_hole_2,564,20310,0.0009765625
haxs.stage5c2gR32A.g1-deterministic.v1,8d9f57771b025ad2b6da9e578278aa6a,be84dd43f7295b7ea3c83cde2af0d286,limit_hopping_zero_chain6,chain6_hole_2,565,20311,0.0009765625
haxs.stage5c2gR32A.g1-deterministic.v1,8d9f57771b025ad2b6da9e578278aa6a,2b819b22c8695a15b5f009d5b8e7c341,limit_hopping_zero_chain6,chain6_hole_2,566,20312,0.0009765625
haxs.stage5c2gR32A.g1-deterministic.v1,8d9f57771b025ad2b6da9e578278aa6a,b34a903455e952cd84552993bc7a4be6,limit_hopping_zero_chain6,chain6_hole_2,567,20313,0.0009765625
haxs.stage5c2gR32A.g1-deterministic.v1,8d9f57771b025ad2b6da9e578278aa6a,6cf04c0ca42859bdb3a51ee73185794f,limit_hopping_zero_chain6,chain6_hole_2,568,20320,0.0009765625
haxs.stage5c2gR32A.g1-deterministic.v1,8d9f57771b025ad2b6da9e578278aa6a,4e8e7bbfc55a531f97c3ce15d824543f,limit_hopping_zero_chain6,chain6_hole_2,569,20321,0.0009765625
haxs.stage5c2gR32A.g1-deterministic.v1,8d9f57771b025ad2b6da9e578278aa6a,2dac470b4eb5575fb9b0c07b302b8331,limit_hopping_zero_chain6,chain6_hole_2,570,20322,0.0009765625
haxs.stage5c2gR32A.g1-deterministic.v1,8d9f57771b025ad2b6da9e578278aa6a,7336787d109c5cc8adf9abe99f75b77b,limit_hopping_zero_chain6,chain6_hole_2,571,20323,0.0009765625
haxs.stage5c2gR32A.g1-deterministic.v1,8d9f57771b025ad2b6da9e578278aa6a,54a86b6f3e735a0cb44f3784fc65a7a8,limit_hopping_zero_chain6,chain6_hole_2,572,20330,0.0009765625
haxs.stage5c2gR32A.g1-deterministic.v1,8d9f57771b025ad2b6da9e578278aa6a,f2d4dc0403a456c7b8ad369dd20e7981,limit_hopping_zero_chain6,chain6_hole_2,573,20331,0.0009765625
haxs.stage5c2gR32A.g1-deterministic.v1,8d9f57771b025ad2b6da9e578278aa6a,19b302f3c6975d1289fbfa3900cc6130,limit_hopping_zero_chain6,chain6_hole_2,574,20332,0.0009765625
haxs.stage5c2gR32A.g1-deterministic.v1,8d9f57771b025ad2b6da9e578278aa6a,2e0a81b86ab85d38b403f6572498079f,limit_hopping_zero_chain6,chain6_hole_2,575,20333,0.0009765625
haxs.stage5c2gR32A.g1-deterministic.v1,8d9f57771b025ad2b6da9e578278aa6a,f833af683f9252e887d5a526f21895d0,limit_hopping_zero_chain6,chain6_hole_2,576,21000,0.0009765625
haxs.stage5c2gR32A.g1-deterministic.v1,8d9f57771b025ad2b6da9e578278aa6a,3cd3f282f5ad549185a82c6e5d0eddaa,limit_hopping_zero_chain6,chain6_hole_2,577,21001,0.0009765625
haxs.stage5c2gR32A.g1-deterministic.v1,8d9f57771b025ad2b6da9e578278aa6a,43df814ec5fd5d5d9a1b528fbec37f07,limit_hopping_zero_chain6,chain6_hole_2,578,21002,0.0009765625
haxs.stage5c2gR32A.g1-deterministic.v1,8d9f57771b025ad2b6da9e578278aa6a,7bb189466bf0565e92a428f61a488272,limit_hopping_zero_chain6,chain6_hole_2,579,21003,0.0009765625
haxs.stage5c2gR32A.g1-deterministic.v1,8d9f57771b025ad2b6da9e578278aa6a,eabcbafea1615e81a54a12c513246b7a,limit_hopping_zero_chain6,chain6_hole_2,580,21010,0.0009765625
haxs.stage5c2gR32A.g1-deterministic.v1,8d9f57771b025ad2b6da9e578278aa6a,1b50ccc167665fdda352d914639a5319,limit_hopping_zero_chain6,chain6_hole_2,581,21011,0.0009765625
haxs.stage5c2gR32A.g1-deterministic.v1,8d9f57771b025ad2b6da9e578278aa6a,c55816f8a18a5de0afd11b1a833f0eb1,limit_hopping_zero_chain6,chain6_hole_2,582,21012,0.0009765625
haxs.stage5c2gR32A.g1-deterministic.v1,8d9f57771b025ad2b6da9e578278aa6a,9a0bb859fe7b5a44b391eae60fbab82c,limit_hopping_zero_chain6,chain6_hole_2,583,21013,0.0009765625
haxs.stage5c2gR32A.g1-deterministic.v1,8d9f57771b025ad2b6da9e578278aa6a,167064101397588f8e914970aaeb3a77,limit_hopping_zero_chain6,chain6_hole_2,584,21020,0.0009765625
haxs.stage5c2gR32A.g1-deterministic.v1,8d9f57771b025ad2b6da9e578278aa6a,7d0f0e2119565653b4a1ddf120a58a12,limit_hopping_zero_chain6,chain6_hole_2,585,21021,0.0009765625
haxs.stage5c2gR32A.g1-deterministic.v1,8d9f57771b025ad2b6da9e578278aa6a,73ea82b7a3a15d06b0578cfb8d184beb,limit_hopping_zero_chain6,chain6_hole_2,586,21022,0.0009765625
haxs.stage5c2gR32A.g1-deterministic.v1,8d9f57771b025ad2b6da9e578278aa6a,3da6ebe8719e569bbe59a489bf735382,limit_hopping_zero_chain6,chain6_hole_2,587,21023,0.0009765625
haxs.stage5c2gR32A.g1-deterministic.v1,8d9f57771b025ad2b6da9e578278aa6a,b2fb3e0e7ea65956af971460ca09296c,limit_hopping_zero_chain6,chain6_hole_2,588,21030,0.0009765625
haxs.stage5c2gR32A.g1-deterministic.v1,8d9f57771b025ad2b6da9e578278aa6a,dec92e3688715d5f92904042722c7236,limit_hopping_zero_chain6,chain6_hole_2,589,21031,0.0009765625
haxs.stage5c2gR32A.g1-deterministic.v1,8d9f57771b025ad2b6da9e578278aa6a,54fbafa01bb056b2a22637af3c677fb4,limit_hopping_zero_chain6,chain6_hole_2,590,21032,0.0009765625
haxs.stage5c2gR32A.g1-deterministic.v1,8d9f57771b025ad2b6da9e578278aa6a,22963a4edbaa5a819db9d316b0105a6a,limit_hopping_zero_chain6,chain6_hole_2,591,21033,0.0009765625
haxs.stage5c2gR32A.g1-deterministic.v1,8d9f57771b025ad2b6da9e578278aa6a,2a086e37a6125c3fb5f7b96702c4ce34,limit_hopping_zero_chain6,chain6_hole_2,592,21100,0.0009765625
haxs.stage5c2gR32A.g1-deterministic.v1,8d9f57771b025ad2b6da9e578278aa6a,636fd23a63d857fbadd9b19d65d44a51,limit_hopping_zero_chain6,chain6_hole_2,593,21101,0.0009765625
haxs.stage5c2gR32A.g1-deterministic.v1,8d9f57771b025ad2b6da9e578278aa6a,a9457aaa24d55d67a187c31a48103e5c,limit_hopping_zero_chain6,chain6_hole_2,594,21102,0.0009765625
haxs.stage5c2gR32A.g1-deterministic.v1,8d9f57771b025ad2b6da9e578278aa6a,44df6b9c65d3553caac33fc69fa7367a,limit_hopping_zero_chain6,chain6_hole_2,595,21103,0.0009765625
haxs.stage5c2gR32A.g1-deterministic.v1,8d9f57771b025ad2b6da9e578278aa6a,fcf0ea441d0a59f3bc724994ffa9e0c0,limit_hopping_zero_chain6,chain6_hole_2,596,21110,0.0009765625
haxs.stage5c2gR32A.g1-deterministic.v1,8d9f57771b025ad2b6da9e578278aa6a,010e0993ed45590fa93daad2eb516809,limit_hopping_zero_chain6,chain6_hole_2,597,21111,0.0009765625
haxs.stage5c2gR32A.g1-deterministic.v1,8d9f57771b025ad2b6da9e578278aa6a,22cf35cf04b755e58c4e0682309523b7,limit_hopping_zero_chain6,chain6_hole_2,598,21112,0.0009765625
haxs.stage5c2gR32A.g1-deterministic.v1,8d9f57771b025ad2b6da9e578278aa6a,955ed44712b65748b639c5abb3bc279a,limit_hopping_zero_chain6,chain6_hole_2,599,21113,0.0009765625
haxs.stage5c2gR32A.g1-deterministic.v1,8d9f57771b025ad2b6da9e578278aa6a,803119be94b652e899acfa1b17322f3a,limit_hopping_zero_chain6,chain6_hole_2,600,21120,0.0009765625
haxs.stage5c2gR32A.g1-deterministic.v1,8d9f57771b025ad2b6da9e578278aa6a,beb35b39e99352bbb89237ca4ff4cbf2,limit_hopping_zero_chain6,chain6_hole_2,601,21121,0.0009765625
haxs.stage5c2gR32A.g1-deterministic.v1,8d9f57771b025ad2b6da9e578278aa6a,7584c18404c153709e87e99e04ee8d90,limit_hopping_zero_chain6,chain6_hole_2,602,21122,0.0009765625
haxs.stage5c2gR32A.g1-deterministic.v1,8d9f57771b025ad2b6da9e578278aa6a,60096f4b0ffb522888d4a66454340566,limit_hopping_zero_chain6,chain6_hole_2,603,21123,0.0009765625
haxs.stage5c2gR32A.g1-deterministic.v1,8d9f57771b025ad2b6da9e578278aa6a,177772d8cc74557aadd34d63772e5428,limit_hopping_zero_chain6,chain6_hole_2,604,21130,0.0009765625
haxs.stage5c2gR32A.g1-deterministic.v1,8d9f57771b025ad2b6da9e578278aa6a,144e0267388f5aa8b22503ce9e2cf608,limit_hopping_zero_chain6,chain6_hole_2,605,21131,0.0009765625
haxs.stage5c2gR32A.g1-deterministic.v1,8d9f57771b025ad2b6da9e578278aa6a,1067eb4a6c9356d6a69c28062cf9dc1c,limit_hopping_zero_chain6,chain6_hole_2,606,21132,0.0009765625
haxs.stage5c2gR32A.g1-deterministic.v1,8d9f57771b025ad2b6da9e578278aa6a,87c178c4002d5698ae82242febea2002,limit_hopping_zero_chain6,chain6_hole_2,607,21133,0.0009765625
haxs.stage5c2gR32A.g1-deterministic.v1,8d9f57771b025ad2b6da9e578278aa6a,af35b640136d5fc09136b905c4527d3b,limit_hopping_zero_chain6,chain6_hole_2,608,21200,0.0009765625
haxs.stage5c2gR32A.g1-deterministic.v1,8d9f57771b025ad2b6da9e578278aa6a,150f299d942b52cd88f696135728e4f4,limit_hopping_zero_chain6,chain6_hole_2,609,21201,0.0009765625
haxs.stage5c2gR32A.g1-deterministic.v1,8d9f57771b025ad2b6da9e578278aa6a,ff5d957eb52f5db88d3765f95b33e610,limit_hopping_zero_chain6,chain6_hole_2,610,21202,0.0009765625
haxs.stage5c2gR32A.g1-deterministic.v1,8d9f57771b025ad2b6da9e578278aa6a,f056645cf6e959bfa78dfbaf21293f48,limit_hopping_zero_chain6,chain6_hole_2,611,21203,0.0009765625
haxs.stage5c2gR32A.g1-deterministic.v1,8d9f57771b025ad2b6da9e578278aa6a,4038180858e8534f901dabc8c8bc0bb6,limit_hopping_zero_chain6,chain6_hole_2,612,21210,0.0009765625
haxs.stage5c2gR32A.g1-deterministic.v1,8d9f57771b025ad2b6da9e578278aa6a,0c38cfc457f0583cb11d6da96993c4b4,limit_hopping_zero_chain6,chain6_hole_2,613,21211,0.0009765625
haxs.stage5c2gR32A.g1-deterministic.v1,8d9f57771b025ad2b6da9e578278aa6a,f3dcf74a278152ba927f8f0b4e1d64d5,limit_hopping_zero_chain6,chain6_hole_2,614,21212,0.0009765625
haxs.stage5c2gR32A.g1-deterministic.v1,8d9f57771b025ad2b6da9e578278aa6a,143b1716aab25475a6e51ab329f021d9,limit_hopping_zero_chain6,chain6_hole_2,615,21213,0.0009765625
haxs.stage5c2gR32A.g1-deterministic.v1,8d9f57771b025ad2b6da9e578278aa6a,40e3e410be9e5fac83f51d0fc6e0328b,limit_hopping_zero_chain6,chain6_hole_2,616,21220,0.0009765625
haxs.stage5c2gR32A.g1-deterministic.v1,8d9f57771b025ad2b6da9e578278aa6a,71416fa5d60c5219b95ba28d264cc9e8,limit_hopping_zero_chain6,chain6_hole_2,617,21221,0.0009765625
haxs.stage5c2gR32A.g1-deterministic.v1,8d9f57771b025ad2b6da9e578278aa6a,9dd219bba5905779b2662d3950d8e978,limit_hopping_zero_chain6,chain6_hole_2,618,21222,0.0009765625
haxs.stage5c2gR32A.g1-deterministic.v1,8d9f57771b025ad2b6da9e578278aa6a,b2a68e541ca95b3e8e18d2f8ff05d424,limit_hopping_zero_chain6,chain6_hole_2,619,21223,0.0009765625
haxs.stage5c2gR32A.g1-deterministic.v1,8d9f57771b025ad2b6da9e578278aa6a,823ffbe4c6185faf9bbe3b1e0ad95758,limit_hopping_zero_chain6,chain6_hole_2,620,21230,0.0009765625
haxs.stage5c2gR32A.g1-deterministic.v1,8d9f57771b025ad2b6da9e578278aa6a,5e735c934ae75532bd88c68e4bcb01e9,limit_hopping_zero_chain6,chain6_hole_2,621,21231,0.0009765625
haxs.stage5c2gR32A.g1-deterministic.v1,8d9f57771b025ad2b6da9e578278aa6a,ae36bfe6aecf54cab9858a26ab043a09,limit_hopping_zero_chain6,chain6_hole_2,622,21232,0.0009765625
haxs.stage5c2gR32A.g1-deterministic.v1,8d9f57771b025ad2b6da9e578278aa6a,a5c33f1bfc945173847f521cfe90310c,limit_hopping_zero_chain6,chain6_hole_2,623,21233,0.0009765625
haxs.stage5c2gR32A.g1-deterministic.v1,8d9f57771b025ad2b6da9e578278aa6a,cae7bbdce77f524fad0b5438e0ddcd4d,limit_hopping_zero_chain6,chain6_hole_2,624,21300,0.0009765625
haxs.stage5c2gR32A.g1-deterministic.v1,8d9f57771b025ad2b6da9e578278aa6a,327ba814ee5f50548a7203e4c502878c,limit_hopping_zero_chain6,chain6_hole_2,625,21301,0.0009765625
haxs.stage5c2gR32A.g1-deterministic.v1,8d9f57771b025ad2b6da9e578278aa6a,ff50d7e64c8a517695df62c0557274c1,limit_hopping_zero_chain6,chain6_hole_2,626,21302,0.0009765625
haxs.stage5c2gR32A.g1-deterministic.v1,8d9f57771b025ad2b6da9e578278aa6a,b110ba93a4995e28855a9b38a8be1e4b,limit_hopping_zero_chain6,chain6_hole_2,627,21303,0.0009765625
haxs.stage5c2gR32A.g1-deterministic.v1,8d9f57771b025ad2b6da9e578278aa6a,8bebc8813ee4586e869de19c50f0353c,limit_hopping_zero_chain6,chain6_hole_2,628,21310,0.0009765625
haxs.stage5c2gR32A.g1-deterministic.v1,8d9f57771b025ad2b6da9e578278aa6a,45aa54f0fdae5006a3eb7c935b3bb51a,limit_hopping_zero_chain6,chain6_hole_2,629,21311,0.0009765625
haxs.stage5c2gR32A.g1-deterministic.v1,8d9f57771b025ad2b6da9e578278aa6a,d61df3fdb7ad590e84331edebe5cbce7,limit_hopping_zero_chain6,chain6_hole_2,630,21312,0.0009765625
haxs.stage5c2gR32A.g1-deterministic.v1,8d9f57771b025ad2b6da9e578278aa6a,e7b04d087bd159d18188c4adb9aefbf4,limit_hopping_zero_chain6,chain6_hole_2,631,21313,0.0009765625
haxs.stage5c2gR32A.g1-deterministic.v1,8d9f57771b025ad2b6da9e578278aa6a,8a9596808f96578aa2bdb863a7841f77,limit_hopping_zero_chain6,chain6_hole_2,632,21320,0.0009765625
haxs.stage5c2gR32A.g1-deterministic.v1,8d9f57771b025ad2b6da9e578278aa6a,bdf9d06d56a6566eb42518f96c68babd,limit_hopping_zero_chain6,chain6_hole_2,633,21321,0.0009765625
haxs.stage5c2gR32A.g1-deterministic.v1,8d9f57771b025ad2b6da9e578278aa6a,b30e5abdb5565f5e93c726db2c667b90,limit_hopping_zero_chain6,chain6_hole_2,634,21322,0.0009765625
haxs.stage5c2gR32A.g1-deterministic.v1,8d9f57771b025ad2b6da9e578278aa6a,aa3f0db8a3de5429a0732de2d4973216,limit_hopping_zero_chain6,chain6_hole_2,635,21323,0.0009765625
haxs.stage5c2gR32A.g1-deterministic.v1,8d9f57771b025ad2b6da9e578278aa6a,9987ef52cee55fe0babe04e9548feccb,limit_hopping_zero_chain6,chain6_hole_2,636,21330,0.0009765625
haxs.stage5c2gR32A.g1-deterministic.v1,8d9f57771b025ad2b6da9e578278aa6a,5f356d5d9662502e9194664a6db880cc,limit_hopping_zero_chain6,chain6_hole_2,637,21331,0.0009765625
haxs.stage5c2gR32A.g1-deterministic.v1,8d9f57771b025ad2b6da9e578278aa6a,afccaa551ce25b59b3bee0dced554f65,limit_hopping_zero_chain6,chain6_hole_2,638,21332,0.0009765625
haxs.stage5c2gR32A.g1-deterministic.v1,8d9f57771b025ad2b6da9e578278aa6a,1e711325bf805fa2ac8d7d6d7670fa5f,limit_hopping_zero_chain6,chain6_hole_2,639,21333,0.0009765625
haxs.stage5c2gR32A.g1-deterministic.v1,8d9f57771b025ad2b6da9e578278aa6a,350c0b27779f578f871a28d0300dfab6,limit_hopping_zero_chain6,chain6_hole_2,640,22000,0.0009765625
haxs.stage5c2gR32A.g1-deterministic.v1,8d9f57771b025ad2b6da9e578278aa6a,426d656332c75ad3bc695c86d1fcdb60,limit_hopping_zero_chain6,chain6_hole_2,641,22001,0.0009765625
haxs.stage5c2gR32A.g1-deterministic.v1,8d9f57771b025ad2b6da9e578278aa6a,9ae091a601dc50dea1cba16b4aa9ff65,limit_hopping_zero_chain6,chain6_hole_2,642,22002,0.0009765625
haxs.stage5c2gR32A.g1-deterministic.v1,8d9f57771b025ad2b6da9e578278aa6a,bc000053a743538daeedda87db35f470,limit_hopping_zero_chain6,chain6_hole_2,643,22003,0.0009765625
haxs.stage5c2gR32A.g1-deterministic.v1,8d9f57771b025ad2b6da9e578278aa6a,87c7d45a9bf85c3a9ff4135c25c4d54f,limit_hopping_zero_chain6,chain6_hole_2,644,22010,0.0009765625
haxs.stage5c2gR32A.g1-deterministic.v1,8d9f57771b025ad2b6da9e578278aa6a,17717a4f338252389d30657bbab69217,limit_hopping_zero_chain6,chain6_hole_2,645,22011,0.0009765625
haxs.stage5c2gR32A.g1-deterministic.v1,8d9f57771b025ad2b6da9e578278aa6a,4b58e746211253a9aaf1a85943e1f377,limit_hopping_zero_chain6,chain6_hole_2,646,22012,0.0009765625
haxs.stage5c2gR32A.g1-deterministic.v1,8d9f57771b025ad2b6da9e578278aa6a,04471f6398a55b498da1651773a1dbf1,limit_hopping_zero_chain6,chain6_hole_2,647,22013,0.0009765625
haxs.stage5c2gR32A.g1-deterministic.v1,8d9f57771b025ad2b6da9e578278aa6a,07dd22b4c02c56718ca0ccfcc7f9d5be,limit_hopping_zero_chain6,chain6_hole_2,648,22020,0.0009765625
haxs.stage5c2gR32A.g1-deterministic.v1,8d9f57771b025ad2b6da9e578278aa6a,84a5986b7f4054eaa33fcdf9a504a47b,limit_hopping_zero_chain6,chain6_hole_2,649,22021,0.0009765625
haxs.stage5c2gR32A.g1-deterministic.v1,8d9f57771b025ad2b6da9e578278aa6a,7726d373526652f9a086b7c9e124c6ac,limit_hopping_zero_chain6,chain6_hole_2,650,22022,0.0009765625
haxs.stage5c2gR32A.g1-deterministic.v1,8d9f57771b025ad2b6da9e578278aa6a,33ab5b2e5b1d54399eb6536744784b31,limit_hopping_zero_chain6,chain6_hole_2,651,22023,0.0009765625
haxs.stage5c2gR32A.g1-deterministic.v1,8d9f57771b025ad2b6da9e578278aa6a,08964f5c83ed53dc8789cf1cb4703483,limit_hopping_zero_chain6,chain6_hole_2,652,22030,0.0009765625
haxs.stage5c2gR32A.g1-deterministic.v1,8d9f57771b025ad2b6da9e578278aa6a,a681782dc64b57ffb9cb7a500535a746,limit_hopping_zero_chain6,chain6_hole_2,653,22031,0.0009765625
haxs.stage5c2gR32A.g1-deterministic.v1,8d9f57771b025ad2b6da9e578278aa6a,19323495768b5c39a9036ebb33bb670a,limit_hopping_zero_chain6,chain6_hole_2,654,22032,0.0009765625
haxs.stage5c2gR32A.g1-deterministic.v1,8d9f57771b025ad2b6da9e578278aa6a,3fbf0afaf192560c992f3e368efa4cb3,limit_hopping_zero_chain6,chain6_hole_2,655,22033,0.0009765625
haxs.stage5c2gR32A.g1-deterministic.v1,8d9f57771b025ad2b6da9e578278aa6a,cbd4139922125147929411d87ce5471f,limit_hopping_zero_chain6,chain6_hole_2,656,22100,0.0009765625
haxs.stage5c2gR32A.g1-deterministic.v1,8d9f57771b025ad2b6da9e578278aa6a,88e88cbf3f2e5a82bf227e06ca169205,limit_hopping_zero_chain6,chain6_hole_2,657,22101,0.0009765625
haxs.stage5c2gR32A.g1-deterministic.v1,8d9f57771b025ad2b6da9e578278aa6a,b9393d3016fa50d481edc38fbe4f48f5,limit_hopping_zero_chain6,chain6_hole_2,658,22102,0.0009765625
haxs.stage5c2gR32A.g1-deterministic.v1,8d9f57771b025ad2b6da9e578278aa6a,c6ece0fabb4c5063ae637016d469b261,limit_hopping_zero_chain6,chain6_hole_2,659,22103,0.0009765625
haxs.stage5c2gR32A.g1-deterministic.v1,8d9f57771b025ad2b6da9e578278aa6a,26e67e33dad5592f902239765b767575,limit_hopping_zero_chain6,chain6_hole_2,660,22110,0.0009765625
haxs.stage5c2gR32A.g1-deterministic.v1,8d9f57771b025ad2b6da9e578278aa6a,58cd54aaa74358798ff6fa5c04734366,limit_hopping_zero_chain6,chain6_hole_2,661,22111,0.0009765625
haxs.stage5c2gR32A.g1-deterministic.v1,8d9f57771b025ad2b6da9e578278aa6a,d96b729ff4e45a3fbc12b95fd6b03393,limit_hopping_zero_chain6,chain6_hole_2,662,22112,0.0009765625
haxs.stage5c2gR32A.g1-deterministic.v1,8d9f57771b025ad2b6da9e578278aa6a,940b19a3f8d153eea43efa66a4f38016,limit_hopping_zero_chain6,chain6_hole_2,663,22113,0.0009765625
haxs.stage5c2gR32A.g1-deterministic.v1,8d9f57771b025ad2b6da9e578278aa6a,84b3ec55800c5105bd1e3d6560b43a10,limit_hopping_zero_chain6,chain6_hole_2,664,22120,0.0009765625
haxs.stage5c2gR32A.g1-deterministic.v1,8d9f57771b025ad2b6da9e578278aa6a,8855e71ee8e65f4d9fc08f4b6df250b3,limit_hopping_zero_chain6,chain6_hole_2,665,22121,0.0009765625
haxs.stage5c2gR32A.g1-deterministic.v1,8d9f57771b025ad2b6da9e578278aa6a,698538ca3ae55667ad938a46907dee86,limit_hopping_zero_chain6,chain6_hole_2,666,22122,0.0009765625
haxs.stage5c2gR32A.g1-deterministic.v1,8d9f57771b025ad2b6da9e578278aa6a,965022e67c4354aa927fe83cf1d99216,limit_hopping_zero_chain6,chain6_hole_2,667,22123,0.0009765625
haxs.stage5c2gR32A.g1-deterministic.v1,8d9f57771b025ad2b6da9e578278aa6a,da0fdc2b396f507295dc4be77762bae3,limit_hopping_zero_chain6,chain6_hole_2,668,22130,0.0009765625
haxs.stage5c2gR32A.g1-deterministic.v1,8d9f57771b025ad2b6da9e578278aa6a,227b6e6bd40250329f059d10983bb576,limit_hopping_zero_chain6,chain6_hole_2,669,22131,0.0009765625
haxs.stage5c2gR32A.g1-deterministic.v1,8d9f57771b025ad2b6da9e578278aa6a,fb2f826d26405406abe37c344156c9ca,limit_hopping_zero_chain6,chain6_hole_2,670,22132,0.0009765625
haxs.stage5c2gR32A.g1-deterministic.v1,8d9f57771b025ad2b6da9e578278aa6a,092f490db6df59bc96aed02aaace1294,limit_hopping_zero_chain6,chain6_hole_2,671,22133,0.0009765625
haxs.stage5c2gR32A.g1-deterministic.v1,8d9f57771b025ad2b6da9e578278aa6a,e9f32c44b5f25a30adcbb96e4035be1f,limit_hopping_zero_chain6,chain6_hole_2,672,22200,0.0009765625
haxs.stage5c2gR32A.g1-deterministic.v1,8d9f57771b025ad2b6da9e578278aa6a,93d00f194f1c5231a787bc9855bb8d33,limit_hopping_zero_chain6,chain6_hole_2,673,22201,0.0009765625
haxs.stage5c2gR32A.g1-deterministic.v1,8d9f57771b025ad2b6da9e578278aa6a,40b96f42c99c5d658a48286a2921e026,limit_hopping_zero_chain6,chain6_hole_2,674,22202,0.0009765625
haxs.stage5c2gR32A.g1-deterministic.v1,8d9f57771b025ad2b6da9e578278aa6a,d3511f7274d55c63828def965427733b,limit_hopping_zero_chain6,chain6_hole_2,675,22203,0.0009765625
haxs.stage5c2gR32A.g1-deterministic.v1,8d9f57771b025ad2b6da9e578278aa6a,251b5038400154d5b87bf7485c8e80b0,limit_hopping_zero_chain6,chain6_hole_2,676,22210,0.0009765625
haxs.stage5c2gR32A.g1-deterministic.v1,8d9f57771b025ad2b6da9e578278aa6a,4d5652f7f67b5296ba71221edb0e5cd0,limit_hopping_zero_chain6,chain6_hole_2,677,22211,0.0009765625
haxs.stage5c2gR32A.g1-deterministic.v1,8d9f57771b025ad2b6da9e578278aa6a,6fa920c0001b5f609f8cd5e95863431f,limit_hopping_zero_chain6,chain6_hole_2,678,22212,0.0009765625
haxs.stage5c2gR32A.g1-deterministic.v1,8d9f57771b025ad2b6da9e578278aa6a,f0ff08a8058e511eb0449b34d43048e4,limit_hopping_zero_chain6,chain6_hole_2,679,22213,0.0009765625
haxs.stage5c2gR32A.g1-deterministic.v1,8d9f57771b025ad2b6da9e578278aa6a,9c07bea9c73f5beabb6d84c9c5b5b197,limit_hopping_zero_chain6,chain6_hole_2,680,22220,0.0009765625
haxs.stage5c2gR32A.g1-deterministic.v1,8d9f57771b025ad2b6da9e578278aa6a,39f920742cfc5d86ae9676324bafe382,limit_hopping_zero_chain6,chain6_hole_2,681,22221,0.0009765625
haxs.stage5c2gR32A.g1-deterministic.v1,8d9f57771b025ad2b6da9e578278aa6a,4db5a952b0d0548fa4ce0848132de276,limit_hopping_zero_chain6,chain6_hole_2,682,22222,0.0009765625
haxs.stage5c2gR32A.g1-deterministic.v1,8d9f57771b025ad2b6da9e578278aa6a,f0c0aeefa1815acd84f73306b3336ec4,limit_hopping_zero_chain6,chain6_hole_2,683,22223,0.0009765625
haxs.stage5c2gR32A.g1-deterministic.v1,8d9f57771b025ad2b6da9e578278aa6a,6c3bf65ae1d5577890cebbbf58c06381,limit_hopping_zero_chain6,chain6_hole_2,684,22230,0.0009765625
haxs.stage5c2gR32A.g1-deterministic.v1,8d9f57771b025ad2b6da9e578278aa6a,5882d26d1f6a544c93bea6836a14499b,limit_hopping_zero_chain6,chain6_hole_2,685,22231,0.0009765625
haxs.stage5c2gR32A.g1-deterministic.v1,8d9f57771b025ad2b6da9e578278aa6a,ca28582c53ae571fb08417f3476cc014,limit_hopping_zero_chain6,chain6_hole_2,686,22232,0.0009765625
haxs.stage5c2gR32A.g1-deterministic.v1,8d9f57771b025ad2b6da9e578278aa6a,40e1833a870450ad9dcd993d9dba5c4a,limit_hopping_zero_chain6,chain6_hole_2,687,22233,0.0009765625
haxs.stage5c2gR32A.g1-deterministic.v1,8d9f57771b025ad2b6da9e578278aa6a,4aa380b7be765196a9e9103ebc794c96,limit_hopping_zero_chain6,chain6_hole_2,688,22300,0.0009765625
haxs.stage5c2gR32A.g1-deterministic.v1,8d9f57771b025ad2b6da9e578278aa6a,4814f930967a53edbbb23147aa70d879,limit_hopping_zero_chain6,chain6_hole_2,689,22301,0.0009765625
haxs.stage5c2gR32A.g1-deterministic.v1,8d9f57771b025ad2b6da9e578278aa6a,622ec25efeb15f59828b85d8282fb98b,limit_hopping_zero_chain6,chain6_hole_2,690,22302,0.0009765625
haxs.stage5c2gR32A.g1-deterministic.v1,8d9f57771b025ad2b6da9e578278aa6a,697c7e4fb4e75fac86b2184d5377989b,limit_hopping_zero_chain6,chain6_hole_2,691,22303,0.0009765625
haxs.stage5c2gR32A.g1-deterministic.v1,8d9f57771b025ad2b6da9e578278aa6a,ce98fd0e872652ccabf0957b74ea8fae,limit_hopping_zero_chain6,chain6_hole_2,692,22310,0.0009765625
haxs.stage5c2gR32A.g1-deterministic.v1,8d9f57771b025ad2b6da9e578278aa6a,9d6b6b6aa63954bc97628eb5ce2c0486,limit_hopping_zero_chain6,chain6_hole_2,693,22311,0.0009765625
haxs.stage5c2gR32A.g1-deterministic.v1,8d9f57771b025ad2b6da9e578278aa6a,61791add3833586e97a9e70d09b9a92e,limit_hopping_zero_chain6,chain6_hole_2,694,22312,0.0009765625
haxs.stage5c2gR32A.g1-deterministic.v1,8d9f57771b025ad2b6da9e578278aa6a,9b85cbbce699521a9d7d6a2b6d2b35b3,limit_hopping_zero_chain6,chain6_hole_2,695,22313,0.0009765625
haxs.stage5c2gR32A.g1-deterministic.v1,8d9f57771b025ad2b6da9e578278aa6a,4369fa9b0a9852eb8c2d33d97dc37515,limit_hopping_zero_chain6,chain6_hole_2,696,22320,0.0009765625
haxs.stage5c2gR32A.g1-deterministic.v1,8d9f57771b025ad2b6da9e578278aa6a,73370c6afbd75349bf14f22893c51e4b,limit_hopping_zero_chain6,chain6_hole_2,697,22321,0.0009765625
haxs.stage5c2gR32A.g1-deterministic.v1,8d9f57771b025ad2b6da9e578278aa6a,e957ec0732c750a9ae6e29c9468c3d8f,limit_hopping_zero_chain6,chain6_hole_2,698,22322,0.0009765625
haxs.stage5c2gR32A.g1-deterministic.v1,8d9f57771b025ad2b6da9e578278aa6a,105e8cb7cb675dcfa4bf0b9d4da52684,limit_hopping_zero_chain6,chain6_hole_2,699,22323,0.0009765625
haxs.stage5c2gR32A.g1-deterministic.v1,8d9f57771b025ad2b6da9e578278aa6a,c5a86ff556ab52eeb88c721ee954bcf9,limit_hopping_zero_chain6,chain6_hole_2,700,22330,0.0009765625
haxs.stage5c2gR32A.g1-deterministic.v1,8d9f57771b025ad2b6da9e578278aa6a,48e728b5cae358b0a192fe7bfaa72879,limit_hopping_zero_chain6,chain6_hole_2,701,22331,0.0009765625
haxs.stage5c2gR32A.g1-deterministic.v1,8d9f57771b025ad2b6da9e578278aa6a,00a29cd3379a5f35b81a172a3a56b14b,limit_hopping_zero_chain6,chain6_hole_2,702,22332,0.0009765625
haxs.stage5c2gR32A.g1-deterministic.v1,8d9f57771b025ad2b6da9e578278aa6a,9a9b35a45fe051ca807e053b8ec672e7,limit_hopping_zero_chain6,chain6_hole_2,703,22333,0.0009765625
haxs.stage5c2gR32A.g1-deterministic.v1,8d9f57771b025ad2b6da9e578278aa6a,aa84388a9ab65a27a6ddc6d05963ef11,limit_hopping_zero_chain6,chain6_hole_2,704,23000,0.0009765625
haxs.stage5c2gR32A.g1-deterministic.v1,8d9f57771b025ad2b6da9e578278aa6a,fcdf449af02052ea9ec4b4571ef701e8,limit_hopping_zero_chain6,chain6_hole_2,705,23001,0.0009765625
haxs.stage5c2gR32A.g1-deterministic.v1,8d9f57771b025ad2b6da9e578278aa6a,f887c61e41e0565aad30d60f1305fa1d,limit_hopping_zero_chain6,chain6_hole_2,706,23002,0.0009765625
haxs.stage5c2gR32A.g1-deterministic.v1,8d9f57771b025ad2b6da9e578278aa6a,bea072df3f5d5c13933e98405d0e8f60,limit_hopping_zero_chain6,chain6_hole_2,707,23003,0.0009765625
haxs.stage5c2gR32A.g1-deterministic.v1,8d9f57771b025ad2b6da9e578278aa6a,fa6e579735605bae9ec1b3d89adcad19,limit_hopping_zero_chain6,chain6_hole_2,708,23010,0.0009765625
haxs.stage5c2gR32A.g1-deterministic.v1,8d9f57771b025ad2b6da9e578278aa6a,24a36f975b475bee9587bf5c078d1d38,limit_hopping_zero_chain6,chain6_hole_2,709,23011,0.0009765625
haxs.stage5c2gR32A.g1-deterministic.v1,8d9f57771b025ad2b6da9e578278aa6a,94a45a8be40b5573bbe00807971d2149,limit_hopping_zero_chain6,chain6_hole_2,710,23012,0.0009765625
haxs.stage5c2gR32A.g1-deterministic.v1,8d9f57771b025ad2b6da9e578278aa6a,15df9eaed8005a248be48c3fa4f564c2,limit_hopping_zero_chain6,chain6_hole_2,711,23013,0.0009765625
haxs.stage5c2gR32A.g1-deterministic.v1,8d9f57771b025ad2b6da9e578278aa6a,39403dd3f0895071bf929b076d217acc,limit_hopping_zero_chain6,chain6_hole_2,712,23020,0.0009765625
haxs.stage5c2gR32A.g1-deterministic.v1,8d9f57771b025ad2b6da9e578278aa6a,d7469eecbbb6581da024098187bb1f38,limit_hopping_zero_chain6,chain6_hole_2,713,23021,0.0009765625
haxs.stage5c2gR32A.g1-deterministic.v1,8d9f57771b025ad2b6da9e578278aa6a,7b40b5953f595c1b91ac2d2c63a981ac,limit_hopping_zero_chain6,chain6_hole_2,714,23022,0.0009765625
haxs.stage5c2gR32A.g1-deterministic.v1,8d9f57771b025ad2b6da9e578278aa6a,e712cee9aac65923a94cd9bd0e02b10d,limit_hopping_zero_chain6,chain6_hole_2,715,23023,0.0009765625
haxs.stage5c2gR32A.g1-deterministic.v1,8d9f57771b025ad2b6da9e578278aa6a,b8855205ae3c558bb16dbfcecd52d759,limit_hopping_zero_chain6,chain6_hole_2,716,23030,0.0009765625
haxs.stage5c2gR32A.g1-deterministic.v1,8d9f57771b025ad2b6da9e578278aa6a,3dc948fed5b55d01bb36406d586f91bd,limit_hopping_zero_chain6,chain6_hole_2,717,23031,0.0009765625
haxs.stage5c2gR32A.g1-deterministic.v1,8d9f57771b025ad2b6da9e578278aa6a,928f49f7e4735ce78714564f223b591e,limit_hopping_zero_chain6,chain6_hole_2,718,23032,0.0009765625
haxs.stage5c2gR32A.g1-deterministic.v1,8d9f57771b025ad2b6da9e578278aa6a,d618aae5900e5c8eae53d1e6f4caddd7,limit_hopping_zero_chain6,chain6_hole_2,719,23033,0.0009765625
haxs.stage5c2gR32A.g1-deterministic.v1,8d9f57771b025ad2b6da9e578278aa6a,f8b84ccd65535688b7ae2eb2a91e0551,limit_hopping_zero_chain6,chain6_hole_2,720,23100,0.0009765625
haxs.stage5c2gR32A.g1-deterministic.v1,8d9f57771b025ad2b6da9e578278aa6a,0ef9b219ec1050bb8e9b10df5a1f570a,limit_hopping_zero_chain6,chain6_hole_2,721,23101,0.0009765625
haxs.stage5c2gR32A.g1-deterministic.v1,8d9f57771b025ad2b6da9e578278aa6a,d72a05fed49858568cbaf5c368f0a283,limit_hopping_zero_chain6,chain6_hole_2,722,23102,0.0009765625
haxs.stage5c2gR32A.g1-deterministic.v1,8d9f57771b025ad2b6da9e578278aa6a,98ae19c0d76a5c9e9d9d0399315c2c45,limit_hopping_zero_chain6,chain6_hole_2,723,23103,0.0009765625
haxs.stage5c2gR32A.g1-deterministic.v1,8d9f57771b025ad2b6da9e578278aa6a,aadb9bf5273f528ea625122772c3801b,limit_hopping_zero_chain6,chain6_hole_2,724,23110,0.0009765625
haxs.stage5c2gR32A.g1-deterministic.v1,8d9f57771b025ad2b6da9e578278aa6a,b2b9eba972a85c009bd210ea285cfa25,limit_hopping_zero_chain6,chain6_hole_2,725,23111,0.0009765625
haxs.stage5c2gR32A.g1-deterministic.v1,8d9f57771b025ad2b6da9e578278aa6a,07b660d3946c50f2bcb7bc7c9005d71d,limit_hopping_zero_chain6,chain6_hole_2,726,23112,0.0009765625
haxs.stage5c2gR32A.g1-deterministic.v1,8d9f57771b025ad2b6da9e578278aa6a,6f712cc3c615549f9a46e47a92753479,limit_hopping_zero_chain6,chain6_hole_2,727,23113,0.0009765625
haxs.stage5c2gR32A.g1-deterministic.v1,8d9f57771b025ad2b6da9e578278aa6a,baf759b0abc3539d9866dde4c3662289,limit_hopping_zero_chain6,chain6_hole_2,728,23120,0.0009765625
haxs.stage5c2gR32A.g1-deterministic.v1,8d9f57771b025ad2b6da9e578278aa6a,a53861a788945fd8bbeab404769a6a21,limit_hopping_zero_chain6,chain6_hole_2,729,23121,0.0009765625
haxs.stage5c2gR32A.g1-deterministic.v1,8d9f57771b025ad2b6da9e578278aa6a,6e46c051a05551c1b5df61c44c090d7b,limit_hopping_zero_chain6,chain6_hole_2,730,23122,0.0009765625
haxs.stage5c2gR32A.g1-deterministic.v1,8d9f57771b025ad2b6da9e578278aa6a,4235030ddad75a9b8cdd6318597e9a9f,limit_hopping_zero_chain6,chain6_hole_2,731,23123,0.0009765625
haxs.stage5c2gR32A.g1-deterministic.v1,8d9f57771b025ad2b6da9e578278aa6a,a8227cbe47bb5497bc2c28d01cad30d7,limit_hopping_zero_chain6,chain6_hole_2,732,23130,0.0009765625
haxs.stage5c2gR32A.g1-deterministic.v1,8d9f57771b025ad2b6da9e578278aa6a,60cd0e7db16e55e3b6ed5c2a81b96aae,limit_hopping_zero_chain6,chain6_hole_2,733,23131,0.0009765625
haxs.stage5c2gR32A.g1-deterministic.v1,8d9f57771b025ad2b6da9e578278aa6a,0ab3049d11df5cb28fff2d103f4b20d0,limit_hopping_zero_chain6,chain6_hole_2,734,23132,0.0009765625
haxs.stage5c2gR32A.g1-deterministic.v1,8d9f57771b025ad2b6da9e578278aa6a,6ec546741b995a8680050fb389e8e11b,limit_hopping_zero_chain6,chain6_hole_2,735,23133,0.0009765625
haxs.stage5c2gR32A.g1-deterministic.v1,8d9f57771b025ad2b6da9e578278aa6a,f9f2db1d95045144872b58410cc1f100,limit_hopping_zero_chain6,chain6_hole_2,736,23200,0.0009765625
haxs.stage5c2gR32A.g1-deterministic.v1,8d9f57771b025ad2b6da9e578278aa6a,7e60a4d05132579185b394e3eb2688c3,limit_hopping_zero_chain6,chain6_hole_2,737,23201,0.0009765625
haxs.stage5c2gR32A.g1-deterministic.v1,8d9f57771b025ad2b6da9e578278aa6a,a74e852a06415b809ab0f3c949160771,limit_hopping_zero_chain6,chain6_hole_2,738,23202,0.0009765625
haxs.stage5c2gR32A.g1-deterministic.v1,8d9f57771b025ad2b6da9e578278aa6a,84e27400fd2c5f17b766dca2bae6fc91,limit_hopping_zero_chain6,chain6_hole_2,739,23203,0.0009765625
haxs.stage5c2gR32A.g1-deterministic.v1,8d9f57771b025ad2b6da9e578278aa6a,7c3bbc491ad45294bc7bb125c67cecb6,limit_hopping_zero_chain6,chain6_hole_2,740,23210,0.0009765625
haxs.stage5c2gR32A.g1-deterministic.v1,8d9f57771b025ad2b6da9e578278aa6a,f4f5c37ca5025ef090cd672ec5849096,limit_hopping_zero_chain6,chain6_hole_2,741,23211,0.0009765625
haxs.stage5c2gR32A.g1-deterministic.v1,8d9f57771b025ad2b6da9e578278aa6a,cb0ae73a76de5c5c8db665035fa3e812,limit_hopping_zero_chain6,chain6_hole_2,742,23212,0.0009765625
haxs.stage5c2gR32A.g1-deterministic.v1,8d9f57771b025ad2b6da9e578278aa6a,608373bd47065e28a85e5960443934f9,limit_hopping_zero_chain6,chain6_hole_2,743,23213,0.0009765625
haxs.stage5c2gR32A.g1-deterministic.v1,8d9f57771b025ad2b6da9e578278aa6a,8c4c8779bc0c558b9a8f529c9df28773,limit_hopping_zero_chain6,chain6_hole_2,744,23220,0.0009765625
haxs.stage5c2gR32A.g1-deterministic.v1,8d9f57771b025ad2b6da9e578278aa6a,6e7b7a458f2556ebb2ef9d9f3a3b5fb6,limit_hopping_zero_chain6,chain6_hole_2,745,23221,0.0009765625
haxs.stage5c2gR32A.g1-deterministic.v1,8d9f57771b025ad2b6da9e578278aa6a,5cfa007acbb6514eb30786696de87693,limit_hopping_zero_chain6,chain6_hole_2,746,23222,0.0009765625
haxs.stage5c2gR32A.g1-deterministic.v1,8d9f57771b025ad2b6da9e578278aa6a,0327b86823295ac7b6f707c4bd61969c,limit_hopping_zero_chain6,chain6_hole_2,747,23223,0.0009765625
haxs.stage5c2gR32A.g1-deterministic.v1,8d9f57771b025ad2b6da9e578278aa6a,bbb9d3a17c495e8cb0eae4a385b37824,limit_hopping_zero_chain6,chain6_hole_2,748,23230,0.0009765625
haxs.stage5c2gR32A.g1-deterministic.v1,8d9f57771b025ad2b6da9e578278aa6a,4b05b2e830d253088a4656fefc2594ee,limit_hopping_zero_chain6,chain6_hole_2,749,23231,0.0009765625
haxs.stage5c2gR32A.g1-deterministic.v1,8d9f57771b025ad2b6da9e578278aa6a,7226600be338574ca8966e2547773bfb,limit_hopping_zero_chain6,chain6_hole_2,750,23232,0.0009765625
haxs.stage5c2gR32A.g1-deterministic.v1,8d9f57771b025ad2b6da9e578278aa6a,ae531ec3ab625976bcb6b8fe429d4758,limit_hopping_zero_chain6,chain6_hole_2,751,23233,0.0009765625
haxs.stage5c2gR32A.g1-deterministic.v1,8d9f57771b025ad2b6da9e578278aa6a,ccdf407c73ea5d89a91b9329b7c2726b,limit_hopping_zero_chain6,chain6_hole_2,752,23300,0.0009765625
haxs.stage5c2gR32A.g1-deterministic.v1,8d9f57771b025ad2b6da9e578278aa6a,73a69e2cc6385a8ba1b3c67b4b5f8189,limit_hopping_zero_chain6,chain6_hole_2,753,23301,0.0009765625
haxs.stage5c2gR32A.g1-deterministic.v1,8d9f57771b025ad2b6da9e578278aa6a,6946feb8272255d0ad0ee907a592c3d3,limit_hopping_zero_chain6,chain6_hole_2,754,23302,0.0009765625
haxs.stage5c2gR32A.g1-deterministic.v1,8d9f57771b025ad2b6da9e578278aa6a,f9657cd89d785cba928114e758489827,limit_hopping_zero_chain6,chain6_hole_2,755,23303,0.0009765625
haxs.stage5c2gR32A.g1-deterministic.v1,8d9f57771b025ad2b6da9e578278aa6a,a7358507297a5923b31ff1c6fc1f8851,limit_hopping_zero_chain6,chain6_hole_2,756,23310,0.0009765625
haxs.stage5c2gR32A.g1-deterministic.v1,8d9f57771b025ad2b6da9e578278aa6a,4906c27de20357ee9c1cb4a40b2ac217,limit_hopping_zero_chain6,chain6_hole_2,757,23311,0.0009765625
haxs.stage5c2gR32A.g1-deterministic.v1,8d9f57771b025ad2b6da9e578278aa6a,e79990bd1c5952309dcecd56273bcf36,limit_hopping_zero_chain6,chain6_hole_2,758,23312,0.0009765625
haxs.stage5c2gR32A.g1-deterministic.v1,8d9f57771b025ad2b6da9e578278aa6a,335c9c53c9a55445b99f8913d6be16fa,limit_hopping_zero_chain6,chain6_hole_2,759,23313,0.0009765625
haxs.stage5c2gR32A.g1-deterministic.v1,8d9f57771b025ad2b6da9e578278aa6a,d709dca03b445151bc21e0dceb3c4384,limit_hopping_zero_chain6,chain6_hole_2,760,23320,0.0009765625
haxs.stage5c2gR32A.g1-deterministic.v1,8d9f57771b025ad2b6da9e578278aa6a,0558ca0ed8c550d0b2a432318f3d4067,limit_hopping_zero_chain6,chain6_hole_2,761,23321,0.0009765625
haxs.stage5c2gR32A.g1-deterministic.v1,8d9f57771b025ad2b6da9e578278aa6a,f194a671d78659998ff902941587b6a6,limit_hopping_zero_chain6,chain6_hole_2,762,23322,0.0009765625
haxs.stage5c2gR32A.g1-deterministic.v1,8d9f57771b025ad2b6da9e578278aa6a,6d52416048505d09b1fba23133885c24,limit_hopping_zero_chain6,chain6_hole_2,763,23323,0.0009765625
haxs.stage5c2gR32A.g1-deterministic.v1,8d9f57771b025ad2b6da9e578278aa6a,ca313a90b36357eab1a7441543ae1e59,limit_hopping_zero_chain6,chain6_hole_2,764,23330,0.0009765625
haxs.stage5c2gR32A.g1-deterministic.v1,8d9f57771b025ad2b6da9e578278aa6a,70ae7bb2befb53e7ad892267ba2d5a74,limit_hopping_zero_chain6,chain6_hole_2,765,23331,0.0009765625
haxs.stage5c2gR32A.g1-deterministic.v1,8d9f57771b025ad2b6da9e578278aa6a,adf6288309ec5d90895cd7c9bea63690,limit_hopping_zero_chain6,chain6_hole_2,766,23332,0.0009765625
haxs.stage5c2gR32A.g1-deterministic.v1,8d9f57771b025ad2b6da9e578278aa6a,ecf21872022855d0b8a41ecbe6a6c27d,limit_hopping_zero_chain6,chain6_hole_2,767,23333,0.0009765625
haxs.stage5c2gR32A.g1-deterministic.v1,8d9f57771b025ad2b6da9e578278aa6a,cfdaeb1cebab57d7abdae15848c19cc1,limit_hopping_zero_chain6,chain6_hole_2,768,30000,0.0009765625
haxs.stage5c2gR32A.g1-deterministic.v1,8d9f57771b025ad2b6da9e578278aa6a,afbc34bae75f54f58e63730115edf94c,limit_hopping_zero_chain6,chain6_hole_2,769,30001,0.0009765625
haxs.stage5c2gR32A.g1-deterministic.v1,8d9f57771b025ad2b6da9e578278aa6a,fd8d1e1e472856e8985f555e50ac65cc,limit_hopping_zero_chain6,chain6_hole_2,770,30002,0.0009765625
haxs.stage5c2gR32A.g1-deterministic.v1,8d9f57771b025ad2b6da9e578278aa6a,056340f33d0b5fbdb88eba5e93631423,limit_hopping_zero_chain6,chain6_hole_2,771,30003,0.0009765625
haxs.stage5c2gR32A.g1-deterministic.v1,8d9f57771b025ad2b6da9e578278aa6a,481e20fd7ce95f27a3f6223c60676726,limit_hopping_zero_chain6,chain6_hole_2,772,30010,0.0009765625
haxs.stage5c2gR32A.g1-deterministic.v1,8d9f57771b025ad2b6da9e578278aa6a,96b88c85524c566dbadfb7b295cc4218,limit_hopping_zero_chain6,chain6_hole_2,773,30011,0.0009765625
haxs.stage5c2gR32A.g1-deterministic.v1,8d9f57771b025ad2b6da9e578278aa6a,ee2b31be7d2d53219d3e1d3e1c8356f9,limit_hopping_zero_chain6,chain6_hole_2,774,30012,0.0009765625
haxs.stage5c2gR32A.g1-deterministic.v1,8d9f57771b025ad2b6da9e578278aa6a,82e9cfad7dd95967900fcd772b84032e,limit_hopping_zero_chain6,chain6_hole_2,775,30013,0.0009765625
haxs.stage5c2gR32A.g1-deterministic.v1,8d9f57771b025ad2b6da9e578278aa6a,1bce67547be55c718afa93f64d4144ff,limit_hopping_zero_chain6,chain6_hole_2,776,30020,0.0009765625
haxs.stage5c2gR32A.g1-deterministic.v1,8d9f57771b025ad2b6da9e578278aa6a,c848134a59c25994947c9da569835b8e,limit_hopping_zero_chain6,chain6_hole_2,777,30021,0.0009765625
haxs.stage5c2gR32A.g1-deterministic.v1,8d9f57771b025ad2b6da9e578278aa6a,4063cb4b6f5b58a6af4248f99bd96812,limit_hopping_zero_chain6,chain6_hole_2,778,30022,0.0009765625
haxs.stage5c2gR32A.g1-deterministic.v1,8d9f57771b025ad2b6da9e578278aa6a,9559484fb05950159aeb3552983d1ba2,limit_hopping_zero_chain6,chain6_hole_2,779,30023,0.0009765625
haxs.stage5c2gR32A.g1-deterministic.v1,8d9f57771b025ad2b6da9e578278aa6a,65285fb6fbbd5f72b6675e34e5a92190,limit_hopping_zero_chain6,chain6_hole_2,780,30030,0.0009765625
haxs.stage5c2gR32A.g1-deterministic.v1,8d9f57771b025ad2b6da9e578278aa6a,1a72a2eca22359f8aee4047a5afcd449,limit_hopping_zero_chain6,chain6_hole_2,781,30031,0.0009765625
haxs.stage5c2gR32A.g1-deterministic.v1,8d9f57771b025ad2b6da9e578278aa6a,c23d800a729e5f9eb1f61c28ef367751,limit_hopping_zero_chain6,chain6_hole_2,782,30032,0.0009765625
haxs.stage5c2gR32A.g1-deterministic.v1,8d9f57771b025ad2b6da9e578278aa6a,38380e4c439f5e8fa5d4ccab4ebcad8d,limit_hopping_zero_chain6,chain6_hole_2,783,30033,0.0009765625
haxs.stage5c2gR32A.g1-deterministic.v1,8d9f57771b025ad2b6da9e578278aa6a,7ec9324762c0547ea948752c7421ef83,limit_hopping_zero_chain6,chain6_hole_2,784,30100,0.0009765625
haxs.stage5c2gR32A.g1-deterministic.v1,8d9f57771b025ad2b6da9e578278aa6a,8a42cbe3636f5be18fbc4626dbdfe50d,limit_hopping_zero_chain6,chain6_hole_2,785,30101,0.0009765625
haxs.stage5c2gR32A.g1-deterministic.v1,8d9f57771b025ad2b6da9e578278aa6a,0774083c3ed553b2a193200d9d8f0d68,limit_hopping_zero_chain6,chain6_hole_2,786,30102,0.0009765625
haxs.stage5c2gR32A.g1-deterministic.v1,8d9f57771b025ad2b6da9e578278aa6a,48f18cecef7f51c2be42ad6dbb205425,limit_hopping_zero_chain6,chain6_hole_2,787,30103,0.0009765625
haxs.stage5c2gR32A.g1-deterministic.v1,8d9f57771b025ad2b6da9e578278aa6a,51e2500ed0a05cf2a25044aa129f9b30,limit_hopping_zero_chain6,chain6_hole_2,788,30110,0.0009765625
haxs.stage5c2gR32A.g1-deterministic.v1,8d9f57771b025ad2b6da9e578278aa6a,ce3242849d8056d68061660003746124,limit_hopping_zero_chain6,chain6_hole_2,789,30111,0.0009765625
haxs.stage5c2gR32A.g1-deterministic.v1,8d9f57771b025ad2b6da9e578278aa6a,e09f7ab5a62755d193b4769226f30b4d,limit_hopping_zero_chain6,chain6_hole_2,790,30112,0.0009765625
haxs.stage5c2gR32A.g1-deterministic.v1,8d9f57771b025ad2b6da9e578278aa6a,87359f259bea5210aa836a73f825a1ad,limit_hopping_zero_chain6,chain6_hole_2,791,30113,0.0009765625
haxs.stage5c2gR32A.g1-deterministic.v1,8d9f57771b025ad2b6da9e578278aa6a,0a3a5d742a295771a1b2bd21929e71bb,limit_hopping_zero_chain6,chain6_hole_2,792,30120,0.0009765625
haxs.stage5c2gR32A.g1-deterministic.v1,8d9f57771b025ad2b6da9e578278aa6a,366c6ba334b55d0fa74a5976d10adee3,limit_hopping_zero_chain6,chain6_hole_2,793,30121,0.0009765625
haxs.stage5c2gR32A.g1-deterministic.v1,8d9f57771b025ad2b6da9e578278aa6a,ef9a271636c85bd1a633f8331ea81e2f,limit_hopping_zero_chain6,chain6_hole_2,794,30122,0.0009765625
haxs.stage5c2gR32A.g1-deterministic.v1,8d9f57771b025ad2b6da9e578278aa6a,a2466896aea25244b73fe744b2fc93d2,limit_hopping_zero_chain6,chain6_hole_2,795,30123,0.0009765625
haxs.stage5c2gR32A.g1-deterministic.v1,8d9f57771b025ad2b6da9e578278aa6a,013b26d651d950118d4f36a3ecdbd0ef,limit_hopping_zero_chain6,chain6_hole_2,796,30130,0.0009765625
haxs.stage5c2gR32A.g1-deterministic.v1,8d9f57771b025ad2b6da9e578278aa6a,a553ca9170cd585190d5f7d8da935f4b,limit_hopping_zero_chain6,chain6_hole_2,797,30131,0.0009765625
haxs.stage5c2gR32A.g1-deterministic.v1,8d9f57771b025ad2b6da9e578278aa6a,4b9713278cd8518992aa24e91c4d5f13,limit_hopping_zero_chain6,chain6_hole_2,798,30132,0.0009765625
haxs.stage5c2gR32A.g1-deterministic.v1,8d9f57771b025ad2b6da9e578278aa6a,4984cdbab5115b34ba490bb648ecc772,limit_hopping_zero_chain6,chain6_hole_2,799,30133,0.0009765625
haxs.stage5c2gR32A.g1-deterministic.v1,8d9f57771b025ad2b6da9e578278aa6a,9af36dceb461570e8d80145335b4f395,limit_hopping_zero_chain6,chain6_hole_2,800,30200,0.0009765625
haxs.stage5c2gR32A.g1-deterministic.v1,8d9f57771b025ad2b6da9e578278aa6a,d1ac549288be5aa49e438d58fd51a474,limit_hopping_zero_chain6,chain6_hole_2,801,30201,0.0009765625
haxs.stage5c2gR32A.g1-deterministic.v1,8d9f57771b025ad2b6da9e578278aa6a,5fa21c7fb4b45307bbb0f133be1cbbe9,limit_hopping_zero_chain6,chain6_hole_2,802,30202,0.0009765625
haxs.stage5c2gR32A.g1-deterministic.v1,8d9f57771b025ad2b6da9e578278aa6a,6ad8df64cbe1548197e822ac490aa897,limit_hopping_zero_chain6,chain6_hole_2,803,30203,0.0009765625
haxs.stage5c2gR32A.g1-deterministic.v1,8d9f57771b025ad2b6da9e578278aa6a,e7d875e0fd6f5ce5a990aada3ddf1d4b,limit_hopping_zero_chain6,chain6_hole_2,804,30210,0.0009765625
haxs.stage5c2gR32A.g1-deterministic.v1,8d9f57771b025ad2b6da9e578278aa6a,959af0795e695c5bb5fafe1a4d3ebed3,limit_hopping_zero_chain6,chain6_hole_2,805,30211,0.0009765625
haxs.stage5c2gR32A.g1-deterministic.v1,8d9f57771b025ad2b6da9e578278aa6a,153dced12339505f8da8c7e7d8e2bdb8,limit_hopping_zero_chain6,chain6_hole_2,806,30212,0.0009765625
haxs.stage5c2gR32A.g1-deterministic.v1,8d9f57771b025ad2b6da9e578278aa6a,4bbe628e029a5e86afb107fdaf901323,limit_hopping_zero_chain6,chain6_hole_2,807,30213,0.0009765625
haxs.stage5c2gR32A.g1-deterministic.v1,8d9f57771b025ad2b6da9e578278aa6a,a4a4bb4018db5b979fac51befda2f323,limit_hopping_zero_chain6,chain6_hole_2,808,30220,0.0009765625
haxs.stage5c2gR32A.g1-deterministic.v1,8d9f57771b025ad2b6da9e578278aa6a,0ec23fa9d4695a429241c8c19d540f3e,limit_hopping_zero_chain6,chain6_hole_2,809,30221,0.0009765625
haxs.stage5c2gR32A.g1-deterministic.v1,8d9f57771b025ad2b6da9e578278aa6a,7d0cf84a2d4352028f255b7d99597c28,limit_hopping_zero_chain6,chain6_hole_2,810,30222,0.0009765625
haxs.stage5c2gR32A.g1-deterministic.v1,8d9f57771b025ad2b6da9e578278aa6a,b0a77eca115f5f53bc4852cd38d64875,limit_hopping_zero_chain6,chain6_hole_2,811,30223,0.0009765625
haxs.stage5c2gR32A.g1-deterministic.v1,8d9f57771b025ad2b6da9e578278aa6a,83126bb676865fbeb9ff474513a90d75,limit_hopping_zero_chain6,chain6_hole_2,812,30230,0.0009765625
haxs.stage5c2gR32A.g1-deterministic.v1,8d9f57771b025ad2b6da9e578278aa6a,3ac96779477559538020998712d399e6,limit_hopping_zero_chain6,chain6_hole_2,813,30231,0.0009765625
haxs.stage5c2gR32A.g1-deterministic.v1,8d9f57771b025ad2b6da9e578278aa6a,2472f812dbc05989965cde75d7b2363b,limit_hopping_zero_chain6,chain6_hole_2,814,30232,0.0009765625
haxs.stage5c2gR32A.g1-deterministic.v1,8d9f57771b025ad2b6da9e578278aa6a,44c7a388cda7567eb26869479066ba54,limit_hopping_zero_chain6,chain6_hole_2,815,30233,0.0009765625
haxs.stage5c2gR32A.g1-deterministic.v1,8d9f57771b025ad2b6da9e578278aa6a,b59c57d4c86e59fb9558a4eacbbd0689,limit_hopping_zero_chain6,chain6_hole_2,816,30300,0.0009765625
haxs.stage5c2gR32A.g1-deterministic.v1,8d9f57771b025ad2b6da9e578278aa6a,025ca9f242305db6a4088a42c6197ec0,limit_hopping_zero_chain6,chain6_hole_2,817,30301,0.0009765625
haxs.stage5c2gR32A.g1-deterministic.v1,8d9f57771b025ad2b6da9e578278aa6a,042fccc972325727ba0fe58748fbefc5,limit_hopping_zero_chain6,chain6_hole_2,818,30302,0.0009765625
haxs.stage5c2gR32A.g1-deterministic.v1,8d9f57771b025ad2b6da9e578278aa6a,1afc05933e435a9797df70363e55d5f9,limit_hopping_zero_chain6,chain6_hole_2,819,30303,0.0009765625
haxs.stage5c2gR32A.g1-deterministic.v1,8d9f57771b025ad2b6da9e578278aa6a,dcba9d20b7b558beb022c9a457feb0fd,limit_hopping_zero_chain6,chain6_hole_2,820,30310,0.0009765625
haxs.stage5c2gR32A.g1-deterministic.v1,8d9f57771b025ad2b6da9e578278aa6a,170eca6e045c57fa8191af4826e46840,limit_hopping_zero_chain6,chain6_hole_2,821,30311,0.0009765625
haxs.stage5c2gR32A.g1-deterministic.v1,8d9f57771b025ad2b6da9e578278aa6a,5c5692e9b4745cbbb8a26d77ebca38c8,limit_hopping_zero_chain6,chain6_hole_2,822,30312,0.0009765625
haxs.stage5c2gR32A.g1-deterministic.v1,8d9f57771b025ad2b6da9e578278aa6a,e682c73d6286562ea915057396485488,limit_hopping_zero_chain6,chain6_hole_2,823,30313,0.0009765625
haxs.stage5c2gR32A.g1-deterministic.v1,8d9f57771b025ad2b6da9e578278aa6a,dddd83c118f3544293d0cdc24f32e74c,limit_hopping_zero_chain6,chain6_hole_2,824,30320,0.0009765625
haxs.stage5c2gR32A.g1-deterministic.v1,8d9f57771b025ad2b6da9e578278aa6a,a1a06ec10fda51ac936705727cc76a6e,limit_hopping_zero_chain6,chain6_hole_2,825,30321,0.0009765625
haxs.stage5c2gR32A.g1-deterministic.v1,8d9f57771b025ad2b6da9e578278aa6a,cb67ad1a55525d0d9b8e966f9abe85c0,limit_hopping_zero_chain6,chain6_hole_2,826,30322,0.0009765625
haxs.stage5c2gR32A.g1-deterministic.v1,8d9f57771b025ad2b6da9e578278aa6a,caed1ad022a959c0a851cae5e3732b90,limit_hopping_zero_chain6,chain6_hole_2,827,30323,0.0009765625
haxs.stage5c2gR32A.g1-deterministic.v1,8d9f57771b025ad2b6da9e578278aa6a,e5566d55ec2e594aae58d3a9e17974ba,limit_hopping_zero_chain6,chain6_hole_2,828,30330,0.0009765625
haxs.stage5c2gR32A.g1-deterministic.v1,8d9f57771b025ad2b6da9e578278aa6a,b9e8edc7ddfd5e67af713b0391a1d969,limit_hopping_zero_chain6,chain6_hole_2,829,30331,0.0009765625
haxs.stage5c2gR32A.g1-deterministic.v1,8d9f57771b025ad2b6da9e578278aa6a,fd9c3d4c27fc5cbba87a9204f4417583,limit_hopping_zero_chain6,chain6_hole_2,830,30332,0.0009765625
haxs.stage5c2gR32A.g1-deterministic.v1,8d9f57771b025ad2b6da9e578278aa6a,d7c2170fd96b5563a643af23ff2bf781,limit_hopping_zero_chain6,chain6_hole_2,831,30333,0.0009765625
haxs.stage5c2gR32A.g1-deterministic.v1,8d9f57771b025ad2b6da9e578278aa6a,1cb8c29651e95264aaba15fb40126178,limit_hopping_zero_chain6,chain6_hole_2,832,31000,0.0009765625
haxs.stage5c2gR32A.g1-deterministic.v1,8d9f57771b025ad2b6da9e578278aa6a,91dc9eb2934754c98f3287e4e51098a7,limit_hopping_zero_chain6,chain6_hole_2,833,31001,0.0009765625
haxs.stage5c2gR32A.g1-deterministic.v1,8d9f57771b025ad2b6da9e578278aa6a,15792f89d7ed5b40a1b954dd7f62f971,limit_hopping_zero_chain6,chain6_hole_2,834,31002,0.0009765625
haxs.stage5c2gR32A.g1-deterministic.v1,8d9f57771b025ad2b6da9e578278aa6a,e0d287965c3d54d184c3ab1e2a59d9c6,limit_hopping_zero_chain6,chain6_hole_2,835,31003,0.0009765625
haxs.stage5c2gR32A.g1-deterministic.v1,8d9f57771b025ad2b6da9e578278aa6a,7d724f077e525b2cbd104423f714cd3d,limit_hopping_zero_chain6,chain6_hole_2,836,31010,0.0009765625
haxs.stage5c2gR32A.g1-deterministic.v1,8d9f57771b025ad2b6da9e578278aa6a,140f099b73335b43a9ac14c599bd2e2b,limit_hopping_zero_chain6,chain6_hole_2,837,31011,0.0009765625
haxs.stage5c2gR32A.g1-deterministic.v1,8d9f57771b025ad2b6da9e578278aa6a,d3a235ef017e532cbe2aa840c733cf4e,limit_hopping_zero_chain6,chain6_hole_2,838,31012,0.0009765625
haxs.stage5c2gR32A.g1-deterministic.v1,8d9f57771b025ad2b6da9e578278aa6a,0ed2a51e49405665b08734716e5af136,limit_hopping_zero_chain6,chain6_hole_2,839,31013,0.0009765625
haxs.stage5c2gR32A.g1-deterministic.v1,8d9f57771b025ad2b6da9e578278aa6a,121f6228edc058a691101d14b774239f,limit_hopping_zero_chain6,chain6_hole_2,840,31020,0.0009765625
haxs.stage5c2gR32A.g1-deterministic.v1,8d9f57771b025ad2b6da9e578278aa6a,c8c75c92b37350bab85d5bfd28367fef,limit_hopping_zero_chain6,chain6_hole_2,841,31021,0.0009765625
haxs.stage5c2gR32A.g1-deterministic.v1,8d9f57771b025ad2b6da9e578278aa6a,a44bf7f68681577fb45f080c4de85230,limit_hopping_zero_chain6,chain6_hole_2,842,31022,0.0009765625
haxs.stage5c2gR32A.g1-deterministic.v1,8d9f57771b025ad2b6da9e578278aa6a,f9dda7b1b2be5fdbb8a56e8d5688c09f,limit_hopping_zero_chain6,chain6_hole_2,843,31023,0.0009765625
haxs.stage5c2gR32A.g1-deterministic.v1,8d9f57771b025ad2b6da9e578278aa6a,3cffcce97c1e504989101dda7f1bc4f3,limit_hopping_zero_chain6,chain6_hole_2,844,31030,0.0009765625
haxs.stage5c2gR32A.g1-deterministic.v1,8d9f57771b025ad2b6da9e578278aa6a,69c485fcfbc45e42be50478efa85be85,limit_hopping_zero_chain6,chain6_hole_2,845,31031,0.0009765625
haxs.stage5c2gR32A.g1-deterministic.v1,8d9f57771b025ad2b6da9e578278aa6a,db0b3e9f93755e6596c35c1d9684d00b,limit_hopping_zero_chain6,chain6_hole_2,846,31032,0.0009765625
haxs.stage5c2gR32A.g1-deterministic.v1,8d9f57771b025ad2b6da9e578278aa6a,741d1877ab095f7daaedea0d0c495060,limit_hopping_zero_chain6,chain6_hole_2,847,31033,0.0009765625
haxs.stage5c2gR32A.g1-deterministic.v1,8d9f57771b025ad2b6da9e578278aa6a,ab9e4e614efc5b1aa0a0e499538b96e5,limit_hopping_zero_chain6,chain6_hole_2,848,31100,0.0009765625
haxs.stage5c2gR32A.g1-deterministic.v1,8d9f57771b025ad2b6da9e578278aa6a,73a58c6f9dc155a0b31cb116e464ffd8,limit_hopping_zero_chain6,chain6_hole_2,849,31101,0.0009765625
haxs.stage5c2gR32A.g1-deterministic.v1,8d9f57771b025ad2b6da9e578278aa6a,c60c7c4b127450bf9affa1762c4b632d,limit_hopping_zero_chain6,chain6_hole_2,850,31102,0.0009765625
haxs.stage5c2gR32A.g1-deterministic.v1,8d9f57771b025ad2b6da9e578278aa6a,ea56a3a9a0a65c28bbeaaf0de0d7dd99,limit_hopping_zero_chain6,chain6_hole_2,851,31103,0.0009765625
haxs.stage5c2gR32A.g1-deterministic.v1,8d9f57771b025ad2b6da9e578278aa6a,5c706bca99eb59ba914f9a81d57cc019,limit_hopping_zero_chain6,chain6_hole_2,852,31110,0.0009765625
haxs.stage5c2gR32A.g1-deterministic.v1,8d9f57771b025ad2b6da9e578278aa6a,237aa8d20bb15eff8c5ca2d224570350,limit_hopping_zero_chain6,chain6_hole_2,853,31111,0.0009765625
haxs.stage5c2gR32A.g1-deterministic.v1,8d9f57771b025ad2b6da9e578278aa6a,1a0a888f37af538696a65cff8c237ad6,limit_hopping_zero_chain6,chain6_hole_2,854,31112,0.0009765625
haxs.stage5c2gR32A.g1-deterministic.v1,8d9f57771b025ad2b6da9e578278aa6a,49e8eb4ba6ff53eea40bb84578fc7844,limit_hopping_zero_chain6,chain6_hole_2,855,31113,0.0009765625
haxs.stage5c2gR32A.g1-deterministic.v1,8d9f57771b025ad2b6da9e578278aa6a,68a08efd8d1d519ab69d22b810e0063e,limit_hopping_zero_chain6,chain6_hole_2,856,31120,0.0009765625
haxs.stage5c2gR32A.g1-deterministic.v1,8d9f57771b025ad2b6da9e578278aa6a,fcb0130e6e9451cab249bd8e6d1769ab,limit_hopping_zero_chain6,chain6_hole_2,857,31121,0.0009765625
haxs.stage5c2gR32A.g1-deterministic.v1,8d9f57771b025ad2b6da9e578278aa6a,08879c499fdf5e1eac59675d0dfd68e5,limit_hopping_zero_chain6,chain6_hole_2,858,31122,0.0009765625
haxs.stage5c2gR32A.g1-deterministic.v1,8d9f57771b025ad2b6da9e578278aa6a,d76e8824f533548aa0d5faba3333e1cd,limit_hopping_zero_chain6,chain6_hole_2,859,31123,0.0009765625
haxs.stage5c2gR32A.g1-deterministic.v1,8d9f57771b025ad2b6da9e578278aa6a,cc1c2d5d9d7d597abe979a6a2ff82cb6,limit_hopping_zero_chain6,chain6_hole_2,860,31130,0.0009765625
haxs.stage5c2gR32A.g1-deterministic.v1,8d9f57771b025ad2b6da9e578278aa6a,9cb1036b73bb56f1b7fef1607c589bdd,limit_hopping_zero_chain6,chain6_hole_2,861,31131,0.0009765625
haxs.stage5c2gR32A.g1-deterministic.v1,8d9f57771b025ad2b6da9e578278aa6a,0c0d04757bf3576f9d636e7f9b248a4f,limit_hopping_zero_chain6,chain6_hole_2,862,31132,0.0009765625
haxs.stage5c2gR32A.g1-deterministic.v1,8d9f57771b025ad2b6da9e578278aa6a,87fa6806d256538b8d5b2054b0b41896,limit_hopping_zero_chain6,chain6_hole_2,863,31133,0.0009765625
haxs.stage5c2gR32A.g1-deterministic.v1,8d9f57771b025ad2b6da9e578278aa6a,800cf5667b2f575f9f891308ad8cdb7b,limit_hopping_zero_chain6,chain6_hole_2,864,31200,0.0009765625
haxs.stage5c2gR32A.g1-deterministic.v1,8d9f57771b025ad2b6da9e578278aa6a,a25f255ca28955149e6bffc482867ffd,limit_hopping_zero_chain6,chain6_hole_2,865,31201,0.0009765625
haxs.stage5c2gR32A.g1-deterministic.v1,8d9f57771b025ad2b6da9e578278aa6a,9100bbe11bec5e96ae770004e846f37f,limit_hopping_zero_chain6,chain6_hole_2,866,31202,0.0009765625
haxs.stage5c2gR32A.g1-deterministic.v1,8d9f57771b025ad2b6da9e578278aa6a,d253dc1a9970582faca3de54387c7723,limit_hopping_zero_chain6,chain6_hole_2,867,31203,0.0009765625
haxs.stage5c2gR32A.g1-deterministic.v1,8d9f57771b025ad2b6da9e578278aa6a,1dd3f388bd6e5a7cac48655d2d1b4224,limit_hopping_zero_chain6,chain6_hole_2,868,31210,0.0009765625
haxs.stage5c2gR32A.g1-deterministic.v1,8d9f57771b025ad2b6da9e578278aa6a,4fe80995a01a5da284ea9ad2a32204e7,limit_hopping_zero_chain6,chain6_hole_2,869,31211,0.0009765625
haxs.stage5c2gR32A.g1-deterministic.v1,8d9f57771b025ad2b6da9e578278aa6a,b5f5ce22024055f48419d4bf1593d917,limit_hopping_zero_chain6,chain6_hole_2,870,31212,0.0009765625
haxs.stage5c2gR32A.g1-deterministic.v1,8d9f57771b025ad2b6da9e578278aa6a,ffd9609efd8f54b99c89903743a26e78,limit_hopping_zero_chain6,chain6_hole_2,871,31213,0.0009765625
haxs.stage5c2gR32A.g1-deterministic.v1,8d9f57771b025ad2b6da9e578278aa6a,6e445c089a9c5c87a937f231993c41e1,limit_hopping_zero_chain6,chain6_hole_2,872,31220,0.0009765625
haxs.stage5c2gR32A.g1-deterministic.v1,8d9f57771b025ad2b6da9e578278aa6a,874d1e2f97f25302a9eb7c8614432d19,limit_hopping_zero_chain6,chain6_hole_2,873,31221,0.0009765625
haxs.stage5c2gR32A.g1-deterministic.v1,8d9f57771b025ad2b6da9e578278aa6a,4d779cee92fe57758c8665bd705cee65,limit_hopping_zero_chain6,chain6_hole_2,874,31222,0.0009765625
haxs.stage5c2gR32A.g1-deterministic.v1,8d9f57771b025ad2b6da9e578278aa6a,c1f1010ef06f554995dfb00242fed0cd,limit_hopping_zero_chain6,chain6_hole_2,875,31223,0.0009765625
haxs.stage5c2gR32A.g1-deterministic.v1,8d9f57771b025ad2b6da9e578278aa6a,2d3c3487b6cb5439862cc9bf2895f0ab,limit_hopping_zero_chain6,chain6_hole_2,876,31230,0.0009765625
haxs.stage5c2gR32A.g1-deterministic.v1,8d9f57771b025ad2b6da9e578278aa6a,489afa8e8b5a56beb2e51b98a44f2748,limit_hopping_zero_chain6,chain6_hole_2,877,31231,0.0009765625
haxs.stage5c2gR32A.g1-deterministic.v1,8d9f57771b025ad2b6da9e578278aa6a,fcdc358342b45f3ba828a7b80660df9d,limit_hopping_zero_chain6,chain6_hole_2,878,31232,0.0009765625
haxs.stage5c2gR32A.g1-deterministic.v1,8d9f57771b025ad2b6da9e578278aa6a,35e35bd8d9ec5fc097ecac8f4a8b46b9,limit_hopping_zero_chain6,chain6_hole_2,879,31233,0.0009765625
haxs.stage5c2gR32A.g1-deterministic.v1,8d9f57771b025ad2b6da9e578278aa6a,b94e985c622252139d9e72058f8f04c2,limit_hopping_zero_chain6,chain6_hole_2,880,31300,0.0009765625
haxs.stage5c2gR32A.g1-deterministic.v1,8d9f57771b025ad2b6da9e578278aa6a,7e99cf636bfe5ed7b8355bebf3b81f02,limit_hopping_zero_chain6,chain6_hole_2,881,31301,0.0009765625
haxs.stage5c2gR32A.g1-deterministic.v1,8d9f57771b025ad2b6da9e578278aa6a,f66a49e49084566b9d56d391856282f9,limit_hopping_zero_chain6,chain6_hole_2,882,31302,0.0009765625
haxs.stage5c2gR32A.g1-deterministic.v1,8d9f57771b025ad2b6da9e578278aa6a,81bb76a338595287a5f389aae28cecd0,limit_hopping_zero_chain6,chain6_hole_2,883,31303,0.0009765625
haxs.stage5c2gR32A.g1-deterministic.v1,8d9f57771b025ad2b6da9e578278aa6a,6c44f7825e1b5170b6f74a29f0a40855,limit_hopping_zero_chain6,chain6_hole_2,884,31310,0.0009765625
haxs.stage5c2gR32A.g1-deterministic.v1,8d9f57771b025ad2b6da9e578278aa6a,2942a2225f9a5c758940f46da59343dd,limit_hopping_zero_chain6,chain6_hole_2,885,31311,0.0009765625
haxs.stage5c2gR32A.g1-deterministic.v1,8d9f57771b025ad2b6da9e578278aa6a,09d4cfa5752f5a5688ccfd7d0406e42c,limit_hopping_zero_chain6,chain6_hole_2,886,31312,0.0009765625
haxs.stage5c2gR32A.g1-deterministic.v1,8d9f57771b025ad2b6da9e578278aa6a,02154979857f5262aab46a782236c647,limit_hopping_zero_chain6,chain6_hole_2,887,31313,0.0009765625
haxs.stage5c2gR32A.g1-deterministic.v1,8d9f57771b025ad2b6da9e578278aa6a,d33427563d685f809ce98d0613d7c8b0,limit_hopping_zero_chain6,chain6_hole_2,888,31320,0.0009765625
haxs.stage5c2gR32A.g1-deterministic.v1,8d9f57771b025ad2b6da9e578278aa6a,0afc7a46ded251ed9647939a71655503,limit_hopping_zero_chain6,chain6_hole_2,889,31321,0.0009765625
haxs.stage5c2gR32A.g1-deterministic.v1,8d9f57771b025ad2b6da9e578278aa6a,2075be4a7522596380a4ae71da002ba5,limit_hopping_zero_chain6,chain6_hole_2,890,31322,0.0009765625
haxs.stage5c2gR32A.g1-deterministic.v1,8d9f57771b025ad2b6da9e578278aa6a,2515dcc649095eefb5b65aa9ab4da9f3,limit_hopping_zero_chain6,chain6_hole_2,891,31323,0.0009765625
haxs.stage5c2gR32A.g1-deterministic.v1,8d9f57771b025ad2b6da9e578278aa6a,9d5acf72bfb45dc08d42549ed8d1ccf0,limit_hopping_zero_chain6,chain6_hole_2,892,31330,0.0009765625
haxs.stage5c2gR32A.g1-deterministic.v1,8d9f57771b025ad2b6da9e578278aa6a,37f6a4282b4b58f6bf8f1546b816453f,limit_hopping_zero_chain6,chain6_hole_2,893,31331,0.0009765625
haxs.stage5c2gR32A.g1-deterministic.v1,8d9f57771b025ad2b6da9e578278aa6a,28c24d1e505751488d216bc8e9d5cb2b,limit_hopping_zero_chain6,chain6_hole_2,894,31332,0.0009765625
haxs.stage5c2gR32A.g1-deterministic.v1,8d9f57771b025ad2b6da9e578278aa6a,facbc8eda1a452578b0ff866e70a0cf1,limit_hopping_zero_chain6,chain6_hole_2,895,31333,0.0009765625
haxs.stage5c2gR32A.g1-deterministic.v1,8d9f57771b025ad2b6da9e578278aa6a,3e083532c3575d82ad0564a5b7c765a5,limit_hopping_zero_chain6,chain6_hole_2,896,32000,0.0009765625
haxs.stage5c2gR32A.g1-deterministic.v1,8d9f57771b025ad2b6da9e578278aa6a,6845aaa1b52d58a2a4dce7ade1fc9738,limit_hopping_zero_chain6,chain6_hole_2,897,32001,0.0009765625
haxs.stage5c2gR32A.g1-deterministic.v1,8d9f57771b025ad2b6da9e578278aa6a,3b63dc6c77d15eec92dd8fd92387af4a,limit_hopping_zero_chain6,chain6_hole_2,898,32002,0.0009765625
haxs.stage5c2gR32A.g1-deterministic.v1,8d9f57771b025ad2b6da9e578278aa6a,ce686295a50c57c189ec36edb7c1523a,limit_hopping_zero_chain6,chain6_hole_2,899,32003,0.0009765625
haxs.stage5c2gR32A.g1-deterministic.v1,8d9f57771b025ad2b6da9e578278aa6a,b492ec5871fc5d22943b28db556aff4b,limit_hopping_zero_chain6,chain6_hole_2,900,32010,0.0009765625
haxs.stage5c2gR32A.g1-deterministic.v1,8d9f57771b025ad2b6da9e578278aa6a,060bde9f239658f5b4acd3a644c3d23a,limit_hopping_zero_chain6,chain6_hole_2,901,32011,0.0009765625
haxs.stage5c2gR32A.g1-deterministic.v1,8d9f57771b025ad2b6da9e578278aa6a,a0dc91210e1c5b10b86e723996ea08b2,limit_hopping_zero_chain6,chain6_hole_2,902,32012,0.0009765625
haxs.stage5c2gR32A.g1-deterministic.v1,8d9f57771b025ad2b6da9e578278aa6a,6387e074dce959168e2cb271f5669baf,limit_hopping_zero_chain6,chain6_hole_2,903,32013,0.0009765625
haxs.stage5c2gR32A.g1-deterministic.v1,8d9f57771b025ad2b6da9e578278aa6a,7e1be01907c55a09a9857f68b78833b8,limit_hopping_zero_chain6,chain6_hole_2,904,32020,0.0009765625
haxs.stage5c2gR32A.g1-deterministic.v1,8d9f57771b025ad2b6da9e578278aa6a,9073cc06aead5f7c9b39b532e4e6c937,limit_hopping_zero_chain6,chain6_hole_2,905,32021,0.0009765625
haxs.stage5c2gR32A.g1-deterministic.v1,8d9f57771b025ad2b6da9e578278aa6a,208674645c14546bb87c553d6ebd074e,limit_hopping_zero_chain6,chain6_hole_2,906,32022,0.0009765625
haxs.stage5c2gR32A.g1-deterministic.v1,8d9f57771b025ad2b6da9e578278aa6a,f28f74ba085a52358fef4d02a4d61e2a,limit_hopping_zero_chain6,chain6_hole_2,907,32023,0.0009765625
haxs.stage5c2gR32A.g1-deterministic.v1,8d9f57771b025ad2b6da9e578278aa6a,21386c6c581e58ac975a6265cb0efcde,limit_hopping_zero_chain6,chain6_hole_2,908,32030,0.0009765625
haxs.stage5c2gR32A.g1-deterministic.v1,8d9f57771b025ad2b6da9e578278aa6a,eb9e9d8fc0ab5d739d245da319b67943,limit_hopping_zero_chain6,chain6_hole_2,909,32031,0.0009765625
haxs.stage5c2gR32A.g1-deterministic.v1,8d9f57771b025ad2b6da9e578278aa6a,41c0a2ba295f597eb99591df69c7a1eb,limit_hopping_zero_chain6,chain6_hole_2,910,32032,0.0009765625
haxs.stage5c2gR32A.g1-deterministic.v1,8d9f57771b025ad2b6da9e578278aa6a,be27708964b658a198535680c0272f1e,limit_hopping_zero_chain6,chain6_hole_2,911,32033,0.0009765625
haxs.stage5c2gR32A.g1-deterministic.v1,8d9f57771b025ad2b6da9e578278aa6a,82a60dbe82a75bb8aed31434b86b4921,limit_hopping_zero_chain6,chain6_hole_2,912,32100,0.0009765625
haxs.stage5c2gR32A.g1-deterministic.v1,8d9f57771b025ad2b6da9e578278aa6a,9089e1eba92c5413987f4cfb93a8a78e,limit_hopping_zero_chain6,chain6_hole_2,913,32101,0.0009765625
haxs.stage5c2gR32A.g1-deterministic.v1,8d9f57771b025ad2b6da9e578278aa6a,f48b9eba2bf15f50a47975048c1944e2,limit_hopping_zero_chain6,chain6_hole_2,914,32102,0.0009765625
haxs.stage5c2gR32A.g1-deterministic.v1,8d9f57771b025ad2b6da9e578278aa6a,9a19eef088c05f01821c845b2053234b,limit_hopping_zero_chain6,chain6_hole_2,915,32103,0.0009765625
haxs.stage5c2gR32A.g1-deterministic.v1,8d9f57771b025ad2b6da9e578278aa6a,8252f6703c7b5e5f823649f79bc877e5,limit_hopping_zero_chain6,chain6_hole_2,916,32110,0.0009765625
haxs.stage5c2gR32A.g1-deterministic.v1,8d9f57771b025ad2b6da9e578278aa6a,9f682ab7758254ed9769a7a9cf24f274,limit_hopping_zero_chain6,chain6_hole_2,917,32111,0.0009765625
haxs.stage5c2gR32A.g1-deterministic.v1,8d9f57771b025ad2b6da9e578278aa6a,f0792deb68dd5bd69d5bb25c44174d91,limit_hopping_zero_chain6,chain6_hole_2,918,32112,0.0009765625
haxs.stage5c2gR32A.g1-deterministic.v1,8d9f57771b025ad2b6da9e578278aa6a,e1d284c67ada53a4a9289b1ee96076d0,limit_hopping_zero_chain6,chain6_hole_2,919,32113,0.0009765625
haxs.stage5c2gR32A.g1-deterministic.v1,8d9f57771b025ad2b6da9e578278aa6a,e417f46768655587aad90f4a47b19a46,limit_hopping_zero_chain6,chain6_hole_2,920,32120,0.0009765625
haxs.stage5c2gR32A.g1-deterministic.v1,8d9f57771b025ad2b6da9e578278aa6a,3bc589ca08ab58b5b735044048948016,limit_hopping_zero_chain6,chain6_hole_2,921,32121,0.0009765625
haxs.stage5c2gR32A.g1-deterministic.v1,8d9f57771b025ad2b6da9e578278aa6a,c8d122175cc45dac9cc17d7b2ef3cd59,limit_hopping_zero_chain6,chain6_hole_2,922,32122,0.0009765625
haxs.stage5c2gR32A.g1-deterministic.v1,8d9f57771b025ad2b6da9e578278aa6a,d96f4748e9455cd68c95e36dc84cc9d8,limit_hopping_zero_chain6,chain6_hole_2,923,32123,0.0009765625
haxs.stage5c2gR32A.g1-deterministic.v1,8d9f57771b025ad2b6da9e578278aa6a,798dcaec0e7651389ed1ec844cd2f8ae,limit_hopping_zero_chain6,chain6_hole_2,924,32130,0.0009765625
haxs.stage5c2gR32A.g1-deterministic.v1,8d9f57771b025ad2b6da9e578278aa6a,b0cb6a9d7c215adcbf13308c65bdbd75,limit_hopping_zero_chain6,chain6_hole_2,925,32131,0.0009765625
haxs.stage5c2gR32A.g1-deterministic.v1,8d9f57771b025ad2b6da9e578278aa6a,dc5103aed6f35e98a4126e92a32f631e,limit_hopping_zero_chain6,chain6_hole_2,926,32132,0.0009765625
haxs.stage5c2gR32A.g1-deterministic.v1,8d9f57771b025ad2b6da9e578278aa6a,303dcd31811952d8a85dc5653bf682da,limit_hopping_zero_chain6,chain6_hole_2,927,32133,0.0009765625
haxs.stage5c2gR32A.g1-deterministic.v1,8d9f57771b025ad2b6da9e578278aa6a,6938a10a2bf55ce5a8a039d03cfaf7b3,limit_hopping_zero_chain6,chain6_hole_2,928,32200,0.0009765625
haxs.stage5c2gR32A.g1-deterministic.v1,8d9f57771b025ad2b6da9e578278aa6a,b54d1b17bd0d5c9cb5b7c80c73dff864,limit_hopping_zero_chain6,chain6_hole_2,929,32201,0.0009765625
haxs.stage5c2gR32A.g1-deterministic.v1,8d9f57771b025ad2b6da9e578278aa6a,7d212aa753cf5a35a305e3688d9ff014,limit_hopping_zero_chain6,chain6_hole_2,930,32202,0.0009765625
haxs.stage5c2gR32A.g1-deterministic.v1,8d9f57771b025ad2b6da9e578278aa6a,67cb0351dc19548792e972d0e4eeae59,limit_hopping_zero_chain6,chain6_hole_2,931,32203,0.0009765625
haxs.stage5c2gR32A.g1-deterministic.v1,8d9f57771b025ad2b6da9e578278aa6a,62630c35ed4a50b29c063f39ebbb480f,limit_hopping_zero_chain6,chain6_hole_2,932,32210,0.0009765625
haxs.stage5c2gR32A.g1-deterministic.v1,8d9f57771b025ad2b6da9e578278aa6a,73ec2a75d72a501fb4bec8ce78abf819,limit_hopping_zero_chain6,chain6_hole_2,933,32211,0.0009765625
haxs.stage5c2gR32A.g1-deterministic.v1,8d9f57771b025ad2b6da9e578278aa6a,0a10751becb55dc4a38df7c2b3df184d,limit_hopping_zero_chain6,chain6_hole_2,934,32212,0.0009765625
haxs.stage5c2gR32A.g1-deterministic.v1,8d9f57771b025ad2b6da9e578278aa6a,f13fd700da225e70aa6456e46426f3be,limit_hopping_zero_chain6,chain6_hole_2,935,32213,0.0009765625
haxs.stage5c2gR32A.g1-deterministic.v1,8d9f57771b025ad2b6da9e578278aa6a,e292bce28a1b5586992da7a747b10cb1,limit_hopping_zero_chain6,chain6_hole_2,936,32220,0.0009765625
haxs.stage5c2gR32A.g1-deterministic.v1,8d9f57771b025ad2b6da9e578278aa6a,c93783e927e85cd7ac8f8dc77ca88273,limit_hopping_zero_chain6,chain6_hole_2,937,32221,0.0009765625
haxs.stage5c2gR32A.g1-deterministic.v1,8d9f57771b025ad2b6da9e578278aa6a,0d4ab0d188005915aa937a6215703109,limit_hopping_zero_chain6,chain6_hole_2,938,32222,0.0009765625
haxs.stage5c2gR32A.g1-deterministic.v1,8d9f57771b025ad2b6da9e578278aa6a,0c76abf80369502cbb3650d4e717f34e,limit_hopping_zero_chain6,chain6_hole_2,939,32223,0.0009765625
haxs.stage5c2gR32A.g1-deterministic.v1,8d9f57771b025ad2b6da9e578278aa6a,6947e6d6da85500ba4dae48c65f94291,limit_hopping_zero_chain6,chain6_hole_2,940,32230,0.0009765625
haxs.stage5c2gR32A.g1-deterministic.v1,8d9f57771b025ad2b6da9e578278aa6a,4c213659ccd750939daffd801356247b,limit_hopping_zero_chain6,chain6_hole_2,941,32231,0.0009765625
haxs.stage5c2gR32A.g1-deterministic.v1,8d9f57771b025ad2b6da9e578278aa6a,4318050009555f9aab461c9212cbb5e0,limit_hopping_zero_chain6,chain6_hole_2,942,32232,0.0009765625
haxs.stage5c2gR32A.g1-deterministic.v1,8d9f57771b025ad2b6da9e578278aa6a,d7a3575af4b851379466e77f0c473504,limit_hopping_zero_chain6,chain6_hole_2,943,32233,0.0009765625
haxs.stage5c2gR32A.g1-deterministic.v1,8d9f57771b025ad2b6da9e578278aa6a,9a2fbb5d66955f498baca0b20f851cf9,limit_hopping_zero_chain6,chain6_hole_2,944,32300,0.0009765625
haxs.stage5c2gR32A.g1-deterministic.v1,8d9f57771b025ad2b6da9e578278aa6a,d6b5449104575278b8abcbf766b74e66,limit_hopping_zero_chain6,chain6_hole_2,945,32301,0.0009765625
haxs.stage5c2gR32A.g1-deterministic.v1,8d9f57771b025ad2b6da9e578278aa6a,5ed23ee3c4cf5a1e85bf0f1ee5810ddd,limit_hopping_zero_chain6,chain6_hole_2,946,32302,0.0009765625
haxs.stage5c2gR32A.g1-deterministic.v1,8d9f57771b025ad2b6da9e578278aa6a,6f33fd97305851d499ad3ef49f8067f7,limit_hopping_zero_chain6,chain6_hole_2,947,32303,0.0009765625
haxs.stage5c2gR32A.g1-deterministic.v1,8d9f57771b025ad2b6da9e578278aa6a,21eb5c5a2dd25cd78919529661208130,limit_hopping_zero_chain6,chain6_hole_2,948,32310,0.0009765625
haxs.stage5c2gR32A.g1-deterministic.v1,8d9f57771b025ad2b6da9e578278aa6a,d8941eda987f5ff590ffbf6c357a14e7,limit_hopping_zero_chain6,chain6_hole_2,949,32311,0.0009765625
haxs.stage5c2gR32A.g1-deterministic.v1,8d9f57771b025ad2b6da9e578278aa6a,25f3001deb9e519bbf97fab17be41880,limit_hopping_zero_chain6,chain6_hole_2,950,32312,0.0009765625
haxs.stage5c2gR32A.g1-deterministic.v1,8d9f57771b025ad2b6da9e578278aa6a,e6caf08e2c7e56d7bc3fa97bd6137c27,limit_hopping_zero_chain6,chain6_hole_2,951,32313,0.0009765625
haxs.stage5c2gR32A.g1-deterministic.v1,8d9f57771b025ad2b6da9e578278aa6a,164f5cb804c052b79ecd5010737815e8,limit_hopping_zero_chain6,chain6_hole_2,952,32320,0.0009765625
haxs.stage5c2gR32A.g1-deterministic.v1,8d9f57771b025ad2b6da9e578278aa6a,9a1a12cd65f057aaa68691e1061876ee,limit_hopping_zero_chain6,chain6_hole_2,953,32321,0.0009765625
haxs.stage5c2gR32A.g1-deterministic.v1,8d9f57771b025ad2b6da9e578278aa6a,5c9cb6b3127857f99864730e61fa8326,limit_hopping_zero_chain6,chain6_hole_2,954,32322,0.0009765625
haxs.stage5c2gR32A.g1-deterministic.v1,8d9f57771b025ad2b6da9e578278aa6a,14b84145beef55dcbecb92d1cadd1990,limit_hopping_zero_chain6,chain6_hole_2,955,32323,0.0009765625
haxs.stage5c2gR32A.g1-deterministic.v1,8d9f57771b025ad2b6da9e578278aa6a,a75a55b2acec5b31a2d09fbdfc299ae5,limit_hopping_zero_chain6,chain6_hole_2,956,32330,0.0009765625
haxs.stage5c2gR32A.g1-deterministic.v1,8d9f57771b025ad2b6da9e578278aa6a,838b5a6a8017528b93d33622ea29bd36,limit_hopping_zero_chain6,chain6_hole_2,957,32331,0.0009765625
haxs.stage5c2gR32A.g1-deterministic.v1,8d9f57771b025ad2b6da9e578278aa6a,64b4f58f9a1c5cf3ae62fbfa4a5cddd8,limit_hopping_zero_chain6,chain6_hole_2,958,32332,0.0009765625
haxs.stage5c2gR32A.g1-deterministic.v1,8d9f57771b025ad2b6da9e578278aa6a,f39414beafb354f98e0e89bac6921cd1,limit_hopping_zero_chain6,chain6_hole_2,959,32333,0.0009765625
haxs.stage5c2gR32A.g1-deterministic.v1,8d9f57771b025ad2b6da9e578278aa6a,d138e93d0d5658d8b54d5686e3fb4e75,limit_hopping_zero_chain6,chain6_hole_2,960,33000,0.0009765625
haxs.stage5c2gR32A.g1-deterministic.v1,8d9f57771b025ad2b6da9e578278aa6a,948bd60939085e71a44e91669495b297,limit_hopping_zero_chain6,chain6_hole_2,961,33001,0.0009765625
haxs.stage5c2gR32A.g1-deterministic.v1,8d9f57771b025ad2b6da9e578278aa6a,0948b1b2d6625a65a6923063096b82e2,limit_hopping_zero_chain6,chain6_hole_2,962,33002,0.0009765625
haxs.stage5c2gR32A.g1-deterministic.v1,8d9f57771b025ad2b6da9e578278aa6a,3b5ec0368fab5402bce9a0b66dc60755,limit_hopping_zero_chain6,chain6_hole_2,963,33003,0.0009765625
haxs.stage5c2gR32A.g1-deterministic.v1,8d9f57771b025ad2b6da9e578278aa6a,f6e0e54a66575992b073cda9f54bd80e,limit_hopping_zero_chain6,chain6_hole_2,964,33010,0.0009765625
haxs.stage5c2gR32A.g1-deterministic.v1,8d9f57771b025ad2b6da9e578278aa6a,6186e723afa75dbea0d3c373e753e9d5,limit_hopping_zero_chain6,chain6_hole_2,965,33011,0.0009765625
haxs.stage5c2gR32A.g1-deterministic.v1,8d9f57771b025ad2b6da9e578278aa6a,9c6e47c8202157209cd9c43181896426,limit_hopping_zero_chain6,chain6_hole_2,966,33012,0.0009765625
haxs.stage5c2gR32A.g1-deterministic.v1,8d9f57771b025ad2b6da9e578278aa6a,8e51badd6db45326bf607ac2114565c4,limit_hopping_zero_chain6,chain6_hole_2,967,33013,0.0009765625
haxs.stage5c2gR32A.g1-deterministic.v1,8d9f57771b025ad2b6da9e578278aa6a,0798c85ace1c525c9530f22c3e35363a,limit_hopping_zero_chain6,chain6_hole_2,968,33020,0.0009765625
haxs.stage5c2gR32A.g1-deterministic.v1,8d9f57771b025ad2b6da9e578278aa6a,2b55cb4e787e527f8fc6fde9f9083746,limit_hopping_zero_chain6,chain6_hole_2,969,33021,0.0009765625
haxs.stage5c2gR32A.g1-deterministic.v1,8d9f57771b025ad2b6da9e578278aa6a,ee4f7d3cd68a5deba414d1663bdcf57f,limit_hopping_zero_chain6,chain6_hole_2,970,33022,0.0009765625
haxs.stage5c2gR32A.g1-deterministic.v1,8d9f57771b025ad2b6da9e578278aa6a,a7462deffa2e54fe88c03cb4d6d4516d,limit_hopping_zero_chain6,chain6_hole_2,971,33023,0.0009765625
haxs.stage5c2gR32A.g1-deterministic.v1,8d9f57771b025ad2b6da9e578278aa6a,4cbfda3bda395faabfd6e327cdf72ea6,limit_hopping_zero_chain6,chain6_hole_2,972,33030,0.0009765625
haxs.stage5c2gR32A.g1-deterministic.v1,8d9f57771b025ad2b6da9e578278aa6a,ce56b13b5d315df9b8072667b1f41afd,limit_hopping_zero_chain6,chain6_hole_2,973,33031,0.0009765625
haxs.stage5c2gR32A.g1-deterministic.v1,8d9f57771b025ad2b6da9e578278aa6a,4a2e8bb9f820531f92b602a5b31c189b,limit_hopping_zero_chain6,chain6_hole_2,974,33032,0.0009765625
haxs.stage5c2gR32A.g1-deterministic.v1,8d9f57771b025ad2b6da9e578278aa6a,9b8751721ce852b3a059876dedc72ef0,limit_hopping_zero_chain6,chain6_hole_2,975,33033,0.0009765625
haxs.stage5c2gR32A.g1-deterministic.v1,8d9f57771b025ad2b6da9e578278aa6a,ff2b6cc9f7dd5838a5e891f959397dde,limit_hopping_zero_chain6,chain6_hole_2,976,33100,0.0009765625
haxs.stage5c2gR32A.g1-deterministic.v1,8d9f57771b025ad2b6da9e578278aa6a,c6a1a8a771b75bcfa87494a6b7345e03,limit_hopping_zero_chain6,chain6_hole_2,977,33101,0.0009765625
haxs.stage5c2gR32A.g1-deterministic.v1,8d9f57771b025ad2b6da9e578278aa6a,eb202c4d6a4c5c8b8fb7d0dc4873f5fa,limit_hopping_zero_chain6,chain6_hole_2,978,33102,0.0009765625
haxs.stage5c2gR32A.g1-deterministic.v1,8d9f57771b025ad2b6da9e578278aa6a,ae47143b1b0d518b9d9408994e4609a0,limit_hopping_zero_chain6,chain6_hole_2,979,33103,0.0009765625
haxs.stage5c2gR32A.g1-deterministic.v1,8d9f57771b025ad2b6da9e578278aa6a,9f1afc6a8a4e55a4b10cb2086ae8d98c,limit_hopping_zero_chain6,chain6_hole_2,980,33110,0.0009765625
haxs.stage5c2gR32A.g1-deterministic.v1,8d9f57771b025ad2b6da9e578278aa6a,d5519af375435a2ca99471118f0a8a28,limit_hopping_zero_chain6,chain6_hole_2,981,33111,0.0009765625
haxs.stage5c2gR32A.g1-deterministic.v1,8d9f57771b025ad2b6da9e578278aa6a,d277dfda8ba65f71b77b8ee6eb1a0730,limit_hopping_zero_chain6,chain6_hole_2,982,33112,0.0009765625
haxs.stage5c2gR32A.g1-deterministic.v1,8d9f57771b025ad2b6da9e578278aa6a,c5f923ffa68a5c0e8ae9344cdfe8e6dd,limit_hopping_zero_chain6,chain6_hole_2,983,33113,0.0009765625
haxs.stage5c2gR32A.g1-deterministic.v1,8d9f57771b025ad2b6da9e578278aa6a,c03e7ffaa5b95f2c8293d19fcdfc0e67,limit_hopping_zero_chain6,chain6_hole_2,984,33120,0.0009765625
haxs.stage5c2gR32A.g1-deterministic.v1,8d9f57771b025ad2b6da9e578278aa6a,04f0018e153e58818a2744d3ac9c6d6f,limit_hopping_zero_chain6,chain6_hole_2,985,33121,0.0009765625
haxs.stage5c2gR32A.g1-deterministic.v1,8d9f57771b025ad2b6da9e578278aa6a,c1d5fc45632952e2ab16d29a2bb62904,limit_hopping_zero_chain6,chain6_hole_2,986,33122,0.0009765625
haxs.stage5c2gR32A.g1-deterministic.v1,8d9f57771b025ad2b6da9e578278aa6a,da32f1eefd845d9d81c177be18a978ae,limit_hopping_zero_chain6,chain6_hole_2,987,33123,0.0009765625
haxs.stage5c2gR32A.g1-deterministic.v1,8d9f57771b025ad2b6da9e578278aa6a,b80c8f22a5055e3ea794e8be51bb0918,limit_hopping_zero_chain6,chain6_hole_2,988,33130,0.0009765625
haxs.stage5c2gR32A.g1-deterministic.v1,8d9f57771b025ad2b6da9e578278aa6a,76bdf3685ef65fbf866383aeccf043cd,limit_hopping_zero_chain6,chain6_hole_2,989,33131,0.0009765625
haxs.stage5c2gR32A.g1-deterministic.v1,8d9f57771b025ad2b6da9e578278aa6a,25bc4c219ed65d78a65bda576057f7c8,limit_hopping_zero_chain6,chain6_hole_2,990,33132,0.0009765625
haxs.stage5c2gR32A.g1-deterministic.v1,8d9f57771b025ad2b6da9e578278aa6a,07b21e8ead265e6786838d59b01cfc01,limit_hopping_zero_chain6,chain6_hole_2,991,33133,0.0009765625
haxs.stage5c2gR32A.g1-deterministic.v1,8d9f57771b025ad2b6da9e578278aa6a,9ca53db264eb5377b8e068b508dfe2be,limit_hopping_zero_chain6,chain6_hole_2,992,33200,0.0009765625
haxs.stage5c2gR32A.g1-deterministic.v1,8d9f57771b025ad2b6da9e578278aa6a,26e5d7f6ab6153d39a567d134943addd,limit_hopping_zero_chain6,chain6_hole_2,993,33201,0.0009765625
haxs.stage5c2gR32A.g1-deterministic.v1,8d9f57771b025ad2b6da9e578278aa6a,b7b3ef67b6775d35b49900229a60c520,limit_hopping_zero_chain6,chain6_hole_2,994,33202,0.0009765625
haxs.stage5c2gR32A.g1-deterministic.v1,8d9f57771b025ad2b6da9e578278aa6a,d5daa3d5c14052dc861b1cb84f128e69,limit_hopping_zero_chain6,chain6_hole_2,995,33203,0.0009765625
haxs.stage5c2gR32A.g1-deterministic.v1,8d9f57771b025ad2b6da9e578278aa6a,e9ded77c8b9c5e0fbc8d968beb285baa,limit_hopping_zero_chain6,chain6_hole_2,996,33210,0.0009765625
haxs.stage5c2gR32A.g1-deterministic.v1,8d9f57771b025ad2b6da9e578278aa6a,4f89e44bb2b75b16a1cde0742a96ad59,limit_hopping_zero_chain6,chain6_hole_2,997,33211,0.0009765625
haxs.stage5c2gR32A.g1-deterministic.v1,8d9f57771b025ad2b6da9e578278aa6a,e2895d93e2ab5886aea4e0c29105e338,limit_hopping_zero_chain6,chain6_hole_2,998,33212,0.0009765625
haxs.stage5c2gR32A.g1-deterministic.v1,8d9f57771b025ad2b6da9e578278aa6a,fa38e15428ca5a60931ba04a19aef76e,limit_hopping_zero_chain6,chain6_hole_2,999,33213,0.0009765625
haxs.stage5c2gR32A.g1-deterministic.v1,8d9f57771b025ad2b6da9e578278aa6a,cf73f363dd3b51a994e3530698c27000,limit_hopping_zero_chain6,chain6_hole_2,1000,33220,0.0009765625
haxs.stage5c2gR32A.g1-deterministic.v1,8d9f57771b025ad2b6da9e578278aa6a,172579a8b5a35daeb34080e9ceff3768,limit_hopping_zero_chain6,chain6_hole_2,1001,33221,0.0009765625
haxs.stage5c2gR32A.g1-deterministic.v1,8d9f57771b025ad2b6da9e578278aa6a,ecb4a264db5f5b7e85e357a20515ba7e,limit_hopping_zero_chain6,chain6_hole_2,1002,33222,0.0009765625
haxs.stage5c2gR32A.g1-deterministic.v1,8d9f57771b025ad2b6da9e578278aa6a,e4ab4b9cdb535e6495947a0ef053f7c2,limit_hopping_zero_chain6,chain6_hole_2,1003,33223,0.0009765625
haxs.stage5c2gR32A.g1-deterministic.v1,8d9f57771b025ad2b6da9e578278aa6a,4c982de0dd0e548e827f91e85d91aa46,limit_hopping_zero_chain6,chain6_hole_2,1004,33230,0.0009765625
haxs.stage5c2gR32A.g1-deterministic.v1,8d9f57771b025ad2b6da9e578278aa6a,f91dd0de62ba544dbb74dd1d0cf69fc2,limit_hopping_zero_chain6,chain6_hole_2,1005,33231,0.0009765625
haxs.stage5c2gR32A.g1-deterministic.v1,8d9f57771b025ad2b6da9e578278aa6a,c30e725906615c97823082fd2a6c5005,limit_hopping_zero_chain6,chain6_hole_2,1006,33232,0.0009765625
haxs.stage5c2gR32A.g1-deterministic.v1,8d9f57771b025ad2b6da9e578278aa6a,cba8af95e94a5d83b7bb1ef6f844b12c,limit_hopping_zero_chain6,chain6_hole_2,1007,33233,0.0009765625
haxs.stage5c2gR32A.g1-deterministic.v1,8d9f57771b025ad2b6da9e578278aa6a,b1adb3af50345bfba41bd3db1e3aa580,limit_hopping_zero_chain6,chain6_hole_2,1008,33300,0.0009765625
haxs.stage5c2gR32A.g1-deterministic.v1,8d9f57771b025ad2b6da9e578278aa6a,7df4852f6f61515b895655924c52ad68,limit_hopping_zero_chain6,chain6_hole_2,1009,33301,0.0009765625
haxs.stage5c2gR32A.g1-deterministic.v1,8d9f57771b025ad2b6da9e578278aa6a,03ac32ea53815df990ef24cc37ad3f41,limit_hopping_zero_chain6,chain6_hole_2,1010,33302,0.0009765625
haxs.stage5c2gR32A.g1-deterministic.v1,8d9f57771b025ad2b6da9e578278aa6a,7cd0b76910595ae19e4a7f5df26cfaa6,limit_hopping_zero_chain6,chain6_hole_2,1011,33303,0.0009765625
haxs.stage5c2gR32A.g1-deterministic.v1,8d9f57771b025ad2b6da9e578278aa6a,0991bef8725c50a98e5f3f55586ec6e7,limit_hopping_zero_chain6,chain6_hole_2,1012,33310,0.0009765625
haxs.stage5c2gR32A.g1-deterministic.v1,8d9f57771b025ad2b6da9e578278aa6a,e071da21f28f573d90890b68ac0f3d88,limit_hopping_zero_chain6,chain6_hole_2,1013,33311,0.0009765625
haxs.stage5c2gR32A.g1-deterministic.v1,8d9f57771b025ad2b6da9e578278aa6a,4832f15b56ab51549ae132f7ac0548e5,limit_hopping_zero_chain6,chain6_hole_2,1014,33312,0.0009765625
haxs.stage5c2gR32A.g1-deterministic.v1,8d9f57771b025ad2b6da9e578278aa6a,81c4e587d21c5b7cb706f46eaf6fa4ef,limit_hopping_zero_chain6,chain6_hole_2,1015,33313,0.0009765625
haxs.stage5c2gR32A.g1-deterministic.v1,8d9f57771b025ad2b6da9e578278aa6a,457e01a28a7d53f39de40d778e185cc8,limit_hopping_zero_chain6,chain6_hole_2,1016,33320,0.0009765625
haxs.stage5c2gR32A.g1-deterministic.v1,8d9f57771b025ad2b6da9e578278aa6a,10c794b2daea515ebb3ad6e551dd2c21,limit_hopping_zero_chain6,chain6_hole_2,1017,33321,0.0009765625
haxs.stage5c2gR32A.g1-deterministic.v1,8d9f57771b025ad2b6da9e578278aa6a,7c2fe03eccb45915be1c38a6153ebfe1,limit_hopping_zero_chain6,chain6_hole_2,1018,33322,0.0009765625
haxs.stage5c2gR32A.g1-deterministic.v1,8d9f57771b025ad2b6da9e578278aa6a,2d6a7f02960b5cae9d070854c756271b,limit_hopping_zero_chain6,chain6_hole_2,1019,33323,0.0009765625
haxs.stage5c2gR32A.g1-deterministic.v1,8d9f57771b025ad2b6da9e578278aa6a,8bd01598e9f55bccb0445f38eb5656da,limit_hopping_zero_chain6,chain6_hole_2,1020,33330,0.0009765625
haxs.stage5c2gR32A.g1-deterministic.v1,8d9f57771b025ad2b6da9e578278aa6a,69b5db7aea7f53bb8c02860a866f65de,limit_hopping_zero_chain6,chain6_hole_2,1021,33331,0.0009765625
haxs.stage5c2gR32A.g1-deterministic.v1,8d9f57771b025ad2b6da9e578278aa6a,842599e74508578b9cb9df69caea6afe,limit_hopping_zero_chain6,chain6_hole_2,1022,33332,0.0009765625
haxs.stage5c2gR32A.g1-deterministic.v1,8d9f57771b025ad2b6da9e578278aa6a,56d7fd7af741597daea4a1139e371d09,limit_hopping_zero_chain6,chain6_hole_2,1023,33333,0.0009765625
haxs.stage5c2gR32A.g1-deterministic.v1,db87e6c265d45773bb6297db5af0c11f,b7655e22535350f1ac705bde1633ff71,limit_hopping_zero_chain6,chain6_hole_4,0,00000,0.0009765625
haxs.stage5c2gR32A.g1-deterministic.v1,db87e6c265d45773bb6297db5af0c11f,8c2e0800338e52c792749faf64aecc89,limit_hopping_zero_chain6,chain6_hole_4,1,00001,0.0009765625
haxs.stage5c2gR32A.g1-deterministic.v1,db87e6c265d45773bb6297db5af0c11f,709eda2188c955539ced3c7b58de50bd,limit_hopping_zero_chain6,chain6_hole_4,2,00002,0.0009765625
haxs.stage5c2gR32A.g1-deterministic.v1,db87e6c265d45773bb6297db5af0c11f,d751daf8342d5aec90a7f17695b18b42,limit_hopping_zero_chain6,chain6_hole_4,3,00003,0.0009765625
haxs.stage5c2gR32A.g1-deterministic.v1,db87e6c265d45773bb6297db5af0c11f,df0fa1b120205edb8973a4d1bb70188d,limit_hopping_zero_chain6,chain6_hole_4,4,00010,0.0009765625
haxs.stage5c2gR32A.g1-deterministic.v1,db87e6c265d45773bb6297db5af0c11f,b30b90011a7756d4bc993c5c25423955,limit_hopping_zero_chain6,chain6_hole_4,5,00011,0.0009765625
haxs.stage5c2gR32A.g1-deterministic.v1,db87e6c265d45773bb6297db5af0c11f,53bcd2d4e03058f2a21305ca191688e2,limit_hopping_zero_chain6,chain6_hole_4,6,00012,0.0009765625
haxs.stage5c2gR32A.g1-deterministic.v1,db87e6c265d45773bb6297db5af0c11f,3e9e122585815f52b1413908ea0061bc,limit_hopping_zero_chain6,chain6_hole_4,7,00013,0.0009765625
haxs.stage5c2gR32A.g1-deterministic.v1,db87e6c265d45773bb6297db5af0c11f,b7680079622e54eab6ea576c8f5ef13b,limit_hopping_zero_chain6,chain6_hole_4,8,00020,0.0009765625
haxs.stage5c2gR32A.g1-deterministic.v1,db87e6c265d45773bb6297db5af0c11f,d54797cbe1e3563e9665b018fb42c297,limit_hopping_zero_chain6,chain6_hole_4,9,00021,0.0009765625
haxs.stage5c2gR32A.g1-deterministic.v1,db87e6c265d45773bb6297db5af0c11f,e2a57752f08455ccbb480765b2f51ccc,limit_hopping_zero_chain6,chain6_hole_4,10,00022,0.0009765625
haxs.stage5c2gR32A.g1-deterministic.v1,db87e6c265d45773bb6297db5af0c11f,b2dbf46e19785e54bc3d74212a1b7fa2,limit_hopping_zero_chain6,chain6_hole_4,11,00023,0.0009765625
haxs.stage5c2gR32A.g1-deterministic.v1,db87e6c265d45773bb6297db5af0c11f,e9f5d44f3feb56048d2197a6ec0254bc,limit_hopping_zero_chain6,chain6_hole_4,12,00030,0.0009765625
haxs.stage5c2gR32A.g1-deterministic.v1,db87e6c265d45773bb6297db5af0c11f,ed74c07b6f69548e8090781ad7ea2754,limit_hopping_zero_chain6,chain6_hole_4,13,00031,0.0009765625
haxs.stage5c2gR32A.g1-deterministic.v1,db87e6c265d45773bb6297db5af0c11f,4f829a80866b5505b1ddf72ea5384e1a,limit_hopping_zero_chain6,chain6_hole_4,14,00032,0.0009765625
haxs.stage5c2gR32A.g1-deterministic.v1,db87e6c265d45773bb6297db5af0c11f,5154711d9b9050cb9e5a07cba7d5177b,limit_hopping_zero_chain6,chain6_hole_4,15,00033,0.0009765625
haxs.stage5c2gR32A.g1-deterministic.v1,db87e6c265d45773bb6297db5af0c11f,eab55ef60dff53ad96241f1fe0202525,limit_hopping_zero_chain6,chain6_hole_4,16,00100,0.0009765625
haxs.stage5c2gR32A.g1-deterministic.v1,db87e6c265d45773bb6297db5af0c11f,7ff10b7147bd5e42b4f02653f8964b7d,limit_hopping_zero_chain6,chain6_hole_4,17,00101,0.0009765625
haxs.stage5c2gR32A.g1-deterministic.v1,db87e6c265d45773bb6297db5af0c11f,1095fbd3a91752bcba24fe5fb772b3b6,limit_hopping_zero_chain6,chain6_hole_4,18,00102,0.0009765625
haxs.stage5c2gR32A.g1-deterministic.v1,db87e6c265d45773bb6297db5af0c11f,4b5c722a8d4c5ff1bd02c75a84ec1c31,limit_hopping_zero_chain6,chain6_hole_4,19,00103,0.0009765625
haxs.stage5c2gR32A.g1-deterministic.v1,db87e6c265d45773bb6297db5af0c11f,fbe5baada22757cab31146fe16d628cb,limit_hopping_zero_chain6,chain6_hole_4,20,00110,0.0009765625
haxs.stage5c2gR32A.g1-deterministic.v1,db87e6c265d45773bb6297db5af0c11f,4723a15fad4855ab9be6321f5a25cb94,limit_hopping_zero_chain6,chain6_hole_4,21,00111,0.0009765625
haxs.stage5c2gR32A.g1-deterministic.v1,db87e6c265d45773bb6297db5af0c11f,aa8744d792b450f4b6d2dd84f6432ceb,limit_hopping_zero_chain6,chain6_hole_4,22,00112,0.0009765625
haxs.stage5c2gR32A.g1-deterministic.v1,db87e6c265d45773bb6297db5af0c11f,c88231d4db9c5a24adf402ee01a0488f,limit_hopping_zero_chain6,chain6_hole_4,23,00113,0.0009765625
haxs.stage5c2gR32A.g1-deterministic.v1,db87e6c265d45773bb6297db5af0c11f,d9db8600da6551ebba897d42d53f57bd,limit_hopping_zero_chain6,chain6_hole_4,24,00120,0.0009765625
haxs.stage5c2gR32A.g1-deterministic.v1,db87e6c265d45773bb6297db5af0c11f,0a06955726ae51ac92721e56d2a63650,limit_hopping_zero_chain6,chain6_hole_4,25,00121,0.0009765625
haxs.stage5c2gR32A.g1-deterministic.v1,db87e6c265d45773bb6297db5af0c11f,7b189a31f1625aa18fa3139b19d480b7,limit_hopping_zero_chain6,chain6_hole_4,26,00122,0.0009765625
haxs.stage5c2gR32A.g1-deterministic.v1,db87e6c265d45773bb6297db5af0c11f,d59472d1e38258cdb42c9deb02328721,limit_hopping_zero_chain6,chain6_hole_4,27,00123,0.0009765625
haxs.stage5c2gR32A.g1-deterministic.v1,db87e6c265d45773bb6297db5af0c11f,cc6e8c5f93fc5024878d5baf4b7be498,limit_hopping_zero_chain6,chain6_hole_4,28,00130,0.0009765625
haxs.stage5c2gR32A.g1-deterministic.v1,db87e6c265d45773bb6297db5af0c11f,d1b9e8642e9c53e881d038fb7589ccb9,limit_hopping_zero_chain6,chain6_hole_4,29,00131,0.0009765625
haxs.stage5c2gR32A.g1-deterministic.v1,db87e6c265d45773bb6297db5af0c11f,57b32ca998495d878319afd470fdcfbb,limit_hopping_zero_chain6,chain6_hole_4,30,00132,0.0009765625
haxs.stage5c2gR32A.g1-deterministic.v1,db87e6c265d45773bb6297db5af0c11f,4756b6950aa8550a96bccc07ad7283e2,limit_hopping_zero_chain6,chain6_hole_4,31,00133,0.0009765625
haxs.stage5c2gR32A.g1-deterministic.v1,db87e6c265d45773bb6297db5af0c11f,97659ba5eafa5ce4809cfbced9872d37,limit_hopping_zero_chain6,chain6_hole_4,32,00200,0.0009765625
haxs.stage5c2gR32A.g1-deterministic.v1,db87e6c265d45773bb6297db5af0c11f,66dd49b16bf755fb8cbc2af2ba019ff7,limit_hopping_zero_chain6,chain6_hole_4,33,00201,0.0009765625
haxs.stage5c2gR32A.g1-deterministic.v1,db87e6c265d45773bb6297db5af0c11f,10b5dc9ece865b3aa87d66794400ca23,limit_hopping_zero_chain6,chain6_hole_4,34,00202,0.0009765625
haxs.stage5c2gR32A.g1-deterministic.v1,db87e6c265d45773bb6297db5af0c11f,ae3924b74ee058309dd6dbb15bcacfd9,limit_hopping_zero_chain6,chain6_hole_4,35,00203,0.0009765625
haxs.stage5c2gR32A.g1-deterministic.v1,db87e6c265d45773bb6297db5af0c11f,c3023afe63d95f5aa1ce5c7ba8b26227,limit_hopping_zero_chain6,chain6_hole_4,36,00210,0.0009765625
haxs.stage5c2gR32A.g1-deterministic.v1,db87e6c265d45773bb6297db5af0c11f,a6c5c2985852541d8aee8c96421e5658,limit_hopping_zero_chain6,chain6_hole_4,37,00211,0.0009765625
haxs.stage5c2gR32A.g1-deterministic.v1,db87e6c265d45773bb6297db5af0c11f,0f6be927c5755bc6bfd85aa11ea8c06f,limit_hopping_zero_chain6,chain6_hole_4,38,00212,0.0009765625
haxs.stage5c2gR32A.g1-deterministic.v1,db87e6c265d45773bb6297db5af0c11f,5a3ac9d67e065fd1a82faad35b6c6fd9,limit_hopping_zero_chain6,chain6_hole_4,39,00213,0.0009765625
haxs.stage5c2gR32A.g1-deterministic.v1,db87e6c265d45773bb6297db5af0c11f,a872e08169605d58a41b54644ac142ae,limit_hopping_zero_chain6,chain6_hole_4,40,00220,0.0009765625
haxs.stage5c2gR32A.g1-deterministic.v1,db87e6c265d45773bb6297db5af0c11f,0104102094ec5b5da1316df676f6a513,limit_hopping_zero_chain6,chain6_hole_4,41,00221,0.0009765625
haxs.stage5c2gR32A.g1-deterministic.v1,db87e6c265d45773bb6297db5af0c11f,36db2030366a502596754da24cff24a9,limit_hopping_zero_chain6,chain6_hole_4,42,00222,0.0009765625
haxs.stage5c2gR32A.g1-deterministic.v1,db87e6c265d45773bb6297db5af0c11f,869721fa6ade51a88e9a4685f32b9e6a,limit_hopping_zero_chain6,chain6_hole_4,43,00223,0.0009765625
haxs.stage5c2gR32A.g1-deterministic.v1,db87e6c265d45773bb6297db5af0c11f,c0e9ace280ec5fb8843ddac307b936b3,limit_hopping_zero_chain6,chain6_hole_4,44,00230,0.0009765625
haxs.stage5c2gR32A.g1-deterministic.v1,db87e6c265d45773bb6297db5af0c11f,aff07b079f64563ea6e1a3fa5c92f3b2,limit_hopping_zero_chain6,chain6_hole_4,45,00231,0.0009765625
haxs.stage5c2gR32A.g1-deterministic.v1,db87e6c265d45773bb6297db5af0c11f,257d5507759e51749a98714631f7ab56,limit_hopping_zero_chain6,chain6_hole_4,46,00232,0.0009765625
haxs.stage5c2gR32A.g1-deterministic.v1,db87e6c265d45773bb6297db5af0c11f,990c04fb0365561cab586442b5d90340,limit_hopping_zero_chain6,chain6_hole_4,47,00233,0.0009765625
haxs.stage5c2gR32A.g1-deterministic.v1,db87e6c265d45773bb6297db5af0c11f,88aadd8b28685f98bf9d2bfd9760e023,limit_hopping_zero_chain6,chain6_hole_4,48,00300,0.0009765625
haxs.stage5c2gR32A.g1-deterministic.v1,db87e6c265d45773bb6297db5af0c11f,daf6a91c250d5e9f89782309bc0350ff,limit_hopping_zero_chain6,chain6_hole_4,49,00301,0.0009765625
haxs.stage5c2gR32A.g1-deterministic.v1,db87e6c265d45773bb6297db5af0c11f,357134134f5257309151acbba5ddb2be,limit_hopping_zero_chain6,chain6_hole_4,50,00302,0.0009765625
haxs.stage5c2gR32A.g1-deterministic.v1,db87e6c265d45773bb6297db5af0c11f,2c716fb6934c55f08c176d0a6dfdb0d7,limit_hopping_zero_chain6,chain6_hole_4,51,00303,0.0009765625
haxs.stage5c2gR32A.g1-deterministic.v1,db87e6c265d45773bb6297db5af0c11f,160d582035b156e3836e69d15aa60c01,limit_hopping_zero_chain6,chain6_hole_4,52,00310,0.0009765625
haxs.stage5c2gR32A.g1-deterministic.v1,db87e6c265d45773bb6297db5af0c11f,733fafbc5bc15bf785be578f43dfe017,limit_hopping_zero_chain6,chain6_hole_4,53,00311,0.0009765625
haxs.stage5c2gR32A.g1-deterministic.v1,db87e6c265d45773bb6297db5af0c11f,6a9506cc4e995967b95662391a6778c4,limit_hopping_zero_chain6,chain6_hole_4,54,00312,0.0009765625
haxs.stage5c2gR32A.g1-deterministic.v1,db87e6c265d45773bb6297db5af0c11f,ed4489ea28685d0e99c957a9687b379a,limit_hopping_zero_chain6,chain6_hole_4,55,00313,0.0009765625
haxs.stage5c2gR32A.g1-deterministic.v1,db87e6c265d45773bb6297db5af0c11f,e46f253e07ed529aae18c360657cb870,limit_hopping_zero_chain6,chain6_hole_4,56,00320,0.0009765625
haxs.stage5c2gR32A.g1-deterministic.v1,db87e6c265d45773bb6297db5af0c11f,3e0880cb9d72524785277c2efb088284,limit_hopping_zero_chain6,chain6_hole_4,57,00321,0.0009765625
haxs.stage5c2gR32A.g1-deterministic.v1,db87e6c265d45773bb6297db5af0c11f,4c54bc5ca5f65a7a907dac7914d29a79,limit_hopping_zero_chain6,chain6_hole_4,58,00322,0.0009765625
haxs.stage5c2gR32A.g1-deterministic.v1,db87e6c265d45773bb6297db5af0c11f,bde33b64ad41558c8e2b149a0fe39510,limit_hopping_zero_chain6,chain6_hole_4,59,00323,0.0009765625
haxs.stage5c2gR32A.g1-deterministic.v1,db87e6c265d45773bb6297db5af0c11f,625befd2a01956f1996246a6a0d31c6a,limit_hopping_zero_chain6,chain6_hole_4,60,00330,0.0009765625
haxs.stage5c2gR32A.g1-deterministic.v1,db87e6c265d45773bb6297db5af0c11f,d7154d8970625a47acf51ce704b7c322,limit_hopping_zero_chain6,chain6_hole_4,61,00331,0.0009765625
haxs.stage5c2gR32A.g1-deterministic.v1,db87e6c265d45773bb6297db5af0c11f,c84d98b139cc5927b95037b79d65cdee,limit_hopping_zero_chain6,chain6_hole_4,62,00332,0.0009765625
haxs.stage5c2gR32A.g1-deterministic.v1,db87e6c265d45773bb6297db5af0c11f,60963e74bb4a5d24a55f2844b45c9222,limit_hopping_zero_chain6,chain6_hole_4,63,00333,0.0009765625
haxs.stage5c2gR32A.g1-deterministic.v1,db87e6c265d45773bb6297db5af0c11f,58b7cd495a1652aeaccfc37498e8b14c,limit_hopping_zero_chain6,chain6_hole_4,64,01000,0.0009765625
haxs.stage5c2gR32A.g1-deterministic.v1,db87e6c265d45773bb6297db5af0c11f,82bc88cbb6135e1ea378a88b4e4ac16e,limit_hopping_zero_chain6,chain6_hole_4,65,01001,0.0009765625
haxs.stage5c2gR32A.g1-deterministic.v1,db87e6c265d45773bb6297db5af0c11f,f507935497cd5b6ab7aa92ff8de53e7d,limit_hopping_zero_chain6,chain6_hole_4,66,01002,0.0009765625
haxs.stage5c2gR32A.g1-deterministic.v1,db87e6c265d45773bb6297db5af0c11f,85f959cbc33f5b14b2041349f1e1e61f,limit_hopping_zero_chain6,chain6_hole_4,67,01003,0.0009765625
haxs.stage5c2gR32A.g1-deterministic.v1,db87e6c265d45773bb6297db5af0c11f,c5b69f621ae1535c90201b6b1d6462f8,limit_hopping_zero_chain6,chain6_hole_4,68,01010,0.0009765625
haxs.stage5c2gR32A.g1-deterministic.v1,db87e6c265d45773bb6297db5af0c11f,8133f26fafc75494941cf333ecb0b33f,limit_hopping_zero_chain6,chain6_hole_4,69,01011,0.0009765625
haxs.stage5c2gR32A.g1-deterministic.v1,db87e6c265d45773bb6297db5af0c11f,4a7b40ee8a5c5e44b7e7b1d2b133ff2e,limit_hopping_zero_chain6,chain6_hole_4,70,01012,0.0009765625
haxs.stage5c2gR32A.g1-deterministic.v1,db87e6c265d45773bb6297db5af0c11f,45d8faf1300450dea20125a4df6f114e,limit_hopping_zero_chain6,chain6_hole_4,71,01013,0.0009765625
haxs.stage5c2gR32A.g1-deterministic.v1,db87e6c265d45773bb6297db5af0c11f,0c2fc9f81c015c9bb64bad928124054b,limit_hopping_zero_chain6,chain6_hole_4,72,01020,0.0009765625
haxs.stage5c2gR32A.g1-deterministic.v1,db87e6c265d45773bb6297db5af0c11f,008879350f3f54a995fa958b2a924164,limit_hopping_zero_chain6,chain6_hole_4,73,01021,0.0009765625
haxs.stage5c2gR32A.g1-deterministic.v1,db87e6c265d45773bb6297db5af0c11f,bce4a2283f1252928c57da0197061247,limit_hopping_zero_chain6,chain6_hole_4,74,01022,0.0009765625
haxs.stage5c2gR32A.g1-deterministic.v1,db87e6c265d45773bb6297db5af0c11f,734a1bfbb95654e7922a0fffa26e300a,limit_hopping_zero_chain6,chain6_hole_4,75,01023,0.0009765625
haxs.stage5c2gR32A.g1-deterministic.v1,db87e6c265d45773bb6297db5af0c11f,8e96ec723dfa5ec7ac49853dafe2122b,limit_hopping_zero_chain6,chain6_hole_4,76,01030,0.0009765625
haxs.stage5c2gR32A.g1-deterministic.v1,db87e6c265d45773bb6297db5af0c11f,e7e983d2d5965be180c80f7a8d93056e,limit_hopping_zero_chain6,chain6_hole_4,77,01031,0.0009765625
haxs.stage5c2gR32A.g1-deterministic.v1,db87e6c265d45773bb6297db5af0c11f,b7c810145b145c6cbe907f9b807a264d,limit_hopping_zero_chain6,chain6_hole_4,78,01032,0.0009765625
haxs.stage5c2gR32A.g1-deterministic.v1,db87e6c265d45773bb6297db5af0c11f,37f068527bad595ab88024e3ad0914fc,limit_hopping_zero_chain6,chain6_hole_4,79,01033,0.0009765625
haxs.stage5c2gR32A.g1-deterministic.v1,db87e6c265d45773bb6297db5af0c11f,31b4aa82a1345e48bb04e81bcabf8dab,limit_hopping_zero_chain6,chain6_hole_4,80,01100,0.0009765625
haxs.stage5c2gR32A.g1-deterministic.v1,db87e6c265d45773bb6297db5af0c11f,e6c862cc4fc95de78cd598c5aa216bf9,limit_hopping_zero_chain6,chain6_hole_4,81,01101,0.0009765625
haxs.stage5c2gR32A.g1-deterministic.v1,db87e6c265d45773bb6297db5af0c11f,72e556911c0e5a5fb240e66a77dd76a6,limit_hopping_zero_chain6,chain6_hole_4,82,01102,0.0009765625
haxs.stage5c2gR32A.g1-deterministic.v1,db87e6c265d45773bb6297db5af0c11f,8826cdadd27b55228dd5372dc48b91d3,limit_hopping_zero_chain6,chain6_hole_4,83,01103,0.0009765625
haxs.stage5c2gR32A.g1-deterministic.v1,db87e6c265d45773bb6297db5af0c11f,e562b1c27ad754d7b264fb8aba54f0c9,limit_hopping_zero_chain6,chain6_hole_4,84,01110,0.0009765625
haxs.stage5c2gR32A.g1-deterministic.v1,db87e6c265d45773bb6297db5af0c11f,134a9c0fc4915a8c8206f5a559f12ff6,limit_hopping_zero_chain6,chain6_hole_4,85,01111,0.0009765625
haxs.stage5c2gR32A.g1-deterministic.v1,db87e6c265d45773bb6297db5af0c11f,47ea5cd90eee50f7ad62b1aa27f287d7,limit_hopping_zero_chain6,chain6_hole_4,86,01112,0.0009765625
haxs.stage5c2gR32A.g1-deterministic.v1,db87e6c265d45773bb6297db5af0c11f,d5ed287a73325827bb27e2e16bba402b,limit_hopping_zero_chain6,chain6_hole_4,87,01113,0.0009765625
haxs.stage5c2gR32A.g1-deterministic.v1,db87e6c265d45773bb6297db5af0c11f,8ee213c75f4657a982396a2ca159f820,limit_hopping_zero_chain6,chain6_hole_4,88,01120,0.0009765625
haxs.stage5c2gR32A.g1-deterministic.v1,db87e6c265d45773bb6297db5af0c11f,6036310aceec55f4b9c787764266ab0c,limit_hopping_zero_chain6,chain6_hole_4,89,01121,0.0009765625
haxs.stage5c2gR32A.g1-deterministic.v1,db87e6c265d45773bb6297db5af0c11f,4ce68617ff4353ab8c25a5fc1fe28bdb,limit_hopping_zero_chain6,chain6_hole_4,90,01122,0.0009765625
haxs.stage5c2gR32A.g1-deterministic.v1,db87e6c265d45773bb6297db5af0c11f,8c22882104d5518c8b8b2c7ea5afec06,limit_hopping_zero_chain6,chain6_hole_4,91,01123,0.0009765625
haxs.stage5c2gR32A.g1-deterministic.v1,db87e6c265d45773bb6297db5af0c11f,f7bfefbc5683544f8c97c04e17ef2446,limit_hopping_zero_chain6,chain6_hole_4,92,01130,0.0009765625
haxs.stage5c2gR32A.g1-deterministic.v1,db87e6c265d45773bb6297db5af0c11f,3e86d72231425467a6e833af06336a09,limit_hopping_zero_chain6,chain6_hole_4,93,01131,0.0009765625
haxs.stage5c2gR32A.g1-deterministic.v1,db87e6c265d45773bb6297db5af0c11f,1679bd5937895f3fa7c85ec6b627ae79,limit_hopping_zero_chain6,chain6_hole_4,94,01132,0.0009765625
haxs.stage5c2gR32A.g1-deterministic.v1,db87e6c265d45773bb6297db5af0c11f,68541924c2e657149c2e693ba9a5e92e,limit_hopping_zero_chain6,chain6_hole_4,95,01133,0.0009765625
haxs.stage5c2gR32A.g1-deterministic.v1,db87e6c265d45773bb6297db5af0c11f,f16b441171205e989dc82ccf8186b104,limit_hopping_zero_chain6,chain6_hole_4,96,01200,0.0009765625
haxs.stage5c2gR32A.g1-deterministic.v1,db87e6c265d45773bb6297db5af0c11f,dfab6263b0b5589494efa7672e7f2fa6,limit_hopping_zero_chain6,chain6_hole_4,97,01201,0.0009765625
haxs.stage5c2gR32A.g1-deterministic.v1,db87e6c265d45773bb6297db5af0c11f,54bc104978ef5941ae490c62e411211a,limit_hopping_zero_chain6,chain6_hole_4,98,01202,0.0009765625
haxs.stage5c2gR32A.g1-deterministic.v1,db87e6c265d45773bb6297db5af0c11f,7eb676e28fec56b8b75bb291405ceb45,limit_hopping_zero_chain6,chain6_hole_4,99,01203,0.0009765625
haxs.stage5c2gR32A.g1-deterministic.v1,db87e6c265d45773bb6297db5af0c11f,1df5c8462041523ba990f9a94b86aa0a,limit_hopping_zero_chain6,chain6_hole_4,100,01210,0.0009765625
haxs.stage5c2gR32A.g1-deterministic.v1,db87e6c265d45773bb6297db5af0c11f,42e732ad47cd5ec28a700ff0af264e3d,limit_hopping_zero_chain6,chain6_hole_4,101,01211,0.0009765625
haxs.stage5c2gR32A.g1-deterministic.v1,db87e6c265d45773bb6297db5af0c11f,a4998e7dce5353a59cb380bac3ec948f,limit_hopping_zero_chain6,chain6_hole_4,102,01212,0.0009765625
haxs.stage5c2gR32A.g1-deterministic.v1,db87e6c265d45773bb6297db5af0c11f,62dd83a32a8f5fbdb84271ee34a4be5f,limit_hopping_zero_chain6,chain6_hole_4,103,01213,0.0009765625
haxs.stage5c2gR32A.g1-deterministic.v1,db87e6c265d45773bb6297db5af0c11f,eea41764d1435a8fa80ffb62c1775891,limit_hopping_zero_chain6,chain6_hole_4,104,01220,0.0009765625
haxs.stage5c2gR32A.g1-deterministic.v1,db87e6c265d45773bb6297db5af0c11f,6133b7e58893502b8c2430dbc32fe8ae,limit_hopping_zero_chain6,chain6_hole_4,105,01221,0.0009765625
haxs.stage5c2gR32A.g1-deterministic.v1,db87e6c265d45773bb6297db5af0c11f,077b475c549d52c8a4042218bcba35f1,limit_hopping_zero_chain6,chain6_hole_4,106,01222,0.0009765625
haxs.stage5c2gR32A.g1-deterministic.v1,db87e6c265d45773bb6297db5af0c11f,c738cf688b1a5725b63d5f8fefdd732a,limit_hopping_zero_chain6,chain6_hole_4,107,01223,0.0009765625
haxs.stage5c2gR32A.g1-deterministic.v1,db87e6c265d45773bb6297db5af0c11f,37fcfd171164586da15fc1c979774e65,limit_hopping_zero_chain6,chain6_hole_4,108,01230,0.0009765625
haxs.stage5c2gR32A.g1-deterministic.v1,db87e6c265d45773bb6297db5af0c11f,8bd7e2f001365c4193913e5cbffdecb0,limit_hopping_zero_chain6,chain6_hole_4,109,01231,0.0009765625
haxs.stage5c2gR32A.g1-deterministic.v1,db87e6c265d45773bb6297db5af0c11f,e0266d60135d5cf19fda226dab81d8db,limit_hopping_zero_chain6,chain6_hole_4,110,01232,0.0009765625
haxs.stage5c2gR32A.g1-deterministic.v1,db87e6c265d45773bb6297db5af0c11f,c473905933bb5fad9d947c9b15cbcc4a,limit_hopping_zero_chain6,chain6_hole_4,111,01233,0.0009765625
haxs.stage5c2gR32A.g1-deterministic.v1,db87e6c265d45773bb6297db5af0c11f,25ff2ceb00b357168380a038075415c7,limit_hopping_zero_chain6,chain6_hole_4,112,01300,0.0009765625
haxs.stage5c2gR32A.g1-deterministic.v1,db87e6c265d45773bb6297db5af0c11f,58dd739a80715bef9d4f275569df485a,limit_hopping_zero_chain6,chain6_hole_4,113,01301,0.0009765625
haxs.stage5c2gR32A.g1-deterministic.v1,db87e6c265d45773bb6297db5af0c11f,eb77fac80cc95ce5896ae1c642f0523e,limit_hopping_zero_chain6,chain6_hole_4,114,01302,0.0009765625
haxs.stage5c2gR32A.g1-deterministic.v1,db87e6c265d45773bb6297db5af0c11f,3db326ff24805b9da5f2f2de30220c32,limit_hopping_zero_chain6,chain6_hole_4,115,01303,0.0009765625
haxs.stage5c2gR32A.g1-deterministic.v1,db87e6c265d45773bb6297db5af0c11f,4187f6beae5856a0a4cd68cf1eeb54e2,limit_hopping_zero_chain6,chain6_hole_4,116,01310,0.0009765625
haxs.stage5c2gR32A.g1-deterministic.v1,db87e6c265d45773bb6297db5af0c11f,3ad18fc225335de6ba7657fcee6f68e3,limit_hopping_zero_chain6,chain6_hole_4,117,01311,0.0009765625
haxs.stage5c2gR32A.g1-deterministic.v1,db87e6c265d45773bb6297db5af0c11f,7066509496c05e83b89ba747c5d2fb83,limit_hopping_zero_chain6,chain6_hole_4,118,01312,0.0009765625
haxs.stage5c2gR32A.g1-deterministic.v1,db87e6c265d45773bb6297db5af0c11f,4ee9d01189515d2b9797b0313fcf3a24,limit_hopping_zero_chain6,chain6_hole_4,119,01313,0.0009765625
haxs.stage5c2gR32A.g1-deterministic.v1,db87e6c265d45773bb6297db5af0c11f,9967549b39f35ca7b1e1cec1a3ac38a9,limit_hopping_zero_chain6,chain6_hole_4,120,01320,0.0009765625
haxs.stage5c2gR32A.g1-deterministic.v1,db87e6c265d45773bb6297db5af0c11f,db66a38016b45f46b7fc9210403bc30d,limit_hopping_zero_chain6,chain6_hole_4,121,01321,0.0009765625
haxs.stage5c2gR32A.g1-deterministic.v1,db87e6c265d45773bb6297db5af0c11f,648e72b6ea6e5b76ab5053fcb10ded8d,limit_hopping_zero_chain6,chain6_hole_4,122,01322,0.0009765625
haxs.stage5c2gR32A.g1-deterministic.v1,db87e6c265d45773bb6297db5af0c11f,d32e9d205e7b555faa0bd316b056c80b,limit_hopping_zero_chain6,chain6_hole_4,123,01323,0.0009765625
haxs.stage5c2gR32A.g1-deterministic.v1,db87e6c265d45773bb6297db5af0c11f,491cda67f05b53879b2a329ea9637344,limit_hopping_zero_chain6,chain6_hole_4,124,01330,0.0009765625
haxs.stage5c2gR32A.g1-deterministic.v1,db87e6c265d45773bb6297db5af0c11f,658ab76fee0852c99dbc69810bbdf39f,limit_hopping_zero_chain6,chain6_hole_4,125,01331,0.0009765625
haxs.stage5c2gR32A.g1-deterministic.v1,db87e6c265d45773bb6297db5af0c11f,6f8a273189f7590191698f7c3f150849,limit_hopping_zero_chain6,chain6_hole_4,126,01332,0.0009765625
haxs.stage5c2gR32A.g1-deterministic.v1,db87e6c265d45773bb6297db5af0c11f,72f1dc62d0af5ab592f6ddeb38bc50a7,limit_hopping_zero_chain6,chain6_hole_4,127,01333,0.0009765625
haxs.stage5c2gR32A.g1-deterministic.v1,db87e6c265d45773bb6297db5af0c11f,f70d77c35c70579db819a486f849ebbb,limit_hopping_zero_chain6,chain6_hole_4,128,02000,0.0009765625
haxs.stage5c2gR32A.g1-deterministic.v1,db87e6c265d45773bb6297db5af0c11f,5aa77ae5fd655beda0cab28252f5dac6,limit_hopping_zero_chain6,chain6_hole_4,129,02001,0.0009765625
haxs.stage5c2gR32A.g1-deterministic.v1,db87e6c265d45773bb6297db5af0c11f,1840bf44f8ca505aa527b7a0890d84fb,limit_hopping_zero_chain6,chain6_hole_4,130,02002,0.0009765625
haxs.stage5c2gR32A.g1-deterministic.v1,db87e6c265d45773bb6297db5af0c11f,e86214b39ea3565ab9e417df28fe613d,limit_hopping_zero_chain6,chain6_hole_4,131,02003,0.0009765625
haxs.stage5c2gR32A.g1-deterministic.v1,db87e6c265d45773bb6297db5af0c11f,fe2c0d9a405a5535bbcaf504525ffde9,limit_hopping_zero_chain6,chain6_hole_4,132,02010,0.0009765625
haxs.stage5c2gR32A.g1-deterministic.v1,db87e6c265d45773bb6297db5af0c11f,434788ad71b75355972381ec5172eb67,limit_hopping_zero_chain6,chain6_hole_4,133,02011,0.0009765625
haxs.stage5c2gR32A.g1-deterministic.v1,db87e6c265d45773bb6297db5af0c11f,e42fafbfae785ec18ea8e713ff0d4e36,limit_hopping_zero_chain6,chain6_hole_4,134,02012,0.0009765625
haxs.stage5c2gR32A.g1-deterministic.v1,db87e6c265d45773bb6297db5af0c11f,e927ec161fa658dfa5a482eb565a9866,limit_hopping_zero_chain6,chain6_hole_4,135,02013,0.0009765625
haxs.stage5c2gR32A.g1-deterministic.v1,db87e6c265d45773bb6297db5af0c11f,e31cbae0ea2656c298d64715998bb9cb,limit_hopping_zero_chain6,chain6_hole_4,136,02020,0.0009765625
haxs.stage5c2gR32A.g1-deterministic.v1,db87e6c265d45773bb6297db5af0c11f,762a32da06045494b150f75e1c4a603d,limit_hopping_zero_chain6,chain6_hole_4,137,02021,0.0009765625
haxs.stage5c2gR32A.g1-deterministic.v1,db87e6c265d45773bb6297db5af0c11f,6c1dd1631e6f5b798dcc780bb9bb722c,limit_hopping_zero_chain6,chain6_hole_4,138,02022,0.0009765625
haxs.stage5c2gR32A.g1-deterministic.v1,db87e6c265d45773bb6297db5af0c11f,29d938ea83c3534a87a1c687819ba8e6,limit_hopping_zero_chain6,chain6_hole_4,139,02023,0.0009765625
haxs.stage5c2gR32A.g1-deterministic.v1,db87e6c265d45773bb6297db5af0c11f,5b5a251f62265d0ab5f8aab893c7b3f7,limit_hopping_zero_chain6,chain6_hole_4,140,02030,0.0009765625
haxs.stage5c2gR32A.g1-deterministic.v1,db87e6c265d45773bb6297db5af0c11f,65d61c114ad455c392d184fe91b35939,limit_hopping_zero_chain6,chain6_hole_4,141,02031,0.0009765625
haxs.stage5c2gR32A.g1-deterministic.v1,db87e6c265d45773bb6297db5af0c11f,0350474f4b4c5ed29446a2fec26b76d2,limit_hopping_zero_chain6,chain6_hole_4,142,02032,0.0009765625
haxs.stage5c2gR32A.g1-deterministic.v1,db87e6c265d45773bb6297db5af0c11f,017e5688bd6d5511abf0f0ec169311e8,limit_hopping_zero_chain6,chain6_hole_4,143,02033,0.0009765625
haxs.stage5c2gR32A.g1-deterministic.v1,db87e6c265d45773bb6297db5af0c11f,26c7fe14722a548daea7365b7a7c5618,limit_hopping_zero_chain6,chain6_hole_4,144,02100,0.0009765625
haxs.stage5c2gR32A.g1-deterministic.v1,db87e6c265d45773bb6297db5af0c11f,b23260f0f09d526582b17e4c03df29fb,limit_hopping_zero_chain6,chain6_hole_4,145,02101,0.0009765625
haxs.stage5c2gR32A.g1-deterministic.v1,db87e6c265d45773bb6297db5af0c11f,946991a3ae455981837aff6f8163fb13,limit_hopping_zero_chain6,chain6_hole_4,146,02102,0.0009765625
haxs.stage5c2gR32A.g1-deterministic.v1,db87e6c265d45773bb6297db5af0c11f,b68ad63f85ad5e26912a06ceb2d11e06,limit_hopping_zero_chain6,chain6_hole_4,147,02103,0.0009765625
haxs.stage5c2gR32A.g1-deterministic.v1,db87e6c265d45773bb6297db5af0c11f,c71704f4f9015752aca2da74dd0a503f,limit_hopping_zero_chain6,chain6_hole_4,148,02110,0.0009765625
haxs.stage5c2gR32A.g1-deterministic.v1,db87e6c265d45773bb6297db5af0c11f,f172c013ccb451cca6e8c7ee743db157,limit_hopping_zero_chain6,chain6_hole_4,149,02111,0.0009765625
haxs.stage5c2gR32A.g1-deterministic.v1,db87e6c265d45773bb6297db5af0c11f,2ed21b044fbf5610ae512f40917a3855,limit_hopping_zero_chain6,chain6_hole_4,150,02112,0.0009765625
haxs.stage5c2gR32A.g1-deterministic.v1,db87e6c265d45773bb6297db5af0c11f,0f2229c8107352749d26182abffead99,limit_hopping_zero_chain6,chain6_hole_4,151,02113,0.0009765625
haxs.stage5c2gR32A.g1-deterministic.v1,db87e6c265d45773bb6297db5af0c11f,9bd21131c8bb562bac9c6501fb8744f8,limit_hopping_zero_chain6,chain6_hole_4,152,02120,0.0009765625
haxs.stage5c2gR32A.g1-deterministic.v1,db87e6c265d45773bb6297db5af0c11f,68e92e5a3b6a58919a7a148ab4d97a81,limit_hopping_zero_chain6,chain6_hole_4,153,02121,0.0009765625
haxs.stage5c2gR32A.g1-deterministic.v1,db87e6c265d45773bb6297db5af0c11f,983b6934ba265064a6277d5e41aca76d,limit_hopping_zero_chain6,chain6_hole_4,154,02122,0.0009765625
haxs.stage5c2gR32A.g1-deterministic.v1,db87e6c265d45773bb6297db5af0c11f,e0cdc864cef950868d735e420f00e84c,limit_hopping_zero_chain6,chain6_hole_4,155,02123,0.0009765625
haxs.stage5c2gR32A.g1-deterministic.v1,db87e6c265d45773bb6297db5af0c11f,3baf03fcb5dc5959a6bf2b17ad7a5813,limit_hopping_zero_chain6,chain6_hole_4,156,02130,0.0009765625
haxs.stage5c2gR32A.g1-deterministic.v1,db87e6c265d45773bb6297db5af0c11f,aabe13c195cc5e4087efa540e2066c3c,limit_hopping_zero_chain6,chain6_hole_4,157,02131,0.0009765625
haxs.stage5c2gR32A.g1-deterministic.v1,db87e6c265d45773bb6297db5af0c11f,7cc4b9a946925f85a2e0f22990e28fa3,limit_hopping_zero_chain6,chain6_hole_4,158,02132,0.0009765625
haxs.stage5c2gR32A.g1-deterministic.v1,db87e6c265d45773bb6297db5af0c11f,921a39ff69f05c05a6450189fd6b3c08,limit_hopping_zero_chain6,chain6_hole_4,159,02133,0.0009765625
haxs.stage5c2gR32A.g1-deterministic.v1,db87e6c265d45773bb6297db5af0c11f,d4172bcd4da15f688c27ed1ed4be05e5,limit_hopping_zero_chain6,chain6_hole_4,160,02200,0.0009765625
haxs.stage5c2gR32A.g1-deterministic.v1,db87e6c265d45773bb6297db5af0c11f,08f341557bb354d78b16d2c017f5da08,limit_hopping_zero_chain6,chain6_hole_4,161,02201,0.0009765625
haxs.stage5c2gR32A.g1-deterministic.v1,db87e6c265d45773bb6297db5af0c11f,536403adf52b5519ab336b3e9843a9ba,limit_hopping_zero_chain6,chain6_hole_4,162,02202,0.0009765625
haxs.stage5c2gR32A.g1-deterministic.v1,db87e6c265d45773bb6297db5af0c11f,4a11cdbd3fa258af94281f1f360b1da8,limit_hopping_zero_chain6,chain6_hole_4,163,02203,0.0009765625
haxs.stage5c2gR32A.g1-deterministic.v1,db87e6c265d45773bb6297db5af0c11f,e07b7c2e61cb5f2cbda71954923c3f7c,limit_hopping_zero_chain6,chain6_hole_4,164,02210,0.0009765625
haxs.stage5c2gR32A.g1-deterministic.v1,db87e6c265d45773bb6297db5af0c11f,d8300a1dd5b35c109dfb88b78577c05f,limit_hopping_zero_chain6,chain6_hole_4,165,02211,0.0009765625
haxs.stage5c2gR32A.g1-deterministic.v1,db87e6c265d45773bb6297db5af0c11f,fc7e6551642e5216bf1e443facc1408b,limit_hopping_zero_chain6,chain6_hole_4,166,02212,0.0009765625
haxs.stage5c2gR32A.g1-deterministic.v1,db87e6c265d45773bb6297db5af0c11f,0672e7a2990e5ab882a269f808b77015,limit_hopping_zero_chain6,chain6_hole_4,167,02213,0.0009765625
haxs.stage5c2gR32A.g1-deterministic.v1,db87e6c265d45773bb6297db5af0c11f,d9063a4be4595107ba10508085d86475,limit_hopping_zero_chain6,chain6_hole_4,168,02220,0.0009765625
haxs.stage5c2gR32A.g1-deterministic.v1,db87e6c265d45773bb6297db5af0c11f,e6dd978933975fa7b88de850125c0615,limit_hopping_zero_chain6,chain6_hole_4,169,02221,0.0009765625
haxs.stage5c2gR32A.g1-deterministic.v1,db87e6c265d45773bb6297db5af0c11f,0f38a8bf2eae51b7902aa4b77ee6f46c,limit_hopping_zero_chain6,chain6_hole_4,170,02222,0.0009765625
haxs.stage5c2gR32A.g1-deterministic.v1,db87e6c265d45773bb6297db5af0c11f,0566aaa20cc15f6192e65db5c40e6a7c,limit_hopping_zero_chain6,chain6_hole_4,171,02223,0.0009765625
haxs.stage5c2gR32A.g1-deterministic.v1,db87e6c265d45773bb6297db5af0c11f,bc9074ccd87e5129919f58d5e5e09d27,limit_hopping_zero_chain6,chain6_hole_4,172,02230,0.0009765625
haxs.stage5c2gR32A.g1-deterministic.v1,db87e6c265d45773bb6297db5af0c11f,2b2a566989e65260a82743abe4e087f0,limit_hopping_zero_chain6,chain6_hole_4,173,02231,0.0009765625
haxs.stage5c2gR32A.g1-deterministic.v1,db87e6c265d45773bb6297db5af0c11f,57cb956ba59e5c4bbbf6b681f807a8e5,limit_hopping_zero_chain6,chain6_hole_4,174,02232,0.0009765625
haxs.stage5c2gR32A.g1-deterministic.v1,db87e6c265d45773bb6297db5af0c11f,a89016a05bc75e3ba4da0220a9b28acc,limit_hopping_zero_chain6,chain6_hole_4,175,02233,0.0009765625
haxs.stage5c2gR32A.g1-deterministic.v1,db87e6c265d45773bb6297db5af0c11f,2d30de5324ad5d4ca271a2e3cd47bccf,limit_hopping_zero_chain6,chain6_hole_4,176,02300,0.0009765625
haxs.stage5c2gR32A.g1-deterministic.v1,db87e6c265d45773bb6297db5af0c11f,aa6e1acc0bdb59ba9d2092259b291a4c,limit_hopping_zero_chain6,chain6_hole_4,177,02301,0.0009765625
haxs.stage5c2gR32A.g1-deterministic.v1,db87e6c265d45773bb6297db5af0c11f,0c6696621a905b1d8f8d6544c0140d1c,limit_hopping_zero_chain6,chain6_hole_4,178,02302,0.0009765625
haxs.stage5c2gR32A.g1-deterministic.v1,db87e6c265d45773bb6297db5af0c11f,82b7ce84390d5d2d938dc42dd1349052,limit_hopping_zero_chain6,chain6_hole_4,179,02303,0.0009765625
haxs.stage5c2gR32A.g1-deterministic.v1,db87e6c265d45773bb6297db5af0c11f,8e85560749515fc49de6e5425295feeb,limit_hopping_zero_chain6,chain6_hole_4,180,02310,0.0009765625
haxs.stage5c2gR32A.g1-deterministic.v1,db87e6c265d45773bb6297db5af0c11f,36aef151bec0579daf3345c7ed96c4a6,limit_hopping_zero_chain6,chain6_hole_4,181,02311,0.0009765625
haxs.stage5c2gR32A.g1-deterministic.v1,db87e6c265d45773bb6297db5af0c11f,94d6addfd9495271b7870562978f3ca4,limit_hopping_zero_chain6,chain6_hole_4,182,02312,0.0009765625
haxs.stage5c2gR32A.g1-deterministic.v1,db87e6c265d45773bb6297db5af0c11f,46532959d4da559fa41a04b228927064,limit_hopping_zero_chain6,chain6_hole_4,183,02313,0.0009765625
haxs.stage5c2gR32A.g1-deterministic.v1,db87e6c265d45773bb6297db5af0c11f,1a1040b0b46b5758818a82d40a3b662c,limit_hopping_zero_chain6,chain6_hole_4,184,02320,0.0009765625
haxs.stage5c2gR32A.g1-deterministic.v1,db87e6c265d45773bb6297db5af0c11f,ca6523afd25c53e6bc4a56f3b47a544d,limit_hopping_zero_chain6,chain6_hole_4,185,02321,0.0009765625
haxs.stage5c2gR32A.g1-deterministic.v1,db87e6c265d45773bb6297db5af0c11f,b624b92ee43d5dd38d0c5a38663c6f09,limit_hopping_zero_chain6,chain6_hole_4,186,02322,0.0009765625
haxs.stage5c2gR32A.g1-deterministic.v1,db87e6c265d45773bb6297db5af0c11f,cffa25f92d935e6288e71b1bf061a985,limit_hopping_zero_chain6,chain6_hole_4,187,02323,0.0009765625
haxs.stage5c2gR32A.g1-deterministic.v1,db87e6c265d45773bb6297db5af0c11f,83313d4eec5a5edcb3e8a35d7a923ef2,limit_hopping_zero_chain6,chain6_hole_4,188,02330,0.0009765625
haxs.stage5c2gR32A.g1-deterministic.v1,db87e6c265d45773bb6297db5af0c11f,66851a01e46854e08fc906aa6f723eb2,limit_hopping_zero_chain6,chain6_hole_4,189,02331,0.0009765625
haxs.stage5c2gR32A.g1-deterministic.v1,db87e6c265d45773bb6297db5af0c11f,8c8d6790008b5e5d956f1ec593085ab1,limit_hopping_zero_chain6,chain6_hole_4,190,02332,0.0009765625
haxs.stage5c2gR32A.g1-deterministic.v1,db87e6c265d45773bb6297db5af0c11f,ef4a1e6c1e2d5920bd7dcaaea13d3ff5,limit_hopping_zero_chain6,chain6_hole_4,191,02333,0.0009765625
haxs.stage5c2gR32A.g1-deterministic.v1,db87e6c265d45773bb6297db5af0c11f,550d7540d69753738624815539a453e9,limit_hopping_zero_chain6,chain6_hole_4,192,03000,0.0009765625
haxs.stage5c2gR32A.g1-deterministic.v1,db87e6c265d45773bb6297db5af0c11f,87655e8158ae517e9c64ba3d85d0287f,limit_hopping_zero_chain6,chain6_hole_4,193,03001,0.0009765625
haxs.stage5c2gR32A.g1-deterministic.v1,db87e6c265d45773bb6297db5af0c11f,53f391bfa14d53d5a5c789711fd2d4c8,limit_hopping_zero_chain6,chain6_hole_4,194,03002,0.0009765625
haxs.stage5c2gR32A.g1-deterministic.v1,db87e6c265d45773bb6297db5af0c11f,3ebb6e6f279b544fa615fbd9c2486989,limit_hopping_zero_chain6,chain6_hole_4,195,03003,0.0009765625
haxs.stage5c2gR32A.g1-deterministic.v1,db87e6c265d45773bb6297db5af0c11f,5e51dfdacc5550d0b3b9aec40a34b165,limit_hopping_zero_chain6,chain6_hole_4,196,03010,0.0009765625
haxs.stage5c2gR32A.g1-deterministic.v1,db87e6c265d45773bb6297db5af0c11f,79d4ea7a079f54ac8e85cbf1684e6fcf,limit_hopping_zero_chain6,chain6_hole_4,197,03011,0.0009765625
haxs.stage5c2gR32A.g1-deterministic.v1,db87e6c265d45773bb6297db5af0c11f,0777d97e5fe052beb298994746859396,limit_hopping_zero_chain6,chain6_hole_4,198,03012,0.0009765625
haxs.stage5c2gR32A.g1-deterministic.v1,db87e6c265d45773bb6297db5af0c11f,515ab18bbf0d504896d9e222ddf22a5e,limit_hopping_zero_chain6,chain6_hole_4,199,03013,0.0009765625
haxs.stage5c2gR32A.g1-deterministic.v1,db87e6c265d45773bb6297db5af0c11f,6ce5cea925d85867aec1dea7b133ea31,limit_hopping_zero_chain6,chain6_hole_4,200,03020,0.0009765625
haxs.stage5c2gR32A.g1-deterministic.v1,db87e6c265d45773bb6297db5af0c11f,079042cbd49f5fe7b3b19b46bc1ce375,limit_hopping_zero_chain6,chain6_hole_4,201,03021,0.0009765625
haxs.stage5c2gR32A.g1-deterministic.v1,db87e6c265d45773bb6297db5af0c11f,9a92f6a6859e50808900f9da72ac362c,limit_hopping_zero_chain6,chain6_hole_4,202,03022,0.0009765625
haxs.stage5c2gR32A.g1-deterministic.v1,db87e6c265d45773bb6297db5af0c11f,059ecaed2b2359be91e5df34d52b921d,limit_hopping_zero_chain6,chain6_hole_4,203,03023,0.0009765625
haxs.stage5c2gR32A.g1-deterministic.v1,db87e6c265d45773bb6297db5af0c11f,34d246d0eb0450c1acb907544b908a9c,limit_hopping_zero_chain6,chain6_hole_4,204,03030,0.0009765625
haxs.stage5c2gR32A.g1-deterministic.v1,db87e6c265d45773bb6297db5af0c11f,3c280d0d0a965c85822acd0c7202bfc9,limit_hopping_zero_chain6,chain6_hole_4,205,03031,0.0009765625
haxs.stage5c2gR32A.g1-deterministic.v1,db87e6c265d45773bb6297db5af0c11f,4cdedc7f2a995e62a7e23149ea59ac27,limit_hopping_zero_chain6,chain6_hole_4,206,03032,0.0009765625
haxs.stage5c2gR32A.g1-deterministic.v1,db87e6c265d45773bb6297db5af0c11f,308620a46e2050e085f1043c7c26d25a,limit_hopping_zero_chain6,chain6_hole_4,207,03033,0.0009765625
haxs.stage5c2gR32A.g1-deterministic.v1,db87e6c265d45773bb6297db5af0c11f,e90b98b044235696bbc265ceb41dc3d9,limit_hopping_zero_chain6,chain6_hole_4,208,03100,0.0009765625
haxs.stage5c2gR32A.g1-deterministic.v1,db87e6c265d45773bb6297db5af0c11f,9b13d1a749065eaa87edc7edbc76b0d2,limit_hopping_zero_chain6,chain6_hole_4,209,03101,0.0009765625
haxs.stage5c2gR32A.g1-deterministic.v1,db87e6c265d45773bb6297db5af0c11f,7b4ba6ddce76584c9c03eaaee946100e,limit_hopping_zero_chain6,chain6_hole_4,210,03102,0.0009765625
haxs.stage5c2gR32A.g1-deterministic.v1,db87e6c265d45773bb6297db5af0c11f,f793e8f5c25b5c2aa6c229a92e422f47,limit_hopping_zero_chain6,chain6_hole_4,211,03103,0.0009765625
haxs.stage5c2gR32A.g1-deterministic.v1,db87e6c265d45773bb6297db5af0c11f,b5db5ce5d11f5064871afe1d60cd7545,limit_hopping_zero_chain6,chain6_hole_4,212,03110,0.0009765625
haxs.stage5c2gR32A.g1-deterministic.v1,db87e6c265d45773bb6297db5af0c11f,98eaa0929f68564c914f82f624c93eae,limit_hopping_zero_chain6,chain6_hole_4,213,03111,0.0009765625
haxs.stage5c2gR32A.g1-deterministic.v1,db87e6c265d45773bb6297db5af0c11f,4dc1deba50855b179e2817b871787af8,limit_hopping_zero_chain6,chain6_hole_4,214,03112,0.0009765625
haxs.stage5c2gR32A.g1-deterministic.v1,db87e6c265d45773bb6297db5af0c11f,e1d2152763c25aac95d1825df7a0a2ac,limit_hopping_zero_chain6,chain6_hole_4,215,03113,0.0009765625
haxs.stage5c2gR32A.g1-deterministic.v1,db87e6c265d45773bb6297db5af0c11f,965e403767235c25a2294381196809c4,limit_hopping_zero_chain6,chain6_hole_4,216,03120,0.0009765625
haxs.stage5c2gR32A.g1-deterministic.v1,db87e6c265d45773bb6297db5af0c11f,a5277a1430805236b29536e832c38989,limit_hopping_zero_chain6,chain6_hole_4,217,03121,0.0009765625
haxs.stage5c2gR32A.g1-deterministic.v1,db87e6c265d45773bb6297db5af0c11f,66b9a85bc8045a44bbd9f9d131127c0e,limit_hopping_zero_chain6,chain6_hole_4,218,03122,0.0009765625
haxs.stage5c2gR32A.g1-deterministic.v1,db87e6c265d45773bb6297db5af0c11f,47b7994bfb5953678970ed04738f29bb,limit_hopping_zero_chain6,chain6_hole_4,219,03123,0.0009765625
haxs.stage5c2gR32A.g1-deterministic.v1,db87e6c265d45773bb6297db5af0c11f,8dab42b362bd5e859363c85d068d52ad,limit_hopping_zero_chain6,chain6_hole_4,220,03130,0.0009765625
haxs.stage5c2gR32A.g1-deterministic.v1,db87e6c265d45773bb6297db5af0c11f,64c6152c81a05231af8ccaf23a164671,limit_hopping_zero_chain6,chain6_hole_4,221,03131,0.0009765625
haxs.stage5c2gR32A.g1-deterministic.v1,db87e6c265d45773bb6297db5af0c11f,e34370edc3ea5a4b9e1d73cd4b27cf1a,limit_hopping_zero_chain6,chain6_hole_4,222,03132,0.0009765625
haxs.stage5c2gR32A.g1-deterministic.v1,db87e6c265d45773bb6297db5af0c11f,9c00f69dc8415dfca24a908adcbe7b08,limit_hopping_zero_chain6,chain6_hole_4,223,03133,0.0009765625
haxs.stage5c2gR32A.g1-deterministic.v1,db87e6c265d45773bb6297db5af0c11f,991796f5d8db57ee8c37e87966447134,limit_hopping_zero_chain6,chain6_hole_4,224,03200,0.0009765625
haxs.stage5c2gR32A.g1-deterministic.v1,db87e6c265d45773bb6297db5af0c11f,bc8d056ee33e599ca831ab0b41ea7354,limit_hopping_zero_chain6,chain6_hole_4,225,03201,0.0009765625
haxs.stage5c2gR32A.g1-deterministic.v1,db87e6c265d45773bb6297db5af0c11f,7d7360465b1b529381c1fddac3ed81e2,limit_hopping_zero_chain6,chain6_hole_4,226,03202,0.0009765625
haxs.stage5c2gR32A.g1-deterministic.v1,db87e6c265d45773bb6297db5af0c11f,a3d2a40b04f054eba336634666d60dc0,limit_hopping_zero_chain6,chain6_hole_4,227,03203,0.0009765625
haxs.stage5c2gR32A.g1-deterministic.v1,db87e6c265d45773bb6297db5af0c11f,6cd3f07b61f15943a58d18badfe06273,limit_hopping_zero_chain6,chain6_hole_4,228,03210,0.0009765625
haxs.stage5c2gR32A.g1-deterministic.v1,db87e6c265d45773bb6297db5af0c11f,dfe431acd6cc55aca9619b70908d63c9,limit_hopping_zero_chain6,chain6_hole_4,229,03211,0.0009765625
haxs.stage5c2gR32A.g1-deterministic.v1,db87e6c265d45773bb6297db5af0c11f,410432029149546e97fba7a54c8d02be,limit_hopping_zero_chain6,chain6_hole_4,230,03212,0.0009765625
haxs.stage5c2gR32A.g1-deterministic.v1,db87e6c265d45773bb6297db5af0c11f,22a36c52c1405fe4b0303875d8d5d1f2,limit_hopping_zero_chain6,chain6_hole_4,231,03213,0.0009765625
haxs.stage5c2gR32A.g1-deterministic.v1,db87e6c265d45773bb6297db5af0c11f,975ab95dda5b54ed944b6e7befef739f,limit_hopping_zero_chain6,chain6_hole_4,232,03220,0.0009765625
haxs.stage5c2gR32A.g1-deterministic.v1,db87e6c265d45773bb6297db5af0c11f,0703cc5221195e85bde6d22cc5f3b413,limit_hopping_zero_chain6,chain6_hole_4,233,03221,0.0009765625
haxs.stage5c2gR32A.g1-deterministic.v1,db87e6c265d45773bb6297db5af0c11f,909ea196c10252c1a98ba8ab04abdac0,limit_hopping_zero_chain6,chain6_hole_4,234,03222,0.0009765625
haxs.stage5c2gR32A.g1-deterministic.v1,db87e6c265d45773bb6297db5af0c11f,9dbe2fb012c253e480eb79ee3bc579e9,limit_hopping_zero_chain6,chain6_hole_4,235,03223,0.0009765625
haxs.stage5c2gR32A.g1-deterministic.v1,db87e6c265d45773bb6297db5af0c11f,29bee5f2e0d150a3b856e8202278e96d,limit_hopping_zero_chain6,chain6_hole_4,236,03230,0.0009765625
haxs.stage5c2gR32A.g1-deterministic.v1,db87e6c265d45773bb6297db5af0c11f,136abbc7e44b54bba15533fa05050acf,limit_hopping_zero_chain6,chain6_hole_4,237,03231,0.0009765625
haxs.stage5c2gR32A.g1-deterministic.v1,db87e6c265d45773bb6297db5af0c11f,93fc7b302da653beb0efb0d71f6e2262,limit_hopping_zero_chain6,chain6_hole_4,238,03232,0.0009765625
haxs.stage5c2gR32A.g1-deterministic.v1,db87e6c265d45773bb6297db5af0c11f,8794e64b011555d5b32e7149335d3f58,limit_hopping_zero_chain6,chain6_hole_4,239,03233,0.0009765625
haxs.stage5c2gR32A.g1-deterministic.v1,db87e6c265d45773bb6297db5af0c11f,80d2daff76e55095b331ffa68a521ed1,limit_hopping_zero_chain6,chain6_hole_4,240,03300,0.0009765625
haxs.stage5c2gR32A.g1-deterministic.v1,db87e6c265d45773bb6297db5af0c11f,66519be26b52550d8ca78ee4b6118c50,limit_hopping_zero_chain6,chain6_hole_4,241,03301,0.0009765625
haxs.stage5c2gR32A.g1-deterministic.v1,db87e6c265d45773bb6297db5af0c11f,586d6080e85b5ddfa52cecb2307048ec,limit_hopping_zero_chain6,chain6_hole_4,242,03302,0.0009765625
haxs.stage5c2gR32A.g1-deterministic.v1,db87e6c265d45773bb6297db5af0c11f,c53f6d29272e5ecc859e49bffebaa28a,limit_hopping_zero_chain6,chain6_hole_4,243,03303,0.0009765625
haxs.stage5c2gR32A.g1-deterministic.v1,db87e6c265d45773bb6297db5af0c11f,c847cc7cea0359b78897ef78685d760b,limit_hopping_zero_chain6,chain6_hole_4,244,03310,0.0009765625
haxs.stage5c2gR32A.g1-deterministic.v1,db87e6c265d45773bb6297db5af0c11f,bbb7f740ada35f788fb58597a4a4679e,limit_hopping_zero_chain6,chain6_hole_4,245,03311,0.0009765625
haxs.stage5c2gR32A.g1-deterministic.v1,db87e6c265d45773bb6297db5af0c11f,95470cd6a0d15ee896582b2aa8a5f6e1,limit_hopping_zero_chain6,chain6_hole_4,246,03312,0.0009765625
haxs.stage5c2gR32A.g1-deterministic.v1,db87e6c265d45773bb6297db5af0c11f,42c9ba7dd6845fc0aa38b326321f4944,limit_hopping_zero_chain6,chain6_hole_4,247,03313,0.0009765625
haxs.stage5c2gR32A.g1-deterministic.v1,db87e6c265d45773bb6297db5af0c11f,15347cbcb831580badf2021f7ba49731,limit_hopping_zero_chain6,chain6_hole_4,248,03320,0.0009765625
haxs.stage5c2gR32A.g1-deterministic.v1,db87e6c265d45773bb6297db5af0c11f,7beef19bcb3957789f86f3b9d513fa82,limit_hopping_zero_chain6,chain6_hole_4,249,03321,0.0009765625
haxs.stage5c2gR32A.g1-deterministic.v1,db87e6c265d45773bb6297db5af0c11f,3f1e12f48f82505aa56e8df9000bb293,limit_hopping_zero_chain6,chain6_hole_4,250,03322,0.0009765625
haxs.stage5c2gR32A.g1-deterministic.v1,db87e6c265d45773bb6297db5af0c11f,94b6497409125d8fba7669f51a7c3c5e,limit_hopping_zero_chain6,chain6_hole_4,251,03323,0.0009765625
haxs.stage5c2gR32A.g1-deterministic.v1,db87e6c265d45773bb6297db5af0c11f,84f1a8ac16ad55a489741ff20b95b328,limit_hopping_zero_chain6,chain6_hole_4,252,03330,0.0009765625
haxs.stage5c2gR32A.g1-deterministic.v1,db87e6c265d45773bb6297db5af0c11f,95a28b9e5a1f548591a0638344b2f9d8,limit_hopping_zero_chain6,chain6_hole_4,253,03331,0.0009765625
haxs.stage5c2gR32A.g1-deterministic.v1,db87e6c265d45773bb6297db5af0c11f,77f7e36ad9825f7eac24c7200187f983,limit_hopping_zero_chain6,chain6_hole_4,254,03332,0.0009765625
haxs.stage5c2gR32A.g1-deterministic.v1,db87e6c265d45773bb6297db5af0c11f,d34007c7edfe518080dcf79f03e8a638,limit_hopping_zero_chain6,chain6_hole_4,255,03333,0.0009765625
haxs.stage5c2gR32A.g1-deterministic.v1,db87e6c265d45773bb6297db5af0c11f,557262d610b656498f230a8a462844e8,limit_hopping_zero_chain6,chain6_hole_4,256,10000,0.0009765625
haxs.stage5c2gR32A.g1-deterministic.v1,db87e6c265d45773bb6297db5af0c11f,346f44ae7ec05916b7009cf5b23ae118,limit_hopping_zero_chain6,chain6_hole_4,257,10001,0.0009765625
haxs.stage5c2gR32A.g1-deterministic.v1,db87e6c265d45773bb6297db5af0c11f,2bf6edbc658c5c4dae2aa2387f3c7f27,limit_hopping_zero_chain6,chain6_hole_4,258,10002,0.0009765625
haxs.stage5c2gR32A.g1-deterministic.v1,db87e6c265d45773bb6297db5af0c11f,ab650b345fd955218f7c345926428fc8,limit_hopping_zero_chain6,chain6_hole_4,259,10003,0.0009765625
haxs.stage5c2gR32A.g1-deterministic.v1,db87e6c265d45773bb6297db5af0c11f,eb42df8f59c757f899b51ac59fc219fa,limit_hopping_zero_chain6,chain6_hole_4,260,10010,0.0009765625
haxs.stage5c2gR32A.g1-deterministic.v1,db87e6c265d45773bb6297db5af0c11f,19de51dd07fa571c960aa45a2ad828cd,limit_hopping_zero_chain6,chain6_hole_4,261,10011,0.0009765625
haxs.stage5c2gR32A.g1-deterministic.v1,db87e6c265d45773bb6297db5af0c11f,25d3a50091d358d6890dec7ff9dd46cb,limit_hopping_zero_chain6,chain6_hole_4,262,10012,0.0009765625
haxs.stage5c2gR32A.g1-deterministic.v1,db87e6c265d45773bb6297db5af0c11f,6ad89c9b58f351c188f58512e59c3703,limit_hopping_zero_chain6,chain6_hole_4,263,10013,0.0009765625
haxs.stage5c2gR32A.g1-deterministic.v1,db87e6c265d45773bb6297db5af0c11f,38655f03bb225f9c801ff11ee32cdb93,limit_hopping_zero_chain6,chain6_hole_4,264,10020,0.0009765625
haxs.stage5c2gR32A.g1-deterministic.v1,db87e6c265d45773bb6297db5af0c11f,f6f4e711c06a51b0bc00054f4b117d40,limit_hopping_zero_chain6,chain6_hole_4,265,10021,0.0009765625
haxs.stage5c2gR32A.g1-deterministic.v1,db87e6c265d45773bb6297db5af0c11f,faa697653be75bc09c545c277c58e001,limit_hopping_zero_chain6,chain6_hole_4,266,10022,0.0009765625
haxs.stage5c2gR32A.g1-deterministic.v1,db87e6c265d45773bb6297db5af0c11f,f278452dbd7e5ad2b51b04155a5b481a,limit_hopping_zero_chain6,chain6_hole_4,267,10023,0.0009765625
haxs.stage5c2gR32A.g1-deterministic.v1,db87e6c265d45773bb6297db5af0c11f,23b6b3e69c415d77bbff648ced4cfe0e,limit_hopping_zero_chain6,chain6_hole_4,268,10030,0.0009765625
haxs.stage5c2gR32A.g1-deterministic.v1,db87e6c265d45773bb6297db5af0c11f,a490fdf9c48e5e30a939bfbe9d9e8388,limit_hopping_zero_chain6,chain6_hole_4,269,10031,0.0009765625
haxs.stage5c2gR32A.g1-deterministic.v1,db87e6c265d45773bb6297db5af0c11f,7b8f3d68830b50af83b7ac88b76475b2,limit_hopping_zero_chain6,chain6_hole_4,270,10032,0.0009765625
haxs.stage5c2gR32A.g1-deterministic.v1,db87e6c265d45773bb6297db5af0c11f,a9b5f8b6da765d9fba07102aaaf9ea4d,limit_hopping_zero_chain6,chain6_hole_4,271,10033,0.0009765625
haxs.stage5c2gR32A.g1-deterministic.v1,db87e6c265d45773bb6297db5af0c11f,003c2563b10158229713d1fac0bf2084,limit_hopping_zero_chain6,chain6_hole_4,272,10100,0.0009765625
haxs.stage5c2gR32A.g1-deterministic.v1,db87e6c265d45773bb6297db5af0c11f,a17f2b3c6fb253b19650fb67962f7fcf,limit_hopping_zero_chain6,chain6_hole_4,273,10101,0.0009765625
haxs.stage5c2gR32A.g1-deterministic.v1,db87e6c265d45773bb6297db5af0c11f,942b26d5746d58049121fcbbf244fba9,limit_hopping_zero_chain6,chain6_hole_4,274,10102,0.0009765625
haxs.stage5c2gR32A.g1-deterministic.v1,db87e6c265d45773bb6297db5af0c11f,8a044ca80f4657ef8c47dd3c7d5c1eac,limit_hopping_zero_chain6,chain6_hole_4,275,10103,0.0009765625
haxs.stage5c2gR32A.g1-deterministic.v1,db87e6c265d45773bb6297db5af0c11f,50ca66e2d2775e8ebe02087f48fa7838,limit_hopping_zero_chain6,chain6_hole_4,276,10110,0.0009765625
haxs.stage5c2gR32A.g1-deterministic.v1,db87e6c265d45773bb6297db5af0c11f,70b36d8a7bf65f118428c03978bd0aef,limit_hopping_zero_chain6,chain6_hole_4,277,10111,0.0009765625
haxs.stage5c2gR32A.g1-deterministic.v1,db87e6c265d45773bb6297db5af0c11f,07a6e5df2f825af582d0d6d25a661c19,limit_hopping_zero_chain6,chain6_hole_4,278,10112,0.0009765625
haxs.stage5c2gR32A.g1-deterministic.v1,db87e6c265d45773bb6297db5af0c11f,669acf9b24e65c88aecad4451e35dad9,limit_hopping_zero_chain6,chain6_hole_4,279,10113,0.0009765625
haxs.stage5c2gR32A.g1-deterministic.v1,db87e6c265d45773bb6297db5af0c11f,3c55175703555139b45d14e3b2ae8431,limit_hopping_zero_chain6,chain6_hole_4,280,10120,0.0009765625
haxs.stage5c2gR32A.g1-deterministic.v1,db87e6c265d45773bb6297db5af0c11f,3f664411b99d55ffb2dd5c97975aa7ef,limit_hopping_zero_chain6,chain6_hole_4,281,10121,0.0009765625
haxs.stage5c2gR32A.g1-deterministic.v1,db87e6c265d45773bb6297db5af0c11f,070d863247495cae974d3f3248d64c74,limit_hopping_zero_chain6,chain6_hole_4,282,10122,0.0009765625
haxs.stage5c2gR32A.g1-deterministic.v1,db87e6c265d45773bb6297db5af0c11f,3b245ab5b75d55cf8796d20b5d4223ef,limit_hopping_zero_chain6,chain6_hole_4,283,10123,0.0009765625
haxs.stage5c2gR32A.g1-deterministic.v1,db87e6c265d45773bb6297db5af0c11f,9d47df2385f1509a8561472651b2c331,limit_hopping_zero_chain6,chain6_hole_4,284,10130,0.0009765625
haxs.stage5c2gR32A.g1-deterministic.v1,db87e6c265d45773bb6297db5af0c11f,773b80f06eb051d19cd2a02046394081,limit_hopping_zero_chain6,chain6_hole_4,285,10131,0.0009765625
haxs.stage5c2gR32A.g1-deterministic.v1,db87e6c265d45773bb6297db5af0c11f,0faa7a362f9e5975b97cfacf4553f10b,limit_hopping_zero_chain6,chain6_hole_4,286,10132,0.0009765625
haxs.stage5c2gR32A.g1-deterministic.v1,db87e6c265d45773bb6297db5af0c11f,e86771cf901b5a89b176d8d9d6342c3a,limit_hopping_zero_chain6,chain6_hole_4,287,10133,0.0009765625
haxs.stage5c2gR32A.g1-deterministic.v1,db87e6c265d45773bb6297db5af0c11f,62e87ac0c04550108d8078807c71a9a3,limit_hopping_zero_chain6,chain6_hole_4,288,10200,0.0009765625
haxs.stage5c2gR32A.g1-deterministic.v1,db87e6c265d45773bb6297db5af0c11f,cf8ff8edba2959a5b9129a0ce525f76b,limit_hopping_zero_chain6,chain6_hole_4,289,10201,0.0009765625
haxs.stage5c2gR32A.g1-deterministic.v1,db87e6c265d45773bb6297db5af0c11f,88586738783c536aa27d90ad1b59c70f,limit_hopping_zero_chain6,chain6_hole_4,290,10202,0.0009765625
haxs.stage5c2gR32A.g1-deterministic.v1,db87e6c265d45773bb6297db5af0c11f,8d83ccfb79af5b02b7f3aef7ec2b30fb,limit_hopping_zero_chain6,chain6_hole_4,291,10203,0.0009765625
haxs.stage5c2gR32A.g1-deterministic.v1,db87e6c265d45773bb6297db5af0c11f,c1c4f0c5dabe54cdba6f3e06336314e3,limit_hopping_zero_chain6,chain6_hole_4,292,10210,0.0009765625
haxs.stage5c2gR32A.g1-deterministic.v1,db87e6c265d45773bb6297db5af0c11f,afa1b87b2b905005ac6e59987a4ca3bf,limit_hopping_zero_chain6,chain6_hole_4,293,10211,0.0009765625
haxs.stage5c2gR32A.g1-deterministic.v1,db87e6c265d45773bb6297db5af0c11f,5c11f80b185e5dd3a3ab9d3cabc8f471,limit_hopping_zero_chain6,chain6_hole_4,294,10212,0.0009765625
haxs.stage5c2gR32A.g1-deterministic.v1,db87e6c265d45773bb6297db5af0c11f,5984b2771599583f9809b0f2a2f804e9,limit_hopping_zero_chain6,chain6_hole_4,295,10213,0.0009765625
haxs.stage5c2gR32A.g1-deterministic.v1,db87e6c265d45773bb6297db5af0c11f,0412f543049d5cefbd9cd1bf6cf357ec,limit_hopping_zero_chain6,chain6_hole_4,296,10220,0.0009765625
haxs.stage5c2gR32A.g1-deterministic.v1,db87e6c265d45773bb6297db5af0c11f,f709444fcd0e5b9088585bcad1eab939,limit_hopping_zero_chain6,chain6_hole_4,297,10221,0.0009765625
haxs.stage5c2gR32A.g1-deterministic.v1,db87e6c265d45773bb6297db5af0c11f,b587f5f453f65d4cacd11fd84a7d2b56,limit_hopping_zero_chain6,chain6_hole_4,298,10222,0.0009765625
haxs.stage5c2gR32A.g1-deterministic.v1,db87e6c265d45773bb6297db5af0c11f,8fa345fb8cd4500dacfa1185e401aa9a,limit_hopping_zero_chain6,chain6_hole_4,299,10223,0.0009765625
haxs.stage5c2gR32A.g1-deterministic.v1,db87e6c265d45773bb6297db5af0c11f,1cc93471e2765ff0b8ec040c6b0ce60d,limit_hopping_zero_chain6,chain6_hole_4,300,10230,0.0009765625
haxs.stage5c2gR32A.g1-deterministic.v1,db87e6c265d45773bb6297db5af0c11f,a652e94e111d51e48d08820f0574bdc0,limit_hopping_zero_chain6,chain6_hole_4,301,10231,0.0009765625
haxs.stage5c2gR32A.g1-deterministic.v1,db87e6c265d45773bb6297db5af0c11f,549f65cb9652576191d295aba6a8c628,limit_hopping_zero_chain6,chain6_hole_4,302,10232,0.0009765625
haxs.stage5c2gR32A.g1-deterministic.v1,db87e6c265d45773bb6297db5af0c11f,2bbc942d17ec5d5f9ce54938571be4a5,limit_hopping_zero_chain6,chain6_hole_4,303,10233,0.0009765625
haxs.stage5c2gR32A.g1-deterministic.v1,db87e6c265d45773bb6297db5af0c11f,02f83f52a71e5a94b28a8a0980bbe14d,limit_hopping_zero_chain6,chain6_hole_4,304,10300,0.0009765625
haxs.stage5c2gR32A.g1-deterministic.v1,db87e6c265d45773bb6297db5af0c11f,531283b249f657ba85bcc689b8895768,limit_hopping_zero_chain6,chain6_hole_4,305,10301,0.0009765625
haxs.stage5c2gR32A.g1-deterministic.v1,db87e6c265d45773bb6297db5af0c11f,bc5269a0c17e5ab9b55de2fbcb19579e,limit_hopping_zero_chain6,chain6_hole_4,306,10302,0.0009765625
haxs.stage5c2gR32A.g1-deterministic.v1,db87e6c265d45773bb6297db5af0c11f,eac58b2b7f7259ad94c317a20e410109,limit_hopping_zero_chain6,chain6_hole_4,307,10303,0.0009765625
haxs.stage5c2gR32A.g1-deterministic.v1,db87e6c265d45773bb6297db5af0c11f,6e8698255c585360b5a2b5b8f212c207,limit_hopping_zero_chain6,chain6_hole_4,308,10310,0.0009765625
haxs.stage5c2gR32A.g1-deterministic.v1,db87e6c265d45773bb6297db5af0c11f,50477d20589b5f629b7690e8e38ac407,limit_hopping_zero_chain6,chain6_hole_4,309,10311,0.0009765625
haxs.stage5c2gR32A.g1-deterministic.v1,db87e6c265d45773bb6297db5af0c11f,9730141576f95acf836aa8333e86d8b1,limit_hopping_zero_chain6,chain6_hole_4,310,10312,0.0009765625
haxs.stage5c2gR32A.g1-deterministic.v1,db87e6c265d45773bb6297db5af0c11f,fc631a8b802553b78cc354c32f55c4da,limit_hopping_zero_chain6,chain6_hole_4,311,10313,0.0009765625
haxs.stage5c2gR32A.g1-deterministic.v1,db87e6c265d45773bb6297db5af0c11f,0b7fb4dde71856a9a4c1a38d09b7fac6,limit_hopping_zero_chain6,chain6_hole_4,312,10320,0.0009765625
haxs.stage5c2gR32A.g1-deterministic.v1,db87e6c265d45773bb6297db5af0c11f,e9e9e1b616af5360bee538e1f9eb813e,limit_hopping_zero_chain6,chain6_hole_4,313,10321,0.0009765625
haxs.stage5c2gR32A.g1-deterministic.v1,db87e6c265d45773bb6297db5af0c11f,661791df5efd527892bc1740334667f4,limit_hopping_zero_chain6,chain6_hole_4,314,10322,0.0009765625
haxs.stage5c2gR32A.g1-deterministic.v1,db87e6c265d45773bb6297db5af0c11f,bcf98272f828562cbf86a4cd62e64595,limit_hopping_zero_chain6,chain6_hole_4,315,10323,0.0009765625
haxs.stage5c2gR32A.g1-deterministic.v1,db87e6c265d45773bb6297db5af0c11f,3efa7cf2692d503e9cc4221034ebd3bf,limit_hopping_zero_chain6,chain6_hole_4,316,10330,0.0009765625
haxs.stage5c2gR32A.g1-deterministic.v1,db87e6c265d45773bb6297db5af0c11f,864b9bcf13895bbb8e664c259ee52e25,limit_hopping_zero_chain6,chain6_hole_4,317,10331,0.0009765625
haxs.stage5c2gR32A.g1-deterministic.v1,db87e6c265d45773bb6297db5af0c11f,5dc8b9c9cb2e5b168fdf2128a4a35b32,limit_hopping_zero_chain6,chain6_hole_4,318,10332,0.0009765625
haxs.stage5c2gR32A.g1-deterministic.v1,db87e6c265d45773bb6297db5af0c11f,1c61d0ad010051b3b3b8bb9c89555c4e,limit_hopping_zero_chain6,chain6_hole_4,319,10333,0.0009765625
haxs.stage5c2gR32A.g1-deterministic.v1,db87e6c265d45773bb6297db5af0c11f,6ec5c74faef955cd93b9b8c7c4a33c0b,limit_hopping_zero_chain6,chain6_hole_4,320,11000,0.0009765625
haxs.stage5c2gR32A.g1-deterministic.v1,db87e6c265d45773bb6297db5af0c11f,03377fbabfa059f395773df415ce1da9,limit_hopping_zero_chain6,chain6_hole_4,321,11001,0.0009765625
haxs.stage5c2gR32A.g1-deterministic.v1,db87e6c265d45773bb6297db5af0c11f,faab562d099f58f1b0bd7dec501e68f4,limit_hopping_zero_chain6,chain6_hole_4,322,11002,0.0009765625
haxs.stage5c2gR32A.g1-deterministic.v1,db87e6c265d45773bb6297db5af0c11f,d1e696ced25b59c990d45fb3122973b9,limit_hopping_zero_chain6,chain6_hole_4,323,11003,0.0009765625
haxs.stage5c2gR32A.g1-deterministic.v1,db87e6c265d45773bb6297db5af0c11f,4cf0e3fff06e5706bb6986e278ed8a47,limit_hopping_zero_chain6,chain6_hole_4,324,11010,0.0009765625
haxs.stage5c2gR32A.g1-deterministic.v1,db87e6c265d45773bb6297db5af0c11f,6b99b0977f29595383e0b8a7ced64fc1,limit_hopping_zero_chain6,chain6_hole_4,325,11011,0.0009765625
haxs.stage5c2gR32A.g1-deterministic.v1,db87e6c265d45773bb6297db5af0c11f,8568ae8231445ab19500bbcf4336bc7c,limit_hopping_zero_chain6,chain6_hole_4,326,11012,0.0009765625
haxs.stage5c2gR32A.g1-deterministic.v1,db87e6c265d45773bb6297db5af0c11f,cd0f62021bf05e3aaa2aaaae4b1346f7,limit_hopping_zero_chain6,chain6_hole_4,327,11013,0.0009765625
haxs.stage5c2gR32A.g1-deterministic.v1,db87e6c265d45773bb6297db5af0c11f,183352ac62f05b528199e2c87fec1fb7,limit_hopping_zero_chain6,chain6_hole_4,328,11020,0.0009765625
haxs.stage5c2gR32A.g1-deterministic.v1,db87e6c265d45773bb6297db5af0c11f,9201c6662eb25a6e9028ddd0a2ce6a17,limit_hopping_zero_chain6,chain6_hole_4,329,11021,0.0009765625
haxs.stage5c2gR32A.g1-deterministic.v1,db87e6c265d45773bb6297db5af0c11f,ba08f96b874e5071b0810fc5b87f953c,limit_hopping_zero_chain6,chain6_hole_4,330,11022,0.0009765625
haxs.stage5c2gR32A.g1-deterministic.v1,db87e6c265d45773bb6297db5af0c11f,01bed650d1975248a42d4c86ca9f7908,limit_hopping_zero_chain6,chain6_hole_4,331,11023,0.0009765625
haxs.stage5c2gR32A.g1-deterministic.v1,db87e6c265d45773bb6297db5af0c11f,ce2ed54511bb55f7b851ddfa00a4528a,limit_hopping_zero_chain6,chain6_hole_4,332,11030,0.0009765625
haxs.stage5c2gR32A.g1-deterministic.v1,db87e6c265d45773bb6297db5af0c11f,b1bea7c0cf5554b1aaf2e5905f85bac0,limit_hopping_zero_chain6,chain6_hole_4,333,11031,0.0009765625
haxs.stage5c2gR32A.g1-deterministic.v1,db87e6c265d45773bb6297db5af0c11f,f226d94ddf0d5a269973b9a069b87330,limit_hopping_zero_chain6,chain6_hole_4,334,11032,0.0009765625
haxs.stage5c2gR32A.g1-deterministic.v1,db87e6c265d45773bb6297db5af0c11f,13386f684fbf54ad938f57f79098757c,limit_hopping_zero_chain6,chain6_hole_4,335,11033,0.0009765625
haxs.stage5c2gR32A.g1-deterministic.v1,db87e6c265d45773bb6297db5af0c11f,3b4f2228c9c757b3b85758fd655a993d,limit_hopping_zero_chain6,chain6_hole_4,336,11100,0.0009765625
haxs.stage5c2gR32A.g1-deterministic.v1,db87e6c265d45773bb6297db5af0c11f,749448b10291511fa1231244fcc6c3fa,limit_hopping_zero_chain6,chain6_hole_4,337,11101,0.0009765625
haxs.stage5c2gR32A.g1-deterministic.v1,db87e6c265d45773bb6297db5af0c11f,d488be9c147f526898d159add3436d99,limit_hopping_zero_chain6,chain6_hole_4,338,11102,0.0009765625
haxs.stage5c2gR32A.g1-deterministic.v1,db87e6c265d45773bb6297db5af0c11f,566e28ffb95a5969a11af6b5caacc6ea,limit_hopping_zero_chain6,chain6_hole_4,339,11103,0.0009765625
haxs.stage5c2gR32A.g1-deterministic.v1,db87e6c265d45773bb6297db5af0c11f,5f34aad3afee58eeb77ef9b57696562d,limit_hopping_zero_chain6,chain6_hole_4,340,11110,0.0009765625
haxs.stage5c2gR32A.g1-deterministic.v1,db87e6c265d45773bb6297db5af0c11f,24925964dfb35497a893833d03523f32,limit_hopping_zero_chain6,chain6_hole_4,341,11111,0.0009765625
haxs.stage5c2gR32A.g1-deterministic.v1,db87e6c265d45773bb6297db5af0c11f,bf35d90495e4562fa419ae21ff82fc8a,limit_hopping_zero_chain6,chain6_hole_4,342,11112,0.0009765625
haxs.stage5c2gR32A.g1-deterministic.v1,db87e6c265d45773bb6297db5af0c11f,f490c212e0025cee84d9a9bd066e88b0,limit_hopping_zero_chain6,chain6_hole_4,343,11113,0.0009765625
haxs.stage5c2gR32A.g1-deterministic.v1,db87e6c265d45773bb6297db5af0c11f,478655b477db5883ae622fd3940a89c8,limit_hopping_zero_chain6,chain6_hole_4,344,11120,0.0009765625
haxs.stage5c2gR32A.g1-deterministic.v1,db87e6c265d45773bb6297db5af0c11f,b34615e06c175e0690f0748f0aa788b0,limit_hopping_zero_chain6,chain6_hole_4,345,11121,0.0009765625
haxs.stage5c2gR32A.g1-deterministic.v1,db87e6c265d45773bb6297db5af0c11f,43043ed428e25a9bae65b96870bc65ab,limit_hopping_zero_chain6,chain6_hole_4,346,11122,0.0009765625
haxs.stage5c2gR32A.g1-deterministic.v1,db87e6c265d45773bb6297db5af0c11f,d0083b3133fc5348a733823d1d6c850e,limit_hopping_zero_chain6,chain6_hole_4,347,11123,0.0009765625
haxs.stage5c2gR32A.g1-deterministic.v1,db87e6c265d45773bb6297db5af0c11f,a84cb24528ea572992018f894e880958,limit_hopping_zero_chain6,chain6_hole_4,348,11130,0.0009765625
haxs.stage5c2gR32A.g1-deterministic.v1,db87e6c265d45773bb6297db5af0c11f,3a05d5ea3e105ca6bda9f076641afd4b,limit_hopping_zero_chain6,chain6_hole_4,349,11131,0.0009765625
haxs.stage5c2gR32A.g1-deterministic.v1,db87e6c265d45773bb6297db5af0c11f,65662f502c4059dfb698621b1da7286c,limit_hopping_zero_chain6,chain6_hole_4,350,11132,0.0009765625
haxs.stage5c2gR32A.g1-deterministic.v1,db87e6c265d45773bb6297db5af0c11f,fcfcdf479f075350898f6fc3fca69e19,limit_hopping_zero_chain6,chain6_hole_4,351,11133,0.0009765625
haxs.stage5c2gR32A.g1-deterministic.v1,db87e6c265d45773bb6297db5af0c11f,2c61ab2540bc52389e04297f68d53b7a,limit_hopping_zero_chain6,chain6_hole_4,352,11200,0.0009765625
haxs.stage5c2gR32A.g1-deterministic.v1,db87e6c265d45773bb6297db5af0c11f,da880d4d7c2c5d54bd9fd203666243e4,limit_hopping_zero_chain6,chain6_hole_4,353,11201,0.0009765625
haxs.stage5c2gR32A.g1-deterministic.v1,db87e6c265d45773bb6297db5af0c11f,2724393349fa53789a2bed7bcb5ac1ce,limit_hopping_zero_chain6,chain6_hole_4,354,11202,0.0009765625
haxs.stage5c2gR32A.g1-deterministic.v1,db87e6c265d45773bb6297db5af0c11f,0a02a7de49645da682e8c3b2765c6d7d,limit_hopping_zero_chain6,chain6_hole_4,355,11203,0.0009765625
haxs.stage5c2gR32A.g1-deterministic.v1,db87e6c265d45773bb6297db5af0c11f,d557b3bc11fa5b52bbb8aab77e00eb2a,limit_hopping_zero_chain6,chain6_hole_4,356,11210,0.0009765625
haxs.stage5c2gR32A.g1-deterministic.v1,db87e6c265d45773bb6297db5af0c11f,96fc559d853a5d8fa0c26b10b2faca79,limit_hopping_zero_chain6,chain6_hole_4,357,11211,0.0009765625
haxs.stage5c2gR32A.g1-deterministic.v1,db87e6c265d45773bb6297db5af0c11f,e118304376a95b1a8d93ff613b4835ff,limit_hopping_zero_chain6,chain6_hole_4,358,11212,0.0009765625
haxs.stage5c2gR32A.g1-deterministic.v1,db87e6c265d45773bb6297db5af0c11f,55cc51c462bf54ce8d64ce3b7d9cb26f,limit_hopping_zero_chain6,chain6_hole_4,359,11213,0.0009765625
haxs.stage5c2gR32A.g1-deterministic.v1,db87e6c265d45773bb6297db5af0c11f,fffcc320349f5b0ba06b11eeb8116042,limit_hopping_zero_chain6,chain6_hole_4,360,11220,0.0009765625
haxs.stage5c2gR32A.g1-deterministic.v1,db87e6c265d45773bb6297db5af0c11f,359a062a103d50ef8bff72918c905080,limit_hopping_zero_chain6,chain6_hole_4,361,11221,0.0009765625
haxs.stage5c2gR32A.g1-deterministic.v1,db87e6c265d45773bb6297db5af0c11f,23950a6dd867549aa9ddf0884c692a9f,limit_hopping_zero_chain6,chain6_hole_4,362,11222,0.0009765625
haxs.stage5c2gR32A.g1-deterministic.v1,db87e6c265d45773bb6297db5af0c11f,bd9a6e78a8075f59b0b09811eacb6c63,limit_hopping_zero_chain6,chain6_hole_4,363,11223,0.0009765625
haxs.stage5c2gR32A.g1-deterministic.v1,db87e6c265d45773bb6297db5af0c11f,17673c74628d50af9902964626c2e880,limit_hopping_zero_chain6,chain6_hole_4,364,11230,0.0009765625
haxs.stage5c2gR32A.g1-deterministic.v1,db87e6c265d45773bb6297db5af0c11f,c698acbc41ba51a4b1a4581b7ac8cf07,limit_hopping_zero_chain6,chain6_hole_4,365,11231,0.0009765625
haxs.stage5c2gR32A.g1-deterministic.v1,db87e6c265d45773bb6297db5af0c11f,5d428fda013b584983d058b7fbe2d4b1,limit_hopping_zero_chain6,chain6_hole_4,366,11232,0.0009765625
haxs.stage5c2gR32A.g1-deterministic.v1,db87e6c265d45773bb6297db5af0c11f,8c32383714075b049029721ed1091a73,limit_hopping_zero_chain6,chain6_hole_4,367,11233,0.0009765625
haxs.stage5c2gR32A.g1-deterministic.v1,db87e6c265d45773bb6297db5af0c11f,07e678ac5dfa55d6ba70ea64d3b89a7f,limit_hopping_zero_chain6,chain6_hole_4,368,11300,0.0009765625
haxs.stage5c2gR32A.g1-deterministic.v1,db87e6c265d45773bb6297db5af0c11f,49fcc1c89dc7562d8835af52fc8a260a,limit_hopping_zero_chain6,chain6_hole_4,369,11301,0.0009765625
haxs.stage5c2gR32A.g1-deterministic.v1,db87e6c265d45773bb6297db5af0c11f,6ada9c2117cd5aa582db0f6855f02c23,limit_hopping_zero_chain6,chain6_hole_4,370,11302,0.0009765625
haxs.stage5c2gR32A.g1-deterministic.v1,db87e6c265d45773bb6297db5af0c11f,ef6e2956024958d29c887ab579ca3bd9,limit_hopping_zero_chain6,chain6_hole_4,371,11303,0.0009765625
haxs.stage5c2gR32A.g1-deterministic.v1,db87e6c265d45773bb6297db5af0c11f,a2386d920e5a5bfbb02d436afe2c6c7c,limit_hopping_zero_chain6,chain6_hole_4,372,11310,0.0009765625
haxs.stage5c2gR32A.g1-deterministic.v1,db87e6c265d45773bb6297db5af0c11f,df63f0d358fc5237ae465c55a3d8ee5d,limit_hopping_zero_chain6,chain6_hole_4,373,11311,0.0009765625
haxs.stage5c2gR32A.g1-deterministic.v1,db87e6c265d45773bb6297db5af0c11f,e68a5163a48757fdb5366ed817ad193b,limit_hopping_zero_chain6,chain6_hole_4,374,11312,0.0009765625
haxs.stage5c2gR32A.g1-deterministic.v1,db87e6c265d45773bb6297db5af0c11f,26c87f443b495703b00d9ddce670fa3f,limit_hopping_zero_chain6,chain6_hole_4,375,11313,0.0009765625
haxs.stage5c2gR32A.g1-deterministic.v1,db87e6c265d45773bb6297db5af0c11f,fb5dcd2cab135a4385e54c4cc1282e28,limit_hopping_zero_chain6,chain6_hole_4,376,11320,0.0009765625
haxs.stage5c2gR32A.g1-deterministic.v1,db87e6c265d45773bb6297db5af0c11f,700634fed0915d02bb4791ccdb304e3f,limit_hopping_zero_chain6,chain6_hole_4,377,11321,0.0009765625
haxs.stage5c2gR32A.g1-deterministic.v1,db87e6c265d45773bb6297db5af0c11f,3d1068b4447051d3b24101e303cad28a,limit_hopping_zero_chain6,chain6_hole_4,378,11322,0.0009765625
haxs.stage5c2gR32A.g1-deterministic.v1,db87e6c265d45773bb6297db5af0c11f,944166f2df91539b907bbdf5edfe14f3,limit_hopping_zero_chain6,chain6_hole_4,379,11323,0.0009765625
haxs.stage5c2gR32A.g1-deterministic.v1,db87e6c265d45773bb6297db5af0c11f,8def704ec1a659ccb414db7f723ccd61,limit_hopping_zero_chain6,chain6_hole_4,380,11330,0.0009765625
haxs.stage5c2gR32A.g1-deterministic.v1,db87e6c265d45773bb6297db5af0c11f,7bb19d63087759a280936223172a5915,limit_hopping_zero_chain6,chain6_hole_4,381,11331,0.0009765625
haxs.stage5c2gR32A.g1-deterministic.v1,db87e6c265d45773bb6297db5af0c11f,4e123114a64f59cea02d1d46d6ce6f01,limit_hopping_zero_chain6,chain6_hole_4,382,11332,0.0009765625
haxs.stage5c2gR32A.g1-deterministic.v1,db87e6c265d45773bb6297db5af0c11f,f090a969daf7531f92fbc35e54b602b3,limit_hopping_zero_chain6,chain6_hole_4,383,11333,0.0009765625
haxs.stage5c2gR32A.g1-deterministic.v1,db87e6c265d45773bb6297db5af0c11f,b1b536950cdb524eb9a1afc6eb49233a,limit_hopping_zero_chain6,chain6_hole_4,384,12000,0.0009765625
haxs.stage5c2gR32A.g1-deterministic.v1,db87e6c265d45773bb6297db5af0c11f,b4aa165ccb4d53fdb4a4ef43b10c0a30,limit_hopping_zero_chain6,chain6_hole_4,385,12001,0.0009765625
haxs.stage5c2gR32A.g1-deterministic.v1,db87e6c265d45773bb6297db5af0c11f,ad8aa5c28fb1515587390d0eb6f3e80f,limit_hopping_zero_chain6,chain6_hole_4,386,12002,0.0009765625
haxs.stage5c2gR32A.g1-deterministic.v1,db87e6c265d45773bb6297db5af0c11f,aedf57322b525d8794b468ab4f17f2d0,limit_hopping_zero_chain6,chain6_hole_4,387,12003,0.0009765625
haxs.stage5c2gR32A.g1-deterministic.v1,db87e6c265d45773bb6297db5af0c11f,8aaec19614b4559eae7b559bb703ecc4,limit_hopping_zero_chain6,chain6_hole_4,388,12010,0.0009765625
haxs.stage5c2gR32A.g1-deterministic.v1,db87e6c265d45773bb6297db5af0c11f,03947fce933d527ca214fe78c60532d2,limit_hopping_zero_chain6,chain6_hole_4,389,12011,0.0009765625
haxs.stage5c2gR32A.g1-deterministic.v1,db87e6c265d45773bb6297db5af0c11f,1ced19f96e0f5c508ebba7c1254d53e4,limit_hopping_zero_chain6,chain6_hole_4,390,12012,0.0009765625
haxs.stage5c2gR32A.g1-deterministic.v1,db87e6c265d45773bb6297db5af0c11f,5669b516001c53df8e6ddece04b18230,limit_hopping_zero_chain6,chain6_hole_4,391,12013,0.0009765625
haxs.stage5c2gR32A.g1-deterministic.v1,db87e6c265d45773bb6297db5af0c11f,eb072664e5705855847fc396518a9e99,limit_hopping_zero_chain6,chain6_hole_4,392,12020,0.0009765625
haxs.stage5c2gR32A.g1-deterministic.v1,db87e6c265d45773bb6297db5af0c11f,d11271e23d095944896e721ee7fe433c,limit_hopping_zero_chain6,chain6_hole_4,393,12021,0.0009765625
haxs.stage5c2gR32A.g1-deterministic.v1,db87e6c265d45773bb6297db5af0c11f,b8e174741a21592baaa30e691cc8d010,limit_hopping_zero_chain6,chain6_hole_4,394,12022,0.0009765625
haxs.stage5c2gR32A.g1-deterministic.v1,db87e6c265d45773bb6297db5af0c11f,fbd69671102d5d0b9fc1bb33e5895222,limit_hopping_zero_chain6,chain6_hole_4,395,12023,0.0009765625
haxs.stage5c2gR32A.g1-deterministic.v1,db87e6c265d45773bb6297db5af0c11f,33a4c40789af5ae49ff4f34504a5017d,limit_hopping_zero_chain6,chain6_hole_4,396,12030,0.0009765625
haxs.stage5c2gR32A.g1-deterministic.v1,db87e6c265d45773bb6297db5af0c11f,f0ecca20bad557df93263fb76a7d94b8,limit_hopping_zero_chain6,chain6_hole_4,397,12031,0.0009765625
haxs.stage5c2gR32A.g1-deterministic.v1,db87e6c265d45773bb6297db5af0c11f,9a18dec2008752d49c9cf5bf29e6302f,limit_hopping_zero_chain6,chain6_hole_4,398,12032,0.0009765625
haxs.stage5c2gR32A.g1-deterministic.v1,db87e6c265d45773bb6297db5af0c11f,3eb05e37d8d65fa692e04dc8b0da2c73,limit_hopping_zero_chain6,chain6_hole_4,399,12033,0.0009765625
haxs.stage5c2gR32A.g1-deterministic.v1,db87e6c265d45773bb6297db5af0c11f,cda331b372685058b2ae877154b1e14e,limit_hopping_zero_chain6,chain6_hole_4,400,12100,0.0009765625
haxs.stage5c2gR32A.g1-deterministic.v1,db87e6c265d45773bb6297db5af0c11f,3598a3cb99a7504687cb1eaa1e1a5c5b,limit_hopping_zero_chain6,chain6_hole_4,401,12101,0.0009765625
haxs.stage5c2gR32A.g1-deterministic.v1,db87e6c265d45773bb6297db5af0c11f,4f7d4dea50c559029d7206d838711ec2,limit_hopping_zero_chain6,chain6_hole_4,402,12102,0.0009765625
haxs.stage5c2gR32A.g1-deterministic.v1,db87e6c265d45773bb6297db5af0c11f,321095e3f465548db4b9b42062766f32,limit_hopping_zero_chain6,chain6_hole_4,403,12103,0.0009765625
haxs.stage5c2gR32A.g1-deterministic.v1,db87e6c265d45773bb6297db5af0c11f,eb05382032fc53f2bd5db97ae0253e2c,limit_hopping_zero_chain6,chain6_hole_4,404,12110,0.0009765625
haxs.stage5c2gR32A.g1-deterministic.v1,db87e6c265d45773bb6297db5af0c11f,f4b133da86f05ff78b2427cb46b02677,limit_hopping_zero_chain6,chain6_hole_4,405,12111,0.0009765625
haxs.stage5c2gR32A.g1-deterministic.v1,db87e6c265d45773bb6297db5af0c11f,14d0aa4a8922542bbccb8d94a305b447,limit_hopping_zero_chain6,chain6_hole_4,406,12112,0.0009765625
haxs.stage5c2gR32A.g1-deterministic.v1,db87e6c265d45773bb6297db5af0c11f,624bc8c9a95b5653bbf890597fee14f8,limit_hopping_zero_chain6,chain6_hole_4,407,12113,0.0009765625
haxs.stage5c2gR32A.g1-deterministic.v1,db87e6c265d45773bb6297db5af0c11f,71f1726cc7a85989b45a02175de1a466,limit_hopping_zero_chain6,chain6_hole_4,408,12120,0.0009765625
haxs.stage5c2gR32A.g1-deterministic.v1,db87e6c265d45773bb6297db5af0c11f,55160cc03e7453e0a33786e968ee9fb9,limit_hopping_zero_chain6,chain6_hole_4,409,12121,0.0009765625
haxs.stage5c2gR32A.g1-deterministic.v1,db87e6c265d45773bb6297db5af0c11f,a942a4fb3fe5584bb5bea457c0e5fa9b,limit_hopping_zero_chain6,chain6_hole_4,410,12122,0.0009765625
haxs.stage5c2gR32A.g1-deterministic.v1,db87e6c265d45773bb6297db5af0c11f,7faea77adbc250efa8c63a30585b8bf2,limit_hopping_zero_chain6,chain6_hole_4,411,12123,0.0009765625
haxs.stage5c2gR32A.g1-deterministic.v1,db87e6c265d45773bb6297db5af0c11f,c3fe0c52e4c35e1595514fc8d0bc5d0c,limit_hopping_zero_chain6,chain6_hole_4,412,12130,0.0009765625
haxs.stage5c2gR32A.g1-deterministic.v1,db87e6c265d45773bb6297db5af0c11f,a889c24d2f6d5de9893d20bbbcaac22a,limit_hopping_zero_chain6,chain6_hole_4,413,12131,0.0009765625
haxs.stage5c2gR32A.g1-deterministic.v1,db87e6c265d45773bb6297db5af0c11f,56604900aea4598c9779cab0f5a4b1bd,limit_hopping_zero_chain6,chain6_hole_4,414,12132,0.0009765625
haxs.stage5c2gR32A.g1-deterministic.v1,db87e6c265d45773bb6297db5af0c11f,88df6932f999524bb993286e400454d3,limit_hopping_zero_chain6,chain6_hole_4,415,12133,0.0009765625
haxs.stage5c2gR32A.g1-deterministic.v1,db87e6c265d45773bb6297db5af0c11f,edbf4839828455369386a0bb6ad37e3d,limit_hopping_zero_chain6,chain6_hole_4,416,12200,0.0009765625
haxs.stage5c2gR32A.g1-deterministic.v1,db87e6c265d45773bb6297db5af0c11f,ceba5b9c8fc15860b63617d6f20354fa,limit_hopping_zero_chain6,chain6_hole_4,417,12201,0.0009765625
haxs.stage5c2gR32A.g1-deterministic.v1,db87e6c265d45773bb6297db5af0c11f,3e77aaa5c8b15d5eaee6172f2d597d7a,limit_hopping_zero_chain6,chain6_hole_4,418,12202,0.0009765625
haxs.stage5c2gR32A.g1-deterministic.v1,db87e6c265d45773bb6297db5af0c11f,de7bf7565d4058bb8b0a987b22b5e167,limit_hopping_zero_chain6,chain6_hole_4,419,12203,0.0009765625
haxs.stage5c2gR32A.g1-deterministic.v1,db87e6c265d45773bb6297db5af0c11f,8763cd82e1925a809bdd31a558fd9f08,limit_hopping_zero_chain6,chain6_hole_4,420,12210,0.0009765625
haxs.stage5c2gR32A.g1-deterministic.v1,db87e6c265d45773bb6297db5af0c11f,45c798dddfd75358b8b6a04d5200d693,limit_hopping_zero_chain6,chain6_hole_4,421,12211,0.0009765625
haxs.stage5c2gR32A.g1-deterministic.v1,db87e6c265d45773bb6297db5af0c11f,17e651f3970f5745aa657662bcf2fd6a,limit_hopping_zero_chain6,chain6_hole_4,422,12212,0.0009765625
haxs.stage5c2gR32A.g1-deterministic.v1,db87e6c265d45773bb6297db5af0c11f,93293c5f0afb5c999bb6f14e51a00668,limit_hopping_zero_chain6,chain6_hole_4,423,12213,0.0009765625
haxs.stage5c2gR32A.g1-deterministic.v1,db87e6c265d45773bb6297db5af0c11f,8c8092e49a2d5a6599d639af53fdf0a3,limit_hopping_zero_chain6,chain6_hole_4,424,12220,0.0009765625
haxs.stage5c2gR32A.g1-deterministic.v1,db87e6c265d45773bb6297db5af0c11f,7f9d17eb1acb5bb4a993c15313ea0637,limit_hopping_zero_chain6,chain6_hole_4,425,12221,0.0009765625
haxs.stage5c2gR32A.g1-deterministic.v1,db87e6c265d45773bb6297db5af0c11f,2c7ea640d58058908513dffc9740d792,limit_hopping_zero_chain6,chain6_hole_4,426,12222,0.0009765625
haxs.stage5c2gR32A.g1-deterministic.v1,db87e6c265d45773bb6297db5af0c11f,d99e99d16557590b9efd8a44cd3c6b6d,limit_hopping_zero_chain6,chain6_hole_4,427,12223,0.0009765625
haxs.stage5c2gR32A.g1-deterministic.v1,db87e6c265d45773bb6297db5af0c11f,39722cb4c47c56cc9c0bb87b571d033d,limit_hopping_zero_chain6,chain6_hole_4,428,12230,0.0009765625
haxs.stage5c2gR32A.g1-deterministic.v1,db87e6c265d45773bb6297db5af0c11f,3f940a51c02b52b6a2f390eaa1a091dc,limit_hopping_zero_chain6,chain6_hole_4,429,12231,0.0009765625
haxs.stage5c2gR32A.g1-deterministic.v1,db87e6c265d45773bb6297db5af0c11f,51e43217d47651729d7e882e5e329cd2,limit_hopping_zero_chain6,chain6_hole_4,430,12232,0.0009765625
haxs.stage5c2gR32A.g1-deterministic.v1,db87e6c265d45773bb6297db5af0c11f,e243ee0e86905f5692fa1daf031752b3,limit_hopping_zero_chain6,chain6_hole_4,431,12233,0.0009765625
haxs.stage5c2gR32A.g1-deterministic.v1,db87e6c265d45773bb6297db5af0c11f,30dc96079be5545e97aafaafcbbe5fd9,limit_hopping_zero_chain6,chain6_hole_4,432,12300,0.0009765625
haxs.stage5c2gR32A.g1-deterministic.v1,db87e6c265d45773bb6297db5af0c11f,e153f9c76e175fb1bab62bdd96692772,limit_hopping_zero_chain6,chain6_hole_4,433,12301,0.0009765625
haxs.stage5c2gR32A.g1-deterministic.v1,db87e6c265d45773bb6297db5af0c11f,1a9a936e17895455bbb994937501e0df,limit_hopping_zero_chain6,chain6_hole_4,434,12302,0.0009765625
haxs.stage5c2gR32A.g1-deterministic.v1,db87e6c265d45773bb6297db5af0c11f,def83311c82a500ab81e73526597ec19,limit_hopping_zero_chain6,chain6_hole_4,435,12303,0.0009765625
haxs.stage5c2gR32A.g1-deterministic.v1,db87e6c265d45773bb6297db5af0c11f,1b92a0cdba445559b97679f842e5e6d3,limit_hopping_zero_chain6,chain6_hole_4,436,12310,0.0009765625
haxs.stage5c2gR32A.g1-deterministic.v1,db87e6c265d45773bb6297db5af0c11f,93caf12df54f50bcae99df07d4b9050c,limit_hopping_zero_chain6,chain6_hole_4,437,12311,0.0009765625
haxs.stage5c2gR32A.g1-deterministic.v1,db87e6c265d45773bb6297db5af0c11f,adf9e13318fa5659aeeceb1d5a7a6171,limit_hopping_zero_chain6,chain6_hole_4,438,12312,0.0009765625
haxs.stage5c2gR32A.g1-deterministic.v1,db87e6c265d45773bb6297db5af0c11f,86b3bc07c84a5b95b9a6890124596056,limit_hopping_zero_chain6,chain6_hole_4,439,12313,0.0009765625
haxs.stage5c2gR32A.g1-deterministic.v1,db87e6c265d45773bb6297db5af0c11f,4708d28061b35f59a86a9d2461d1b71c,limit_hopping_zero_chain6,chain6_hole_4,440,12320,0.0009765625
haxs.stage5c2gR32A.g1-deterministic.v1,db87e6c265d45773bb6297db5af0c11f,a0b7ff1db693502fbb134c9f56f8bc0b,limit_hopping_zero_chain6,chain6_hole_4,441,12321,0.0009765625
haxs.stage5c2gR32A.g1-deterministic.v1,db87e6c265d45773bb6297db5af0c11f,96351525be395dff8404e2ff16aade58,limit_hopping_zero_chain6,chain6_hole_4,442,12322,0.0009765625
haxs.stage5c2gR32A.g1-deterministic.v1,db87e6c265d45773bb6297db5af0c11f,eb6b21f812425872b078728158d74191,limit_hopping_zero_chain6,chain6_hole_4,443,12323,0.0009765625
haxs.stage5c2gR32A.g1-deterministic.v1,db87e6c265d45773bb6297db5af0c11f,be696f383cfa5f01a13a53df1aec72d7,limit_hopping_zero_chain6,chain6_hole_4,444,12330,0.0009765625
haxs.stage5c2gR32A.g1-deterministic.v1,db87e6c265d45773bb6297db5af0c11f,3ce652679c4c53a18fd15760bfb59324,limit_hopping_zero_chain6,chain6_hole_4,445,12331,0.0009765625
haxs.stage5c2gR32A.g1-deterministic.v1,db87e6c265d45773bb6297db5af0c11f,36b2c0d516905d96a41769348a61bf3a,limit_hopping_zero_chain6,chain6_hole_4,446,12332,0.0009765625
haxs.stage5c2gR32A.g1-deterministic.v1,db87e6c265d45773bb6297db5af0c11f,d0206789856754e9b4e0600539640037,limit_hopping_zero_chain6,chain6_hole_4,447,12333,0.0009765625
haxs.stage5c2gR32A.g1-deterministic.v1,db87e6c265d45773bb6297db5af0c11f,16173bd9f6da589297b9102347cc5497,limit_hopping_zero_chain6,chain6_hole_4,448,13000,0.0009765625
haxs.stage5c2gR32A.g1-deterministic.v1,db87e6c265d45773bb6297db5af0c11f,47fceda0a5855d398b564dfc6dca8482,limit_hopping_zero_chain6,chain6_hole_4,449,13001,0.0009765625
haxs.stage5c2gR32A.g1-deterministic.v1,db87e6c265d45773bb6297db5af0c11f,7b3f07edfeb05fa3ac214222ac535497,limit_hopping_zero_chain6,chain6_hole_4,450,13002,0.0009765625
haxs.stage5c2gR32A.g1-deterministic.v1,db87e6c265d45773bb6297db5af0c11f,ffb5684e0e1d5f0b88af6bfb5b607a20,limit_hopping_zero_chain6,chain6_hole_4,451,13003,0.0009765625
haxs.stage5c2gR32A.g1-deterministic.v1,db87e6c265d45773bb6297db5af0c11f,420cd0efb5eb5f228707ece80bd2bc15,limit_hopping_zero_chain6,chain6_hole_4,452,13010,0.0009765625
haxs.stage5c2gR32A.g1-deterministic.v1,db87e6c265d45773bb6297db5af0c11f,fb22c359dbe25ce38ee5a0c0fe6e98ad,limit_hopping_zero_chain6,chain6_hole_4,453,13011,0.0009765625
haxs.stage5c2gR32A.g1-deterministic.v1,db87e6c265d45773bb6297db5af0c11f,5bccd827aef153b9b4af8feb8930f207,limit_hopping_zero_chain6,chain6_hole_4,454,13012,0.0009765625
haxs.stage5c2gR32A.g1-deterministic.v1,db87e6c265d45773bb6297db5af0c11f,fb0fc67000f256b79e337bcc9c25e755,limit_hopping_zero_chain6,chain6_hole_4,455,13013,0.0009765625
haxs.stage5c2gR32A.g1-deterministic.v1,db87e6c265d45773bb6297db5af0c11f,accd6d6493c3524aab5a20657f6507ba,limit_hopping_zero_chain6,chain6_hole_4,456,13020,0.0009765625
haxs.stage5c2gR32A.g1-deterministic.v1,db87e6c265d45773bb6297db5af0c11f,9cd786066ce05c69b40380683594a989,limit_hopping_zero_chain6,chain6_hole_4,457,13021,0.0009765625
haxs.stage5c2gR32A.g1-deterministic.v1,db87e6c265d45773bb6297db5af0c11f,ce2f8252a10256a298b246cfb00cda73,limit_hopping_zero_chain6,chain6_hole_4,458,13022,0.0009765625
haxs.stage5c2gR32A.g1-deterministic.v1,db87e6c265d45773bb6297db5af0c11f,91695212b31d59cabfb71e5fc253198c,limit_hopping_zero_chain6,chain6_hole_4,459,13023,0.0009765625
haxs.stage5c2gR32A.g1-deterministic.v1,db87e6c265d45773bb6297db5af0c11f,83ec2026792d5f368c9a6efd9a335de6,limit_hopping_zero_chain6,chain6_hole_4,460,13030,0.0009765625
haxs.stage5c2gR32A.g1-deterministic.v1,db87e6c265d45773bb6297db5af0c11f,80f4311c554256d3b34f5778c6c1ef5c,limit_hopping_zero_chain6,chain6_hole_4,461,13031,0.0009765625
haxs.stage5c2gR32A.g1-deterministic.v1,db87e6c265d45773bb6297db5af0c11f,b6f8ebed13e6517a841bb3e27fa649d0,limit_hopping_zero_chain6,chain6_hole_4,462,13032,0.0009765625
haxs.stage5c2gR32A.g1-deterministic.v1,db87e6c265d45773bb6297db5af0c11f,2d75a9b08bbb507e856e6089b657a68f,limit_hopping_zero_chain6,chain6_hole_4,463,13033,0.0009765625
haxs.stage5c2gR32A.g1-deterministic.v1,db87e6c265d45773bb6297db5af0c11f,988b6eac855351ebb2e4aa908f07e45e,limit_hopping_zero_chain6,chain6_hole_4,464,13100,0.0009765625
haxs.stage5c2gR32A.g1-deterministic.v1,db87e6c265d45773bb6297db5af0c11f,8ef2e42b858c5da0898ecd511f58a9c8,limit_hopping_zero_chain6,chain6_hole_4,465,13101,0.0009765625
haxs.stage5c2gR32A.g1-deterministic.v1,db87e6c265d45773bb6297db5af0c11f,189021bb8fc654dea4648dc3879c5941,limit_hopping_zero_chain6,chain6_hole_4,466,13102,0.0009765625
haxs.stage5c2gR32A.g1-deterministic.v1,db87e6c265d45773bb6297db5af0c11f,7519abebccd65451b340cd0b84893127,limit_hopping_zero_chain6,chain6_hole_4,467,13103,0.0009765625
haxs.stage5c2gR32A.g1-deterministic.v1,db87e6c265d45773bb6297db5af0c11f,4d2deeeec41d5dc2bd420d65d5d651d5,limit_hopping_zero_chain6,chain6_hole_4,468,13110,0.0009765625
haxs.stage5c2gR32A.g1-deterministic.v1,db87e6c265d45773bb6297db5af0c11f,36af4e42d1e6520ebae1b23deabaf453,limit_hopping_zero_chain6,chain6_hole_4,469,13111,0.0009765625
haxs.stage5c2gR32A.g1-deterministic.v1,db87e6c265d45773bb6297db5af0c11f,a5af9300108e516c9f9534af230c6e57,limit_hopping_zero_chain6,chain6_hole_4,470,13112,0.0009765625
haxs.stage5c2gR32A.g1-deterministic.v1,db87e6c265d45773bb6297db5af0c11f,9908e31a33ec524fa09ac6a624781d24,limit_hopping_zero_chain6,chain6_hole_4,471,13113,0.0009765625
haxs.stage5c2gR32A.g1-deterministic.v1,db87e6c265d45773bb6297db5af0c11f,98131c38060a5bc2aed9dee01eb65455,limit_hopping_zero_chain6,chain6_hole_4,472,13120,0.0009765625
haxs.stage5c2gR32A.g1-deterministic.v1,db87e6c265d45773bb6297db5af0c11f,1670c70a5ff3555ab4b679b9c0589a9c,limit_hopping_zero_chain6,chain6_hole_4,473,13121,0.0009765625
haxs.stage5c2gR32A.g1-deterministic.v1,db87e6c265d45773bb6297db5af0c11f,8026796e9a755e22b9ea6cb48fd132b3,limit_hopping_zero_chain6,chain6_hole_4,474,13122,0.0009765625
haxs.stage5c2gR32A.g1-deterministic.v1,db87e6c265d45773bb6297db5af0c11f,860f1f6163fe549f9e701a163886b04a,limit_hopping_zero_chain6,chain6_hole_4,475,13123,0.0009765625
haxs.stage5c2gR32A.g1-deterministic.v1,db87e6c265d45773bb6297db5af0c11f,a1bb980df70152db876417ac6889a74e,limit_hopping_zero_chain6,chain6_hole_4,476,13130,0.0009765625
haxs.stage5c2gR32A.g1-deterministic.v1,db87e6c265d45773bb6297db5af0c11f,21ba3dd6d8be52ba9fef71fbfbaa412c,limit_hopping_zero_chain6,chain6_hole_4,477,13131,0.0009765625
haxs.stage5c2gR32A.g1-deterministic.v1,db87e6c265d45773bb6297db5af0c11f,7683de12e34856baa29669c69b1a3cc0,limit_hopping_zero_chain6,chain6_hole_4,478,13132,0.0009765625
haxs.stage5c2gR32A.g1-deterministic.v1,db87e6c265d45773bb6297db5af0c11f,5deabeb76e5a5790acf5be17341271ec,limit_hopping_zero_chain6,chain6_hole_4,479,13133,0.0009765625
haxs.stage5c2gR32A.g1-deterministic.v1,db87e6c265d45773bb6297db5af0c11f,3429c88d71c65912b23798fe1caf4aad,limit_hopping_zero_chain6,chain6_hole_4,480,13200,0.0009765625
haxs.stage5c2gR32A.g1-deterministic.v1,db87e6c265d45773bb6297db5af0c11f,c6b796d484a2553585eec8f0d93c7fff,limit_hopping_zero_chain6,chain6_hole_4,481,13201,0.0009765625
haxs.stage5c2gR32A.g1-deterministic.v1,db87e6c265d45773bb6297db5af0c11f,00d6852f2d8e542091f077634b1f05fc,limit_hopping_zero_chain6,chain6_hole_4,482,13202,0.0009765625
haxs.stage5c2gR32A.g1-deterministic.v1,db87e6c265d45773bb6297db5af0c11f,7ea6b7f924705db194223ab14a36e7ea,limit_hopping_zero_chain6,chain6_hole_4,483,13203,0.0009765625
haxs.stage5c2gR32A.g1-deterministic.v1,db87e6c265d45773bb6297db5af0c11f,f7255fc876b95c05ad739b04f736f899,limit_hopping_zero_chain6,chain6_hole_4,484,13210,0.0009765625
haxs.stage5c2gR32A.g1-deterministic.v1,db87e6c265d45773bb6297db5af0c11f,1a4523e9c4b85fc0b7d96f43c29726ee,limit_hopping_zero_chain6,chain6_hole_4,485,13211,0.0009765625
haxs.stage5c2gR32A.g1-deterministic.v1,db87e6c265d45773bb6297db5af0c11f,ca23fbcc3f4e579ca5ef939da6b23411,limit_hopping_zero_chain6,chain6_hole_4,486,13212,0.0009765625
haxs.stage5c2gR32A.g1-deterministic.v1,db87e6c265d45773bb6297db5af0c11f,1c6e150b44e35a7eb2de31e19579d12c,limit_hopping_zero_chain6,chain6_hole_4,487,13213,0.0009765625
haxs.stage5c2gR32A.g1-deterministic.v1,db87e6c265d45773bb6297db5af0c11f,e05b41a7be6256bcbe9603cb6d10d499,limit_hopping_zero_chain6,chain6_hole_4,488,13220,0.0009765625
haxs.stage5c2gR32A.g1-deterministic.v1,db87e6c265d45773bb6297db5af0c11f,ef6f523e1f585c7f886d11f2298156ed,limit_hopping_zero_chain6,chain6_hole_4,489,13221,0.0009765625
haxs.stage5c2gR32A.g1-deterministic.v1,db87e6c265d45773bb6297db5af0c11f,ead01a1ff3dc53e6a49993ea04ec8d12,limit_hopping_zero_chain6,chain6_hole_4,490,13222,0.0009765625
haxs.stage5c2gR32A.g1-deterministic.v1,db87e6c265d45773bb6297db5af0c11f,2500eb66ae3b5f9eafc2ea1a9a1543ec,limit_hopping_zero_chain6,chain6_hole_4,491,13223,0.0009765625
haxs.stage5c2gR32A.g1-deterministic.v1,db87e6c265d45773bb6297db5af0c11f,3395a826284a53cda7702f992662f763,limit_hopping_zero_chain6,chain6_hole_4,492,13230,0.0009765625
haxs.stage5c2gR32A.g1-deterministic.v1,db87e6c265d45773bb6297db5af0c11f,0e755900b9a1577492052d837e7c9f52,limit_hopping_zero_chain6,chain6_hole_4,493,13231,0.0009765625
haxs.stage5c2gR32A.g1-deterministic.v1,db87e6c265d45773bb6297db5af0c11f,371530ac4f3d5de2ae1f8d7c6141c450,limit_hopping_zero_chain6,chain6_hole_4,494,13232,0.0009765625
haxs.stage5c2gR32A.g1-deterministic.v1,db87e6c265d45773bb6297db5af0c11f,dfa60065d94654f38e52eb57bdf877db,limit_hopping_zero_chain6,chain6_hole_4,495,13233,0.0009765625
haxs.stage5c2gR32A.g1-deterministic.v1,db87e6c265d45773bb6297db5af0c11f,9ee3bb992ef850ab8bf056a6151dff2a,limit_hopping_zero_chain6,chain6_hole_4,496,13300,0.0009765625
haxs.stage5c2gR32A.g1-deterministic.v1,db87e6c265d45773bb6297db5af0c11f,8e4734a395205491a9dfa78c6c6d515e,limit_hopping_zero_chain6,chain6_hole_4,497,13301,0.0009765625
haxs.stage5c2gR32A.g1-deterministic.v1,db87e6c265d45773bb6297db5af0c11f,aa283da96dd7599abc1cbf84da1a88a1,limit_hopping_zero_chain6,chain6_hole_4,498,13302,0.0009765625
haxs.stage5c2gR32A.g1-deterministic.v1,db87e6c265d45773bb6297db5af0c11f,4c72f3739e3b51ebaf854cb1f24c174b,limit_hopping_zero_chain6,chain6_hole_4,499,13303,0.0009765625
haxs.stage5c2gR32A.g1-deterministic.v1,db87e6c265d45773bb6297db5af0c11f,ac21c242013d5200b70b18d0febfd335,limit_hopping_zero_chain6,chain6_hole_4,500,13310,0.0009765625
haxs.stage5c2gR32A.g1-deterministic.v1,db87e6c265d45773bb6297db5af0c11f,ab5ce17ac69c52a2916479306853d68b,limit_hopping_zero_chain6,chain6_hole_4,501,13311,0.0009765625
haxs.stage5c2gR32A.g1-deterministic.v1,db87e6c265d45773bb6297db5af0c11f,92c717275a125a058012b5612868d3a7,limit_hopping_zero_chain6,chain6_hole_4,502,13312,0.0009765625
haxs.stage5c2gR32A.g1-deterministic.v1,db87e6c265d45773bb6297db5af0c11f,0064edd528315b1ebbc06ba742564e95,limit_hopping_zero_chain6,chain6_hole_4,503,13313,0.0009765625
haxs.stage5c2gR32A.g1-deterministic.v1,db87e6c265d45773bb6297db5af0c11f,87a264e41a915e2da1eda1956834fff2,limit_hopping_zero_chain6,chain6_hole_4,504,13320,0.0009765625
haxs.stage5c2gR32A.g1-deterministic.v1,db87e6c265d45773bb6297db5af0c11f,4497967d57b15418b22c54174d7f291e,limit_hopping_zero_chain6,chain6_hole_4,505,13321,0.0009765625
haxs.stage5c2gR32A.g1-deterministic.v1,db87e6c265d45773bb6297db5af0c11f,7ac57a6851ba5989b7c4ab0a76c59f86,limit_hopping_zero_chain6,chain6_hole_4,506,13322,0.0009765625
haxs.stage5c2gR32A.g1-deterministic.v1,db87e6c265d45773bb6297db5af0c11f,5d063036ac70517cadf3a489b9322c4d,limit_hopping_zero_chain6,chain6_hole_4,507,13323,0.0009765625
haxs.stage5c2gR32A.g1-deterministic.v1,db87e6c265d45773bb6297db5af0c11f,d01b685567c2595fb78bb7c8ad593a85,limit_hopping_zero_chain6,chain6_hole_4,508,13330,0.0009765625
haxs.stage5c2gR32A.g1-deterministic.v1,db87e6c265d45773bb6297db5af0c11f,637af5d7c31858e2b3583143d474551e,limit_hopping_zero_chain6,chain6_hole_4,509,13331,0.0009765625
haxs.stage5c2gR32A.g1-deterministic.v1,db87e6c265d45773bb6297db5af0c11f,d4ffc9c8a4a15ae89b33f94a2ffd83e3,limit_hopping_zero_chain6,chain6_hole_4,510,13332,0.0009765625
haxs.stage5c2gR32A.g1-deterministic.v1,db87e6c265d45773bb6297db5af0c11f,379e78c6407f592da13a93fdff3f15ad,limit_hopping_zero_chain6,chain6_hole_4,511,13333,0.0009765625
haxs.stage5c2gR32A.g1-deterministic.v1,db87e6c265d45773bb6297db5af0c11f,3fc974d251e7515c89a9cf429f2c7900,limit_hopping_zero_chain6,chain6_hole_4,512,20000,0.0009765625
haxs.stage5c2gR32A.g1-deterministic.v1,db87e6c265d45773bb6297db5af0c11f,aaa7d78309aa5fe6bc5641bd3e370ab1,limit_hopping_zero_chain6,chain6_hole_4,513,20001,0.0009765625
haxs.stage5c2gR32A.g1-deterministic.v1,db87e6c265d45773bb6297db5af0c11f,81c97adaa70e5ecc9f282f5ca1eb6b5e,limit_hopping_zero_chain6,chain6_hole_4,514,20002,0.0009765625
haxs.stage5c2gR32A.g1-deterministic.v1,db87e6c265d45773bb6297db5af0c11f,9844d093f34f5b7fab8a54dc7c6d1b76,limit_hopping_zero_chain6,chain6_hole_4,515,20003,0.0009765625
haxs.stage5c2gR32A.g1-deterministic.v1,db87e6c265d45773bb6297db5af0c11f,327af694d8d2567291b5395a7c58c403,limit_hopping_zero_chain6,chain6_hole_4,516,20010,0.0009765625
haxs.stage5c2gR32A.g1-deterministic.v1,db87e6c265d45773bb6297db5af0c11f,a005c7336794580d99731c34515b57aa,limit_hopping_zero_chain6,chain6_hole_4,517,20011,0.0009765625
haxs.stage5c2gR32A.g1-deterministic.v1,db87e6c265d45773bb6297db5af0c11f,290c07c7b6a8579984584c73c0c1917d,limit_hopping_zero_chain6,chain6_hole_4,518,20012,0.0009765625
haxs.stage5c2gR32A.g1-deterministic.v1,db87e6c265d45773bb6297db5af0c11f,c131a5b8c535571ab03446c1fe58dc96,limit_hopping_zero_chain6,chain6_hole_4,519,20013,0.0009765625
haxs.stage5c2gR32A.g1-deterministic.v1,db87e6c265d45773bb6297db5af0c11f,ee454a3de707597cb21743cdc3a6bb0a,limit_hopping_zero_chain6,chain6_hole_4,520,20020,0.0009765625
haxs.stage5c2gR32A.g1-deterministic.v1,db87e6c265d45773bb6297db5af0c11f,85cad7e277785f2bbd9a836e132e3dab,limit_hopping_zero_chain6,chain6_hole_4,521,20021,0.0009765625
haxs.stage5c2gR32A.g1-deterministic.v1,db87e6c265d45773bb6297db5af0c11f,364c2603b8445c25b3100a1f9918055c,limit_hopping_zero_chain6,chain6_hole_4,522,20022,0.0009765625
haxs.stage5c2gR32A.g1-deterministic.v1,db87e6c265d45773bb6297db5af0c11f,4b3491ea033c50c2a416e7578f2b0fc8,limit_hopping_zero_chain6,chain6_hole_4,523,20023,0.0009765625
haxs.stage5c2gR32A.g1-deterministic.v1,db87e6c265d45773bb6297db5af0c11f,3cb6c66c7c055f7e9073c0094d356afd,limit_hopping_zero_chain6,chain6_hole_4,524,20030,0.0009765625
haxs.stage5c2gR32A.g1-deterministic.v1,db87e6c265d45773bb6297db5af0c11f,d1b93e100bf651d4b8d114f069c3c5a4,limit_hopping_zero_chain6,chain6_hole_4,525,20031,0.0009765625
haxs.stage5c2gR32A.g1-deterministic.v1,db87e6c265d45773bb6297db5af0c11f,e035f7e229075748979e23a1a15788d1,limit_hopping_zero_chain6,chain6_hole_4,526,20032,0.0009765625
haxs.stage5c2gR32A.g1-deterministic.v1,db87e6c265d45773bb6297db5af0c11f,e92907b43c035c8caa99cd4d34e3b8c9,limit_hopping_zero_chain6,chain6_hole_4,527,20033,0.0009765625
haxs.stage5c2gR32A.g1-deterministic.v1,db87e6c265d45773bb6297db5af0c11f,a094369878b4580f8eacf01bd17e22f7,limit_hopping_zero_chain6,chain6_hole_4,528,20100,0.0009765625
haxs.stage5c2gR32A.g1-deterministic.v1,db87e6c265d45773bb6297db5af0c11f,94399aced42e53b4bb1d206ddfcf51f8,limit_hopping_zero_chain6,chain6_hole_4,529,20101,0.0009765625
haxs.stage5c2gR32A.g1-deterministic.v1,db87e6c265d45773bb6297db5af0c11f,3ac0d7e2e7815aa489a7d3743c498724,limit_hopping_zero_chain6,chain6_hole_4,530,20102,0.0009765625
haxs.stage5c2gR32A.g1-deterministic.v1,db87e6c265d45773bb6297db5af0c11f,d9ccc4aadd0d5d1985b99f3337c392f4,limit_hopping_zero_chain6,chain6_hole_4,531,20103,0.0009765625
haxs.stage5c2gR32A.g1-deterministic.v1,db87e6c265d45773bb6297db5af0c11f,6d4f427907e45f67bb056f1426c98579,limit_hopping_zero_chain6,chain6_hole_4,532,20110,0.0009765625
haxs.stage5c2gR32A.g1-deterministic.v1,db87e6c265d45773bb6297db5af0c11f,68f3e9c3044c5abe9831732ef24e7211,limit_hopping_zero_chain6,chain6_hole_4,533,20111,0.0009765625
haxs.stage5c2gR32A.g1-deterministic.v1,db87e6c265d45773bb6297db5af0c11f,66c21a80720b5a7eb196b2bba9feae15,limit_hopping_zero_chain6,chain6_hole_4,534,20112,0.0009765625
haxs.stage5c2gR32A.g1-deterministic.v1,db87e6c265d45773bb6297db5af0c11f,21e07c7a5f68506ba92d114e66c8f5d5,limit_hopping_zero_chain6,chain6_hole_4,535,20113,0.0009765625
haxs.stage5c2gR32A.g1-deterministic.v1,db87e6c265d45773bb6297db5af0c11f,45369ead2ac65b2ea1e353bdc8f0ace6,limit_hopping_zero_chain6,chain6_hole_4,536,20120,0.0009765625
haxs.stage5c2gR32A.g1-deterministic.v1,db87e6c265d45773bb6297db5af0c11f,4c6479cf87d75ed3bb9c989002976ce5,limit_hopping_zero_chain6,chain6_hole_4,537,20121,0.0009765625
haxs.stage5c2gR32A.g1-deterministic.v1,db87e6c265d45773bb6297db5af0c11f,f73aab0c039f5cc2bf1c0e059e98191a,limit_hopping_zero_chain6,chain6_hole_4,538,20122,0.0009765625
haxs.stage5c2gR32A.g1-deterministic.v1,db87e6c265d45773bb6297db5af0c11f,2a6501c50c755d73b6e57f48bbb88c03,limit_hopping_zero_chain6,chain6_hole_4,539,20123,0.0009765625
haxs.stage5c2gR32A.g1-deterministic.v1,db87e6c265d45773bb6297db5af0c11f,c99ac2f487955553b05efb30a062bbd4,limit_hopping_zero_chain6,chain6_hole_4,540,20130,0.0009765625
haxs.stage5c2gR32A.g1-deterministic.v1,db87e6c265d45773bb6297db5af0c11f,a2944827da685436987433031a71f70b,limit_hopping_zero_chain6,chain6_hole_4,541,20131,0.0009765625
haxs.stage5c2gR32A.g1-deterministic.v1,db87e6c265d45773bb6297db5af0c11f,a0e40e036a6a52b597834243b3719563,limit_hopping_zero_chain6,chain6_hole_4,542,20132,0.0009765625
haxs.stage5c2gR32A.g1-deterministic.v1,db87e6c265d45773bb6297db5af0c11f,913e941832195ecf8042ce1dbdc09ad1,limit_hopping_zero_chain6,chain6_hole_4,543,20133,0.0009765625
haxs.stage5c2gR32A.g1-deterministic.v1,db87e6c265d45773bb6297db5af0c11f,7036300b9c145e279c7352fc26f570f1,limit_hopping_zero_chain6,chain6_hole_4,544,20200,0.0009765625
haxs.stage5c2gR32A.g1-deterministic.v1,db87e6c265d45773bb6297db5af0c11f,677dfafe5fee5ae5bd6357f836d5b060,limit_hopping_zero_chain6,chain6_hole_4,545,20201,0.0009765625
haxs.stage5c2gR32A.g1-deterministic.v1,db87e6c265d45773bb6297db5af0c11f,33199e6990f95a2b8749d319482b437f,limit_hopping_zero_chain6,chain6_hole_4,546,20202,0.0009765625
haxs.stage5c2gR32A.g1-deterministic.v1,db87e6c265d45773bb6297db5af0c11f,1d6d645f0c775fd8a998a901698c2af0,limit_hopping_zero_chain6,chain6_hole_4,547,20203,0.0009765625
haxs.stage5c2gR32A.g1-deterministic.v1,db87e6c265d45773bb6297db5af0c11f,b5ce78af08c051bf81226476cf85fd0d,limit_hopping_zero_chain6,chain6_hole_4,548,20210,0.0009765625
haxs.stage5c2gR32A.g1-deterministic.v1,db87e6c265d45773bb6297db5af0c11f,37e437f6782457b2a6ec31b205e48a61,limit_hopping_zero_chain6,chain6_hole_4,549,20211,0.0009765625
haxs.stage5c2gR32A.g1-deterministic.v1,db87e6c265d45773bb6297db5af0c11f,98c746a3924f5ae79b42838599707850,limit_hopping_zero_chain6,chain6_hole_4,550,20212,0.0009765625
haxs.stage5c2gR32A.g1-deterministic.v1,db87e6c265d45773bb6297db5af0c11f,23ed03892caf5adf9c72f108dc96428d,limit_hopping_zero_chain6,chain6_hole_4,551,20213,0.0009765625
haxs.stage5c2gR32A.g1-deterministic.v1,db87e6c265d45773bb6297db5af0c11f,73463a40a874559ea3ec76fb6d1c6f9d,limit_hopping_zero_chain6,chain6_hole_4,552,20220,0.0009765625
haxs.stage5c2gR32A.g1-deterministic.v1,db87e6c265d45773bb6297db5af0c11f,1043f4b54a5d51eca61458e7bb73e146,limit_hopping_zero_chain6,chain6_hole_4,553,20221,0.0009765625
haxs.stage5c2gR32A.g1-deterministic.v1,db87e6c265d45773bb6297db5af0c11f,0f9ef64e29b55eff9fe46f26f70e0285,limit_hopping_zero_chain6,chain6_hole_4,554,20222,0.0009765625
haxs.stage5c2gR32A.g1-deterministic.v1,db87e6c265d45773bb6297db5af0c11f,388060a3c64d5ac8a12451947030ebe4,limit_hopping_zero_chain6,chain6_hole_4,555,20223,0.0009765625
haxs.stage5c2gR32A.g1-deterministic.v1,db87e6c265d45773bb6297db5af0c11f,3e2f820eff6a55e996a23cadd3e49130,limit_hopping_zero_chain6,chain6_hole_4,556,20230,0.0009765625
haxs.stage5c2gR32A.g1-deterministic.v1,db87e6c265d45773bb6297db5af0c11f,c364c3a26b9c56f3b4382e5059f1b422,limit_hopping_zero_chain6,chain6_hole_4,557,20231,0.0009765625
haxs.stage5c2gR32A.g1-deterministic.v1,db87e6c265d45773bb6297db5af0c11f,86ce2fc4b8d8566abb5390e5fcecbfa7,limit_hopping_zero_chain6,chain6_hole_4,558,20232,0.0009765625
haxs.stage5c2gR32A.g1-deterministic.v1,db87e6c265d45773bb6297db5af0c11f,c8fb78309fc954fba13582f279aea43b,limit_hopping_zero_chain6,chain6_hole_4,559,20233,0.0009765625
haxs.stage5c2gR32A.g1-deterministic.v1,db87e6c265d45773bb6297db5af0c11f,e58df5a19f325ca5992b34b171dcda33,limit_hopping_zero_chain6,chain6_hole_4,560,20300,0.0009765625
haxs.stage5c2gR32A.g1-deterministic.v1,db87e6c265d45773bb6297db5af0c11f,4ed2b0cf36a75dabb1d97d82e2d67d9e,limit_hopping_zero_chain6,chain6_hole_4,561,20301,0.0009765625
haxs.stage5c2gR32A.g1-deterministic.v1,db87e6c265d45773bb6297db5af0c11f,3b02bfba492b51429979e3280b6b342b,limit_hopping_zero_chain6,chain6_hole_4,562,20302,0.0009765625
haxs.stage5c2gR32A.g1-deterministic.v1,db87e6c265d45773bb6297db5af0c11f,f9a10423096457f8ad2b16aebb705265,limit_hopping_zero_chain6,chain6_hole_4,563,20303,0.0009765625
haxs.stage5c2gR32A.g1-deterministic.v1,db87e6c265d45773bb6297db5af0c11f,54212ec2b5db5e8dbf70626624127575,limit_hopping_zero_chain6,chain6_hole_4,564,20310,0.0009765625
haxs.stage5c2gR32A.g1-deterministic.v1,db87e6c265d45773bb6297db5af0c11f,125f404357095a299d9035f0fa13a81a,limit_hopping_zero_chain6,chain6_hole_4,565,20311,0.0009765625
haxs.stage5c2gR32A.g1-deterministic.v1,db87e6c265d45773bb6297db5af0c11f,414c75228f9b5cf7bb40e409f86cc3e0,limit_hopping_zero_chain6,chain6_hole_4,566,20312,0.0009765625
haxs.stage5c2gR32A.g1-deterministic.v1,db87e6c265d45773bb6297db5af0c11f,627ed9421444532ba67530cb33c4433c,limit_hopping_zero_chain6,chain6_hole_4,567,20313,0.0009765625
haxs.stage5c2gR32A.g1-deterministic.v1,db87e6c265d45773bb6297db5af0c11f,60b18315d2a859b6867114880af1ede9,limit_hopping_zero_chain6,chain6_hole_4,568,20320,0.0009765625
haxs.stage5c2gR32A.g1-deterministic.v1,db87e6c265d45773bb6297db5af0c11f,86b7fe8e75325a9e94efee64d5b3da30,limit_hopping_zero_chain6,chain6_hole_4,569,20321,0.0009765625
haxs.stage5c2gR32A.g1-deterministic.v1,db87e6c265d45773bb6297db5af0c11f,e54e3c21531d54fe9a200d16c205a2fa,limit_hopping_zero_chain6,chain6_hole_4,570,20322,0.0009765625
haxs.stage5c2gR32A.g1-deterministic.v1,db87e6c265d45773bb6297db5af0c11f,4dedb8007a9d54bd918ff88afc432593,limit_hopping_zero_chain6,chain6_hole_4,571,20323,0.0009765625
haxs.stage5c2gR32A.g1-deterministic.v1,db87e6c265d45773bb6297db5af0c11f,35bb4375daa85d7281f0727a208766ff,limit_hopping_zero_chain6,chain6_hole_4,572,20330,0.0009765625
haxs.stage5c2gR32A.g1-deterministic.v1,db87e6c265d45773bb6297db5af0c11f,5cd30fe9a6c058d4a11247691b4f56bd,limit_hopping_zero_chain6,chain6_hole_4,573,20331,0.0009765625
haxs.stage5c2gR32A.g1-deterministic.v1,db87e6c265d45773bb6297db5af0c11f,91b1470b39ca5dad837ca0d30336e7e9,limit_hopping_zero_chain6,chain6_hole_4,574,20332,0.0009765625
haxs.stage5c2gR32A.g1-deterministic.v1,db87e6c265d45773bb6297db5af0c11f,3157093e34f558fa873fcc2cf634f748,limit_hopping_zero_chain6,chain6_hole_4,575,20333,0.0009765625
haxs.stage5c2gR32A.g1-deterministic.v1,db87e6c265d45773bb6297db5af0c11f,814a3b0b48f357bb94964609ec10be88,limit_hopping_zero_chain6,chain6_hole_4,576,21000,0.0009765625
haxs.stage5c2gR32A.g1-deterministic.v1,db87e6c265d45773bb6297db5af0c11f,8338f0106da657009459ea7ff3557189,limit_hopping_zero_chain6,chain6_hole_4,577,21001,0.0009765625
haxs.stage5c2gR32A.g1-deterministic.v1,db87e6c265d45773bb6297db5af0c11f,80ef6a6cb3b254e79469c8d5bbacf825,limit_hopping_zero_chain6,chain6_hole_4,578,21002,0.0009765625
haxs.stage5c2gR32A.g1-deterministic.v1,db87e6c265d45773bb6297db5af0c11f,602e5188b67e5da594c794cded1a51ee,limit_hopping_zero_chain6,chain6_hole_4,579,21003,0.0009765625
haxs.stage5c2gR32A.g1-deterministic.v1,db87e6c265d45773bb6297db5af0c11f,aa5e57d5a4da5479a9f30e61abef664f,limit_hopping_zero_chain6,chain6_hole_4,580,21010,0.0009765625
haxs.stage5c2gR32A.g1-deterministic.v1,db87e6c265d45773bb6297db5af0c11f,68c49efa958c515ea05525bf6819b39e,limit_hopping_zero_chain6,chain6_hole_4,581,21011,0.0009765625
haxs.stage5c2gR32A.g1-deterministic.v1,db87e6c265d45773bb6297db5af0c11f,46cb7fe9ea37502d8efc1b3277b6941f,limit_hopping_zero_chain6,chain6_hole_4,582,21012,0.0009765625
haxs.stage5c2gR32A.g1-deterministic.v1,db87e6c265d45773bb6297db5af0c11f,66cf2265bbe75d1e848dded52d7d3863,limit_hopping_zero_chain6,chain6_hole_4,583,21013,0.0009765625
haxs.stage5c2gR32A.g1-deterministic.v1,db87e6c265d45773bb6297db5af0c11f,f2b121d13f565db38690c5c006aa4bd4,limit_hopping_zero_chain6,chain6_hole_4,584,21020,0.0009765625
haxs.stage5c2gR32A.g1-deterministic.v1,db87e6c265d45773bb6297db5af0c11f,cde2093154cd5732981d19f948860727,limit_hopping_zero_chain6,chain6_hole_4,585,21021,0.0009765625
haxs.stage5c2gR32A.g1-deterministic.v1,db87e6c265d45773bb6297db5af0c11f,1db4d3d2c2225361af51a1f1f1745f0c,limit_hopping_zero_chain6,chain6_hole_4,586,21022,0.0009765625
haxs.stage5c2gR32A.g1-deterministic.v1,db87e6c265d45773bb6297db5af0c11f,25dd640064225ef18726d6268d2db8ca,limit_hopping_zero_chain6,chain6_hole_4,587,21023,0.0009765625
haxs.stage5c2gR32A.g1-deterministic.v1,db87e6c265d45773bb6297db5af0c11f,ecaa7b095a9453b38e837f80128136d1,limit_hopping_zero_chain6,chain6_hole_4,588,21030,0.0009765625
haxs.stage5c2gR32A.g1-deterministic.v1,db87e6c265d45773bb6297db5af0c11f,00d7523b164157a6a1b24d8f428fbbe8,limit_hopping_zero_chain6,chain6_hole_4,589,21031,0.0009765625
haxs.stage5c2gR32A.g1-deterministic.v1,db87e6c265d45773bb6297db5af0c11f,485947a6cbaf5259acdafe5324e3c100,limit_hopping_zero_chain6,chain6_hole_4,590,21032,0.0009765625
haxs.stage5c2gR32A.g1-deterministic.v1,db87e6c265d45773bb6297db5af0c11f,61703aeb6c255d6fb15f4901af347b1d,limit_hopping_zero_chain6,chain6_hole_4,591,21033,0.0009765625
haxs.stage5c2gR32A.g1-deterministic.v1,db87e6c265d45773bb6297db5af0c11f,716785f6b43d5f3d99485ca537d4b214,limit_hopping_zero_chain6,chain6_hole_4,592,21100,0.0009765625
haxs.stage5c2gR32A.g1-deterministic.v1,db87e6c265d45773bb6297db5af0c11f,cae7950730515414871d2de07b981053,limit_hopping_zero_chain6,chain6_hole_4,593,21101,0.0009765625
haxs.stage5c2gR32A.g1-deterministic.v1,db87e6c265d45773bb6297db5af0c11f,ff3530abbc2e5d4caa6d2f8d792cb642,limit_hopping_zero_chain6,chain6_hole_4,594,21102,0.0009765625
haxs.stage5c2gR32A.g1-deterministic.v1,db87e6c265d45773bb6297db5af0c11f,c642ab95f5e454ab9ecd1eae09c9c52d,limit_hopping_zero_chain6,chain6_hole_4,595,21103,0.0009765625
haxs.stage5c2gR32A.g1-deterministic.v1,db87e6c265d45773bb6297db5af0c11f,6a06d97d42d55cf1843d7d78a956b773,limit_hopping_zero_chain6,chain6_hole_4,596,21110,0.0009765625
haxs.stage5c2gR32A.g1-deterministic.v1,db87e6c265d45773bb6297db5af0c11f,1277503bb55958caa8241a730932fd9d,limit_hopping_zero_chain6,chain6_hole_4,597,21111,0.0009765625
haxs.stage5c2gR32A.g1-deterministic.v1,db87e6c265d45773bb6297db5af0c11f,0077fab3a4d856a6943c0f55499d8ca6,limit_hopping_zero_chain6,chain6_hole_4,598,21112,0.0009765625
haxs.stage5c2gR32A.g1-deterministic.v1,db87e6c265d45773bb6297db5af0c11f,1589c4d078725afa84e2a4c261d329a9,limit_hopping_zero_chain6,chain6_hole_4,599,21113,0.0009765625
haxs.stage5c2gR32A.g1-deterministic.v1,db87e6c265d45773bb6297db5af0c11f,d3f264a9befa52df9c7277486537cc50,limit_hopping_zero_chain6,chain6_hole_4,600,21120,0.0009765625
haxs.stage5c2gR32A.g1-deterministic.v1,db87e6c265d45773bb6297db5af0c11f,23db3d5e4e3156bc9068384e9fb492dc,limit_hopping_zero_chain6,chain6_hole_4,601,21121,0.0009765625
haxs.stage5c2gR32A.g1-deterministic.v1,db87e6c265d45773bb6297db5af0c11f,a51d679c0eb458fd8eae4c52c3440c65,limit_hopping_zero_chain6,chain6_hole_4,602,21122,0.0009765625
haxs.stage5c2gR32A.g1-deterministic.v1,db87e6c265d45773bb6297db5af0c11f,351c97a1c36e5f1db66eefb25f6f6b41,limit_hopping_zero_chain6,chain6_hole_4,603,21123,0.0009765625
haxs.stage5c2gR32A.g1-deterministic.v1,db87e6c265d45773bb6297db5af0c11f,c86d6510125f569793bbb43b0c9f6d6d,limit_hopping_zero_chain6,chain6_hole_4,604,21130,0.0009765625
haxs.stage5c2gR32A.g1-deterministic.v1,db87e6c265d45773bb6297db5af0c11f,b05e87bbecf2537d87b1847dd5682f3a,limit_hopping_zero_chain6,chain6_hole_4,605,21131,0.0009765625
haxs.stage5c2gR32A.g1-deterministic.v1,db87e6c265d45773bb6297db5af0c11f,5123d066346b59aa828cca0e9c82cd20,limit_hopping_zero_chain6,chain6_hole_4,606,21132,0.0009765625
haxs.stage5c2gR32A.g1-deterministic.v1,db87e6c265d45773bb6297db5af0c11f,ea0a750eefa45413b7e72bfa19d1768f,limit_hopping_zero_chain6,chain6_hole_4,607,21133,0.0009765625
haxs.stage5c2gR32A.g1-deterministic.v1,db87e6c265d45773bb6297db5af0c11f,a6904d7051b4590fb7afe5f101b2d979,limit_hopping_zero_chain6,chain6_hole_4,608,21200,0.0009765625
haxs.stage5c2gR32A.g1-deterministic.v1,db87e6c265d45773bb6297db5af0c11f,e816894a9c84536999c422189ab21455,limit_hopping_zero_chain6,chain6_hole_4,609,21201,0.0009765625
haxs.stage5c2gR32A.g1-deterministic.v1,db87e6c265d45773bb6297db5af0c11f,867d444dc1df568a968f482b5742947a,limit_hopping_zero_chain6,chain6_hole_4,610,21202,0.0009765625
haxs.stage5c2gR32A.g1-deterministic.v1,db87e6c265d45773bb6297db5af0c11f,5b5e1293a5f45c9cb131247a73663de1,limit_hopping_zero_chain6,chain6_hole_4,611,21203,0.0009765625
haxs.stage5c2gR32A.g1-deterministic.v1,db87e6c265d45773bb6297db5af0c11f,6c8ded8cb144578683dbf0c64114dcf2,limit_hopping_zero_chain6,chain6_hole_4,612,21210,0.0009765625
haxs.stage5c2gR32A.g1-deterministic.v1,db87e6c265d45773bb6297db5af0c11f,5d3822ce9fae517f8f5f4758b396a516,limit_hopping_zero_chain6,chain6_hole_4,613,21211,0.0009765625
haxs.stage5c2gR32A.g1-deterministic.v1,db87e6c265d45773bb6297db5af0c11f,d2c852f9fc4753638a769d25cb2ab6e1,limit_hopping_zero_chain6,chain6_hole_4,614,21212,0.0009765625
haxs.stage5c2gR32A.g1-deterministic.v1,db87e6c265d45773bb6297db5af0c11f,a8220d9a634953ee93b73e7ce10fe9a1,limit_hopping_zero_chain6,chain6_hole_4,615,21213,0.0009765625
haxs.stage5c2gR32A.g1-deterministic.v1,db87e6c265d45773bb6297db5af0c11f,1b8c21aed818535994b4c96a2efb188b,limit_hopping_zero_chain6,chain6_hole_4,616,21220,0.0009765625
haxs.stage5c2gR32A.g1-deterministic.v1,db87e6c265d45773bb6297db5af0c11f,a668e89c096f58ab8eba42dcadb4c3e9,limit_hopping_zero_chain6,chain6_hole_4,617,21221,0.0009765625
haxs.stage5c2gR32A.g1-deterministic.v1,db87e6c265d45773bb6297db5af0c11f,d2784d8a116d5db1a184a008cbbe6bd2,limit_hopping_zero_chain6,chain6_hole_4,618,21222,0.0009765625
haxs.stage5c2gR32A.g1-deterministic.v1,db87e6c265d45773bb6297db5af0c11f,15f8f8399469548d87873880f23e62f6,limit_hopping_zero_chain6,chain6_hole_4,619,21223,0.0009765625
haxs.stage5c2gR32A.g1-deterministic.v1,db87e6c265d45773bb6297db5af0c11f,797f1bb8d6ff5792a3c59afe4e6fa6bd,limit_hopping_zero_chain6,chain6_hole_4,620,21230,0.0009765625
haxs.stage5c2gR32A.g1-deterministic.v1,db87e6c265d45773bb6297db5af0c11f,0690a793af7256e0b82a3ba9ed77b256,limit_hopping_zero_chain6,chain6_hole_4,621,21231,0.0009765625
haxs.stage5c2gR32A.g1-deterministic.v1,db87e6c265d45773bb6297db5af0c11f,83ac24da71e2537f8f35255efc0fae7d,limit_hopping_zero_chain6,chain6_hole_4,622,21232,0.0009765625
haxs.stage5c2gR32A.g1-deterministic.v1,db87e6c265d45773bb6297db5af0c11f,3f078e860ed85d68a50b55f50f734933,limit_hopping_zero_chain6,chain6_hole_4,623,21233,0.0009765625
haxs.stage5c2gR32A.g1-deterministic.v1,db87e6c265d45773bb6297db5af0c11f,42074593f0c05ba589b12f439b02f789,limit_hopping_zero_chain6,chain6_hole_4,624,21300,0.0009765625
haxs.stage5c2gR32A.g1-deterministic.v1,db87e6c265d45773bb6297db5af0c11f,a5574b49ca7b573a993a3c8700225e1f,limit_hopping_zero_chain6,chain6_hole_4,625,21301,0.0009765625
haxs.stage5c2gR32A.g1-deterministic.v1,db87e6c265d45773bb6297db5af0c11f,3dae2f7498b1585aaa5e5585b1a956e8,limit_hopping_zero_chain6,chain6_hole_4,626,21302,0.0009765625
haxs.stage5c2gR32A.g1-deterministic.v1,db87e6c265d45773bb6297db5af0c11f,671187e8a27a5f6cbc18fd6722c30014,limit_hopping_zero_chain6,chain6_hole_4,627,21303,0.0009765625
haxs.stage5c2gR32A.g1-deterministic.v1,db87e6c265d45773bb6297db5af0c11f,26f2977cf47e5fff83c694b9a78ba6a7,limit_hopping_zero_chain6,chain6_hole_4,628,21310,0.0009765625
haxs.stage5c2gR32A.g1-deterministic.v1,db87e6c265d45773bb6297db5af0c11f,266dcf1e72d552ecba50597e19cdb866,limit_hopping_zero_chain6,chain6_hole_4,629,21311,0.0009765625
haxs.stage5c2gR32A.g1-deterministic.v1,db87e6c265d45773bb6297db5af0c11f,ce454b9444455be9b7dc1f6837d7a101,limit_hopping_zero_chain6,chain6_hole_4,630,21312,0.0009765625
haxs.stage5c2gR32A.g1-deterministic.v1,db87e6c265d45773bb6297db5af0c11f,47d05908aa4b5ffca948781be9b1da6d,limit_hopping_zero_chain6,chain6_hole_4,631,21313,0.0009765625
haxs.stage5c2gR32A.g1-deterministic.v1,db87e6c265d45773bb6297db5af0c11f,379a6b639ee25eaa8aca3b7203c66787,limit_hopping_zero_chain6,chain6_hole_4,632,21320,0.0009765625
haxs.stage5c2gR32A.g1-deterministic.v1,db87e6c265d45773bb6297db5af0c11f,7d11d126241651eda9040170a61e01fc,limit_hopping_zero_chain6,chain6_hole_4,633,21321,0.0009765625
haxs.stage5c2gR32A.g1-deterministic.v1,db87e6c265d45773bb6297db5af0c11f,a35efa2fbf085dcbb3293389a371c6f3,limit_hopping_zero_chain6,chain6_hole_4,634,21322,0.0009765625
haxs.stage5c2gR32A.g1-deterministic.v1,db87e6c265d45773bb6297db5af0c11f,cc7794a5a0fa5d0cbfe0162c299712e7,limit_hopping_zero_chain6,chain6_hole_4,635,21323,0.0009765625
haxs.stage5c2gR32A.g1-deterministic.v1,db87e6c265d45773bb6297db5af0c11f,5cacfbc75b795a6ca3b0f0e12617052c,limit_hopping_zero_chain6,chain6_hole_4,636,21330,0.0009765625
haxs.stage5c2gR32A.g1-deterministic.v1,db87e6c265d45773bb6297db5af0c11f,fbb11601a05f562187d3b099d9a77740,limit_hopping_zero_chain6,chain6_hole_4,637,21331,0.0009765625
haxs.stage5c2gR32A.g1-deterministic.v1,db87e6c265d45773bb6297db5af0c11f,c98b775a771e5307ba05b9125477263b,limit_hopping_zero_chain6,chain6_hole_4,638,21332,0.0009765625
haxs.stage5c2gR32A.g1-deterministic.v1,db87e6c265d45773bb6297db5af0c11f,59cdbbdd1b8b5ed5a808727b171553ac,limit_hopping_zero_chain6,chain6_hole_4,639,21333,0.0009765625
haxs.stage5c2gR32A.g1-deterministic.v1,db87e6c265d45773bb6297db5af0c11f,1926593696f759caa81170120faa8d9f,limit_hopping_zero_chain6,chain6_hole_4,640,22000,0.0009765625
haxs.stage5c2gR32A.g1-deterministic.v1,db87e6c265d45773bb6297db5af0c11f,2aa111b0d567580e8d174f866156f54b,limit_hopping_zero_chain6,chain6_hole_4,641,22001,0.0009765625
haxs.stage5c2gR32A.g1-deterministic.v1,db87e6c265d45773bb6297db5af0c11f,0580cd4820f7531c8d05606410d55d42,limit_hopping_zero_chain6,chain6_hole_4,642,22002,0.0009765625
haxs.stage5c2gR32A.g1-deterministic.v1,db87e6c265d45773bb6297db5af0c11f,79c0c7122f8151a98e79aafe9753f7c3,limit_hopping_zero_chain6,chain6_hole_4,643,22003,0.0009765625
haxs.stage5c2gR32A.g1-deterministic.v1,db87e6c265d45773bb6297db5af0c11f,835ff838d3815803b2cec5c69586d5cd,limit_hopping_zero_chain6,chain6_hole_4,644,22010,0.0009765625
haxs.stage5c2gR32A.g1-deterministic.v1,db87e6c265d45773bb6297db5af0c11f,a646896d0fde573d835e4cee7bcfee74,limit_hopping_zero_chain6,chain6_hole_4,645,22011,0.0009765625
haxs.stage5c2gR32A.g1-deterministic.v1,db87e6c265d45773bb6297db5af0c11f,5b5c7e16b1e45261bc44bf5296989e9a,limit_hopping_zero_chain6,chain6_hole_4,646,22012,0.0009765625
haxs.stage5c2gR32A.g1-deterministic.v1,db87e6c265d45773bb6297db5af0c11f,45fd343e4daa5aa69d62ad5000caabca,limit_hopping_zero_chain6,chain6_hole_4,647,22013,0.0009765625
haxs.stage5c2gR32A.g1-deterministic.v1,db87e6c265d45773bb6297db5af0c11f,a27bffa4d70a591da5e106ade135391a,limit_hopping_zero_chain6,chain6_hole_4,648,22020,0.0009765625
haxs.stage5c2gR32A.g1-deterministic.v1,db87e6c265d45773bb6297db5af0c11f,b573b3844f6752cfaa67df2d3523d1c8,limit_hopping_zero_chain6,chain6_hole_4,649,22021,0.0009765625
haxs.stage5c2gR32A.g1-deterministic.v1,db87e6c265d45773bb6297db5af0c11f,30637a853c235afbbd52336bf998ed6c,limit_hopping_zero_chain6,chain6_hole_4,650,22022,0.0009765625
haxs.stage5c2gR32A.g1-deterministic.v1,db87e6c265d45773bb6297db5af0c11f,02cc86a51cb05b3d8c148735414916ea,limit_hopping_zero_chain6,chain6_hole_4,651,22023,0.0009765625
haxs.stage5c2gR32A.g1-deterministic.v1,db87e6c265d45773bb6297db5af0c11f,90aeea8694fa5c0a90a6cbf744806f8e,limit_hopping_zero_chain6,chain6_hole_4,652,22030,0.0009765625
haxs.stage5c2gR32A.g1-deterministic.v1,db87e6c265d45773bb6297db5af0c11f,7d506f9428155728ad7d822ea4034ae6,limit_hopping_zero_chain6,chain6_hole_4,653,22031,0.0009765625
haxs.stage5c2gR32A.g1-deterministic.v1,db87e6c265d45773bb6297db5af0c11f,43b15ff16eb951c1b49e3ac9c9594481,limit_hopping_zero_chain6,chain6_hole_4,654,22032,0.0009765625
haxs.stage5c2gR32A.g1-deterministic.v1,db87e6c265d45773bb6297db5af0c11f,21061b4e144a5e0a960b47353912a354,limit_hopping_zero_chain6,chain6_hole_4,655,22033,0.0009765625
haxs.stage5c2gR32A.g1-deterministic.v1,db87e6c265d45773bb6297db5af0c11f,52eda4da52b958d3b9673da79a116c08,limit_hopping_zero_chain6,chain6_hole_4,656,22100,0.0009765625
haxs.stage5c2gR32A.g1-deterministic.v1,db87e6c265d45773bb6297db5af0c11f,22a796ac132751f8afec8ceae9071313,limit_hopping_zero_chain6,chain6_hole_4,657,22101,0.0009765625
haxs.stage5c2gR32A.g1-deterministic.v1,db87e6c265d45773bb6297db5af0c11f,b878fb7edcf053f5b85cc068d00e2abd,limit_hopping_zero_chain6,chain6_hole_4,658,22102,0.0009765625
haxs.stage5c2gR32A.g1-deterministic.v1,db87e6c265d45773bb6297db5af0c11f,9d0e8239b3255dc3a6e89f5c7086d1f4,limit_hopping_zero_chain6,chain6_hole_4,659,22103,0.0009765625
haxs.stage5c2gR32A.g1-deterministic.v1,db87e6c265d45773bb6297db5af0c11f,0a383823ade452f0ba767c1506e10018,limit_hopping_zero_chain6,chain6_hole_4,660,22110,0.0009765625
haxs.stage5c2gR32A.g1-deterministic.v1,db87e6c265d45773bb6297db5af0c11f,5b3b530ea8955a03b36903bbc4ada7f2,limit_hopping_zero_chain6,chain6_hole_4,661,22111,0.0009765625
haxs.stage5c2gR32A.g1-deterministic.v1,db87e6c265d45773bb6297db5af0c11f,d38187377d1959b28c5e766731a4703b,limit_hopping_zero_chain6,chain6_hole_4,662,22112,0.0009765625
haxs.stage5c2gR32A.g1-deterministic.v1,db87e6c265d45773bb6297db5af0c11f,f77cc94e97a05556b9d0f6079f0b3eab,limit_hopping_zero_chain6,chain6_hole_4,663,22113,0.0009765625
haxs.stage5c2gR32A.g1-deterministic.v1,db87e6c265d45773bb6297db5af0c11f,eea7752aeafd535ca149f3bb7eb5896f,limit_hopping_zero_chain6,chain6_hole_4,664,22120,0.0009765625
haxs.stage5c2gR32A.g1-deterministic.v1,db87e6c265d45773bb6297db5af0c11f,80d989f9116851fc96d8bd66357263dc,limit_hopping_zero_chain6,chain6_hole_4,665,22121,0.0009765625
haxs.stage5c2gR32A.g1-deterministic.v1,db87e6c265d45773bb6297db5af0c11f,0c19917745dc523fb4ae3a2de39d55d7,limit_hopping_zero_chain6,chain6_hole_4,666,22122,0.0009765625
haxs.stage5c2gR32A.g1-deterministic.v1,db87e6c265d45773bb6297db5af0c11f,a25e54e5c2b756fda6f820648c9c900e,limit_hopping_zero_chain6,chain6_hole_4,667,22123,0.0009765625
haxs.stage5c2gR32A.g1-deterministic.v1,db87e6c265d45773bb6297db5af0c11f,9eb243e22fd553368bb5d677b40baa42,limit_hopping_zero_chain6,chain6_hole_4,668,22130,0.0009765625
haxs.stage5c2gR32A.g1-deterministic.v1,db87e6c265d45773bb6297db5af0c11f,dcb7bfaa80395093a110963f4f8714f3,limit_hopping_zero_chain6,chain6_hole_4,669,22131,0.0009765625
haxs.stage5c2gR32A.g1-deterministic.v1,db87e6c265d45773bb6297db5af0c11f,0f1a80e1797a5327a198b37baa4f1abe,limit_hopping_zero_chain6,chain6_hole_4,670,22132,0.0009765625
haxs.stage5c2gR32A.g1-deterministic.v1,db87e6c265d45773bb6297db5af0c11f,423c73ad43bb5f79a4878dd75910c0d4,limit_hopping_zero_chain6,chain6_hole_4,671,22133,0.0009765625
haxs.stage5c2gR32A.g1-deterministic.v1,db87e6c265d45773bb6297db5af0c11f,59c77564b0ed5931b44a07a51d015816,limit_hopping_zero_chain6,chain6_hole_4,672,22200,0.0009765625
haxs.stage5c2gR32A.g1-deterministic.v1,db87e6c265d45773bb6297db5af0c11f,5f5529beb1cd5f3bae98860cd948395b,limit_hopping_zero_chain6,chain6_hole_4,673,22201,0.0009765625
haxs.stage5c2gR32A.g1-deterministic.v1,db87e6c265d45773bb6297db5af0c11f,fa8f174dccb853f38e762f13fc113460,limit_hopping_zero_chain6,chain6_hole_4,674,22202,0.0009765625
haxs.stage5c2gR32A.g1-deterministic.v1,db87e6c265d45773bb6297db5af0c11f,414450302a5a5087ae7585e4032aa355,limit_hopping_zero_chain6,chain6_hole_4,675,22203,0.0009765625
haxs.stage5c2gR32A.g1-deterministic.v1,db87e6c265d45773bb6297db5af0c11f,7cb210409e4154bbb501ef8bad18e5f7,limit_hopping_zero_chain6,chain6_hole_4,676,22210,0.0009765625
haxs.stage5c2gR32A.g1-deterministic.v1,db87e6c265d45773bb6297db5af0c11f,26052c141e0b500386a8a4f5c6b35e8e,limit_hopping_zero_chain6,chain6_hole_4,677,22211,0.0009765625
haxs.stage5c2gR32A.g1-deterministic.v1,db87e6c265d45773bb6297db5af0c11f,bd9b6716191e54b38deda2951992c2f2,limit_hopping_zero_chain6,chain6_hole_4,678,22212,0.0009765625
haxs.stage5c2gR32A.g1-deterministic.v1,db87e6c265d45773bb6297db5af0c11f,421b45de14b1577c9a003080b55d55b5,limit_hopping_zero_chain6,chain6_hole_4,679,22213,0.0009765625
haxs.stage5c2gR32A.g1-deterministic.v1,db87e6c265d45773bb6297db5af0c11f,ca3b0f24e0e15b7f9704dce1ab471737,limit_hopping_zero_chain6,chain6_hole_4,680,22220,0.0009765625
haxs.stage5c2gR32A.g1-deterministic.v1,db87e6c265d45773bb6297db5af0c11f,26d59bd16db059cfb54564709df091fa,limit_hopping_zero_chain6,chain6_hole_4,681,22221,0.0009765625
haxs.stage5c2gR32A.g1-deterministic.v1,db87e6c265d45773bb6297db5af0c11f,faafc45551c75469adf788b181861321,limit_hopping_zero_chain6,chain6_hole_4,682,22222,0.0009765625
haxs.stage5c2gR32A.g1-deterministic.v1,db87e6c265d45773bb6297db5af0c11f,df67879f7b4258fd8e66e31675fb79bb,limit_hopping_zero_chain6,chain6_hole_4,683,22223,0.0009765625
haxs.stage5c2gR32A.g1-deterministic.v1,db87e6c265d45773bb6297db5af0c11f,79a071b904185bdba9495b1f1aee1327,limit_hopping_zero_chain6,chain6_hole_4,684,22230,0.0009765625
haxs.stage5c2gR32A.g1-deterministic.v1,db87e6c265d45773bb6297db5af0c11f,b3ac8ed97ed35c0f8f0a5a8f4e6939ae,limit_hopping_zero_chain6,chain6_hole_4,685,22231,0.0009765625
haxs.stage5c2gR32A.g1-deterministic.v1,db87e6c265d45773bb6297db5af0c11f,b25eb9d982615630b61f6fd0ad3d3593,limit_hopping_zero_chain6,chain6_hole_4,686,22232,0.0009765625
haxs.stage5c2gR32A.g1-deterministic.v1,db87e6c265d45773bb6297db5af0c11f,7a1f9e6f808b56d4900c0c775aa816e6,limit_hopping_zero_chain6,chain6_hole_4,687,22233,0.0009765625
haxs.stage5c2gR32A.g1-deterministic.v1,db87e6c265d45773bb6297db5af0c11f,ce23c1dc4fc7525d97fd368f8b9027eb,limit_hopping_zero_chain6,chain6_hole_4,688,22300,0.0009765625
haxs.stage5c2gR32A.g1-deterministic.v1,db87e6c265d45773bb6297db5af0c11f,eeae385b20325449ae25ed7090e950ef,limit_hopping_zero_chain6,chain6_hole_4,689,22301,0.0009765625
haxs.stage5c2gR32A.g1-deterministic.v1,db87e6c265d45773bb6297db5af0c11f,0c4f5de027a0522886d0c958e8501a59,limit_hopping_zero_chain6,chain6_hole_4,690,22302,0.0009765625
haxs.stage5c2gR32A.g1-deterministic.v1,db87e6c265d45773bb6297db5af0c11f,9095da7533dc5ec7ba3557a71ae171dc,limit_hopping_zero_chain6,chain6_hole_4,691,22303,0.0009765625
haxs.stage5c2gR32A.g1-deterministic.v1,db87e6c265d45773bb6297db5af0c11f,9245914b975a532cacc4890c6ee171e3,limit_hopping_zero_chain6,chain6_hole_4,692,22310,0.0009765625
haxs.stage5c2gR32A.g1-deterministic.v1,db87e6c265d45773bb6297db5af0c11f,6586576051335f06a69ee719c40caa97,limit_hopping_zero_chain6,chain6_hole_4,693,22311,0.0009765625
haxs.stage5c2gR32A.g1-deterministic.v1,db87e6c265d45773bb6297db5af0c11f,ce817bd0f43752978224285d2cbb5343,limit_hopping_zero_chain6,chain6_hole_4,694,22312,0.0009765625
haxs.stage5c2gR32A.g1-deterministic.v1,db87e6c265d45773bb6297db5af0c11f,725b833c0575573c80384e0e8f0968db,limit_hopping_zero_chain6,chain6_hole_4,695,22313,0.0009765625
haxs.stage5c2gR32A.g1-deterministic.v1,db87e6c265d45773bb6297db5af0c11f,230e630ac5e45d078016a742032630be,limit_hopping_zero_chain6,chain6_hole_4,696,22320,0.0009765625
haxs.stage5c2gR32A.g1-deterministic.v1,db87e6c265d45773bb6297db5af0c11f,9b648656e51952ff851970889ac3ecd7,limit_hopping_zero_chain6,chain6_hole_4,697,22321,0.0009765625
haxs.stage5c2gR32A.g1-deterministic.v1,db87e6c265d45773bb6297db5af0c11f,182d7033de955c5aaeb6501fd3838700,limit_hopping_zero_chain6,chain6_hole_4,698,22322,0.0009765625
haxs.stage5c2gR32A.g1-deterministic.v1,db87e6c265d45773bb6297db5af0c11f,9eebfc3679895cef994138d486732d0c,limit_hopping_zero_chain6,chain6_hole_4,699,22323,0.0009765625
haxs.stage5c2gR32A.g1-deterministic.v1,db87e6c265d45773bb6297db5af0c11f,bf4265859a7659919a7b094e8690004b,limit_hopping_zero_chain6,chain6_hole_4,700,22330,0.0009765625
haxs.stage5c2gR32A.g1-deterministic.v1,db87e6c265d45773bb6297db5af0c11f,65a33489fe11539b81ce172e97bd7c39,limit_hopping_zero_chain6,chain6_hole_4,701,22331,0.0009765625
haxs.stage5c2gR32A.g1-deterministic.v1,db87e6c265d45773bb6297db5af0c11f,7ac47c07ee0458f2af44eb9bb25ba148,limit_hopping_zero_chain6,chain6_hole_4,702,22332,0.0009765625
haxs.stage5c2gR32A.g1-deterministic.v1,db87e6c265d45773bb6297db5af0c11f,ca2018ae73f559859ae6a578ba02bdec,limit_hopping_zero_chain6,chain6_hole_4,703,22333,0.0009765625
haxs.stage5c2gR32A.g1-deterministic.v1,db87e6c265d45773bb6297db5af0c11f,4ca346aa8ce454239fe5305ce957409a,limit_hopping_zero_chain6,chain6_hole_4,704,23000,0.0009765625
haxs.stage5c2gR32A.g1-deterministic.v1,db87e6c265d45773bb6297db5af0c11f,9ef1382c3c365f3984068dac538d0bc8,limit_hopping_zero_chain6,chain6_hole_4,705,23001,0.0009765625
haxs.stage5c2gR32A.g1-deterministic.v1,db87e6c265d45773bb6297db5af0c11f,a6404c57afaf57078658b30d98cc6a44,limit_hopping_zero_chain6,chain6_hole_4,706,23002,0.0009765625
haxs.stage5c2gR32A.g1-deterministic.v1,db87e6c265d45773bb6297db5af0c11f,47a8bece657e5988bc8d9e4b7548d5de,limit_hopping_zero_chain6,chain6_hole_4,707,23003,0.0009765625
haxs.stage5c2gR32A.g1-deterministic.v1,db87e6c265d45773bb6297db5af0c11f,8c85b402c90f59c5a80fde700f65e369,limit_hopping_zero_chain6,chain6_hole_4,708,23010,0.0009765625
haxs.stage5c2gR32A.g1-deterministic.v1,db87e6c265d45773bb6297db5af0c11f,e922b611ad70598bb6afa57452b90ac5,limit_hopping_zero_chain6,chain6_hole_4,709,23011,0.0009765625
haxs.stage5c2gR32A.g1-deterministic.v1,db87e6c265d45773bb6297db5af0c11f,f3526858821d5d6788b35a4dd24d3ed9,limit_hopping_zero_chain6,chain6_hole_4,710,23012,0.0009765625
haxs.stage5c2gR32A.g1-deterministic.v1,db87e6c265d45773bb6297db5af0c11f,7362019f37325516bc8d5bb30712f28d,limit_hopping_zero_chain6,chain6_hole_4,711,23013,0.0009765625
haxs.stage5c2gR32A.g1-deterministic.v1,db87e6c265d45773bb6297db5af0c11f,5b67f8dc91c251a2a36d90bef3dbdc8b,limit_hopping_zero_chain6,chain6_hole_4,712,23020,0.0009765625
haxs.stage5c2gR32A.g1-deterministic.v1,db87e6c265d45773bb6297db5af0c11f,b9e37e40f17355a182042d869389c26c,limit_hopping_zero_chain6,chain6_hole_4,713,23021,0.0009765625
haxs.stage5c2gR32A.g1-deterministic.v1,db87e6c265d45773bb6297db5af0c11f,537c08b3441a5af6b312c486a7b629b7,limit_hopping_zero_chain6,chain6_hole_4,714,23022,0.0009765625
haxs.stage5c2gR32A.g1-deterministic.v1,db87e6c265d45773bb6297db5af0c11f,c9824a99360257dfbba280044e01d905,limit_hopping_zero_chain6,chain6_hole_4,715,23023,0.0009765625
haxs.stage5c2gR32A.g1-deterministic.v1,db87e6c265d45773bb6297db5af0c11f,c3c08473fc1d576cb9829e49c852e04d,limit_hopping_zero_chain6,chain6_hole_4,716,23030,0.0009765625
haxs.stage5c2gR32A.g1-deterministic.v1,db87e6c265d45773bb6297db5af0c11f,462b611407fc5491afdbf311962ad369,limit_hopping_zero_chain6,chain6_hole_4,717,23031,0.0009765625
haxs.stage5c2gR32A.g1-deterministic.v1,db87e6c265d45773bb6297db5af0c11f,adf5bffe3827525a80615f07650de3ac,limit_hopping_zero_chain6,chain6_hole_4,718,23032,0.0009765625
haxs.stage5c2gR32A.g1-deterministic.v1,db87e6c265d45773bb6297db5af0c11f,0383af8ec3595f48b2987cc56926ecf8,limit_hopping_zero_chain6,chain6_hole_4,719,23033,0.0009765625
haxs.stage5c2gR32A.g1-deterministic.v1,db87e6c265d45773bb6297db5af0c11f,2ea63f5138da51f294c0878ff6de09e5,limit_hopping_zero_chain6,chain6_hole_4,720,23100,0.0009765625
haxs.stage5c2gR32A.g1-deterministic.v1,db87e6c265d45773bb6297db5af0c11f,b4616d79898b5dfeb939c812f6c3620e,limit_hopping_zero_chain6,chain6_hole_4,721,23101,0.0009765625
haxs.stage5c2gR32A.g1-deterministic.v1,db87e6c265d45773bb6297db5af0c11f,3899e31fc8c153978d84975f5fa2fd17,limit_hopping_zero_chain6,chain6_hole_4,722,23102,0.0009765625
haxs.stage5c2gR32A.g1-deterministic.v1,db87e6c265d45773bb6297db5af0c11f,2c0ef26373f950ef9262974fcac90f7c,limit_hopping_zero_chain6,chain6_hole_4,723,23103,0.0009765625
haxs.stage5c2gR32A.g1-deterministic.v1,db87e6c265d45773bb6297db5af0c11f,25310b13c5b85b1fb7fa358a8579d8f9,limit_hopping_zero_chain6,chain6_hole_4,724,23110,0.0009765625
haxs.stage5c2gR32A.g1-deterministic.v1,db87e6c265d45773bb6297db5af0c11f,3c895a4b71a05af7a2b7bf02b12371fa,limit_hopping_zero_chain6,chain6_hole_4,725,23111,0.0009765625
haxs.stage5c2gR32A.g1-deterministic.v1,db87e6c265d45773bb6297db5af0c11f,a0ea7c836d3e5d898cf4d85ff940283b,limit_hopping_zero_chain6,chain6_hole_4,726,23112,0.0009765625
haxs.stage5c2gR32A.g1-deterministic.v1,db87e6c265d45773bb6297db5af0c11f,73950569e87a529bb83cbe8d62010378,limit_hopping_zero_chain6,chain6_hole_4,727,23113,0.0009765625
haxs.stage5c2gR32A.g1-deterministic.v1,db87e6c265d45773bb6297db5af0c11f,c531485be2055380a7ee3552cbbe1bda,limit_hopping_zero_chain6,chain6_hole_4,728,23120,0.0009765625
haxs.stage5c2gR32A.g1-deterministic.v1,db87e6c265d45773bb6297db5af0c11f,0ee4ff015fcb5d0898f650f46288cb12,limit_hopping_zero_chain6,chain6_hole_4,729,23121,0.0009765625
haxs.stage5c2gR32A.g1-deterministic.v1,db87e6c265d45773bb6297db5af0c11f,2c068fc759e253a58e6b48be6c59f643,limit_hopping_zero_chain6,chain6_hole_4,730,23122,0.0009765625
haxs.stage5c2gR32A.g1-deterministic.v1,db87e6c265d45773bb6297db5af0c11f,526b7f4acd085231901a0412ca72e3f5,limit_hopping_zero_chain6,chain6_hole_4,731,23123,0.0009765625
haxs.stage5c2gR32A.g1-deterministic.v1,db87e6c265d45773bb6297db5af0c11f,70401584bb605d5c8d77e8fa6c195848,limit_hopping_zero_chain6,chain6_hole_4,732,23130,0.0009765625
haxs.stage5c2gR32A.g1-deterministic.v1,db87e6c265d45773bb6297db5af0c11f,ecdf8f8c549f50689779be605ae78f8a,limit_hopping_zero_chain6,chain6_hole_4,733,23131,0.0009765625
haxs.stage5c2gR32A.g1-deterministic.v1,db87e6c265d45773bb6297db5af0c11f,82ee4ea1ea1e5ed0911f8434d66c688d,limit_hopping_zero_chain6,chain6_hole_4,734,23132,0.0009765625
haxs.stage5c2gR32A.g1-deterministic.v1,db87e6c265d45773bb6297db5af0c11f,8e3d452e4de95691a2bfb83c41eb6c4b,limit_hopping_zero_chain6,chain6_hole_4,735,23133,0.0009765625
haxs.stage5c2gR32A.g1-deterministic.v1,db87e6c265d45773bb6297db5af0c11f,ecad5ee660535680a53a150d3dd142f2,limit_hopping_zero_chain6,chain6_hole_4,736,23200,0.0009765625
haxs.stage5c2gR32A.g1-deterministic.v1,db87e6c265d45773bb6297db5af0c11f,4029df80e09f53cd9eb45c0ede64947c,limit_hopping_zero_chain6,chain6_hole_4,737,23201,0.0009765625
haxs.stage5c2gR32A.g1-deterministic.v1,db87e6c265d45773bb6297db5af0c11f,56c011ecf3cf5accbcb38d81df596cd9,limit_hopping_zero_chain6,chain6_hole_4,738,23202,0.0009765625
haxs.stage5c2gR32A.g1-deterministic.v1,db87e6c265d45773bb6297db5af0c11f,a20b816ed6165c9ea4074a0e33c0395c,limit_hopping_zero_chain6,chain6_hole_4,739,23203,0.0009765625
haxs.stage5c2gR32A.g1-deterministic.v1,db87e6c265d45773bb6297db5af0c11f,9f30a9b9b9945deea9216211610a706d,limit_hopping_zero_chain6,chain6_hole_4,740,23210,0.0009765625
haxs.stage5c2gR32A.g1-deterministic.v1,db87e6c265d45773bb6297db5af0c11f,bbffb255efe45ef3aa08452c17829c1e,limit_hopping_zero_chain6,chain6_hole_4,741,23211,0.0009765625
haxs.stage5c2gR32A.g1-deterministic.v1,db87e6c265d45773bb6297db5af0c11f,ab1cb3f4838c5e32b163623829b5928a,limit_hopping_zero_chain6,chain6_hole_4,742,23212,0.0009765625
haxs.stage5c2gR32A.g1-deterministic.v1,db87e6c265d45773bb6297db5af0c11f,f8876f72e25553b38e27625adc12dd1a,limit_hopping_zero_chain6,chain6_hole_4,743,23213,0.0009765625
haxs.stage5c2gR32A.g1-deterministic.v1,db87e6c265d45773bb6297db5af0c11f,ceade02c1b755e8dab4a9be8132eeeec,limit_hopping_zero_chain6,chain6_hole_4,744,23220,0.0009765625
haxs.stage5c2gR32A.g1-deterministic.v1,db87e6c265d45773bb6297db5af0c11f,26ef5a9a557a554eabd4a644a4af695b,limit_hopping_zero_chain6,chain6_hole_4,745,23221,0.0009765625
haxs.stage5c2gR32A.g1-deterministic.v1,db87e6c265d45773bb6297db5af0c11f,70f65dbe9d4059a0b41aaa7499ab536a,limit_hopping_zero_chain6,chain6_hole_4,746,23222,0.0009765625
haxs.stage5c2gR32A.g1-deterministic.v1,db87e6c265d45773bb6297db5af0c11f,2cdc841b23235aa3ac3d484dba2a71f9,limit_hopping_zero_chain6,chain6_hole_4,747,23223,0.0009765625
haxs.stage5c2gR32A.g1-deterministic.v1,db87e6c265d45773bb6297db5af0c11f,dd9db8ca6afc5bad9441e915ae13b878,limit_hopping_zero_chain6,chain6_hole_4,748,23230,0.0009765625
haxs.stage5c2gR32A.g1-deterministic.v1,db87e6c265d45773bb6297db5af0c11f,2a6cad44ae6f573bbc1171afacf67036,limit_hopping_zero_chain6,chain6_hole_4,749,23231,0.0009765625
haxs.stage5c2gR32A.g1-deterministic.v1,db87e6c265d45773bb6297db5af0c11f,142541fec6a050d9b3ea43e733f7be20,limit_hopping_zero_chain6,chain6_hole_4,750,23232,0.0009765625
haxs.stage5c2gR32A.g1-deterministic.v1,db87e6c265d45773bb6297db5af0c11f,1e2f38d0edf25c77a2817c373abff065,limit_hopping_zero_chain6,chain6_hole_4,751,23233,0.0009765625
haxs.stage5c2gR32A.g1-deterministic.v1,db87e6c265d45773bb6297db5af0c11f,bea13fa9ec6954a6b54975f99d8bc17f,limit_hopping_zero_chain6,chain6_hole_4,752,23300,0.0009765625
haxs.stage5c2gR32A.g1-deterministic.v1,db87e6c265d45773bb6297db5af0c11f,7159fec6fc8c56edbb0804710fa02167,limit_hopping_zero_chain6,chain6_hole_4,753,23301,0.0009765625
haxs.stage5c2gR32A.g1-deterministic.v1,db87e6c265d45773bb6297db5af0c11f,456899f4ea07523ab6719dc50e4d7206,limit_hopping_zero_chain6,chain6_hole_4,754,23302,0.0009765625
haxs.stage5c2gR32A.g1-deterministic.v1,db87e6c265d45773bb6297db5af0c11f,65514f083cee51d18f825525b4107878,limit_hopping_zero_chain6,chain6_hole_4,755,23303,0.0009765625
haxs.stage5c2gR32A.g1-deterministic.v1,db87e6c265d45773bb6297db5af0c11f,8886d918e85d5ab596b59a9ac410588b,limit_hopping_zero_chain6,chain6_hole_4,756,23310,0.0009765625
haxs.stage5c2gR32A.g1-deterministic.v1,db87e6c265d45773bb6297db5af0c11f,7234fc4138b85bfba3c5aefb8c58a75e,limit_hopping_zero_chain6,chain6_hole_4,757,23311,0.0009765625
haxs.stage5c2gR32A.g1-deterministic.v1,db87e6c265d45773bb6297db5af0c11f,9804a15d0098566484ad93f63db941da,limit_hopping_zero_chain6,chain6_hole_4,758,23312,0.0009765625
haxs.stage5c2gR32A.g1-deterministic.v1,db87e6c265d45773bb6297db5af0c11f,77f6a90167025649a677772dc9b94a6e,limit_hopping_zero_chain6,chain6_hole_4,759,23313,0.0009765625
haxs.stage5c2gR32A.g1-deterministic.v1,db87e6c265d45773bb6297db5af0c11f,795adfe8d8b2587b8273bb793b03cd22,limit_hopping_zero_chain6,chain6_hole_4,760,23320,0.0009765625
haxs.stage5c2gR32A.g1-deterministic.v1,db87e6c265d45773bb6297db5af0c11f,d5466682a6ef5901be2a11503dc3bf4d,limit_hopping_zero_chain6,chain6_hole_4,761,23321,0.0009765625
haxs.stage5c2gR32A.g1-deterministic.v1,db87e6c265d45773bb6297db5af0c11f,46abf2ea27c05a2bb163f3988273a0b4,limit_hopping_zero_chain6,chain6_hole_4,762,23322,0.0009765625
haxs.stage5c2gR32A.g1-deterministic.v1,db87e6c265d45773bb6297db5af0c11f,5e28b886b585565785a3e49afa5eadff,limit_hopping_zero_chain6,chain6_hole_4,763,23323,0.0009765625
haxs.stage5c2gR32A.g1-deterministic.v1,db87e6c265d45773bb6297db5af0c11f,65551c11a42e5cc7bea6fbb0b0adea7d,limit_hopping_zero_chain6,chain6_hole_4,764,23330,0.0009765625
haxs.stage5c2gR32A.g1-deterministic.v1,db87e6c265d45773bb6297db5af0c11f,da310dcf5a4e5b989ead3e879e777136,limit_hopping_zero_chain6,chain6_hole_4,765,23331,0.0009765625
haxs.stage5c2gR32A.g1-deterministic.v1,db87e6c265d45773bb6297db5af0c11f,aace53f4fe565b6c875bfe15cfc0f404,limit_hopping_zero_chain6,chain6_hole_4,766,23332,0.0009765625
haxs.stage5c2gR32A.g1-deterministic.v1,db87e6c265d45773bb6297db5af0c11f,acdf53e48ed75e5bbef9c33392a7b6bd,limit_hopping_zero_chain6,chain6_hole_4,767,23333,0.0009765625
haxs.stage5c2gR32A.g1-deterministic.v1,db87e6c265d45773bb6297db5af0c11f,9b69ae17d3fe51bf9383fe72d765f93a,limit_hopping_zero_chain6,chain6_hole_4,768,30000,0.0009765625
haxs.stage5c2gR32A.g1-deterministic.v1,db87e6c265d45773bb6297db5af0c11f,486555230e2f5420a5879e4f79ac1050,limit_hopping_zero_chain6,chain6_hole_4,769,30001,0.0009765625
haxs.stage5c2gR32A.g1-deterministic.v1,db87e6c265d45773bb6297db5af0c11f,1d6f8335b885561a9a12f9e4a165b521,limit_hopping_zero_chain6,chain6_hole_4,770,30002,0.0009765625
haxs.stage5c2gR32A.g1-deterministic.v1,db87e6c265d45773bb6297db5af0c11f,91040d3bf59b5172b23de7bd42d9a726,limit_hopping_zero_chain6,chain6_hole_4,771,30003,0.0009765625
haxs.stage5c2gR32A.g1-deterministic.v1,db87e6c265d45773bb6297db5af0c11f,76837486b0ed52f8aa948920f959e0ca,limit_hopping_zero_chain6,chain6_hole_4,772,30010,0.0009765625
haxs.stage5c2gR32A.g1-deterministic.v1,db87e6c265d45773bb6297db5af0c11f,19d3135aa5a75e628c162c541d0cf554,limit_hopping_zero_chain6,chain6_hole_4,773,30011,0.0009765625
haxs.stage5c2gR32A.g1-deterministic.v1,db87e6c265d45773bb6297db5af0c11f,ee0b4e6b6df55b4598ce36ba9e43b420,limit_hopping_zero_chain6,chain6_hole_4,774,30012,0.0009765625
haxs.stage5c2gR32A.g1-deterministic.v1,db87e6c265d45773bb6297db5af0c11f,5cb82ec1cdad5d4384cab18e086fac7d,limit_hopping_zero_chain6,chain6_hole_4,775,30013,0.0009765625
haxs.stage5c2gR32A.g1-deterministic.v1,db87e6c265d45773bb6297db5af0c11f,11deb9c2d5b2575188b468ea3376b9dd,limit_hopping_zero_chain6,chain6_hole_4,776,30020,0.0009765625
haxs.stage5c2gR32A.g1-deterministic.v1,db87e6c265d45773bb6297db5af0c11f,a41c0151c5cb58afa0076a57b5607405,limit_hopping_zero_chain6,chain6_hole_4,777,30021,0.0009765625
haxs.stage5c2gR32A.g1-deterministic.v1,db87e6c265d45773bb6297db5af0c11f,2ef8117c4d385c30bd7c31fe2430d94f,limit_hopping_zero_chain6,chain6_hole_4,778,30022,0.0009765625
haxs.stage5c2gR32A.g1-deterministic.v1,db87e6c265d45773bb6297db5af0c11f,ed8288993286512ebcbfe679b976d4a2,limit_hopping_zero_chain6,chain6_hole_4,779,30023,0.0009765625
haxs.stage5c2gR32A.g1-deterministic.v1,db87e6c265d45773bb6297db5af0c11f,b7ced59f854d54039d544af7f92a903d,limit_hopping_zero_chain6,chain6_hole_4,780,30030,0.0009765625
haxs.stage5c2gR32A.g1-deterministic.v1,db87e6c265d45773bb6297db5af0c11f,6b35bd6f08285db2958e92c5fefe6690,limit_hopping_zero_chain6,chain6_hole_4,781,30031,0.0009765625
haxs.stage5c2gR32A.g1-deterministic.v1,db87e6c265d45773bb6297db5af0c11f,df0df2a077ae517b8445968986f38f39,limit_hopping_zero_chain6,chain6_hole_4,782,30032,0.0009765625
haxs.stage5c2gR32A.g1-deterministic.v1,db87e6c265d45773bb6297db5af0c11f,a10689f92a5351c1b863adeedbde1979,limit_hopping_zero_chain6,chain6_hole_4,783,30033,0.0009765625
haxs.stage5c2gR32A.g1-deterministic.v1,db87e6c265d45773bb6297db5af0c11f,4d661045484b5e4db4bdbf80708fb874,limit_hopping_zero_chain6,chain6_hole_4,784,30100,0.0009765625
haxs.stage5c2gR32A.g1-deterministic.v1,db87e6c265d45773bb6297db5af0c11f,0fa55df8772a5f088faa6972329cf3c9,limit_hopping_zero_chain6,chain6_hole_4,785,30101,0.0009765625
haxs.stage5c2gR32A.g1-deterministic.v1,db87e6c265d45773bb6297db5af0c11f,851ae7040bd359d3bfe2cda53b0ebb79,limit_hopping_zero_chain6,chain6_hole_4,786,30102,0.0009765625
haxs.stage5c2gR32A.g1-deterministic.v1,db87e6c265d45773bb6297db5af0c11f,385007ab60c2550882c6dce5391b17e3,limit_hopping_zero_chain6,chain6_hole_4,787,30103,0.0009765625
haxs.stage5c2gR32A.g1-deterministic.v1,db87e6c265d45773bb6297db5af0c11f,e037a39b609e5fb098653bd9c5464ea6,limit_hopping_zero_chain6,chain6_hole_4,788,30110,0.0009765625
haxs.stage5c2gR32A.g1-deterministic.v1,db87e6c265d45773bb6297db5af0c11f,22f934745a265ddcae2dc74521165561,limit_hopping_zero_chain6,chain6_hole_4,789,30111,0.0009765625
haxs.stage5c2gR32A.g1-deterministic.v1,db87e6c265d45773bb6297db5af0c11f,c88ad478c5b8510bb3517f1f802f574c,limit_hopping_zero_chain6,chain6_hole_4,790,30112,0.0009765625
haxs.stage5c2gR32A.g1-deterministic.v1,db87e6c265d45773bb6297db5af0c11f,5d61d8b3731d50ef9e556b035b8f4dc0,limit_hopping_zero_chain6,chain6_hole_4,791,30113,0.0009765625
haxs.stage5c2gR32A.g1-deterministic.v1,db87e6c265d45773bb6297db5af0c11f,874b9bc82a335799aac3cd5e7f8cba2f,limit_hopping_zero_chain6,chain6_hole_4,792,30120,0.0009765625
haxs.stage5c2gR32A.g1-deterministic.v1,db87e6c265d45773bb6297db5af0c11f,6b6308373f455489a4aa434d5d570a38,limit_hopping_zero_chain6,chain6_hole_4,793,30121,0.0009765625
haxs.stage5c2gR32A.g1-deterministic.v1,db87e6c265d45773bb6297db5af0c11f,72e6378320e1570490f20cbb5073f6de,limit_hopping_zero_chain6,chain6_hole_4,794,30122,0.0009765625
haxs.stage5c2gR32A.g1-deterministic.v1,db87e6c265d45773bb6297db5af0c11f,3bfdf84b125c55fda6c299d5eaf49efe,limit_hopping_zero_chain6,chain6_hole_4,795,30123,0.0009765625
haxs.stage5c2gR32A.g1-deterministic.v1,db87e6c265d45773bb6297db5af0c11f,d1647561eb5a536b910e0989c99364eb,limit_hopping_zero_chain6,chain6_hole_4,796,30130,0.0009765625
haxs.stage5c2gR32A.g1-deterministic.v1,db87e6c265d45773bb6297db5af0c11f,12f6d0b2b97a58199f38d874bba5590c,limit_hopping_zero_chain6,chain6_hole_4,797,30131,0.0009765625
haxs.stage5c2gR32A.g1-deterministic.v1,db87e6c265d45773bb6297db5af0c11f,7099e1d1790d5739aaae2c911f5f8851,limit_hopping_zero_chain6,chain6_hole_4,798,30132,0.0009765625
haxs.stage5c2gR32A.g1-deterministic.v1,db87e6c265d45773bb6297db5af0c11f,cfcb2edb09055963bb9eed603c1bf7d1,limit_hopping_zero_chain6,chain6_hole_4,799,30133,0.0009765625
haxs.stage5c2gR32A.g1-deterministic.v1,db87e6c265d45773bb6297db5af0c11f,7da88923f8fd5a6d8100ff89008bb458,limit_hopping_zero_chain6,chain6_hole_4,800,30200,0.0009765625
haxs.stage5c2gR32A.g1-deterministic.v1,db87e6c265d45773bb6297db5af0c11f,ad73e352121554db8c6cc514f47a0c5c,limit_hopping_zero_chain6,chain6_hole_4,801,30201,0.0009765625
haxs.stage5c2gR32A.g1-deterministic.v1,db87e6c265d45773bb6297db5af0c11f,20163da903545e95a82b9d9245e23c25,limit_hopping_zero_chain6,chain6_hole_4,802,30202,0.0009765625
haxs.stage5c2gR32A.g1-deterministic.v1,db87e6c265d45773bb6297db5af0c11f,79b7f5d64095547abdbdac340ff5d1af,limit_hopping_zero_chain6,chain6_hole_4,803,30203,0.0009765625
haxs.stage5c2gR32A.g1-deterministic.v1,db87e6c265d45773bb6297db5af0c11f,a021867c3055594b9552d9b480bf1dd7,limit_hopping_zero_chain6,chain6_hole_4,804,30210,0.0009765625
haxs.stage5c2gR32A.g1-deterministic.v1,db87e6c265d45773bb6297db5af0c11f,5869258635895b1baee9f2d084411d94,limit_hopping_zero_chain6,chain6_hole_4,805,30211,0.0009765625
haxs.stage5c2gR32A.g1-deterministic.v1,db87e6c265d45773bb6297db5af0c11f,e8ae9942fda65633834641b5c3044755,limit_hopping_zero_chain6,chain6_hole_4,806,30212,0.0009765625
haxs.stage5c2gR32A.g1-deterministic.v1,db87e6c265d45773bb6297db5af0c11f,451d8195b21d51a1ab7e95acdf6beef8,limit_hopping_zero_chain6,chain6_hole_4,807,30213,0.0009765625
haxs.stage5c2gR32A.g1-deterministic.v1,db87e6c265d45773bb6297db5af0c11f,313b88adf46a52c692c4835dd16fc5a0,limit_hopping_zero_chain6,chain6_hole_4,808,30220,0.0009765625
haxs.stage5c2gR32A.g1-deterministic.v1,db87e6c265d45773bb6297db5af0c11f,024ffeed314251ce91108b2be118d681,limit_hopping_zero_chain6,chain6_hole_4,809,30221,0.0009765625
haxs.stage5c2gR32A.g1-deterministic.v1,db87e6c265d45773bb6297db5af0c11f,67bcd8842f7a5a63b1fd2efa97fa55eb,limit_hopping_zero_chain6,chain6_hole_4,810,30222,0.0009765625
haxs.stage5c2gR32A.g1-deterministic.v1,db87e6c265d45773bb6297db5af0c11f,56fffaf63ebb5e6d9076dbf87af110d9,limit_hopping_zero_chain6,chain6_hole_4,811,30223,0.0009765625
haxs.stage5c2gR32A.g1-deterministic.v1,db87e6c265d45773bb6297db5af0c11f,2fab9e5f89925f739e0894c8239db21c,limit_hopping_zero_chain6,chain6_hole_4,812,30230,0.0009765625
haxs.stage5c2gR32A.g1-deterministic.v1,db87e6c265d45773bb6297db5af0c11f,437bd5e2cfd1558abe9fcd54390c5fc2,limit_hopping_zero_chain6,chain6_hole_4,813,30231,0.0009765625
haxs.stage5c2gR32A.g1-deterministic.v1,db87e6c265d45773bb6297db5af0c11f,65f3b139f80e50e6b82578cfb06ba096,limit_hopping_zero_chain6,chain6_hole_4,814,30232,0.0009765625
haxs.stage5c2gR32A.g1-deterministic.v1,db87e6c265d45773bb6297db5af0c11f,bbdb8ca0123a5328ab3828d6f9cb0ff8,limit_hopping_zero_chain6,chain6_hole_4,815,30233,0.0009765625
haxs.stage5c2gR32A.g1-deterministic.v1,db87e6c265d45773bb6297db5af0c11f,bb683462ae7a5fdd85c713504f5f8de7,limit_hopping_zero_chain6,chain6_hole_4,816,30300,0.0009765625
haxs.stage5c2gR32A.g1-deterministic.v1,db87e6c265d45773bb6297db5af0c11f,a0c090668a7b544fb4f8a9bdf307d276,limit_hopping_zero_chain6,chain6_hole_4,817,30301,0.0009765625
haxs.stage5c2gR32A.g1-deterministic.v1,db87e6c265d45773bb6297db5af0c11f,4a083356e0ad5232b5a882e71107c007,limit_hopping_zero_chain6,chain6_hole_4,818,30302,0.0009765625
haxs.stage5c2gR32A.g1-deterministic.v1,db87e6c265d45773bb6297db5af0c11f,fbc679e251725d91833be0c779f3e9d2,limit_hopping_zero_chain6,chain6_hole_4,819,30303,0.0009765625
haxs.stage5c2gR32A.g1-deterministic.v1,db87e6c265d45773bb6297db5af0c11f,9007ebd37f295dc39f0c29798103ca02,limit_hopping_zero_chain6,chain6_hole_4,820,30310,0.0009765625
haxs.stage5c2gR32A.g1-deterministic.v1,db87e6c265d45773bb6297db5af0c11f,149f89091bdf5e56b29474be3f7abc65,limit_hopping_zero_chain6,chain6_hole_4,821,30311,0.0009765625
haxs.stage5c2gR32A.g1-deterministic.v1,db87e6c265d45773bb6297db5af0c11f,3dbdae9062995995a9def0195f01ab44,limit_hopping_zero_chain6,chain6_hole_4,822,30312,0.0009765625
haxs.stage5c2gR32A.g1-deterministic.v1,db87e6c265d45773bb6297db5af0c11f,3c3950be281e53ceb4c60ae149de9dcd,limit_hopping_zero_chain6,chain6_hole_4,823,30313,0.0009765625
haxs.stage5c2gR32A.g1-deterministic.v1,db87e6c265d45773bb6297db5af0c11f,6e7a0319ec9c514e968685a43262d441,limit_hopping_zero_chain6,chain6_hole_4,824,30320,0.0009765625
haxs.stage5c2gR32A.g1-deterministic.v1,db87e6c265d45773bb6297db5af0c11f,a25f63df285d54289b06cc3383ed6947,limit_hopping_zero_chain6,chain6_hole_4,825,30321,0.0009765625
haxs.stage5c2gR32A.g1-deterministic.v1,db87e6c265d45773bb6297db5af0c11f,787a7328fcdd5eeb827c26d7afef3f59,limit_hopping_zero_chain6,chain6_hole_4,826,30322,0.0009765625
haxs.stage5c2gR32A.g1-deterministic.v1,db87e6c265d45773bb6297db5af0c11f,d16368017faf525994833366a120982f,limit_hopping_zero_chain6,chain6_hole_4,827,30323,0.0009765625
haxs.stage5c2gR32A.g1-deterministic.v1,db87e6c265d45773bb6297db5af0c11f,52a139e68fd9583897d8a9cfdbbb6b80,limit_hopping_zero_chain6,chain6_hole_4,828,30330,0.0009765625
haxs.stage5c2gR32A.g1-deterministic.v1,db87e6c265d45773bb6297db5af0c11f,44bd40de891f526c9b47981754c38f86,limit_hopping_zero_chain6,chain6_hole_4,829,30331,0.0009765625
haxs.stage5c2gR32A.g1-deterministic.v1,db87e6c265d45773bb6297db5af0c11f,023972e12d81582baee7cc1d7688ba19,limit_hopping_zero_chain6,chain6_hole_4,830,30332,0.0009765625
haxs.stage5c2gR32A.g1-deterministic.v1,db87e6c265d45773bb6297db5af0c11f,93af9509946358d28dc98e93c23bfd24,limit_hopping_zero_chain6,chain6_hole_4,831,30333,0.0009765625
haxs.stage5c2gR32A.g1-deterministic.v1,db87e6c265d45773bb6297db5af0c11f,dd33033e98a5532587037da863e0e0b8,limit_hopping_zero_chain6,chain6_hole_4,832,31000,0.0009765625
haxs.stage5c2gR32A.g1-deterministic.v1,db87e6c265d45773bb6297db5af0c11f,117ba4c66084532ea161db1766c98515,limit_hopping_zero_chain6,chain6_hole_4,833,31001,0.0009765625
haxs.stage5c2gR32A.g1-deterministic.v1,db87e6c265d45773bb6297db5af0c11f,f83d885050c05a08bd82b0a6e421f9e7,limit_hopping_zero_chain6,chain6_hole_4,834,31002,0.0009765625
haxs.stage5c2gR32A.g1-deterministic.v1,db87e6c265d45773bb6297db5af0c11f,f77a8b8898a85cf28b25e433d1f72159,limit_hopping_zero_chain6,chain6_hole_4,835,31003,0.0009765625
haxs.stage5c2gR32A.g1-deterministic.v1,db87e6c265d45773bb6297db5af0c11f,add00c1b45f7528681bae6791d49bf12,limit_hopping_zero_chain6,chain6_hole_4,836,31010,0.0009765625
haxs.stage5c2gR32A.g1-deterministic.v1,db87e6c265d45773bb6297db5af0c11f,171a95a03e805aef91605b9b52c6b2bf,limit_hopping_zero_chain6,chain6_hole_4,837,31011,0.0009765625
haxs.stage5c2gR32A.g1-deterministic.v1,db87e6c265d45773bb6297db5af0c11f,e93c74a4117e5d1ba51e83815e6c5b33,limit_hopping_zero_chain6,chain6_hole_4,838,31012,0.0009765625
haxs.stage5c2gR32A.g1-deterministic.v1,db87e6c265d45773bb6297db5af0c11f,5d5e0afdd2715991902a861ae8361941,limit_hopping_zero_chain6,chain6_hole_4,839,31013,0.0009765625
haxs.stage5c2gR32A.g1-deterministic.v1,db87e6c265d45773bb6297db5af0c11f,aad13ee5f51156d4b95fea35e4cc5f18,limit_hopping_zero_chain6,chain6_hole_4,840,31020,0.0009765625
haxs.stage5c2gR32A.g1-deterministic.v1,db87e6c265d45773bb6297db5af0c11f,f55498f8b86b59e5a96cc7266f3525d3,limit_hopping_zero_chain6,chain6_hole_4,841,31021,0.0009765625
haxs.stage5c2gR32A.g1-deterministic.v1,db87e6c265d45773bb6297db5af0c11f,5081c2f0b80e587eb1dfc3954048232f,limit_hopping_zero_chain6,chain6_hole_4,842,31022,0.0009765625
haxs.stage5c2gR32A.g1-deterministic.v1,db87e6c265d45773bb6297db5af0c11f,e252348f440559e9965ff251d4485748,limit_hopping_zero_chain6,chain6_hole_4,843,31023,0.0009765625
haxs.stage5c2gR32A.g1-deterministic.v1,db87e6c265d45773bb6297db5af0c11f,8bee7ddabf81567cb984b941d94b5874,limit_hopping_zero_chain6,chain6_hole_4,844,31030,0.0009765625
haxs.stage5c2gR32A.g1-deterministic.v1,db87e6c265d45773bb6297db5af0c11f,78d4bdf6edb3507eaa0205df866984f7,limit_hopping_zero_chain6,chain6_hole_4,845,31031,0.0009765625
haxs.stage5c2gR32A.g1-deterministic.v1,db87e6c265d45773bb6297db5af0c11f,1761cd59379250679577133ae7dad3e7,limit_hopping_zero_chain6,chain6_hole_4,846,31032,0.0009765625
haxs.stage5c2gR32A.g1-deterministic.v1,db87e6c265d45773bb6297db5af0c11f,01abf101eafe520c8d92460042d4f2ac,limit_hopping_zero_chain6,chain6_hole_4,847,31033,0.0009765625
haxs.stage5c2gR32A.g1-deterministic.v1,db87e6c265d45773bb6297db5af0c11f,95d4942759dd5cffaf831cc133c07fab,limit_hopping_zero_chain6,chain6_hole_4,848,31100,0.0009765625
haxs.stage5c2gR32A.g1-deterministic.v1,db87e6c265d45773bb6297db5af0c11f,1378ed74496b53d4a4ecca225a052523,limit_hopping_zero_chain6,chain6_hole_4,849,31101,0.0009765625
haxs.stage5c2gR32A.g1-deterministic.v1,db87e6c265d45773bb6297db5af0c11f,dd7d5e4939f45048b596c7793e55ecbf,limit_hopping_zero_chain6,chain6_hole_4,850,31102,0.0009765625
haxs.stage5c2gR32A.g1-deterministic.v1,db87e6c265d45773bb6297db5af0c11f,157ec1d2c0355cc78ade05900fc487f9,limit_hopping_zero_chain6,chain6_hole_4,851,31103,0.0009765625
haxs.stage5c2gR32A.g1-deterministic.v1,db87e6c265d45773bb6297db5af0c11f,87e2df2b6b1e51fd9c587e731855c563,limit_hopping_zero_chain6,chain6_hole_4,852,31110,0.0009765625
haxs.stage5c2gR32A.g1-deterministic.v1,db87e6c265d45773bb6297db5af0c11f,65dfeac1ccd1503784ebb8dbb897010d,limit_hopping_zero_chain6,chain6_hole_4,853,31111,0.0009765625
haxs.stage5c2gR32A.g1-deterministic.v1,db87e6c265d45773bb6297db5af0c11f,f621c8a16b585ca6a5ee5c8c0c524f34,limit_hopping_zero_chain6,chain6_hole_4,854,31112,0.0009765625
haxs.stage5c2gR32A.g1-deterministic.v1,db87e6c265d45773bb6297db5af0c11f,f97c4c7eb49450edad7f83f3f868bacb,limit_hopping_zero_chain6,chain6_hole_4,855,31113,0.0009765625
haxs.stage5c2gR32A.g1-deterministic.v1,db87e6c265d45773bb6297db5af0c11f,f43441d7dde35ecf91ddae6ca12ceeee,limit_hopping_zero_chain6,chain6_hole_4,856,31120,0.0009765625
haxs.stage5c2gR32A.g1-deterministic.v1,db87e6c265d45773bb6297db5af0c11f,dcbe601a7a565914ba146e3e291f8f1b,limit_hopping_zero_chain6,chain6_hole_4,857,31121,0.0009765625
haxs.stage5c2gR32A.g1-deterministic.v1,db87e6c265d45773bb6297db5af0c11f,46ebd6aec3a35ef09511b4c8b6e237a2,limit_hopping_zero_chain6,chain6_hole_4,858,31122,0.0009765625
haxs.stage5c2gR32A.g1-deterministic.v1,db87e6c265d45773bb6297db5af0c11f,84fb74d09749523582af659e334124d6,limit_hopping_zero_chain6,chain6_hole_4,859,31123,0.0009765625
haxs.stage5c2gR32A.g1-deterministic.v1,db87e6c265d45773bb6297db5af0c11f,472034bb18495a84a1226010b3cc42fe,limit_hopping_zero_chain6,chain6_hole_4,860,31130,0.0009765625
haxs.stage5c2gR32A.g1-deterministic.v1,db87e6c265d45773bb6297db5af0c11f,f5ee2a48f9e850268153e6510b3eaa32,limit_hopping_zero_chain6,chain6_hole_4,861,31131,0.0009765625
haxs.stage5c2gR32A.g1-deterministic.v1,db87e6c265d45773bb6297db5af0c11f,61366c8ed5255604b013c90f3c7c1af7,limit_hopping_zero_chain6,chain6_hole_4,862,31132,0.0009765625
haxs.stage5c2gR32A.g1-deterministic.v1,db87e6c265d45773bb6297db5af0c11f,5a6e7e9d83885b97b0875d31725b375a,limit_hopping_zero_chain6,chain6_hole_4,863,31133,0.0009765625
haxs.stage5c2gR32A.g1-deterministic.v1,db87e6c265d45773bb6297db5af0c11f,939cddf92e2c5e0daa2c9da19d754de6,limit_hopping_zero_chain6,chain6_hole_4,864,31200,0.0009765625
haxs.stage5c2gR32A.g1-deterministic.v1,db87e6c265d45773bb6297db5af0c11f,1ff21d5a22615fbda8fe36c1a7182865,limit_hopping_zero_chain6,chain6_hole_4,865,31201,0.0009765625
haxs.stage5c2gR32A.g1-deterministic.v1,db87e6c265d45773bb6297db5af0c11f,ed16f6bb610c52c0b723c66ae09cb299,limit_hopping_zero_chain6,chain6_hole_4,866,31202,0.0009765625
haxs.stage5c2gR32A.g1-deterministic.v1,db87e6c265d45773bb6297db5af0c11f,868b898abf8956bf81238bd1af9b7eb6,limit_hopping_zero_chain6,chain6_hole_4,867,31203,0.0009765625
haxs.stage5c2gR32A.g1-deterministic.v1,db87e6c265d45773bb6297db5af0c11f,0d3d085ab7a651b7a4e9020a272baf36,limit_hopping_zero_chain6,chain6_hole_4,868,31210,0.0009765625
haxs.stage5c2gR32A.g1-deterministic.v1,db87e6c265d45773bb6297db5af0c11f,c8f80057cdc155e8946afa9d8d426947,limit_hopping_zero_chain6,chain6_hole_4,869,31211,0.0009765625
haxs.stage5c2gR32A.g1-deterministic.v1,db87e6c265d45773bb6297db5af0c11f,4ee7557368f25ff886faa38516a2fdbd,limit_hopping_zero_chain6,chain6_hole_4,870,31212,0.0009765625
haxs.stage5c2gR32A.g1-deterministic.v1,db87e6c265d45773bb6297db5af0c11f,5e0663f0990e530fa84e5709ac339fe3,limit_hopping_zero_chain6,chain6_hole_4,871,31213,0.0009765625
haxs.stage5c2gR32A.g1-deterministic.v1,db87e6c265d45773bb6297db5af0c11f,9a99208ea58c5ddb84bf14f00091f718,limit_hopping_zero_chain6,chain6_hole_4,872,31220,0.0009765625
haxs.stage5c2gR32A.g1-deterministic.v1,db87e6c265d45773bb6297db5af0c11f,670238d114b155e88d42cae0fece7076,limit_hopping_zero_chain6,chain6_hole_4,873,31221,0.0009765625
haxs.stage5c2gR32A.g1-deterministic.v1,db87e6c265d45773bb6297db5af0c11f,f5bc4ba8f5105f94aca3581b0d458e55,limit_hopping_zero_chain6,chain6_hole_4,874,31222,0.0009765625
haxs.stage5c2gR32A.g1-deterministic.v1,db87e6c265d45773bb6297db5af0c11f,65fe8bc086d65372a7405c0e1c1adf95,limit_hopping_zero_chain6,chain6_hole_4,875,31223,0.0009765625
haxs.stage5c2gR32A.g1-deterministic.v1,db87e6c265d45773bb6297db5af0c11f,b1c5524274e25055b09724df753ff4ff,limit_hopping_zero_chain6,chain6_hole_4,876,31230,0.0009765625
haxs.stage5c2gR32A.g1-deterministic.v1,db87e6c265d45773bb6297db5af0c11f,1f45ae56e42b5b288c874cadf03ca682,limit_hopping_zero_chain6,chain6_hole_4,877,31231,0.0009765625
haxs.stage5c2gR32A.g1-deterministic.v1,db87e6c265d45773bb6297db5af0c11f,bb41dbf720e750f2af4dbf92d46629a3,limit_hopping_zero_chain6,chain6_hole_4,878,31232,0.0009765625
haxs.stage5c2gR32A.g1-deterministic.v1,db87e6c265d45773bb6297db5af0c11f,3c61223017d65d948e55e011034aa324,limit_hopping_zero_chain6,chain6_hole_4,879,31233,0.0009765625
haxs.stage5c2gR32A.g1-deterministic.v1,db87e6c265d45773bb6297db5af0c11f,a81228fc96f65a4f8355f63011ee7666,limit_hopping_zero_chain6,chain6_hole_4,880,31300,0.0009765625
haxs.stage5c2gR32A.g1-deterministic.v1,db87e6c265d45773bb6297db5af0c11f,4e8dcf4af334586ba683996426fccf36,limit_hopping_zero_chain6,chain6_hole_4,881,31301,0.0009765625
haxs.stage5c2gR32A.g1-deterministic.v1,db87e6c265d45773bb6297db5af0c11f,3f92675db34f5537a4f4b83f837647c0,limit_hopping_zero_chain6,chain6_hole_4,882,31302,0.0009765625
haxs.stage5c2gR32A.g1-deterministic.v1,db87e6c265d45773bb6297db5af0c11f,ff1c31760a53551cbe0a79d221a29b47,limit_hopping_zero_chain6,chain6_hole_4,883,31303,0.0009765625
haxs.stage5c2gR32A.g1-deterministic.v1,db87e6c265d45773bb6297db5af0c11f,3d456fda984550de9798ee7465f7984b,limit_hopping_zero_chain6,chain6_hole_4,884,31310,0.0009765625
haxs.stage5c2gR32A.g1-deterministic.v1,db87e6c265d45773bb6297db5af0c11f,c151e6c2d34b58ddacfd9fdc71054e00,limit_hopping_zero_chain6,chain6_hole_4,885,31311,0.0009765625
haxs.stage5c2gR32A.g1-deterministic.v1,db87e6c265d45773bb6297db5af0c11f,2ef98130d1a75c65aca919dcae9e8d2b,limit_hopping_zero_chain6,chain6_hole_4,886,31312,0.0009765625
haxs.stage5c2gR32A.g1-deterministic.v1,db87e6c265d45773bb6297db5af0c11f,f79241fd428f59558fdf26046090ecb0,limit_hopping_zero_chain6,chain6_hole_4,887,31313,0.0009765625
haxs.stage5c2gR32A.g1-deterministic.v1,db87e6c265d45773bb6297db5af0c11f,4279843e29015449aa2fbeded3e2c49f,limit_hopping_zero_chain6,chain6_hole_4,888,31320,0.0009765625
haxs.stage5c2gR32A.g1-deterministic.v1,db87e6c265d45773bb6297db5af0c11f,9291583bdb9c5d3e9192804ea724697b,limit_hopping_zero_chain6,chain6_hole_4,889,31321,0.0009765625
haxs.stage5c2gR32A.g1-deterministic.v1,db87e6c265d45773bb6297db5af0c11f,13621cc79b5f58828fbb4defe48ba2a2,limit_hopping_zero_chain6,chain6_hole_4,890,31322,0.0009765625
haxs.stage5c2gR32A.g1-deterministic.v1,db87e6c265d45773bb6297db5af0c11f,6d3558e5f805539dace6f66d9f5b4a7f,limit_hopping_zero_chain6,chain6_hole_4,891,31323,0.0009765625
haxs.stage5c2gR32A.g1-deterministic.v1,db87e6c265d45773bb6297db5af0c11f,3c3d5ea47a555bd48631f2ae2960c226,limit_hopping_zero_chain6,chain6_hole_4,892,31330,0.0009765625
haxs.stage5c2gR32A.g1-deterministic.v1,db87e6c265d45773bb6297db5af0c11f,73e65e7cb99756aab9b3e18117d2aae1,limit_hopping_zero_chain6,chain6_hole_4,893,31331,0.0009765625
haxs.stage5c2gR32A.g1-deterministic.v1,db87e6c265d45773bb6297db5af0c11f,b7c868472a47537e9ae77ab7636e86a4,limit_hopping_zero_chain6,chain6_hole_4,894,31332,0.0009765625
haxs.stage5c2gR32A.g1-deterministic.v1,db87e6c265d45773bb6297db5af0c11f,61fb4c51a4cb5a149962fdb10fae1246,limit_hopping_zero_chain6,chain6_hole_4,895,31333,0.0009765625
haxs.stage5c2gR32A.g1-deterministic.v1,db87e6c265d45773bb6297db5af0c11f,df5fbd010be058798f9ebaa2c1836e98,limit_hopping_zero_chain6,chain6_hole_4,896,32000,0.0009765625
haxs.stage5c2gR32A.g1-deterministic.v1,db87e6c265d45773bb6297db5af0c11f,8e3bd7e6caa850feb4a81b0a5ae2f82b,limit_hopping_zero_chain6,chain6_hole_4,897,32001,0.0009765625
haxs.stage5c2gR32A.g1-deterministic.v1,db87e6c265d45773bb6297db5af0c11f,6c61dc5c58335a69affa6b95ddf6f848,limit_hopping_zero_chain6,chain6_hole_4,898,32002,0.0009765625
haxs.stage5c2gR32A.g1-deterministic.v1,db87e6c265d45773bb6297db5af0c11f,37083aa8263f5c6fa46ed87e5d598dd8,limit_hopping_zero_chain6,chain6_hole_4,899,32003,0.0009765625
haxs.stage5c2gR32A.g1-deterministic.v1,db87e6c265d45773bb6297db5af0c11f,0541ef8b3bed53e8bf43bf0d76199917,limit_hopping_zero_chain6,chain6_hole_4,900,32010,0.0009765625
haxs.stage5c2gR32A.g1-deterministic.v1,db87e6c265d45773bb6297db5af0c11f,e445f31d6f15504db694e3b0bb91120c,limit_hopping_zero_chain6,chain6_hole_4,901,32011,0.0009765625
haxs.stage5c2gR32A.g1-deterministic.v1,db87e6c265d45773bb6297db5af0c11f,f034eb961ffe5c1f80b0a6b0160b82d4,limit_hopping_zero_chain6,chain6_hole_4,902,32012,0.0009765625
haxs.stage5c2gR32A.g1-deterministic.v1,db87e6c265d45773bb6297db5af0c11f,a7c13e3c89255a14aa5d310690d14192,limit_hopping_zero_chain6,chain6_hole_4,903,32013,0.0009765625
haxs.stage5c2gR32A.g1-deterministic.v1,db87e6c265d45773bb6297db5af0c11f,ca6b08cffcb55c0d8ee471d21f9ad646,limit_hopping_zero_chain6,chain6_hole_4,904,32020,0.0009765625
haxs.stage5c2gR32A.g1-deterministic.v1,db87e6c265d45773bb6297db5af0c11f,dc4c37aeeda35fe7b2a55082599b75be,limit_hopping_zero_chain6,chain6_hole_4,905,32021,0.0009765625
haxs.stage5c2gR32A.g1-deterministic.v1,db87e6c265d45773bb6297db5af0c11f,d483393a58b35369b21aa901f2b2ff34,limit_hopping_zero_chain6,chain6_hole_4,906,32022,0.0009765625
haxs.stage5c2gR32A.g1-deterministic.v1,db87e6c265d45773bb6297db5af0c11f,ebdf4eb93a2557ed81f080e1236fde4e,limit_hopping_zero_chain6,chain6_hole_4,907,32023,0.0009765625
haxs.stage5c2gR32A.g1-deterministic.v1,db87e6c265d45773bb6297db5af0c11f,d80981cbbcb45b1ea9e7849804b14766,limit_hopping_zero_chain6,chain6_hole_4,908,32030,0.0009765625
haxs.stage5c2gR32A.g1-deterministic.v1,db87e6c265d45773bb6297db5af0c11f,bbd9a4e94ed252c786d98cff0d43779e,limit_hopping_zero_chain6,chain6_hole_4,909,32031,0.0009765625
haxs.stage5c2gR32A.g1-deterministic.v1,db87e6c265d45773bb6297db5af0c11f,bfdf187d3eec5c22a47b553c02b2483a,limit_hopping_zero_chain6,chain6_hole_4,910,32032,0.0009765625
haxs.stage5c2gR32A.g1-deterministic.v1,db87e6c265d45773bb6297db5af0c11f,ea63144b18f2537a921b90067333285c,limit_hopping_zero_chain6,chain6_hole_4,911,32033,0.0009765625
haxs.stage5c2gR32A.g1-deterministic.v1,db87e6c265d45773bb6297db5af0c11f,b5570849f2d35acab51b493880c1a3bd,limit_hopping_zero_chain6,chain6_hole_4,912,32100,0.0009765625
haxs.stage5c2gR32A.g1-deterministic.v1,db87e6c265d45773bb6297db5af0c11f,04d2b553a7fe578087ca324de9812fbd,limit_hopping_zero_chain6,chain6_hole_4,913,32101,0.0009765625
haxs.stage5c2gR32A.g1-deterministic.v1,db87e6c265d45773bb6297db5af0c11f,aff9da145a8b599e949e1272d961324f,limit_hopping_zero_chain6,chain6_hole_4,914,32102,0.0009765625
haxs.stage5c2gR32A.g1-deterministic.v1,db87e6c265d45773bb6297db5af0c11f,55f15f057faf515a85ec5501c7454d82,limit_hopping_zero_chain6,chain6_hole_4,915,32103,0.0009765625
haxs.stage5c2gR32A.g1-deterministic.v1,db87e6c265d45773bb6297db5af0c11f,3e882789f50b50969666d31ca17efd83,limit_hopping_zero_chain6,chain6_hole_4,916,32110,0.0009765625
haxs.stage5c2gR32A.g1-deterministic.v1,db87e6c265d45773bb6297db5af0c11f,068f47d83ddd5d5db94d0b0d21113759,limit_hopping_zero_chain6,chain6_hole_4,917,32111,0.0009765625
haxs.stage5c2gR32A.g1-deterministic.v1,db87e6c265d45773bb6297db5af0c11f,64a208ef794b5cfd9836b9d7bb03266d,limit_hopping_zero_chain6,chain6_hole_4,918,32112,0.0009765625
haxs.stage5c2gR32A.g1-deterministic.v1,db87e6c265d45773bb6297db5af0c11f,a8d1775317ee5f9db2e7f392865c88a2,limit_hopping_zero_chain6,chain6_hole_4,919,32113,0.0009765625
haxs.stage5c2gR32A.g1-deterministic.v1,db87e6c265d45773bb6297db5af0c11f,4a6b27811e5e57888030c9ea2ee0ad30,limit_hopping_zero_chain6,chain6_hole_4,920,32120,0.0009765625
haxs.stage5c2gR32A.g1-deterministic.v1,db87e6c265d45773bb6297db5af0c11f,74bcff956dab543585776e04530b47b2,limit_hopping_zero_chain6,chain6_hole_4,921,32121,0.0009765625
haxs.stage5c2gR32A.g1-deterministic.v1,db87e6c265d45773bb6297db5af0c11f,6b0459b7a0da5c998e4f25f1568489b1,limit_hopping_zero_chain6,chain6_hole_4,922,32122,0.0009765625
haxs.stage5c2gR32A.g1-deterministic.v1,db87e6c265d45773bb6297db5af0c11f,3ff830b6e7af503492e62613b50ea60d,limit_hopping_zero_chain6,chain6_hole_4,923,32123,0.0009765625
haxs.stage5c2gR32A.g1-deterministic.v1,db87e6c265d45773bb6297db5af0c11f,ed0601a30f415b3a8f2c52338ea51eab,limit_hopping_zero_chain6,chain6_hole_4,924,32130,0.0009765625
haxs.stage5c2gR32A.g1-deterministic.v1,db87e6c265d45773bb6297db5af0c11f,6d063eb14ad052b583b706f37765e2d5,limit_hopping_zero_chain6,chain6_hole_4,925,32131,0.0009765625
haxs.stage5c2gR32A.g1-deterministic.v1,db87e6c265d45773bb6297db5af0c11f,3fe62510ec1b54b1a93f6bf9340d5652,limit_hopping_zero_chain6,chain6_hole_4,926,32132,0.0009765625
haxs.stage5c2gR32A.g1-deterministic.v1,db87e6c265d45773bb6297db5af0c11f,28958b60798d556e8623412fe75e2f70,limit_hopping_zero_chain6,chain6_hole_4,927,32133,0.0009765625
haxs.stage5c2gR32A.g1-deterministic.v1,db87e6c265d45773bb6297db5af0c11f,b468dd6a7a8452dd87ac184033d486f1,limit_hopping_zero_chain6,chain6_hole_4,928,32200,0.0009765625
haxs.stage5c2gR32A.g1-deterministic.v1,db87e6c265d45773bb6297db5af0c11f,77d60bf4230558fab5cb588cbfef50d6,limit_hopping_zero_chain6,chain6_hole_4,929,32201,0.0009765625
haxs.stage5c2gR32A.g1-deterministic.v1,db87e6c265d45773bb6297db5af0c11f,b395fc2fa9465564b5b70d64f0d5cf25,limit_hopping_zero_chain6,chain6_hole_4,930,32202,0.0009765625
haxs.stage5c2gR32A.g1-deterministic.v1,db87e6c265d45773bb6297db5af0c11f,00de150448315462a56e6c3a6cad4fe3,limit_hopping_zero_chain6,chain6_hole_4,931,32203,0.0009765625
haxs.stage5c2gR32A.g1-deterministic.v1,db87e6c265d45773bb6297db5af0c11f,8a52ddd74b0c5d5db55739bfa987ddcc,limit_hopping_zero_chain6,chain6_hole_4,932,32210,0.0009765625
haxs.stage5c2gR32A.g1-deterministic.v1,db87e6c265d45773bb6297db5af0c11f,d888cd056efc5666b5a3474dbb170517,limit_hopping_zero_chain6,chain6_hole_4,933,32211,0.0009765625
haxs.stage5c2gR32A.g1-deterministic.v1,db87e6c265d45773bb6297db5af0c11f,cae21977edf95d6387ae9dbe2feecb06,limit_hopping_zero_chain6,chain6_hole_4,934,32212,0.0009765625
haxs.stage5c2gR32A.g1-deterministic.v1,db87e6c265d45773bb6297db5af0c11f,9617660e55825c648720a4cb880476d0,limit_hopping_zero_chain6,chain6_hole_4,935,32213,0.0009765625
haxs.stage5c2gR32A.g1-deterministic.v1,db87e6c265d45773bb6297db5af0c11f,1bfe35c6013551f287054ad93c07837b,limit_hopping_zero_chain6,chain6_hole_4,936,32220,0.0009765625
haxs.stage5c2gR32A.g1-deterministic.v1,db87e6c265d45773bb6297db5af0c11f,58799760e63f5c198a223a6d9404700e,limit_hopping_zero_chain6,chain6_hole_4,937,32221,0.0009765625
haxs.stage5c2gR32A.g1-deterministic.v1,db87e6c265d45773bb6297db5af0c11f,705bc84e1d0f59d39a575b2933aa1dcf,limit_hopping_zero_chain6,chain6_hole_4,938,32222,0.0009765625
haxs.stage5c2gR32A.g1-deterministic.v1,db87e6c265d45773bb6297db5af0c11f,0169a780679b5c14a8b8244adb9ef487,limit_hopping_zero_chain6,chain6_hole_4,939,32223,0.0009765625
haxs.stage5c2gR32A.g1-deterministic.v1,db87e6c265d45773bb6297db5af0c11f,9c5485094aaf56d2a1fb4aedbedb2a10,limit_hopping_zero_chain6,chain6_hole_4,940,32230,0.0009765625
haxs.stage5c2gR32A.g1-deterministic.v1,db87e6c265d45773bb6297db5af0c11f,bc6616e9d2ea55729a568d9dac0fb74a,limit_hopping_zero_chain6,chain6_hole_4,941,32231,0.0009765625
haxs.stage5c2gR32A.g1-deterministic.v1,db87e6c265d45773bb6297db5af0c11f,81200068c1b057719e7081715f6dfb71,limit_hopping_zero_chain6,chain6_hole_4,942,32232,0.0009765625
haxs.stage5c2gR32A.g1-deterministic.v1,db87e6c265d45773bb6297db5af0c11f,052206c054d455b795068ddc8b59dcfe,limit_hopping_zero_chain6,chain6_hole_4,943,32233,0.0009765625
haxs.stage5c2gR32A.g1-deterministic.v1,db87e6c265d45773bb6297db5af0c11f,949042ff131052148c8faf15874417fa,limit_hopping_zero_chain6,chain6_hole_4,944,32300,0.0009765625
haxs.stage5c2gR32A.g1-deterministic.v1,db87e6c265d45773bb6297db5af0c11f,77b83e762d515e16aa487963288c4558,limit_hopping_zero_chain6,chain6_hole_4,945,32301,0.0009765625
haxs.stage5c2gR32A.g1-deterministic.v1,db87e6c265d45773bb6297db5af0c11f,85d96037a62f555480516dd0b9ddcb23,limit_hopping_zero_chain6,chain6_hole_4,946,32302,0.0009765625
haxs.stage5c2gR32A.g1-deterministic.v1,db87e6c265d45773bb6297db5af0c11f,01e000f8e71c52829b826afcfc6d2dd6,limit_hopping_zero_chain6,chain6_hole_4,947,32303,0.0009765625
haxs.stage5c2gR32A.g1-deterministic.v1,db87e6c265d45773bb6297db5af0c11f,3cd37c735f1753139761c25f255a7fbf,limit_hopping_zero_chain6,chain6_hole_4,948,32310,0.0009765625
haxs.stage5c2gR32A.g1-deterministic.v1,db87e6c265d45773bb6297db5af0c11f,ec7a25acd753598ba1205188725dd386,limit_hopping_zero_chain6,chain6_hole_4,949,32311,0.0009765625
haxs.stage5c2gR32A.g1-deterministic.v1,db87e6c265d45773bb6297db5af0c11f,1e5899fe802a535880025b19a8db3bda,limit_hopping_zero_chain6,chain6_hole_4,950,32312,0.0009765625
haxs.stage5c2gR32A.g1-deterministic.v1,db87e6c265d45773bb6297db5af0c11f,d15f25234bdb53a1a6b31b60669d6f12,limit_hopping_zero_chain6,chain6_hole_4,951,32313,0.0009765625
haxs.stage5c2gR32A.g1-deterministic.v1,db87e6c265d45773bb6297db5af0c11f,668b2885277453baafa0ea777060c3f2,limit_hopping_zero_chain6,chain6_hole_4,952,32320,0.0009765625
haxs.stage5c2gR32A.g1-deterministic.v1,db87e6c265d45773bb6297db5af0c11f,2eac027a69b55c5da3ee2685149c61c1,limit_hopping_zero_chain6,chain6_hole_4,953,32321,0.0009765625
haxs.stage5c2gR32A.g1-deterministic.v1,db87e6c265d45773bb6297db5af0c11f,ec4787f151ac5585a03db0b3f5f7b617,limit_hopping_zero_chain6,chain6_hole_4,954,32322,0.0009765625
haxs.stage5c2gR32A.g1-deterministic.v1,db87e6c265d45773bb6297db5af0c11f,e4207c272fe651c59d3bc92bbef73597,limit_hopping_zero_chain6,chain6_hole_4,955,32323,0.0009765625
haxs.stage5c2gR32A.g1-deterministic.v1,db87e6c265d45773bb6297db5af0c11f,ae4296acf2ec5110930f87220db544ef,limit_hopping_zero_chain6,chain6_hole_4,956,32330,0.0009765625
haxs.stage5c2gR32A.g1-deterministic.v1,db87e6c265d45773bb6297db5af0c11f,63b696ad23f353d684675e2ec684f54f,limit_hopping_zero_chain6,chain6_hole_4,957,32331,0.0009765625
haxs.stage5c2gR32A.g1-deterministic.v1,db87e6c265d45773bb6297db5af0c11f,fda3635b3d7d580e9a1db76adef2e929,limit_hopping_zero_chain6,chain6_hole_4,958,32332,0.0009765625
haxs.stage5c2gR32A.g1-deterministic.v1,db87e6c265d45773bb6297db5af0c11f,8f10eb3400615fe992833d10f5b1597b,limit_hopping_zero_chain6,chain6_hole_4,959,32333,0.0009765625
haxs.stage5c2gR32A.g1-deterministic.v1,db87e6c265d45773bb6297db5af0c11f,f0e6578eecb85279ae5b4a1bc0f3551e,limit_hopping_zero_chain6,chain6_hole_4,960,33000,0.0009765625
haxs.stage5c2gR32A.g1-deterministic.v1,db87e6c265d45773bb6297db5af0c11f,387a455ab339510aad460da48e5ccb27,limit_hopping_zero_chain6,chain6_hole_4,961,33001,0.0009765625
haxs.stage5c2gR32A.g1-deterministic.v1,db87e6c265d45773bb6297db5af0c11f,81d914e07b355ec58f238998e1b1d79d,limit_hopping_zero_chain6,chain6_hole_4,962,33002,0.0009765625
haxs.stage5c2gR32A.g1-deterministic.v1,db87e6c265d45773bb6297db5af0c11f,62107c0775e15a74a4a7b78229c7506f,limit_hopping_zero_chain6,chain6_hole_4,963,33003,0.0009765625
haxs.stage5c2gR32A.g1-deterministic.v1,db87e6c265d45773bb6297db5af0c11f,0135de7eb2a65128b384dc5a44df5039,limit_hopping_zero_chain6,chain6_hole_4,964,33010,0.0009765625
haxs.stage5c2gR32A.g1-deterministic.v1,db87e6c265d45773bb6297db5af0c11f,4e9700274b295ff892584a96de68377e,limit_hopping_zero_chain6,chain6_hole_4,965,33011,0.0009765625
haxs.stage5c2gR32A.g1-deterministic.v1,db87e6c265d45773bb6297db5af0c11f,45fe38edbcbc5f61afbc8644da447dc2,limit_hopping_zero_chain6,chain6_hole_4,966,33012,0.0009765625
haxs.stage5c2gR32A.g1-deterministic.v1,db87e6c265d45773bb6297db5af0c11f,d3bb7c8dc49f567ebe294252b2ecdcb7,limit_hopping_zero_chain6,chain6_hole_4,967,33013,0.0009765625
haxs.stage5c2gR32A.g1-deterministic.v1,db87e6c265d45773bb6297db5af0c11f,df8f3f4cec73504a9fb2f434c8dccc0c,limit_hopping_zero_chain6,chain6_hole_4,968,33020,0.0009765625
haxs.stage5c2gR32A.g1-deterministic.v1,db87e6c265d45773bb6297db5af0c11f,7d42b88a72955f92ba3b61e3dbba12a8,limit_hopping_zero_chain6,chain6_hole_4,969,33021,0.0009765625
haxs.stage5c2gR32A.g1-deterministic.v1,db87e6c265d45773bb6297db5af0c11f,22df487e53955c67b05bfae8605e3639,limit_hopping_zero_chain6,chain6_hole_4,970,33022,0.0009765625
haxs.stage5c2gR32A.g1-deterministic.v1,db87e6c265d45773bb6297db5af0c11f,92e75bee7c7f5508a1ef8e961d190b90,limit_hopping_zero_chain6,chain6_hole_4,971,33023,0.0009765625
haxs.stage5c2gR32A.g1-deterministic.v1,db87e6c265d45773bb6297db5af0c11f,38cacde4938e50cfbb25f483a47b90ae,limit_hopping_zero_chain6,chain6_hole_4,972,33030,0.0009765625
haxs.stage5c2gR32A.g1-deterministic.v1,db87e6c265d45773bb6297db5af0c11f,898121022e4e54a7b387ac111acebaad,limit_hopping_zero_chain6,chain6_hole_4,973,33031,0.0009765625
haxs.stage5c2gR32A.g1-deterministic.v1,db87e6c265d45773bb6297db5af0c11f,e76a8f8845b3588ba936bf9317f2b17d,limit_hopping_zero_chain6,chain6_hole_4,974,33032,0.0009765625
haxs.stage5c2gR32A.g1-deterministic.v1,db87e6c265d45773bb6297db5af0c11f,0e609d6ad5ef55ee81536bc2802482a3,limit_hopping_zero_chain6,chain6_hole_4,975,33033,0.0009765625
haxs.stage5c2gR32A.g1-deterministic.v1,db87e6c265d45773bb6297db5af0c11f,33fa99951c1759a1bf3f565685c6618c,limit_hopping_zero_chain6,chain6_hole_4,976,33100,0.0009765625
haxs.stage5c2gR32A.g1-deterministic.v1,db87e6c265d45773bb6297db5af0c11f,ea088088932e5ef886df911f3da3a542,limit_hopping_zero_chain6,chain6_hole_4,977,33101,0.0009765625
haxs.stage5c2gR32A.g1-deterministic.v1,db87e6c265d45773bb6297db5af0c11f,ecd848aa41a25fb88aac05113401ab62,limit_hopping_zero_chain6,chain6_hole_4,978,33102,0.0009765625
haxs.stage5c2gR32A.g1-deterministic.v1,db87e6c265d45773bb6297db5af0c11f,aa9e59877c7656b2bc1ff32f6ec71a7c,limit_hopping_zero_chain6,chain6_hole_4,979,33103,0.0009765625
haxs.stage5c2gR32A.g1-deterministic.v1,db87e6c265d45773bb6297db5af0c11f,f58118357575576c8519fc9f3056741b,limit_hopping_zero_chain6,chain6_hole_4,980,33110,0.0009765625
haxs.stage5c2gR32A.g1-deterministic.v1,db87e6c265d45773bb6297db5af0c11f,2d7e2de276c256349a8231bc098c9345,limit_hopping_zero_chain6,chain6_hole_4,981,33111,0.0009765625
haxs.stage5c2gR32A.g1-deterministic.v1,db87e6c265d45773bb6297db5af0c11f,129f8f59ac675db5b6885e80c069b79c,limit_hopping_zero_chain6,chain6_hole_4,982,33112,0.0009765625
haxs.stage5c2gR32A.g1-deterministic.v1,db87e6c265d45773bb6297db5af0c11f,80b85269bfca5464ae36899ef195a96d,limit_hopping_zero_chain6,chain6_hole_4,983,33113,0.0009765625
haxs.stage5c2gR32A.g1-deterministic.v1,db87e6c265d45773bb6297db5af0c11f,db19d29b72de5b5d81688ec3878b3777,limit_hopping_zero_chain6,chain6_hole_4,984,33120,0.0009765625
haxs.stage5c2gR32A.g1-deterministic.v1,db87e6c265d45773bb6297db5af0c11f,40fbec810f1d573795f43705885fcfad,limit_hopping_zero_chain6,chain6_hole_4,985,33121,0.0009765625
haxs.stage5c2gR32A.g1-deterministic.v1,db87e6c265d45773bb6297db5af0c11f,d1b5f60c36ad5311915b9ac78b53701e,limit_hopping_zero_chain6,chain6_hole_4,986,33122,0.0009765625
haxs.stage5c2gR32A.g1-deterministic.v1,db87e6c265d45773bb6297db5af0c11f,4ea0d0b7e69e5acbab729974d34f7789,limit_hopping_zero_chain6,chain6_hole_4,987,33123,0.0009765625
haxs.stage5c2gR32A.g1-deterministic.v1,db87e6c265d45773bb6297db5af0c11f,846a260e362a5678b6ea52428c482e5e,limit_hopping_zero_chain6,chain6_hole_4,988,33130,0.0009765625
haxs.stage5c2gR32A.g1-deterministic.v1,db87e6c265d45773bb6297db5af0c11f,eb458b8f2bd2504fac38c047c69ddb8d,limit_hopping_zero_chain6,chain6_hole_4,989,33131,0.0009765625
haxs.stage5c2gR32A.g1-deterministic.v1,db87e6c265d45773bb6297db5af0c11f,981aae3b90d0579f9fbf12b7044ac9ae,limit_hopping_zero_chain6,chain6_hole_4,990,33132,0.0009765625
haxs.stage5c2gR32A.g1-deterministic.v1,db87e6c265d45773bb6297db5af0c11f,1179b7b5a70e5d4c8076ba90e4710f8f,limit_hopping_zero_chain6,chain6_hole_4,991,33133,0.0009765625
haxs.stage5c2gR32A.g1-deterministic.v1,db87e6c265d45773bb6297db5af0c11f,195b0aaaa608552ea9ed2be9fc1f68f9,limit_hopping_zero_chain6,chain6_hole_4,992,33200,0.0009765625
haxs.stage5c2gR32A.g1-deterministic.v1,db87e6c265d45773bb6297db5af0c11f,d91cfb632ff45908b7ba255fe0f98a73,limit_hopping_zero_chain6,chain6_hole_4,993,33201,0.0009765625
haxs.stage5c2gR32A.g1-deterministic.v1,db87e6c265d45773bb6297db5af0c11f,6eaafc93e7395b1db37c7bedbd31610e,limit_hopping_zero_chain6,chain6_hole_4,994,33202,0.0009765625
haxs.stage5c2gR32A.g1-deterministic.v1,db87e6c265d45773bb6297db5af0c11f,2ac000b300a159d7b5373e624a875491,limit_hopping_zero_chain6,chain6_hole_4,995,33203,0.0009765625
haxs.stage5c2gR32A.g1-deterministic.v1,db87e6c265d45773bb6297db5af0c11f,a7c550e583df5583a7a58b2ebff0b128,limit_hopping_zero_chain6,chain6_hole_4,996,33210,0.0009765625
haxs.stage5c2gR32A.g1-deterministic.v1,db87e6c265d45773bb6297db5af0c11f,b4d907ee981255ddaefee6e374a46174,limit_hopping_zero_chain6,chain6_hole_4,997,33211,0.0009765625
haxs.stage5c2gR32A.g1-deterministic.v1,db87e6c265d45773bb6297db5af0c11f,5121047d40075568a43a2f84617c2cad,limit_hopping_zero_chain6,chain6_hole_4,998,33212,0.0009765625
haxs.stage5c2gR32A.g1-deterministic.v1,db87e6c265d45773bb6297db5af0c11f,57620d636a1b5d10a8aa324cd6ee014b,limit_hopping_zero_chain6,chain6_hole_4,999,33213,0.0009765625
haxs.stage5c2gR32A.g1-deterministic.v1,db87e6c265d45773bb6297db5af0c11f,157fb65f6fca5b2c9ebcf6d06daccf19,limit_hopping_zero_chain6,chain6_hole_4,1000,33220,0.0009765625
haxs.stage5c2gR32A.g1-deterministic.v1,db87e6c265d45773bb6297db5af0c11f,8388edabd3795b42bd5f01843146945e,limit_hopping_zero_chain6,chain6_hole_4,1001,33221,0.0009765625
haxs.stage5c2gR32A.g1-deterministic.v1,db87e6c265d45773bb6297db5af0c11f,25ea7da6f29858b7b170008a8cea6555,limit_hopping_zero_chain6,chain6_hole_4,1002,33222,0.0009765625
haxs.stage5c2gR32A.g1-deterministic.v1,db87e6c265d45773bb6297db5af0c11f,be40d5d18ef95e21bbdb10357f426ac4,limit_hopping_zero_chain6,chain6_hole_4,1003,33223,0.0009765625
haxs.stage5c2gR32A.g1-deterministic.v1,db87e6c265d45773bb6297db5af0c11f,02362723a69b518790dd941cf5dbb8b5,limit_hopping_zero_chain6,chain6_hole_4,1004,33230,0.0009765625
haxs.stage5c2gR32A.g1-deterministic.v1,db87e6c265d45773bb6297db5af0c11f,9b4c885794725d64a4b7363cdfda8716,limit_hopping_zero_chain6,chain6_hole_4,1005,33231,0.0009765625
haxs.stage5c2gR32A.g1-deterministic.v1,db87e6c265d45773bb6297db5af0c11f,aa3771ba98245d479225c6080b26fa63,limit_hopping_zero_chain6,chain6_hole_4,1006,33232,0.0009765625
haxs.stage5c2gR32A.g1-deterministic.v1,db87e6c265d45773bb6297db5af0c11f,0b849fcd189a519aa9ce45f38276d39a,limit_hopping_zero_chain6,chain6_hole_4,1007,33233,0.0009765625
haxs.stage5c2gR32A.g1-deterministic.v1,db87e6c265d45773bb6297db5af0c11f,387cac5e19f6577396cd72f8ef32119c,limit_hopping_zero_chain6,chain6_hole_4,1008,33300,0.0009765625
haxs.stage5c2gR32A.g1-deterministic.v1,db87e6c265d45773bb6297db5af0c11f,794da1851cbc590dab38ad9157d527d2,limit_hopping_zero_chain6,chain6_hole_4,1009,33301,0.0009765625
haxs.stage5c2gR32A.g1-deterministic.v1,db87e6c265d45773bb6297db5af0c11f,d2b5992969fd5b77909d84cd582a3f93,limit_hopping_zero_chain6,chain6_hole_4,1010,33302,0.0009765625
haxs.stage5c2gR32A.g1-deterministic.v1,db87e6c265d45773bb6297db5af0c11f,938d548a06a15ef7b3b8431f654d0e0b,limit_hopping_zero_chain6,chain6_hole_4,1011,33303,0.0009765625
haxs.stage5c2gR32A.g1-deterministic.v1,db87e6c265d45773bb6297db5af0c11f,57850402ffb85da18f868a575ac37256,limit_hopping_zero_chain6,chain6_hole_4,1012,33310,0.0009765625
haxs.stage5c2gR32A.g1-deterministic.v1,db87e6c265d45773bb6297db5af0c11f,21d8f0fea39a504fbde6c55c588dd1d0,limit_hopping_zero_chain6,chain6_hole_4,1013,33311,0.0009765625
haxs.stage5c2gR32A.g1-deterministic.v1,db87e6c265d45773bb6297db5af0c11f,ec8842f7b9ff595e8dc6ad7ee155955e,limit_hopping_zero_chain6,chain6_hole_4,1014,33312,0.0009765625
haxs.stage5c2gR32A.g1-deterministic.v1,db87e6c265d45773bb6297db5af0c11f,e283756f7900577394dd7164fdfc2508,limit_hopping_zero_chain6,chain6_hole_4,1015,33313,0.0009765625
haxs.stage5c2gR32A.g1-deterministic.v1,db87e6c265d45773bb6297db5af0c11f,87c1b58bd496526e9f1bcce7be4ddf78,limit_hopping_zero_chain6,chain6_hole_4,1016,33320,0.0009765625
haxs.stage5c2gR32A.g1-deterministic.v1,db87e6c265d45773bb6297db5af0c11f,eb14d768c5a0516c924e426533b1a1cc,limit_hopping_zero_chain6,chain6_hole_4,1017,33321,0.0009765625
haxs.stage5c2gR32A.g1-deterministic.v1,db87e6c265d45773bb6297db5af0c11f,ca80a26f96c7570aac92ecd5793daf01,limit_hopping_zero_chain6,chain6_hole_4,1018,33322,0.0009765625
haxs.stage5c2gR32A.g1-deterministic.v1,db87e6c265d45773bb6297db5af0c11f,057b01d225a157528a796e764251c23c,limit_hopping_zero_chain6,chain6_hole_4,1019,33323,0.0009765625
haxs.stage5c2gR32A.g1-deterministic.v1,db87e6c265d45773bb6297db5af0c11f,943c666d1af55024b4d8e52833b1698b,limit_hopping_zero_chain6,chain6_hole_4,1020,33330,0.0009765625
haxs.stage5c2gR32A.g1-deterministic.v1,db87e6c265d45773bb6297db5af0c11f,29eeafc68b1d5bb399f771adab68be39,limit_hopping_zero_chain6,chain6_hole_4,1021,33331,0.0009765625
haxs.stage5c2gR32A.g1-deterministic.v1,db87e6c265d45773bb6297db5af0c11f,0811f7be348e5cf1a8b0b2f5b0c99543,limit_hopping_zero_chain6,chain6_hole_4,1022,33332,0.0009765625
haxs.stage5c2gR32A.g1-deterministic.v1,db87e6c265d45773bb6297db5af0c11f,8f2b33d434a55784be060be29b81636d,limit_hopping_zero_chain6,chain6_hole_4,1023,33333,0.0009765625
haxs.stage5c2gR32A.g1-deterministic.v1,fb5214d8d1bf5caa839f81a965024f62,46e54d23b89e5b1fb12329e5393b5693,limit_spin_density_zero_rect2x3,rect2x3_hole_2,0,00000,0.0009765625
haxs.stage5c2gR32A.g1-deterministic.v1,fb5214d8d1bf5caa839f81a965024f62,60b526c3c6465f189dd437cb93dd19cb,limit_spin_density_zero_rect2x3,rect2x3_hole_2,1,00001,0.0009765625
haxs.stage5c2gR32A.g1-deterministic.v1,fb5214d8d1bf5caa839f81a965024f62,ca4fe5d414a3551eb943faae87af9f7e,limit_spin_density_zero_rect2x3,rect2x3_hole_2,2,00002,0.0009765625
haxs.stage5c2gR32A.g1-deterministic.v1,fb5214d8d1bf5caa839f81a965024f62,b057c0b5e3c35b2b84897323a266e0ff,limit_spin_density_zero_rect2x3,rect2x3_hole_2,3,00003,0.0009765625
haxs.stage5c2gR32A.g1-deterministic.v1,fb5214d8d1bf5caa839f81a965024f62,576878660cc659db82500ba9bfd4ff59,limit_spin_density_zero_rect2x3,rect2x3_hole_2,4,00010,0.0009765625
haxs.stage5c2gR32A.g1-deterministic.v1,fb5214d8d1bf5caa839f81a965024f62,87d67a640a5c5ebfb23df482c71759ad,limit_spin_density_zero_rect2x3,rect2x3_hole_2,5,00011,0.0009765625
haxs.stage5c2gR32A.g1-deterministic.v1,fb5214d8d1bf5caa839f81a965024f62,d68464b4ac7b5c61a6afc719e61f21ab,limit_spin_density_zero_rect2x3,rect2x3_hole_2,6,00012,0.0009765625
haxs.stage5c2gR32A.g1-deterministic.v1,fb5214d8d1bf5caa839f81a965024f62,3833140dd5675c3d8e39d3e7ad4c959c,limit_spin_density_zero_rect2x3,rect2x3_hole_2,7,00013,0.0009765625
haxs.stage5c2gR32A.g1-deterministic.v1,fb5214d8d1bf5caa839f81a965024f62,6d6a598fc04a50b4a7489846d58d4aa8,limit_spin_density_zero_rect2x3,rect2x3_hole_2,8,00020,0.0009765625
haxs.stage5c2gR32A.g1-deterministic.v1,fb5214d8d1bf5caa839f81a965024f62,0acb369a5cda50efb9c92f07a7bafd0a,limit_spin_density_zero_rect2x3,rect2x3_hole_2,9,00021,0.0009765625
haxs.stage5c2gR32A.g1-deterministic.v1,fb5214d8d1bf5caa839f81a965024f62,1e1a7e96ac0e50c28bdf7c5486337158,limit_spin_density_zero_rect2x3,rect2x3_hole_2,10,00022,0.0009765625
haxs.stage5c2gR32A.g1-deterministic.v1,fb5214d8d1bf5caa839f81a965024f62,07576a0e4d435ba5a723ffffe430111f,limit_spin_density_zero_rect2x3,rect2x3_hole_2,11,00023,0.0009765625
haxs.stage5c2gR32A.g1-deterministic.v1,fb5214d8d1bf5caa839f81a965024f62,aa2f565245c451f09a5f4d0d49e98108,limit_spin_density_zero_rect2x3,rect2x3_hole_2,12,00030,0.0009765625
haxs.stage5c2gR32A.g1-deterministic.v1,fb5214d8d1bf5caa839f81a965024f62,f2463157ee7451e3ab76b1814f4e8ced,limit_spin_density_zero_rect2x3,rect2x3_hole_2,13,00031,0.0009765625
haxs.stage5c2gR32A.g1-deterministic.v1,fb5214d8d1bf5caa839f81a965024f62,4a550262b773555e80b37894d2148e9b,limit_spin_density_zero_rect2x3,rect2x3_hole_2,14,00032,0.0009765625
haxs.stage5c2gR32A.g1-deterministic.v1,fb5214d8d1bf5caa839f81a965024f62,54853a2f740559c98ea28e1f98558abe,limit_spin_density_zero_rect2x3,rect2x3_hole_2,15,00033,0.0009765625
haxs.stage5c2gR32A.g1-deterministic.v1,fb5214d8d1bf5caa839f81a965024f62,ecce445d547b5491b3ef745e216a9693,limit_spin_density_zero_rect2x3,rect2x3_hole_2,16,00100,0.0009765625
haxs.stage5c2gR32A.g1-deterministic.v1,fb5214d8d1bf5caa839f81a965024f62,9adea1cc711b5d05a757eaf966f11cfe,limit_spin_density_zero_rect2x3,rect2x3_hole_2,17,00101,0.0009765625
haxs.stage5c2gR32A.g1-deterministic.v1,fb5214d8d1bf5caa839f81a965024f62,7c4314bb358a5f0d9c6c3fe8eee5e99d,limit_spin_density_zero_rect2x3,rect2x3_hole_2,18,00102,0.0009765625
haxs.stage5c2gR32A.g1-deterministic.v1,fb5214d8d1bf5caa839f81a965024f62,6c95ff121d6551d098b73a15cd42c831,limit_spin_density_zero_rect2x3,rect2x3_hole_2,19,00103,0.0009765625
haxs.stage5c2gR32A.g1-deterministic.v1,fb5214d8d1bf5caa839f81a965024f62,170eecdb1e2658a4b5c97498f9c33a83,limit_spin_density_zero_rect2x3,rect2x3_hole_2,20,00110,0.0009765625
haxs.stage5c2gR32A.g1-deterministic.v1,fb5214d8d1bf5caa839f81a965024f62,d29c4d8069395c2c948041f8b87383e7,limit_spin_density_zero_rect2x3,rect2x3_hole_2,21,00111,0.0009765625
haxs.stage5c2gR32A.g1-deterministic.v1,fb5214d8d1bf5caa839f81a965024f62,4de33cc0207f59cfa09b8c009d0af2d9,limit_spin_density_zero_rect2x3,rect2x3_hole_2,22,00112,0.0009765625
haxs.stage5c2gR32A.g1-deterministic.v1,fb5214d8d1bf5caa839f81a965024f62,3beff8bdc6155c1d98aae8e0f98f22c5,limit_spin_density_zero_rect2x3,rect2x3_hole_2,23,00113,0.0009765625
haxs.stage5c2gR32A.g1-deterministic.v1,fb5214d8d1bf5caa839f81a965024f62,a47151576d6e5a86902dc8388fd37088,limit_spin_density_zero_rect2x3,rect2x3_hole_2,24,00120,0.0009765625
haxs.stage5c2gR32A.g1-deterministic.v1,fb5214d8d1bf5caa839f81a965024f62,c11aa97c4d02560296967311b69a087b,limit_spin_density_zero_rect2x3,rect2x3_hole_2,25,00121,0.0009765625
haxs.stage5c2gR32A.g1-deterministic.v1,fb5214d8d1bf5caa839f81a965024f62,9ef6d43340605d799e3d7c8907c37e50,limit_spin_density_zero_rect2x3,rect2x3_hole_2,26,00122,0.0009765625
haxs.stage5c2gR32A.g1-deterministic.v1,fb5214d8d1bf5caa839f81a965024f62,47f0cff129505998ac78ebb1a1c07774,limit_spin_density_zero_rect2x3,rect2x3_hole_2,27,00123,0.0009765625
haxs.stage5c2gR32A.g1-deterministic.v1,fb5214d8d1bf5caa839f81a965024f62,1290c51b8ba95dbeb944da96e79ab2a9,limit_spin_density_zero_rect2x3,rect2x3_hole_2,28,00130,0.0009765625
haxs.stage5c2gR32A.g1-deterministic.v1,fb5214d8d1bf5caa839f81a965024f62,379fb22b6f0b51ee81812ac9106b2c2c,limit_spin_density_zero_rect2x3,rect2x3_hole_2,29,00131,0.0009765625
haxs.stage5c2gR32A.g1-deterministic.v1,fb5214d8d1bf5caa839f81a965024f62,da6f498fdd4d5beea3d6bec7b36fb5c0,limit_spin_density_zero_rect2x3,rect2x3_hole_2,30,00132,0.0009765625
haxs.stage5c2gR32A.g1-deterministic.v1,fb5214d8d1bf5caa839f81a965024f62,38ddaa38f6795f4d946cea5935adc9da,limit_spin_density_zero_rect2x3,rect2x3_hole_2,31,00133,0.0009765625
haxs.stage5c2gR32A.g1-deterministic.v1,fb5214d8d1bf5caa839f81a965024f62,1c05b6d1997d59bca9ce0a14c20141a3,limit_spin_density_zero_rect2x3,rect2x3_hole_2,32,00200,0.0009765625
haxs.stage5c2gR32A.g1-deterministic.v1,fb5214d8d1bf5caa839f81a965024f62,c0c95949b7e4597c97917a95292fa48a,limit_spin_density_zero_rect2x3,rect2x3_hole_2,33,00201,0.0009765625
haxs.stage5c2gR32A.g1-deterministic.v1,fb5214d8d1bf5caa839f81a965024f62,cece8a0df15f5e63b96a17ff991a98be,limit_spin_density_zero_rect2x3,rect2x3_hole_2,34,00202,0.0009765625
haxs.stage5c2gR32A.g1-deterministic.v1,fb5214d8d1bf5caa839f81a965024f62,fe3c7a7c6d0457d5b42c6968a5cdf4da,limit_spin_density_zero_rect2x3,rect2x3_hole_2,35,00203,0.0009765625
haxs.stage5c2gR32A.g1-deterministic.v1,fb5214d8d1bf5caa839f81a965024f62,a36d93d6131658919ee247127d936a35,limit_spin_density_zero_rect2x3,rect2x3_hole_2,36,00210,0.0009765625
haxs.stage5c2gR32A.g1-deterministic.v1,fb5214d8d1bf5caa839f81a965024f62,b160586da1225f34a40fbf6d623c8af2,limit_spin_density_zero_rect2x3,rect2x3_hole_2,37,00211,0.0009765625
haxs.stage5c2gR32A.g1-deterministic.v1,fb5214d8d1bf5caa839f81a965024f62,aafcf86fb4435ba8a1a698a329ce1632,limit_spin_density_zero_rect2x3,rect2x3_hole_2,38,00212,0.0009765625
haxs.stage5c2gR32A.g1-deterministic.v1,fb5214d8d1bf5caa839f81a965024f62,24c66f5a970f520cb2a5b45d913bf757,limit_spin_density_zero_rect2x3,rect2x3_hole_2,39,00213,0.0009765625
haxs.stage5c2gR32A.g1-deterministic.v1,fb5214d8d1bf5caa839f81a965024f62,a86979014e015366847579d9056ef1f9,limit_spin_density_zero_rect2x3,rect2x3_hole_2,40,00220,0.0009765625
haxs.stage5c2gR32A.g1-deterministic.v1,fb5214d8d1bf5caa839f81a965024f62,591f4c70100f5483a60140d9858bd06a,limit_spin_density_zero_rect2x3,rect2x3_hole_2,41,00221,0.0009765625
haxs.stage5c2gR32A.g1-deterministic.v1,fb5214d8d1bf5caa839f81a965024f62,43358b8624065b5eb61cae1ff5d980a5,limit_spin_density_zero_rect2x3,rect2x3_hole_2,42,00222,0.0009765625
haxs.stage5c2gR32A.g1-deterministic.v1,fb5214d8d1bf5caa839f81a965024f62,5e22047b85e158cab6735ef88d824135,limit_spin_density_zero_rect2x3,rect2x3_hole_2,43,00223,0.0009765625
haxs.stage5c2gR32A.g1-deterministic.v1,fb5214d8d1bf5caa839f81a965024f62,a398bdbf69005407a2b55302f4fcce5c,limit_spin_density_zero_rect2x3,rect2x3_hole_2,44,00230,0.0009765625
haxs.stage5c2gR32A.g1-deterministic.v1,fb5214d8d1bf5caa839f81a965024f62,2f643e9de1255dd6b37ebe4e57be3313,limit_spin_density_zero_rect2x3,rect2x3_hole_2,45,00231,0.0009765625
haxs.stage5c2gR32A.g1-deterministic.v1,fb5214d8d1bf5caa839f81a965024f62,c8799689ccc45c6bad63c7896e2618ad,limit_spin_density_zero_rect2x3,rect2x3_hole_2,46,00232,0.0009765625
haxs.stage5c2gR32A.g1-deterministic.v1,fb5214d8d1bf5caa839f81a965024f62,f4610df36ced578db0db3f87d1829590,limit_spin_density_zero_rect2x3,rect2x3_hole_2,47,00233,0.0009765625
haxs.stage5c2gR32A.g1-deterministic.v1,fb5214d8d1bf5caa839f81a965024f62,0e1cd578048e5ca6addce54f620f6761,limit_spin_density_zero_rect2x3,rect2x3_hole_2,48,00300,0.0009765625
haxs.stage5c2gR32A.g1-deterministic.v1,fb5214d8d1bf5caa839f81a965024f62,301e0400c6955fd69b67d95276d38011,limit_spin_density_zero_rect2x3,rect2x3_hole_2,49,00301,0.0009765625
haxs.stage5c2gR32A.g1-deterministic.v1,fb5214d8d1bf5caa839f81a965024f62,cdf0a66d5bc35c8ba4276b4027036ef7,limit_spin_density_zero_rect2x3,rect2x3_hole_2,50,00302,0.0009765625
haxs.stage5c2gR32A.g1-deterministic.v1,fb5214d8d1bf5caa839f81a965024f62,8c04d88110f05c579a975d7da1db6a4d,limit_spin_density_zero_rect2x3,rect2x3_hole_2,51,00303,0.0009765625
haxs.stage5c2gR32A.g1-deterministic.v1,fb5214d8d1bf5caa839f81a965024f62,6e9d7e913ab4571783c05755fd813cc7,limit_spin_density_zero_rect2x3,rect2x3_hole_2,52,00310,0.0009765625
haxs.stage5c2gR32A.g1-deterministic.v1,fb5214d8d1bf5caa839f81a965024f62,8ca5644037065393a28840de0d0e0ea8,limit_spin_density_zero_rect2x3,rect2x3_hole_2,53,00311,0.0009765625
haxs.stage5c2gR32A.g1-deterministic.v1,fb5214d8d1bf5caa839f81a965024f62,8b076b6628b65711aa860f0ba9172bad,limit_spin_density_zero_rect2x3,rect2x3_hole_2,54,00312,0.0009765625
haxs.stage5c2gR32A.g1-deterministic.v1,fb5214d8d1bf5caa839f81a965024f62,3eed851b7bc254be9e167d7f81063c9a,limit_spin_density_zero_rect2x3,rect2x3_hole_2,55,00313,0.0009765625
haxs.stage5c2gR32A.g1-deterministic.v1,fb5214d8d1bf5caa839f81a965024f62,f0839f34e8cd51c682b415ccf6f31b84,limit_spin_density_zero_rect2x3,rect2x3_hole_2,56,00320,0.0009765625
haxs.stage5c2gR32A.g1-deterministic.v1,fb5214d8d1bf5caa839f81a965024f62,95b883c24e0d56a29623a3086cfd82b0,limit_spin_density_zero_rect2x3,rect2x3_hole_2,57,00321,0.0009765625
haxs.stage5c2gR32A.g1-deterministic.v1,fb5214d8d1bf5caa839f81a965024f62,7544330b33895a18b6dd6c0fafbec0df,limit_spin_density_zero_rect2x3,rect2x3_hole_2,58,00322,0.0009765625
haxs.stage5c2gR32A.g1-deterministic.v1,fb5214d8d1bf5caa839f81a965024f62,0cc904888407588e88f1e403baea7189,limit_spin_density_zero_rect2x3,rect2x3_hole_2,59,00323,0.0009765625
haxs.stage5c2gR32A.g1-deterministic.v1,fb5214d8d1bf5caa839f81a965024f62,f87bb244baeb5f9795cc45c76f453700,limit_spin_density_zero_rect2x3,rect2x3_hole_2,60,00330,0.0009765625
haxs.stage5c2gR32A.g1-deterministic.v1,fb5214d8d1bf5caa839f81a965024f62,2a42d8a45f6c5167bb2c99486a0699af,limit_spin_density_zero_rect2x3,rect2x3_hole_2,61,00331,0.0009765625
haxs.stage5c2gR32A.g1-deterministic.v1,fb5214d8d1bf5caa839f81a965024f62,77c5b2aa8b7952c88cb5a1dc4086ef76,limit_spin_density_zero_rect2x3,rect2x3_hole_2,62,00332,0.0009765625
haxs.stage5c2gR32A.g1-deterministic.v1,fb5214d8d1bf5caa839f81a965024f62,36b69933faa45e349ba4f5169eeace47,limit_spin_density_zero_rect2x3,rect2x3_hole_2,63,00333,0.0009765625
haxs.stage5c2gR32A.g1-deterministic.v1,fb5214d8d1bf5caa839f81a965024f62,d1ea93278452544983545e3b5319d39f,limit_spin_density_zero_rect2x3,rect2x3_hole_2,64,01000,0.0009765625
haxs.stage5c2gR32A.g1-deterministic.v1,fb5214d8d1bf5caa839f81a965024f62,ab703db56db852cea411eedf54911468,limit_spin_density_zero_rect2x3,rect2x3_hole_2,65,01001,0.0009765625
haxs.stage5c2gR32A.g1-deterministic.v1,fb5214d8d1bf5caa839f81a965024f62,0fee63c5ce9354de9390641d1339718b,limit_spin_density_zero_rect2x3,rect2x3_hole_2,66,01002,0.0009765625
haxs.stage5c2gR32A.g1-deterministic.v1,fb5214d8d1bf5caa839f81a965024f62,cca2a777c633561db89c3d571dd5dfef,limit_spin_density_zero_rect2x3,rect2x3_hole_2,67,01003,0.0009765625
haxs.stage5c2gR32A.g1-deterministic.v1,fb5214d8d1bf5caa839f81a965024f62,7f64b94eca065d72ae05161957b987f9,limit_spin_density_zero_rect2x3,rect2x3_hole_2,68,01010,0.0009765625
haxs.stage5c2gR32A.g1-deterministic.v1,fb5214d8d1bf5caa839f81a965024f62,db746cdbeed05815943fcc1dcada02dc,limit_spin_density_zero_rect2x3,rect2x3_hole_2,69,01011,0.0009765625
haxs.stage5c2gR32A.g1-deterministic.v1,fb5214d8d1bf5caa839f81a965024f62,0a6c6b7c289a5b9489f0f3f97ac2bc10,limit_spin_density_zero_rect2x3,rect2x3_hole_2,70,01012,0.0009765625
haxs.stage5c2gR32A.g1-deterministic.v1,fb5214d8d1bf5caa839f81a965024f62,3238a4240c8950819df29ff047eca379,limit_spin_density_zero_rect2x3,rect2x3_hole_2,71,01013,0.0009765625
haxs.stage5c2gR32A.g1-deterministic.v1,fb5214d8d1bf5caa839f81a965024f62,6238d297f5e75f5f8e753b49a3ba3bc9,limit_spin_density_zero_rect2x3,rect2x3_hole_2,72,01020,0.0009765625
haxs.stage5c2gR32A.g1-deterministic.v1,fb5214d8d1bf5caa839f81a965024f62,4e2d27ae18e35406b2fe953c907610be,limit_spin_density_zero_rect2x3,rect2x3_hole_2,73,01021,0.0009765625
haxs.stage5c2gR32A.g1-deterministic.v1,fb5214d8d1bf5caa839f81a965024f62,9ffba5fb193e564a853616eb0f7a3269,limit_spin_density_zero_rect2x3,rect2x3_hole_2,74,01022,0.0009765625
haxs.stage5c2gR32A.g1-deterministic.v1,fb5214d8d1bf5caa839f81a965024f62,e4c9bc8e4dfb577e900e6f5d11a79374,limit_spin_density_zero_rect2x3,rect2x3_hole_2,75,01023,0.0009765625
haxs.stage5c2gR32A.g1-deterministic.v1,fb5214d8d1bf5caa839f81a965024f62,ec2132b783155d1798cd821be0603714,limit_spin_density_zero_rect2x3,rect2x3_hole_2,76,01030,0.0009765625
haxs.stage5c2gR32A.g1-deterministic.v1,fb5214d8d1bf5caa839f81a965024f62,e8e6447809a651b9a4b6388307930189,limit_spin_density_zero_rect2x3,rect2x3_hole_2,77,01031,0.0009765625
haxs.stage5c2gR32A.g1-deterministic.v1,fb5214d8d1bf5caa839f81a965024f62,a2a6fe7c5c3d59009a7a29349242c4cb,limit_spin_density_zero_rect2x3,rect2x3_hole_2,78,01032,0.0009765625
haxs.stage5c2gR32A.g1-deterministic.v1,fb5214d8d1bf5caa839f81a965024f62,9dc545de4ad4579592bd74f5c6f197a2,limit_spin_density_zero_rect2x3,rect2x3_hole_2,79,01033,0.0009765625
haxs.stage5c2gR32A.g1-deterministic.v1,fb5214d8d1bf5caa839f81a965024f62,31d2509219185d9381ed308f1b69a98e,limit_spin_density_zero_rect2x3,rect2x3_hole_2,80,01100,0.0009765625
haxs.stage5c2gR32A.g1-deterministic.v1,fb5214d8d1bf5caa839f81a965024f62,b319a02260c95ce6b5b881488d97b04d,limit_spin_density_zero_rect2x3,rect2x3_hole_2,81,01101,0.0009765625
haxs.stage5c2gR32A.g1-deterministic.v1,fb5214d8d1bf5caa839f81a965024f62,25bf261acd62585cb4bec4352e90546c,limit_spin_density_zero_rect2x3,rect2x3_hole_2,82,01102,0.0009765625
haxs.stage5c2gR32A.g1-deterministic.v1,fb5214d8d1bf5caa839f81a965024f62,b273c50aa403570393b6baf4cce52ac0,limit_spin_density_zero_rect2x3,rect2x3_hole_2,83,01103,0.0009765625
haxs.stage5c2gR32A.g1-deterministic.v1,fb5214d8d1bf5caa839f81a965024f62,db887089b2505aecbb8facac6b26b34b,limit_spin_density_zero_rect2x3,rect2x3_hole_2,84,01110,0.0009765625
haxs.stage5c2gR32A.g1-deterministic.v1,fb5214d8d1bf5caa839f81a965024f62,ad526d49ff0a56b5be56d07a62a8ed4f,limit_spin_density_zero_rect2x3,rect2x3_hole_2,85,01111,0.0009765625
haxs.stage5c2gR32A.g1-deterministic.v1,fb5214d8d1bf5caa839f81a965024f62,36b2d486830b55449d73cea6a2b0e700,limit_spin_density_zero_rect2x3,rect2x3_hole_2,86,01112,0.0009765625
haxs.stage5c2gR32A.g1-deterministic.v1,fb5214d8d1bf5caa839f81a965024f62,482d48be646f5eebbb2ae759dfba560e,limit_spin_density_zero_rect2x3,rect2x3_hole_2,87,01113,0.0009765625
haxs.stage5c2gR32A.g1-deterministic.v1,fb5214d8d1bf5caa839f81a965024f62,843fc2a9ebb853d6b247f10e5ad6eff5,limit_spin_density_zero_rect2x3,rect2x3_hole_2,88,01120,0.0009765625
haxs.stage5c2gR32A.g1-deterministic.v1,fb5214d8d1bf5caa839f81a965024f62,610f4bb3caec5e2d80f062ca51386f95,limit_spin_density_zero_rect2x3,rect2x3_hole_2,89,01121,0.0009765625
haxs.stage5c2gR32A.g1-deterministic.v1,fb5214d8d1bf5caa839f81a965024f62,3f4aae2a196658ecbf4ac6079c481e28,limit_spin_density_zero_rect2x3,rect2x3_hole_2,90,01122,0.0009765625
haxs.stage5c2gR32A.g1-deterministic.v1,fb5214d8d1bf5caa839f81a965024f62,54a55f483d0558f3bd6faccdef81176c,limit_spin_density_zero_rect2x3,rect2x3_hole_2,91,01123,0.0009765625
haxs.stage5c2gR32A.g1-deterministic.v1,fb5214d8d1bf5caa839f81a965024f62,4c7fe3be077a54c7b99566e545032305,limit_spin_density_zero_rect2x3,rect2x3_hole_2,92,01130,0.0009765625
haxs.stage5c2gR32A.g1-deterministic.v1,fb5214d8d1bf5caa839f81a965024f62,b6b3e4396218596f8439a0e56ac13494,limit_spin_density_zero_rect2x3,rect2x3_hole_2,93,01131,0.0009765625
haxs.stage5c2gR32A.g1-deterministic.v1,fb5214d8d1bf5caa839f81a965024f62,63e62a1c34af5ef68ad8581f3834ace1,limit_spin_density_zero_rect2x3,rect2x3_hole_2,94,01132,0.0009765625
haxs.stage5c2gR32A.g1-deterministic.v1,fb5214d8d1bf5caa839f81a965024f62,ba57a7ca909353439f1015c569184820,limit_spin_density_zero_rect2x3,rect2x3_hole_2,95,01133,0.0009765625
haxs.stage5c2gR32A.g1-deterministic.v1,fb5214d8d1bf5caa839f81a965024f62,39e4fb1a98c15bf59abfe3e075fd6802,limit_spin_density_zero_rect2x3,rect2x3_hole_2,96,01200,0.0009765625
haxs.stage5c2gR32A.g1-deterministic.v1,fb5214d8d1bf5caa839f81a965024f62,82d4fa3fe01759958353671e00f7d7c0,limit_spin_density_zero_rect2x3,rect2x3_hole_2,97,01201,0.0009765625
haxs.stage5c2gR32A.g1-deterministic.v1,fb5214d8d1bf5caa839f81a965024f62,115324b686fc563d8b7b095fde32a2e2,limit_spin_density_zero_rect2x3,rect2x3_hole_2,98,01202,0.0009765625
haxs.stage5c2gR32A.g1-deterministic.v1,fb5214d8d1bf5caa839f81a965024f62,f4f84f8984a550ffb7b284ff5eac48b2,limit_spin_density_zero_rect2x3,rect2x3_hole_2,99,01203,0.0009765625
haxs.stage5c2gR32A.g1-deterministic.v1,fb5214d8d1bf5caa839f81a965024f62,297ede67aa145f3d9b16e974752c5ac0,limit_spin_density_zero_rect2x3,rect2x3_hole_2,100,01210,0.0009765625
haxs.stage5c2gR32A.g1-deterministic.v1,fb5214d8d1bf5caa839f81a965024f62,04fd8f18c2895faf973497441bec509a,limit_spin_density_zero_rect2x3,rect2x3_hole_2,101,01211,0.0009765625
haxs.stage5c2gR32A.g1-deterministic.v1,fb5214d8d1bf5caa839f81a965024f62,2c9d8ef1ceda525996fb66bc565581a0,limit_spin_density_zero_rect2x3,rect2x3_hole_2,102,01212,0.0009765625
haxs.stage5c2gR32A.g1-deterministic.v1,fb5214d8d1bf5caa839f81a965024f62,ab4998c3632552da8bb03c694cd075ec,limit_spin_density_zero_rect2x3,rect2x3_hole_2,103,01213,0.0009765625
haxs.stage5c2gR32A.g1-deterministic.v1,fb5214d8d1bf5caa839f81a965024f62,a7858d035dd8569da2aea847a86fba3c,limit_spin_density_zero_rect2x3,rect2x3_hole_2,104,01220,0.0009765625
haxs.stage5c2gR32A.g1-deterministic.v1,fb5214d8d1bf5caa839f81a965024f62,9c19e791526d5702b027034f97c89340,limit_spin_density_zero_rect2x3,rect2x3_hole_2,105,01221,0.0009765625
haxs.stage5c2gR32A.g1-deterministic.v1,fb5214d8d1bf5caa839f81a965024f62,bf598ca0d45e5259a23b2454827a325f,limit_spin_density_zero_rect2x3,rect2x3_hole_2,106,01222,0.0009765625
haxs.stage5c2gR32A.g1-deterministic.v1,fb5214d8d1bf5caa839f81a965024f62,4fd0ae8272625a9296df551e20cb6622,limit_spin_density_zero_rect2x3,rect2x3_hole_2,107,01223,0.0009765625
haxs.stage5c2gR32A.g1-deterministic.v1,fb5214d8d1bf5caa839f81a965024f62,226a953a8b7054e8812cdd5cd04f28d3,limit_spin_density_zero_rect2x3,rect2x3_hole_2,108,01230,0.0009765625
haxs.stage5c2gR32A.g1-deterministic.v1,fb5214d8d1bf5caa839f81a965024f62,c7d5122dcdcf5169bf1e7f871b3d0164,limit_spin_density_zero_rect2x3,rect2x3_hole_2,109,01231,0.0009765625
haxs.stage5c2gR32A.g1-deterministic.v1,fb5214d8d1bf5caa839f81a965024f62,c14157f84fba5bc182f388e27638d926,limit_spin_density_zero_rect2x3,rect2x3_hole_2,110,01232,0.0009765625
haxs.stage5c2gR32A.g1-deterministic.v1,fb5214d8d1bf5caa839f81a965024f62,85000c19c22450118e18691fb8879cb0,limit_spin_density_zero_rect2x3,rect2x3_hole_2,111,01233,0.0009765625
haxs.stage5c2gR32A.g1-deterministic.v1,fb5214d8d1bf5caa839f81a965024f62,69c4c8f2b7675f0c9c1601fa3475952d,limit_spin_density_zero_rect2x3,rect2x3_hole_2,112,01300,0.0009765625
haxs.stage5c2gR32A.g1-deterministic.v1,fb5214d8d1bf5caa839f81a965024f62,8e456bce8af85519be9b989b5e3a7d4d,limit_spin_density_zero_rect2x3,rect2x3_hole_2,113,01301,0.0009765625
haxs.stage5c2gR32A.g1-deterministic.v1,fb5214d8d1bf5caa839f81a965024f62,fde2f29ccf9b506cb149929df72c77ec,limit_spin_density_zero_rect2x3,rect2x3_hole_2,114,01302,0.0009765625
haxs.stage5c2gR32A.g1-deterministic.v1,fb5214d8d1bf5caa839f81a965024f62,1b1a20a5fb9f536cb8dad11060b098ab,limit_spin_density_zero_rect2x3,rect2x3_hole_2,115,01303,0.0009765625
haxs.stage5c2gR32A.g1-deterministic.v1,fb5214d8d1bf5caa839f81a965024f62,e264eba18651510c8d9b49e006a81934,limit_spin_density_zero_rect2x3,rect2x3_hole_2,116,01310,0.0009765625
haxs.stage5c2gR32A.g1-deterministic.v1,fb5214d8d1bf5caa839f81a965024f62,9de8624ffdd652409bbb0c5e74371e1d,limit_spin_density_zero_rect2x3,rect2x3_hole_2,117,01311,0.0009765625
haxs.stage5c2gR32A.g1-deterministic.v1,fb5214d8d1bf5caa839f81a965024f62,9580c345f37e55619be9a62e3f780667,limit_spin_density_zero_rect2x3,rect2x3_hole_2,118,01312,0.0009765625
haxs.stage5c2gR32A.g1-deterministic.v1,fb5214d8d1bf5caa839f81a965024f62,8868de830f92535ca823d99b8ad3c5c6,limit_spin_density_zero_rect2x3,rect2x3_hole_2,119,01313,0.0009765625
haxs.stage5c2gR32A.g1-deterministic.v1,fb5214d8d1bf5caa839f81a965024f62,6fd46821f37d58869df2ec5cb4cd742a,limit_spin_density_zero_rect2x3,rect2x3_hole_2,120,01320,0.0009765625
haxs.stage5c2gR32A.g1-deterministic.v1,fb5214d8d1bf5caa839f81a965024f62,71c04809f44a5b7eb3d6bf31cb5a3e19,limit_spin_density_zero_rect2x3,rect2x3_hole_2,121,01321,0.0009765625
haxs.stage5c2gR32A.g1-deterministic.v1,fb5214d8d1bf5caa839f81a965024f62,ba2f191ef4055d57a32064924cefd787,limit_spin_density_zero_rect2x3,rect2x3_hole_2,122,01322,0.0009765625
haxs.stage5c2gR32A.g1-deterministic.v1,fb5214d8d1bf5caa839f81a965024f62,c93e646e1f9d528a9e5e1b6483f50286,limit_spin_density_zero_rect2x3,rect2x3_hole_2,123,01323,0.0009765625
haxs.stage5c2gR32A.g1-deterministic.v1,fb5214d8d1bf5caa839f81a965024f62,60b48f538bd35853af04aeb5e555d187,limit_spin_density_zero_rect2x3,rect2x3_hole_2,124,01330,0.0009765625
haxs.stage5c2gR32A.g1-deterministic.v1,fb5214d8d1bf5caa839f81a965024f62,2094e2124103570ab65a90e9763fa1c0,limit_spin_density_zero_rect2x3,rect2x3_hole_2,125,01331,0.0009765625
haxs.stage5c2gR32A.g1-deterministic.v1,fb5214d8d1bf5caa839f81a965024f62,b85d50183dca5ade89482be8b7404190,limit_spin_density_zero_rect2x3,rect2x3_hole_2,126,01332,0.0009765625
haxs.stage5c2gR32A.g1-deterministic.v1,fb5214d8d1bf5caa839f81a965024f62,a2c28cbd71155d2bb53f813d14a3079a,limit_spin_density_zero_rect2x3,rect2x3_hole_2,127,01333,0.0009765625
haxs.stage5c2gR32A.g1-deterministic.v1,fb5214d8d1bf5caa839f81a965024f62,dbbf9d4e206c5d659ba76c7cd5ef88d6,limit_spin_density_zero_rect2x3,rect2x3_hole_2,128,02000,0.0009765625
haxs.stage5c2gR32A.g1-deterministic.v1,fb5214d8d1bf5caa839f81a965024f62,6cd1f71d38f35ae4aa8cac9a6f8ed38d,limit_spin_density_zero_rect2x3,rect2x3_hole_2,129,02001,0.0009765625
haxs.stage5c2gR32A.g1-deterministic.v1,fb5214d8d1bf5caa839f81a965024f62,3a6644c24dd05f9ba726299c0b0d8113,limit_spin_density_zero_rect2x3,rect2x3_hole_2,130,02002,0.0009765625
haxs.stage5c2gR32A.g1-deterministic.v1,fb5214d8d1bf5caa839f81a965024f62,ec7b716080515d4bb72fc67f8000bb9c,limit_spin_density_zero_rect2x3,rect2x3_hole_2,131,02003,0.0009765625
haxs.stage5c2gR32A.g1-deterministic.v1,fb5214d8d1bf5caa839f81a965024f62,e5d3078ddb9c5a8c8270f1bf13c800fb,limit_spin_density_zero_rect2x3,rect2x3_hole_2,132,02010,0.0009765625
haxs.stage5c2gR32A.g1-deterministic.v1,fb5214d8d1bf5caa839f81a965024f62,a63739a8fa535016b00d02ebd1f61a01,limit_spin_density_zero_rect2x3,rect2x3_hole_2,133,02011,0.0009765625
haxs.stage5c2gR32A.g1-deterministic.v1,fb5214d8d1bf5caa839f81a965024f62,a5601d4baf7c51dabc483c847a631e33,limit_spin_density_zero_rect2x3,rect2x3_hole_2,134,02012,0.0009765625
haxs.stage5c2gR32A.g1-deterministic.v1,fb5214d8d1bf5caa839f81a965024f62,b04e423fadb559f4acaa9506d94ed0be,limit_spin_density_zero_rect2x3,rect2x3_hole_2,135,02013,0.0009765625
haxs.stage5c2gR32A.g1-deterministic.v1,fb5214d8d1bf5caa839f81a965024f62,8a7c772bb0b151e4907d3f0715d41f8a,limit_spin_density_zero_rect2x3,rect2x3_hole_2,136,02020,0.0009765625
haxs.stage5c2gR32A.g1-deterministic.v1,fb5214d8d1bf5caa839f81a965024f62,b78f38bbc9415b34b4cb4697bc119c06,limit_spin_density_zero_rect2x3,rect2x3_hole_2,137,02021,0.0009765625
haxs.stage5c2gR32A.g1-deterministic.v1,fb5214d8d1bf5caa839f81a965024f62,e8c7fd7e77315112a485351da9ea0c4f,limit_spin_density_zero_rect2x3,rect2x3_hole_2,138,02022,0.0009765625
haxs.stage5c2gR32A.g1-deterministic.v1,fb5214d8d1bf5caa839f81a965024f62,0700d00d802a5c6d8b3a57e7988afa1e,limit_spin_density_zero_rect2x3,rect2x3_hole_2,139,02023,0.0009765625
haxs.stage5c2gR32A.g1-deterministic.v1,fb5214d8d1bf5caa839f81a965024f62,ecb7f48bdbf65643849fc52c045f588f,limit_spin_density_zero_rect2x3,rect2x3_hole_2,140,02030,0.0009765625
haxs.stage5c2gR32A.g1-deterministic.v1,fb5214d8d1bf5caa839f81a965024f62,51edb78cfb1c5bc0a7fac7a21c5aa389,limit_spin_density_zero_rect2x3,rect2x3_hole_2,141,02031,0.0009765625
haxs.stage5c2gR32A.g1-deterministic.v1,fb5214d8d1bf5caa839f81a965024f62,e5addfc4372b59c28da33641afe9de88,limit_spin_density_zero_rect2x3,rect2x3_hole_2,142,02032,0.0009765625
haxs.stage5c2gR32A.g1-deterministic.v1,fb5214d8d1bf5caa839f81a965024f62,ed5cbd64b7885205825384a517673f05,limit_spin_density_zero_rect2x3,rect2x3_hole_2,143,02033,0.0009765625
haxs.stage5c2gR32A.g1-deterministic.v1,fb5214d8d1bf5caa839f81a965024f62,78e5607251e6567cb63beed6331efb03,limit_spin_density_zero_rect2x3,rect2x3_hole_2,144,02100,0.0009765625
haxs.stage5c2gR32A.g1-deterministic.v1,fb5214d8d1bf5caa839f81a965024f62,e92be3ec31235c18bc5ebf71edc2aac0,limit_spin_density_zero_rect2x3,rect2x3_hole_2,145,02101,0.0009765625
haxs.stage5c2gR32A.g1-deterministic.v1,fb5214d8d1bf5caa839f81a965024f62,52cd98b3b46e51d5992b2f57f2eb1dbc,limit_spin_density_zero_rect2x3,rect2x3_hole_2,146,02102,0.0009765625
haxs.stage5c2gR32A.g1-deterministic.v1,fb5214d8d1bf5caa839f81a965024f62,fff8b67db3ac5961b8219e59af5a7d39,limit_spin_density_zero_rect2x3,rect2x3_hole_2,147,02103,0.0009765625
haxs.stage5c2gR32A.g1-deterministic.v1,fb5214d8d1bf5caa839f81a965024f62,f1ac6208b97259389a6d86a1ae3fbd87,limit_spin_density_zero_rect2x3,rect2x3_hole_2,148,02110,0.0009765625
haxs.stage5c2gR32A.g1-deterministic.v1,fb5214d8d1bf5caa839f81a965024f62,06986b429cf756aa918c31ba7f8a1ce0,limit_spin_density_zero_rect2x3,rect2x3_hole_2,149,02111,0.0009765625
haxs.stage5c2gR32A.g1-deterministic.v1,fb5214d8d1bf5caa839f81a965024f62,b96d524c7a28518d8c069e226c7e2ff5,limit_spin_density_zero_rect2x3,rect2x3_hole_2,150,02112,0.0009765625
haxs.stage5c2gR32A.g1-deterministic.v1,fb5214d8d1bf5caa839f81a965024f62,c0f70dfb1fd75afcbb7a12e0c67761f7,limit_spin_density_zero_rect2x3,rect2x3_hole_2,151,02113,0.0009765625
haxs.stage5c2gR32A.g1-deterministic.v1,fb5214d8d1bf5caa839f81a965024f62,5b638d89dc545b96b6cfc4e882c190c1,limit_spin_density_zero_rect2x3,rect2x3_hole_2,152,02120,0.0009765625
haxs.stage5c2gR32A.g1-deterministic.v1,fb5214d8d1bf5caa839f81a965024f62,549be070c7c853699657677058236161,limit_spin_density_zero_rect2x3,rect2x3_hole_2,153,02121,0.0009765625
haxs.stage5c2gR32A.g1-deterministic.v1,fb5214d8d1bf5caa839f81a965024f62,db1ff6110a6c5173bb6478cc29bb1cae,limit_spin_density_zero_rect2x3,rect2x3_hole_2,154,02122,0.0009765625
haxs.stage5c2gR32A.g1-deterministic.v1,fb5214d8d1bf5caa839f81a965024f62,56ae2bc7b67752f286914d966d7bf8c2,limit_spin_density_zero_rect2x3,rect2x3_hole_2,155,02123,0.0009765625
haxs.stage5c2gR32A.g1-deterministic.v1,fb5214d8d1bf5caa839f81a965024f62,8eb0ed12e95656e7af8ae6726c838be3,limit_spin_density_zero_rect2x3,rect2x3_hole_2,156,02130,0.0009765625
haxs.stage5c2gR32A.g1-deterministic.v1,fb5214d8d1bf5caa839f81a965024f62,6544050148f95b8a8b16f72aa44610fa,limit_spin_density_zero_rect2x3,rect2x3_hole_2,157,02131,0.0009765625
haxs.stage5c2gR32A.g1-deterministic.v1,fb5214d8d1bf5caa839f81a965024f62,d3ae17e01ffe57b9984aa0b2583f3d16,limit_spin_density_zero_rect2x3,rect2x3_hole_2,158,02132,0.0009765625
haxs.stage5c2gR32A.g1-deterministic.v1,fb5214d8d1bf5caa839f81a965024f62,0a15d0f8360f5a369c4821f273d89ea9,limit_spin_density_zero_rect2x3,rect2x3_hole_2,159,02133,0.0009765625
haxs.stage5c2gR32A.g1-deterministic.v1,fb5214d8d1bf5caa839f81a965024f62,061b079827ff5598b204b6c8cfdb6d28,limit_spin_density_zero_rect2x3,rect2x3_hole_2,160,02200,0.0009765625
haxs.stage5c2gR32A.g1-deterministic.v1,fb5214d8d1bf5caa839f81a965024f62,789e52eff2125975b1c0a8e10e76c7a5,limit_spin_density_zero_rect2x3,rect2x3_hole_2,161,02201,0.0009765625
haxs.stage5c2gR32A.g1-deterministic.v1,fb5214d8d1bf5caa839f81a965024f62,b60f756692e95ec88d46ff24051c5a75,limit_spin_density_zero_rect2x3,rect2x3_hole_2,162,02202,0.0009765625
haxs.stage5c2gR32A.g1-deterministic.v1,fb5214d8d1bf5caa839f81a965024f62,687a93411a475e89a7e0ceb6aec1a8cb,limit_spin_density_zero_rect2x3,rect2x3_hole_2,163,02203,0.0009765625
haxs.stage5c2gR32A.g1-deterministic.v1,fb5214d8d1bf5caa839f81a965024f62,84f4dafb169850f5be38140157c4431d,limit_spin_density_zero_rect2x3,rect2x3_hole_2,164,02210,0.0009765625
haxs.stage5c2gR32A.g1-deterministic.v1,fb5214d8d1bf5caa839f81a965024f62,ce7572f06d4151b0b24de53f583d18d3,limit_spin_density_zero_rect2x3,rect2x3_hole_2,165,02211,0.0009765625
haxs.stage5c2gR32A.g1-deterministic.v1,fb5214d8d1bf5caa839f81a965024f62,77962af1d6c057e791c241395005e58b,limit_spin_density_zero_rect2x3,rect2x3_hole_2,166,02212,0.0009765625
haxs.stage5c2gR32A.g1-deterministic.v1,fb5214d8d1bf5caa839f81a965024f62,47c24b1becc553e6a54a3f774daf8f1e,limit_spin_density_zero_rect2x3,rect2x3_hole_2,167,02213,0.0009765625
haxs.stage5c2gR32A.g1-deterministic.v1,fb5214d8d1bf5caa839f81a965024f62,e6b887d6d69553699d7691fdaa4e3cc4,limit_spin_density_zero_rect2x3,rect2x3_hole_2,168,02220,0.0009765625
haxs.stage5c2gR32A.g1-deterministic.v1,fb5214d8d1bf5caa839f81a965024f62,e3e12ab125855778abf7b4a7f95b6b41,limit_spin_density_zero_rect2x3,rect2x3_hole_2,169,02221,0.0009765625
haxs.stage5c2gR32A.g1-deterministic.v1,fb5214d8d1bf5caa839f81a965024f62,b8a41c839acc55d1a0ec65d65fcbf9f4,limit_spin_density_zero_rect2x3,rect2x3_hole_2,170,02222,0.0009765625
haxs.stage5c2gR32A.g1-deterministic.v1,fb5214d8d1bf5caa839f81a965024f62,b58fb7b8ccbc58acb332b9c334199ba8,limit_spin_density_zero_rect2x3,rect2x3_hole_2,171,02223,0.0009765625
haxs.stage5c2gR32A.g1-deterministic.v1,fb5214d8d1bf5caa839f81a965024f62,159b98ebd6db5ff5a9695d8316448411,limit_spin_density_zero_rect2x3,rect2x3_hole_2,172,02230,0.0009765625
haxs.stage5c2gR32A.g1-deterministic.v1,fb5214d8d1bf5caa839f81a965024f62,b05bbcbf3c315704b50b03649fcb6fd2,limit_spin_density_zero_rect2x3,rect2x3_hole_2,173,02231,0.0009765625
haxs.stage5c2gR32A.g1-deterministic.v1,fb5214d8d1bf5caa839f81a965024f62,4c0cb25e3d15568395d3644d4e232b6e,limit_spin_density_zero_rect2x3,rect2x3_hole_2,174,02232,0.0009765625
haxs.stage5c2gR32A.g1-deterministic.v1,fb5214d8d1bf5caa839f81a965024f62,d2d102f18b1d5990ad72658a1aa62d7f,limit_spin_density_zero_rect2x3,rect2x3_hole_2,175,02233,0.0009765625
haxs.stage5c2gR32A.g1-deterministic.v1,fb5214d8d1bf5caa839f81a965024f62,1111beef028151e0bd282e5302e06581,limit_spin_density_zero_rect2x3,rect2x3_hole_2,176,02300,0.0009765625
haxs.stage5c2gR32A.g1-deterministic.v1,fb5214d8d1bf5caa839f81a965024f62,3cd6165d2b8d545e8dfbe9fd77264134,limit_spin_density_zero_rect2x3,rect2x3_hole_2,177,02301,0.0009765625
haxs.stage5c2gR32A.g1-deterministic.v1,fb5214d8d1bf5caa839f81a965024f62,a3da7118138b51d6b1cbc33d0a1c51ab,limit_spin_density_zero_rect2x3,rect2x3_hole_2,178,02302,0.0009765625
haxs.stage5c2gR32A.g1-deterministic.v1,fb5214d8d1bf5caa839f81a965024f62,a696a7fe17ba5b9880ac1db4e50cb589,limit_spin_density_zero_rect2x3,rect2x3_hole_2,179,02303,0.0009765625
haxs.stage5c2gR32A.g1-deterministic.v1,fb5214d8d1bf5caa839f81a965024f62,6485f1be658a56bea0bdcfc2d31c7835,limit_spin_density_zero_rect2x3,rect2x3_hole_2,180,02310,0.0009765625
haxs.stage5c2gR32A.g1-deterministic.v1,fb5214d8d1bf5caa839f81a965024f62,4690db542b8657239ddee66b79df824e,limit_spin_density_zero_rect2x3,rect2x3_hole_2,181,02311,0.0009765625
haxs.stage5c2gR32A.g1-deterministic.v1,fb5214d8d1bf5caa839f81a965024f62,d07b3138f06e51199f214438f0d6f300,limit_spin_density_zero_rect2x3,rect2x3_hole_2,182,02312,0.0009765625
haxs.stage5c2gR32A.g1-deterministic.v1,fb5214d8d1bf5caa839f81a965024f62,33f470a1425659c0bb8501d0694d8515,limit_spin_density_zero_rect2x3,rect2x3_hole_2,183,02313,0.0009765625
haxs.stage5c2gR32A.g1-deterministic.v1,fb5214d8d1bf5caa839f81a965024f62,7e7f383b2c705020b64eabb0aa30fc5e,limit_spin_density_zero_rect2x3,rect2x3_hole_2,184,02320,0.0009765625
haxs.stage5c2gR32A.g1-deterministic.v1,fb5214d8d1bf5caa839f81a965024f62,5df799d954fc58ee847fb7d76ad07c8d,limit_spin_density_zero_rect2x3,rect2x3_hole_2,185,02321,0.0009765625
haxs.stage5c2gR32A.g1-deterministic.v1,fb5214d8d1bf5caa839f81a965024f62,ad5d7687fc6754548bc842bd4afef6d9,limit_spin_density_zero_rect2x3,rect2x3_hole_2,186,02322,0.0009765625
haxs.stage5c2gR32A.g1-deterministic.v1,fb5214d8d1bf5caa839f81a965024f62,40f38a49a147599e8d5a528135341a9f,limit_spin_density_zero_rect2x3,rect2x3_hole_2,187,02323,0.0009765625
haxs.stage5c2gR32A.g1-deterministic.v1,fb5214d8d1bf5caa839f81a965024f62,447feed1cbe0564f9dd5f36577907363,limit_spin_density_zero_rect2x3,rect2x3_hole_2,188,02330,0.0009765625
haxs.stage5c2gR32A.g1-deterministic.v1,fb5214d8d1bf5caa839f81a965024f62,9d5ec034f2395aa186348a21d2db56ef,limit_spin_density_zero_rect2x3,rect2x3_hole_2,189,02331,0.0009765625
haxs.stage5c2gR32A.g1-deterministic.v1,fb5214d8d1bf5caa839f81a965024f62,b6fc419109a45b4f94c0d582465dd276,limit_spin_density_zero_rect2x3,rect2x3_hole_2,190,02332,0.0009765625
haxs.stage5c2gR32A.g1-deterministic.v1,fb5214d8d1bf5caa839f81a965024f62,6607480e2d185efea24564eac3a10c1c,limit_spin_density_zero_rect2x3,rect2x3_hole_2,191,02333,0.0009765625
haxs.stage5c2gR32A.g1-deterministic.v1,fb5214d8d1bf5caa839f81a965024f62,26d8d5cfb3b5507f974cd50b980b4095,limit_spin_density_zero_rect2x3,rect2x3_hole_2,192,03000,0.0009765625
haxs.stage5c2gR32A.g1-deterministic.v1,fb5214d8d1bf5caa839f81a965024f62,261caefcbdd25b848bc267f9f93f3293,limit_spin_density_zero_rect2x3,rect2x3_hole_2,193,03001,0.0009765625
haxs.stage5c2gR32A.g1-deterministic.v1,fb5214d8d1bf5caa839f81a965024f62,38256a5a14c75335b982a488a82b6df8,limit_spin_density_zero_rect2x3,rect2x3_hole_2,194,03002,0.0009765625
haxs.stage5c2gR32A.g1-deterministic.v1,fb5214d8d1bf5caa839f81a965024f62,4c24157b78425e8aa4834ce4e1e4d0bd,limit_spin_density_zero_rect2x3,rect2x3_hole_2,195,03003,0.0009765625
haxs.stage5c2gR32A.g1-deterministic.v1,fb5214d8d1bf5caa839f81a965024f62,9df553f990e45d118aedada980206c87,limit_spin_density_zero_rect2x3,rect2x3_hole_2,196,03010,0.0009765625
haxs.stage5c2gR32A.g1-deterministic.v1,fb5214d8d1bf5caa839f81a965024f62,de691f5340175ad9879a236438a7ab00,limit_spin_density_zero_rect2x3,rect2x3_hole_2,197,03011,0.0009765625
haxs.stage5c2gR32A.g1-deterministic.v1,fb5214d8d1bf5caa839f81a965024f62,cf9667f1ed035c4ea31b215a008d3f75,limit_spin_density_zero_rect2x3,rect2x3_hole_2,198,03012,0.0009765625
haxs.stage5c2gR32A.g1-deterministic.v1,fb5214d8d1bf5caa839f81a965024f62,bbbd758a5ac85929a6825a27262af08c,limit_spin_density_zero_rect2x3,rect2x3_hole_2,199,03013,0.0009765625
haxs.stage5c2gR32A.g1-deterministic.v1,fb5214d8d1bf5caa839f81a965024f62,8619ba2e1a1d513faf407cd3ad45459d,limit_spin_density_zero_rect2x3,rect2x3_hole_2,200,03020,0.0009765625
haxs.stage5c2gR32A.g1-deterministic.v1,fb5214d8d1bf5caa839f81a965024f62,497da695234e59c3aa270c55a6dde3d8,limit_spin_density_zero_rect2x3,rect2x3_hole_2,201,03021,0.0009765625
haxs.stage5c2gR32A.g1-deterministic.v1,fb5214d8d1bf5caa839f81a965024f62,ac5a7c5ac8145ad6a931a78d8a770003,limit_spin_density_zero_rect2x3,rect2x3_hole_2,202,03022,0.0009765625
haxs.stage5c2gR32A.g1-deterministic.v1,fb5214d8d1bf5caa839f81a965024f62,4b792856402e5ed09487ef447f07db46,limit_spin_density_zero_rect2x3,rect2x3_hole_2,203,03023,0.0009765625
haxs.stage5c2gR32A.g1-deterministic.v1,fb5214d8d1bf5caa839f81a965024f62,3f30b85280cd5601bc9afb4fd3987ba4,limit_spin_density_zero_rect2x3,rect2x3_hole_2,204,03030,0.0009765625
haxs.stage5c2gR32A.g1-deterministic.v1,fb5214d8d1bf5caa839f81a965024f62,b3742cf5a6f75ba5b5629367cc39dbd5,limit_spin_density_zero_rect2x3,rect2x3_hole_2,205,03031,0.0009765625
haxs.stage5c2gR32A.g1-deterministic.v1,fb5214d8d1bf5caa839f81a965024f62,2f0cb7013f8e5a59880decaea91a2703,limit_spin_density_zero_rect2x3,rect2x3_hole_2,206,03032,0.0009765625
haxs.stage5c2gR32A.g1-deterministic.v1,fb5214d8d1bf5caa839f81a965024f62,0fc7621ff3d251c4ab5e56e08cff0c7f,limit_spin_density_zero_rect2x3,rect2x3_hole_2,207,03033,0.0009765625
haxs.stage5c2gR32A.g1-deterministic.v1,fb5214d8d1bf5caa839f81a965024f62,38b0bb953ce65e1395f3db4cc601ba5f,limit_spin_density_zero_rect2x3,rect2x3_hole_2,208,03100,0.0009765625
haxs.stage5c2gR32A.g1-deterministic.v1,fb5214d8d1bf5caa839f81a965024f62,8275fe51a97852aa8c0711dfb0abbef5,limit_spin_density_zero_rect2x3,rect2x3_hole_2,209,03101,0.0009765625
haxs.stage5c2gR32A.g1-deterministic.v1,fb5214d8d1bf5caa839f81a965024f62,7662ca9ccfe45857b26fef7a4f8929f9,limit_spin_density_zero_rect2x3,rect2x3_hole_2,210,03102,0.0009765625
haxs.stage5c2gR32A.g1-deterministic.v1,fb5214d8d1bf5caa839f81a965024f62,964924876ada516db4f1bda9eecc832e,limit_spin_density_zero_rect2x3,rect2x3_hole_2,211,03103,0.0009765625
haxs.stage5c2gR32A.g1-deterministic.v1,fb5214d8d1bf5caa839f81a965024f62,8ba7161e52815803bce5925a33394cc2,limit_spin_density_zero_rect2x3,rect2x3_hole_2,212,03110,0.0009765625
haxs.stage5c2gR32A.g1-deterministic.v1,fb5214d8d1bf5caa839f81a965024f62,04d2a1b934555f13a8302e38cdcee772,limit_spin_density_zero_rect2x3,rect2x3_hole_2,213,03111,0.0009765625
haxs.stage5c2gR32A.g1-deterministic.v1,fb5214d8d1bf5caa839f81a965024f62,3d5bd4dfbec855ef926ecea0e6666b47,limit_spin_density_zero_rect2x3,rect2x3_hole_2,214,03112,0.0009765625
haxs.stage5c2gR32A.g1-deterministic.v1,fb5214d8d1bf5caa839f81a965024f62,d03b58666bd55e6ea0389e5ae65d76f6,limit_spin_density_zero_rect2x3,rect2x3_hole_2,215,03113,0.0009765625
haxs.stage5c2gR32A.g1-deterministic.v1,fb5214d8d1bf5caa839f81a965024f62,22040aa680a35ca198dc18ced1e463e4,limit_spin_density_zero_rect2x3,rect2x3_hole_2,216,03120,0.0009765625
haxs.stage5c2gR32A.g1-deterministic.v1,fb5214d8d1bf5caa839f81a965024f62,9e41f0be9328521dac647153569e6c45,limit_spin_density_zero_rect2x3,rect2x3_hole_2,217,03121,0.0009765625
haxs.stage5c2gR32A.g1-deterministic.v1,fb5214d8d1bf5caa839f81a965024f62,1df5152e05115a1185fb25f743be9888,limit_spin_density_zero_rect2x3,rect2x3_hole_2,218,03122,0.0009765625
haxs.stage5c2gR32A.g1-deterministic.v1,fb5214d8d1bf5caa839f81a965024f62,f3693ca45af7569d8405a54d313f2556,limit_spin_density_zero_rect2x3,rect2x3_hole_2,219,03123,0.0009765625
haxs.stage5c2gR32A.g1-deterministic.v1,fb5214d8d1bf5caa839f81a965024f62,f9c3690fc35658d59a87a6bba51f6581,limit_spin_density_zero_rect2x3,rect2x3_hole_2,220,03130,0.0009765625
haxs.stage5c2gR32A.g1-deterministic.v1,fb5214d8d1bf5caa839f81a965024f62,11fe65095c805f22990deac30d3139a0,limit_spin_density_zero_rect2x3,rect2x3_hole_2,221,03131,0.0009765625
haxs.stage5c2gR32A.g1-deterministic.v1,fb5214d8d1bf5caa839f81a965024f62,502bf6d051c7598784909f3de513568e,limit_spin_density_zero_rect2x3,rect2x3_hole_2,222,03132,0.0009765625
haxs.stage5c2gR32A.g1-deterministic.v1,fb5214d8d1bf5caa839f81a965024f62,e7949536b1ed51e7bb1d639ee46f448b,limit_spin_density_zero_rect2x3,rect2x3_hole_2,223,03133,0.0009765625
haxs.stage5c2gR32A.g1-deterministic.v1,fb5214d8d1bf5caa839f81a965024f62,d8b0a6bde1145ea39233f53fa2fc8867,limit_spin_density_zero_rect2x3,rect2x3_hole_2,224,03200,0.0009765625
haxs.stage5c2gR32A.g1-deterministic.v1,fb5214d8d1bf5caa839f81a965024f62,b3cd4ed43a36507b9958c4b581f11746,limit_spin_density_zero_rect2x3,rect2x3_hole_2,225,03201,0.0009765625
haxs.stage5c2gR32A.g1-deterministic.v1,fb5214d8d1bf5caa839f81a965024f62,6d27582518b85185bc8894cd4f4e415a,limit_spin_density_zero_rect2x3,rect2x3_hole_2,226,03202,0.0009765625
haxs.stage5c2gR32A.g1-deterministic.v1,fb5214d8d1bf5caa839f81a965024f62,b3e15b82ef0f569cb653dd3bbf3fc93d,limit_spin_density_zero_rect2x3,rect2x3_hole_2,227,03203,0.0009765625
haxs.stage5c2gR32A.g1-deterministic.v1,fb5214d8d1bf5caa839f81a965024f62,d010480347db50288ddc6472716c894c,limit_spin_density_zero_rect2x3,rect2x3_hole_2,228,03210,0.0009765625
haxs.stage5c2gR32A.g1-deterministic.v1,fb5214d8d1bf5caa839f81a965024f62,4e012c1cebb45acb8b3de4d162a61020,limit_spin_density_zero_rect2x3,rect2x3_hole_2,229,03211,0.0009765625
haxs.stage5c2gR32A.g1-deterministic.v1,fb5214d8d1bf5caa839f81a965024f62,4a0447f267505d038b89c237a417122b,limit_spin_density_zero_rect2x3,rect2x3_hole_2,230,03212,0.0009765625
haxs.stage5c2gR32A.g1-deterministic.v1,fb5214d8d1bf5caa839f81a965024f62,ca79cd59a5f25e5ebb5ac149604cb431,limit_spin_density_zero_rect2x3,rect2x3_hole_2,231,03213,0.0009765625
haxs.stage5c2gR32A.g1-deterministic.v1,fb5214d8d1bf5caa839f81a965024f62,46dc28ec49ae5209a1da0550a675ebe2,limit_spin_density_zero_rect2x3,rect2x3_hole_2,232,03220,0.0009765625
haxs.stage5c2gR32A.g1-deterministic.v1,fb5214d8d1bf5caa839f81a965024f62,5c46462e8a485ee893f694de07e2b7f7,limit_spin_density_zero_rect2x3,rect2x3_hole_2,233,03221,0.0009765625
haxs.stage5c2gR32A.g1-deterministic.v1,fb5214d8d1bf5caa839f81a965024f62,2cad573f2f7d56b39daa8e2d20527fb2,limit_spin_density_zero_rect2x3,rect2x3_hole_2,234,03222,0.0009765625
haxs.stage5c2gR32A.g1-deterministic.v1,fb5214d8d1bf5caa839f81a965024f62,4e49abe789a359588eeedd368c6850df,limit_spin_density_zero_rect2x3,rect2x3_hole_2,235,03223,0.0009765625
haxs.stage5c2gR32A.g1-deterministic.v1,fb5214d8d1bf5caa839f81a965024f62,17d3d72fadb25af89c7073e34a70c6a4,limit_spin_density_zero_rect2x3,rect2x3_hole_2,236,03230,0.0009765625
haxs.stage5c2gR32A.g1-deterministic.v1,fb5214d8d1bf5caa839f81a965024f62,4a28803c9ac058c8b1b41004ef4cad60,limit_spin_density_zero_rect2x3,rect2x3_hole_2,237,03231,0.0009765625
haxs.stage5c2gR32A.g1-deterministic.v1,fb5214d8d1bf5caa839f81a965024f62,6b03e292d0b351f18ccec10f21fa3d07,limit_spin_density_zero_rect2x3,rect2x3_hole_2,238,03232,0.0009765625
haxs.stage5c2gR32A.g1-deterministic.v1,fb5214d8d1bf5caa839f81a965024f62,5bf9b8a617a85d80ad9f0612452b6f71,limit_spin_density_zero_rect2x3,rect2x3_hole_2,239,03233,0.0009765625
haxs.stage5c2gR32A.g1-deterministic.v1,fb5214d8d1bf5caa839f81a965024f62,659015aed76a533a8c298487c70eaf13,limit_spin_density_zero_rect2x3,rect2x3_hole_2,240,03300,0.0009765625
haxs.stage5c2gR32A.g1-deterministic.v1,fb5214d8d1bf5caa839f81a965024f62,475127be5d58591a9a13dee7172ccb18,limit_spin_density_zero_rect2x3,rect2x3_hole_2,241,03301,0.0009765625
haxs.stage5c2gR32A.g1-deterministic.v1,fb5214d8d1bf5caa839f81a965024f62,34099727bd12571bad0e514fb3408599,limit_spin_density_zero_rect2x3,rect2x3_hole_2,242,03302,0.0009765625
haxs.stage5c2gR32A.g1-deterministic.v1,fb5214d8d1bf5caa839f81a965024f62,504d3d7c9d4d58298023d3b474d54ccb,limit_spin_density_zero_rect2x3,rect2x3_hole_2,243,03303,0.0009765625
haxs.stage5c2gR32A.g1-deterministic.v1,fb5214d8d1bf5caa839f81a965024f62,6398a49e7d2d5893821c4465c312c3d0,limit_spin_density_zero_rect2x3,rect2x3_hole_2,244,03310,0.0009765625
haxs.stage5c2gR32A.g1-deterministic.v1,fb5214d8d1bf5caa839f81a965024f62,2adcba62c9cc52c4819cce0018d76737,limit_spin_density_zero_rect2x3,rect2x3_hole_2,245,03311,0.0009765625
haxs.stage5c2gR32A.g1-deterministic.v1,fb5214d8d1bf5caa839f81a965024f62,147a3ab30fab54778f3b5a65355aceaf,limit_spin_density_zero_rect2x3,rect2x3_hole_2,246,03312,0.0009765625
haxs.stage5c2gR32A.g1-deterministic.v1,fb5214d8d1bf5caa839f81a965024f62,fcd78c5ee7f35fa497484e0993d07319,limit_spin_density_zero_rect2x3,rect2x3_hole_2,247,03313,0.0009765625
haxs.stage5c2gR32A.g1-deterministic.v1,fb5214d8d1bf5caa839f81a965024f62,6ade4079fa1751e0820f2116e86cbb1e,limit_spin_density_zero_rect2x3,rect2x3_hole_2,248,03320,0.0009765625
haxs.stage5c2gR32A.g1-deterministic.v1,fb5214d8d1bf5caa839f81a965024f62,fc906be42f2755c99302689e9c8e9f9d,limit_spin_density_zero_rect2x3,rect2x3_hole_2,249,03321,0.0009765625
haxs.stage5c2gR32A.g1-deterministic.v1,fb5214d8d1bf5caa839f81a965024f62,5f5a5450a51754228897fc1d23fd2b64,limit_spin_density_zero_rect2x3,rect2x3_hole_2,250,03322,0.0009765625
haxs.stage5c2gR32A.g1-deterministic.v1,fb5214d8d1bf5caa839f81a965024f62,7eb3e705e0e35041b5c9dbca1e67295b,limit_spin_density_zero_rect2x3,rect2x3_hole_2,251,03323,0.0009765625
haxs.stage5c2gR32A.g1-deterministic.v1,fb5214d8d1bf5caa839f81a965024f62,4e295ff621045f4193451ca7672e806e,limit_spin_density_zero_rect2x3,rect2x3_hole_2,252,03330,0.0009765625
haxs.stage5c2gR32A.g1-deterministic.v1,fb5214d8d1bf5caa839f81a965024f62,092d995bef0554818e632c73b5e71cdc,limit_spin_density_zero_rect2x3,rect2x3_hole_2,253,03331,0.0009765625
haxs.stage5c2gR32A.g1-deterministic.v1,fb5214d8d1bf5caa839f81a965024f62,d2bbf09c415d550bb9709f16121726f6,limit_spin_density_zero_rect2x3,rect2x3_hole_2,254,03332,0.0009765625
haxs.stage5c2gR32A.g1-deterministic.v1,fb5214d8d1bf5caa839f81a965024f62,89d5b5d94382516badaded30c349d7fb,limit_spin_density_zero_rect2x3,rect2x3_hole_2,255,03333,0.0009765625
haxs.stage5c2gR32A.g1-deterministic.v1,fb5214d8d1bf5caa839f81a965024f62,739ee9e8aa0f5a61901ed85a33b93525,limit_spin_density_zero_rect2x3,rect2x3_hole_2,256,10000,0.0009765625
haxs.stage5c2gR32A.g1-deterministic.v1,fb5214d8d1bf5caa839f81a965024f62,dac7ea8289eb5e638e72be85892aab97,limit_spin_density_zero_rect2x3,rect2x3_hole_2,257,10001,0.0009765625
haxs.stage5c2gR32A.g1-deterministic.v1,fb5214d8d1bf5caa839f81a965024f62,dcca722cb8c254efaecd7bb4fb518a58,limit_spin_density_zero_rect2x3,rect2x3_hole_2,258,10002,0.0009765625
haxs.stage5c2gR32A.g1-deterministic.v1,fb5214d8d1bf5caa839f81a965024f62,d74b93c03f1051e3a8fed5cde71ba6b5,limit_spin_density_zero_rect2x3,rect2x3_hole_2,259,10003,0.0009765625
haxs.stage5c2gR32A.g1-deterministic.v1,fb5214d8d1bf5caa839f81a965024f62,1772d31968e955fbb98328b575761f19,limit_spin_density_zero_rect2x3,rect2x3_hole_2,260,10010,0.0009765625
haxs.stage5c2gR32A.g1-deterministic.v1,fb5214d8d1bf5caa839f81a965024f62,038af515eb6e5b8196105d2798d81e6f,limit_spin_density_zero_rect2x3,rect2x3_hole_2,261,10011,0.0009765625
haxs.stage5c2gR32A.g1-deterministic.v1,fb5214d8d1bf5caa839f81a965024f62,43ce937457125ef49d797a4c1be4e401,limit_spin_density_zero_rect2x3,rect2x3_hole_2,262,10012,0.0009765625
haxs.stage5c2gR32A.g1-deterministic.v1,fb5214d8d1bf5caa839f81a965024f62,5274a7d3f4ba5a829d69c701c976c8a7,limit_spin_density_zero_rect2x3,rect2x3_hole_2,263,10013,0.0009765625
haxs.stage5c2gR32A.g1-deterministic.v1,fb5214d8d1bf5caa839f81a965024f62,4629f72446d256e793b23f4056099585,limit_spin_density_zero_rect2x3,rect2x3_hole_2,264,10020,0.0009765625
haxs.stage5c2gR32A.g1-deterministic.v1,fb5214d8d1bf5caa839f81a965024f62,3419329eaf965235b418d8994eacf965,limit_spin_density_zero_rect2x3,rect2x3_hole_2,265,10021,0.0009765625
haxs.stage5c2gR32A.g1-deterministic.v1,fb5214d8d1bf5caa839f81a965024f62,48a814bde40a58d1b45eb28dc6127afc,limit_spin_density_zero_rect2x3,rect2x3_hole_2,266,10022,0.0009765625
haxs.stage5c2gR32A.g1-deterministic.v1,fb5214d8d1bf5caa839f81a965024f62,f4cc85cc2619594f8eaac02e9f895016,limit_spin_density_zero_rect2x3,rect2x3_hole_2,267,10023,0.0009765625
haxs.stage5c2gR32A.g1-deterministic.v1,fb5214d8d1bf5caa839f81a965024f62,c985039db3455d9e9fa0138c8fce2151,limit_spin_density_zero_rect2x3,rect2x3_hole_2,268,10030,0.0009765625
haxs.stage5c2gR32A.g1-deterministic.v1,fb5214d8d1bf5caa839f81a965024f62,8fe54d5289d3540b8845dc4376faa09a,limit_spin_density_zero_rect2x3,rect2x3_hole_2,269,10031,0.0009765625
haxs.stage5c2gR32A.g1-deterministic.v1,fb5214d8d1bf5caa839f81a965024f62,abd36cdf2020543ab066e46950e8bc0e,limit_spin_density_zero_rect2x3,rect2x3_hole_2,270,10032,0.0009765625
haxs.stage5c2gR32A.g1-deterministic.v1,fb5214d8d1bf5caa839f81a965024f62,27c0b65720d95026926296a1293cdd30,limit_spin_density_zero_rect2x3,rect2x3_hole_2,271,10033,0.0009765625
haxs.stage5c2gR32A.g1-deterministic.v1,fb5214d8d1bf5caa839f81a965024f62,1cc123d8ed05588eb28bccc1eabb18fd,limit_spin_density_zero_rect2x3,rect2x3_hole_2,272,10100,0.0009765625
haxs.stage5c2gR32A.g1-deterministic.v1,fb5214d8d1bf5caa839f81a965024f62,ef2a96e326b15f16b55430d502d71045,limit_spin_density_zero_rect2x3,rect2x3_hole_2,273,10101,0.0009765625
haxs.stage5c2gR32A.g1-deterministic.v1,fb5214d8d1bf5caa839f81a965024f62,9aeac254c083544c8ff18e241281f003,limit_spin_density_zero_rect2x3,rect2x3_hole_2,274,10102,0.0009765625
haxs.stage5c2gR32A.g1-deterministic.v1,fb5214d8d1bf5caa839f81a965024f62,1487006cfa735ec69f0f9c12c541dccb,limit_spin_density_zero_rect2x3,rect2x3_hole_2,275,10103,0.0009765625
haxs.stage5c2gR32A.g1-deterministic.v1,fb5214d8d1bf5caa839f81a965024f62,8a868b40cff654abac792019bf24320c,limit_spin_density_zero_rect2x3,rect2x3_hole_2,276,10110,0.0009765625
haxs.stage5c2gR32A.g1-deterministic.v1,fb5214d8d1bf5caa839f81a965024f62,12db426d90f15441a81277536adcde52,limit_spin_density_zero_rect2x3,rect2x3_hole_2,277,10111,0.0009765625
haxs.stage5c2gR32A.g1-deterministic.v1,fb5214d8d1bf5caa839f81a965024f62,0d324cce57f95991a7c57e471d525e8c,limit_spin_density_zero_rect2x3,rect2x3_hole_2,278,10112,0.0009765625
haxs.stage5c2gR32A.g1-deterministic.v1,fb5214d8d1bf5caa839f81a965024f62,f5ebb328bdcd534c85cd7f1e6c86fc01,limit_spin_density_zero_rect2x3,rect2x3_hole_2,279,10113,0.0009765625
haxs.stage5c2gR32A.g1-deterministic.v1,fb5214d8d1bf5caa839f81a965024f62,ab25a9b06bc75e0ca2b07d16d8275e52,limit_spin_density_zero_rect2x3,rect2x3_hole_2,280,10120,0.0009765625
haxs.stage5c2gR32A.g1-deterministic.v1,fb5214d8d1bf5caa839f81a965024f62,54bc5a64e32a50e2a9878b20fd74a5d2,limit_spin_density_zero_rect2x3,rect2x3_hole_2,281,10121,0.0009765625
haxs.stage5c2gR32A.g1-deterministic.v1,fb5214d8d1bf5caa839f81a965024f62,f59647fb3d715e5284aca90f46355709,limit_spin_density_zero_rect2x3,rect2x3_hole_2,282,10122,0.0009765625
haxs.stage5c2gR32A.g1-deterministic.v1,fb5214d8d1bf5caa839f81a965024f62,0be80aa91f7b548bb36187e18c04df8e,limit_spin_density_zero_rect2x3,rect2x3_hole_2,283,10123,0.0009765625
haxs.stage5c2gR32A.g1-deterministic.v1,fb5214d8d1bf5caa839f81a965024f62,5c8f5ca9c22850f38ebd2a957385ff77,limit_spin_density_zero_rect2x3,rect2x3_hole_2,284,10130,0.0009765625
haxs.stage5c2gR32A.g1-deterministic.v1,fb5214d8d1bf5caa839f81a965024f62,1f339a5e84865ed4a65ba7d4b5b74c12,limit_spin_density_zero_rect2x3,rect2x3_hole_2,285,10131,0.0009765625
haxs.stage5c2gR32A.g1-deterministic.v1,fb5214d8d1bf5caa839f81a965024f62,86fbf2fdb5315c6485383cb8bb8bf49a,limit_spin_density_zero_rect2x3,rect2x3_hole_2,286,10132,0.0009765625
haxs.stage5c2gR32A.g1-deterministic.v1,fb5214d8d1bf5caa839f81a965024f62,e12afe4cb9d952e2b17eec6fedae2212,limit_spin_density_zero_rect2x3,rect2x3_hole_2,287,10133,0.0009765625
haxs.stage5c2gR32A.g1-deterministic.v1,fb5214d8d1bf5caa839f81a965024f62,43f4521107ff5a44b8e78e6e003d507c,limit_spin_density_zero_rect2x3,rect2x3_hole_2,288,10200,0.0009765625
haxs.stage5c2gR32A.g1-deterministic.v1,fb5214d8d1bf5caa839f81a965024f62,1fed4a0b0d9b5764a821c94afda9a9b0,limit_spin_density_zero_rect2x3,rect2x3_hole_2,289,10201,0.0009765625
haxs.stage5c2gR32A.g1-deterministic.v1,fb5214d8d1bf5caa839f81a965024f62,88fb44f836825bc797ae9c8479a8e0af,limit_spin_density_zero_rect2x3,rect2x3_hole_2,290,10202,0.0009765625
haxs.stage5c2gR32A.g1-deterministic.v1,fb5214d8d1bf5caa839f81a965024f62,dd8e98ea5dce5539a7f8880e41e3adb0,limit_spin_density_zero_rect2x3,rect2x3_hole_2,291,10203,0.0009765625
haxs.stage5c2gR32A.g1-deterministic.v1,fb5214d8d1bf5caa839f81a965024f62,d912a73107f25016a210b0f4cebcac1b,limit_spin_density_zero_rect2x3,rect2x3_hole_2,292,10210,0.0009765625
haxs.stage5c2gR32A.g1-deterministic.v1,fb5214d8d1bf5caa839f81a965024f62,2894f030f61452769480d7c2a3d075d5,limit_spin_density_zero_rect2x3,rect2x3_hole_2,293,10211,0.0009765625
haxs.stage5c2gR32A.g1-deterministic.v1,fb5214d8d1bf5caa839f81a965024f62,55af76573798547fb35bd6bbff1408a4,limit_spin_density_zero_rect2x3,rect2x3_hole_2,294,10212,0.0009765625
haxs.stage5c2gR32A.g1-deterministic.v1,fb5214d8d1bf5caa839f81a965024f62,76bbe52fafd351bf8c79253d6797ceb5,limit_spin_density_zero_rect2x3,rect2x3_hole_2,295,10213,0.0009765625
haxs.stage5c2gR32A.g1-deterministic.v1,fb5214d8d1bf5caa839f81a965024f62,6e8fd6f05d595ffbae6a99d320d80c06,limit_spin_density_zero_rect2x3,rect2x3_hole_2,296,10220,0.0009765625
haxs.stage5c2gR32A.g1-deterministic.v1,fb5214d8d1bf5caa839f81a965024f62,89c7057ae3d85d44aaf79e4b18e4deec,limit_spin_density_zero_rect2x3,rect2x3_hole_2,297,10221,0.0009765625
haxs.stage5c2gR32A.g1-deterministic.v1,fb5214d8d1bf5caa839f81a965024f62,a7eea55f861550cf978e2d9186807201,limit_spin_density_zero_rect2x3,rect2x3_hole_2,298,10222,0.0009765625
haxs.stage5c2gR32A.g1-deterministic.v1,fb5214d8d1bf5caa839f81a965024f62,6815b316dc0e5f62af5766a43c7fd756,limit_spin_density_zero_rect2x3,rect2x3_hole_2,299,10223,0.0009765625
haxs.stage5c2gR32A.g1-deterministic.v1,fb5214d8d1bf5caa839f81a965024f62,3b3b4198c4855e28ae3838d91d2cb24e,limit_spin_density_zero_rect2x3,rect2x3_hole_2,300,10230,0.0009765625
haxs.stage5c2gR32A.g1-deterministic.v1,fb5214d8d1bf5caa839f81a965024f62,8928902037f75fc88d92c6055f372120,limit_spin_density_zero_rect2x3,rect2x3_hole_2,301,10231,0.0009765625
haxs.stage5c2gR32A.g1-deterministic.v1,fb5214d8d1bf5caa839f81a965024f62,3c37a290fcba5967af230998e0d67256,limit_spin_density_zero_rect2x3,rect2x3_hole_2,302,10232,0.0009765625
haxs.stage5c2gR32A.g1-deterministic.v1,fb5214d8d1bf5caa839f81a965024f62,3758e92c232d53ebbba39977e8c0f732,limit_spin_density_zero_rect2x3,rect2x3_hole_2,303,10233,0.0009765625
haxs.stage5c2gR32A.g1-deterministic.v1,fb5214d8d1bf5caa839f81a965024f62,e624b920155c5ae49138f6a752fc867b,limit_spin_density_zero_rect2x3,rect2x3_hole_2,304,10300,0.0009765625
haxs.stage5c2gR32A.g1-deterministic.v1,fb5214d8d1bf5caa839f81a965024f62,26366652ee965cc2be00933fb55bb7a5,limit_spin_density_zero_rect2x3,rect2x3_hole_2,305,10301,0.0009765625
haxs.stage5c2gR32A.g1-deterministic.v1,fb5214d8d1bf5caa839f81a965024f62,89bfbfafa68f53089edd543cd7824deb,limit_spin_density_zero_rect2x3,rect2x3_hole_2,306,10302,0.0009765625
haxs.stage5c2gR32A.g1-deterministic.v1,fb5214d8d1bf5caa839f81a965024f62,9776bdab4d3f5e7d819fdebd0143302f,limit_spin_density_zero_rect2x3,rect2x3_hole_2,307,10303,0.0009765625
haxs.stage5c2gR32A.g1-deterministic.v1,fb5214d8d1bf5caa839f81a965024f62,ece8d316d6505941bc7a5703b0bd706c,limit_spin_density_zero_rect2x3,rect2x3_hole_2,308,10310,0.0009765625
haxs.stage5c2gR32A.g1-deterministic.v1,fb5214d8d1bf5caa839f81a965024f62,d09f6355e72f59908ac84256db82e15e,limit_spin_density_zero_rect2x3,rect2x3_hole_2,309,10311,0.0009765625
haxs.stage5c2gR32A.g1-deterministic.v1,fb5214d8d1bf5caa839f81a965024f62,bdfcbe2251cd5af6b603d874fccee8f2,limit_spin_density_zero_rect2x3,rect2x3_hole_2,310,10312,0.0009765625
haxs.stage5c2gR32A.g1-deterministic.v1,fb5214d8d1bf5caa839f81a965024f62,a34cc8d844165368815918721d9269cc,limit_spin_density_zero_rect2x3,rect2x3_hole_2,311,10313,0.0009765625
haxs.stage5c2gR32A.g1-deterministic.v1,fb5214d8d1bf5caa839f81a965024f62,0371551c4c8f5583bbad487430a2ff65,limit_spin_density_zero_rect2x3,rect2x3_hole_2,312,10320,0.0009765625
haxs.stage5c2gR32A.g1-deterministic.v1,fb5214d8d1bf5caa839f81a965024f62,5fed26d220c55fa98f9a63a094f4961f,limit_spin_density_zero_rect2x3,rect2x3_hole_2,313,10321,0.0009765625
haxs.stage5c2gR32A.g1-deterministic.v1,fb5214d8d1bf5caa839f81a965024f62,8182e7b9945f5a13b1dde23aab460f6d,limit_spin_density_zero_rect2x3,rect2x3_hole_2,314,10322,0.0009765625
haxs.stage5c2gR32A.g1-deterministic.v1,fb5214d8d1bf5caa839f81a965024f62,263d4dd2a8bd5edea743ae720aa1cf7f,limit_spin_density_zero_rect2x3,rect2x3_hole_2,315,10323,0.0009765625
haxs.stage5c2gR32A.g1-deterministic.v1,fb5214d8d1bf5caa839f81a965024f62,4b4c1abef32f5df88b86b90e87c1f8fe,limit_spin_density_zero_rect2x3,rect2x3_hole_2,316,10330,0.0009765625
haxs.stage5c2gR32A.g1-deterministic.v1,fb5214d8d1bf5caa839f81a965024f62,e2affdb4ac475f96bac133ee1bfcb54d,limit_spin_density_zero_rect2x3,rect2x3_hole_2,317,10331,0.0009765625
haxs.stage5c2gR32A.g1-deterministic.v1,fb5214d8d1bf5caa839f81a965024f62,bc37698e1cc55c2f9c30c2abb6eb74fa,limit_spin_density_zero_rect2x3,rect2x3_hole_2,318,10332,0.0009765625
haxs.stage5c2gR32A.g1-deterministic.v1,fb5214d8d1bf5caa839f81a965024f62,d8a5c98c74f0512d9524d18396bd13c1,limit_spin_density_zero_rect2x3,rect2x3_hole_2,319,10333,0.0009765625
haxs.stage5c2gR32A.g1-deterministic.v1,fb5214d8d1bf5caa839f81a965024f62,c34363116f805be18f0bfabd2d7ff1c2,limit_spin_density_zero_rect2x3,rect2x3_hole_2,320,11000,0.0009765625
haxs.stage5c2gR32A.g1-deterministic.v1,fb5214d8d1bf5caa839f81a965024f62,e6fd96a626ef55c3a4fd59b3459bebe5,limit_spin_density_zero_rect2x3,rect2x3_hole_2,321,11001,0.0009765625
haxs.stage5c2gR32A.g1-deterministic.v1,fb5214d8d1bf5caa839f81a965024f62,973953c8ef045d8d981ec1826c6162bf,limit_spin_density_zero_rect2x3,rect2x3_hole_2,322,11002,0.0009765625
haxs.stage5c2gR32A.g1-deterministic.v1,fb5214d8d1bf5caa839f81a965024f62,a1c5bcdd9f275089a19b9b5c198d6f40,limit_spin_density_zero_rect2x3,rect2x3_hole_2,323,11003,0.0009765625
haxs.stage5c2gR32A.g1-deterministic.v1,fb5214d8d1bf5caa839f81a965024f62,01957c2e2b445b28924f18569b531b6e,limit_spin_density_zero_rect2x3,rect2x3_hole_2,324,11010,0.0009765625
haxs.stage5c2gR32A.g1-deterministic.v1,fb5214d8d1bf5caa839f81a965024f62,d31445d53d6e5d769ba8f6b4bb939952,limit_spin_density_zero_rect2x3,rect2x3_hole_2,325,11011,0.0009765625
haxs.stage5c2gR32A.g1-deterministic.v1,fb5214d8d1bf5caa839f81a965024f62,b57b11a53f1454c1b2c4df53726eb2b3,limit_spin_density_zero_rect2x3,rect2x3_hole_2,326,11012,0.0009765625
haxs.stage5c2gR32A.g1-deterministic.v1,fb5214d8d1bf5caa839f81a965024f62,9d662ee352d55ff1b82469840f40fc43,limit_spin_density_zero_rect2x3,rect2x3_hole_2,327,11013,0.0009765625
haxs.stage5c2gR32A.g1-deterministic.v1,fb5214d8d1bf5caa839f81a965024f62,32bd99099a2d5ddb9a88ea3a6ddc08cc,limit_spin_density_zero_rect2x3,rect2x3_hole_2,328,11020,0.0009765625
haxs.stage5c2gR32A.g1-deterministic.v1,fb5214d8d1bf5caa839f81a965024f62,cdf37a6e8732517688f2692583c77335,limit_spin_density_zero_rect2x3,rect2x3_hole_2,329,11021,0.0009765625
haxs.stage5c2gR32A.g1-deterministic.v1,fb5214d8d1bf5caa839f81a965024f62,0293e416635a511a8dab29e1e6d42a84,limit_spin_density_zero_rect2x3,rect2x3_hole_2,330,11022,0.0009765625
haxs.stage5c2gR32A.g1-deterministic.v1,fb5214d8d1bf5caa839f81a965024f62,37d0b11b09465d6193f8a640129eddce,limit_spin_density_zero_rect2x3,rect2x3_hole_2,331,11023,0.0009765625
haxs.stage5c2gR32A.g1-deterministic.v1,fb5214d8d1bf5caa839f81a965024f62,4a9ff34cf9b35544aabda370c91ae1b8,limit_spin_density_zero_rect2x3,rect2x3_hole_2,332,11030,0.0009765625
haxs.stage5c2gR32A.g1-deterministic.v1,fb5214d8d1bf5caa839f81a965024f62,fdcdb966192b5b0791dc2cc7a3ebdfb6,limit_spin_density_zero_rect2x3,rect2x3_hole_2,333,11031,0.0009765625
haxs.stage5c2gR32A.g1-deterministic.v1,fb5214d8d1bf5caa839f81a965024f62,35ca5329290a5c35bb7e46e4f79574d6,limit_spin_density_zero_rect2x3,rect2x3_hole_2,334,11032,0.0009765625
haxs.stage5c2gR32A.g1-deterministic.v1,fb5214d8d1bf5caa839f81a965024f62,8bce6fcc341c537ca97bad51b08ddaf6,limit_spin_density_zero_rect2x3,rect2x3_hole_2,335,11033,0.0009765625
haxs.stage5c2gR32A.g1-deterministic.v1,fb5214d8d1bf5caa839f81a965024f62,876d47617d2250508366ae61e88f93f9,limit_spin_density_zero_rect2x3,rect2x3_hole_2,336,11100,0.0009765625
haxs.stage5c2gR32A.g1-deterministic.v1,fb5214d8d1bf5caa839f81a965024f62,399f6f2d771150688c73973e5d0c0ac9,limit_spin_density_zero_rect2x3,rect2x3_hole_2,337,11101,0.0009765625
haxs.stage5c2gR32A.g1-deterministic.v1,fb5214d8d1bf5caa839f81a965024f62,6d4517ed4ecf5bc8b9321c89da4a4a9d,limit_spin_density_zero_rect2x3,rect2x3_hole_2,338,11102,0.0009765625
haxs.stage5c2gR32A.g1-deterministic.v1,fb5214d8d1bf5caa839f81a965024f62,4b5ed7a65dbe5e07b3ccd42a0d419ba5,limit_spin_density_zero_rect2x3,rect2x3_hole_2,339,11103,0.0009765625
haxs.stage5c2gR32A.g1-deterministic.v1,fb5214d8d1bf5caa839f81a965024f62,bc81813c33175dc5a1abe234ca8b31b0,limit_spin_density_zero_rect2x3,rect2x3_hole_2,340,11110,0.0009765625
haxs.stage5c2gR32A.g1-deterministic.v1,fb5214d8d1bf5caa839f81a965024f62,f12b23c8e1055ab5bccb93df4604d1de,limit_spin_density_zero_rect2x3,rect2x3_hole_2,341,11111,0.0009765625
haxs.stage5c2gR32A.g1-deterministic.v1,fb5214d8d1bf5caa839f81a965024f62,0ef53696850b50fe9e704100cd03d609,limit_spin_density_zero_rect2x3,rect2x3_hole_2,342,11112,0.0009765625
haxs.stage5c2gR32A.g1-deterministic.v1,fb5214d8d1bf5caa839f81a965024f62,d1d86d264acf5f82859975413775024a,limit_spin_density_zero_rect2x3,rect2x3_hole_2,343,11113,0.0009765625
haxs.stage5c2gR32A.g1-deterministic.v1,fb5214d8d1bf5caa839f81a965024f62,bbe8799b03da514dbf439167bd7c659d,limit_spin_density_zero_rect2x3,rect2x3_hole_2,344,11120,0.0009765625
haxs.stage5c2gR32A.g1-deterministic.v1,fb5214d8d1bf5caa839f81a965024f62,02e2f6be222a5c09bad4370874ff323b,limit_spin_density_zero_rect2x3,rect2x3_hole_2,345,11121,0.0009765625
haxs.stage5c2gR32A.g1-deterministic.v1,fb5214d8d1bf5caa839f81a965024f62,fa24b2863b37527f88520205d927b31e,limit_spin_density_zero_rect2x3,rect2x3_hole_2,346,11122,0.0009765625
haxs.stage5c2gR32A.g1-deterministic.v1,fb5214d8d1bf5caa839f81a965024f62,5c5c40e431df527fba6f25b03470f622,limit_spin_density_zero_rect2x3,rect2x3_hole_2,347,11123,0.0009765625
haxs.stage5c2gR32A.g1-deterministic.v1,fb5214d8d1bf5caa839f81a965024f62,fecd490d00d956239e3a7d2a8ebcb7a0,limit_spin_density_zero_rect2x3,rect2x3_hole_2,348,11130,0.0009765625
haxs.stage5c2gR32A.g1-deterministic.v1,fb5214d8d1bf5caa839f81a965024f62,ed625614c474563c9e8586018fb95de1,limit_spin_density_zero_rect2x3,rect2x3_hole_2,349,11131,0.0009765625
haxs.stage5c2gR32A.g1-deterministic.v1,fb5214d8d1bf5caa839f81a965024f62,c295eb7b5f91585d90a28a7f05ad21b9,limit_spin_density_zero_rect2x3,rect2x3_hole_2,350,11132,0.0009765625
haxs.stage5c2gR32A.g1-deterministic.v1,fb5214d8d1bf5caa839f81a965024f62,ea0ac1a0ea4a554a88603e8d22f18123,limit_spin_density_zero_rect2x3,rect2x3_hole_2,351,11133,0.0009765625
haxs.stage5c2gR32A.g1-deterministic.v1,fb5214d8d1bf5caa839f81a965024f62,21f3a3154950577ebe6a28d8016244ab,limit_spin_density_zero_rect2x3,rect2x3_hole_2,352,11200,0.0009765625
haxs.stage5c2gR32A.g1-deterministic.v1,fb5214d8d1bf5caa839f81a965024f62,3b12b6ae85d95abfb670df2f51769597,limit_spin_density_zero_rect2x3,rect2x3_hole_2,353,11201,0.0009765625
haxs.stage5c2gR32A.g1-deterministic.v1,fb5214d8d1bf5caa839f81a965024f62,284fe1075df45912bca897007863dbff,limit_spin_density_zero_rect2x3,rect2x3_hole_2,354,11202,0.0009765625
haxs.stage5c2gR32A.g1-deterministic.v1,fb5214d8d1bf5caa839f81a965024f62,310d61caf70b5cdb83f7a594f9ad2cf4,limit_spin_density_zero_rect2x3,rect2x3_hole_2,355,11203,0.0009765625
haxs.stage5c2gR32A.g1-deterministic.v1,fb5214d8d1bf5caa839f81a965024f62,99c11c489b5753ea8c4946b76fb82350,limit_spin_density_zero_rect2x3,rect2x3_hole_2,356,11210,0.0009765625
haxs.stage5c2gR32A.g1-deterministic.v1,fb5214d8d1bf5caa839f81a965024f62,bfac704842c85966818d60ab8f7f57c9,limit_spin_density_zero_rect2x3,rect2x3_hole_2,357,11211,0.0009765625
haxs.stage5c2gR32A.g1-deterministic.v1,fb5214d8d1bf5caa839f81a965024f62,2926787412fb5c15b3eafff1ba37518f,limit_spin_density_zero_rect2x3,rect2x3_hole_2,358,11212,0.0009765625
haxs.stage5c2gR32A.g1-deterministic.v1,fb5214d8d1bf5caa839f81a965024f62,d2fe36c35aa3592b86585d28bc2f3931,limit_spin_density_zero_rect2x3,rect2x3_hole_2,359,11213,0.0009765625
haxs.stage5c2gR32A.g1-deterministic.v1,fb5214d8d1bf5caa839f81a965024f62,22b95c57d85e5f0aa7fa737f6a900287,limit_spin_density_zero_rect2x3,rect2x3_hole_2,360,11220,0.0009765625
haxs.stage5c2gR32A.g1-deterministic.v1,fb5214d8d1bf5caa839f81a965024f62,b1dd6db4d4f15418ab405dd01fc9453b,limit_spin_density_zero_rect2x3,rect2x3_hole_2,361,11221,0.0009765625
haxs.stage5c2gR32A.g1-deterministic.v1,fb5214d8d1bf5caa839f81a965024f62,8e4b4df0efa6585db2db39404eebd974,limit_spin_density_zero_rect2x3,rect2x3_hole_2,362,11222,0.0009765625
haxs.stage5c2gR32A.g1-deterministic.v1,fb5214d8d1bf5caa839f81a965024f62,e8b800235060525eae26515c499fa4c2,limit_spin_density_zero_rect2x3,rect2x3_hole_2,363,11223,0.0009765625
haxs.stage5c2gR32A.g1-deterministic.v1,fb5214d8d1bf5caa839f81a965024f62,e4e0c42b232c5e9fbd1bc184d463e55c,limit_spin_density_zero_rect2x3,rect2x3_hole_2,364,11230,0.0009765625
haxs.stage5c2gR32A.g1-deterministic.v1,fb5214d8d1bf5caa839f81a965024f62,57579918c28a587d888b76d264ff00c9,limit_spin_density_zero_rect2x3,rect2x3_hole_2,365,11231,0.0009765625
haxs.stage5c2gR32A.g1-deterministic.v1,fb5214d8d1bf5caa839f81a965024f62,898b0bf779025f4cb27ba15702b3c807,limit_spin_density_zero_rect2x3,rect2x3_hole_2,366,11232,0.0009765625
haxs.stage5c2gR32A.g1-deterministic.v1,fb5214d8d1bf5caa839f81a965024f62,a0c269a45f3157be928455fdf71b82d8,limit_spin_density_zero_rect2x3,rect2x3_hole_2,367,11233,0.0009765625
haxs.stage5c2gR32A.g1-deterministic.v1,fb5214d8d1bf5caa839f81a965024f62,af24f60e40ae540fbaa25113b2585835,limit_spin_density_zero_rect2x3,rect2x3_hole_2,368,11300,0.0009765625
haxs.stage5c2gR32A.g1-deterministic.v1,fb5214d8d1bf5caa839f81a965024f62,3ae813d881045c2aa59a164b5c2a86da,limit_spin_density_zero_rect2x3,rect2x3_hole_2,369,11301,0.0009765625
haxs.stage5c2gR32A.g1-deterministic.v1,fb5214d8d1bf5caa839f81a965024f62,6e5631da8c8956d39eab86b1ede76904,limit_spin_density_zero_rect2x3,rect2x3_hole_2,370,11302,0.0009765625
haxs.stage5c2gR32A.g1-deterministic.v1,fb5214d8d1bf5caa839f81a965024f62,502b66e6b79e56ed9c122af9240e2084,limit_spin_density_zero_rect2x3,rect2x3_hole_2,371,11303,0.0009765625
haxs.stage5c2gR32A.g1-deterministic.v1,fb5214d8d1bf5caa839f81a965024f62,09075c69445f50bba9c2221c282c16d0,limit_spin_density_zero_rect2x3,rect2x3_hole_2,372,11310,0.0009765625
haxs.stage5c2gR32A.g1-deterministic.v1,fb5214d8d1bf5caa839f81a965024f62,f2536b36086c56c7a2030d9e2f444f15,limit_spin_density_zero_rect2x3,rect2x3_hole_2,373,11311,0.0009765625
haxs.stage5c2gR32A.g1-deterministic.v1,fb5214d8d1bf5caa839f81a965024f62,2b58c93c4a1354ecaf242e126cea487a,limit_spin_density_zero_rect2x3,rect2x3_hole_2,374,11312,0.0009765625
haxs.stage5c2gR32A.g1-deterministic.v1,fb5214d8d1bf5caa839f81a965024f62,3cb1d65a28255fc28d83430182f18204,limit_spin_density_zero_rect2x3,rect2x3_hole_2,375,11313,0.0009765625
haxs.stage5c2gR32A.g1-deterministic.v1,fb5214d8d1bf5caa839f81a965024f62,1959d6d161325d84a39c5acb1b707404,limit_spin_density_zero_rect2x3,rect2x3_hole_2,376,11320,0.0009765625
haxs.stage5c2gR32A.g1-deterministic.v1,fb5214d8d1bf5caa839f81a965024f62,c75a46e543d75d628feda68d0f909f22,limit_spin_density_zero_rect2x3,rect2x3_hole_2,377,11321,0.0009765625
haxs.stage5c2gR32A.g1-deterministic.v1,fb5214d8d1bf5caa839f81a965024f62,af206a911ceb574ea8c234f4a5395be5,limit_spin_density_zero_rect2x3,rect2x3_hole_2,378,11322,0.0009765625
haxs.stage5c2gR32A.g1-deterministic.v1,fb5214d8d1bf5caa839f81a965024f62,9214d5f850075e7b9bf60a27dac18e75,limit_spin_density_zero_rect2x3,rect2x3_hole_2,379,11323,0.0009765625
haxs.stage5c2gR32A.g1-deterministic.v1,fb5214d8d1bf5caa839f81a965024f62,ca26ce0fa7955d3a82bc432e9be8b7fb,limit_spin_density_zero_rect2x3,rect2x3_hole_2,380,11330,0.0009765625
haxs.stage5c2gR32A.g1-deterministic.v1,fb5214d8d1bf5caa839f81a965024f62,1880fc2220145637a0f280dbfe5193b3,limit_spin_density_zero_rect2x3,rect2x3_hole_2,381,11331,0.0009765625
haxs.stage5c2gR32A.g1-deterministic.v1,fb5214d8d1bf5caa839f81a965024f62,2f6907afe40850768ca936a932b9d104,limit_spin_density_zero_rect2x3,rect2x3_hole_2,382,11332,0.0009765625
haxs.stage5c2gR32A.g1-deterministic.v1,fb5214d8d1bf5caa839f81a965024f62,116c15b074ce523a8ad24f4cb457acf0,limit_spin_density_zero_rect2x3,rect2x3_hole_2,383,11333,0.0009765625
haxs.stage5c2gR32A.g1-deterministic.v1,fb5214d8d1bf5caa839f81a965024f62,e62caa7ff27950d492ab37a19a1a53f5,limit_spin_density_zero_rect2x3,rect2x3_hole_2,384,12000,0.0009765625
haxs.stage5c2gR32A.g1-deterministic.v1,fb5214d8d1bf5caa839f81a965024f62,a439af3e714452e982c2b4ef1e685a4e,limit_spin_density_zero_rect2x3,rect2x3_hole_2,385,12001,0.0009765625
haxs.stage5c2gR32A.g1-deterministic.v1,fb5214d8d1bf5caa839f81a965024f62,791156287c0b5783b33ed0b1bd8126c1,limit_spin_density_zero_rect2x3,rect2x3_hole_2,386,12002,0.0009765625
haxs.stage5c2gR32A.g1-deterministic.v1,fb5214d8d1bf5caa839f81a965024f62,ba355530ccf752769fc193681f0e71e6,limit_spin_density_zero_rect2x3,rect2x3_hole_2,387,12003,0.0009765625
haxs.stage5c2gR32A.g1-deterministic.v1,fb5214d8d1bf5caa839f81a965024f62,bd6cd6763b1b57a1b4dc98663caa7ba4,limit_spin_density_zero_rect2x3,rect2x3_hole_2,388,12010,0.0009765625
haxs.stage5c2gR32A.g1-deterministic.v1,fb5214d8d1bf5caa839f81a965024f62,da1956c8f72958ebb8f372023cd156e4,limit_spin_density_zero_rect2x3,rect2x3_hole_2,389,12011,0.0009765625
haxs.stage5c2gR32A.g1-deterministic.v1,fb5214d8d1bf5caa839f81a965024f62,b4e81800d28e566cb28892fba6a1e7c6,limit_spin_density_zero_rect2x3,rect2x3_hole_2,390,12012,0.0009765625
haxs.stage5c2gR32A.g1-deterministic.v1,fb5214d8d1bf5caa839f81a965024f62,072fbf0534045b74aeebfd7c159e5b43,limit_spin_density_zero_rect2x3,rect2x3_hole_2,391,12013,0.0009765625
haxs.stage5c2gR32A.g1-deterministic.v1,fb5214d8d1bf5caa839f81a965024f62,cf7410abb5195caa8367a4e0becfac5b,limit_spin_density_zero_rect2x3,rect2x3_hole_2,392,12020,0.0009765625
haxs.stage5c2gR32A.g1-deterministic.v1,fb5214d8d1bf5caa839f81a965024f62,a6d1f1388b6f583dbc79dc4cf9986733,limit_spin_density_zero_rect2x3,rect2x3_hole_2,393,12021,0.0009765625
haxs.stage5c2gR32A.g1-deterministic.v1,fb5214d8d1bf5caa839f81a965024f62,fa326b37d38354e7ae7177e6313f24cb,limit_spin_density_zero_rect2x3,rect2x3_hole_2,394,12022,0.0009765625
haxs.stage5c2gR32A.g1-deterministic.v1,fb5214d8d1bf5caa839f81a965024f62,2edddec195ee5f03a6a5fc0e75e6e8e8,limit_spin_density_zero_rect2x3,rect2x3_hole_2,395,12023,0.0009765625
haxs.stage5c2gR32A.g1-deterministic.v1,fb5214d8d1bf5caa839f81a965024f62,132cc6c31a4352d79f71d1f3b5c79509,limit_spin_density_zero_rect2x3,rect2x3_hole_2,396,12030,0.0009765625
haxs.stage5c2gR32A.g1-deterministic.v1,fb5214d8d1bf5caa839f81a965024f62,f1d122e61f1f5b968994431775a97c1e,limit_spin_density_zero_rect2x3,rect2x3_hole_2,397,12031,0.0009765625
haxs.stage5c2gR32A.g1-deterministic.v1,fb5214d8d1bf5caa839f81a965024f62,42587096681f5cb0ac98555db14a4549,limit_spin_density_zero_rect2x3,rect2x3_hole_2,398,12032,0.0009765625
haxs.stage5c2gR32A.g1-deterministic.v1,fb5214d8d1bf5caa839f81a965024f62,df6cc8dd360b5c8996b08d39b3411b1f,limit_spin_density_zero_rect2x3,rect2x3_hole_2,399,12033,0.0009765625
haxs.stage5c2gR32A.g1-deterministic.v1,fb5214d8d1bf5caa839f81a965024f62,73f746f129975d30b61c44009d76bd5a,limit_spin_density_zero_rect2x3,rect2x3_hole_2,400,12100,0.0009765625
haxs.stage5c2gR32A.g1-deterministic.v1,fb5214d8d1bf5caa839f81a965024f62,18b91d28b1b05f5e87b43d5c421c9252,limit_spin_density_zero_rect2x3,rect2x3_hole_2,401,12101,0.0009765625
haxs.stage5c2gR32A.g1-deterministic.v1,fb5214d8d1bf5caa839f81a965024f62,a4fcbbd5f0cd538f8e45e67bc785b043,limit_spin_density_zero_rect2x3,rect2x3_hole_2,402,12102,0.0009765625
haxs.stage5c2gR32A.g1-deterministic.v1,fb5214d8d1bf5caa839f81a965024f62,d0d22f3fdf465b118b55c21fa63c52be,limit_spin_density_zero_rect2x3,rect2x3_hole_2,403,12103,0.0009765625
haxs.stage5c2gR32A.g1-deterministic.v1,fb5214d8d1bf5caa839f81a965024f62,e483dbff313854a1a9b6766f6efc0988,limit_spin_density_zero_rect2x3,rect2x3_hole_2,404,12110,0.0009765625
haxs.stage5c2gR32A.g1-deterministic.v1,fb5214d8d1bf5caa839f81a965024f62,660b1c8cb251522a9625bc9df49c3022,limit_spin_density_zero_rect2x3,rect2x3_hole_2,405,12111,0.0009765625
haxs.stage5c2gR32A.g1-deterministic.v1,fb5214d8d1bf5caa839f81a965024f62,599cbb3e03c85b79aafa72abc140d6b3,limit_spin_density_zero_rect2x3,rect2x3_hole_2,406,12112,0.0009765625
haxs.stage5c2gR32A.g1-deterministic.v1,fb5214d8d1bf5caa839f81a965024f62,3a74aa378d7d55bfb711b7797e783005,limit_spin_density_zero_rect2x3,rect2x3_hole_2,407,12113,0.0009765625
haxs.stage5c2gR32A.g1-deterministic.v1,fb5214d8d1bf5caa839f81a965024f62,a455931974595cebab0640ea2c35b4b8,limit_spin_density_zero_rect2x3,rect2x3_hole_2,408,12120,0.0009765625
haxs.stage5c2gR32A.g1-deterministic.v1,fb5214d8d1bf5caa839f81a965024f62,e4bd9a336cf65aa38996f6e9fd0876ab,limit_spin_density_zero_rect2x3,rect2x3_hole_2,409,12121,0.0009765625
haxs.stage5c2gR32A.g1-deterministic.v1,fb5214d8d1bf5caa839f81a965024f62,00de15a0fff15c9eb9f21ef9f164e906,limit_spin_density_zero_rect2x3,rect2x3_hole_2,410,12122,0.0009765625
haxs.stage5c2gR32A.g1-deterministic.v1,fb5214d8d1bf5caa839f81a965024f62,60c3c578ba5a521db95cbfe7af6c10b5,limit_spin_density_zero_rect2x3,rect2x3_hole_2,411,12123,0.0009765625
haxs.stage5c2gR32A.g1-deterministic.v1,fb5214d8d1bf5caa839f81a965024f62,174362721ca052df84e91a18d8bef71c,limit_spin_density_zero_rect2x3,rect2x3_hole_2,412,12130,0.0009765625
haxs.stage5c2gR32A.g1-deterministic.v1,fb5214d8d1bf5caa839f81a965024f62,55cd5a6eddc95307913f679686f69b65,limit_spin_density_zero_rect2x3,rect2x3_hole_2,413,12131,0.0009765625
haxs.stage5c2gR32A.g1-deterministic.v1,fb5214d8d1bf5caa839f81a965024f62,e73cd9fccf435ba7aaeee9347fd4091e,limit_spin_density_zero_rect2x3,rect2x3_hole_2,414,12132,0.0009765625
haxs.stage5c2gR32A.g1-deterministic.v1,fb5214d8d1bf5caa839f81a965024f62,9ab2faa500f85fb3b18ecfd7330950b5,limit_spin_density_zero_rect2x3,rect2x3_hole_2,415,12133,0.0009765625
haxs.stage5c2gR32A.g1-deterministic.v1,fb5214d8d1bf5caa839f81a965024f62,f46e228b74ca5d8cbd5c36c49ed95945,limit_spin_density_zero_rect2x3,rect2x3_hole_2,416,12200,0.0009765625
haxs.stage5c2gR32A.g1-deterministic.v1,fb5214d8d1bf5caa839f81a965024f62,87d4963c51ab5dfba9d966b1b5a0587d,limit_spin_density_zero_rect2x3,rect2x3_hole_2,417,12201,0.0009765625
haxs.stage5c2gR32A.g1-deterministic.v1,fb5214d8d1bf5caa839f81a965024f62,7bf601d418915adabf75d9a38b5921fb,limit_spin_density_zero_rect2x3,rect2x3_hole_2,418,12202,0.0009765625
haxs.stage5c2gR32A.g1-deterministic.v1,fb5214d8d1bf5caa839f81a965024f62,0e54f47ef43253338e6c776bd7289949,limit_spin_density_zero_rect2x3,rect2x3_hole_2,419,12203,0.0009765625
haxs.stage5c2gR32A.g1-deterministic.v1,fb5214d8d1bf5caa839f81a965024f62,67720c1ab9495fb4b7a00483b5b9684f,limit_spin_density_zero_rect2x3,rect2x3_hole_2,420,12210,0.0009765625
haxs.stage5c2gR32A.g1-deterministic.v1,fb5214d8d1bf5caa839f81a965024f62,d5dc978dca065168a06cc20008715eb4,limit_spin_density_zero_rect2x3,rect2x3_hole_2,421,12211,0.0009765625
haxs.stage5c2gR32A.g1-deterministic.v1,fb5214d8d1bf5caa839f81a965024f62,506a1fab18405c38a01f98a0e2ac1060,limit_spin_density_zero_rect2x3,rect2x3_hole_2,422,12212,0.0009765625
haxs.stage5c2gR32A.g1-deterministic.v1,fb5214d8d1bf5caa839f81a965024f62,d982fd244b85562b8348b5c87ba5ed0e,limit_spin_density_zero_rect2x3,rect2x3_hole_2,423,12213,0.0009765625
haxs.stage5c2gR32A.g1-deterministic.v1,fb5214d8d1bf5caa839f81a965024f62,57b40761b9f354be8fb875e7dcb5d592,limit_spin_density_zero_rect2x3,rect2x3_hole_2,424,12220,0.0009765625
haxs.stage5c2gR32A.g1-deterministic.v1,fb5214d8d1bf5caa839f81a965024f62,c67464cbccc9578bb339147a5cd46535,limit_spin_density_zero_rect2x3,rect2x3_hole_2,425,12221,0.0009765625
haxs.stage5c2gR32A.g1-deterministic.v1,fb5214d8d1bf5caa839f81a965024f62,120801c1fe215a02a96db3f7fd26d632,limit_spin_density_zero_rect2x3,rect2x3_hole_2,426,12222,0.0009765625
haxs.stage5c2gR32A.g1-deterministic.v1,fb5214d8d1bf5caa839f81a965024f62,0789133ef6e952a9862beb2cf23edbc2,limit_spin_density_zero_rect2x3,rect2x3_hole_2,427,12223,0.0009765625
haxs.stage5c2gR32A.g1-deterministic.v1,fb5214d8d1bf5caa839f81a965024f62,77e711c8a5c951fe86db9ca4d0d8a9ce,limit_spin_density_zero_rect2x3,rect2x3_hole_2,428,12230,0.0009765625
haxs.stage5c2gR32A.g1-deterministic.v1,fb5214d8d1bf5caa839f81a965024f62,8317e54f2fef52ed9a2b486b93ad5d2e,limit_spin_density_zero_rect2x3,rect2x3_hole_2,429,12231,0.0009765625
haxs.stage5c2gR32A.g1-deterministic.v1,fb5214d8d1bf5caa839f81a965024f62,9bf62351b9925c0289a6800005791d46,limit_spin_density_zero_rect2x3,rect2x3_hole_2,430,12232,0.0009765625
haxs.stage5c2gR32A.g1-deterministic.v1,fb5214d8d1bf5caa839f81a965024f62,70c7a28724385197bc6870c86a71fea8,limit_spin_density_zero_rect2x3,rect2x3_hole_2,431,12233,0.0009765625
haxs.stage5c2gR32A.g1-deterministic.v1,fb5214d8d1bf5caa839f81a965024f62,1f7146c2ca055395af1e671ec8d5ec06,limit_spin_density_zero_rect2x3,rect2x3_hole_2,432,12300,0.0009765625
haxs.stage5c2gR32A.g1-deterministic.v1,fb5214d8d1bf5caa839f81a965024f62,700f094fb82152a1b0e2caf3cce875b9,limit_spin_density_zero_rect2x3,rect2x3_hole_2,433,12301,0.0009765625
haxs.stage5c2gR32A.g1-deterministic.v1,fb5214d8d1bf5caa839f81a965024f62,fc7ee14370e7506583c23d28ca3e0a21,limit_spin_density_zero_rect2x3,rect2x3_hole_2,434,12302,0.0009765625
haxs.stage5c2gR32A.g1-deterministic.v1,fb5214d8d1bf5caa839f81a965024f62,4b800f290d0a52b0b9f1046e21a5d4ad,limit_spin_density_zero_rect2x3,rect2x3_hole_2,435,12303,0.0009765625
haxs.stage5c2gR32A.g1-deterministic.v1,fb5214d8d1bf5caa839f81a965024f62,7c18cf719cdf55419724e09913cc62ad,limit_spin_density_zero_rect2x3,rect2x3_hole_2,436,12310,0.0009765625
haxs.stage5c2gR32A.g1-deterministic.v1,fb5214d8d1bf5caa839f81a965024f62,82be15ebdcb5546c990fdd1136335d31,limit_spin_density_zero_rect2x3,rect2x3_hole_2,437,12311,0.0009765625
haxs.stage5c2gR32A.g1-deterministic.v1,fb5214d8d1bf5caa839f81a965024f62,35b07e2fc4d75ea28b4ff14f4c39f875,limit_spin_density_zero_rect2x3,rect2x3_hole_2,438,12312,0.0009765625
haxs.stage5c2gR32A.g1-deterministic.v1,fb5214d8d1bf5caa839f81a965024f62,6df7d6aa36ac59b5a23fe2b78ed0c7af,limit_spin_density_zero_rect2x3,rect2x3_hole_2,439,12313,0.0009765625
haxs.stage5c2gR32A.g1-deterministic.v1,fb5214d8d1bf5caa839f81a965024f62,8cef156435b653459265faa1a1c4c69e,limit_spin_density_zero_rect2x3,rect2x3_hole_2,440,12320,0.0009765625
haxs.stage5c2gR32A.g1-deterministic.v1,fb5214d8d1bf5caa839f81a965024f62,a51e715dd816530d9586dbabe6c6a19d,limit_spin_density_zero_rect2x3,rect2x3_hole_2,441,12321,0.0009765625
haxs.stage5c2gR32A.g1-deterministic.v1,fb5214d8d1bf5caa839f81a965024f62,983fac664762597f8fa599de1a3bc3d1,limit_spin_density_zero_rect2x3,rect2x3_hole_2,442,12322,0.0009765625
haxs.stage5c2gR32A.g1-deterministic.v1,fb5214d8d1bf5caa839f81a965024f62,635e1e55e3c95318ad574351a46bc61b,limit_spin_density_zero_rect2x3,rect2x3_hole_2,443,12323,0.0009765625
haxs.stage5c2gR32A.g1-deterministic.v1,fb5214d8d1bf5caa839f81a965024f62,aa6ef13beaaa5b2a8f5b1d3907deef14,limit_spin_density_zero_rect2x3,rect2x3_hole_2,444,12330,0.0009765625
haxs.stage5c2gR32A.g1-deterministic.v1,fb5214d8d1bf5caa839f81a965024f62,7dde5127d9525661ad9004691cd963d1,limit_spin_density_zero_rect2x3,rect2x3_hole_2,445,12331,0.0009765625
haxs.stage5c2gR32A.g1-deterministic.v1,fb5214d8d1bf5caa839f81a965024f62,7711504e92db5bd0a18ba5e45f6dd289,limit_spin_density_zero_rect2x3,rect2x3_hole_2,446,12332,0.0009765625
haxs.stage5c2gR32A.g1-deterministic.v1,fb5214d8d1bf5caa839f81a965024f62,574ad12f875a5f898e5780d697b32e92,limit_spin_density_zero_rect2x3,rect2x3_hole_2,447,12333,0.0009765625
haxs.stage5c2gR32A.g1-deterministic.v1,fb5214d8d1bf5caa839f81a965024f62,0add1b862b0052d7a0444751d819a05f,limit_spin_density_zero_rect2x3,rect2x3_hole_2,448,13000,0.0009765625
haxs.stage5c2gR32A.g1-deterministic.v1,fb5214d8d1bf5caa839f81a965024f62,5fa5fa6c7abe52ddabfe6802fd6320d7,limit_spin_density_zero_rect2x3,rect2x3_hole_2,449,13001,0.0009765625
haxs.stage5c2gR32A.g1-deterministic.v1,fb5214d8d1bf5caa839f81a965024f62,20692dce3c5b54599bf8aefd16ece66c,limit_spin_density_zero_rect2x3,rect2x3_hole_2,450,13002,0.0009765625
haxs.stage5c2gR32A.g1-deterministic.v1,fb5214d8d1bf5caa839f81a965024f62,0401779f091154d4aefffae638f8dd5f,limit_spin_density_zero_rect2x3,rect2x3_hole_2,451,13003,0.0009765625
haxs.stage5c2gR32A.g1-deterministic.v1,fb5214d8d1bf5caa839f81a965024f62,84fdb5afdf0a58ad9e42e314b3bccb71,limit_spin_density_zero_rect2x3,rect2x3_hole_2,452,13010,0.0009765625
haxs.stage5c2gR32A.g1-deterministic.v1,fb5214d8d1bf5caa839f81a965024f62,f7a37d8691665e6dbfd1cb88317e8723,limit_spin_density_zero_rect2x3,rect2x3_hole_2,453,13011,0.0009765625
haxs.stage5c2gR32A.g1-deterministic.v1,fb5214d8d1bf5caa839f81a965024f62,8259cc7380675c37b409b75f73660633,limit_spin_density_zero_rect2x3,rect2x3_hole_2,454,13012,0.0009765625
haxs.stage5c2gR32A.g1-deterministic.v1,fb5214d8d1bf5caa839f81a965024f62,b5481b7bfca9514dbf67ef0a63539c40,limit_spin_density_zero_rect2x3,rect2x3_hole_2,455,13013,0.0009765625
haxs.stage5c2gR32A.g1-deterministic.v1,fb5214d8d1bf5caa839f81a965024f62,27a0912b0a86547dad4a5970d8fb5dc9,limit_spin_density_zero_rect2x3,rect2x3_hole_2,456,13020,0.0009765625
haxs.stage5c2gR32A.g1-deterministic.v1,fb5214d8d1bf5caa839f81a965024f62,616c420f71aa51e29d39d49a78d30929,limit_spin_density_zero_rect2x3,rect2x3_hole_2,457,13021,0.0009765625
haxs.stage5c2gR32A.g1-deterministic.v1,fb5214d8d1bf5caa839f81a965024f62,f565505cb59a5ad182006e2cf6912e5c,limit_spin_density_zero_rect2x3,rect2x3_hole_2,458,13022,0.0009765625
haxs.stage5c2gR32A.g1-deterministic.v1,fb5214d8d1bf5caa839f81a965024f62,1595970d6fba5ef9ab6e7a2c8be52c77,limit_spin_density_zero_rect2x3,rect2x3_hole_2,459,13023,0.0009765625
haxs.stage5c2gR32A.g1-deterministic.v1,fb5214d8d1bf5caa839f81a965024f62,ee32ea618e30545c9840ec3493976afd,limit_spin_density_zero_rect2x3,rect2x3_hole_2,460,13030,0.0009765625
haxs.stage5c2gR32A.g1-deterministic.v1,fb5214d8d1bf5caa839f81a965024f62,7a70380377a65d15868a1bec0bda85f7,limit_spin_density_zero_rect2x3,rect2x3_hole_2,461,13031,0.0009765625
haxs.stage5c2gR32A.g1-deterministic.v1,fb5214d8d1bf5caa839f81a965024f62,2410aaae489b56c29787587ad3e2eeca,limit_spin_density_zero_rect2x3,rect2x3_hole_2,462,13032,0.0009765625
haxs.stage5c2gR32A.g1-deterministic.v1,fb5214d8d1bf5caa839f81a965024f62,c50920d2a6145f7aa2c7d76598b7b0c8,limit_spin_density_zero_rect2x3,rect2x3_hole_2,463,13033,0.0009765625
haxs.stage5c2gR32A.g1-deterministic.v1,fb5214d8d1bf5caa839f81a965024f62,0c7fe72daa91530ba1e4156a418e7b88,limit_spin_density_zero_rect2x3,rect2x3_hole_2,464,13100,0.0009765625
haxs.stage5c2gR32A.g1-deterministic.v1,fb5214d8d1bf5caa839f81a965024f62,616672fe1054540ba2ee496b8a21777c,limit_spin_density_zero_rect2x3,rect2x3_hole_2,465,13101,0.0009765625
haxs.stage5c2gR32A.g1-deterministic.v1,fb5214d8d1bf5caa839f81a965024f62,ccbbbd487db65f80b701e13dc11e87ac,limit_spin_density_zero_rect2x3,rect2x3_hole_2,466,13102,0.0009765625
haxs.stage5c2gR32A.g1-deterministic.v1,fb5214d8d1bf5caa839f81a965024f62,52756b64533d5c868c2a1fa57e34850b,limit_spin_density_zero_rect2x3,rect2x3_hole_2,467,13103,0.0009765625
haxs.stage5c2gR32A.g1-deterministic.v1,fb5214d8d1bf5caa839f81a965024f62,e247da710cbe58838e49bdf65c1a395a,limit_spin_density_zero_rect2x3,rect2x3_hole_2,468,13110,0.0009765625
haxs.stage5c2gR32A.g1-deterministic.v1,fb5214d8d1bf5caa839f81a965024f62,b011845504395bc487e857f6e2e28458,limit_spin_density_zero_rect2x3,rect2x3_hole_2,469,13111,0.0009765625
haxs.stage5c2gR32A.g1-deterministic.v1,fb5214d8d1bf5caa839f81a965024f62,7dc8ed80fd4b5f23a24974e7e3172e0f,limit_spin_density_zero_rect2x3,rect2x3_hole_2,470,13112,0.0009765625
haxs.stage5c2gR32A.g1-deterministic.v1,fb5214d8d1bf5caa839f81a965024f62,3d2cc5b905c65be5b28ec7dd3ddd97e9,limit_spin_density_zero_rect2x3,rect2x3_hole_2,471,13113,0.0009765625
haxs.stage5c2gR32A.g1-deterministic.v1,fb5214d8d1bf5caa839f81a965024f62,f97ec1948f41561a93c5f75e4e116673,limit_spin_density_zero_rect2x3,rect2x3_hole_2,472,13120,0.0009765625
haxs.stage5c2gR32A.g1-deterministic.v1,fb5214d8d1bf5caa839f81a965024f62,2427770666f7550288c95080087bfd43,limit_spin_density_zero_rect2x3,rect2x3_hole_2,473,13121,0.0009765625
haxs.stage5c2gR32A.g1-deterministic.v1,fb5214d8d1bf5caa839f81a965024f62,d5fd9cc7eb015d2188931ce59f47b562,limit_spin_density_zero_rect2x3,rect2x3_hole_2,474,13122,0.0009765625
haxs.stage5c2gR32A.g1-deterministic.v1,fb5214d8d1bf5caa839f81a965024f62,c1a38386955b5dfa9988275066db0596,limit_spin_density_zero_rect2x3,rect2x3_hole_2,475,13123,0.0009765625
haxs.stage5c2gR32A.g1-deterministic.v1,fb5214d8d1bf5caa839f81a965024f62,adfe114f37235887aa8e8e4c675aff3a,limit_spin_density_zero_rect2x3,rect2x3_hole_2,476,13130,0.0009765625
haxs.stage5c2gR32A.g1-deterministic.v1,fb5214d8d1bf5caa839f81a965024f62,0f041e32d8e85b6b9fb26914e3a289aa,limit_spin_density_zero_rect2x3,rect2x3_hole_2,477,13131,0.0009765625
haxs.stage5c2gR32A.g1-deterministic.v1,fb5214d8d1bf5caa839f81a965024f62,fe20e01d66f45326bc7ad8d4fc591da3,limit_spin_density_zero_rect2x3,rect2x3_hole_2,478,13132,0.0009765625
haxs.stage5c2gR32A.g1-deterministic.v1,fb5214d8d1bf5caa839f81a965024f62,73f5a480fc0e53ba9c54e7ad1e83a246,limit_spin_density_zero_rect2x3,rect2x3_hole_2,479,13133,0.0009765625
haxs.stage5c2gR32A.g1-deterministic.v1,fb5214d8d1bf5caa839f81a965024f62,225271a547e8569b9c6ffb0d633e4c59,limit_spin_density_zero_rect2x3,rect2x3_hole_2,480,13200,0.0009765625
haxs.stage5c2gR32A.g1-deterministic.v1,fb5214d8d1bf5caa839f81a965024f62,665ac1e192e05416bec2c54a6e8c8099,limit_spin_density_zero_rect2x3,rect2x3_hole_2,481,13201,0.0009765625
haxs.stage5c2gR32A.g1-deterministic.v1,fb5214d8d1bf5caa839f81a965024f62,b7c0cefc7ac65ae69d7bb94e708a488c,limit_spin_density_zero_rect2x3,rect2x3_hole_2,482,13202,0.0009765625
haxs.stage5c2gR32A.g1-deterministic.v1,fb5214d8d1bf5caa839f81a965024f62,142615fd672055a0b94c91eb80a94d55,limit_spin_density_zero_rect2x3,rect2x3_hole_2,483,13203,0.0009765625
haxs.stage5c2gR32A.g1-deterministic.v1,fb5214d8d1bf5caa839f81a965024f62,4355c666615f5288965dc212c6e8e0b9,limit_spin_density_zero_rect2x3,rect2x3_hole_2,484,13210,0.0009765625
haxs.stage5c2gR32A.g1-deterministic.v1,fb5214d8d1bf5caa839f81a965024f62,a3353760d8e45892a4330a5486beeaf5,limit_spin_density_zero_rect2x3,rect2x3_hole_2,485,13211,0.0009765625
haxs.stage5c2gR32A.g1-deterministic.v1,fb5214d8d1bf5caa839f81a965024f62,373716a170865c3b8fa62d2478a8ef22,limit_spin_density_zero_rect2x3,rect2x3_hole_2,486,13212,0.0009765625
haxs.stage5c2gR32A.g1-deterministic.v1,fb5214d8d1bf5caa839f81a965024f62,766e8a053bd35cdc92c30eb37ceadfdb,limit_spin_density_zero_rect2x3,rect2x3_hole_2,487,13213,0.0009765625
haxs.stage5c2gR32A.g1-deterministic.v1,fb5214d8d1bf5caa839f81a965024f62,8fd509d269c85d06b3b01f31d3fbf31e,limit_spin_density_zero_rect2x3,rect2x3_hole_2,488,13220,0.0009765625
haxs.stage5c2gR32A.g1-deterministic.v1,fb5214d8d1bf5caa839f81a965024f62,bef291e8a8d65389993f9a7781da7ce2,limit_spin_density_zero_rect2x3,rect2x3_hole_2,489,13221,0.0009765625
haxs.stage5c2gR32A.g1-deterministic.v1,fb5214d8d1bf5caa839f81a965024f62,4f511dbb812953168688d522353b5485,limit_spin_density_zero_rect2x3,rect2x3_hole_2,490,13222,0.0009765625
haxs.stage5c2gR32A.g1-deterministic.v1,fb5214d8d1bf5caa839f81a965024f62,d16e0baebeba568c8560de31ccfc31ff,limit_spin_density_zero_rect2x3,rect2x3_hole_2,491,13223,0.0009765625
haxs.stage5c2gR32A.g1-deterministic.v1,fb5214d8d1bf5caa839f81a965024f62,1e4fab44f2c252aca3e9ce1d6c79ab52,limit_spin_density_zero_rect2x3,rect2x3_hole_2,492,13230,0.0009765625
haxs.stage5c2gR32A.g1-deterministic.v1,fb5214d8d1bf5caa839f81a965024f62,04e5360000e859a88a85cc35a794a44a,limit_spin_density_zero_rect2x3,rect2x3_hole_2,493,13231,0.0009765625
haxs.stage5c2gR32A.g1-deterministic.v1,fb5214d8d1bf5caa839f81a965024f62,486db27c7b0d53e1ae2ddda3e39d198d,limit_spin_density_zero_rect2x3,rect2x3_hole_2,494,13232,0.0009765625
haxs.stage5c2gR32A.g1-deterministic.v1,fb5214d8d1bf5caa839f81a965024f62,fdd18601a3cc52019a02c7e7705ec467,limit_spin_density_zero_rect2x3,rect2x3_hole_2,495,13233,0.0009765625
haxs.stage5c2gR32A.g1-deterministic.v1,fb5214d8d1bf5caa839f81a965024f62,26ba54355462586fad76934a6fda5459,limit_spin_density_zero_rect2x3,rect2x3_hole_2,496,13300,0.0009765625
haxs.stage5c2gR32A.g1-deterministic.v1,fb5214d8d1bf5caa839f81a965024f62,3bcbe1aa8851562eb8a6d86316106cc8,limit_spin_density_zero_rect2x3,rect2x3_hole_2,497,13301,0.0009765625
haxs.stage5c2gR32A.g1-deterministic.v1,fb5214d8d1bf5caa839f81a965024f62,bd746ffb73f450638b380f5892b4aad9,limit_spin_density_zero_rect2x3,rect2x3_hole_2,498,13302,0.0009765625
haxs.stage5c2gR32A.g1-deterministic.v1,fb5214d8d1bf5caa839f81a965024f62,a080e4fd5b3e5baf820e9501416b41f3,limit_spin_density_zero_rect2x3,rect2x3_hole_2,499,13303,0.0009765625
haxs.stage5c2gR32A.g1-deterministic.v1,fb5214d8d1bf5caa839f81a965024f62,6ce9f22b59965f37a2766dc706acf91b,limit_spin_density_zero_rect2x3,rect2x3_hole_2,500,13310,0.0009765625
haxs.stage5c2gR32A.g1-deterministic.v1,fb5214d8d1bf5caa839f81a965024f62,4c7e666a6e9d58ecaee28572430d1b9a,limit_spin_density_zero_rect2x3,rect2x3_hole_2,501,13311,0.0009765625
haxs.stage5c2gR32A.g1-deterministic.v1,fb5214d8d1bf5caa839f81a965024f62,6513177a2bc2533aa16b9a9dcb13e616,limit_spin_density_zero_rect2x3,rect2x3_hole_2,502,13312,0.0009765625
haxs.stage5c2gR32A.g1-deterministic.v1,fb5214d8d1bf5caa839f81a965024f62,f767e9f86d015600ae0b7bf5eb0e2a3a,limit_spin_density_zero_rect2x3,rect2x3_hole_2,503,13313,0.0009765625
haxs.stage5c2gR32A.g1-deterministic.v1,fb5214d8d1bf5caa839f81a965024f62,faaffffb1c2e5eb5b2c0a7573dc64d4c,limit_spin_density_zero_rect2x3,rect2x3_hole_2,504,13320,0.0009765625
haxs.stage5c2gR32A.g1-deterministic.v1,fb5214d8d1bf5caa839f81a965024f62,971db5631f925c229f457a739b9fb36a,limit_spin_density_zero_rect2x3,rect2x3_hole_2,505,13321,0.0009765625
haxs.stage5c2gR32A.g1-deterministic.v1,fb5214d8d1bf5caa839f81a965024f62,af8cf00795d0576e94bfd9591bd16a76,limit_spin_density_zero_rect2x3,rect2x3_hole_2,506,13322,0.0009765625
haxs.stage5c2gR32A.g1-deterministic.v1,fb5214d8d1bf5caa839f81a965024f62,2c9366dbf62659bda1ac0ca3264fc605,limit_spin_density_zero_rect2x3,rect2x3_hole_2,507,13323,0.0009765625
haxs.stage5c2gR32A.g1-deterministic.v1,fb5214d8d1bf5caa839f81a965024f62,7225eca034705ad9b5cd657dcb54b9c0,limit_spin_density_zero_rect2x3,rect2x3_hole_2,508,13330,0.0009765625
haxs.stage5c2gR32A.g1-deterministic.v1,fb5214d8d1bf5caa839f81a965024f62,a755885e61945ba3a4709f49015da613,limit_spin_density_zero_rect2x3,rect2x3_hole_2,509,13331,0.0009765625
haxs.stage5c2gR32A.g1-deterministic.v1,fb5214d8d1bf5caa839f81a965024f62,fe3d5681526a55978c95dc7162beb709,limit_spin_density_zero_rect2x3,rect2x3_hole_2,510,13332,0.0009765625
haxs.stage5c2gR32A.g1-deterministic.v1,fb5214d8d1bf5caa839f81a965024f62,a11065b87a005cfe81fb10ca03d0324c,limit_spin_density_zero_rect2x3,rect2x3_hole_2,511,13333,0.0009765625
haxs.stage5c2gR32A.g1-deterministic.v1,fb5214d8d1bf5caa839f81a965024f62,f7e4fd1fc6b657f1a63ffb73c9e02f45,limit_spin_density_zero_rect2x3,rect2x3_hole_2,512,20000,0.0009765625
haxs.stage5c2gR32A.g1-deterministic.v1,fb5214d8d1bf5caa839f81a965024f62,0c0c53168b9059f4ae923cf8eaec4e02,limit_spin_density_zero_rect2x3,rect2x3_hole_2,513,20001,0.0009765625
haxs.stage5c2gR32A.g1-deterministic.v1,fb5214d8d1bf5caa839f81a965024f62,fc65477d45d75fb8a9bdd87835892097,limit_spin_density_zero_rect2x3,rect2x3_hole_2,514,20002,0.0009765625
haxs.stage5c2gR32A.g1-deterministic.v1,fb5214d8d1bf5caa839f81a965024f62,0d86bc4722b55d5a8362a683c298c5a3,limit_spin_density_zero_rect2x3,rect2x3_hole_2,515,20003,0.0009765625
haxs.stage5c2gR32A.g1-deterministic.v1,fb5214d8d1bf5caa839f81a965024f62,1a0162e7be1b57dda49807378c16c71b,limit_spin_density_zero_rect2x3,rect2x3_hole_2,516,20010,0.0009765625
haxs.stage5c2gR32A.g1-deterministic.v1,fb5214d8d1bf5caa839f81a965024f62,3b07c4c654be59d8a2b344a48c63372a,limit_spin_density_zero_rect2x3,rect2x3_hole_2,517,20011,0.0009765625
haxs.stage5c2gR32A.g1-deterministic.v1,fb5214d8d1bf5caa839f81a965024f62,e8567230db3654e380134ce4afda9324,limit_spin_density_zero_rect2x3,rect2x3_hole_2,518,20012,0.0009765625
haxs.stage5c2gR32A.g1-deterministic.v1,fb5214d8d1bf5caa839f81a965024f62,580161807f645e00968b0e0dc9533cf8,limit_spin_density_zero_rect2x3,rect2x3_hole_2,519,20013,0.0009765625
haxs.stage5c2gR32A.g1-deterministic.v1,fb5214d8d1bf5caa839f81a965024f62,aa99a0b5ebe95555b7fa733a5899d363,limit_spin_density_zero_rect2x3,rect2x3_hole_2,520,20020,0.0009765625
haxs.stage5c2gR32A.g1-deterministic.v1,fb5214d8d1bf5caa839f81a965024f62,6a03d63bcdef5a16944a60dd4dc645b2,limit_spin_density_zero_rect2x3,rect2x3_hole_2,521,20021,0.0009765625
haxs.stage5c2gR32A.g1-deterministic.v1,fb5214d8d1bf5caa839f81a965024f62,068d095f6c7d5319a0890cad152a2143,limit_spin_density_zero_rect2x3,rect2x3_hole_2,522,20022,0.0009765625
haxs.stage5c2gR32A.g1-deterministic.v1,fb5214d8d1bf5caa839f81a965024f62,98f4c2e299c55416aeaea331b39ae03f,limit_spin_density_zero_rect2x3,rect2x3_hole_2,523,20023,0.0009765625
haxs.stage5c2gR32A.g1-deterministic.v1,fb5214d8d1bf5caa839f81a965024f62,39eee739cabe50118086b1caceaa69fb,limit_spin_density_zero_rect2x3,rect2x3_hole_2,524,20030,0.0009765625
haxs.stage5c2gR32A.g1-deterministic.v1,fb5214d8d1bf5caa839f81a965024f62,aa91cd3add7f5130896d1343e89987fb,limit_spin_density_zero_rect2x3,rect2x3_hole_2,525,20031,0.0009765625
haxs.stage5c2gR32A.g1-deterministic.v1,fb5214d8d1bf5caa839f81a965024f62,eaf42197e203522eb55e0a17fd73297c,limit_spin_density_zero_rect2x3,rect2x3_hole_2,526,20032,0.0009765625
haxs.stage5c2gR32A.g1-deterministic.v1,fb5214d8d1bf5caa839f81a965024f62,aacbe825f1f45df09b6ddbce959f1cb7,limit_spin_density_zero_rect2x3,rect2x3_hole_2,527,20033,0.0009765625
haxs.stage5c2gR32A.g1-deterministic.v1,fb5214d8d1bf5caa839f81a965024f62,6c2a5081cea45d869d31a54e41758c97,limit_spin_density_zero_rect2x3,rect2x3_hole_2,528,20100,0.0009765625
haxs.stage5c2gR32A.g1-deterministic.v1,fb5214d8d1bf5caa839f81a965024f62,49fa4a0f7639524b94cc687330024ada,limit_spin_density_zero_rect2x3,rect2x3_hole_2,529,20101,0.0009765625
haxs.stage5c2gR32A.g1-deterministic.v1,fb5214d8d1bf5caa839f81a965024f62,1d2d9d67516b5ef38e55085e537f757f,limit_spin_density_zero_rect2x3,rect2x3_hole_2,530,20102,0.0009765625
haxs.stage5c2gR32A.g1-deterministic.v1,fb5214d8d1bf5caa839f81a965024f62,889c0b4629e25432a5afb77cb4483040,limit_spin_density_zero_rect2x3,rect2x3_hole_2,531,20103,0.0009765625
haxs.stage5c2gR32A.g1-deterministic.v1,fb5214d8d1bf5caa839f81a965024f62,3ed006e2324d54d8a48fd130b6d91de4,limit_spin_density_zero_rect2x3,rect2x3_hole_2,532,20110,0.0009765625
haxs.stage5c2gR32A.g1-deterministic.v1,fb5214d8d1bf5caa839f81a965024f62,4feeecd3987e580fabb6b963bf9ba66e,limit_spin_density_zero_rect2x3,rect2x3_hole_2,533,20111,0.0009765625
haxs.stage5c2gR32A.g1-deterministic.v1,fb5214d8d1bf5caa839f81a965024f62,8801763f877c5eb18f0157f897b7f36c,limit_spin_density_zero_rect2x3,rect2x3_hole_2,534,20112,0.0009765625
haxs.stage5c2gR32A.g1-deterministic.v1,fb5214d8d1bf5caa839f81a965024f62,4e5aff2a847c51e5a4406c225d0acfc7,limit_spin_density_zero_rect2x3,rect2x3_hole_2,535,20113,0.0009765625
haxs.stage5c2gR32A.g1-deterministic.v1,fb5214d8d1bf5caa839f81a965024f62,1973e43e28625b399c2feed27c718a88,limit_spin_density_zero_rect2x3,rect2x3_hole_2,536,20120,0.0009765625
haxs.stage5c2gR32A.g1-deterministic.v1,fb5214d8d1bf5caa839f81a965024f62,7e34f1b75cdd5de7872f6edbe8f0383c,limit_spin_density_zero_rect2x3,rect2x3_hole_2,537,20121,0.0009765625
haxs.stage5c2gR32A.g1-deterministic.v1,fb5214d8d1bf5caa839f81a965024f62,35b310b8f5b85ace9f7c98b147722c99,limit_spin_density_zero_rect2x3,rect2x3_hole_2,538,20122,0.0009765625
haxs.stage5c2gR32A.g1-deterministic.v1,fb5214d8d1bf5caa839f81a965024f62,f55fbecea6d159bbb056807f189386c3,limit_spin_density_zero_rect2x3,rect2x3_hole_2,539,20123,0.0009765625
haxs.stage5c2gR32A.g1-deterministic.v1,fb5214d8d1bf5caa839f81a965024f62,f059a1b8ab6352c99999a22c1d6e7394,limit_spin_density_zero_rect2x3,rect2x3_hole_2,540,20130,0.0009765625
haxs.stage5c2gR32A.g1-deterministic.v1,fb5214d8d1bf5caa839f81a965024f62,782b1c83bdca5af9b7d6bdb6e7aa8e95,limit_spin_density_zero_rect2x3,rect2x3_hole_2,541,20131,0.0009765625
haxs.stage5c2gR32A.g1-deterministic.v1,fb5214d8d1bf5caa839f81a965024f62,c0d1a72b51ff5247bd3013ac6843eb9d,limit_spin_density_zero_rect2x3,rect2x3_hole_2,542,20132,0.0009765625
haxs.stage5c2gR32A.g1-deterministic.v1,fb5214d8d1bf5caa839f81a965024f62,91a6730f744c57fcb4bc03810047bbe7,limit_spin_density_zero_rect2x3,rect2x3_hole_2,543,20133,0.0009765625
haxs.stage5c2gR32A.g1-deterministic.v1,fb5214d8d1bf5caa839f81a965024f62,2e8d50854f1151afbda4b0a3e3d53c40,limit_spin_density_zero_rect2x3,rect2x3_hole_2,544,20200,0.0009765625
haxs.stage5c2gR32A.g1-deterministic.v1,fb5214d8d1bf5caa839f81a965024f62,befcfed2680e5291964bffe3cc994a86,limit_spin_density_zero_rect2x3,rect2x3_hole_2,545,20201,0.0009765625
haxs.stage5c2gR32A.g1-deterministic.v1,fb5214d8d1bf5caa839f81a965024f62,75bfe0c6e9cb5f689362dad450daf11b,limit_spin_density_zero_rect2x3,rect2x3_hole_2,546,20202,0.0009765625
haxs.stage5c2gR32A.g1-deterministic.v1,fb5214d8d1bf5caa839f81a965024f62,a95dff5f37885f8a804596252e8be2a7,limit_spin_density_zero_rect2x3,rect2x3_hole_2,547,20203,0.0009765625
haxs.stage5c2gR32A.g1-deterministic.v1,fb5214d8d1bf5caa839f81a965024f62,81e0c306edcd5ddca58bb4c97b73e247,limit_spin_density_zero_rect2x3,rect2x3_hole_2,548,20210,0.0009765625
haxs.stage5c2gR32A.g1-deterministic.v1,fb5214d8d1bf5caa839f81a965024f62,46589689c24c51b8a1950ad176c21146,limit_spin_density_zero_rect2x3,rect2x3_hole_2,549,20211,0.0009765625
haxs.stage5c2gR32A.g1-deterministic.v1,fb5214d8d1bf5caa839f81a965024f62,0514f0c04fd7502a9486d2c3f8e06277,limit_spin_density_zero_rect2x3,rect2x3_hole_2,550,20212,0.0009765625
haxs.stage5c2gR32A.g1-deterministic.v1,fb5214d8d1bf5caa839f81a965024f62,e448663ff58c50a49a327f70d599bb69,limit_spin_density_zero_rect2x3,rect2x3_hole_2,551,20213,0.0009765625
haxs.stage5c2gR32A.g1-deterministic.v1,fb5214d8d1bf5caa839f81a965024f62,370cf3d6d8bd523eac77b198ad651239,limit_spin_density_zero_rect2x3,rect2x3_hole_2,552,20220,0.0009765625
haxs.stage5c2gR32A.g1-deterministic.v1,fb5214d8d1bf5caa839f81a965024f62,921432f849725146b3adad5c75c49a3c,limit_spin_density_zero_rect2x3,rect2x3_hole_2,553,20221,0.0009765625
haxs.stage5c2gR32A.g1-deterministic.v1,fb5214d8d1bf5caa839f81a965024f62,d5010c3f24065fcda427fc4b142879d8,limit_spin_density_zero_rect2x3,rect2x3_hole_2,554,20222,0.0009765625
haxs.stage5c2gR32A.g1-deterministic.v1,fb5214d8d1bf5caa839f81a965024f62,13f8564c71325561bf57641648b9fb66,limit_spin_density_zero_rect2x3,rect2x3_hole_2,555,20223,0.0009765625
haxs.stage5c2gR32A.g1-deterministic.v1,fb5214d8d1bf5caa839f81a965024f62,ba8d98c2cb4750e1ac1551894a233294,limit_spin_density_zero_rect2x3,rect2x3_hole_2,556,20230,0.0009765625
haxs.stage5c2gR32A.g1-deterministic.v1,fb5214d8d1bf5caa839f81a965024f62,ad98195c0c3a5dc39597059e88a0a8c3,limit_spin_density_zero_rect2x3,rect2x3_hole_2,557,20231,0.0009765625
haxs.stage5c2gR32A.g1-deterministic.v1,fb5214d8d1bf5caa839f81a965024f62,2d45afa5e0225328a79a5124862e27d9,limit_spin_density_zero_rect2x3,rect2x3_hole_2,558,20232,0.0009765625
haxs.stage5c2gR32A.g1-deterministic.v1,fb5214d8d1bf5caa839f81a965024f62,4aba5deae0e6583a8580a7c4bf1bcb77,limit_spin_density_zero_rect2x3,rect2x3_hole_2,559,20233,0.0009765625
haxs.stage5c2gR32A.g1-deterministic.v1,fb5214d8d1bf5caa839f81a965024f62,49026d5f8c8b5c10a9f7af838a48ec41,limit_spin_density_zero_rect2x3,rect2x3_hole_2,560,20300,0.0009765625
haxs.stage5c2gR32A.g1-deterministic.v1,fb5214d8d1bf5caa839f81a965024f62,5354be986b3a5fad99e94953b8854aba,limit_spin_density_zero_rect2x3,rect2x3_hole_2,561,20301,0.0009765625
haxs.stage5c2gR32A.g1-deterministic.v1,fb5214d8d1bf5caa839f81a965024f62,fa1651336f4759f38556327f1fa7cb36,limit_spin_density_zero_rect2x3,rect2x3_hole_2,562,20302,0.0009765625
haxs.stage5c2gR32A.g1-deterministic.v1,fb5214d8d1bf5caa839f81a965024f62,ffb812c2bd68517dbc592140a0661bc0,limit_spin_density_zero_rect2x3,rect2x3_hole_2,563,20303,0.0009765625
haxs.stage5c2gR32A.g1-deterministic.v1,fb5214d8d1bf5caa839f81a965024f62,eaf398c39d2b5224a95a8626c2d2d441,limit_spin_density_zero_rect2x3,rect2x3_hole_2,564,20310,0.0009765625
haxs.stage5c2gR32A.g1-deterministic.v1,fb5214d8d1bf5caa839f81a965024f62,17e57b40da4d5af7a11181f47e2993a9,limit_spin_density_zero_rect2x3,rect2x3_hole_2,565,20311,0.0009765625
haxs.stage5c2gR32A.g1-deterministic.v1,fb5214d8d1bf5caa839f81a965024f62,c4043760a2a356b3af3b341943bbe45b,limit_spin_density_zero_rect2x3,rect2x3_hole_2,566,20312,0.0009765625
haxs.stage5c2gR32A.g1-deterministic.v1,fb5214d8d1bf5caa839f81a965024f62,4ac2756f5ea75896b142ec5ae6902ce9,limit_spin_density_zero_rect2x3,rect2x3_hole_2,567,20313,0.0009765625
haxs.stage5c2gR32A.g1-deterministic.v1,fb5214d8d1bf5caa839f81a965024f62,ba48e5609a4b557d93f17529ad4a04d3,limit_spin_density_zero_rect2x3,rect2x3_hole_2,568,20320,0.0009765625
haxs.stage5c2gR32A.g1-deterministic.v1,fb5214d8d1bf5caa839f81a965024f62,5951a839978a5dfea63e3fa8aee09835,limit_spin_density_zero_rect2x3,rect2x3_hole_2,569,20321,0.0009765625
haxs.stage5c2gR32A.g1-deterministic.v1,fb5214d8d1bf5caa839f81a965024f62,e758a1e024ca5a33803d05fe98ea0d93,limit_spin_density_zero_rect2x3,rect2x3_hole_2,570,20322,0.0009765625
haxs.stage5c2gR32A.g1-deterministic.v1,fb5214d8d1bf5caa839f81a965024f62,fa6113b2d4465add92a5516f94442931,limit_spin_density_zero_rect2x3,rect2x3_hole_2,571,20323,0.0009765625
haxs.stage5c2gR32A.g1-deterministic.v1,fb5214d8d1bf5caa839f81a965024f62,d0b8898a1b5f58638feb0891136fd8a4,limit_spin_density_zero_rect2x3,rect2x3_hole_2,572,20330,0.0009765625
haxs.stage5c2gR32A.g1-deterministic.v1,fb5214d8d1bf5caa839f81a965024f62,42e64a8e73c150898d4b9ab6ff649eb7,limit_spin_density_zero_rect2x3,rect2x3_hole_2,573,20331,0.0009765625
haxs.stage5c2gR32A.g1-deterministic.v1,fb5214d8d1bf5caa839f81a965024f62,359dc8bf120a5e509257ad111e1dd945,limit_spin_density_zero_rect2x3,rect2x3_hole_2,574,20332,0.0009765625
haxs.stage5c2gR32A.g1-deterministic.v1,fb5214d8d1bf5caa839f81a965024f62,ea010d5354b35c2aa6fc876f10f1515b,limit_spin_density_zero_rect2x3,rect2x3_hole_2,575,20333,0.0009765625
haxs.stage5c2gR32A.g1-deterministic.v1,fb5214d8d1bf5caa839f81a965024f62,7e72b1b8fe5253f1b6b5f5bab46429ae,limit_spin_density_zero_rect2x3,rect2x3_hole_2,576,21000,0.0009765625
haxs.stage5c2gR32A.g1-deterministic.v1,fb5214d8d1bf5caa839f81a965024f62,60b51c4004b75cd2964caa9730091e77,limit_spin_density_zero_rect2x3,rect2x3_hole_2,577,21001,0.0009765625
haxs.stage5c2gR32A.g1-deterministic.v1,fb5214d8d1bf5caa839f81a965024f62,57cab52beac153fcb2abd7c79e344ba8,limit_spin_density_zero_rect2x3,rect2x3_hole_2,578,21002,0.0009765625
haxs.stage5c2gR32A.g1-deterministic.v1,fb5214d8d1bf5caa839f81a965024f62,df931a3d33285d549a06827d405119b4,limit_spin_density_zero_rect2x3,rect2x3_hole_2,579,21003,0.0009765625
haxs.stage5c2gR32A.g1-deterministic.v1,fb5214d8d1bf5caa839f81a965024f62,314771ae2ff75732ab2af75bc948f16e,limit_spin_density_zero_rect2x3,rect2x3_hole_2,580,21010,0.0009765625
haxs.stage5c2gR32A.g1-deterministic.v1,fb5214d8d1bf5caa839f81a965024f62,44f7cbcc79325de58f444ce46ce3d3ba,limit_spin_density_zero_rect2x3,rect2x3_hole_2,581,21011,0.0009765625
haxs.stage5c2gR32A.g1-deterministic.v1,fb5214d8d1bf5caa839f81a965024f62,f7fac1eec37659a7a82650b0382c5979,limit_spin_density_zero_rect2x3,rect2x3_hole_2,582,21012,0.0009765625
haxs.stage5c2gR32A.g1-deterministic.v1,fb5214d8d1bf5caa839f81a965024f62,3ddefd4c6d9f5824ae6d407f823785c0,limit_spin_density_zero_rect2x3,rect2x3_hole_2,583,21013,0.0009765625
haxs.stage5c2gR32A.g1-deterministic.v1,fb5214d8d1bf5caa839f81a965024f62,5846a7c2e2d756d68b5584138416c115,limit_spin_density_zero_rect2x3,rect2x3_hole_2,584,21020,0.0009765625
haxs.stage5c2gR32A.g1-deterministic.v1,fb5214d8d1bf5caa839f81a965024f62,e2a1910b951c5ffdb48d5593ea3f3c28,limit_spin_density_zero_rect2x3,rect2x3_hole_2,585,21021,0.0009765625
haxs.stage5c2gR32A.g1-deterministic.v1,fb5214d8d1bf5caa839f81a965024f62,75f7b4b21a2253d49d2a8a56ee7564f9,limit_spin_density_zero_rect2x3,rect2x3_hole_2,586,21022,0.0009765625
haxs.stage5c2gR32A.g1-deterministic.v1,fb5214d8d1bf5caa839f81a965024f62,10c79acb26335f77942ca98f626294a4,limit_spin_density_zero_rect2x3,rect2x3_hole_2,587,21023,0.0009765625
haxs.stage5c2gR32A.g1-deterministic.v1,fb5214d8d1bf5caa839f81a965024f62,251a9d85d8645a21ad6d6096228f956a,limit_spin_density_zero_rect2x3,rect2x3_hole_2,588,21030,0.0009765625
haxs.stage5c2gR32A.g1-deterministic.v1,fb5214d8d1bf5caa839f81a965024f62,3550e7d4b643540b9655839d8ef81ea9,limit_spin_density_zero_rect2x3,rect2x3_hole_2,589,21031,0.0009765625
haxs.stage5c2gR32A.g1-deterministic.v1,fb5214d8d1bf5caa839f81a965024f62,9d8835de743154a4ac09ca13a7950adb,limit_spin_density_zero_rect2x3,rect2x3_hole_2,590,21032,0.0009765625
haxs.stage5c2gR32A.g1-deterministic.v1,fb5214d8d1bf5caa839f81a965024f62,65237eeef46857238bf4b7c0083a8f59,limit_spin_density_zero_rect2x3,rect2x3_hole_2,591,21033,0.0009765625
haxs.stage5c2gR32A.g1-deterministic.v1,fb5214d8d1bf5caa839f81a965024f62,15c2bda20f6d5d1381f9986579bbe414,limit_spin_density_zero_rect2x3,rect2x3_hole_2,592,21100,0.0009765625
haxs.stage5c2gR32A.g1-deterministic.v1,fb5214d8d1bf5caa839f81a965024f62,c8e86d1865265c12ac2a2a4baa656e52,limit_spin_density_zero_rect2x3,rect2x3_hole_2,593,21101,0.0009765625
haxs.stage5c2gR32A.g1-deterministic.v1,fb5214d8d1bf5caa839f81a965024f62,f941da3d56235fa29d5e325399cedd89,limit_spin_density_zero_rect2x3,rect2x3_hole_2,594,21102,0.0009765625
haxs.stage5c2gR32A.g1-deterministic.v1,fb5214d8d1bf5caa839f81a965024f62,491eb8e9d5e45c0b8e29ca8ad6cc4ba6,limit_spin_density_zero_rect2x3,rect2x3_hole_2,595,21103,0.0009765625
haxs.stage5c2gR32A.g1-deterministic.v1,fb5214d8d1bf5caa839f81a965024f62,0ba80593943a54f7b7e2d1886dce7725,limit_spin_density_zero_rect2x3,rect2x3_hole_2,596,21110,0.0009765625
haxs.stage5c2gR32A.g1-deterministic.v1,fb5214d8d1bf5caa839f81a965024f62,e4c786f1ca6f57c7891ec888678b99c4,limit_spin_density_zero_rect2x3,rect2x3_hole_2,597,21111,0.0009765625
haxs.stage5c2gR32A.g1-deterministic.v1,fb5214d8d1bf5caa839f81a965024f62,9c016f184f635062b3dc0903b16ffa19,limit_spin_density_zero_rect2x3,rect2x3_hole_2,598,21112,0.0009765625
haxs.stage5c2gR32A.g1-deterministic.v1,fb5214d8d1bf5caa839f81a965024f62,30a3283bb8735a248f2693d8fc1c2253,limit_spin_density_zero_rect2x3,rect2x3_hole_2,599,21113,0.0009765625
haxs.stage5c2gR32A.g1-deterministic.v1,fb5214d8d1bf5caa839f81a965024f62,da7e386c37985500b0ada2ed2c5bf6c6,limit_spin_density_zero_rect2x3,rect2x3_hole_2,600,21120,0.0009765625
haxs.stage5c2gR32A.g1-deterministic.v1,fb5214d8d1bf5caa839f81a965024f62,9672c833e6a756a5b5665a111e3581ad,limit_spin_density_zero_rect2x3,rect2x3_hole_2,601,21121,0.0009765625
haxs.stage5c2gR32A.g1-deterministic.v1,fb5214d8d1bf5caa839f81a965024f62,f41069547b385e24b9dfa23372e65e24,limit_spin_density_zero_rect2x3,rect2x3_hole_2,602,21122,0.0009765625
haxs.stage5c2gR32A.g1-deterministic.v1,fb5214d8d1bf5caa839f81a965024f62,f1f6e99ff9a9581490a0d582f5cb4790,limit_spin_density_zero_rect2x3,rect2x3_hole_2,603,21123,0.0009765625
haxs.stage5c2gR32A.g1-deterministic.v1,fb5214d8d1bf5caa839f81a965024f62,9950b04b9dd753cdaeb08ec4619388d5,limit_spin_density_zero_rect2x3,rect2x3_hole_2,604,21130,0.0009765625
haxs.stage5c2gR32A.g1-deterministic.v1,fb5214d8d1bf5caa839f81a965024f62,6ff54e6765ac587fbecba09c578b1a74,limit_spin_density_zero_rect2x3,rect2x3_hole_2,605,21131,0.0009765625
haxs.stage5c2gR32A.g1-deterministic.v1,fb5214d8d1bf5caa839f81a965024f62,833f579cf9705a21859dab13c6873ba3,limit_spin_density_zero_rect2x3,rect2x3_hole_2,606,21132,0.0009765625
haxs.stage5c2gR32A.g1-deterministic.v1,fb5214d8d1bf5caa839f81a965024f62,d3fd122abf4e573483c618b7a5c50592,limit_spin_density_zero_rect2x3,rect2x3_hole_2,607,21133,0.0009765625
haxs.stage5c2gR32A.g1-deterministic.v1,fb5214d8d1bf5caa839f81a965024f62,ab2e6141ea56545b84f0c406dcd43f94,limit_spin_density_zero_rect2x3,rect2x3_hole_2,608,21200,0.0009765625
haxs.stage5c2gR32A.g1-deterministic.v1,fb5214d8d1bf5caa839f81a965024f62,14402eba58375c00bf7ec5f09c54bd06,limit_spin_density_zero_rect2x3,rect2x3_hole_2,609,21201,0.0009765625
haxs.stage5c2gR32A.g1-deterministic.v1,fb5214d8d1bf5caa839f81a965024f62,d3b515ea650857bb9172f83a4bbfd69b,limit_spin_density_zero_rect2x3,rect2x3_hole_2,610,21202,0.0009765625
haxs.stage5c2gR32A.g1-deterministic.v1,fb5214d8d1bf5caa839f81a965024f62,85d62019f5b755f6bf8d9376a0b63313,limit_spin_density_zero_rect2x3,rect2x3_hole_2,611,21203,0.0009765625
haxs.stage5c2gR32A.g1-deterministic.v1,fb5214d8d1bf5caa839f81a965024f62,2eaf227c05b852ce9e9305e070bc12cf,limit_spin_density_zero_rect2x3,rect2x3_hole_2,612,21210,0.0009765625
haxs.stage5c2gR32A.g1-deterministic.v1,fb5214d8d1bf5caa839f81a965024f62,c1f51037a944560ca37209c56c9b0eb5,limit_spin_density_zero_rect2x3,rect2x3_hole_2,613,21211,0.0009765625
haxs.stage5c2gR32A.g1-deterministic.v1,fb5214d8d1bf5caa839f81a965024f62,79b128c78b475291ab17cdbd8561e80c,limit_spin_density_zero_rect2x3,rect2x3_hole_2,614,21212,0.0009765625
haxs.stage5c2gR32A.g1-deterministic.v1,fb5214d8d1bf5caa839f81a965024f62,ac936e0326195e0a9b0042397f588a72,limit_spin_density_zero_rect2x3,rect2x3_hole_2,615,21213,0.0009765625
haxs.stage5c2gR32A.g1-deterministic.v1,fb5214d8d1bf5caa839f81a965024f62,0feb535e8d0054be9c7cdfd7220c6b9e,limit_spin_density_zero_rect2x3,rect2x3_hole_2,616,21220,0.0009765625
haxs.stage5c2gR32A.g1-deterministic.v1,fb5214d8d1bf5caa839f81a965024f62,98f6ad56869155d0b912cc3bfc94a810,limit_spin_density_zero_rect2x3,rect2x3_hole_2,617,21221,0.0009765625
haxs.stage5c2gR32A.g1-deterministic.v1,fb5214d8d1bf5caa839f81a965024f62,2be78be8572055479e49a69586eb56ce,limit_spin_density_zero_rect2x3,rect2x3_hole_2,618,21222,0.0009765625
haxs.stage5c2gR32A.g1-deterministic.v1,fb5214d8d1bf5caa839f81a965024f62,671824064fe65a11beb488a4160281af,limit_spin_density_zero_rect2x3,rect2x3_hole_2,619,21223,0.0009765625
haxs.stage5c2gR32A.g1-deterministic.v1,fb5214d8d1bf5caa839f81a965024f62,2893a9a3be6350e9a71229f793980545,limit_spin_density_zero_rect2x3,rect2x3_hole_2,620,21230,0.0009765625
haxs.stage5c2gR32A.g1-deterministic.v1,fb5214d8d1bf5caa839f81a965024f62,86031297f67e50fca2f1b51db9cefe5a,limit_spin_density_zero_rect2x3,rect2x3_hole_2,621,21231,0.0009765625
haxs.stage5c2gR32A.g1-deterministic.v1,fb5214d8d1bf5caa839f81a965024f62,d8077cc9bfe25f109703a23fffaea807,limit_spin_density_zero_rect2x3,rect2x3_hole_2,622,21232,0.0009765625
haxs.stage5c2gR32A.g1-deterministic.v1,fb5214d8d1bf5caa839f81a965024f62,754d7db71f215ba0be4bd4c23f66c192,limit_spin_density_zero_rect2x3,rect2x3_hole_2,623,21233,0.0009765625
haxs.stage5c2gR32A.g1-deterministic.v1,fb5214d8d1bf5caa839f81a965024f62,f5a620a4c049584690a842d91ccf2a9b,limit_spin_density_zero_rect2x3,rect2x3_hole_2,624,21300,0.0009765625
haxs.stage5c2gR32A.g1-deterministic.v1,fb5214d8d1bf5caa839f81a965024f62,11600db3132f58fdb62a536742ab07cf,limit_spin_density_zero_rect2x3,rect2x3_hole_2,625,21301,0.0009765625
haxs.stage5c2gR32A.g1-deterministic.v1,fb5214d8d1bf5caa839f81a965024f62,7886868b99045e28a251df25d5349137,limit_spin_density_zero_rect2x3,rect2x3_hole_2,626,21302,0.0009765625
haxs.stage5c2gR32A.g1-deterministic.v1,fb5214d8d1bf5caa839f81a965024f62,64234119b85250129faa82a77b2b917b,limit_spin_density_zero_rect2x3,rect2x3_hole_2,627,21303,0.0009765625
haxs.stage5c2gR32A.g1-deterministic.v1,fb5214d8d1bf5caa839f81a965024f62,244e8888f34a5c159c8fb00604df3ce1,limit_spin_density_zero_rect2x3,rect2x3_hole_2,628,21310,0.0009765625
haxs.stage5c2gR32A.g1-deterministic.v1,fb5214d8d1bf5caa839f81a965024f62,7142cc52a6fa5220b4d2c6efc7a4bfe9,limit_spin_density_zero_rect2x3,rect2x3_hole_2,629,21311,0.0009765625
haxs.stage5c2gR32A.g1-deterministic.v1,fb5214d8d1bf5caa839f81a965024f62,76e2eb549a9c527f9d18042089712af9,limit_spin_density_zero_rect2x3,rect2x3_hole_2,630,21312,0.0009765625
haxs.stage5c2gR32A.g1-deterministic.v1,fb5214d8d1bf5caa839f81a965024f62,587a2be3bf42585f8bdc8db11f243e71,limit_spin_density_zero_rect2x3,rect2x3_hole_2,631,21313,0.0009765625
haxs.stage5c2gR32A.g1-deterministic.v1,fb5214d8d1bf5caa839f81a965024f62,f6059a56f7515840931cff283a316b28,limit_spin_density_zero_rect2x3,rect2x3_hole_2,632,21320,0.0009765625
haxs.stage5c2gR32A.g1-deterministic.v1,fb5214d8d1bf5caa839f81a965024f62,77db04ce937d526bb79cdddeafd68786,limit_spin_density_zero_rect2x3,rect2x3_hole_2,633,21321,0.0009765625
haxs.stage5c2gR32A.g1-deterministic.v1,fb5214d8d1bf5caa839f81a965024f62,4e6440c4e7055079bc6bf3cfb3263d2d,limit_spin_density_zero_rect2x3,rect2x3_hole_2,634,21322,0.0009765625
haxs.stage5c2gR32A.g1-deterministic.v1,fb5214d8d1bf5caa839f81a965024f62,b1b01b0e374c51538704e42951175bff,limit_spin_density_zero_rect2x3,rect2x3_hole_2,635,21323,0.0009765625
haxs.stage5c2gR32A.g1-deterministic.v1,fb5214d8d1bf5caa839f81a965024f62,24081eec1d5e5f59892c75df9108730f,limit_spin_density_zero_rect2x3,rect2x3_hole_2,636,21330,0.0009765625
haxs.stage5c2gR32A.g1-deterministic.v1,fb5214d8d1bf5caa839f81a965024f62,dc4caefd66c755379525f1964974e81b,limit_spin_density_zero_rect2x3,rect2x3_hole_2,637,21331,0.0009765625
haxs.stage5c2gR32A.g1-deterministic.v1,fb5214d8d1bf5caa839f81a965024f62,1c4c8c8d7a465e04b1665891fe986bd9,limit_spin_density_zero_rect2x3,rect2x3_hole_2,638,21332,0.0009765625
haxs.stage5c2gR32A.g1-deterministic.v1,fb5214d8d1bf5caa839f81a965024f62,786767ebacb35c928826a03c6779992b,limit_spin_density_zero_rect2x3,rect2x3_hole_2,639,21333,0.0009765625
haxs.stage5c2gR32A.g1-deterministic.v1,fb5214d8d1bf5caa839f81a965024f62,0e6ac3eda5225644b26e75b9060487d1,limit_spin_density_zero_rect2x3,rect2x3_hole_2,640,22000,0.0009765625
haxs.stage5c2gR32A.g1-deterministic.v1,fb5214d8d1bf5caa839f81a965024f62,f3aa7035c8ea5c8b8cab693989127f14,limit_spin_density_zero_rect2x3,rect2x3_hole_2,641,22001,0.0009765625
haxs.stage5c2gR32A.g1-deterministic.v1,fb5214d8d1bf5caa839f81a965024f62,f459a2b817ce50aea50f7234b357d4bf,limit_spin_density_zero_rect2x3,rect2x3_hole_2,642,22002,0.0009765625
haxs.stage5c2gR32A.g1-deterministic.v1,fb5214d8d1bf5caa839f81a965024f62,548df3ce961c569b83fadc31d8ee3805,limit_spin_density_zero_rect2x3,rect2x3_hole_2,643,22003,0.0009765625
haxs.stage5c2gR32A.g1-deterministic.v1,fb5214d8d1bf5caa839f81a965024f62,303387c0c02c5517965b8bbd92b5d5f2,limit_spin_density_zero_rect2x3,rect2x3_hole_2,644,22010,0.0009765625
haxs.stage5c2gR32A.g1-deterministic.v1,fb5214d8d1bf5caa839f81a965024f62,64ff636206be5f168889b8b3ebe577fd,limit_spin_density_zero_rect2x3,rect2x3_hole_2,645,22011,0.0009765625
haxs.stage5c2gR32A.g1-deterministic.v1,fb5214d8d1bf5caa839f81a965024f62,fbedd2c45fb257ef9b175c56f573e16f,limit_spin_density_zero_rect2x3,rect2x3_hole_2,646,22012,0.0009765625
haxs.stage5c2gR32A.g1-deterministic.v1,fb5214d8d1bf5caa839f81a965024f62,654c973bca53504fac0ebd08236df91a,limit_spin_density_zero_rect2x3,rect2x3_hole_2,647,22013,0.0009765625
haxs.stage5c2gR32A.g1-deterministic.v1,fb5214d8d1bf5caa839f81a965024f62,4271b5755f455fcf8abbea4efdb170be,limit_spin_density_zero_rect2x3,rect2x3_hole_2,648,22020,0.0009765625
haxs.stage5c2gR32A.g1-deterministic.v1,fb5214d8d1bf5caa839f81a965024f62,470610748e4d5246921c752c66797b32,limit_spin_density_zero_rect2x3,rect2x3_hole_2,649,22021,0.0009765625
haxs.stage5c2gR32A.g1-deterministic.v1,fb5214d8d1bf5caa839f81a965024f62,88b02277e4b152f280dfe0d3683da692,limit_spin_density_zero_rect2x3,rect2x3_hole_2,650,22022,0.0009765625
haxs.stage5c2gR32A.g1-deterministic.v1,fb5214d8d1bf5caa839f81a965024f62,c8fa005aead95ee589f1bbe335e9e8ae,limit_spin_density_zero_rect2x3,rect2x3_hole_2,651,22023,0.0009765625
haxs.stage5c2gR32A.g1-deterministic.v1,fb5214d8d1bf5caa839f81a965024f62,92aa22dea00b56d18d3606ef9d380e3f,limit_spin_density_zero_rect2x3,rect2x3_hole_2,652,22030,0.0009765625
haxs.stage5c2gR32A.g1-deterministic.v1,fb5214d8d1bf5caa839f81a965024f62,bedb332025f356e7ac764dfe61d6946e,limit_spin_density_zero_rect2x3,rect2x3_hole_2,653,22031,0.0009765625
haxs.stage5c2gR32A.g1-deterministic.v1,fb5214d8d1bf5caa839f81a965024f62,aca71640951553f0a5f2fbd3e58e35da,limit_spin_density_zero_rect2x3,rect2x3_hole_2,654,22032,0.0009765625
haxs.stage5c2gR32A.g1-deterministic.v1,fb5214d8d1bf5caa839f81a965024f62,181f8e1819fe51afbb13e9e436ec83cc,limit_spin_density_zero_rect2x3,rect2x3_hole_2,655,22033,0.0009765625
haxs.stage5c2gR32A.g1-deterministic.v1,fb5214d8d1bf5caa839f81a965024f62,c361d7891b015ec78b92030b460858b6,limit_spin_density_zero_rect2x3,rect2x3_hole_2,656,22100,0.0009765625
haxs.stage5c2gR32A.g1-deterministic.v1,fb5214d8d1bf5caa839f81a965024f62,958b75435ab95d3c96fb419adc3aefe5,limit_spin_density_zero_rect2x3,rect2x3_hole_2,657,22101,0.0009765625
haxs.stage5c2gR32A.g1-deterministic.v1,fb5214d8d1bf5caa839f81a965024f62,7e103d7da6f4592382625529b909baf4,limit_spin_density_zero_rect2x3,rect2x3_hole_2,658,22102,0.0009765625
haxs.stage5c2gR32A.g1-deterministic.v1,fb5214d8d1bf5caa839f81a965024f62,5eca9ee6adb657048fa6943684948b32,limit_spin_density_zero_rect2x3,rect2x3_hole_2,659,22103,0.0009765625
haxs.stage5c2gR32A.g1-deterministic.v1,fb5214d8d1bf5caa839f81a965024f62,e447a9f4bc265f1ab7f713f6c49c36d9,limit_spin_density_zero_rect2x3,rect2x3_hole_2,660,22110,0.0009765625
haxs.stage5c2gR32A.g1-deterministic.v1,fb5214d8d1bf5caa839f81a965024f62,ffd8aca46c6451e981d4a2815415f58a,limit_spin_density_zero_rect2x3,rect2x3_hole_2,661,22111,0.0009765625
haxs.stage5c2gR32A.g1-deterministic.v1,fb5214d8d1bf5caa839f81a965024f62,20256820d0bf544889510d86cd59be85,limit_spin_density_zero_rect2x3,rect2x3_hole_2,662,22112,0.0009765625
haxs.stage5c2gR32A.g1-deterministic.v1,fb5214d8d1bf5caa839f81a965024f62,eba6874e3e085c40b2d68552d5fc65f7,limit_spin_density_zero_rect2x3,rect2x3_hole_2,663,22113,0.0009765625
haxs.stage5c2gR32A.g1-deterministic.v1,fb5214d8d1bf5caa839f81a965024f62,a02dd1d1840a511eb75261bd8818e21d,limit_spin_density_zero_rect2x3,rect2x3_hole_2,664,22120,0.0009765625
haxs.stage5c2gR32A.g1-deterministic.v1,fb5214d8d1bf5caa839f81a965024f62,09cf1db89295597485490d3a2ff833a5,limit_spin_density_zero_rect2x3,rect2x3_hole_2,665,22121,0.0009765625
haxs.stage5c2gR32A.g1-deterministic.v1,fb5214d8d1bf5caa839f81a965024f62,08b6d20b38455415a5c0ae0e41c70fdb,limit_spin_density_zero_rect2x3,rect2x3_hole_2,666,22122,0.0009765625
haxs.stage5c2gR32A.g1-deterministic.v1,fb5214d8d1bf5caa839f81a965024f62,530bd796afef513f83e15e9e33983353,limit_spin_density_zero_rect2x3,rect2x3_hole_2,667,22123,0.0009765625
haxs.stage5c2gR32A.g1-deterministic.v1,fb5214d8d1bf5caa839f81a965024f62,908db7e0c1aa5876a2d0c8202fc500e4,limit_spin_density_zero_rect2x3,rect2x3_hole_2,668,22130,0.0009765625
haxs.stage5c2gR32A.g1-deterministic.v1,fb5214d8d1bf5caa839f81a965024f62,cf2ae9b3357856d988f363b4f3ddb686,limit_spin_density_zero_rect2x3,rect2x3_hole_2,669,22131,0.0009765625
haxs.stage5c2gR32A.g1-deterministic.v1,fb5214d8d1bf5caa839f81a965024f62,7fd46edfc362553198b3f5be3d2900d6,limit_spin_density_zero_rect2x3,rect2x3_hole_2,670,22132,0.0009765625
haxs.stage5c2gR32A.g1-deterministic.v1,fb5214d8d1bf5caa839f81a965024f62,6399398d5b845b38ae53e7d8be2461ce,limit_spin_density_zero_rect2x3,rect2x3_hole_2,671,22133,0.0009765625
haxs.stage5c2gR32A.g1-deterministic.v1,fb5214d8d1bf5caa839f81a965024f62,d52470ad64175f31ae802b1abbd51dba,limit_spin_density_zero_rect2x3,rect2x3_hole_2,672,22200,0.0009765625
haxs.stage5c2gR32A.g1-deterministic.v1,fb5214d8d1bf5caa839f81a965024f62,04fd65561da5563a963b2763af13c765,limit_spin_density_zero_rect2x3,rect2x3_hole_2,673,22201,0.0009765625
haxs.stage5c2gR32A.g1-deterministic.v1,fb5214d8d1bf5caa839f81a965024f62,bea77a9c699c5cb8a975c12049611551,limit_spin_density_zero_rect2x3,rect2x3_hole_2,674,22202,0.0009765625
haxs.stage5c2gR32A.g1-deterministic.v1,fb5214d8d1bf5caa839f81a965024f62,a459ed7e8fa454d3bc2e6bf08a892393,limit_spin_density_zero_rect2x3,rect2x3_hole_2,675,22203,0.0009765625
haxs.stage5c2gR32A.g1-deterministic.v1,fb5214d8d1bf5caa839f81a965024f62,8fc887cfbf565730babb91ebf5cf1d84,limit_spin_density_zero_rect2x3,rect2x3_hole_2,676,22210,0.0009765625
haxs.stage5c2gR32A.g1-deterministic.v1,fb5214d8d1bf5caa839f81a965024f62,fc13ada86b0454268a156271707d62e9,limit_spin_density_zero_rect2x3,rect2x3_hole_2,677,22211,0.0009765625
haxs.stage5c2gR32A.g1-deterministic.v1,fb5214d8d1bf5caa839f81a965024f62,ee800679840e5d0a9b86d9b06817e738,limit_spin_density_zero_rect2x3,rect2x3_hole_2,678,22212,0.0009765625
haxs.stage5c2gR32A.g1-deterministic.v1,fb5214d8d1bf5caa839f81a965024f62,d924df8de3d754309ee32b878ddd991d,limit_spin_density_zero_rect2x3,rect2x3_hole_2,679,22213,0.0009765625
haxs.stage5c2gR32A.g1-deterministic.v1,fb5214d8d1bf5caa839f81a965024f62,5cbe01de8d9d5362b74466aaa6d4ef75,limit_spin_density_zero_rect2x3,rect2x3_hole_2,680,22220,0.0009765625
haxs.stage5c2gR32A.g1-deterministic.v1,fb5214d8d1bf5caa839f81a965024f62,d5f325c680bb5afebb7928dd8407bec9,limit_spin_density_zero_rect2x3,rect2x3_hole_2,681,22221,0.0009765625
haxs.stage5c2gR32A.g1-deterministic.v1,fb5214d8d1bf5caa839f81a965024f62,41855c6b1d72562db5a3dfad518829d2,limit_spin_density_zero_rect2x3,rect2x3_hole_2,682,22222,0.0009765625
haxs.stage5c2gR32A.g1-deterministic.v1,fb5214d8d1bf5caa839f81a965024f62,6c9fabdc5cf95248b05c1e13abfbfafc,limit_spin_density_zero_rect2x3,rect2x3_hole_2,683,22223,0.0009765625
haxs.stage5c2gR32A.g1-deterministic.v1,fb5214d8d1bf5caa839f81a965024f62,0eb1857e04625d8b8f9ab99e5de92a9a,limit_spin_density_zero_rect2x3,rect2x3_hole_2,684,22230,0.0009765625
haxs.stage5c2gR32A.g1-deterministic.v1,fb5214d8d1bf5caa839f81a965024f62,9bfba0ba96d754dba78e7da4ff4048f0,limit_spin_density_zero_rect2x3,rect2x3_hole_2,685,22231,0.0009765625
haxs.stage5c2gR32A.g1-deterministic.v1,fb5214d8d1bf5caa839f81a965024f62,68799509e15c58bfaee61c83ff3b6a59,limit_spin_density_zero_rect2x3,rect2x3_hole_2,686,22232,0.0009765625
haxs.stage5c2gR32A.g1-deterministic.v1,fb5214d8d1bf5caa839f81a965024f62,32435444946958dc8f45fbcdd813ff51,limit_spin_density_zero_rect2x3,rect2x3_hole_2,687,22233,0.0009765625
haxs.stage5c2gR32A.g1-deterministic.v1,fb5214d8d1bf5caa839f81a965024f62,0c74c76e836c5b20b4dceaf7885062f0,limit_spin_density_zero_rect2x3,rect2x3_hole_2,688,22300,0.0009765625
haxs.stage5c2gR32A.g1-deterministic.v1,fb5214d8d1bf5caa839f81a965024f62,d496649b453657f083a6dc033bc73f58,limit_spin_density_zero_rect2x3,rect2x3_hole_2,689,22301,0.0009765625
haxs.stage5c2gR32A.g1-deterministic.v1,fb5214d8d1bf5caa839f81a965024f62,2f8ee260dac25d1e8cb29a3aa651d08a,limit_spin_density_zero_rect2x3,rect2x3_hole_2,690,22302,0.0009765625
haxs.stage5c2gR32A.g1-deterministic.v1,fb5214d8d1bf5caa839f81a965024f62,d00a83e8072c570696ad70df017ccfa6,limit_spin_density_zero_rect2x3,rect2x3_hole_2,691,22303,0.0009765625
haxs.stage5c2gR32A.g1-deterministic.v1,fb5214d8d1bf5caa839f81a965024f62,a3b03afa022651358f3f491b5b951058,limit_spin_density_zero_rect2x3,rect2x3_hole_2,692,22310,0.0009765625
haxs.stage5c2gR32A.g1-deterministic.v1,fb5214d8d1bf5caa839f81a965024f62,1c8d0f5a4b5157008d28cf5f98ef3e17,limit_spin_density_zero_rect2x3,rect2x3_hole_2,693,22311,0.0009765625
haxs.stage5c2gR32A.g1-deterministic.v1,fb5214d8d1bf5caa839f81a965024f62,317519a20216502a908a229335774820,limit_spin_density_zero_rect2x3,rect2x3_hole_2,694,22312,0.0009765625
haxs.stage5c2gR32A.g1-deterministic.v1,fb5214d8d1bf5caa839f81a965024f62,b25941a8ec0a5db881434b7a8568eea7,limit_spin_density_zero_rect2x3,rect2x3_hole_2,695,22313,0.0009765625
haxs.stage5c2gR32A.g1-deterministic.v1,fb5214d8d1bf5caa839f81a965024f62,369cd1c693d551c88ac3c0ec04f7addf,limit_spin_density_zero_rect2x3,rect2x3_hole_2,696,22320,0.0009765625
haxs.stage5c2gR32A.g1-deterministic.v1,fb5214d8d1bf5caa839f81a965024f62,12a689b4fd535b7d865a8809cbb5ac61,limit_spin_density_zero_rect2x3,rect2x3_hole_2,697,22321,0.0009765625
haxs.stage5c2gR32A.g1-deterministic.v1,fb5214d8d1bf5caa839f81a965024f62,c17d810cc98859829913d255bfcabd57,limit_spin_density_zero_rect2x3,rect2x3_hole_2,698,22322,0.0009765625
haxs.stage5c2gR32A.g1-deterministic.v1,fb5214d8d1bf5caa839f81a965024f62,5eb14502ebf15e21b06f2639a80a23a7,limit_spin_density_zero_rect2x3,rect2x3_hole_2,699,22323,0.0009765625
haxs.stage5c2gR32A.g1-deterministic.v1,fb5214d8d1bf5caa839f81a965024f62,04a6e8faa46652049acd4f17ab9d2be2,limit_spin_density_zero_rect2x3,rect2x3_hole_2,700,22330,0.0009765625
haxs.stage5c2gR32A.g1-deterministic.v1,fb5214d8d1bf5caa839f81a965024f62,80a622424b5d547ea3d1fe42f46243a2,limit_spin_density_zero_rect2x3,rect2x3_hole_2,701,22331,0.0009765625
haxs.stage5c2gR32A.g1-deterministic.v1,fb5214d8d1bf5caa839f81a965024f62,c7b7a2a3446b54fcbf62b64348392436,limit_spin_density_zero_rect2x3,rect2x3_hole_2,702,22332,0.0009765625
haxs.stage5c2gR32A.g1-deterministic.v1,fb5214d8d1bf5caa839f81a965024f62,e7b255ce23f952d8a76db2dec9e6200d,limit_spin_density_zero_rect2x3,rect2x3_hole_2,703,22333,0.0009765625
haxs.stage5c2gR32A.g1-deterministic.v1,fb5214d8d1bf5caa839f81a965024f62,58d65ed5926a50d195c94a184b4811ba,limit_spin_density_zero_rect2x3,rect2x3_hole_2,704,23000,0.0009765625
haxs.stage5c2gR32A.g1-deterministic.v1,fb5214d8d1bf5caa839f81a965024f62,f755b741cf5b5ef4abaae1ab19ebf64b,limit_spin_density_zero_rect2x3,rect2x3_hole_2,705,23001,0.0009765625
haxs.stage5c2gR32A.g1-deterministic.v1,fb5214d8d1bf5caa839f81a965024f62,adabd15ed20e5b44a77a74dc81b14907,limit_spin_density_zero_rect2x3,rect2x3_hole_2,706,23002,0.0009765625
haxs.stage5c2gR32A.g1-deterministic.v1,fb5214d8d1bf5caa839f81a965024f62,29f81734be7957cc9a4ed75ef6a0c30b,limit_spin_density_zero_rect2x3,rect2x3_hole_2,707,23003,0.0009765625
haxs.stage5c2gR32A.g1-deterministic.v1,fb5214d8d1bf5caa839f81a965024f62,9a3c3c539ef85b90b3a872e870d51347,limit_spin_density_zero_rect2x3,rect2x3_hole_2,708,23010,0.0009765625
haxs.stage5c2gR32A.g1-deterministic.v1,fb5214d8d1bf5caa839f81a965024f62,6f188c0c478957cda0d25cf5eb5d7189,limit_spin_density_zero_rect2x3,rect2x3_hole_2,709,23011,0.0009765625
haxs.stage5c2gR32A.g1-deterministic.v1,fb5214d8d1bf5caa839f81a965024f62,6461814ea3ff52fc965e49a190f44dfb,limit_spin_density_zero_rect2x3,rect2x3_hole_2,710,23012,0.0009765625
haxs.stage5c2gR32A.g1-deterministic.v1,fb5214d8d1bf5caa839f81a965024f62,018f7d51ece151d5b701fded26b567dd,limit_spin_density_zero_rect2x3,rect2x3_hole_2,711,23013,0.0009765625
haxs.stage5c2gR32A.g1-deterministic.v1,fb5214d8d1bf5caa839f81a965024f62,2846a84ef94f556c9b70e0ff80d69a93,limit_spin_density_zero_rect2x3,rect2x3_hole_2,712,23020,0.0009765625
haxs.stage5c2gR32A.g1-deterministic.v1,fb5214d8d1bf5caa839f81a965024f62,98f5b1beecbb5a718acb8811be450b92,limit_spin_density_zero_rect2x3,rect2x3_hole_2,713,23021,0.0009765625
haxs.stage5c2gR32A.g1-deterministic.v1,fb5214d8d1bf5caa839f81a965024f62,2faf41637aa855cf8b1dec2a009c46f2,limit_spin_density_zero_rect2x3,rect2x3_hole_2,714,23022,0.0009765625
haxs.stage5c2gR32A.g1-deterministic.v1,fb5214d8d1bf5caa839f81a965024f62,3ac7a08e4f6558349f865e1e299ef85b,limit_spin_density_zero_rect2x3,rect2x3_hole_2,715,23023,0.0009765625
haxs.stage5c2gR32A.g1-deterministic.v1,fb5214d8d1bf5caa839f81a965024f62,42f6d89c783e5033b46d28004362e944,limit_spin_density_zero_rect2x3,rect2x3_hole_2,716,23030,0.0009765625
haxs.stage5c2gR32A.g1-deterministic.v1,fb5214d8d1bf5caa839f81a965024f62,f94fd4205a015cada45083c186288b0b,limit_spin_density_zero_rect2x3,rect2x3_hole_2,717,23031,0.0009765625
haxs.stage5c2gR32A.g1-deterministic.v1,fb5214d8d1bf5caa839f81a965024f62,8da577e9c15458e3954fb33f81c4807b,limit_spin_density_zero_rect2x3,rect2x3_hole_2,718,23032,0.0009765625
haxs.stage5c2gR32A.g1-deterministic.v1,fb5214d8d1bf5caa839f81a965024f62,2672d66a14935a4ab59ddde3cf0cfe70,limit_spin_density_zero_rect2x3,rect2x3_hole_2,719,23033,0.0009765625
haxs.stage5c2gR32A.g1-deterministic.v1,fb5214d8d1bf5caa839f81a965024f62,4eef926c81f554b28e76f88eb3cd48d5,limit_spin_density_zero_rect2x3,rect2x3_hole_2,720,23100,0.0009765625
haxs.stage5c2gR32A.g1-deterministic.v1,fb5214d8d1bf5caa839f81a965024f62,a776086f092e53fdbbfe943976eb8d11,limit_spin_density_zero_rect2x3,rect2x3_hole_2,721,23101,0.0009765625
haxs.stage5c2gR32A.g1-deterministic.v1,fb5214d8d1bf5caa839f81a965024f62,80653ba397265046ae5732f11155578b,limit_spin_density_zero_rect2x3,rect2x3_hole_2,722,23102,0.0009765625
haxs.stage5c2gR32A.g1-deterministic.v1,fb5214d8d1bf5caa839f81a965024f62,321fd3f67c55518a8d0d8661f661e9e0,limit_spin_density_zero_rect2x3,rect2x3_hole_2,723,23103,0.0009765625
haxs.stage5c2gR32A.g1-deterministic.v1,fb5214d8d1bf5caa839f81a965024f62,a3a1cf0c41ba50ec8f4a613a461b4dc7,limit_spin_density_zero_rect2x3,rect2x3_hole_2,724,23110,0.0009765625
haxs.stage5c2gR32A.g1-deterministic.v1,fb5214d8d1bf5caa839f81a965024f62,bce718f72e965af99d4a84d8f67aa872,limit_spin_density_zero_rect2x3,rect2x3_hole_2,725,23111,0.0009765625
haxs.stage5c2gR32A.g1-deterministic.v1,fb5214d8d1bf5caa839f81a965024f62,2403e7a6f5cf55c6815bb6f1f0bc2efa,limit_spin_density_zero_rect2x3,rect2x3_hole_2,726,23112,0.0009765625
haxs.stage5c2gR32A.g1-deterministic.v1,fb5214d8d1bf5caa839f81a965024f62,d642ccbfb99b5069ab3b5ebca56d0f84,limit_spin_density_zero_rect2x3,rect2x3_hole_2,727,23113,0.0009765625
haxs.stage5c2gR32A.g1-deterministic.v1,fb5214d8d1bf5caa839f81a965024f62,9a4ce8d1a34951938921d9b7726391d5,limit_spin_density_zero_rect2x3,rect2x3_hole_2,728,23120,0.0009765625
haxs.stage5c2gR32A.g1-deterministic.v1,fb5214d8d1bf5caa839f81a965024f62,8d66e031398d52bfa6613f1c3b66006e,limit_spin_density_zero_rect2x3,rect2x3_hole_2,729,23121,0.0009765625
haxs.stage5c2gR32A.g1-deterministic.v1,fb5214d8d1bf5caa839f81a965024f62,09095d6204cb5a9daecc4f3cb2396216,limit_spin_density_zero_rect2x3,rect2x3_hole_2,730,23122,0.0009765625
haxs.stage5c2gR32A.g1-deterministic.v1,fb5214d8d1bf5caa839f81a965024f62,be16f90190795b5b847f61736c0e4619,limit_spin_density_zero_rect2x3,rect2x3_hole_2,731,23123,0.0009765625
haxs.stage5c2gR32A.g1-deterministic.v1,fb5214d8d1bf5caa839f81a965024f62,73181bc6ffa85981b7520aef9f2cd1db,limit_spin_density_zero_rect2x3,rect2x3_hole_2,732,23130,0.0009765625
haxs.stage5c2gR32A.g1-deterministic.v1,fb5214d8d1bf5caa839f81a965024f62,471c3d109e8e552db04ddd4c7135a358,limit_spin_density_zero_rect2x3,rect2x3_hole_2,733,23131,0.0009765625
haxs.stage5c2gR32A.g1-deterministic.v1,fb5214d8d1bf5caa839f81a965024f62,87d91c37c88a52628eec662e4f12cb4f,limit_spin_density_zero_rect2x3,rect2x3_hole_2,734,23132,0.0009765625
haxs.stage5c2gR32A.g1-deterministic.v1,fb5214d8d1bf5caa839f81a965024f62,07828cb2654557c3bb102f31c26e67b4,limit_spin_density_zero_rect2x3,rect2x3_hole_2,735,23133,0.0009765625
haxs.stage5c2gR32A.g1-deterministic.v1,fb5214d8d1bf5caa839f81a965024f62,070328de9d5057b892e403acd5742cb7,limit_spin_density_zero_rect2x3,rect2x3_hole_2,736,23200,0.0009765625
haxs.stage5c2gR32A.g1-deterministic.v1,fb5214d8d1bf5caa839f81a965024f62,5920cb56c1ec50cfa146c7e33c97662a,limit_spin_density_zero_rect2x3,rect2x3_hole_2,737,23201,0.0009765625
haxs.stage5c2gR32A.g1-deterministic.v1,fb5214d8d1bf5caa839f81a965024f62,c07f686d9d95545a9aacb8b4fe666c55,limit_spin_density_zero_rect2x3,rect2x3_hole_2,738,23202,0.0009765625
haxs.stage5c2gR32A.g1-deterministic.v1,fb5214d8d1bf5caa839f81a965024f62,4dedab0b89695127b0e601967f775bdb,limit_spin_density_zero_rect2x3,rect2x3_hole_2,739,23203,0.0009765625
haxs.stage5c2gR32A.g1-deterministic.v1,fb5214d8d1bf5caa839f81a965024f62,232ec656cb3b5a7c85d3044226b05e3a,limit_spin_density_zero_rect2x3,rect2x3_hole_2,740,23210,0.0009765625
haxs.stage5c2gR32A.g1-deterministic.v1,fb5214d8d1bf5caa839f81a965024f62,29edfca506be573dba444363e25f6a0c,limit_spin_density_zero_rect2x3,rect2x3_hole_2,741,23211,0.0009765625
haxs.stage5c2gR32A.g1-deterministic.v1,fb5214d8d1bf5caa839f81a965024f62,7d0031b9ff1f5610ad9b457f60ce64da,limit_spin_density_zero_rect2x3,rect2x3_hole_2,742,23212,0.0009765625
haxs.stage5c2gR32A.g1-deterministic.v1,fb5214d8d1bf5caa839f81a965024f62,63f565b8212357ea8b43748557ed4412,limit_spin_density_zero_rect2x3,rect2x3_hole_2,743,23213,0.0009765625
haxs.stage5c2gR32A.g1-deterministic.v1,fb5214d8d1bf5caa839f81a965024f62,6f342c1a285d5b38ba40b0dc95bdcbd6,limit_spin_density_zero_rect2x3,rect2x3_hole_2,744,23220,0.0009765625
haxs.stage5c2gR32A.g1-deterministic.v1,fb5214d8d1bf5caa839f81a965024f62,42dfe3c9d83a552690b57c1981d49b8f,limit_spin_density_zero_rect2x3,rect2x3_hole_2,745,23221,0.0009765625
haxs.stage5c2gR32A.g1-deterministic.v1,fb5214d8d1bf5caa839f81a965024f62,9d0a8095ed495093bd9be6834064eed0,limit_spin_density_zero_rect2x3,rect2x3_hole_2,746,23222,0.0009765625
haxs.stage5c2gR32A.g1-deterministic.v1,fb5214d8d1bf5caa839f81a965024f62,9baa7b38b8bc5782b996dda1d15e87b1,limit_spin_density_zero_rect2x3,rect2x3_hole_2,747,23223,0.0009765625
haxs.stage5c2gR32A.g1-deterministic.v1,fb5214d8d1bf5caa839f81a965024f62,377374534d5d585e9702bf1e22d1a6cb,limit_spin_density_zero_rect2x3,rect2x3_hole_2,748,23230,0.0009765625
haxs.stage5c2gR32A.g1-deterministic.v1,fb5214d8d1bf5caa839f81a965024f62,c75e2c56c63e58529fc86ebbc6dd9c79,limit_spin_density_zero_rect2x3,rect2x3_hole_2,749,23231,0.0009765625
haxs.stage5c2gR32A.g1-deterministic.v1,fb5214d8d1bf5caa839f81a965024f62,1651adc93d2c5133b0459c285b6f0b0b,limit_spin_density_zero_rect2x3,rect2x3_hole_2,750,23232,0.0009765625
haxs.stage5c2gR32A.g1-deterministic.v1,fb5214d8d1bf5caa839f81a965024f62,8ecd1fa02b885b3b9ec16e03bc66afe3,limit_spin_density_zero_rect2x3,rect2x3_hole_2,751,23233,0.0009765625
haxs.stage5c2gR32A.g1-deterministic.v1,fb5214d8d1bf5caa839f81a965024f62,70c48fbf03f458f6adb3522c5c57a21f,limit_spin_density_zero_rect2x3,rect2x3_hole_2,752,23300,0.0009765625
haxs.stage5c2gR32A.g1-deterministic.v1,fb5214d8d1bf5caa839f81a965024f62,8d11994b903d5d0b844fda27141a6325,limit_spin_density_zero_rect2x3,rect2x3_hole_2,753,23301,0.0009765625
haxs.stage5c2gR32A.g1-deterministic.v1,fb5214d8d1bf5caa839f81a965024f62,6cc017ffaf885f99a5c96adfedf7e1cf,limit_spin_density_zero_rect2x3,rect2x3_hole_2,754,23302,0.0009765625
haxs.stage5c2gR32A.g1-deterministic.v1,fb5214d8d1bf5caa839f81a965024f62,5e3467d6931a5290beb2a5cdc2a6fa8d,limit_spin_density_zero_rect2x3,rect2x3_hole_2,755,23303,0.0009765625
haxs.stage5c2gR32A.g1-deterministic.v1,fb5214d8d1bf5caa839f81a965024f62,ba767d75b23b536f8921c34012263a94,limit_spin_density_zero_rect2x3,rect2x3_hole_2,756,23310,0.0009765625
haxs.stage5c2gR32A.g1-deterministic.v1,fb5214d8d1bf5caa839f81a965024f62,90bed182e260585ea2dda6b483a9877a,limit_spin_density_zero_rect2x3,rect2x3_hole_2,757,23311,0.0009765625
haxs.stage5c2gR32A.g1-deterministic.v1,fb5214d8d1bf5caa839f81a965024f62,727a9f39fe63512ab8a2f278c4d6d921,limit_spin_density_zero_rect2x3,rect2x3_hole_2,758,23312,0.0009765625
haxs.stage5c2gR32A.g1-deterministic.v1,fb5214d8d1bf5caa839f81a965024f62,df247a7908905e29adf907b714b3f3c2,limit_spin_density_zero_rect2x3,rect2x3_hole_2,759,23313,0.0009765625
haxs.stage5c2gR32A.g1-deterministic.v1,fb5214d8d1bf5caa839f81a965024f62,8ef69900f2bb567f8952192290785dbc,limit_spin_density_zero_rect2x3,rect2x3_hole_2,760,23320,0.0009765625
haxs.stage5c2gR32A.g1-deterministic.v1,fb5214d8d1bf5caa839f81a965024f62,16462af968055849b1500a6bffc9112c,limit_spin_density_zero_rect2x3,rect2x3_hole_2,761,23321,0.0009765625
haxs.stage5c2gR32A.g1-deterministic.v1,fb5214d8d1bf5caa839f81a965024f62,89d97de314705c84999db0c3dae6bbdd,limit_spin_density_zero_rect2x3,rect2x3_hole_2,762,23322,0.0009765625
haxs.stage5c2gR32A.g1-deterministic.v1,fb5214d8d1bf5caa839f81a965024f62,4b1c7ed7ed015d989c9aa739643e50ef,limit_spin_density_zero_rect2x3,rect2x3_hole_2,763,23323,0.0009765625
haxs.stage5c2gR32A.g1-deterministic.v1,fb5214d8d1bf5caa839f81a965024f62,64063a0be02850e1aa3687240bac5138,limit_spin_density_zero_rect2x3,rect2x3_hole_2,764,23330,0.0009765625
haxs.stage5c2gR32A.g1-deterministic.v1,fb5214d8d1bf5caa839f81a965024f62,4a85aa3ff747523a964fd252a239a0c0,limit_spin_density_zero_rect2x3,rect2x3_hole_2,765,23331,0.0009765625
haxs.stage5c2gR32A.g1-deterministic.v1,fb5214d8d1bf5caa839f81a965024f62,21439db4c5025734a1798e15c47f6011,limit_spin_density_zero_rect2x3,rect2x3_hole_2,766,23332,0.0009765625
haxs.stage5c2gR32A.g1-deterministic.v1,fb5214d8d1bf5caa839f81a965024f62,71d141f35c4550b3bd69003af5b417a9,limit_spin_density_zero_rect2x3,rect2x3_hole_2,767,23333,0.0009765625
haxs.stage5c2gR32A.g1-deterministic.v1,fb5214d8d1bf5caa839f81a965024f62,e07e36cd3bf75ce09ebd8c56d68d84c5,limit_spin_density_zero_rect2x3,rect2x3_hole_2,768,30000,0.0009765625
haxs.stage5c2gR32A.g1-deterministic.v1,fb5214d8d1bf5caa839f81a965024f62,35b04afb82bd54f484962a5833a46fcf,limit_spin_density_zero_rect2x3,rect2x3_hole_2,769,30001,0.0009765625
haxs.stage5c2gR32A.g1-deterministic.v1,fb5214d8d1bf5caa839f81a965024f62,1b1e6459c72a5482a2f522d55908abab,limit_spin_density_zero_rect2x3,rect2x3_hole_2,770,30002,0.0009765625
haxs.stage5c2gR32A.g1-deterministic.v1,fb5214d8d1bf5caa839f81a965024f62,13edaf7cfb2b51558fdc657f28fded3a,limit_spin_density_zero_rect2x3,rect2x3_hole_2,771,30003,0.0009765625
haxs.stage5c2gR32A.g1-deterministic.v1,fb5214d8d1bf5caa839f81a965024f62,36b8fc103cad5443be70af08b9c8608b,limit_spin_density_zero_rect2x3,rect2x3_hole_2,772,30010,0.0009765625
haxs.stage5c2gR32A.g1-deterministic.v1,fb5214d8d1bf5caa839f81a965024f62,e4d8b0d26a9c50e29dec0b0532fbc977,limit_spin_density_zero_rect2x3,rect2x3_hole_2,773,30011,0.0009765625
haxs.stage5c2gR32A.g1-deterministic.v1,fb5214d8d1bf5caa839f81a965024f62,972d18c9588b533d9ed9c5daac88f0f0,limit_spin_density_zero_rect2x3,rect2x3_hole_2,774,30012,0.0009765625
haxs.stage5c2gR32A.g1-deterministic.v1,fb5214d8d1bf5caa839f81a965024f62,13394d5ab6325a9d9b0c6dd4239b0b3b,limit_spin_density_zero_rect2x3,rect2x3_hole_2,775,30013,0.0009765625
haxs.stage5c2gR32A.g1-deterministic.v1,fb5214d8d1bf5caa839f81a965024f62,7ec3b4d0086552b4bfab2da207906286,limit_spin_density_zero_rect2x3,rect2x3_hole_2,776,30020,0.0009765625
haxs.stage5c2gR32A.g1-deterministic.v1,fb5214d8d1bf5caa839f81a965024f62,7cd601d9413f50ceb41c4666c0359eca,limit_spin_density_zero_rect2x3,rect2x3_hole_2,777,30021,0.0009765625
haxs.stage5c2gR32A.g1-deterministic.v1,fb5214d8d1bf5caa839f81a965024f62,749afa3aa3245ac9a9c92003f8027463,limit_spin_density_zero_rect2x3,rect2x3_hole_2,778,30022,0.0009765625
haxs.stage5c2gR32A.g1-deterministic.v1,fb5214d8d1bf5caa839f81a965024f62,c7e39226a8c85a039ecddb5aaef15be7,limit_spin_density_zero_rect2x3,rect2x3_hole_2,779,30023,0.0009765625
haxs.stage5c2gR32A.g1-deterministic.v1,fb5214d8d1bf5caa839f81a965024f62,b49059aad81250339e19457878046982,limit_spin_density_zero_rect2x3,rect2x3_hole_2,780,30030,0.0009765625
haxs.stage5c2gR32A.g1-deterministic.v1,fb5214d8d1bf5caa839f81a965024f62,f689b37069455bc1bdfef2d3b95a3206,limit_spin_density_zero_rect2x3,rect2x3_hole_2,781,30031,0.0009765625
haxs.stage5c2gR32A.g1-deterministic.v1,fb5214d8d1bf5caa839f81a965024f62,28630c5f4da250478b3b273336ddb7fe,limit_spin_density_zero_rect2x3,rect2x3_hole_2,782,30032,0.0009765625
haxs.stage5c2gR32A.g1-deterministic.v1,fb5214d8d1bf5caa839f81a965024f62,34417c3394505bfcb93a6405191f6ff1,limit_spin_density_zero_rect2x3,rect2x3_hole_2,783,30033,0.0009765625
haxs.stage5c2gR32A.g1-deterministic.v1,fb5214d8d1bf5caa839f81a965024f62,f46bad12e0cd554f8d9a99668bafe729,limit_spin_density_zero_rect2x3,rect2x3_hole_2,784,30100,0.0009765625
haxs.stage5c2gR32A.g1-deterministic.v1,fb5214d8d1bf5caa839f81a965024f62,910889a5cdfa503697b9ce10345ab6b3,limit_spin_density_zero_rect2x3,rect2x3_hole_2,785,30101,0.0009765625
haxs.stage5c2gR32A.g1-deterministic.v1,fb5214d8d1bf5caa839f81a965024f62,696cdb4824145b10a8b680c173ee4d3b,limit_spin_density_zero_rect2x3,rect2x3_hole_2,786,30102,0.0009765625
haxs.stage5c2gR32A.g1-deterministic.v1,fb5214d8d1bf5caa839f81a965024f62,d6e695b2b2fa5e4fa768fe20a6b1fe6e,limit_spin_density_zero_rect2x3,rect2x3_hole_2,787,30103,0.0009765625
haxs.stage5c2gR32A.g1-deterministic.v1,fb5214d8d1bf5caa839f81a965024f62,ca756982d9c553d181ef978d475e8da0,limit_spin_density_zero_rect2x3,rect2x3_hole_2,788,30110,0.0009765625
haxs.stage5c2gR32A.g1-deterministic.v1,fb5214d8d1bf5caa839f81a965024f62,ec37c1d06955587a949e0f0bb9bd1838,limit_spin_density_zero_rect2x3,rect2x3_hole_2,789,30111,0.0009765625
haxs.stage5c2gR32A.g1-deterministic.v1,fb5214d8d1bf5caa839f81a965024f62,b865a4a42b925c57b6f20e1cd1f0cd8a,limit_spin_density_zero_rect2x3,rect2x3_hole_2,790,30112,0.0009765625
haxs.stage5c2gR32A.g1-deterministic.v1,fb5214d8d1bf5caa839f81a965024f62,3adf661f571551368733ede9eecb2149,limit_spin_density_zero_rect2x3,rect2x3_hole_2,791,30113,0.0009765625
haxs.stage5c2gR32A.g1-deterministic.v1,fb5214d8d1bf5caa839f81a965024f62,31c2f96c038c57e2aeeb549c646fd676,limit_spin_density_zero_rect2x3,rect2x3_hole_2,792,30120,0.0009765625
haxs.stage5c2gR32A.g1-deterministic.v1,fb5214d8d1bf5caa839f81a965024f62,4f0f433482875228b8fe9508b5f406bc,limit_spin_density_zero_rect2x3,rect2x3_hole_2,793,30121,0.0009765625
haxs.stage5c2gR32A.g1-deterministic.v1,fb5214d8d1bf5caa839f81a965024f62,c9bfa4a144e35fa08335d38adac37796,limit_spin_density_zero_rect2x3,rect2x3_hole_2,794,30122,0.0009765625
haxs.stage5c2gR32A.g1-deterministic.v1,fb5214d8d1bf5caa839f81a965024f62,43ba2e158f85578e8513be75e4bc4797,limit_spin_density_zero_rect2x3,rect2x3_hole_2,795,30123,0.0009765625
haxs.stage5c2gR32A.g1-deterministic.v1,fb5214d8d1bf5caa839f81a965024f62,073ea27adf5c5a66b56ade60cd46fa0e,limit_spin_density_zero_rect2x3,rect2x3_hole_2,796,30130,0.0009765625
haxs.stage5c2gR32A.g1-deterministic.v1,fb5214d8d1bf5caa839f81a965024f62,7be00146c4755bbb866ca26b35760317,limit_spin_density_zero_rect2x3,rect2x3_hole_2,797,30131,0.0009765625
haxs.stage5c2gR32A.g1-deterministic.v1,fb5214d8d1bf5caa839f81a965024f62,1940e025b7915d50b91c5d3d6e1341b7,limit_spin_density_zero_rect2x3,rect2x3_hole_2,798,30132,0.0009765625
haxs.stage5c2gR32A.g1-deterministic.v1,fb5214d8d1bf5caa839f81a965024f62,d20626726d0b5fc28d64b42c54b32f61,limit_spin_density_zero_rect2x3,rect2x3_hole_2,799,30133,0.0009765625
haxs.stage5c2gR32A.g1-deterministic.v1,fb5214d8d1bf5caa839f81a965024f62,c64ec3f9be155b4595e72d76ad604c27,limit_spin_density_zero_rect2x3,rect2x3_hole_2,800,30200,0.0009765625
haxs.stage5c2gR32A.g1-deterministic.v1,fb5214d8d1bf5caa839f81a965024f62,ea36f43b86175a8daa11049d90880c4e,limit_spin_density_zero_rect2x3,rect2x3_hole_2,801,30201,0.0009765625
haxs.stage5c2gR32A.g1-deterministic.v1,fb5214d8d1bf5caa839f81a965024f62,9f03e11a0b3a5b859e18d6f8405b68c7,limit_spin_density_zero_rect2x3,rect2x3_hole_2,802,30202,0.0009765625
haxs.stage5c2gR32A.g1-deterministic.v1,fb5214d8d1bf5caa839f81a965024f62,5cb65cc42f2e567f9ad128eea484e237,limit_spin_density_zero_rect2x3,rect2x3_hole_2,803,30203,0.0009765625
haxs.stage5c2gR32A.g1-deterministic.v1,fb5214d8d1bf5caa839f81a965024f62,046343073fdb56f2906b09415ea52bf7,limit_spin_density_zero_rect2x3,rect2x3_hole_2,804,30210,0.0009765625
haxs.stage5c2gR32A.g1-deterministic.v1,fb5214d8d1bf5caa839f81a965024f62,9b80ba5aa4b459b5a3d6402e458e4531,limit_spin_density_zero_rect2x3,rect2x3_hole_2,805,30211,0.0009765625
haxs.stage5c2gR32A.g1-deterministic.v1,fb5214d8d1bf5caa839f81a965024f62,0dec618f204d54a2becbf0738150ac39,limit_spin_density_zero_rect2x3,rect2x3_hole_2,806,30212,0.0009765625
haxs.stage5c2gR32A.g1-deterministic.v1,fb5214d8d1bf5caa839f81a965024f62,043d57df8fca5c51a9e847de62aa9086,limit_spin_density_zero_rect2x3,rect2x3_hole_2,807,30213,0.0009765625
haxs.stage5c2gR32A.g1-deterministic.v1,fb5214d8d1bf5caa839f81a965024f62,9465b49afeb45de4a4b2e79ca0305a5c,limit_spin_density_zero_rect2x3,rect2x3_hole_2,808,30220,0.0009765625
haxs.stage5c2gR32A.g1-deterministic.v1,fb5214d8d1bf5caa839f81a965024f62,45766949139a56fa8f493928051cfdde,limit_spin_density_zero_rect2x3,rect2x3_hole_2,809,30221,0.0009765625
haxs.stage5c2gR32A.g1-deterministic.v1,fb5214d8d1bf5caa839f81a965024f62,8dcf6e9f394c596589499f7a4359748f,limit_spin_density_zero_rect2x3,rect2x3_hole_2,810,30222,0.0009765625
haxs.stage5c2gR32A.g1-deterministic.v1,fb5214d8d1bf5caa839f81a965024f62,9f533a59d1305e5fa43dd213610b54b6,limit_spin_density_zero_rect2x3,rect2x3_hole_2,811,30223,0.0009765625
haxs.stage5c2gR32A.g1-deterministic.v1,fb5214d8d1bf5caa839f81a965024f62,3766bfa4d23f5c03a2623278b32f329a,limit_spin_density_zero_rect2x3,rect2x3_hole_2,812,30230,0.0009765625
haxs.stage5c2gR32A.g1-deterministic.v1,fb5214d8d1bf5caa839f81a965024f62,c26259e7efca5f6cbc999d924d480ae4,limit_spin_density_zero_rect2x3,rect2x3_hole_2,813,30231,0.0009765625
haxs.stage5c2gR32A.g1-deterministic.v1,fb5214d8d1bf5caa839f81a965024f62,d349f7413bb55d2cbb540080cec91032,limit_spin_density_zero_rect2x3,rect2x3_hole_2,814,30232,0.0009765625
haxs.stage5c2gR32A.g1-deterministic.v1,fb5214d8d1bf5caa839f81a965024f62,2aa6110a577e5d999455d76340e3ab2e,limit_spin_density_zero_rect2x3,rect2x3_hole_2,815,30233,0.0009765625
haxs.stage5c2gR32A.g1-deterministic.v1,fb5214d8d1bf5caa839f81a965024f62,321d75b9bea858ec8c345df46feca65e,limit_spin_density_zero_rect2x3,rect2x3_hole_2,816,30300,0.0009765625
haxs.stage5c2gR32A.g1-deterministic.v1,fb5214d8d1bf5caa839f81a965024f62,cbf2a8e4f5ad5c15b392e89b6c089d42,limit_spin_density_zero_rect2x3,rect2x3_hole_2,817,30301,0.0009765625
haxs.stage5c2gR32A.g1-deterministic.v1,fb5214d8d1bf5caa839f81a965024f62,812de78fd18557728f036f41a4257389,limit_spin_density_zero_rect2x3,rect2x3_hole_2,818,30302,0.0009765625
haxs.stage5c2gR32A.g1-deterministic.v1,fb5214d8d1bf5caa839f81a965024f62,62e3cf17afbc5897bdca3b947687f538,limit_spin_density_zero_rect2x3,rect2x3_hole_2,819,30303,0.0009765625
haxs.stage5c2gR32A.g1-deterministic.v1,fb5214d8d1bf5caa839f81a965024f62,fc1ee4a6f7dc5579961663d9d2938f40,limit_spin_density_zero_rect2x3,rect2x3_hole_2,820,30310,0.0009765625
haxs.stage5c2gR32A.g1-deterministic.v1,fb5214d8d1bf5caa839f81a965024f62,e5a6de5db6855424b8c575450a5dd4e1,limit_spin_density_zero_rect2x3,rect2x3_hole_2,821,30311,0.0009765625
haxs.stage5c2gR32A.g1-deterministic.v1,fb5214d8d1bf5caa839f81a965024f62,1ac1f223909659c2894dd980bbfa19be,limit_spin_density_zero_rect2x3,rect2x3_hole_2,822,30312,0.0009765625
haxs.stage5c2gR32A.g1-deterministic.v1,fb5214d8d1bf5caa839f81a965024f62,6fa834bd86555949a0620958663501be,limit_spin_density_zero_rect2x3,rect2x3_hole_2,823,30313,0.0009765625
haxs.stage5c2gR32A.g1-deterministic.v1,fb5214d8d1bf5caa839f81a965024f62,66b8f55305e056e488beefe6cd9a9c50,limit_spin_density_zero_rect2x3,rect2x3_hole_2,824,30320,0.0009765625
haxs.stage5c2gR32A.g1-deterministic.v1,fb5214d8d1bf5caa839f81a965024f62,2be9d6d0a78f59c99a94f75afa3dff46,limit_spin_density_zero_rect2x3,rect2x3_hole_2,825,30321,0.0009765625
haxs.stage5c2gR32A.g1-deterministic.v1,fb5214d8d1bf5caa839f81a965024f62,fe9ed716d6985cd2920bb2761004c4f1,limit_spin_density_zero_rect2x3,rect2x3_hole_2,826,30322,0.0009765625
haxs.stage5c2gR32A.g1-deterministic.v1,fb5214d8d1bf5caa839f81a965024f62,9f74da0ddfc95383949432bcb103d76d,limit_spin_density_zero_rect2x3,rect2x3_hole_2,827,30323,0.0009765625
haxs.stage5c2gR32A.g1-deterministic.v1,fb5214d8d1bf5caa839f81a965024f62,b22a2133f4bf5a529882d49128be419a,limit_spin_density_zero_rect2x3,rect2x3_hole_2,828,30330,0.0009765625
haxs.stage5c2gR32A.g1-deterministic.v1,fb5214d8d1bf5caa839f81a965024f62,40dc4267d77f5ee68459c8040d9fad97,limit_spin_density_zero_rect2x3,rect2x3_hole_2,829,30331,0.0009765625
haxs.stage5c2gR32A.g1-deterministic.v1,fb5214d8d1bf5caa839f81a965024f62,0c2de1e25e6c5c6684bb15ac836af14c,limit_spin_density_zero_rect2x3,rect2x3_hole_2,830,30332,0.0009765625
haxs.stage5c2gR32A.g1-deterministic.v1,fb5214d8d1bf5caa839f81a965024f62,ed5faf5bb1455ef3baa7ef0ec87927ae,limit_spin_density_zero_rect2x3,rect2x3_hole_2,831,30333,0.0009765625
haxs.stage5c2gR32A.g1-deterministic.v1,fb5214d8d1bf5caa839f81a965024f62,51121e694ba55b7cae9aaf7b385a23ac,limit_spin_density_zero_rect2x3,rect2x3_hole_2,832,31000,0.0009765625
haxs.stage5c2gR32A.g1-deterministic.v1,fb5214d8d1bf5caa839f81a965024f62,cccccb71d5f85fc4b8c6c59131edfc0b,limit_spin_density_zero_rect2x3,rect2x3_hole_2,833,31001,0.0009765625
haxs.stage5c2gR32A.g1-deterministic.v1,fb5214d8d1bf5caa839f81a965024f62,84a5ee39a60e5af08a1e0e52ca37ccd3,limit_spin_density_zero_rect2x3,rect2x3_hole_2,834,31002,0.0009765625
haxs.stage5c2gR32A.g1-deterministic.v1,fb5214d8d1bf5caa839f81a965024f62,d0ddb2f570495f16be12e0df518ddb02,limit_spin_density_zero_rect2x3,rect2x3_hole_2,835,31003,0.0009765625
haxs.stage5c2gR32A.g1-deterministic.v1,fb5214d8d1bf5caa839f81a965024f62,03c9f2f007c757f68e2f47edd5955833,limit_spin_density_zero_rect2x3,rect2x3_hole_2,836,31010,0.0009765625
haxs.stage5c2gR32A.g1-deterministic.v1,fb5214d8d1bf5caa839f81a965024f62,0dce11b483d2597c85651ae73735d50c,limit_spin_density_zero_rect2x3,rect2x3_hole_2,837,31011,0.0009765625
haxs.stage5c2gR32A.g1-deterministic.v1,fb5214d8d1bf5caa839f81a965024f62,a8dc643f6c645aee8b8d0bec8a204637,limit_spin_density_zero_rect2x3,rect2x3_hole_2,838,31012,0.0009765625
haxs.stage5c2gR32A.g1-deterministic.v1,fb5214d8d1bf5caa839f81a965024f62,e8e478dd281650e88227d63deb96654c,limit_spin_density_zero_rect2x3,rect2x3_hole_2,839,31013,0.0009765625
haxs.stage5c2gR32A.g1-deterministic.v1,fb5214d8d1bf5caa839f81a965024f62,d104872e33065ece8b1ff7d51346440a,limit_spin_density_zero_rect2x3,rect2x3_hole_2,840,31020,0.0009765625
haxs.stage5c2gR32A.g1-deterministic.v1,fb5214d8d1bf5caa839f81a965024f62,701141e006e155559ed3771c64740b46,limit_spin_density_zero_rect2x3,rect2x3_hole_2,841,31021,0.0009765625
haxs.stage5c2gR32A.g1-deterministic.v1,fb5214d8d1bf5caa839f81a965024f62,58d955b62a4a5d798e07a8f169318625,limit_spin_density_zero_rect2x3,rect2x3_hole_2,842,31022,0.0009765625
haxs.stage5c2gR32A.g1-deterministic.v1,fb5214d8d1bf5caa839f81a965024f62,45af96d2709c5d1e9a88238b6af9e50e,limit_spin_density_zero_rect2x3,rect2x3_hole_2,843,31023,0.0009765625
haxs.stage5c2gR32A.g1-deterministic.v1,fb5214d8d1bf5caa839f81a965024f62,7516a13580475b0a92e69baf7bca46fe,limit_spin_density_zero_rect2x3,rect2x3_hole_2,844,31030,0.0009765625
haxs.stage5c2gR32A.g1-deterministic.v1,fb5214d8d1bf5caa839f81a965024f62,349921346c5b55b496b318b795f235b1,limit_spin_density_zero_rect2x3,rect2x3_hole_2,845,31031,0.0009765625
haxs.stage5c2gR32A.g1-deterministic.v1,fb5214d8d1bf5caa839f81a965024f62,e61068bf7f9455959f2188f0676a0211,limit_spin_density_zero_rect2x3,rect2x3_hole_2,846,31032,0.0009765625
haxs.stage5c2gR32A.g1-deterministic.v1,fb5214d8d1bf5caa839f81a965024f62,7d51e831ac3b57309bf881dfb15f327a,limit_spin_density_zero_rect2x3,rect2x3_hole_2,847,31033,0.0009765625
haxs.stage5c2gR32A.g1-deterministic.v1,fb5214d8d1bf5caa839f81a965024f62,ba722f22174454009fa9d63dba8a4f3f,limit_spin_density_zero_rect2x3,rect2x3_hole_2,848,31100,0.0009765625
haxs.stage5c2gR32A.g1-deterministic.v1,fb5214d8d1bf5caa839f81a965024f62,1485fb2a22ea52d1b25e9c27965295a2,limit_spin_density_zero_rect2x3,rect2x3_hole_2,849,31101,0.0009765625
haxs.stage5c2gR32A.g1-deterministic.v1,fb5214d8d1bf5caa839f81a965024f62,c514819e7d875041a9aa80a3098c0a3e,limit_spin_density_zero_rect2x3,rect2x3_hole_2,850,31102,0.0009765625
haxs.stage5c2gR32A.g1-deterministic.v1,fb5214d8d1bf5caa839f81a965024f62,3ff4164b2cd75726b9d4c5af87261f46,limit_spin_density_zero_rect2x3,rect2x3_hole_2,851,31103,0.0009765625
haxs.stage5c2gR32A.g1-deterministic.v1,fb5214d8d1bf5caa839f81a965024f62,a0fede5df1be5d1dba903a011f75c77f,limit_spin_density_zero_rect2x3,rect2x3_hole_2,852,31110,0.0009765625
haxs.stage5c2gR32A.g1-deterministic.v1,fb5214d8d1bf5caa839f81a965024f62,fee7c3eb2e725efbbe5f1605e85ffed5,limit_spin_density_zero_rect2x3,rect2x3_hole_2,853,31111,0.0009765625
haxs.stage5c2gR32A.g1-deterministic.v1,fb5214d8d1bf5caa839f81a965024f62,54b19f61e49058bba238157f00eaf61a,limit_spin_density_zero_rect2x3,rect2x3_hole_2,854,31112,0.0009765625
haxs.stage5c2gR32A.g1-deterministic.v1,fb5214d8d1bf5caa839f81a965024f62,26e2a1769b4d50cc96bc40ffebc9b39b,limit_spin_density_zero_rect2x3,rect2x3_hole_2,855,31113,0.0009765625
haxs.stage5c2gR32A.g1-deterministic.v1,fb5214d8d1bf5caa839f81a965024f62,18926027b9a35dba95fc71b33c52dc83,limit_spin_density_zero_rect2x3,rect2x3_hole_2,856,31120,0.0009765625
haxs.stage5c2gR32A.g1-deterministic.v1,fb5214d8d1bf5caa839f81a965024f62,888145f5ed2f5bbe83a0fcaa925064d2,limit_spin_density_zero_rect2x3,rect2x3_hole_2,857,31121,0.0009765625
haxs.stage5c2gR32A.g1-deterministic.v1,fb5214d8d1bf5caa839f81a965024f62,338af116214e5fa7a06453eefa5b6dc8,limit_spin_density_zero_rect2x3,rect2x3_hole_2,858,31122,0.0009765625
haxs.stage5c2gR32A.g1-deterministic.v1,fb5214d8d1bf5caa839f81a965024f62,725a3757e8715e51b78f56a904796763,limit_spin_density_zero_rect2x3,rect2x3_hole_2,859,31123,0.0009765625
haxs.stage5c2gR32A.g1-deterministic.v1,fb5214d8d1bf5caa839f81a965024f62,2232feca885a5fceab153f35479dd5cc,limit_spin_density_zero_rect2x3,rect2x3_hole_2,860,31130,0.0009765625
haxs.stage5c2gR32A.g1-deterministic.v1,fb5214d8d1bf5caa839f81a965024f62,81a0a0260d26574ba9640d71ca2eae92,limit_spin_density_zero_rect2x3,rect2x3_hole_2,861,31131,0.0009765625
haxs.stage5c2gR32A.g1-deterministic.v1,fb5214d8d1bf5caa839f81a965024f62,4cff8d11344952f78574e2dfe8e292f9,limit_spin_density_zero_rect2x3,rect2x3_hole_2,862,31132,0.0009765625
haxs.stage5c2gR32A.g1-deterministic.v1,fb5214d8d1bf5caa839f81a965024f62,98130d5a9ff1585095bad75786f405db,limit_spin_density_zero_rect2x3,rect2x3_hole_2,863,31133,0.0009765625
haxs.stage5c2gR32A.g1-deterministic.v1,fb5214d8d1bf5caa839f81a965024f62,9224506a999756e38df41be921760a61,limit_spin_density_zero_rect2x3,rect2x3_hole_2,864,31200,0.0009765625
haxs.stage5c2gR32A.g1-deterministic.v1,fb5214d8d1bf5caa839f81a965024f62,b2eb190448925ce88575bfa73be2ef11,limit_spin_density_zero_rect2x3,rect2x3_hole_2,865,31201,0.0009765625
haxs.stage5c2gR32A.g1-deterministic.v1,fb5214d8d1bf5caa839f81a965024f62,83c781e017895ea69e882a87f3e2d791,limit_spin_density_zero_rect2x3,rect2x3_hole_2,866,31202,0.0009765625
haxs.stage5c2gR32A.g1-deterministic.v1,fb5214d8d1bf5caa839f81a965024f62,376f527359045240a21e4116eb600d54,limit_spin_density_zero_rect2x3,rect2x3_hole_2,867,31203,0.0009765625
haxs.stage5c2gR32A.g1-deterministic.v1,fb5214d8d1bf5caa839f81a965024f62,e7811baf566a5522837a7bdd0976b76b,limit_spin_density_zero_rect2x3,rect2x3_hole_2,868,31210,0.0009765625
haxs.stage5c2gR32A.g1-deterministic.v1,fb5214d8d1bf5caa839f81a965024f62,ac7299cc1fcf56b7921e1c1bacae6066,limit_spin_density_zero_rect2x3,rect2x3_hole_2,869,31211,0.0009765625
haxs.stage5c2gR32A.g1-deterministic.v1,fb5214d8d1bf5caa839f81a965024f62,dd42f9a6cd295c1b8c7328f3d236d3aa,limit_spin_density_zero_rect2x3,rect2x3_hole_2,870,31212,0.0009765625
haxs.stage5c2gR32A.g1-deterministic.v1,fb5214d8d1bf5caa839f81a965024f62,d1c2b23f12e95c10a11a4e41627dc9d0,limit_spin_density_zero_rect2x3,rect2x3_hole_2,871,31213,0.0009765625
haxs.stage5c2gR32A.g1-deterministic.v1,fb5214d8d1bf5caa839f81a965024f62,db8121ac1bf35ff2812914fe99bc81ee,limit_spin_density_zero_rect2x3,rect2x3_hole_2,872,31220,0.0009765625
haxs.stage5c2gR32A.g1-deterministic.v1,fb5214d8d1bf5caa839f81a965024f62,d66954e61a1c5acbbe1e3d1d724d13a9,limit_spin_density_zero_rect2x3,rect2x3_hole_2,873,31221,0.0009765625
haxs.stage5c2gR32A.g1-deterministic.v1,fb5214d8d1bf5caa839f81a965024f62,1daf01e7179952e2a265edc15c251873,limit_spin_density_zero_rect2x3,rect2x3_hole_2,874,31222,0.0009765625
haxs.stage5c2gR32A.g1-deterministic.v1,fb5214d8d1bf5caa839f81a965024f62,00087f763c4853fd9255f9174d943e91,limit_spin_density_zero_rect2x3,rect2x3_hole_2,875,31223,0.0009765625
haxs.stage5c2gR32A.g1-deterministic.v1,fb5214d8d1bf5caa839f81a965024f62,691422fa8b6054d78072fe7542ad421f,limit_spin_density_zero_rect2x3,rect2x3_hole_2,876,31230,0.0009765625
haxs.stage5c2gR32A.g1-deterministic.v1,fb5214d8d1bf5caa839f81a965024f62,e795f6968d8e536897c664cf47e166ad,limit_spin_density_zero_rect2x3,rect2x3_hole_2,877,31231,0.0009765625
haxs.stage5c2gR32A.g1-deterministic.v1,fb5214d8d1bf5caa839f81a965024f62,d2ef5c6a4f66577ba01f21373eada67a,limit_spin_density_zero_rect2x3,rect2x3_hole_2,878,31232,0.0009765625
haxs.stage5c2gR32A.g1-deterministic.v1,fb5214d8d1bf5caa839f81a965024f62,ecaa4d0a9b6a5c83b4f31d4c260a4a1b,limit_spin_density_zero_rect2x3,rect2x3_hole_2,879,31233,0.0009765625
haxs.stage5c2gR32A.g1-deterministic.v1,fb5214d8d1bf5caa839f81a965024f62,4a2d087db7c5558e9cb4d1635b296d7f,limit_spin_density_zero_rect2x3,rect2x3_hole_2,880,31300,0.0009765625
haxs.stage5c2gR32A.g1-deterministic.v1,fb5214d8d1bf5caa839f81a965024f62,9e6a9e627bb85c409e32f65a216ae416,limit_spin_density_zero_rect2x3,rect2x3_hole_2,881,31301,0.0009765625
haxs.stage5c2gR32A.g1-deterministic.v1,fb5214d8d1bf5caa839f81a965024f62,bb141898ae335a2d9def51a632a26804,limit_spin_density_zero_rect2x3,rect2x3_hole_2,882,31302,0.0009765625
haxs.stage5c2gR32A.g1-deterministic.v1,fb5214d8d1bf5caa839f81a965024f62,d95fe18dc15b5525ba6a302a0fc286f8,limit_spin_density_zero_rect2x3,rect2x3_hole_2,883,31303,0.0009765625
haxs.stage5c2gR32A.g1-deterministic.v1,fb5214d8d1bf5caa839f81a965024f62,53e28a3b5955548da828a8255779113a,limit_spin_density_zero_rect2x3,rect2x3_hole_2,884,31310,0.0009765625
haxs.stage5c2gR32A.g1-deterministic.v1,fb5214d8d1bf5caa839f81a965024f62,e2285ee929fb5ca1a33210af85663a29,limit_spin_density_zero_rect2x3,rect2x3_hole_2,885,31311,0.0009765625
haxs.stage5c2gR32A.g1-deterministic.v1,fb5214d8d1bf5caa839f81a965024f62,aae466c888005f36970ea10c3ff24f3d,limit_spin_density_zero_rect2x3,rect2x3_hole_2,886,31312,0.0009765625
haxs.stage5c2gR32A.g1-deterministic.v1,fb5214d8d1bf5caa839f81a965024f62,9a96c976fc4c5b0eaf6c737412265467,limit_spin_density_zero_rect2x3,rect2x3_hole_2,887,31313,0.0009765625
haxs.stage5c2gR32A.g1-deterministic.v1,fb5214d8d1bf5caa839f81a965024f62,65c1d20307905a5abbc764eec6055c83,limit_spin_density_zero_rect2x3,rect2x3_hole_2,888,31320,0.0009765625
haxs.stage5c2gR32A.g1-deterministic.v1,fb5214d8d1bf5caa839f81a965024f62,5a503b654ce552e790ae6367da3eae26,limit_spin_density_zero_rect2x3,rect2x3_hole_2,889,31321,0.0009765625
haxs.stage5c2gR32A.g1-deterministic.v1,fb5214d8d1bf5caa839f81a965024f62,152374d505e55b53a44dad7ef0e73e2e,limit_spin_density_zero_rect2x3,rect2x3_hole_2,890,31322,0.0009765625
haxs.stage5c2gR32A.g1-deterministic.v1,fb5214d8d1bf5caa839f81a965024f62,e2bc5f7e52e654e8a92424c58e32af79,limit_spin_density_zero_rect2x3,rect2x3_hole_2,891,31323,0.0009765625
haxs.stage5c2gR32A.g1-deterministic.v1,fb5214d8d1bf5caa839f81a965024f62,0ce564b083e3516fa81a62fe956c11ad,limit_spin_density_zero_rect2x3,rect2x3_hole_2,892,31330,0.0009765625
haxs.stage5c2gR32A.g1-deterministic.v1,fb5214d8d1bf5caa839f81a965024f62,68950342d6c7582fa7f27d6604087e09,limit_spin_density_zero_rect2x3,rect2x3_hole_2,893,31331,0.0009765625
haxs.stage5c2gR32A.g1-deterministic.v1,fb5214d8d1bf5caa839f81a965024f62,31f28baade99501a97a33fa5f205126c,limit_spin_density_zero_rect2x3,rect2x3_hole_2,894,31332,0.0009765625
haxs.stage5c2gR32A.g1-deterministic.v1,fb5214d8d1bf5caa839f81a965024f62,d25afa98c078586e94feda4c5bff1926,limit_spin_density_zero_rect2x3,rect2x3_hole_2,895,31333,0.0009765625
haxs.stage5c2gR32A.g1-deterministic.v1,fb5214d8d1bf5caa839f81a965024f62,939f43ab08e15b2fb623cc6a79769d0a,limit_spin_density_zero_rect2x3,rect2x3_hole_2,896,32000,0.0009765625
haxs.stage5c2gR32A.g1-deterministic.v1,fb5214d8d1bf5caa839f81a965024f62,a8130f6dcce1511cb19596350389b014,limit_spin_density_zero_rect2x3,rect2x3_hole_2,897,32001,0.0009765625
haxs.stage5c2gR32A.g1-deterministic.v1,fb5214d8d1bf5caa839f81a965024f62,9efab2246bd250e7aec7cee81c9a7bbd,limit_spin_density_zero_rect2x3,rect2x3_hole_2,898,32002,0.0009765625
haxs.stage5c2gR32A.g1-deterministic.v1,fb5214d8d1bf5caa839f81a965024f62,09a1c2fff18c5970844030973168f40d,limit_spin_density_zero_rect2x3,rect2x3_hole_2,899,32003,0.0009765625
haxs.stage5c2gR32A.g1-deterministic.v1,fb5214d8d1bf5caa839f81a965024f62,5abb6524d10a5b4789c2d759fbab4889,limit_spin_density_zero_rect2x3,rect2x3_hole_2,900,32010,0.0009765625
haxs.stage5c2gR32A.g1-deterministic.v1,fb5214d8d1bf5caa839f81a965024f62,6bb64d90bbc35a2699316658e426a576,limit_spin_density_zero_rect2x3,rect2x3_hole_2,901,32011,0.0009765625
haxs.stage5c2gR32A.g1-deterministic.v1,fb5214d8d1bf5caa839f81a965024f62,6a09b22d8a04583da246cb0a364bf834,limit_spin_density_zero_rect2x3,rect2x3_hole_2,902,32012,0.0009765625
haxs.stage5c2gR32A.g1-deterministic.v1,fb5214d8d1bf5caa839f81a965024f62,0798f451966854f88436ce8540882552,limit_spin_density_zero_rect2x3,rect2x3_hole_2,903,32013,0.0009765625
haxs.stage5c2gR32A.g1-deterministic.v1,fb5214d8d1bf5caa839f81a965024f62,38c8e04aff9255bebb47d09c0a631a0e,limit_spin_density_zero_rect2x3,rect2x3_hole_2,904,32020,0.0009765625
haxs.stage5c2gR32A.g1-deterministic.v1,fb5214d8d1bf5caa839f81a965024f62,f6dc487d18fd537bbd512b5d0a961c4f,limit_spin_density_zero_rect2x3,rect2x3_hole_2,905,32021,0.0009765625
haxs.stage5c2gR32A.g1-deterministic.v1,fb5214d8d1bf5caa839f81a965024f62,aa35dff7585459fe823cf22fab4b2056,limit_spin_density_zero_rect2x3,rect2x3_hole_2,906,32022,0.0009765625
haxs.stage5c2gR32A.g1-deterministic.v1,fb5214d8d1bf5caa839f81a965024f62,ed1471788f8c5e1280e52c03ef4c0240,limit_spin_density_zero_rect2x3,rect2x3_hole_2,907,32023,0.0009765625
haxs.stage5c2gR32A.g1-deterministic.v1,fb5214d8d1bf5caa839f81a965024f62,419012225bb55af5a22b6483d47d9984,limit_spin_density_zero_rect2x3,rect2x3_hole_2,908,32030,0.0009765625
haxs.stage5c2gR32A.g1-deterministic.v1,fb5214d8d1bf5caa839f81a965024f62,adb58c41b0765913a034cacaf6b9634f,limit_spin_density_zero_rect2x3,rect2x3_hole_2,909,32031,0.0009765625
haxs.stage5c2gR32A.g1-deterministic.v1,fb5214d8d1bf5caa839f81a965024f62,96630613eb2a5af78dbf89b0a6edea76,limit_spin_density_zero_rect2x3,rect2x3_hole_2,910,32032,0.0009765625
haxs.stage5c2gR32A.g1-deterministic.v1,fb5214d8d1bf5caa839f81a965024f62,fea4fd6dde115383bb97cd9dc5ddc356,limit_spin_density_zero_rect2x3,rect2x3_hole_2,911,32033,0.0009765625
haxs.stage5c2gR32A.g1-deterministic.v1,fb5214d8d1bf5caa839f81a965024f62,523ae52a2b5f5586b6f35706ad2874d5,limit_spin_density_zero_rect2x3,rect2x3_hole_2,912,32100,0.0009765625
haxs.stage5c2gR32A.g1-deterministic.v1,fb5214d8d1bf5caa839f81a965024f62,96574764944f5648a2d5002f9730d557,limit_spin_density_zero_rect2x3,rect2x3_hole_2,913,32101,0.0009765625
haxs.stage5c2gR32A.g1-deterministic.v1,fb5214d8d1bf5caa839f81a965024f62,9de79a4fc733528dac68c42c72ae4daf,limit_spin_density_zero_rect2x3,rect2x3_hole_2,914,32102,0.0009765625
haxs.stage5c2gR32A.g1-deterministic.v1,fb5214d8d1bf5caa839f81a965024f62,bf4099e64b785a2c8e1eaa7fb40334e1,limit_spin_density_zero_rect2x3,rect2x3_hole_2,915,32103,0.0009765625
haxs.stage5c2gR32A.g1-deterministic.v1,fb5214d8d1bf5caa839f81a965024f62,c3d545d124d35e71b9580b0d9d6c3e7a,limit_spin_density_zero_rect2x3,rect2x3_hole_2,916,32110,0.0009765625
haxs.stage5c2gR32A.g1-deterministic.v1,fb5214d8d1bf5caa839f81a965024f62,b7832c07335d51058980783696853bcb,limit_spin_density_zero_rect2x3,rect2x3_hole_2,917,32111,0.0009765625
haxs.stage5c2gR32A.g1-deterministic.v1,fb5214d8d1bf5caa839f81a965024f62,96f5f24e8d675d5c8b3c81933001df8b,limit_spin_density_zero_rect2x3,rect2x3_hole_2,918,32112,0.0009765625
haxs.stage5c2gR32A.g1-deterministic.v1,fb5214d8d1bf5caa839f81a965024f62,a449fa41bc83517a966ebd421b90f589,limit_spin_density_zero_rect2x3,rect2x3_hole_2,919,32113,0.0009765625
haxs.stage5c2gR32A.g1-deterministic.v1,fb5214d8d1bf5caa839f81a965024f62,e7ffff44776755f0b2cf49b37f3c0610,limit_spin_density_zero_rect2x3,rect2x3_hole_2,920,32120,0.0009765625
haxs.stage5c2gR32A.g1-deterministic.v1,fb5214d8d1bf5caa839f81a965024f62,9acb19b1ae1e5018a35805ed5cca27a5,limit_spin_density_zero_rect2x3,rect2x3_hole_2,921,32121,0.0009765625
haxs.stage5c2gR32A.g1-deterministic.v1,fb5214d8d1bf5caa839f81a965024f62,e575218321905854b5bac219a457e3a7,limit_spin_density_zero_rect2x3,rect2x3_hole_2,922,32122,0.0009765625
haxs.stage5c2gR32A.g1-deterministic.v1,fb5214d8d1bf5caa839f81a965024f62,783129d3bd635ecbbef114a44cf87aa0,limit_spin_density_zero_rect2x3,rect2x3_hole_2,923,32123,0.0009765625
haxs.stage5c2gR32A.g1-deterministic.v1,fb5214d8d1bf5caa839f81a965024f62,22aed2dacd2d52009239adb038b8f5ce,limit_spin_density_zero_rect2x3,rect2x3_hole_2,924,32130,0.0009765625
haxs.stage5c2gR32A.g1-deterministic.v1,fb5214d8d1bf5caa839f81a965024f62,9a3825b71f2f5c16af2b629b153f7321,limit_spin_density_zero_rect2x3,rect2x3_hole_2,925,32131,0.0009765625
haxs.stage5c2gR32A.g1-deterministic.v1,fb5214d8d1bf5caa839f81a965024f62,d5febbb68fb459cf895acdd55a4e5f7e,limit_spin_density_zero_rect2x3,rect2x3_hole_2,926,32132,0.0009765625
haxs.stage5c2gR32A.g1-deterministic.v1,fb5214d8d1bf5caa839f81a965024f62,5fdce6e4827a57bb91d6ee674fe31af9,limit_spin_density_zero_rect2x3,rect2x3_hole_2,927,32133,0.0009765625
haxs.stage5c2gR32A.g1-deterministic.v1,fb5214d8d1bf5caa839f81a965024f62,c160b378f5ea5040b3df618ca1ba2f7e,limit_spin_density_zero_rect2x3,rect2x3_hole_2,928,32200,0.0009765625
haxs.stage5c2gR32A.g1-deterministic.v1,fb5214d8d1bf5caa839f81a965024f62,04f90175c18b5a198d574f5761343025,limit_spin_density_zero_rect2x3,rect2x3_hole_2,929,32201,0.0009765625
haxs.stage5c2gR32A.g1-deterministic.v1,fb5214d8d1bf5caa839f81a965024f62,bdc05d88b4665c4ea8ce11bb67d645ff,limit_spin_density_zero_rect2x3,rect2x3_hole_2,930,32202,0.0009765625
haxs.stage5c2gR32A.g1-deterministic.v1,fb5214d8d1bf5caa839f81a965024f62,de1fcd35cc5b5ce28215b8b92113ade2,limit_spin_density_zero_rect2x3,rect2x3_hole_2,931,32203,0.0009765625
haxs.stage5c2gR32A.g1-deterministic.v1,fb5214d8d1bf5caa839f81a965024f62,9db7794bf07959e09e7f156699418f37,limit_spin_density_zero_rect2x3,rect2x3_hole_2,932,32210,0.0009765625
haxs.stage5c2gR32A.g1-deterministic.v1,fb5214d8d1bf5caa839f81a965024f62,c2cfbff8e51d50c782e889d427abe400,limit_spin_density_zero_rect2x3,rect2x3_hole_2,933,32211,0.0009765625
haxs.stage5c2gR32A.g1-deterministic.v1,fb5214d8d1bf5caa839f81a965024f62,6b9b84b832c05657b357812e971cc303,limit_spin_density_zero_rect2x3,rect2x3_hole_2,934,32212,0.0009765625
haxs.stage5c2gR32A.g1-deterministic.v1,fb5214d8d1bf5caa839f81a965024f62,6f89abe0275656659842f590b350b3a7,limit_spin_density_zero_rect2x3,rect2x3_hole_2,935,32213,0.0009765625
haxs.stage5c2gR32A.g1-deterministic.v1,fb5214d8d1bf5caa839f81a965024f62,54afd8b1e39f5788829197237647552f,limit_spin_density_zero_rect2x3,rect2x3_hole_2,936,32220,0.0009765625
haxs.stage5c2gR32A.g1-deterministic.v1,fb5214d8d1bf5caa839f81a965024f62,4b0f4155733e5eb1b73717d1cb7b55a4,limit_spin_density_zero_rect2x3,rect2x3_hole_2,937,32221,0.0009765625
haxs.stage5c2gR32A.g1-deterministic.v1,fb5214d8d1bf5caa839f81a965024f62,8704e6ec44ee5c399dff81cbe5f0323b,limit_spin_density_zero_rect2x3,rect2x3_hole_2,938,32222,0.0009765625
haxs.stage5c2gR32A.g1-deterministic.v1,fb5214d8d1bf5caa839f81a965024f62,f7a15b9749ec5a7b8dcfff4c9004da03,limit_spin_density_zero_rect2x3,rect2x3_hole_2,939,32223,0.0009765625
haxs.stage5c2gR32A.g1-deterministic.v1,fb5214d8d1bf5caa839f81a965024f62,f12b4f0d40aa5345aad73731bdad6971,limit_spin_density_zero_rect2x3,rect2x3_hole_2,940,32230,0.0009765625
haxs.stage5c2gR32A.g1-deterministic.v1,fb5214d8d1bf5caa839f81a965024f62,01d2df5eb5495d80959c41b895c2d8d2,limit_spin_density_zero_rect2x3,rect2x3_hole_2,941,32231,0.0009765625
haxs.stage5c2gR32A.g1-deterministic.v1,fb5214d8d1bf5caa839f81a965024f62,76129ace6f5d562bbb464f4fc772b5f1,limit_spin_density_zero_rect2x3,rect2x3_hole_2,942,32232,0.0009765625
haxs.stage5c2gR32A.g1-deterministic.v1,fb5214d8d1bf5caa839f81a965024f62,3e6b128516615dc6b1c1fd46c08c842c,limit_spin_density_zero_rect2x3,rect2x3_hole_2,943,32233,0.0009765625
haxs.stage5c2gR32A.g1-deterministic.v1,fb5214d8d1bf5caa839f81a965024f62,a2f56dd7539f56858327d36229c8b9db,limit_spin_density_zero_rect2x3,rect2x3_hole_2,944,32300,0.0009765625
haxs.stage5c2gR32A.g1-deterministic.v1,fb5214d8d1bf5caa839f81a965024f62,38ac9f4e067d55b4b42bd5f8f626edce,limit_spin_density_zero_rect2x3,rect2x3_hole_2,945,32301,0.0009765625
haxs.stage5c2gR32A.g1-deterministic.v1,fb5214d8d1bf5caa839f81a965024f62,255e154b7c755730aabc72063f6ed428,limit_spin_density_zero_rect2x3,rect2x3_hole_2,946,32302,0.0009765625
haxs.stage5c2gR32A.g1-deterministic.v1,fb5214d8d1bf5caa839f81a965024f62,44a66d5d981a55928131741bf54ffb13,limit_spin_density_zero_rect2x3,rect2x3_hole_2,947,32303,0.0009765625
haxs.stage5c2gR32A.g1-deterministic.v1,fb5214d8d1bf5caa839f81a965024f62,2e7f67559baf5c43a0c39086ec8bcb9d,limit_spin_density_zero_rect2x3,rect2x3_hole_2,948,32310,0.0009765625
haxs.stage5c2gR32A.g1-deterministic.v1,fb5214d8d1bf5caa839f81a965024f62,49a653233f4450e3acbee0ff3a1928e5,limit_spin_density_zero_rect2x3,rect2x3_hole_2,949,32311,0.0009765625
haxs.stage5c2gR32A.g1-deterministic.v1,fb5214d8d1bf5caa839f81a965024f62,125718fdfdd25a288658a48a9f980ac6,limit_spin_density_zero_rect2x3,rect2x3_hole_2,950,32312,0.0009765625
haxs.stage5c2gR32A.g1-deterministic.v1,fb5214d8d1bf5caa839f81a965024f62,5386436e07c45fe09beb4eea40770c93,limit_spin_density_zero_rect2x3,rect2x3_hole_2,951,32313,0.0009765625
haxs.stage5c2gR32A.g1-deterministic.v1,fb5214d8d1bf5caa839f81a965024f62,4f8a8580c6d256a98fda9834e6e2b86a,limit_spin_density_zero_rect2x3,rect2x3_hole_2,952,32320,0.0009765625
haxs.stage5c2gR32A.g1-deterministic.v1,fb5214d8d1bf5caa839f81a965024f62,4ad3972eb9e95823b12ce6a58d492da1,limit_spin_density_zero_rect2x3,rect2x3_hole_2,953,32321,0.0009765625
haxs.stage5c2gR32A.g1-deterministic.v1,fb5214d8d1bf5caa839f81a965024f62,f763a883af4a59d4b2e26595b6399161,limit_spin_density_zero_rect2x3,rect2x3_hole_2,954,32322,0.0009765625
haxs.stage5c2gR32A.g1-deterministic.v1,fb5214d8d1bf5caa839f81a965024f62,4e1d65837b9d5502b7174dad8e8e54bf,limit_spin_density_zero_rect2x3,rect2x3_hole_2,955,32323,0.0009765625
haxs.stage5c2gR32A.g1-deterministic.v1,fb5214d8d1bf5caa839f81a965024f62,26ab9d82ac385819ae2b989bd598726c,limit_spin_density_zero_rect2x3,rect2x3_hole_2,956,32330,0.0009765625
haxs.stage5c2gR32A.g1-deterministic.v1,fb5214d8d1bf5caa839f81a965024f62,c29995f9f2e05078bceaed257ecbd9b8,limit_spin_density_zero_rect2x3,rect2x3_hole_2,957,32331,0.0009765625
haxs.stage5c2gR32A.g1-deterministic.v1,fb5214d8d1bf5caa839f81a965024f62,dd70cb5d17c853ff85584e31009b6e62,limit_spin_density_zero_rect2x3,rect2x3_hole_2,958,32332,0.0009765625
haxs.stage5c2gR32A.g1-deterministic.v1,fb5214d8d1bf5caa839f81a965024f62,fe5b1603e94c539ba11379028d17733d,limit_spin_density_zero_rect2x3,rect2x3_hole_2,959,32333,0.0009765625
haxs.stage5c2gR32A.g1-deterministic.v1,fb5214d8d1bf5caa839f81a965024f62,6dbca9459a235dea8789184d2ba9d79f,limit_spin_density_zero_rect2x3,rect2x3_hole_2,960,33000,0.0009765625
haxs.stage5c2gR32A.g1-deterministic.v1,fb5214d8d1bf5caa839f81a965024f62,54217f08f74a5d8da8d0d99a43cd1fef,limit_spin_density_zero_rect2x3,rect2x3_hole_2,961,33001,0.0009765625
haxs.stage5c2gR32A.g1-deterministic.v1,fb5214d8d1bf5caa839f81a965024f62,a25a907c7e025eedabc3a18d0007be53,limit_spin_density_zero_rect2x3,rect2x3_hole_2,962,33002,0.0009765625
haxs.stage5c2gR32A.g1-deterministic.v1,fb5214d8d1bf5caa839f81a965024f62,e2f44d272c7a5330ad0ba4762b7c13ee,limit_spin_density_zero_rect2x3,rect2x3_hole_2,963,33003,0.0009765625
haxs.stage5c2gR32A.g1-deterministic.v1,fb5214d8d1bf5caa839f81a965024f62,d9d38048ef065ae09b82fa268a0743fc,limit_spin_density_zero_rect2x3,rect2x3_hole_2,964,33010,0.0009765625
haxs.stage5c2gR32A.g1-deterministic.v1,fb5214d8d1bf5caa839f81a965024f62,8f4fb8899c7d5058830849f7d3238155,limit_spin_density_zero_rect2x3,rect2x3_hole_2,965,33011,0.0009765625
haxs.stage5c2gR32A.g1-deterministic.v1,fb5214d8d1bf5caa839f81a965024f62,083f415cd2ba5c0f81dcd4d6d104ae06,limit_spin_density_zero_rect2x3,rect2x3_hole_2,966,33012,0.0009765625
haxs.stage5c2gR32A.g1-deterministic.v1,fb5214d8d1bf5caa839f81a965024f62,faf4b94563c65424b797e91ec04399b1,limit_spin_density_zero_rect2x3,rect2x3_hole_2,967,33013,0.0009765625
haxs.stage5c2gR32A.g1-deterministic.v1,fb5214d8d1bf5caa839f81a965024f62,90bfd69cf0bc5cecb93d0ed61c360a91,limit_spin_density_zero_rect2x3,rect2x3_hole_2,968,33020,0.0009765625
haxs.stage5c2gR32A.g1-deterministic.v1,fb5214d8d1bf5caa839f81a965024f62,704923151ee451469bc4e15d3377c021,limit_spin_density_zero_rect2x3,rect2x3_hole_2,969,33021,0.0009765625
haxs.stage5c2gR32A.g1-deterministic.v1,fb5214d8d1bf5caa839f81a965024f62,3628e6894cc0557396813bad6e5cb76a,limit_spin_density_zero_rect2x3,rect2x3_hole_2,970,33022,0.0009765625
haxs.stage5c2gR32A.g1-deterministic.v1,fb5214d8d1bf5caa839f81a965024f62,ddf88daecfdf5d7b98c2671891e59db9,limit_spin_density_zero_rect2x3,rect2x3_hole_2,971,33023,0.0009765625
haxs.stage5c2gR32A.g1-deterministic.v1,fb5214d8d1bf5caa839f81a965024f62,9144041d788f510fa741a49774712a3a,limit_spin_density_zero_rect2x3,rect2x3_hole_2,972,33030,0.0009765625
haxs.stage5c2gR32A.g1-deterministic.v1,fb5214d8d1bf5caa839f81a965024f62,3b9d4aa1d48d5f67821237d9251c1045,limit_spin_density_zero_rect2x3,rect2x3_hole_2,973,33031,0.0009765625
haxs.stage5c2gR32A.g1-deterministic.v1,fb5214d8d1bf5caa839f81a965024f62,4b5e2d8199785eb3821e30aacfe78bd7,limit_spin_density_zero_rect2x3,rect2x3_hole_2,974,33032,0.0009765625
haxs.stage5c2gR32A.g1-deterministic.v1,fb5214d8d1bf5caa839f81a965024f62,b9875d1328fc5eb0bffdf86b4aedc0cd,limit_spin_density_zero_rect2x3,rect2x3_hole_2,975,33033,0.0009765625
haxs.stage5c2gR32A.g1-deterministic.v1,fb5214d8d1bf5caa839f81a965024f62,4c03ae7d45f85430a13f6ea85d830364,limit_spin_density_zero_rect2x3,rect2x3_hole_2,976,33100,0.0009765625
haxs.stage5c2gR32A.g1-deterministic.v1,fb5214d8d1bf5caa839f81a965024f62,39001ec152cc520db952c2d5c44c0df6,limit_spin_density_zero_rect2x3,rect2x3_hole_2,977,33101,0.0009765625
haxs.stage5c2gR32A.g1-deterministic.v1,fb5214d8d1bf5caa839f81a965024f62,11f3575575725f919f3f0d9227de5905,limit_spin_density_zero_rect2x3,rect2x3_hole_2,978,33102,0.0009765625
haxs.stage5c2gR32A.g1-deterministic.v1,fb5214d8d1bf5caa839f81a965024f62,c789b15f32aa5299bce7367657babf3d,limit_spin_density_zero_rect2x3,rect2x3_hole_2,979,33103,0.0009765625
haxs.stage5c2gR32A.g1-deterministic.v1,fb5214d8d1bf5caa839f81a965024f62,3a7a6f9b47625b4993e741595f550141,limit_spin_density_zero_rect2x3,rect2x3_hole_2,980,33110,0.0009765625
haxs.stage5c2gR32A.g1-deterministic.v1,fb5214d8d1bf5caa839f81a965024f62,1a5d94c08b945c82946970d3fb134c15,limit_spin_density_zero_rect2x3,rect2x3_hole_2,981,33111,0.0009765625
haxs.stage5c2gR32A.g1-deterministic.v1,fb5214d8d1bf5caa839f81a965024f62,22a8c863a8e45142bd3072c697d0c661,limit_spin_density_zero_rect2x3,rect2x3_hole_2,982,33112,0.0009765625
haxs.stage5c2gR32A.g1-deterministic.v1,fb5214d8d1bf5caa839f81a965024f62,f6c9772bf35b530aaf951a2c838417e8,limit_spin_density_zero_rect2x3,rect2x3_hole_2,983,33113,0.0009765625
haxs.stage5c2gR32A.g1-deterministic.v1,fb5214d8d1bf5caa839f81a965024f62,4be7370ee4b85f078676bcb9a8581e44,limit_spin_density_zero_rect2x3,rect2x3_hole_2,984,33120,0.0009765625
haxs.stage5c2gR32A.g1-deterministic.v1,fb5214d8d1bf5caa839f81a965024f62,f3f413d57ca655f996c1bb591df83c19,limit_spin_density_zero_rect2x3,rect2x3_hole_2,985,33121,0.0009765625
haxs.stage5c2gR32A.g1-deterministic.v1,fb5214d8d1bf5caa839f81a965024f62,cd65deb817da5c87815e81151c502607,limit_spin_density_zero_rect2x3,rect2x3_hole_2,986,33122,0.0009765625
haxs.stage5c2gR32A.g1-deterministic.v1,fb5214d8d1bf5caa839f81a965024f62,e7b4d05804ed52e1a1bff65cedccbb66,limit_spin_density_zero_rect2x3,rect2x3_hole_2,987,33123,0.0009765625
haxs.stage5c2gR32A.g1-deterministic.v1,fb5214d8d1bf5caa839f81a965024f62,afd1bdfc4d4856678d73ecaba1b73550,limit_spin_density_zero_rect2x3,rect2x3_hole_2,988,33130,0.0009765625
haxs.stage5c2gR32A.g1-deterministic.v1,fb5214d8d1bf5caa839f81a965024f62,376a8714949f550a98ca4127e91d7693,limit_spin_density_zero_rect2x3,rect2x3_hole_2,989,33131,0.0009765625
haxs.stage5c2gR32A.g1-deterministic.v1,fb5214d8d1bf5caa839f81a965024f62,2ce38e873f1a50ae881fee692bb412b6,limit_spin_density_zero_rect2x3,rect2x3_hole_2,990,33132,0.0009765625
haxs.stage5c2gR32A.g1-deterministic.v1,fb5214d8d1bf5caa839f81a965024f62,9949b19c82ec5f56906d298b3578856a,limit_spin_density_zero_rect2x3,rect2x3_hole_2,991,33133,0.0009765625
haxs.stage5c2gR32A.g1-deterministic.v1,fb5214d8d1bf5caa839f81a965024f62,c1c78baa001d50f89ff6789682c42e6e,limit_spin_density_zero_rect2x3,rect2x3_hole_2,992,33200,0.0009765625
haxs.stage5c2gR32A.g1-deterministic.v1,fb5214d8d1bf5caa839f81a965024f62,5485495755ee59b0a832a52ca02d46ff,limit_spin_density_zero_rect2x3,rect2x3_hole_2,993,33201,0.0009765625
haxs.stage5c2gR32A.g1-deterministic.v1,fb5214d8d1bf5caa839f81a965024f62,9cf7dcfb0f7854afa86c6542b9268c3c,limit_spin_density_zero_rect2x3,rect2x3_hole_2,994,33202,0.0009765625
haxs.stage5c2gR32A.g1-deterministic.v1,fb5214d8d1bf5caa839f81a965024f62,9fbe1564f7f253aca5d10d236291a6b7,limit_spin_density_zero_rect2x3,rect2x3_hole_2,995,33203,0.0009765625
haxs.stage5c2gR32A.g1-deterministic.v1,fb5214d8d1bf5caa839f81a965024f62,71de7d4dfd4b57a5917ffe2988ff4148,limit_spin_density_zero_rect2x3,rect2x3_hole_2,996,33210,0.0009765625
haxs.stage5c2gR32A.g1-deterministic.v1,fb5214d8d1bf5caa839f81a965024f62,ca7786424b6f5e2f82bdaf80ca87cbc5,limit_spin_density_zero_rect2x3,rect2x3_hole_2,997,33211,0.0009765625
haxs.stage5c2gR32A.g1-deterministic.v1,fb5214d8d1bf5caa839f81a965024f62,085a39426e8655eb80495ae030219612,limit_spin_density_zero_rect2x3,rect2x3_hole_2,998,33212,0.0009765625
haxs.stage5c2gR32A.g1-deterministic.v1,fb5214d8d1bf5caa839f81a965024f62,b69111562cf35a59bbc34fcfd7b844b5,limit_spin_density_zero_rect2x3,rect2x3_hole_2,999,33213,0.0009765625
haxs.stage5c2gR32A.g1-deterministic.v1,fb5214d8d1bf5caa839f81a965024f62,fa983bfe01005917898de498065d7a4a,limit_spin_density_zero_rect2x3,rect2x3_hole_2,1000,33220,0.0009765625
haxs.stage5c2gR32A.g1-deterministic.v1,fb5214d8d1bf5caa839f81a965024f62,64f3a61153385b8184594abe3a1a8e37,limit_spin_density_zero_rect2x3,rect2x3_hole_2,1001,33221,0.0009765625
haxs.stage5c2gR32A.g1-deterministic.v1,fb5214d8d1bf5caa839f81a965024f62,c02b17c08cb25b049a742753c6684f2d,limit_spin_density_zero_rect2x3,rect2x3_hole_2,1002,33222,0.0009765625
haxs.stage5c2gR32A.g1-deterministic.v1,fb5214d8d1bf5caa839f81a965024f62,a136a1b482995747ab634440e0e31a55,limit_spin_density_zero_rect2x3,rect2x3_hole_2,1003,33223,0.0009765625
haxs.stage5c2gR32A.g1-deterministic.v1,fb5214d8d1bf5caa839f81a965024f62,a8277b4d66c552efa4b860770ca0a75a,limit_spin_density_zero_rect2x3,rect2x3_hole_2,1004,33230,0.0009765625
haxs.stage5c2gR32A.g1-deterministic.v1,fb5214d8d1bf5caa839f81a965024f62,0fd69f43d0d4502ba4b900bb4a2d9bac,limit_spin_density_zero_rect2x3,rect2x3_hole_2,1005,33231,0.0009765625
haxs.stage5c2gR32A.g1-deterministic.v1,fb5214d8d1bf5caa839f81a965024f62,d66ccf9b833e505cb8ae9f2b0b658993,limit_spin_density_zero_rect2x3,rect2x3_hole_2,1006,33232,0.0009765625
haxs.stage5c2gR32A.g1-deterministic.v1,fb5214d8d1bf5caa839f81a965024f62,18327d3c64eb52cea9209df52583a532,limit_spin_density_zero_rect2x3,rect2x3_hole_2,1007,33233,0.0009765625
haxs.stage5c2gR32A.g1-deterministic.v1,fb5214d8d1bf5caa839f81a965024f62,eb1d1766f3b15984b06ab4cbf1d7afcc,limit_spin_density_zero_rect2x3,rect2x3_hole_2,1008,33300,0.0009765625
haxs.stage5c2gR32A.g1-deterministic.v1,fb5214d8d1bf5caa839f81a965024f62,78c4d428ca2e55fa9f262d913b8d46b9,limit_spin_density_zero_rect2x3,rect2x3_hole_2,1009,33301,0.0009765625
haxs.stage5c2gR32A.g1-deterministic.v1,fb5214d8d1bf5caa839f81a965024f62,93b51c001b9a5802b61e0047bff4a885,limit_spin_density_zero_rect2x3,rect2x3_hole_2,1010,33302,0.0009765625
haxs.stage5c2gR32A.g1-deterministic.v1,fb5214d8d1bf5caa839f81a965024f62,59d982f5222b5681b7f842e91b628d28,limit_spin_density_zero_rect2x3,rect2x3_hole_2,1011,33303,0.0009765625
haxs.stage5c2gR32A.g1-deterministic.v1,fb5214d8d1bf5caa839f81a965024f62,6904a78d3f3a5cfbac030a95ad0a04d0,limit_spin_density_zero_rect2x3,rect2x3_hole_2,1012,33310,0.0009765625
haxs.stage5c2gR32A.g1-deterministic.v1,fb5214d8d1bf5caa839f81a965024f62,7e6fceb3e1e85f9a98a811fd780a135d,limit_spin_density_zero_rect2x3,rect2x3_hole_2,1013,33311,0.0009765625
haxs.stage5c2gR32A.g1-deterministic.v1,fb5214d8d1bf5caa839f81a965024f62,5781f530936f5adc950297bd5109b234,limit_spin_density_zero_rect2x3,rect2x3_hole_2,1014,33312,0.0009765625
haxs.stage5c2gR32A.g1-deterministic.v1,fb5214d8d1bf5caa839f81a965024f62,f6346435b51154f0b8d88ae2d8f82639,limit_spin_density_zero_rect2x3,rect2x3_hole_2,1015,33313,0.0009765625
haxs.stage5c2gR32A.g1-deterministic.v1,fb5214d8d1bf5caa839f81a965024f62,fa7d182420db5a40bd92d3250181f5e1,limit_spin_density_zero_rect2x3,rect2x3_hole_2,1016,33320,0.0009765625
haxs.stage5c2gR32A.g1-deterministic.v1,fb5214d8d1bf5caa839f81a965024f62,adaebce051285e52bd66b7ff0665816f,limit_spin_density_zero_rect2x3,rect2x3_hole_2,1017,33321,0.0009765625
haxs.stage5c2gR32A.g1-deterministic.v1,fb5214d8d1bf5caa839f81a965024f62,7f6ae7b29e7a5c139dbbe3425e3ebb9d,limit_spin_density_zero_rect2x3,rect2x3_hole_2,1018,33322,0.0009765625
haxs.stage5c2gR32A.g1-deterministic.v1,fb5214d8d1bf5caa839f81a965024f62,85d0c5d33aeb5a379ef89f87e83e54a1,limit_spin_density_zero_rect2x3,rect2x3_hole_2,1019,33323,0.0009765625
haxs.stage5c2gR32A.g1-deterministic.v1,fb5214d8d1bf5caa839f81a965024f62,3092559253915808a3c2fb7de2ebd5c9,limit_spin_density_zero_rect2x3,rect2x3_hole_2,1020,33330,0.0009765625
haxs.stage5c2gR32A.g1-deterministic.v1,fb5214d8d1bf5caa839f81a965024f62,c412889fb1ef5d258ea4310b81f55523,limit_spin_density_zero_rect2x3,rect2x3_hole_2,1021,33331,0.0009765625
haxs.stage5c2gR32A.g1-deterministic.v1,fb5214d8d1bf5caa839f81a965024f62,d48a1a12c7c352fc8c359543279ebeb5,limit_spin_density_zero_rect2x3,rect2x3_hole_2,1022,33332,0.0009765625
haxs.stage5c2gR32A.g1-deterministic.v1,fb5214d8d1bf5caa839f81a965024f62,0e96836bc60950cb93c6c518e20bc82a,limit_spin_density_zero_rect2x3,rect2x3_hole_2,1023,33333,0.0009765625
haxs.stage5c2gR32A.g1-deterministic.v1,89bd5e9b58115b60bdad35f43f6437be,e4395404cbcf5da1850ce897aabca293,limit_spin_density_zero_rect2x3,rect2x3_hole_3,0,00000,0.0009765625
haxs.stage5c2gR32A.g1-deterministic.v1,89bd5e9b58115b60bdad35f43f6437be,42a07ffed3dd5e9d8d1b697f8cb4cd21,limit_spin_density_zero_rect2x3,rect2x3_hole_3,1,00001,0.0009765625
haxs.stage5c2gR32A.g1-deterministic.v1,89bd5e9b58115b60bdad35f43f6437be,5dda9d531b8c5d15875b076c268d6589,limit_spin_density_zero_rect2x3,rect2x3_hole_3,2,00002,0.0009765625
haxs.stage5c2gR32A.g1-deterministic.v1,89bd5e9b58115b60bdad35f43f6437be,9af829e8597052d8865935dc6237c718,limit_spin_density_zero_rect2x3,rect2x3_hole_3,3,00003,0.0009765625
haxs.stage5c2gR32A.g1-deterministic.v1,89bd5e9b58115b60bdad35f43f6437be,44fa83beb09e59c6b45485106c49e773,limit_spin_density_zero_rect2x3,rect2x3_hole_3,4,00010,0.0009765625
haxs.stage5c2gR32A.g1-deterministic.v1,89bd5e9b58115b60bdad35f43f6437be,0af2d16f47045793a91f946370ac21a5,limit_spin_density_zero_rect2x3,rect2x3_hole_3,5,00011,0.0009765625
haxs.stage5c2gR32A.g1-deterministic.v1,89bd5e9b58115b60bdad35f43f6437be,46132077facf56e8a64f50d7054a827f,limit_spin_density_zero_rect2x3,rect2x3_hole_3,6,00012,0.0009765625
haxs.stage5c2gR32A.g1-deterministic.v1,89bd5e9b58115b60bdad35f43f6437be,8b99ace8384e506088fd86731ebb65ed,limit_spin_density_zero_rect2x3,rect2x3_hole_3,7,00013,0.0009765625
haxs.stage5c2gR32A.g1-deterministic.v1,89bd5e9b58115b60bdad35f43f6437be,e9a26a6eb4f15357abb8f0f187c6f714,limit_spin_density_zero_rect2x3,rect2x3_hole_3,8,00020,0.0009765625
haxs.stage5c2gR32A.g1-deterministic.v1,89bd5e9b58115b60bdad35f43f6437be,2f5b3402546e563bafd78be6898fabc6,limit_spin_density_zero_rect2x3,rect2x3_hole_3,9,00021,0.0009765625
haxs.stage5c2gR32A.g1-deterministic.v1,89bd5e9b58115b60bdad35f43f6437be,5616bc22f11f51668edb257164dbf1d9,limit_spin_density_zero_rect2x3,rect2x3_hole_3,10,00022,0.0009765625
haxs.stage5c2gR32A.g1-deterministic.v1,89bd5e9b58115b60bdad35f43f6437be,7424bcfa6448502db6c2b026491ddc74,limit_spin_density_zero_rect2x3,rect2x3_hole_3,11,00023,0.0009765625
haxs.stage5c2gR32A.g1-deterministic.v1,89bd5e9b58115b60bdad35f43f6437be,9404e075eabf5733b0401a692431eecd,limit_spin_density_zero_rect2x3,rect2x3_hole_3,12,00030,0.0009765625
haxs.stage5c2gR32A.g1-deterministic.v1,89bd5e9b58115b60bdad35f43f6437be,aeb4214b5e5655afaba4b202bffff19f,limit_spin_density_zero_rect2x3,rect2x3_hole_3,13,00031,0.0009765625
haxs.stage5c2gR32A.g1-deterministic.v1,89bd5e9b58115b60bdad35f43f6437be,12bec55e53ed58eea46e75faf0a85b71,limit_spin_density_zero_rect2x3,rect2x3_hole_3,14,00032,0.0009765625
haxs.stage5c2gR32A.g1-deterministic.v1,89bd5e9b58115b60bdad35f43f6437be,0fdd988915655e78b6def49a921e8424,limit_spin_density_zero_rect2x3,rect2x3_hole_3,15,00033,0.0009765625
haxs.stage5c2gR32A.g1-deterministic.v1,89bd5e9b58115b60bdad35f43f6437be,d99a424563515c22ac8df8c438e87f55,limit_spin_density_zero_rect2x3,rect2x3_hole_3,16,00100,0.0009765625
haxs.stage5c2gR32A.g1-deterministic.v1,89bd5e9b58115b60bdad35f43f6437be,e07ac02d0f5a56f680f985df145025cb,limit_spin_density_zero_rect2x3,rect2x3_hole_3,17,00101,0.0009765625
haxs.stage5c2gR32A.g1-deterministic.v1,89bd5e9b58115b60bdad35f43f6437be,7ff9591d01ea56c7b4bb7abc9abb742d,limit_spin_density_zero_rect2x3,rect2x3_hole_3,18,00102,0.0009765625
haxs.stage5c2gR32A.g1-deterministic.v1,89bd5e9b58115b60bdad35f43f6437be,799fc9bf02ad5315a24c433ce6ced7f2,limit_spin_density_zero_rect2x3,rect2x3_hole_3,19,00103,0.0009765625
haxs.stage5c2gR32A.g1-deterministic.v1,89bd5e9b58115b60bdad35f43f6437be,2772d0a62fd55cbb83ff0bf8cca04ea2,limit_spin_density_zero_rect2x3,rect2x3_hole_3,20,00110,0.0009765625
haxs.stage5c2gR32A.g1-deterministic.v1,89bd5e9b58115b60bdad35f43f6437be,15aeba54cefb529a80055da728d79bce,limit_spin_density_zero_rect2x3,rect2x3_hole_3,21,00111,0.0009765625
haxs.stage5c2gR32A.g1-deterministic.v1,89bd5e9b58115b60bdad35f43f6437be,eaa75212114b53b29cbe6e91518f0c3e,limit_spin_density_zero_rect2x3,rect2x3_hole_3,22,00112,0.0009765625
haxs.stage5c2gR32A.g1-deterministic.v1,89bd5e9b58115b60bdad35f43f6437be,1006f24fee56541893bdfd666068cc86,limit_spin_density_zero_rect2x3,rect2x3_hole_3,23,00113,0.0009765625
haxs.stage5c2gR32A.g1-deterministic.v1,89bd5e9b58115b60bdad35f43f6437be,9f5af8cb3f8556618713539642d53d68,limit_spin_density_zero_rect2x3,rect2x3_hole_3,24,00120,0.0009765625
haxs.stage5c2gR32A.g1-deterministic.v1,89bd5e9b58115b60bdad35f43f6437be,bd5b8c085c5f5d2aae73a19b6e5994db,limit_spin_density_zero_rect2x3,rect2x3_hole_3,25,00121,0.0009765625
haxs.stage5c2gR32A.g1-deterministic.v1,89bd5e9b58115b60bdad35f43f6437be,406f9acea4a559dfba5a7c7a218c0fa3,limit_spin_density_zero_rect2x3,rect2x3_hole_3,26,00122,0.0009765625
haxs.stage5c2gR32A.g1-deterministic.v1,89bd5e9b58115b60bdad35f43f6437be,160611e01405570685006f7658571175,limit_spin_density_zero_rect2x3,rect2x3_hole_3,27,00123,0.0009765625
haxs.stage5c2gR32A.g1-deterministic.v1,89bd5e9b58115b60bdad35f43f6437be,69c890d958e550abb651ef9cbb3505bd,limit_spin_density_zero_rect2x3,rect2x3_hole_3,28,00130,0.0009765625
haxs.stage5c2gR32A.g1-deterministic.v1,89bd5e9b58115b60bdad35f43f6437be,43f6867d01985551904b0a2d897e29ee,limit_spin_density_zero_rect2x3,rect2x3_hole_3,29,00131,0.0009765625
haxs.stage5c2gR32A.g1-deterministic.v1,89bd5e9b58115b60bdad35f43f6437be,f8e2a9f2c842555790e27424e101abbb,limit_spin_density_zero_rect2x3,rect2x3_hole_3,30,00132,0.0009765625
haxs.stage5c2gR32A.g1-deterministic.v1,89bd5e9b58115b60bdad35f43f6437be,8da171709a3359bca8167e36e12562cf,limit_spin_density_zero_rect2x3,rect2x3_hole_3,31,00133,0.0009765625
haxs.stage5c2gR32A.g1-deterministic.v1,89bd5e9b58115b60bdad35f43f6437be,2037fb8596a05e4394b4a9fe2ed88c57,limit_spin_density_zero_rect2x3,rect2x3_hole_3,32,00200,0.0009765625
haxs.stage5c2gR32A.g1-deterministic.v1,89bd5e9b58115b60bdad35f43f6437be,61bffac5398658bdabe41cb0b66eebf5,limit_spin_density_zero_rect2x3,rect2x3_hole_3,33,00201,0.0009765625
haxs.stage5c2gR32A.g1-deterministic.v1,89bd5e9b58115b60bdad35f43f6437be,44f1c65b26fc5bdeafc8a1845a609c62,limit_spin_density_zero_rect2x3,rect2x3_hole_3,34,00202,0.0009765625
haxs.stage5c2gR32A.g1-deterministic.v1,89bd5e9b58115b60bdad35f43f6437be,473e9c9f91545b34a146e58679f1e446,limit_spin_density_zero_rect2x3,rect2x3_hole_3,35,00203,0.0009765625
haxs.stage5c2gR32A.g1-deterministic.v1,89bd5e9b58115b60bdad35f43f6437be,e8876e5b78e45302b04b8d564724e77c,limit_spin_density_zero_rect2x3,rect2x3_hole_3,36,00210,0.0009765625
haxs.stage5c2gR32A.g1-deterministic.v1,89bd5e9b58115b60bdad35f43f6437be,23a2cf8bcff557099e9f9763ffd532f4,limit_spin_density_zero_rect2x3,rect2x3_hole_3,37,00211,0.0009765625
haxs.stage5c2gR32A.g1-deterministic.v1,89bd5e9b58115b60bdad35f43f6437be,a918013726f156aa88f655b1e3dc2048,limit_spin_density_zero_rect2x3,rect2x3_hole_3,38,00212,0.0009765625
haxs.stage5c2gR32A.g1-deterministic.v1,89bd5e9b58115b60bdad35f43f6437be,75be907253145aa88a9002d64264eda1,limit_spin_density_zero_rect2x3,rect2x3_hole_3,39,00213,0.0009765625
haxs.stage5c2gR32A.g1-deterministic.v1,89bd5e9b58115b60bdad35f43f6437be,9e6ac554df3e5990920eb3674821a089,limit_spin_density_zero_rect2x3,rect2x3_hole_3,40,00220,0.0009765625
haxs.stage5c2gR32A.g1-deterministic.v1,89bd5e9b58115b60bdad35f43f6437be,58c618ff806559ad8a2a91214a91ea23,limit_spin_density_zero_rect2x3,rect2x3_hole_3,41,00221,0.0009765625
haxs.stage5c2gR32A.g1-deterministic.v1,89bd5e9b58115b60bdad35f43f6437be,f519a96b0d195f6e9ae2116e0d8922fe,limit_spin_density_zero_rect2x3,rect2x3_hole_3,42,00222,0.0009765625
haxs.stage5c2gR32A.g1-deterministic.v1,89bd5e9b58115b60bdad35f43f6437be,d29c8b674bfb56ca8cd2fa46369189ea,limit_spin_density_zero_rect2x3,rect2x3_hole_3,43,00223,0.0009765625
haxs.stage5c2gR32A.g1-deterministic.v1,89bd5e9b58115b60bdad35f43f6437be,bc9f12bee930503db5d1cce335ef9a08,limit_spin_density_zero_rect2x3,rect2x3_hole_3,44,00230,0.0009765625
haxs.stage5c2gR32A.g1-deterministic.v1,89bd5e9b58115b60bdad35f43f6437be,75e08248415c51d39714d43d6b9508eb,limit_spin_density_zero_rect2x3,rect2x3_hole_3,45,00231,0.0009765625
haxs.stage5c2gR32A.g1-deterministic.v1,89bd5e9b58115b60bdad35f43f6437be,9598d769910351439c48cf62ec9e3e87,limit_spin_density_zero_rect2x3,rect2x3_hole_3,46,00232,0.0009765625
haxs.stage5c2gR32A.g1-deterministic.v1,89bd5e9b58115b60bdad35f43f6437be,26964410328e591b870a0a655471921c,limit_spin_density_zero_rect2x3,rect2x3_hole_3,47,00233,0.0009765625
haxs.stage5c2gR32A.g1-deterministic.v1,89bd5e9b58115b60bdad35f43f6437be,16c366c25e575e499443010986592fb2,limit_spin_density_zero_rect2x3,rect2x3_hole_3,48,00300,0.0009765625
haxs.stage5c2gR32A.g1-deterministic.v1,89bd5e9b58115b60bdad35f43f6437be,97d26814ca705adfad5d285383f52212,limit_spin_density_zero_rect2x3,rect2x3_hole_3,49,00301,0.0009765625
haxs.stage5c2gR32A.g1-deterministic.v1,89bd5e9b58115b60bdad35f43f6437be,58c716ab88a958999767b9b3316eda98,limit_spin_density_zero_rect2x3,rect2x3_hole_3,50,00302,0.0009765625
haxs.stage5c2gR32A.g1-deterministic.v1,89bd5e9b58115b60bdad35f43f6437be,e2e5a8497e2b5d01a85fba5b2bf9228f,limit_spin_density_zero_rect2x3,rect2x3_hole_3,51,00303,0.0009765625
haxs.stage5c2gR32A.g1-deterministic.v1,89bd5e9b58115b60bdad35f43f6437be,99077ce2ec8d5e329dc80e84f539d492,limit_spin_density_zero_rect2x3,rect2x3_hole_3,52,00310,0.0009765625
haxs.stage5c2gR32A.g1-deterministic.v1,89bd5e9b58115b60bdad35f43f6437be,9a245ee193785951b6bf282f55bff517,limit_spin_density_zero_rect2x3,rect2x3_hole_3,53,00311,0.0009765625
haxs.stage5c2gR32A.g1-deterministic.v1,89bd5e9b58115b60bdad35f43f6437be,84eadbe7ba7d52e985aebb2fc320fe45,limit_spin_density_zero_rect2x3,rect2x3_hole_3,54,00312,0.0009765625
haxs.stage5c2gR32A.g1-deterministic.v1,89bd5e9b58115b60bdad35f43f6437be,9bf68d411390595491640f362c3cf0ca,limit_spin_density_zero_rect2x3,rect2x3_hole_3,55,00313,0.0009765625
haxs.stage5c2gR32A.g1-deterministic.v1,89bd5e9b58115b60bdad35f43f6437be,278b628ed5425176b80aa2eba47e4cba,limit_spin_density_zero_rect2x3,rect2x3_hole_3,56,00320,0.0009765625
haxs.stage5c2gR32A.g1-deterministic.v1,89bd5e9b58115b60bdad35f43f6437be,fde406e9bb1a56ddbb01590aaca21c9b,limit_spin_density_zero_rect2x3,rect2x3_hole_3,57,00321,0.0009765625
haxs.stage5c2gR32A.g1-deterministic.v1,89bd5e9b58115b60bdad35f43f6437be,49c218c63ddb5d5ba309c60980faafb1,limit_spin_density_zero_rect2x3,rect2x3_hole_3,58,00322,0.0009765625
haxs.stage5c2gR32A.g1-deterministic.v1,89bd5e9b58115b60bdad35f43f6437be,754950e37c1052189bc596e978bbaef3,limit_spin_density_zero_rect2x3,rect2x3_hole_3,59,00323,0.0009765625
haxs.stage5c2gR32A.g1-deterministic.v1,89bd5e9b58115b60bdad35f43f6437be,065288cf02a45f3ab14ad6b8812fbcc5,limit_spin_density_zero_rect2x3,rect2x3_hole_3,60,00330,0.0009765625
haxs.stage5c2gR32A.g1-deterministic.v1,89bd5e9b58115b60bdad35f43f6437be,ac7cb59cddf65d949d861232418c50b8,limit_spin_density_zero_rect2x3,rect2x3_hole_3,61,00331,0.0009765625
haxs.stage5c2gR32A.g1-deterministic.v1,89bd5e9b58115b60bdad35f43f6437be,8453b514e40c518a9ba1444e240a18b0,limit_spin_density_zero_rect2x3,rect2x3_hole_3,62,00332,0.0009765625
haxs.stage5c2gR32A.g1-deterministic.v1,89bd5e9b58115b60bdad35f43f6437be,7a6fb545de1d59c4966db3aef5c1adc7,limit_spin_density_zero_rect2x3,rect2x3_hole_3,63,00333,0.0009765625
haxs.stage5c2gR32A.g1-deterministic.v1,89bd5e9b58115b60bdad35f43f6437be,dfcd100a831752508793552dcae938cb,limit_spin_density_zero_rect2x3,rect2x3_hole_3,64,01000,0.0009765625
haxs.stage5c2gR32A.g1-deterministic.v1,89bd5e9b58115b60bdad35f43f6437be,569f4ef141075a74bb8dbeab938e6842,limit_spin_density_zero_rect2x3,rect2x3_hole_3,65,01001,0.0009765625
haxs.stage5c2gR32A.g1-deterministic.v1,89bd5e9b58115b60bdad35f43f6437be,b231fa06204a5d0c8004cee06086d8ea,limit_spin_density_zero_rect2x3,rect2x3_hole_3,66,01002,0.0009765625
haxs.stage5c2gR32A.g1-deterministic.v1,89bd5e9b58115b60bdad35f43f6437be,5fe95ba907e4575b8a0e0a7f91d19374,limit_spin_density_zero_rect2x3,rect2x3_hole_3,67,01003,0.0009765625
haxs.stage5c2gR32A.g1-deterministic.v1,89bd5e9b58115b60bdad35f43f6437be,a75d658914b45807a4b895d6273c8867,limit_spin_density_zero_rect2x3,rect2x3_hole_3,68,01010,0.0009765625
haxs.stage5c2gR32A.g1-deterministic.v1,89bd5e9b58115b60bdad35f43f6437be,a8722e7b0dae5defb7fef1513b6e785d,limit_spin_density_zero_rect2x3,rect2x3_hole_3,69,01011,0.0009765625
haxs.stage5c2gR32A.g1-deterministic.v1,89bd5e9b58115b60bdad35f43f6437be,1c1b7c2fafe5572889475fb797312c89,limit_spin_density_zero_rect2x3,rect2x3_hole_3,70,01012,0.0009765625
haxs.stage5c2gR32A.g1-deterministic.v1,89bd5e9b58115b60bdad35f43f6437be,33185ec5dc445e8fb8523a773e47ae30,limit_spin_density_zero_rect2x3,rect2x3_hole_3,71,01013,0.0009765625
haxs.stage5c2gR32A.g1-deterministic.v1,89bd5e9b58115b60bdad35f43f6437be,877dc1a891195872960248e0c540a8dc,limit_spin_density_zero_rect2x3,rect2x3_hole_3,72,01020,0.0009765625
haxs.stage5c2gR32A.g1-deterministic.v1,89bd5e9b58115b60bdad35f43f6437be,b46f4ac3e5ae522d94a53c9239b88156,limit_spin_density_zero_rect2x3,rect2x3_hole_3,73,01021,0.0009765625
haxs.stage5c2gR32A.g1-deterministic.v1,89bd5e9b58115b60bdad35f43f6437be,ae52ca3863a25082b34c75921a74318a,limit_spin_density_zero_rect2x3,rect2x3_hole_3,74,01022,0.0009765625
haxs.stage5c2gR32A.g1-deterministic.v1,89bd5e9b58115b60bdad35f43f6437be,dba7f38ceead572f8a89fd1cf84e1553,limit_spin_density_zero_rect2x3,rect2x3_hole_3,75,01023,0.0009765625
haxs.stage5c2gR32A.g1-deterministic.v1,89bd5e9b58115b60bdad35f43f6437be,21757b1c9398549abd0f72dcdf2874fa,limit_spin_density_zero_rect2x3,rect2x3_hole_3,76,01030,0.0009765625
haxs.stage5c2gR32A.g1-deterministic.v1,89bd5e9b58115b60bdad35f43f6437be,212cb8cb5e03567aa1ba7ba6275fb6f1,limit_spin_density_zero_rect2x3,rect2x3_hole_3,77,01031,0.0009765625
haxs.stage5c2gR32A.g1-deterministic.v1,89bd5e9b58115b60bdad35f43f6437be,b7bf4688a39258d5b00cb4d47922f8fb,limit_spin_density_zero_rect2x3,rect2x3_hole_3,78,01032,0.0009765625
haxs.stage5c2gR32A.g1-deterministic.v1,89bd5e9b58115b60bdad35f43f6437be,3c7fa388b1e45f879cc280cab075d5f3,limit_spin_density_zero_rect2x3,rect2x3_hole_3,79,01033,0.0009765625
haxs.stage5c2gR32A.g1-deterministic.v1,89bd5e9b58115b60bdad35f43f6437be,a6ce9cba344d5cfcac5467cbb60196de,limit_spin_density_zero_rect2x3,rect2x3_hole_3,80,01100,0.0009765625
haxs.stage5c2gR32A.g1-deterministic.v1,89bd5e9b58115b60bdad35f43f6437be,a1db9d337af956edbbc436f19d813828,limit_spin_density_zero_rect2x3,rect2x3_hole_3,81,01101,0.0009765625
haxs.stage5c2gR32A.g1-deterministic.v1,89bd5e9b58115b60bdad35f43f6437be,c51a984aeca85f69b04689f1143ccf57,limit_spin_density_zero_rect2x3,rect2x3_hole_3,82,01102,0.0009765625
haxs.stage5c2gR32A.g1-deterministic.v1,89bd5e9b58115b60bdad35f43f6437be,352284c3f4875c84b08864fe49c89419,limit_spin_density_zero_rect2x3,rect2x3_hole_3,83,01103,0.0009765625
haxs.stage5c2gR32A.g1-deterministic.v1,89bd5e9b58115b60bdad35f43f6437be,ac788af19d275214abc554c6dd87fc23,limit_spin_density_zero_rect2x3,rect2x3_hole_3,84,01110,0.0009765625
haxs.stage5c2gR32A.g1-deterministic.v1,89bd5e9b58115b60bdad35f43f6437be,b325d1d375545f17965d7b1a1815abbe,limit_spin_density_zero_rect2x3,rect2x3_hole_3,85,01111,0.0009765625
haxs.stage5c2gR32A.g1-deterministic.v1,89bd5e9b58115b60bdad35f43f6437be,eee1360e5a4e54bc97aca24ef51d0c08,limit_spin_density_zero_rect2x3,rect2x3_hole_3,86,01112,0.0009765625
haxs.stage5c2gR32A.g1-deterministic.v1,89bd5e9b58115b60bdad35f43f6437be,516551a90ceb5a12bc9171466109e2ca,limit_spin_density_zero_rect2x3,rect2x3_hole_3,87,01113,0.0009765625
haxs.stage5c2gR32A.g1-deterministic.v1,89bd5e9b58115b60bdad35f43f6437be,e71fc9f20116525e9e574b48028739b4,limit_spin_density_zero_rect2x3,rect2x3_hole_3,88,01120,0.0009765625
haxs.stage5c2gR32A.g1-deterministic.v1,89bd5e9b58115b60bdad35f43f6437be,ad60155d637c5a7fa174c52601c3997d,limit_spin_density_zero_rect2x3,rect2x3_hole_3,89,01121,0.0009765625
haxs.stage5c2gR32A.g1-deterministic.v1,89bd5e9b58115b60bdad35f43f6437be,5f4ac74148e35354a960600b6209d41f,limit_spin_density_zero_rect2x3,rect2x3_hole_3,90,01122,0.0009765625
haxs.stage5c2gR32A.g1-deterministic.v1,89bd5e9b58115b60bdad35f43f6437be,85163118f75c505b873b0c1d45575407,limit_spin_density_zero_rect2x3,rect2x3_hole_3,91,01123,0.0009765625
haxs.stage5c2gR32A.g1-deterministic.v1,89bd5e9b58115b60bdad35f43f6437be,cc447d3cf54f5546a8f345630d9b0aeb,limit_spin_density_zero_rect2x3,rect2x3_hole_3,92,01130,0.0009765625
haxs.stage5c2gR32A.g1-deterministic.v1,89bd5e9b58115b60bdad35f43f6437be,b9922d0297e754bb9933b98e2f2e0863,limit_spin_density_zero_rect2x3,rect2x3_hole_3,93,01131,0.0009765625
haxs.stage5c2gR32A.g1-deterministic.v1,89bd5e9b58115b60bdad35f43f6437be,ba0a092082755c2f845fdc0493008767,limit_spin_density_zero_rect2x3,rect2x3_hole_3,94,01132,0.0009765625
haxs.stage5c2gR32A.g1-deterministic.v1,89bd5e9b58115b60bdad35f43f6437be,44e481ef9b715743b990e803f82f6b37,limit_spin_density_zero_rect2x3,rect2x3_hole_3,95,01133,0.0009765625
haxs.stage5c2gR32A.g1-deterministic.v1,89bd5e9b58115b60bdad35f43f6437be,37462e8d68cf52c89101fd1f4b71e085,limit_spin_density_zero_rect2x3,rect2x3_hole_3,96,01200,0.0009765625
haxs.stage5c2gR32A.g1-deterministic.v1,89bd5e9b58115b60bdad35f43f6437be,05097824444452b5b6759e8e64e081c2,limit_spin_density_zero_rect2x3,rect2x3_hole_3,97,01201,0.0009765625
haxs.stage5c2gR32A.g1-deterministic.v1,89bd5e9b58115b60bdad35f43f6437be,a4720a4f76655f64bee9c736a035a839,limit_spin_density_zero_rect2x3,rect2x3_hole_3,98,01202,0.0009765625
haxs.stage5c2gR32A.g1-deterministic.v1,89bd5e9b58115b60bdad35f43f6437be,af8572deae715809ac3a6430db52a883,limit_spin_density_zero_rect2x3,rect2x3_hole_3,99,01203,0.0009765625
haxs.stage5c2gR32A.g1-deterministic.v1,89bd5e9b58115b60bdad35f43f6437be,d902ea364c425610a40c0aa265e390f1,limit_spin_density_zero_rect2x3,rect2x3_hole_3,100,01210,0.0009765625
haxs.stage5c2gR32A.g1-deterministic.v1,89bd5e9b58115b60bdad35f43f6437be,206b03d61c5952bd84888f8a1cc6e56a,limit_spin_density_zero_rect2x3,rect2x3_hole_3,101,01211,0.0009765625
haxs.stage5c2gR32A.g1-deterministic.v1,89bd5e9b58115b60bdad35f43f6437be,3044e6d352505365ba1d64909eb8d999,limit_spin_density_zero_rect2x3,rect2x3_hole_3,102,01212,0.0009765625
haxs.stage5c2gR32A.g1-deterministic.v1,89bd5e9b58115b60bdad35f43f6437be,32cfd536b7fc5294894c94ef5214fa71,limit_spin_density_zero_rect2x3,rect2x3_hole_3,103,01213,0.0009765625
haxs.stage5c2gR32A.g1-deterministic.v1,89bd5e9b58115b60bdad35f43f6437be,da07b5336e4956cf83355e95cc1a7c86,limit_spin_density_zero_rect2x3,rect2x3_hole_3,104,01220,0.0009765625
haxs.stage5c2gR32A.g1-deterministic.v1,89bd5e9b58115b60bdad35f43f6437be,7fd6ba55108254659f11305e350c3aca,limit_spin_density_zero_rect2x3,rect2x3_hole_3,105,01221,0.0009765625
haxs.stage5c2gR32A.g1-deterministic.v1,89bd5e9b58115b60bdad35f43f6437be,2c14c11fd92259e2be2fbc428989535d,limit_spin_density_zero_rect2x3,rect2x3_hole_3,106,01222,0.0009765625
haxs.stage5c2gR32A.g1-deterministic.v1,89bd5e9b58115b60bdad35f43f6437be,6c62dbd47cc054e8ae099d5c348d6d6d,limit_spin_density_zero_rect2x3,rect2x3_hole_3,107,01223,0.0009765625
haxs.stage5c2gR32A.g1-deterministic.v1,89bd5e9b58115b60bdad35f43f6437be,3d7223b10e045983b52dc03f7c5c49ba,limit_spin_density_zero_rect2x3,rect2x3_hole_3,108,01230,0.0009765625
haxs.stage5c2gR32A.g1-deterministic.v1,89bd5e9b58115b60bdad35f43f6437be,8b5353dad36f5b1cbbe4277f20eb145c,limit_spin_density_zero_rect2x3,rect2x3_hole_3,109,01231,0.0009765625
haxs.stage5c2gR32A.g1-deterministic.v1,89bd5e9b58115b60bdad35f43f6437be,a05662c99f8c56bb912f485ff3279036,limit_spin_density_zero_rect2x3,rect2x3_hole_3,110,01232,0.0009765625
haxs.stage5c2gR32A.g1-deterministic.v1,89bd5e9b58115b60bdad35f43f6437be,7925805a4029543b9d1532ef237cf993,limit_spin_density_zero_rect2x3,rect2x3_hole_3,111,01233,0.0009765625
haxs.stage5c2gR32A.g1-deterministic.v1,89bd5e9b58115b60bdad35f43f6437be,f71b6a8de9a95ad8bdb818fe1e11e7c5,limit_spin_density_zero_rect2x3,rect2x3_hole_3,112,01300,0.0009765625
haxs.stage5c2gR32A.g1-deterministic.v1,89bd5e9b58115b60bdad35f43f6437be,75dbc3ff07a357fa9291a7e5ed2a60a1,limit_spin_density_zero_rect2x3,rect2x3_hole_3,113,01301,0.0009765625
haxs.stage5c2gR32A.g1-deterministic.v1,89bd5e9b58115b60bdad35f43f6437be,c6fc15d0751d56db96b8527e318861e6,limit_spin_density_zero_rect2x3,rect2x3_hole_3,114,01302,0.0009765625
haxs.stage5c2gR32A.g1-deterministic.v1,89bd5e9b58115b60bdad35f43f6437be,6da1f9e5fd245eb8a7bb6d660d3766d6,limit_spin_density_zero_rect2x3,rect2x3_hole_3,115,01303,0.0009765625
haxs.stage5c2gR32A.g1-deterministic.v1,89bd5e9b58115b60bdad35f43f6437be,d0142eb7f28d59f885b7b2196b87e193,limit_spin_density_zero_rect2x3,rect2x3_hole_3,116,01310,0.0009765625
haxs.stage5c2gR32A.g1-deterministic.v1,89bd5e9b58115b60bdad35f43f6437be,3e1f4ea16d025abd95b204195a16cdf5,limit_spin_density_zero_rect2x3,rect2x3_hole_3,117,01311,0.0009765625
haxs.stage5c2gR32A.g1-deterministic.v1,89bd5e9b58115b60bdad35f43f6437be,5920f0d68b045b1d93c67c7acc9d65f3,limit_spin_density_zero_rect2x3,rect2x3_hole_3,118,01312,0.0009765625
haxs.stage5c2gR32A.g1-deterministic.v1,89bd5e9b58115b60bdad35f43f6437be,70a325b3c515509bb2ee79a17f9e0c63,limit_spin_density_zero_rect2x3,rect2x3_hole_3,119,01313,0.0009765625
haxs.stage5c2gR32A.g1-deterministic.v1,89bd5e9b58115b60bdad35f43f6437be,7b4c6c7b70ea5f7baa6909293eb94789,limit_spin_density_zero_rect2x3,rect2x3_hole_3,120,01320,0.0009765625
haxs.stage5c2gR32A.g1-deterministic.v1,89bd5e9b58115b60bdad35f43f6437be,52db4bf6ec1c54769a7f067c3be8ebab,limit_spin_density_zero_rect2x3,rect2x3_hole_3,121,01321,0.0009765625
haxs.stage5c2gR32A.g1-deterministic.v1,89bd5e9b58115b60bdad35f43f6437be,3e4de11714ce5c7ba1b42387719c2b8c,limit_spin_density_zero_rect2x3,rect2x3_hole_3,122,01322,0.0009765625
haxs.stage5c2gR32A.g1-deterministic.v1,89bd5e9b58115b60bdad35f43f6437be,03aeabbd792559118d38cb282571b4c4,limit_spin_density_zero_rect2x3,rect2x3_hole_3,123,01323,0.0009765625
haxs.stage5c2gR32A.g1-deterministic.v1,89bd5e9b58115b60bdad35f43f6437be,3a6dff9450d45be6b8c9c4d4e52f4c17,limit_spin_density_zero_rect2x3,rect2x3_hole_3,124,01330,0.0009765625
haxs.stage5c2gR32A.g1-deterministic.v1,89bd5e9b58115b60bdad35f43f6437be,9bec55244edc59f890e824ca77dc6565,limit_spin_density_zero_rect2x3,rect2x3_hole_3,125,01331,0.0009765625
haxs.stage5c2gR32A.g1-deterministic.v1,89bd5e9b58115b60bdad35f43f6437be,8a04a0cf066751579c86fe92ea080d34,limit_spin_density_zero_rect2x3,rect2x3_hole_3,126,01332,0.0009765625
haxs.stage5c2gR32A.g1-deterministic.v1,89bd5e9b58115b60bdad35f43f6437be,ecff0877c1ff553a9db5f20df13d627e,limit_spin_density_zero_rect2x3,rect2x3_hole_3,127,01333,0.0009765625
haxs.stage5c2gR32A.g1-deterministic.v1,89bd5e9b58115b60bdad35f43f6437be,9f552c9b35bd5c8fac5ed20537de563e,limit_spin_density_zero_rect2x3,rect2x3_hole_3,128,02000,0.0009765625
haxs.stage5c2gR32A.g1-deterministic.v1,89bd5e9b58115b60bdad35f43f6437be,26fde6bd5065584498cbdbe1fa5dc9dc,limit_spin_density_zero_rect2x3,rect2x3_hole_3,129,02001,0.0009765625
haxs.stage5c2gR32A.g1-deterministic.v1,89bd5e9b58115b60bdad35f43f6437be,ee2ab628a767507bab424fcaed4c6f60,limit_spin_density_zero_rect2x3,rect2x3_hole_3,130,02002,0.0009765625
haxs.stage5c2gR32A.g1-deterministic.v1,89bd5e9b58115b60bdad35f43f6437be,7868777e99b9573b975c1eb72a491365,limit_spin_density_zero_rect2x3,rect2x3_hole_3,131,02003,0.0009765625
haxs.stage5c2gR32A.g1-deterministic.v1,89bd5e9b58115b60bdad35f43f6437be,878dee6e9e115325a4fe6c354a73f98a,limit_spin_density_zero_rect2x3,rect2x3_hole_3,132,02010,0.0009765625
haxs.stage5c2gR32A.g1-deterministic.v1,89bd5e9b58115b60bdad35f43f6437be,6d82d9158a1654baaec21de77178803e,limit_spin_density_zero_rect2x3,rect2x3_hole_3,133,02011,0.0009765625
haxs.stage5c2gR32A.g1-deterministic.v1,89bd5e9b58115b60bdad35f43f6437be,6a495efb3697539cbc563c70ad373667,limit_spin_density_zero_rect2x3,rect2x3_hole_3,134,02012,0.0009765625
haxs.stage5c2gR32A.g1-deterministic.v1,89bd5e9b58115b60bdad35f43f6437be,cd712d537bec50979e1e0760781cc110,limit_spin_density_zero_rect2x3,rect2x3_hole_3,135,02013,0.0009765625
haxs.stage5c2gR32A.g1-deterministic.v1,89bd5e9b58115b60bdad35f43f6437be,61cfd162ad955eae8a277769278915ff,limit_spin_density_zero_rect2x3,rect2x3_hole_3,136,02020,0.0009765625
haxs.stage5c2gR32A.g1-deterministic.v1,89bd5e9b58115b60bdad35f43f6437be,4be29e9c44c3517095b32b9f653d9933,limit_spin_density_zero_rect2x3,rect2x3_hole_3,137,02021,0.0009765625
haxs.stage5c2gR32A.g1-deterministic.v1,89bd5e9b58115b60bdad35f43f6437be,5b14457591fc546aacf8a8668632c503,limit_spin_density_zero_rect2x3,rect2x3_hole_3,138,02022,0.0009765625
haxs.stage5c2gR32A.g1-deterministic.v1,89bd5e9b58115b60bdad35f43f6437be,21fd01ae090e5a45a94025e2b8962f7f,limit_spin_density_zero_rect2x3,rect2x3_hole_3,139,02023,0.0009765625
haxs.stage5c2gR32A.g1-deterministic.v1,89bd5e9b58115b60bdad35f43f6437be,5975b1b4a6005fca99c6f5dac3928aea,limit_spin_density_zero_rect2x3,rect2x3_hole_3,140,02030,0.0009765625
haxs.stage5c2gR32A.g1-deterministic.v1,89bd5e9b58115b60bdad35f43f6437be,ac1a065d49625e39a5f3114580691757,limit_spin_density_zero_rect2x3,rect2x3_hole_3,141,02031,0.0009765625
haxs.stage5c2gR32A.g1-deterministic.v1,89bd5e9b58115b60bdad35f43f6437be,27bc6a615cfa595cbb09d9e08c70497a,limit_spin_density_zero_rect2x3,rect2x3_hole_3,142,02032,0.0009765625
haxs.stage5c2gR32A.g1-deterministic.v1,89bd5e9b58115b60bdad35f43f6437be,74c742122f4d5ddcaa159b6d4a4647c2,limit_spin_density_zero_rect2x3,rect2x3_hole_3,143,02033,0.0009765625
haxs.stage5c2gR32A.g1-deterministic.v1,89bd5e9b58115b60bdad35f43f6437be,4959061be95e5ad8965100762461e587,limit_spin_density_zero_rect2x3,rect2x3_hole_3,144,02100,0.0009765625
haxs.stage5c2gR32A.g1-deterministic.v1,89bd5e9b58115b60bdad35f43f6437be,8a6adf6236af58e4946c0e44c0c157f4,limit_spin_density_zero_rect2x3,rect2x3_hole_3,145,02101,0.0009765625
haxs.stage5c2gR32A.g1-deterministic.v1,89bd5e9b58115b60bdad35f43f6437be,4365d00356b35867beaa15b76d36afd7,limit_spin_density_zero_rect2x3,rect2x3_hole_3,146,02102,0.0009765625
haxs.stage5c2gR32A.g1-deterministic.v1,89bd5e9b58115b60bdad35f43f6437be,f9fa1760b9e65d85bb25279828ad41d8,limit_spin_density_zero_rect2x3,rect2x3_hole_3,147,02103,0.0009765625
haxs.stage5c2gR32A.g1-deterministic.v1,89bd5e9b58115b60bdad35f43f6437be,3f254a92b4105446828b97d2fd6216d1,limit_spin_density_zero_rect2x3,rect2x3_hole_3,148,02110,0.0009765625
haxs.stage5c2gR32A.g1-deterministic.v1,89bd5e9b58115b60bdad35f43f6437be,e9cf4647f93d5c978bfafe8bd0885e8c,limit_spin_density_zero_rect2x3,rect2x3_hole_3,149,02111,0.0009765625
haxs.stage5c2gR32A.g1-deterministic.v1,89bd5e9b58115b60bdad35f43f6437be,ac04960c006d5e049e4de736e655a386,limit_spin_density_zero_rect2x3,rect2x3_hole_3,150,02112,0.0009765625
haxs.stage5c2gR32A.g1-deterministic.v1,89bd5e9b58115b60bdad35f43f6437be,07a2f7cd38765af7b4f6b9f459910985,limit_spin_density_zero_rect2x3,rect2x3_hole_3,151,02113,0.0009765625
haxs.stage5c2gR32A.g1-deterministic.v1,89bd5e9b58115b60bdad35f43f6437be,0c3acad4cf8355cb8850ae3c60d91354,limit_spin_density_zero_rect2x3,rect2x3_hole_3,152,02120,0.0009765625
haxs.stage5c2gR32A.g1-deterministic.v1,89bd5e9b58115b60bdad35f43f6437be,9f8141f75e635adab8e1e61b5bafc803,limit_spin_density_zero_rect2x3,rect2x3_hole_3,153,02121,0.0009765625
haxs.stage5c2gR32A.g1-deterministic.v1,89bd5e9b58115b60bdad35f43f6437be,c1431867ae705bcb9db7cad336f2e726,limit_spin_density_zero_rect2x3,rect2x3_hole_3,154,02122,0.0009765625
haxs.stage5c2gR32A.g1-deterministic.v1,89bd5e9b58115b60bdad35f43f6437be,1bd216f1766d523fabe32239f3f80236,limit_spin_density_zero_rect2x3,rect2x3_hole_3,155,02123,0.0009765625
haxs.stage5c2gR32A.g1-deterministic.v1,89bd5e9b58115b60bdad35f43f6437be,de032059cc66575eb31d61b54c7f8a5f,limit_spin_density_zero_rect2x3,rect2x3_hole_3,156,02130,0.0009765625
haxs.stage5c2gR32A.g1-deterministic.v1,89bd5e9b58115b60bdad35f43f6437be,3fc4b5b83e01564e91db11a3183103e6,limit_spin_density_zero_rect2x3,rect2x3_hole_3,157,02131,0.0009765625
haxs.stage5c2gR32A.g1-deterministic.v1,89bd5e9b58115b60bdad35f43f6437be,7f3a4e4b05de5a85bf539078185042f4,limit_spin_density_zero_rect2x3,rect2x3_hole_3,158,02132,0.0009765625
haxs.stage5c2gR32A.g1-deterministic.v1,89bd5e9b58115b60bdad35f43f6437be,d607ed76fd905931a7c85a20dadc3709,limit_spin_density_zero_rect2x3,rect2x3_hole_3,159,02133,0.0009765625
haxs.stage5c2gR32A.g1-deterministic.v1,89bd5e9b58115b60bdad35f43f6437be,06e061aad693527daedcf425857c0521,limit_spin_density_zero_rect2x3,rect2x3_hole_3,160,02200,0.0009765625
haxs.stage5c2gR32A.g1-deterministic.v1,89bd5e9b58115b60bdad35f43f6437be,442229b5892e50f9ab383f43f42f7740,limit_spin_density_zero_rect2x3,rect2x3_hole_3,161,02201,0.0009765625
haxs.stage5c2gR32A.g1-deterministic.v1,89bd5e9b58115b60bdad35f43f6437be,8af361fec4bf53e89931411b68ed19f4,limit_spin_density_zero_rect2x3,rect2x3_hole_3,162,02202,0.0009765625
haxs.stage5c2gR32A.g1-deterministic.v1,89bd5e9b58115b60bdad35f43f6437be,374ee844585358c0affa1d4c52e1d396,limit_spin_density_zero_rect2x3,rect2x3_hole_3,163,02203,0.0009765625
haxs.stage5c2gR32A.g1-deterministic.v1,89bd5e9b58115b60bdad35f43f6437be,92e7161b452450f9a75e16fa3536d81a,limit_spin_density_zero_rect2x3,rect2x3_hole_3,164,02210,0.0009765625
haxs.stage5c2gR32A.g1-deterministic.v1,89bd5e9b58115b60bdad35f43f6437be,44af1c3b99e255369cb00fb8923b2985,limit_spin_density_zero_rect2x3,rect2x3_hole_3,165,02211,0.0009765625
haxs.stage5c2gR32A.g1-deterministic.v1,89bd5e9b58115b60bdad35f43f6437be,bd6b01d2fe8555a983e0106e938f1a37,limit_spin_density_zero_rect2x3,rect2x3_hole_3,166,02212,0.0009765625
haxs.stage5c2gR32A.g1-deterministic.v1,89bd5e9b58115b60bdad35f43f6437be,9dfeec95e24d58d7aed63844e71dd09d,limit_spin_density_zero_rect2x3,rect2x3_hole_3,167,02213,0.0009765625
haxs.stage5c2gR32A.g1-deterministic.v1,89bd5e9b58115b60bdad35f43f6437be,53a628270a1b5b499e59980f4cb0c1b5,limit_spin_density_zero_rect2x3,rect2x3_hole_3,168,02220,0.0009765625
haxs.stage5c2gR32A.g1-deterministic.v1,89bd5e9b58115b60bdad35f43f6437be,00e69b40ba7d5ea6acaf147bfab4bd40,limit_spin_density_zero_rect2x3,rect2x3_hole_3,169,02221,0.0009765625
haxs.stage5c2gR32A.g1-deterministic.v1,89bd5e9b58115b60bdad35f43f6437be,eb6ae23f5f0954029fd51e2f48518d9b,limit_spin_density_zero_rect2x3,rect2x3_hole_3,170,02222,0.0009765625
haxs.stage5c2gR32A.g1-deterministic.v1,89bd5e9b58115b60bdad35f43f6437be,9ff1a3e0455453a58445ea7bf622d7e8,limit_spin_density_zero_rect2x3,rect2x3_hole_3,171,02223,0.0009765625
haxs.stage5c2gR32A.g1-deterministic.v1,89bd5e9b58115b60bdad35f43f6437be,c964996c36f3515984947d4fb45b4c67,limit_spin_density_zero_rect2x3,rect2x3_hole_3,172,02230,0.0009765625
haxs.stage5c2gR32A.g1-deterministic.v1,89bd5e9b58115b60bdad35f43f6437be,8e49c6698f2a596c999e547d75fc9339,limit_spin_density_zero_rect2x3,rect2x3_hole_3,173,02231,0.0009765625
haxs.stage5c2gR32A.g1-deterministic.v1,89bd5e9b58115b60bdad35f43f6437be,14ac20fa00b254ec9fb5f410495c692e,limit_spin_density_zero_rect2x3,rect2x3_hole_3,174,02232,0.0009765625
haxs.stage5c2gR32A.g1-deterministic.v1,89bd5e9b58115b60bdad35f43f6437be,6328b5742ef856bba0d6bf1815ac786c,limit_spin_density_zero_rect2x3,rect2x3_hole_3,175,02233,0.0009765625
haxs.stage5c2gR32A.g1-deterministic.v1,89bd5e9b58115b60bdad35f43f6437be,44efb379771f553b864820fa0f54125e,limit_spin_density_zero_rect2x3,rect2x3_hole_3,176,02300,0.0009765625
haxs.stage5c2gR32A.g1-deterministic.v1,89bd5e9b58115b60bdad35f43f6437be,409cbe84bf9f5971a3551284a44957ae,limit_spin_density_zero_rect2x3,rect2x3_hole_3,177,02301,0.0009765625
haxs.stage5c2gR32A.g1-deterministic.v1,89bd5e9b58115b60bdad35f43f6437be,e843c5ad4ab9514997ea714a384b473b,limit_spin_density_zero_rect2x3,rect2x3_hole_3,178,02302,0.0009765625
haxs.stage5c2gR32A.g1-deterministic.v1,89bd5e9b58115b60bdad35f43f6437be,6cf4b1554ee55ead84f640a8fea63c49,limit_spin_density_zero_rect2x3,rect2x3_hole_3,179,02303,0.0009765625
haxs.stage5c2gR32A.g1-deterministic.v1,89bd5e9b58115b60bdad35f43f6437be,5716343d395e56f89793fee778d3dad6,limit_spin_density_zero_rect2x3,rect2x3_hole_3,180,02310,0.0009765625
haxs.stage5c2gR32A.g1-deterministic.v1,89bd5e9b58115b60bdad35f43f6437be,451b9c0d74315cb4b7acbcbe968663ef,limit_spin_density_zero_rect2x3,rect2x3_hole_3,181,02311,0.0009765625
haxs.stage5c2gR32A.g1-deterministic.v1,89bd5e9b58115b60bdad35f43f6437be,94178ecea42f5809a722c398e73ae1d6,limit_spin_density_zero_rect2x3,rect2x3_hole_3,182,02312,0.0009765625
haxs.stage5c2gR32A.g1-deterministic.v1,89bd5e9b58115b60bdad35f43f6437be,403d72efcd2e570486fdd17c69f1b084,limit_spin_density_zero_rect2x3,rect2x3_hole_3,183,02313,0.0009765625
haxs.stage5c2gR32A.g1-deterministic.v1,89bd5e9b58115b60bdad35f43f6437be,4c3de3f96d925a4daeac99896a0d2c45,limit_spin_density_zero_rect2x3,rect2x3_hole_3,184,02320,0.0009765625
haxs.stage5c2gR32A.g1-deterministic.v1,89bd5e9b58115b60bdad35f43f6437be,36421a4f9c145d58a8e6b9c0713b950b,limit_spin_density_zero_rect2x3,rect2x3_hole_3,185,02321,0.0009765625
haxs.stage5c2gR32A.g1-deterministic.v1,89bd5e9b58115b60bdad35f43f6437be,830bebd42c0c5e78be1d36c3dc52843e,limit_spin_density_zero_rect2x3,rect2x3_hole_3,186,02322,0.0009765625
haxs.stage5c2gR32A.g1-deterministic.v1,89bd5e9b58115b60bdad35f43f6437be,7f3adcab83375358b06e4f708e4a8a40,limit_spin_density_zero_rect2x3,rect2x3_hole_3,187,02323,0.0009765625
haxs.stage5c2gR32A.g1-deterministic.v1,89bd5e9b58115b60bdad35f43f6437be,afe6bfc1f99a5602ad2b5476cda6c667,limit_spin_density_zero_rect2x3,rect2x3_hole_3,188,02330,0.0009765625
haxs.stage5c2gR32A.g1-deterministic.v1,89bd5e9b58115b60bdad35f43f6437be,386f2fdc17cc5b8ebda106cbcc6ea288,limit_spin_density_zero_rect2x3,rect2x3_hole_3,189,02331,0.0009765625
haxs.stage5c2gR32A.g1-deterministic.v1,89bd5e9b58115b60bdad35f43f6437be,1521263983b95f2dbc064a4dfa9eb427,limit_spin_density_zero_rect2x3,rect2x3_hole_3,190,02332,0.0009765625
haxs.stage5c2gR32A.g1-deterministic.v1,89bd5e9b58115b60bdad35f43f6437be,530a0d3840ce52bc941b83cee8433546,limit_spin_density_zero_rect2x3,rect2x3_hole_3,191,02333,0.0009765625
haxs.stage5c2gR32A.g1-deterministic.v1,89bd5e9b58115b60bdad35f43f6437be,1989426264395c1eb4046dd5c063f8bb,limit_spin_density_zero_rect2x3,rect2x3_hole_3,192,03000,0.0009765625
haxs.stage5c2gR32A.g1-deterministic.v1,89bd5e9b58115b60bdad35f43f6437be,0266c7dd1d435aabbaab4581517a616d,limit_spin_density_zero_rect2x3,rect2x3_hole_3,193,03001,0.0009765625
haxs.stage5c2gR32A.g1-deterministic.v1,89bd5e9b58115b60bdad35f43f6437be,3f18682d9a945678b2b88855fdebdefd,limit_spin_density_zero_rect2x3,rect2x3_hole_3,194,03002,0.0009765625
haxs.stage5c2gR32A.g1-deterministic.v1,89bd5e9b58115b60bdad35f43f6437be,97a1bfe837b15c3fb55388d6882c851f,limit_spin_density_zero_rect2x3,rect2x3_hole_3,195,03003,0.0009765625
haxs.stage5c2gR32A.g1-deterministic.v1,89bd5e9b58115b60bdad35f43f6437be,a68f1d42f6c85b04b86d4b399d6a3158,limit_spin_density_zero_rect2x3,rect2x3_hole_3,196,03010,0.0009765625
haxs.stage5c2gR32A.g1-deterministic.v1,89bd5e9b58115b60bdad35f43f6437be,141e585ed36e5e3f885acf413e18767b,limit_spin_density_zero_rect2x3,rect2x3_hole_3,197,03011,0.0009765625
haxs.stage5c2gR32A.g1-deterministic.v1,89bd5e9b58115b60bdad35f43f6437be,4cf0d2644c8a5771a0e6986e4cc1622c,limit_spin_density_zero_rect2x3,rect2x3_hole_3,198,03012,0.0009765625
haxs.stage5c2gR32A.g1-deterministic.v1,89bd5e9b58115b60bdad35f43f6437be,e469cef5b29e52cb99bc03716446ccb4,limit_spin_density_zero_rect2x3,rect2x3_hole_3,199,03013,0.0009765625
haxs.stage5c2gR32A.g1-deterministic.v1,89bd5e9b58115b60bdad35f43f6437be,e2a3b17842ff58b88842565b69a63b87,limit_spin_density_zero_rect2x3,rect2x3_hole_3,200,03020,0.0009765625
haxs.stage5c2gR32A.g1-deterministic.v1,89bd5e9b58115b60bdad35f43f6437be,e219f0cafe795f92866a4f31b6ee109d,limit_spin_density_zero_rect2x3,rect2x3_hole_3,201,03021,0.0009765625
haxs.stage5c2gR32A.g1-deterministic.v1,89bd5e9b58115b60bdad35f43f6437be,6f24c162f9ac56cf8e0ab8215242f365,limit_spin_density_zero_rect2x3,rect2x3_hole_3,202,03022,0.0009765625
haxs.stage5c2gR32A.g1-deterministic.v1,89bd5e9b58115b60bdad35f43f6437be,703416ce6c735672bb0379da8ab5fa5d,limit_spin_density_zero_rect2x3,rect2x3_hole_3,203,03023,0.0009765625
haxs.stage5c2gR32A.g1-deterministic.v1,89bd5e9b58115b60bdad35f43f6437be,a514da98b1175b1e8b467eb243a748d5,limit_spin_density_zero_rect2x3,rect2x3_hole_3,204,03030,0.0009765625
haxs.stage5c2gR32A.g1-deterministic.v1,89bd5e9b58115b60bdad35f43f6437be,10ba04386b9053daa792ac95c91bd2ad,limit_spin_density_zero_rect2x3,rect2x3_hole_3,205,03031,0.0009765625
haxs.stage5c2gR32A.g1-deterministic.v1,89bd5e9b58115b60bdad35f43f6437be,28f64bc3ac575b889d3e9456fccb7925,limit_spin_density_zero_rect2x3,rect2x3_hole_3,206,03032,0.0009765625
haxs.stage5c2gR32A.g1-deterministic.v1,89bd5e9b58115b60bdad35f43f6437be,5689ced9f6fe552b9a312ffdffa0c86d,limit_spin_density_zero_rect2x3,rect2x3_hole_3,207,03033,0.0009765625
haxs.stage5c2gR32A.g1-deterministic.v1,89bd5e9b58115b60bdad35f43f6437be,59214d9211425ed79539d5a91fcdddc7,limit_spin_density_zero_rect2x3,rect2x3_hole_3,208,03100,0.0009765625
haxs.stage5c2gR32A.g1-deterministic.v1,89bd5e9b58115b60bdad35f43f6437be,7205497c8fe25cdf92c1950d388d0603,limit_spin_density_zero_rect2x3,rect2x3_hole_3,209,03101,0.0009765625
haxs.stage5c2gR32A.g1-deterministic.v1,89bd5e9b58115b60bdad35f43f6437be,417814df333f563297c5b72ef233ed5d,limit_spin_density_zero_rect2x3,rect2x3_hole_3,210,03102,0.0009765625
haxs.stage5c2gR32A.g1-deterministic.v1,89bd5e9b58115b60bdad35f43f6437be,71c90c908d05594199167c1764841d59,limit_spin_density_zero_rect2x3,rect2x3_hole_3,211,03103,0.0009765625
haxs.stage5c2gR32A.g1-deterministic.v1,89bd5e9b58115b60bdad35f43f6437be,781aa4af7168507d928c7c91914d8418,limit_spin_density_zero_rect2x3,rect2x3_hole_3,212,03110,0.0009765625
haxs.stage5c2gR32A.g1-deterministic.v1,89bd5e9b58115b60bdad35f43f6437be,9206b6086de45139954bc68dfa72b070,limit_spin_density_zero_rect2x3,rect2x3_hole_3,213,03111,0.0009765625
haxs.stage5c2gR32A.g1-deterministic.v1,89bd5e9b58115b60bdad35f43f6437be,67e5766e8dc55fec9b32ef6da7cc3bcf,limit_spin_density_zero_rect2x3,rect2x3_hole_3,214,03112,0.0009765625
haxs.stage5c2gR32A.g1-deterministic.v1,89bd5e9b58115b60bdad35f43f6437be,a6f15908d1df5be79aa513425c1cdefe,limit_spin_density_zero_rect2x3,rect2x3_hole_3,215,03113,0.0009765625
haxs.stage5c2gR32A.g1-deterministic.v1,89bd5e9b58115b60bdad35f43f6437be,acf12f09165d54fb8e0fc3810e78bacd,limit_spin_density_zero_rect2x3,rect2x3_hole_3,216,03120,0.0009765625
haxs.stage5c2gR32A.g1-deterministic.v1,89bd5e9b58115b60bdad35f43f6437be,8a853ecde8ad50ddb6b8592a0c706d82,limit_spin_density_zero_rect2x3,rect2x3_hole_3,217,03121,0.0009765625
haxs.stage5c2gR32A.g1-deterministic.v1,89bd5e9b58115b60bdad35f43f6437be,bfdd9e696cb95b4c8938d36db8a30c33,limit_spin_density_zero_rect2x3,rect2x3_hole_3,218,03122,0.0009765625
haxs.stage5c2gR32A.g1-deterministic.v1,89bd5e9b58115b60bdad35f43f6437be,884798e5f5805e6196809487895ef21b,limit_spin_density_zero_rect2x3,rect2x3_hole_3,219,03123,0.0009765625
haxs.stage5c2gR32A.g1-deterministic.v1,89bd5e9b58115b60bdad35f43f6437be,fe58ea24e0925374a65cbb6e1c9e932c,limit_spin_density_zero_rect2x3,rect2x3_hole_3,220,03130,0.0009765625
haxs.stage5c2gR32A.g1-deterministic.v1,89bd5e9b58115b60bdad35f43f6437be,c79e6c9923f35dbda3eb3c04f0c017e3,limit_spin_density_zero_rect2x3,rect2x3_hole_3,221,03131,0.0009765625
haxs.stage5c2gR32A.g1-deterministic.v1,89bd5e9b58115b60bdad35f43f6437be,11eb6dcc1baa543e9b3d8fddcaf328cc,limit_spin_density_zero_rect2x3,rect2x3_hole_3,222,03132,0.0009765625
haxs.stage5c2gR32A.g1-deterministic.v1,89bd5e9b58115b60bdad35f43f6437be,5f7cbf03a08050f2b882945df0bb53b2,limit_spin_density_zero_rect2x3,rect2x3_hole_3,223,03133,0.0009765625
haxs.stage5c2gR32A.g1-deterministic.v1,89bd5e9b58115b60bdad35f43f6437be,c1663d55677a5ea0ad851cbf7d65ce9f,limit_spin_density_zero_rect2x3,rect2x3_hole_3,224,03200,0.0009765625
haxs.stage5c2gR32A.g1-deterministic.v1,89bd5e9b58115b60bdad35f43f6437be,7fda354ec09052c18d441cc0e67ded82,limit_spin_density_zero_rect2x3,rect2x3_hole_3,225,03201,0.0009765625
haxs.stage5c2gR32A.g1-deterministic.v1,89bd5e9b58115b60bdad35f43f6437be,33cfab270abe51d0a6a95add640b3286,limit_spin_density_zero_rect2x3,rect2x3_hole_3,226,03202,0.0009765625
haxs.stage5c2gR32A.g1-deterministic.v1,89bd5e9b58115b60bdad35f43f6437be,81cace90b4f25f159395724d643ba712,limit_spin_density_zero_rect2x3,rect2x3_hole_3,227,03203,0.0009765625
haxs.stage5c2gR32A.g1-deterministic.v1,89bd5e9b58115b60bdad35f43f6437be,f768845bc2c35ad48db7ef68a056d6fe,limit_spin_density_zero_rect2x3,rect2x3_hole_3,228,03210,0.0009765625
haxs.stage5c2gR32A.g1-deterministic.v1,89bd5e9b58115b60bdad35f43f6437be,275199493bcb59e091efdedeed0948ab,limit_spin_density_zero_rect2x3,rect2x3_hole_3,229,03211,0.0009765625
haxs.stage5c2gR32A.g1-deterministic.v1,89bd5e9b58115b60bdad35f43f6437be,38ee12d1b4b25bc2a593d600b1357796,limit_spin_density_zero_rect2x3,rect2x3_hole_3,230,03212,0.0009765625
haxs.stage5c2gR32A.g1-deterministic.v1,89bd5e9b58115b60bdad35f43f6437be,9a6a99cff28f56f5a8ccedbae99f54b5,limit_spin_density_zero_rect2x3,rect2x3_hole_3,231,03213,0.0009765625
haxs.stage5c2gR32A.g1-deterministic.v1,89bd5e9b58115b60bdad35f43f6437be,195f96ab6a245831a24c57a24b595da2,limit_spin_density_zero_rect2x3,rect2x3_hole_3,232,03220,0.0009765625
haxs.stage5c2gR32A.g1-deterministic.v1,89bd5e9b58115b60bdad35f43f6437be,46d28d6946055495a09f6bfc9a2b607c,limit_spin_density_zero_rect2x3,rect2x3_hole_3,233,03221,0.0009765625
haxs.stage5c2gR32A.g1-deterministic.v1,89bd5e9b58115b60bdad35f43f6437be,e6e54a5f14485aac8abeda3051bafb92,limit_spin_density_zero_rect2x3,rect2x3_hole_3,234,03222,0.0009765625
haxs.stage5c2gR32A.g1-deterministic.v1,89bd5e9b58115b60bdad35f43f6437be,f25055f3a0895f06961ea3d638a44f9f,limit_spin_density_zero_rect2x3,rect2x3_hole_3,235,03223,0.0009765625
haxs.stage5c2gR32A.g1-deterministic.v1,89bd5e9b58115b60bdad35f43f6437be,64bd55ab42eb5229aecb7d47b42b4d68,limit_spin_density_zero_rect2x3,rect2x3_hole_3,236,03230,0.0009765625
haxs.stage5c2gR32A.g1-deterministic.v1,89bd5e9b58115b60bdad35f43f6437be,c1a94a1241545c708185774339a72be6,limit_spin_density_zero_rect2x3,rect2x3_hole_3,237,03231,0.0009765625
haxs.stage5c2gR32A.g1-deterministic.v1,89bd5e9b58115b60bdad35f43f6437be,9d5ba7500a7e5e6e865b857e46bf1641,limit_spin_density_zero_rect2x3,rect2x3_hole_3,238,03232,0.0009765625
haxs.stage5c2gR32A.g1-deterministic.v1,89bd5e9b58115b60bdad35f43f6437be,25a9a283e7e15e94ba27f1b8cf3ae799,limit_spin_density_zero_rect2x3,rect2x3_hole_3,239,03233,0.0009765625
haxs.stage5c2gR32A.g1-deterministic.v1,89bd5e9b58115b60bdad35f43f6437be,62cbea5e021f5ccc87d1a92394fbe4a9,limit_spin_density_zero_rect2x3,rect2x3_hole_3,240,03300,0.0009765625
haxs.stage5c2gR32A.g1-deterministic.v1,89bd5e9b58115b60bdad35f43f6437be,3daea1fd735c5a20a863d4eecf3c9537,limit_spin_density_zero_rect2x3,rect2x3_hole_3,241,03301,0.0009765625
haxs.stage5c2gR32A.g1-deterministic.v1,89bd5e9b58115b60bdad35f43f6437be,4a2447a590bb5bfba46ab3d9405e9854,limit_spin_density_zero_rect2x3,rect2x3_hole_3,242,03302,0.0009765625
haxs.stage5c2gR32A.g1-deterministic.v1,89bd5e9b58115b60bdad35f43f6437be,66812e706c7451fa84e91c8b49a825ff,limit_spin_density_zero_rect2x3,rect2x3_hole_3,243,03303,0.0009765625
haxs.stage5c2gR32A.g1-deterministic.v1,89bd5e9b58115b60bdad35f43f6437be,ba7cb05518445aee9a2f25321459353d,limit_spin_density_zero_rect2x3,rect2x3_hole_3,244,03310,0.0009765625
haxs.stage5c2gR32A.g1-deterministic.v1,89bd5e9b58115b60bdad35f43f6437be,a0552263748c5964997684ed207e5a29,limit_spin_density_zero_rect2x3,rect2x3_hole_3,245,03311,0.0009765625
haxs.stage5c2gR32A.g1-deterministic.v1,89bd5e9b58115b60bdad35f43f6437be,998df569925b5fe4b2ab758f044d96c5,limit_spin_density_zero_rect2x3,rect2x3_hole_3,246,03312,0.0009765625
haxs.stage5c2gR32A.g1-deterministic.v1,89bd5e9b58115b60bdad35f43f6437be,6025f66ea38f5df484351b269ecfff3c,limit_spin_density_zero_rect2x3,rect2x3_hole_3,247,03313,0.0009765625
haxs.stage5c2gR32A.g1-deterministic.v1,89bd5e9b58115b60bdad35f43f6437be,8e16719fa4f1540781a045a10a420ccc,limit_spin_density_zero_rect2x3,rect2x3_hole_3,248,03320,0.0009765625
haxs.stage5c2gR32A.g1-deterministic.v1,89bd5e9b58115b60bdad35f43f6437be,90fc6c016f94581d83246863d67706b2,limit_spin_density_zero_rect2x3,rect2x3_hole_3,249,03321,0.0009765625
haxs.stage5c2gR32A.g1-deterministic.v1,89bd5e9b58115b60bdad35f43f6437be,1d795d58700e503588872a172fc4145a,limit_spin_density_zero_rect2x3,rect2x3_hole_3,250,03322,0.0009765625
haxs.stage5c2gR32A.g1-deterministic.v1,89bd5e9b58115b60bdad35f43f6437be,7cddcc943c76597196caebe7dbb74791,limit_spin_density_zero_rect2x3,rect2x3_hole_3,251,03323,0.0009765625
haxs.stage5c2gR32A.g1-deterministic.v1,89bd5e9b58115b60bdad35f43f6437be,9c56ccd68e69566f810efdb3bcf7b7eb,limit_spin_density_zero_rect2x3,rect2x3_hole_3,252,03330,0.0009765625
haxs.stage5c2gR32A.g1-deterministic.v1,89bd5e9b58115b60bdad35f43f6437be,11af5bd258915055ab7de3aaa6768159,limit_spin_density_zero_rect2x3,rect2x3_hole_3,253,03331,0.0009765625
haxs.stage5c2gR32A.g1-deterministic.v1,89bd5e9b58115b60bdad35f43f6437be,1b5597660858541ab640a3269c776f33,limit_spin_density_zero_rect2x3,rect2x3_hole_3,254,03332,0.0009765625
haxs.stage5c2gR32A.g1-deterministic.v1,89bd5e9b58115b60bdad35f43f6437be,b2e749392c7b5bf4a7a3531a69c1bc52,limit_spin_density_zero_rect2x3,rect2x3_hole_3,255,03333,0.0009765625
haxs.stage5c2gR32A.g1-deterministic.v1,89bd5e9b58115b60bdad35f43f6437be,034e5ea3a9175037a8946e2e64542079,limit_spin_density_zero_rect2x3,rect2x3_hole_3,256,10000,0.0009765625
haxs.stage5c2gR32A.g1-deterministic.v1,89bd5e9b58115b60bdad35f43f6437be,db2474d3f751591992853f0568b9f8f8,limit_spin_density_zero_rect2x3,rect2x3_hole_3,257,10001,0.0009765625
haxs.stage5c2gR32A.g1-deterministic.v1,89bd5e9b58115b60bdad35f43f6437be,58d2833fe459523ca3e85bb19b5a31c0,limit_spin_density_zero_rect2x3,rect2x3_hole_3,258,10002,0.0009765625
haxs.stage5c2gR32A.g1-deterministic.v1,89bd5e9b58115b60bdad35f43f6437be,ce98adb614f953d5b3704bdfbc2fd52f,limit_spin_density_zero_rect2x3,rect2x3_hole_3,259,10003,0.0009765625
haxs.stage5c2gR32A.g1-deterministic.v1,89bd5e9b58115b60bdad35f43f6437be,2d12c64d958a52d58394260e0afa0c8f,limit_spin_density_zero_rect2x3,rect2x3_hole_3,260,10010,0.0009765625
haxs.stage5c2gR32A.g1-deterministic.v1,89bd5e9b58115b60bdad35f43f6437be,0b79a847ab045df190f49e0e2deb84e3,limit_spin_density_zero_rect2x3,rect2x3_hole_3,261,10011,0.0009765625
haxs.stage5c2gR32A.g1-deterministic.v1,89bd5e9b58115b60bdad35f43f6437be,23749c7d01a457ab9cd6595598f74589,limit_spin_density_zero_rect2x3,rect2x3_hole_3,262,10012,0.0009765625
haxs.stage5c2gR32A.g1-deterministic.v1,89bd5e9b58115b60bdad35f43f6437be,cca02736781558f7b8a1187d4320e35a,limit_spin_density_zero_rect2x3,rect2x3_hole_3,263,10013,0.0009765625
haxs.stage5c2gR32A.g1-deterministic.v1,89bd5e9b58115b60bdad35f43f6437be,cb14bb41d5b15305885445bf0ae51a0e,limit_spin_density_zero_rect2x3,rect2x3_hole_3,264,10020,0.0009765625
haxs.stage5c2gR32A.g1-deterministic.v1,89bd5e9b58115b60bdad35f43f6437be,17f1ed2235145f18ae4a08b87bbd575c,limit_spin_density_zero_rect2x3,rect2x3_hole_3,265,10021,0.0009765625
haxs.stage5c2gR32A.g1-deterministic.v1,89bd5e9b58115b60bdad35f43f6437be,44ecf3b5da2d5e22b2844bbd14a0c0e3,limit_spin_density_zero_rect2x3,rect2x3_hole_3,266,10022,0.0009765625
haxs.stage5c2gR32A.g1-deterministic.v1,89bd5e9b58115b60bdad35f43f6437be,7cd7a1be25795cd7adac6abdbcf4e914,limit_spin_density_zero_rect2x3,rect2x3_hole_3,267,10023,0.0009765625
haxs.stage5c2gR32A.g1-deterministic.v1,89bd5e9b58115b60bdad35f43f6437be,8864314722a55f18b53b9a14a1074524,limit_spin_density_zero_rect2x3,rect2x3_hole_3,268,10030,0.0009765625
haxs.stage5c2gR32A.g1-deterministic.v1,89bd5e9b58115b60bdad35f43f6437be,b413fc72ae3f56e4a35beb4f6d782ab3,limit_spin_density_zero_rect2x3,rect2x3_hole_3,269,10031,0.0009765625
haxs.stage5c2gR32A.g1-deterministic.v1,89bd5e9b58115b60bdad35f43f6437be,7731d34f67405889867fc699934dc56d,limit_spin_density_zero_rect2x3,rect2x3_hole_3,270,10032,0.0009765625
haxs.stage5c2gR32A.g1-deterministic.v1,89bd5e9b58115b60bdad35f43f6437be,2f290b35070a5b459c7509f2ba7e9125,limit_spin_density_zero_rect2x3,rect2x3_hole_3,271,10033,0.0009765625
haxs.stage5c2gR32A.g1-deterministic.v1,89bd5e9b58115b60bdad35f43f6437be,480569d66f66581cb725956bf6ba5694,limit_spin_density_zero_rect2x3,rect2x3_hole_3,272,10100,0.0009765625
haxs.stage5c2gR32A.g1-deterministic.v1,89bd5e9b58115b60bdad35f43f6437be,eaebc58e5bb7547b93d7033dfc1cd38c,limit_spin_density_zero_rect2x3,rect2x3_hole_3,273,10101,0.0009765625
haxs.stage5c2gR32A.g1-deterministic.v1,89bd5e9b58115b60bdad35f43f6437be,b315aaea3c8a5a0bb87d1319f98c445c,limit_spin_density_zero_rect2x3,rect2x3_hole_3,274,10102,0.0009765625
haxs.stage5c2gR32A.g1-deterministic.v1,89bd5e9b58115b60bdad35f43f6437be,4f26bbf7bba6585693a6fe4147e09c25,limit_spin_density_zero_rect2x3,rect2x3_hole_3,275,10103,0.0009765625
haxs.stage5c2gR32A.g1-deterministic.v1,89bd5e9b58115b60bdad35f43f6437be,2dde6da6000f51f48606790df337e6f1,limit_spin_density_zero_rect2x3,rect2x3_hole_3,276,10110,0.0009765625
haxs.stage5c2gR32A.g1-deterministic.v1,89bd5e9b58115b60bdad35f43f6437be,c99b6a4bba235a638f67cfdb112f31b4,limit_spin_density_zero_rect2x3,rect2x3_hole_3,277,10111,0.0009765625
haxs.stage5c2gR32A.g1-deterministic.v1,89bd5e9b58115b60bdad35f43f6437be,5740dd1b06645fde83adf76891b2bac2,limit_spin_density_zero_rect2x3,rect2x3_hole_3,278,10112,0.0009765625
haxs.stage5c2gR32A.g1-deterministic.v1,89bd5e9b58115b60bdad35f43f6437be,51df5ec7a9725093903319a11df16b34,limit_spin_density_zero_rect2x3,rect2x3_hole_3,279,10113,0.0009765625
haxs.stage5c2gR32A.g1-deterministic.v1,89bd5e9b58115b60bdad35f43f6437be,4999696670cd5a10ae304cccc1507508,limit_spin_density_zero_rect2x3,rect2x3_hole_3,280,10120,0.0009765625
haxs.stage5c2gR32A.g1-deterministic.v1,89bd5e9b58115b60bdad35f43f6437be,e64b2d7c65df5d0fb20dfc13466f0efe,limit_spin_density_zero_rect2x3,rect2x3_hole_3,281,10121,0.0009765625
haxs.stage5c2gR32A.g1-deterministic.v1,89bd5e9b58115b60bdad35f43f6437be,8d77a7d3007351988c2bc8cf0479d633,limit_spin_density_zero_rect2x3,rect2x3_hole_3,282,10122,0.0009765625
haxs.stage5c2gR32A.g1-deterministic.v1,89bd5e9b58115b60bdad35f43f6437be,e00002ea89fc532aa1c50fdb53ee58c6,limit_spin_density_zero_rect2x3,rect2x3_hole_3,283,10123,0.0009765625
haxs.stage5c2gR32A.g1-deterministic.v1,89bd5e9b58115b60bdad35f43f6437be,5ab34fc8c4e35f9cbd16d9adf70bff35,limit_spin_density_zero_rect2x3,rect2x3_hole_3,284,10130,0.0009765625
haxs.stage5c2gR32A.g1-deterministic.v1,89bd5e9b58115b60bdad35f43f6437be,7ecd54349995527c8a0b6528c4a0cf98,limit_spin_density_zero_rect2x3,rect2x3_hole_3,285,10131,0.0009765625
haxs.stage5c2gR32A.g1-deterministic.v1,89bd5e9b58115b60bdad35f43f6437be,c20337d802b051fe902a1484b59fb714,limit_spin_density_zero_rect2x3,rect2x3_hole_3,286,10132,0.0009765625
haxs.stage5c2gR32A.g1-deterministic.v1,89bd5e9b58115b60bdad35f43f6437be,6cf50bd2df1d5bd5a5764dcb119de641,limit_spin_density_zero_rect2x3,rect2x3_hole_3,287,10133,0.0009765625
haxs.stage5c2gR32A.g1-deterministic.v1,89bd5e9b58115b60bdad35f43f6437be,5c94b15af3ba5d40ad876d366732b76b,limit_spin_density_zero_rect2x3,rect2x3_hole_3,288,10200,0.0009765625
haxs.stage5c2gR32A.g1-deterministic.v1,89bd5e9b58115b60bdad35f43f6437be,3c003892d45159758c500ad173e31369,limit_spin_density_zero_rect2x3,rect2x3_hole_3,289,10201,0.0009765625
haxs.stage5c2gR32A.g1-deterministic.v1,89bd5e9b58115b60bdad35f43f6437be,bb9b752715a05e3e8ec690d06ac4cf20,limit_spin_density_zero_rect2x3,rect2x3_hole_3,290,10202,0.0009765625
haxs.stage5c2gR32A.g1-deterministic.v1,89bd5e9b58115b60bdad35f43f6437be,c9a21eb5102456d997b37f10404e64a6,limit_spin_density_zero_rect2x3,rect2x3_hole_3,291,10203,0.0009765625
haxs.stage5c2gR32A.g1-deterministic.v1,89bd5e9b58115b60bdad35f43f6437be,844adbfa19bc5099980aca77be47e2e7,limit_spin_density_zero_rect2x3,rect2x3_hole_3,292,10210,0.0009765625
haxs.stage5c2gR32A.g1-deterministic.v1,89bd5e9b58115b60bdad35f43f6437be,0dc30bb7ab685590ac2f822724e53777,limit_spin_density_zero_rect2x3,rect2x3_hole_3,293,10211,0.0009765625
haxs.stage5c2gR32A.g1-deterministic.v1,89bd5e9b58115b60bdad35f43f6437be,4fcc30ed2536549686f6967cf2e7fffc,limit_spin_density_zero_rect2x3,rect2x3_hole_3,294,10212,0.0009765625
haxs.stage5c2gR32A.g1-deterministic.v1,89bd5e9b58115b60bdad35f43f6437be,4d09696f82795bddad48a7b526c49c17,limit_spin_density_zero_rect2x3,rect2x3_hole_3,295,10213,0.0009765625
haxs.stage5c2gR32A.g1-deterministic.v1,89bd5e9b58115b60bdad35f43f6437be,bb9bdfb6cc4854c3a09c8369c931133b,limit_spin_density_zero_rect2x3,rect2x3_hole_3,296,10220,0.0009765625
haxs.stage5c2gR32A.g1-deterministic.v1,89bd5e9b58115b60bdad35f43f6437be,5c5dd7b374875a4ea0ae67168408014a,limit_spin_density_zero_rect2x3,rect2x3_hole_3,297,10221,0.0009765625
haxs.stage5c2gR32A.g1-deterministic.v1,89bd5e9b58115b60bdad35f43f6437be,eeaff9a94175541199e224a4130eac04,limit_spin_density_zero_rect2x3,rect2x3_hole_3,298,10222,0.0009765625
haxs.stage5c2gR32A.g1-deterministic.v1,89bd5e9b58115b60bdad35f43f6437be,4bc435a0f05b5425b0d795a0cbb69841,limit_spin_density_zero_rect2x3,rect2x3_hole_3,299,10223,0.0009765625
haxs.stage5c2gR32A.g1-deterministic.v1,89bd5e9b58115b60bdad35f43f6437be,15b1a91f98a0552a92f8f76d0b6f594e,limit_spin_density_zero_rect2x3,rect2x3_hole_3,300,10230,0.0009765625
haxs.stage5c2gR32A.g1-deterministic.v1,89bd5e9b58115b60bdad35f43f6437be,cabd2347ddc158fbb826f2a6f21e9b33,limit_spin_density_zero_rect2x3,rect2x3_hole_3,301,10231,0.0009765625
haxs.stage5c2gR32A.g1-deterministic.v1,89bd5e9b58115b60bdad35f43f6437be,e3190213829c59fe9e0e00f555316f24,limit_spin_density_zero_rect2x3,rect2x3_hole_3,302,10232,0.0009765625
haxs.stage5c2gR32A.g1-deterministic.v1,89bd5e9b58115b60bdad35f43f6437be,fc197b13eaa25f20b647a7707b310b22,limit_spin_density_zero_rect2x3,rect2x3_hole_3,303,10233,0.0009765625
haxs.stage5c2gR32A.g1-deterministic.v1,89bd5e9b58115b60bdad35f43f6437be,525e64e6e56d5029a820d14e3cfd2ff8,limit_spin_density_zero_rect2x3,rect2x3_hole_3,304,10300,0.0009765625
haxs.stage5c2gR32A.g1-deterministic.v1,89bd5e9b58115b60bdad35f43f6437be,631f38cd5e035665aac2e1e107649a78,limit_spin_density_zero_rect2x3,rect2x3_hole_3,305,10301,0.0009765625
haxs.stage5c2gR32A.g1-deterministic.v1,89bd5e9b58115b60bdad35f43f6437be,6cd55a28ec99516fa0252623af7e1133,limit_spin_density_zero_rect2x3,rect2x3_hole_3,306,10302,0.0009765625
haxs.stage5c2gR32A.g1-deterministic.v1,89bd5e9b58115b60bdad35f43f6437be,f43b30490deb5f61aa40806d0b21d459,limit_spin_density_zero_rect2x3,rect2x3_hole_3,307,10303,0.0009765625
haxs.stage5c2gR32A.g1-deterministic.v1,89bd5e9b58115b60bdad35f43f6437be,417ccdabf398527791ada11b92d12ada,limit_spin_density_zero_rect2x3,rect2x3_hole_3,308,10310,0.0009765625
haxs.stage5c2gR32A.g1-deterministic.v1,89bd5e9b58115b60bdad35f43f6437be,1362677e328e5a32a42d62dd3a93caf8,limit_spin_density_zero_rect2x3,rect2x3_hole_3,309,10311,0.0009765625
haxs.stage5c2gR32A.g1-deterministic.v1,89bd5e9b58115b60bdad35f43f6437be,797b7867629452789c6ca2ad2507c937,limit_spin_density_zero_rect2x3,rect2x3_hole_3,310,10312,0.0009765625
haxs.stage5c2gR32A.g1-deterministic.v1,89bd5e9b58115b60bdad35f43f6437be,12b1cef073105bf1a1042fcbad090789,limit_spin_density_zero_rect2x3,rect2x3_hole_3,311,10313,0.0009765625
haxs.stage5c2gR32A.g1-deterministic.v1,89bd5e9b58115b60bdad35f43f6437be,03c53df9da9d5a4b94ada908a67c1652,limit_spin_density_zero_rect2x3,rect2x3_hole_3,312,10320,0.0009765625
haxs.stage5c2gR32A.g1-deterministic.v1,89bd5e9b58115b60bdad35f43f6437be,638d9d8ed34050cea32f2164d6d532dc,limit_spin_density_zero_rect2x3,rect2x3_hole_3,313,10321,0.0009765625
haxs.stage5c2gR32A.g1-deterministic.v1,89bd5e9b58115b60bdad35f43f6437be,9f7eaf17092953a5b017e8397923fcbc,limit_spin_density_zero_rect2x3,rect2x3_hole_3,314,10322,0.0009765625
haxs.stage5c2gR32A.g1-deterministic.v1,89bd5e9b58115b60bdad35f43f6437be,01bdb188c1115404936a57941c924e51,limit_spin_density_zero_rect2x3,rect2x3_hole_3,315,10323,0.0009765625
haxs.stage5c2gR32A.g1-deterministic.v1,89bd5e9b58115b60bdad35f43f6437be,1b26bde820c75a878571a639b46dfb3f,limit_spin_density_zero_rect2x3,rect2x3_hole_3,316,10330,0.0009765625
haxs.stage5c2gR32A.g1-deterministic.v1,89bd5e9b58115b60bdad35f43f6437be,c54884b3a94b50adbaf75954aff77baa,limit_spin_density_zero_rect2x3,rect2x3_hole_3,317,10331,0.0009765625
haxs.stage5c2gR32A.g1-deterministic.v1,89bd5e9b58115b60bdad35f43f6437be,b0a9eb40b2fd5c1f82d3990741110ad6,limit_spin_density_zero_rect2x3,rect2x3_hole_3,318,10332,0.0009765625
haxs.stage5c2gR32A.g1-deterministic.v1,89bd5e9b58115b60bdad35f43f6437be,9708d05427f457308e01f7664cacc2e6,limit_spin_density_zero_rect2x3,rect2x3_hole_3,319,10333,0.0009765625
haxs.stage5c2gR32A.g1-deterministic.v1,89bd5e9b58115b60bdad35f43f6437be,b1a7e0f3587957a2a0870fa57e796cbe,limit_spin_density_zero_rect2x3,rect2x3_hole_3,320,11000,0.0009765625
haxs.stage5c2gR32A.g1-deterministic.v1,89bd5e9b58115b60bdad35f43f6437be,1a59c740be205cfbb3a61d14b609ed16,limit_spin_density_zero_rect2x3,rect2x3_hole_3,321,11001,0.0009765625
haxs.stage5c2gR32A.g1-deterministic.v1,89bd5e9b58115b60bdad35f43f6437be,d10f942aa6865159bc82bb03fd591b50,limit_spin_density_zero_rect2x3,rect2x3_hole_3,322,11002,0.0009765625
haxs.stage5c2gR32A.g1-deterministic.v1,89bd5e9b58115b60bdad35f43f6437be,4318669cc2ed56d3949b11c97b36f7e5,limit_spin_density_zero_rect2x3,rect2x3_hole_3,323,11003,0.0009765625
haxs.stage5c2gR32A.g1-deterministic.v1,89bd5e9b58115b60bdad35f43f6437be,5bd50d283fc85026b501ea0da5cd6186,limit_spin_density_zero_rect2x3,rect2x3_hole_3,324,11010,0.0009765625
haxs.stage5c2gR32A.g1-deterministic.v1,89bd5e9b58115b60bdad35f43f6437be,be45379f105b52b381064a94e45e6195,limit_spin_density_zero_rect2x3,rect2x3_hole_3,325,11011,0.0009765625
haxs.stage5c2gR32A.g1-deterministic.v1,89bd5e9b58115b60bdad35f43f6437be,5050d2416ed757629ffa7a5320434218,limit_spin_density_zero_rect2x3,rect2x3_hole_3,326,11012,0.0009765625
haxs.stage5c2gR32A.g1-deterministic.v1,89bd5e9b58115b60bdad35f43f6437be,ab90540771495be1a5b2be565bbfba04,limit_spin_density_zero_rect2x3,rect2x3_hole_3,327,11013,0.0009765625
haxs.stage5c2gR32A.g1-deterministic.v1,89bd5e9b58115b60bdad35f43f6437be,acb70544062d589da4fe0058ef89e2ce,limit_spin_density_zero_rect2x3,rect2x3_hole_3,328,11020,0.0009765625
haxs.stage5c2gR32A.g1-deterministic.v1,89bd5e9b58115b60bdad35f43f6437be,1380a581a050589bb032a985af07c377,limit_spin_density_zero_rect2x3,rect2x3_hole_3,329,11021,0.0009765625
haxs.stage5c2gR32A.g1-deterministic.v1,89bd5e9b58115b60bdad35f43f6437be,309317e6d19d5a93975d0af452fdb8d1,limit_spin_density_zero_rect2x3,rect2x3_hole_3,330,11022,0.0009765625
haxs.stage5c2gR32A.g1-deterministic.v1,89bd5e9b58115b60bdad35f43f6437be,5cc394d3bf395b12a8c526fa2713f890,limit_spin_density_zero_rect2x3,rect2x3_hole_3,331,11023,0.0009765625
haxs.stage5c2gR32A.g1-deterministic.v1,89bd5e9b58115b60bdad35f43f6437be,4bb4878227525825bb5339ea0115fa40,limit_spin_density_zero_rect2x3,rect2x3_hole_3,332,11030,0.0009765625
haxs.stage5c2gR32A.g1-deterministic.v1,89bd5e9b58115b60bdad35f43f6437be,bd401dbbf9bb5dcf872ef37b03a0895b,limit_spin_density_zero_rect2x3,rect2x3_hole_3,333,11031,0.0009765625
haxs.stage5c2gR32A.g1-deterministic.v1,89bd5e9b58115b60bdad35f43f6437be,4b828cf786ab5ecd97685820e4e1ac96,limit_spin_density_zero_rect2x3,rect2x3_hole_3,334,11032,0.0009765625
haxs.stage5c2gR32A.g1-deterministic.v1,89bd5e9b58115b60bdad35f43f6437be,c8b4f378e13b59d18ca488690092e25b,limit_spin_density_zero_rect2x3,rect2x3_hole_3,335,11033,0.0009765625
haxs.stage5c2gR32A.g1-deterministic.v1,89bd5e9b58115b60bdad35f43f6437be,50d4fa8b843a5499ab5e875dfb201542,limit_spin_density_zero_rect2x3,rect2x3_hole_3,336,11100,0.0009765625
haxs.stage5c2gR32A.g1-deterministic.v1,89bd5e9b58115b60bdad35f43f6437be,0ce29d343dab589b8191cb2ab94e2831,limit_spin_density_zero_rect2x3,rect2x3_hole_3,337,11101,0.0009765625
haxs.stage5c2gR32A.g1-deterministic.v1,89bd5e9b58115b60bdad35f43f6437be,efcb8c9e8ac651379e2b5dd9fe3a85b1,limit_spin_density_zero_rect2x3,rect2x3_hole_3,338,11102,0.0009765625
haxs.stage5c2gR32A.g1-deterministic.v1,89bd5e9b58115b60bdad35f43f6437be,9629dd33cd5a50b488a0db6647295259,limit_spin_density_zero_rect2x3,rect2x3_hole_3,339,11103,0.0009765625
haxs.stage5c2gR32A.g1-deterministic.v1,89bd5e9b58115b60bdad35f43f6437be,d8a6055c6aff5c9482d8233ab2edb278,limit_spin_density_zero_rect2x3,rect2x3_hole_3,340,11110,0.0009765625
haxs.stage5c2gR32A.g1-deterministic.v1,89bd5e9b58115b60bdad35f43f6437be,e4a553a4a2bd5edaa367666906771ad2,limit_spin_density_zero_rect2x3,rect2x3_hole_3,341,11111,0.0009765625
haxs.stage5c2gR32A.g1-deterministic.v1,89bd5e9b58115b60bdad35f43f6437be,a792868cda0d592794ef922210d6425b,limit_spin_density_zero_rect2x3,rect2x3_hole_3,342,11112,0.0009765625
haxs.stage5c2gR32A.g1-deterministic.v1,89bd5e9b58115b60bdad35f43f6437be,036aabec89ae5f1f817c9e65e23a93cb,limit_spin_density_zero_rect2x3,rect2x3_hole_3,343,11113,0.0009765625
haxs.stage5c2gR32A.g1-deterministic.v1,89bd5e9b58115b60bdad35f43f6437be,751de81d8209551fb7d64091382e9dfc,limit_spin_density_zero_rect2x3,rect2x3_hole_3,344,11120,0.0009765625
haxs.stage5c2gR32A.g1-deterministic.v1,89bd5e9b58115b60bdad35f43f6437be,85cfd2788304510bb095c53249ec7a2e,limit_spin_density_zero_rect2x3,rect2x3_hole_3,345,11121,0.0009765625
haxs.stage5c2gR32A.g1-deterministic.v1,89bd5e9b58115b60bdad35f43f6437be,a4ae3844cc29585d925b91c5ce4eeee2,limit_spin_density_zero_rect2x3,rect2x3_hole_3,346,11122,0.0009765625
haxs.stage5c2gR32A.g1-deterministic.v1,89bd5e9b58115b60bdad35f43f6437be,d506be883b5d553b94bd95e1d4d874cd,limit_spin_density_zero_rect2x3,rect2x3_hole_3,347,11123,0.0009765625
haxs.stage5c2gR32A.g1-deterministic.v1,89bd5e9b58115b60bdad35f43f6437be,b084ec71ea765efe90318b6022aa52df,limit_spin_density_zero_rect2x3,rect2x3_hole_3,348,11130,0.0009765625
haxs.stage5c2gR32A.g1-deterministic.v1,89bd5e9b58115b60bdad35f43f6437be,b1e2bc0de6e15c09b8318b9618c3e9d8,limit_spin_density_zero_rect2x3,rect2x3_hole_3,349,11131,0.0009765625
haxs.stage5c2gR32A.g1-deterministic.v1,89bd5e9b58115b60bdad35f43f6437be,08f7ce0194b3567eb3b007c06d8a90fb,limit_spin_density_zero_rect2x3,rect2x3_hole_3,350,11132,0.0009765625
haxs.stage5c2gR32A.g1-deterministic.v1,89bd5e9b58115b60bdad35f43f6437be,8ccae39fc15d59dda6ee0363b88f1b9e,limit_spin_density_zero_rect2x3,rect2x3_hole_3,351,11133,0.0009765625
haxs.stage5c2gR32A.g1-deterministic.v1,89bd5e9b58115b60bdad35f43f6437be,68d39178e6d45f33aeb165d31d51504f,limit_spin_density_zero_rect2x3,rect2x3_hole_3,352,11200,0.0009765625
haxs.stage5c2gR32A.g1-deterministic.v1,89bd5e9b58115b60bdad35f43f6437be,bd84f73e4c1e5694b24851b04c99f9fb,limit_spin_density_zero_rect2x3,rect2x3_hole_3,353,11201,0.0009765625
haxs.stage5c2gR32A.g1-deterministic.v1,89bd5e9b58115b60bdad35f43f6437be,c3f3dc21b31a534b9b8c4ed446827cda,limit_spin_density_zero_rect2x3,rect2x3_hole_3,354,11202,0.0009765625
haxs.stage5c2gR32A.g1-deterministic.v1,89bd5e9b58115b60bdad35f43f6437be,73fd1f71f60c5255980d0e6ef04ac25a,limit_spin_density_zero_rect2x3,rect2x3_hole_3,355,11203,0.0009765625
haxs.stage5c2gR32A.g1-deterministic.v1,89bd5e9b58115b60bdad35f43f6437be,a629c50861c05f81a3d0ab154db21df9,limit_spin_density_zero_rect2x3,rect2x3_hole_3,356,11210,0.0009765625
haxs.stage5c2gR32A.g1-deterministic.v1,89bd5e9b58115b60bdad35f43f6437be,6ded342038b158fd8765278b9f22bf7b,limit_spin_density_zero_rect2x3,rect2x3_hole_3,357,11211,0.0009765625
haxs.stage5c2gR32A.g1-deterministic.v1,89bd5e9b58115b60bdad35f43f6437be,4068cbf6ea5958118935bbf753b42281,limit_spin_density_zero_rect2x3,rect2x3_hole_3,358,11212,0.0009765625
haxs.stage5c2gR32A.g1-deterministic.v1,89bd5e9b58115b60bdad35f43f6437be,0e65f480af1a56998bb2fc6df0b3dfa1,limit_spin_density_zero_rect2x3,rect2x3_hole_3,359,11213,0.0009765625
haxs.stage5c2gR32A.g1-deterministic.v1,89bd5e9b58115b60bdad35f43f6437be,939a55aa9e52510581e5ac0e56ebd223,limit_spin_density_zero_rect2x3,rect2x3_hole_3,360,11220,0.0009765625
haxs.stage5c2gR32A.g1-deterministic.v1,89bd5e9b58115b60bdad35f43f6437be,941607e9b2705d32adb3ad6e2ec89676,limit_spin_density_zero_rect2x3,rect2x3_hole_3,361,11221,0.0009765625
haxs.stage5c2gR32A.g1-deterministic.v1,89bd5e9b58115b60bdad35f43f6437be,0aec1064f2f95cc7bbb5488e38a132cd,limit_spin_density_zero_rect2x3,rect2x3_hole_3,362,11222,0.0009765625
haxs.stage5c2gR32A.g1-deterministic.v1,89bd5e9b58115b60bdad35f43f6437be,8f3d9f48f33c5368928f2cc39620e5c4,limit_spin_density_zero_rect2x3,rect2x3_hole_3,363,11223,0.0009765625
haxs.stage5c2gR32A.g1-deterministic.v1,89bd5e9b58115b60bdad35f43f6437be,c4627ad9df905d919dbcd687be25e983,limit_spin_density_zero_rect2x3,rect2x3_hole_3,364,11230,0.0009765625
haxs.stage5c2gR32A.g1-deterministic.v1,89bd5e9b58115b60bdad35f43f6437be,a979c07c92da571da5de7c6ad5a99b22,limit_spin_density_zero_rect2x3,rect2x3_hole_3,365,11231,0.0009765625
haxs.stage5c2gR32A.g1-deterministic.v1,89bd5e9b58115b60bdad35f43f6437be,71dfccfc8b1d5888b8edea27b6ad6723,limit_spin_density_zero_rect2x3,rect2x3_hole_3,366,11232,0.0009765625
haxs.stage5c2gR32A.g1-deterministic.v1,89bd5e9b58115b60bdad35f43f6437be,40c8eedb024451d0910b79e1ef5dc407,limit_spin_density_zero_rect2x3,rect2x3_hole_3,367,11233,0.0009765625
haxs.stage5c2gR32A.g1-deterministic.v1,89bd5e9b58115b60bdad35f43f6437be,952c07bea2f2525fb6c95692da48e016,limit_spin_density_zero_rect2x3,rect2x3_hole_3,368,11300,0.0009765625
haxs.stage5c2gR32A.g1-deterministic.v1,89bd5e9b58115b60bdad35f43f6437be,4894d0b6cc9b5999b04a2d99d05fbb3c,limit_spin_density_zero_rect2x3,rect2x3_hole_3,369,11301,0.0009765625
haxs.stage5c2gR32A.g1-deterministic.v1,89bd5e9b58115b60bdad35f43f6437be,2a9526e9e09c5db1b41f94b0b6e21602,limit_spin_density_zero_rect2x3,rect2x3_hole_3,370,11302,0.0009765625
haxs.stage5c2gR32A.g1-deterministic.v1,89bd5e9b58115b60bdad35f43f6437be,b6e892c9d39e56cd85ae0f16964d833e,limit_spin_density_zero_rect2x3,rect2x3_hole_3,371,11303,0.0009765625
haxs.stage5c2gR32A.g1-deterministic.v1,89bd5e9b58115b60bdad35f43f6437be,d1670f2a05205233b109ddc4a3c42af1,limit_spin_density_zero_rect2x3,rect2x3_hole_3,372,11310,0.0009765625
haxs.stage5c2gR32A.g1-deterministic.v1,89bd5e9b58115b60bdad35f43f6437be,a3f928768ede57a0907297e1dfc38b77,limit_spin_density_zero_rect2x3,rect2x3_hole_3,373,11311,0.0009765625
haxs.stage5c2gR32A.g1-deterministic.v1,89bd5e9b58115b60bdad35f43f6437be,e6da2d9fe5d45239b2a60b20974b8389,limit_spin_density_zero_rect2x3,rect2x3_hole_3,374,11312,0.0009765625
haxs.stage5c2gR32A.g1-deterministic.v1,89bd5e9b58115b60bdad35f43f6437be,3716239cee3e571480caca98bff72bad,limit_spin_density_zero_rect2x3,rect2x3_hole_3,375,11313,0.0009765625
haxs.stage5c2gR32A.g1-deterministic.v1,89bd5e9b58115b60bdad35f43f6437be,33da9a18d98254d1b27a4dfa56658f8a,limit_spin_density_zero_rect2x3,rect2x3_hole_3,376,11320,0.0009765625
haxs.stage5c2gR32A.g1-deterministic.v1,89bd5e9b58115b60bdad35f43f6437be,3f8c5005bc3c5d6e9b7b4649e51646c0,limit_spin_density_zero_rect2x3,rect2x3_hole_3,377,11321,0.0009765625
haxs.stage5c2gR32A.g1-deterministic.v1,89bd5e9b58115b60bdad35f43f6437be,aa63ae578592557eb599b1f8c373a426,limit_spin_density_zero_rect2x3,rect2x3_hole_3,378,11322,0.0009765625
haxs.stage5c2gR32A.g1-deterministic.v1,89bd5e9b58115b60bdad35f43f6437be,02dc3eca30ec52489746082ca98ca059,limit_spin_density_zero_rect2x3,rect2x3_hole_3,379,11323,0.0009765625
haxs.stage5c2gR32A.g1-deterministic.v1,89bd5e9b58115b60bdad35f43f6437be,867a588b064452e998d770152c8fe64b,limit_spin_density_zero_rect2x3,rect2x3_hole_3,380,11330,0.0009765625
haxs.stage5c2gR32A.g1-deterministic.v1,89bd5e9b58115b60bdad35f43f6437be,cae4602a96055c3a91bd752a1f75d530,limit_spin_density_zero_rect2x3,rect2x3_hole_3,381,11331,0.0009765625
haxs.stage5c2gR32A.g1-deterministic.v1,89bd5e9b58115b60bdad35f43f6437be,8be966948f7b547a836a71acf22d766a,limit_spin_density_zero_rect2x3,rect2x3_hole_3,382,11332,0.0009765625
haxs.stage5c2gR32A.g1-deterministic.v1,89bd5e9b58115b60bdad35f43f6437be,b4dc2b8b1beb5683848c6592f2ec1778,limit_spin_density_zero_rect2x3,rect2x3_hole_3,383,11333,0.0009765625
haxs.stage5c2gR32A.g1-deterministic.v1,89bd5e9b58115b60bdad35f43f6437be,662cd1cf1a055022b09181bbaf0eb391,limit_spin_density_zero_rect2x3,rect2x3_hole_3,384,12000,0.0009765625
haxs.stage5c2gR32A.g1-deterministic.v1,89bd5e9b58115b60bdad35f43f6437be,36770077353d58f984e133fe3279ade1,limit_spin_density_zero_rect2x3,rect2x3_hole_3,385,12001,0.0009765625
haxs.stage5c2gR32A.g1-deterministic.v1,89bd5e9b58115b60bdad35f43f6437be,a398fce744b75b8194de70896bb4c1ee,limit_spin_density_zero_rect2x3,rect2x3_hole_3,386,12002,0.0009765625
haxs.stage5c2gR32A.g1-deterministic.v1,89bd5e9b58115b60bdad35f43f6437be,276ec4fcb2c352ab8e6b7ea02959b46c,limit_spin_density_zero_rect2x3,rect2x3_hole_3,387,12003,0.0009765625
haxs.stage5c2gR32A.g1-deterministic.v1,89bd5e9b58115b60bdad35f43f6437be,869c8abcc29c573abafe9e5f36b6495d,limit_spin_density_zero_rect2x3,rect2x3_hole_3,388,12010,0.0009765625
haxs.stage5c2gR32A.g1-deterministic.v1,89bd5e9b58115b60bdad35f43f6437be,1acbdee4f68c579784b70c75fb3e1cfe,limit_spin_density_zero_rect2x3,rect2x3_hole_3,389,12011,0.0009765625
haxs.stage5c2gR32A.g1-deterministic.v1,89bd5e9b58115b60bdad35f43f6437be,cc8b7da91e4851e0ac93f9f2437d08f9,limit_spin_density_zero_rect2x3,rect2x3_hole_3,390,12012,0.0009765625
haxs.stage5c2gR32A.g1-deterministic.v1,89bd5e9b58115b60bdad35f43f6437be,38dc359691a85ef285eea1f1a19ab3f8,limit_spin_density_zero_rect2x3,rect2x3_hole_3,391,12013,0.0009765625
haxs.stage5c2gR32A.g1-deterministic.v1,89bd5e9b58115b60bdad35f43f6437be,123fcd8c20c75030afe08b1334da3b7f,limit_spin_density_zero_rect2x3,rect2x3_hole_3,392,12020,0.0009765625
haxs.stage5c2gR32A.g1-deterministic.v1,89bd5e9b58115b60bdad35f43f6437be,cdc2a070d37e559ca95be45fee3d9cc9,limit_spin_density_zero_rect2x3,rect2x3_hole_3,393,12021,0.0009765625
haxs.stage5c2gR32A.g1-deterministic.v1,89bd5e9b58115b60bdad35f43f6437be,7d5c9312f6ad5530a4c348f3f8b56c4f,limit_spin_density_zero_rect2x3,rect2x3_hole_3,394,12022,0.0009765625
haxs.stage5c2gR32A.g1-deterministic.v1,89bd5e9b58115b60bdad35f43f6437be,f8a29251e93c5b02a5a6ac5b233c9310,limit_spin_density_zero_rect2x3,rect2x3_hole_3,395,12023,0.0009765625
haxs.stage5c2gR32A.g1-deterministic.v1,89bd5e9b58115b60bdad35f43f6437be,7bc194f7de835bad9befd297621c7ac8,limit_spin_density_zero_rect2x3,rect2x3_hole_3,396,12030,0.0009765625
haxs.stage5c2gR32A.g1-deterministic.v1,89bd5e9b58115b60bdad35f43f6437be,73ccb4adae445959927fb701210aa6cd,limit_spin_density_zero_rect2x3,rect2x3_hole_3,397,12031,0.0009765625
haxs.stage5c2gR32A.g1-deterministic.v1,89bd5e9b58115b60bdad35f43f6437be,dbdca299f9275ff9bd21f79b0cd20271,limit_spin_density_zero_rect2x3,rect2x3_hole_3,398,12032,0.0009765625
haxs.stage5c2gR32A.g1-deterministic.v1,89bd5e9b58115b60bdad35f43f6437be,83c2f24a5a6c5598b0766b896930be1a,limit_spin_density_zero_rect2x3,rect2x3_hole_3,399,12033,0.0009765625
haxs.stage5c2gR32A.g1-deterministic.v1,89bd5e9b58115b60bdad35f43f6437be,b92d37d7a536558b94718ea51d64c9a6,limit_spin_density_zero_rect2x3,rect2x3_hole_3,400,12100,0.0009765625
haxs.stage5c2gR32A.g1-deterministic.v1,89bd5e9b58115b60bdad35f43f6437be,6a7915f6b4bd5919b45029847fcea7fa,limit_spin_density_zero_rect2x3,rect2x3_hole_3,401,12101,0.0009765625
haxs.stage5c2gR32A.g1-deterministic.v1,89bd5e9b58115b60bdad35f43f6437be,33387260becd5262886ccdcbaa0c8c1c,limit_spin_density_zero_rect2x3,rect2x3_hole_3,402,12102,0.0009765625
haxs.stage5c2gR32A.g1-deterministic.v1,89bd5e9b58115b60bdad35f43f6437be,02ea6627f3965aedadf947264543de27,limit_spin_density_zero_rect2x3,rect2x3_hole_3,403,12103,0.0009765625
haxs.stage5c2gR32A.g1-deterministic.v1,89bd5e9b58115b60bdad35f43f6437be,8d4daf1fb6385f6d8bfa7061b3ef242c,limit_spin_density_zero_rect2x3,rect2x3_hole_3,404,12110,0.0009765625
haxs.stage5c2gR32A.g1-deterministic.v1,89bd5e9b58115b60bdad35f43f6437be,2bb1226efbd7518a8ca9bb24fb7e7bcc,limit_spin_density_zero_rect2x3,rect2x3_hole_3,405,12111,0.0009765625
haxs.stage5c2gR32A.g1-deterministic.v1,89bd5e9b58115b60bdad35f43f6437be,dbb74bd0d2045676a7d8d396a6d0587a,limit_spin_density_zero_rect2x3,rect2x3_hole_3,406,12112,0.0009765625
haxs.stage5c2gR32A.g1-deterministic.v1,89bd5e9b58115b60bdad35f43f6437be,63e28cffc1ae5bbe8f284c2a284fc2bf,limit_spin_density_zero_rect2x3,rect2x3_hole_3,407,12113,0.0009765625
haxs.stage5c2gR32A.g1-deterministic.v1,89bd5e9b58115b60bdad35f43f6437be,991931d1b9845221b509ff0d8415180c,limit_spin_density_zero_rect2x3,rect2x3_hole_3,408,12120,0.0009765625
haxs.stage5c2gR32A.g1-deterministic.v1,89bd5e9b58115b60bdad35f43f6437be,f87b5939c58153d1bd5b5d378250706d,limit_spin_density_zero_rect2x3,rect2x3_hole_3,409,12121,0.0009765625
haxs.stage5c2gR32A.g1-deterministic.v1,89bd5e9b58115b60bdad35f43f6437be,4350b506105f5465a8c31c68ab1c9fd4,limit_spin_density_zero_rect2x3,rect2x3_hole_3,410,12122,0.0009765625
haxs.stage5c2gR32A.g1-deterministic.v1,89bd5e9b58115b60bdad35f43f6437be,085327749bc75eb48e416b2bc028bd41,limit_spin_density_zero_rect2x3,rect2x3_hole_3,411,12123,0.0009765625
haxs.stage5c2gR32A.g1-deterministic.v1,89bd5e9b58115b60bdad35f43f6437be,dafb729b64e15bfb88b695c82bf28ffa,limit_spin_density_zero_rect2x3,rect2x3_hole_3,412,12130,0.0009765625
haxs.stage5c2gR32A.g1-deterministic.v1,89bd5e9b58115b60bdad35f43f6437be,8dfa6657117250779d574500dff5c69d,limit_spin_density_zero_rect2x3,rect2x3_hole_3,413,12131,0.0009765625
haxs.stage5c2gR32A.g1-deterministic.v1,89bd5e9b58115b60bdad35f43f6437be,6d7c6a3176255efab2f8df74e4668fe2,limit_spin_density_zero_rect2x3,rect2x3_hole_3,414,12132,0.0009765625
haxs.stage5c2gR32A.g1-deterministic.v1,89bd5e9b58115b60bdad35f43f6437be,fe38c703048e5705bd9140cab1d119c0,limit_spin_density_zero_rect2x3,rect2x3_hole_3,415,12133,0.0009765625
haxs.stage5c2gR32A.g1-deterministic.v1,89bd5e9b58115b60bdad35f43f6437be,c69b6e4d3af9553d938af34d9b198d9f,limit_spin_density_zero_rect2x3,rect2x3_hole_3,416,12200,0.0009765625
haxs.stage5c2gR32A.g1-deterministic.v1,89bd5e9b58115b60bdad35f43f6437be,302ebe0e5b1457b1ba10c7476b73ad1c,limit_spin_density_zero_rect2x3,rect2x3_hole_3,417,12201,0.0009765625
haxs.stage5c2gR32A.g1-deterministic.v1,89bd5e9b58115b60bdad35f43f6437be,28900e8cce425f6dbeb7c1091d434ab3,limit_spin_density_zero_rect2x3,rect2x3_hole_3,418,12202,0.0009765625
haxs.stage5c2gR32A.g1-deterministic.v1,89bd5e9b58115b60bdad35f43f6437be,42c236ae132a5cceb69efebff94c7985,limit_spin_density_zero_rect2x3,rect2x3_hole_3,419,12203,0.0009765625
haxs.stage5c2gR32A.g1-deterministic.v1,89bd5e9b58115b60bdad35f43f6437be,27e1ba098e9e53b9ac065bfb7f2c3d57,limit_spin_density_zero_rect2x3,rect2x3_hole_3,420,12210,0.0009765625
haxs.stage5c2gR32A.g1-deterministic.v1,89bd5e9b58115b60bdad35f43f6437be,a0bfcae519025717be4bc2925ed6e1c0,limit_spin_density_zero_rect2x3,rect2x3_hole_3,421,12211,0.0009765625
haxs.stage5c2gR32A.g1-deterministic.v1,89bd5e9b58115b60bdad35f43f6437be,14c804b615295fefb1fa2fa05353f3d6,limit_spin_density_zero_rect2x3,rect2x3_hole_3,422,12212,0.0009765625
haxs.stage5c2gR32A.g1-deterministic.v1,89bd5e9b58115b60bdad35f43f6437be,88bee46566865c2b909335039aaf2582,limit_spin_density_zero_rect2x3,rect2x3_hole_3,423,12213,0.0009765625
haxs.stage5c2gR32A.g1-deterministic.v1,89bd5e9b58115b60bdad35f43f6437be,908a4aec58fd5963bfd4caf3a0d3e80e,limit_spin_density_zero_rect2x3,rect2x3_hole_3,424,12220,0.0009765625
haxs.stage5c2gR32A.g1-deterministic.v1,89bd5e9b58115b60bdad35f43f6437be,24eeab5241fd5422a128fbeac374dd6b,limit_spin_density_zero_rect2x3,rect2x3_hole_3,425,12221,0.0009765625
haxs.stage5c2gR32A.g1-deterministic.v1,89bd5e9b58115b60bdad35f43f6437be,585599f5ecb75490a13021ac7a4e7881,limit_spin_density_zero_rect2x3,rect2x3_hole_3,426,12222,0.0009765625
haxs.stage5c2gR32A.g1-deterministic.v1,89bd5e9b58115b60bdad35f43f6437be,9d9fe03fcfee5e2ba19bd7ea4abc14fe,limit_spin_density_zero_rect2x3,rect2x3_hole_3,427,12223,0.0009765625
haxs.stage5c2gR32A.g1-deterministic.v1,89bd5e9b58115b60bdad35f43f6437be,30d95cd20a4055b2bbd968bbbb0bb32f,limit_spin_density_zero_rect2x3,rect2x3_hole_3,428,12230,0.0009765625
haxs.stage5c2gR32A.g1-deterministic.v1,89bd5e9b58115b60bdad35f43f6437be,d275addc8f1255f4acec27052630730c,limit_spin_density_zero_rect2x3,rect2x3_hole_3,429,12231,0.0009765625
haxs.stage5c2gR32A.g1-deterministic.v1,89bd5e9b58115b60bdad35f43f6437be,cec79b4869f9572f9d15186d591ede9c,limit_spin_density_zero_rect2x3,rect2x3_hole_3,430,12232,0.0009765625
haxs.stage5c2gR32A.g1-deterministic.v1,89bd5e9b58115b60bdad35f43f6437be,e77876961e515be7a1aafb0774d825e6,limit_spin_density_zero_rect2x3,rect2x3_hole_3,431,12233,0.0009765625
haxs.stage5c2gR32A.g1-deterministic.v1,89bd5e9b58115b60bdad35f43f6437be,a9b576ac82195a19a42eb518d8c888e4,limit_spin_density_zero_rect2x3,rect2x3_hole_3,432,12300,0.0009765625
haxs.stage5c2gR32A.g1-deterministic.v1,89bd5e9b58115b60bdad35f43f6437be,f633fbd02353597da7019fd4ff1255c3,limit_spin_density_zero_rect2x3,rect2x3_hole_3,433,12301,0.0009765625
haxs.stage5c2gR32A.g1-deterministic.v1,89bd5e9b58115b60bdad35f43f6437be,06978f8955825922af7ef14e05b14093,limit_spin_density_zero_rect2x3,rect2x3_hole_3,434,12302,0.0009765625
haxs.stage5c2gR32A.g1-deterministic.v1,89bd5e9b58115b60bdad35f43f6437be,0ec73d76c70455dab291c44d84235d51,limit_spin_density_zero_rect2x3,rect2x3_hole_3,435,12303,0.0009765625
haxs.stage5c2gR32A.g1-deterministic.v1,89bd5e9b58115b60bdad35f43f6437be,50b54d3c508456a99d26b841afd22989,limit_spin_density_zero_rect2x3,rect2x3_hole_3,436,12310,0.0009765625
haxs.stage5c2gR32A.g1-deterministic.v1,89bd5e9b58115b60bdad35f43f6437be,2bc6eb3e10a05daba657bbfa0aca8d5b,limit_spin_density_zero_rect2x3,rect2x3_hole_3,437,12311,0.0009765625
haxs.stage5c2gR32A.g1-deterministic.v1,89bd5e9b58115b60bdad35f43f6437be,36f395c69eb854289ca7c2709d969f23,limit_spin_density_zero_rect2x3,rect2x3_hole_3,438,12312,0.0009765625
haxs.stage5c2gR32A.g1-deterministic.v1,89bd5e9b58115b60bdad35f43f6437be,14cb92776fd25d25b2f35833320029cf,limit_spin_density_zero_rect2x3,rect2x3_hole_3,439,12313,0.0009765625
haxs.stage5c2gR32A.g1-deterministic.v1,89bd5e9b58115b60bdad35f43f6437be,ac86e641eda55411af249500239ee969,limit_spin_density_zero_rect2x3,rect2x3_hole_3,440,12320,0.0009765625
haxs.stage5c2gR32A.g1-deterministic.v1,89bd5e9b58115b60bdad35f43f6437be,12cc317863d85337971684e527a35df3,limit_spin_density_zero_rect2x3,rect2x3_hole_3,441,12321,0.0009765625
haxs.stage5c2gR32A.g1-deterministic.v1,89bd5e9b58115b60bdad35f43f6437be,01080f1be0d250b990e7de245e2bfebe,limit_spin_density_zero_rect2x3,rect2x3_hole_3,442,12322,0.0009765625
haxs.stage5c2gR32A.g1-deterministic.v1,89bd5e9b58115b60bdad35f43f6437be,6566cf1e72ea5beb9203d8524ed24f7f,limit_spin_density_zero_rect2x3,rect2x3_hole_3,443,12323,0.0009765625
haxs.stage5c2gR32A.g1-deterministic.v1,89bd5e9b58115b60bdad35f43f6437be,8980171aded058d9b8357d35c12f3f16,limit_spin_density_zero_rect2x3,rect2x3_hole_3,444,12330,0.0009765625
haxs.stage5c2gR32A.g1-deterministic.v1,89bd5e9b58115b60bdad35f43f6437be,377eb288f7e751019e4b328f1e24becd,limit_spin_density_zero_rect2x3,rect2x3_hole_3,445,12331,0.0009765625
haxs.stage5c2gR32A.g1-deterministic.v1,89bd5e9b58115b60bdad35f43f6437be,47ed230c2f755525ba5980ce8f0ffe83,limit_spin_density_zero_rect2x3,rect2x3_hole_3,446,12332,0.0009765625
haxs.stage5c2gR32A.g1-deterministic.v1,89bd5e9b58115b60bdad35f43f6437be,bb438585aef85ef69d5869b820ebc317,limit_spin_density_zero_rect2x3,rect2x3_hole_3,447,12333,0.0009765625
haxs.stage5c2gR32A.g1-deterministic.v1,89bd5e9b58115b60bdad35f43f6437be,fe8fbee2cf58551ca1e4241d7829be82,limit_spin_density_zero_rect2x3,rect2x3_hole_3,448,13000,0.0009765625
haxs.stage5c2gR32A.g1-deterministic.v1,89bd5e9b58115b60bdad35f43f6437be,79acf8763a595277b51045f90a1df0b9,limit_spin_density_zero_rect2x3,rect2x3_hole_3,449,13001,0.0009765625
haxs.stage5c2gR32A.g1-deterministic.v1,89bd5e9b58115b60bdad35f43f6437be,796df5e895375554b563fc786138b099,limit_spin_density_zero_rect2x3,rect2x3_hole_3,450,13002,0.0009765625
haxs.stage5c2gR32A.g1-deterministic.v1,89bd5e9b58115b60bdad35f43f6437be,8afc62ecc91856d6ae26a36759ed27fd,limit_spin_density_zero_rect2x3,rect2x3_hole_3,451,13003,0.0009765625
haxs.stage5c2gR32A.g1-deterministic.v1,89bd5e9b58115b60bdad35f43f6437be,c42aadf3b2d95803836c0cd3488a1853,limit_spin_density_zero_rect2x3,rect2x3_hole_3,452,13010,0.0009765625
haxs.stage5c2gR32A.g1-deterministic.v1,89bd5e9b58115b60bdad35f43f6437be,765482b5e8ae52ceab1f2be25e2d2550,limit_spin_density_zero_rect2x3,rect2x3_hole_3,453,13011,0.0009765625
haxs.stage5c2gR32A.g1-deterministic.v1,89bd5e9b58115b60bdad35f43f6437be,cd4ecd2197b9557091abe49dd97cd3d4,limit_spin_density_zero_rect2x3,rect2x3_hole_3,454,13012,0.0009765625
haxs.stage5c2gR32A.g1-deterministic.v1,89bd5e9b58115b60bdad35f43f6437be,8aa663e0374d542b93c3fb187a2cfcac,limit_spin_density_zero_rect2x3,rect2x3_hole_3,455,13013,0.0009765625
haxs.stage5c2gR32A.g1-deterministic.v1,89bd5e9b58115b60bdad35f43f6437be,86e699f0c9f15bacbc80807095fb8006,limit_spin_density_zero_rect2x3,rect2x3_hole_3,456,13020,0.0009765625
haxs.stage5c2gR32A.g1-deterministic.v1,89bd5e9b58115b60bdad35f43f6437be,e05f44eba8355706a7ca4694ab8bbd4d,limit_spin_density_zero_rect2x3,rect2x3_hole_3,457,13021,0.0009765625
haxs.stage5c2gR32A.g1-deterministic.v1,89bd5e9b58115b60bdad35f43f6437be,4b8755d4a9ba5179bac9490eb68b1938,limit_spin_density_zero_rect2x3,rect2x3_hole_3,458,13022,0.0009765625
haxs.stage5c2gR32A.g1-deterministic.v1,89bd5e9b58115b60bdad35f43f6437be,a2c8a44318d55a02ba50bd0f50fd0c97,limit_spin_density_zero_rect2x3,rect2x3_hole_3,459,13023,0.0009765625
haxs.stage5c2gR32A.g1-deterministic.v1,89bd5e9b58115b60bdad35f43f6437be,e5e89b5b501255d7a85dd0ed61e503cf,limit_spin_density_zero_rect2x3,rect2x3_hole_3,460,13030,0.0009765625
haxs.stage5c2gR32A.g1-deterministic.v1,89bd5e9b58115b60bdad35f43f6437be,e1a5ea95384d5122a71b73a69cfd0d21,limit_spin_density_zero_rect2x3,rect2x3_hole_3,461,13031,0.0009765625
haxs.stage5c2gR32A.g1-deterministic.v1,89bd5e9b58115b60bdad35f43f6437be,eaff2d96356b5888918559606eaea0bb,limit_spin_density_zero_rect2x3,rect2x3_hole_3,462,13032,0.0009765625
haxs.stage5c2gR32A.g1-deterministic.v1,89bd5e9b58115b60bdad35f43f6437be,d3f52b8ad9ff5a88b9e521e8327b1ad1,limit_spin_density_zero_rect2x3,rect2x3_hole_3,463,13033,0.0009765625
haxs.stage5c2gR32A.g1-deterministic.v1,89bd5e9b58115b60bdad35f43f6437be,2409486dc46953a696e6ce3a71b7d6ed,limit_spin_density_zero_rect2x3,rect2x3_hole_3,464,13100,0.0009765625
haxs.stage5c2gR32A.g1-deterministic.v1,89bd5e9b58115b60bdad35f43f6437be,d710cbc9d42b5155ae6bc5bff9d191c8,limit_spin_density_zero_rect2x3,rect2x3_hole_3,465,13101,0.0009765625
haxs.stage5c2gR32A.g1-deterministic.v1,89bd5e9b58115b60bdad35f43f6437be,11affde08a64573e82c19814d0d52685,limit_spin_density_zero_rect2x3,rect2x3_hole_3,466,13102,0.0009765625
haxs.stage5c2gR32A.g1-deterministic.v1,89bd5e9b58115b60bdad35f43f6437be,c2d465217d075a668326faf491a22073,limit_spin_density_zero_rect2x3,rect2x3_hole_3,467,13103,0.0009765625
haxs.stage5c2gR32A.g1-deterministic.v1,89bd5e9b58115b60bdad35f43f6437be,a8a71eb759cf5ca2b57145ccafaf088b,limit_spin_density_zero_rect2x3,rect2x3_hole_3,468,13110,0.0009765625
haxs.stage5c2gR32A.g1-deterministic.v1,89bd5e9b58115b60bdad35f43f6437be,e6faa02763e3559da0bcd6e8413b4a57,limit_spin_density_zero_rect2x3,rect2x3_hole_3,469,13111,0.0009765625
haxs.stage5c2gR32A.g1-deterministic.v1,89bd5e9b58115b60bdad35f43f6437be,73068e571a19558d9ee4a5515d80f626,limit_spin_density_zero_rect2x3,rect2x3_hole_3,470,13112,0.0009765625
haxs.stage5c2gR32A.g1-deterministic.v1,89bd5e9b58115b60bdad35f43f6437be,0a4275869fb65ac8992bf71e1382b929,limit_spin_density_zero_rect2x3,rect2x3_hole_3,471,13113,0.0009765625
haxs.stage5c2gR32A.g1-deterministic.v1,89bd5e9b58115b60bdad35f43f6437be,fe6b5287d6525f7795b604ff39d827e2,limit_spin_density_zero_rect2x3,rect2x3_hole_3,472,13120,0.0009765625
haxs.stage5c2gR32A.g1-deterministic.v1,89bd5e9b58115b60bdad35f43f6437be,581559e63c9357e7adcb0c19912e8491,limit_spin_density_zero_rect2x3,rect2x3_hole_3,473,13121,0.0009765625
haxs.stage5c2gR32A.g1-deterministic.v1,89bd5e9b58115b60bdad35f43f6437be,ea338c5976f254d387a37fa0731de7a9,limit_spin_density_zero_rect2x3,rect2x3_hole_3,474,13122,0.0009765625
haxs.stage5c2gR32A.g1-deterministic.v1,89bd5e9b58115b60bdad35f43f6437be,17e541548e8f5dd2a34716fee0afabe3,limit_spin_density_zero_rect2x3,rect2x3_hole_3,475,13123,0.0009765625
haxs.stage5c2gR32A.g1-deterministic.v1,89bd5e9b58115b60bdad35f43f6437be,1843f271487d5567b3a50aa434e20627,limit_spin_density_zero_rect2x3,rect2x3_hole_3,476,13130,0.0009765625
haxs.stage5c2gR32A.g1-deterministic.v1,89bd5e9b58115b60bdad35f43f6437be,4a4c804d4dc75f569cdce33d53a31d4a,limit_spin_density_zero_rect2x3,rect2x3_hole_3,477,13131,0.0009765625
haxs.stage5c2gR32A.g1-deterministic.v1,89bd5e9b58115b60bdad35f43f6437be,c3ea137e422055cfadce4bccc31bb24b,limit_spin_density_zero_rect2x3,rect2x3_hole_3,478,13132,0.0009765625
haxs.stage5c2gR32A.g1-deterministic.v1,89bd5e9b58115b60bdad35f43f6437be,4b7b993a9ca958b9ae007bba60ebbb88,limit_spin_density_zero_rect2x3,rect2x3_hole_3,479,13133,0.0009765625
haxs.stage5c2gR32A.g1-deterministic.v1,89bd5e9b58115b60bdad35f43f6437be,21104d8e74d257de8e6cbd07fabf8d9b,limit_spin_density_zero_rect2x3,rect2x3_hole_3,480,13200,0.0009765625
haxs.stage5c2gR32A.g1-deterministic.v1,89bd5e9b58115b60bdad35f43f6437be,12e54567fa6958f1a8ca20df7cab72e1,limit_spin_density_zero_rect2x3,rect2x3_hole_3,481,13201,0.0009765625
haxs.stage5c2gR32A.g1-deterministic.v1,89bd5e9b58115b60bdad35f43f6437be,e91e87d7b11e54dba0217716d50a366b,limit_spin_density_zero_rect2x3,rect2x3_hole_3,482,13202,0.0009765625
haxs.stage5c2gR32A.g1-deterministic.v1,89bd5e9b58115b60bdad35f43f6437be,cf789c4ccebb577eaaaeddefdfab46b5,limit_spin_density_zero_rect2x3,rect2x3_hole_3,483,13203,0.0009765625
haxs.stage5c2gR32A.g1-deterministic.v1,89bd5e9b58115b60bdad35f43f6437be,93d83bc1647354278c0ea0f78102b5b2,limit_spin_density_zero_rect2x3,rect2x3_hole_3,484,13210,0.0009765625
haxs.stage5c2gR32A.g1-deterministic.v1,89bd5e9b58115b60bdad35f43f6437be,246e257eedc8549da7f3b1b853fd4afd,limit_spin_density_zero_rect2x3,rect2x3_hole_3,485,13211,0.0009765625
haxs.stage5c2gR32A.g1-deterministic.v1,89bd5e9b58115b60bdad35f43f6437be,7c781fb0c021586ea2ecbf6f8b845f86,limit_spin_density_zero_rect2x3,rect2x3_hole_3,486,13212,0.0009765625
haxs.stage5c2gR32A.g1-deterministic.v1,89bd5e9b58115b60bdad35f43f6437be,dcc16918945d5d2792016b0a9d19e177,limit_spin_density_zero_rect2x3,rect2x3_hole_3,487,13213,0.0009765625
haxs.stage5c2gR32A.g1-deterministic.v1,89bd5e9b58115b60bdad35f43f6437be,9526a3a1892551d2bac3c62036bb43e0,limit_spin_density_zero_rect2x3,rect2x3_hole_3,488,13220,0.0009765625
haxs.stage5c2gR32A.g1-deterministic.v1,89bd5e9b58115b60bdad35f43f6437be,7f3a1ccd681b508f9a971e6f59a88e8a,limit_spin_density_zero_rect2x3,rect2x3_hole_3,489,13221,0.0009765625
haxs.stage5c2gR32A.g1-deterministic.v1,89bd5e9b58115b60bdad35f43f6437be,84dfba1b9dfb5b58873afd81bddd4c2e,limit_spin_density_zero_rect2x3,rect2x3_hole_3,490,13222,0.0009765625
haxs.stage5c2gR32A.g1-deterministic.v1,89bd5e9b58115b60bdad35f43f6437be,84cd3928540e59a682d4f7332eae572d,limit_spin_density_zero_rect2x3,rect2x3_hole_3,491,13223,0.0009765625
haxs.stage5c2gR32A.g1-deterministic.v1,89bd5e9b58115b60bdad35f43f6437be,26d75ccb1e725b978176b08a54b6590c,limit_spin_density_zero_rect2x3,rect2x3_hole_3,492,13230,0.0009765625
haxs.stage5c2gR32A.g1-deterministic.v1,89bd5e9b58115b60bdad35f43f6437be,7c3c9430510a560f9a6c2c6c8cf63e14,limit_spin_density_zero_rect2x3,rect2x3_hole_3,493,13231,0.0009765625
haxs.stage5c2gR32A.g1-deterministic.v1,89bd5e9b58115b60bdad35f43f6437be,ee8806fdf745519e810a010e6826ee8b,limit_spin_density_zero_rect2x3,rect2x3_hole_3,494,13232,0.0009765625
haxs.stage5c2gR32A.g1-deterministic.v1,89bd5e9b58115b60bdad35f43f6437be,c2ae9902e91a58c3a6564f4221b247dc,limit_spin_density_zero_rect2x3,rect2x3_hole_3,495,13233,0.0009765625
haxs.stage5c2gR32A.g1-deterministic.v1,89bd5e9b58115b60bdad35f43f6437be,20699577f62b50988171bdd2e28845dc,limit_spin_density_zero_rect2x3,rect2x3_hole_3,496,13300,0.0009765625
haxs.stage5c2gR32A.g1-deterministic.v1,89bd5e9b58115b60bdad35f43f6437be,005e6874de3b525c932cd8688282c21b,limit_spin_density_zero_rect2x3,rect2x3_hole_3,497,13301,0.0009765625
haxs.stage5c2gR32A.g1-deterministic.v1,89bd5e9b58115b60bdad35f43f6437be,6aadc0b291d05343bdba3805cf41003f,limit_spin_density_zero_rect2x3,rect2x3_hole_3,498,13302,0.0009765625
haxs.stage5c2gR32A.g1-deterministic.v1,89bd5e9b58115b60bdad35f43f6437be,5c77308e04cc5e51b3377cdc5a4e7a22,limit_spin_density_zero_rect2x3,rect2x3_hole_3,499,13303,0.0009765625
haxs.stage5c2gR32A.g1-deterministic.v1,89bd5e9b58115b60bdad35f43f6437be,95bd20a9faa55ca2af40806b58dd863f,limit_spin_density_zero_rect2x3,rect2x3_hole_3,500,13310,0.0009765625
haxs.stage5c2gR32A.g1-deterministic.v1,89bd5e9b58115b60bdad35f43f6437be,8e15c68341d2522d8065a5b8da117cce,limit_spin_density_zero_rect2x3,rect2x3_hole_3,501,13311,0.0009765625
haxs.stage5c2gR32A.g1-deterministic.v1,89bd5e9b58115b60bdad35f43f6437be,5e1e2e8855ca5ffe982096fad211e91b,limit_spin_density_zero_rect2x3,rect2x3_hole_3,502,13312,0.0009765625
haxs.stage5c2gR32A.g1-deterministic.v1,89bd5e9b58115b60bdad35f43f6437be,3ac2c53dc07d59c38b3174f0bcaa7989,limit_spin_density_zero_rect2x3,rect2x3_hole_3,503,13313,0.0009765625
haxs.stage5c2gR32A.g1-deterministic.v1,89bd5e9b58115b60bdad35f43f6437be,8415ea8c610f5c1d92874267e7c34913,limit_spin_density_zero_rect2x3,rect2x3_hole_3,504,13320,0.0009765625
haxs.stage5c2gR32A.g1-deterministic.v1,89bd5e9b58115b60bdad35f43f6437be,0bc6324d83aa56b19c50cb6757163a52,limit_spin_density_zero_rect2x3,rect2x3_hole_3,505,13321,0.0009765625
haxs.stage5c2gR32A.g1-deterministic.v1,89bd5e9b58115b60bdad35f43f6437be,1a4bc6197794507699f9810d8eb141ec,limit_spin_density_zero_rect2x3,rect2x3_hole_3,506,13322,0.0009765625
haxs.stage5c2gR32A.g1-deterministic.v1,89bd5e9b58115b60bdad35f43f6437be,aec58fc47b46550e934c2ac9274a1749,limit_spin_density_zero_rect2x3,rect2x3_hole_3,507,13323,0.0009765625
haxs.stage5c2gR32A.g1-deterministic.v1,89bd5e9b58115b60bdad35f43f6437be,fafa93a59d8556a9b9699ee0543ccc6c,limit_spin_density_zero_rect2x3,rect2x3_hole_3,508,13330,0.0009765625
haxs.stage5c2gR32A.g1-deterministic.v1,89bd5e9b58115b60bdad35f43f6437be,57b430d9e673577aa6d7fc3c59a0cd35,limit_spin_density_zero_rect2x3,rect2x3_hole_3,509,13331,0.0009765625
haxs.stage5c2gR32A.g1-deterministic.v1,89bd5e9b58115b60bdad35f43f6437be,354272affa1859d6aaf97e1b2113b2e6,limit_spin_density_zero_rect2x3,rect2x3_hole_3,510,13332,0.0009765625
haxs.stage5c2gR32A.g1-deterministic.v1,89bd5e9b58115b60bdad35f43f6437be,3f93ea39c63b58d082998573fe53ae0a,limit_spin_density_zero_rect2x3,rect2x3_hole_3,511,13333,0.0009765625
haxs.stage5c2gR32A.g1-deterministic.v1,89bd5e9b58115b60bdad35f43f6437be,d500cbf1d869586185a351f3152849ff,limit_spin_density_zero_rect2x3,rect2x3_hole_3,512,20000,0.0009765625
haxs.stage5c2gR32A.g1-deterministic.v1,89bd5e9b58115b60bdad35f43f6437be,0e27041dc5f3569c91f695c3a306a4d8,limit_spin_density_zero_rect2x3,rect2x3_hole_3,513,20001,0.0009765625
haxs.stage5c2gR32A.g1-deterministic.v1,89bd5e9b58115b60bdad35f43f6437be,2de7f5d2650850248b6712c84a6e0daf,limit_spin_density_zero_rect2x3,rect2x3_hole_3,514,20002,0.0009765625
haxs.stage5c2gR32A.g1-deterministic.v1,89bd5e9b58115b60bdad35f43f6437be,650e6bd30a3852368559fe39167c57b3,limit_spin_density_zero_rect2x3,rect2x3_hole_3,515,20003,0.0009765625
haxs.stage5c2gR32A.g1-deterministic.v1,89bd5e9b58115b60bdad35f43f6437be,55f2e4fa94d05d0aa9c59bfed90751c8,limit_spin_density_zero_rect2x3,rect2x3_hole_3,516,20010,0.0009765625
haxs.stage5c2gR32A.g1-deterministic.v1,89bd5e9b58115b60bdad35f43f6437be,f960021cdaeb56b38826b72e6800b813,limit_spin_density_zero_rect2x3,rect2x3_hole_3,517,20011,0.0009765625
haxs.stage5c2gR32A.g1-deterministic.v1,89bd5e9b58115b60bdad35f43f6437be,d96e1c237d6455f8957592e1c9ad9e2e,limit_spin_density_zero_rect2x3,rect2x3_hole_3,518,20012,0.0009765625
haxs.stage5c2gR32A.g1-deterministic.v1,89bd5e9b58115b60bdad35f43f6437be,268b3ed840a15605956c167731457146,limit_spin_density_zero_rect2x3,rect2x3_hole_3,519,20013,0.0009765625
haxs.stage5c2gR32A.g1-deterministic.v1,89bd5e9b58115b60bdad35f43f6437be,3a5c6c2dbe2756e0bc8fe152a8676af1,limit_spin_density_zero_rect2x3,rect2x3_hole_3,520,20020,0.0009765625
haxs.stage5c2gR32A.g1-deterministic.v1,89bd5e9b58115b60bdad35f43f6437be,4a954ea112105c5ba4e1cc5e1e2b602a,limit_spin_density_zero_rect2x3,rect2x3_hole_3,521,20021,0.0009765625
haxs.stage5c2gR32A.g1-deterministic.v1,89bd5e9b58115b60bdad35f43f6437be,721f998480075cb4a048c26e88b317de,limit_spin_density_zero_rect2x3,rect2x3_hole_3,522,20022,0.0009765625
haxs.stage5c2gR32A.g1-deterministic.v1,89bd5e9b58115b60bdad35f43f6437be,b3c25e9a9db85d6b8e01c2d8d4f3afcb,limit_spin_density_zero_rect2x3,rect2x3_hole_3,523,20023,0.0009765625
haxs.stage5c2gR32A.g1-deterministic.v1,89bd5e9b58115b60bdad35f43f6437be,eacfb92282a95304873b6c43268c2b17,limit_spin_density_zero_rect2x3,rect2x3_hole_3,524,20030,0.0009765625
haxs.stage5c2gR32A.g1-deterministic.v1,89bd5e9b58115b60bdad35f43f6437be,482fcab7a89b52f48e316d39eab9e3c3,limit_spin_density_zero_rect2x3,rect2x3_hole_3,525,20031,0.0009765625
haxs.stage5c2gR32A.g1-deterministic.v1,89bd5e9b58115b60bdad35f43f6437be,85ecc4f0616d501f9db5996c2ba3693d,limit_spin_density_zero_rect2x3,rect2x3_hole_3,526,20032,0.0009765625
haxs.stage5c2gR32A.g1-deterministic.v1,89bd5e9b58115b60bdad35f43f6437be,b5ffaaa4a9f454eb98ac90eafd0a2b93,limit_spin_density_zero_rect2x3,rect2x3_hole_3,527,20033,0.0009765625
haxs.stage5c2gR32A.g1-deterministic.v1,89bd5e9b58115b60bdad35f43f6437be,52c573c0754151e6b254f4839926dd90,limit_spin_density_zero_rect2x3,rect2x3_hole_3,528,20100,0.0009765625
haxs.stage5c2gR32A.g1-deterministic.v1,89bd5e9b58115b60bdad35f43f6437be,a6b5c6314ac6586a972cfabb9b0426a2,limit_spin_density_zero_rect2x3,rect2x3_hole_3,529,20101,0.0009765625
haxs.stage5c2gR32A.g1-deterministic.v1,89bd5e9b58115b60bdad35f43f6437be,9d380086f2005ccb96038251da587455,limit_spin_density_zero_rect2x3,rect2x3_hole_3,530,20102,0.0009765625
haxs.stage5c2gR32A.g1-deterministic.v1,89bd5e9b58115b60bdad35f43f6437be,e2588cb146f151348283091eb7ea7370,limit_spin_density_zero_rect2x3,rect2x3_hole_3,531,20103,0.0009765625
haxs.stage5c2gR32A.g1-deterministic.v1,89bd5e9b58115b60bdad35f43f6437be,fb94b9b662e25c4a875cfff2ddfec8a2,limit_spin_density_zero_rect2x3,rect2x3_hole_3,532,20110,0.0009765625
haxs.stage5c2gR32A.g1-deterministic.v1,89bd5e9b58115b60bdad35f43f6437be,93d36343f34e549ea345e9d4e97d3151,limit_spin_density_zero_rect2x3,rect2x3_hole_3,533,20111,0.0009765625
haxs.stage5c2gR32A.g1-deterministic.v1,89bd5e9b58115b60bdad35f43f6437be,6bf65cafb89f537faf375d224f96c027,limit_spin_density_zero_rect2x3,rect2x3_hole_3,534,20112,0.0009765625
haxs.stage5c2gR32A.g1-deterministic.v1,89bd5e9b58115b60bdad35f43f6437be,29a33ecf9201552eab12ef80545c64ac,limit_spin_density_zero_rect2x3,rect2x3_hole_3,535,20113,0.0009765625
haxs.stage5c2gR32A.g1-deterministic.v1,89bd5e9b58115b60bdad35f43f6437be,43378d54649e50239fd623a5e3a290a5,limit_spin_density_zero_rect2x3,rect2x3_hole_3,536,20120,0.0009765625
haxs.stage5c2gR32A.g1-deterministic.v1,89bd5e9b58115b60bdad35f43f6437be,378d38ed09035a3b828be7f6c73fec4f,limit_spin_density_zero_rect2x3,rect2x3_hole_3,537,20121,0.0009765625
haxs.stage5c2gR32A.g1-deterministic.v1,89bd5e9b58115b60bdad35f43f6437be,3e79b98286525660889d96d5d2feb368,limit_spin_density_zero_rect2x3,rect2x3_hole_3,538,20122,0.0009765625
haxs.stage5c2gR32A.g1-deterministic.v1,89bd5e9b58115b60bdad35f43f6437be,8e13324689d955038ae0ca5509813562,limit_spin_density_zero_rect2x3,rect2x3_hole_3,539,20123,0.0009765625
haxs.stage5c2gR32A.g1-deterministic.v1,89bd5e9b58115b60bdad35f43f6437be,9b1fa4eb9542554eaffdbddb53f22ceb,limit_spin_density_zero_rect2x3,rect2x3_hole_3,540,20130,0.0009765625
haxs.stage5c2gR32A.g1-deterministic.v1,89bd5e9b58115b60bdad35f43f6437be,2f2c7f57ed2b5bae9c2994a26cee9975,limit_spin_density_zero_rect2x3,rect2x3_hole_3,541,20131,0.0009765625
haxs.stage5c2gR32A.g1-deterministic.v1,89bd5e9b58115b60bdad35f43f6437be,9dfa7c3b156057f194181536358de12d,limit_spin_density_zero_rect2x3,rect2x3_hole_3,542,20132,0.0009765625
haxs.stage5c2gR32A.g1-deterministic.v1,89bd5e9b58115b60bdad35f43f6437be,26825411f1b75e57ad88053d89273b7c,limit_spin_density_zero_rect2x3,rect2x3_hole_3,543,20133,0.0009765625
haxs.stage5c2gR32A.g1-deterministic.v1,89bd5e9b58115b60bdad35f43f6437be,8daf2b11cd3b59dea56d77b79c8f8c95,limit_spin_density_zero_rect2x3,rect2x3_hole_3,544,20200,0.0009765625
haxs.stage5c2gR32A.g1-deterministic.v1,89bd5e9b58115b60bdad35f43f6437be,932fb35dc9f25fa4a452bfd02fc7302e,limit_spin_density_zero_rect2x3,rect2x3_hole_3,545,20201,0.0009765625
haxs.stage5c2gR32A.g1-deterministic.v1,89bd5e9b58115b60bdad35f43f6437be,a808caf3a37050b09ed5e0c2b5b797d4,limit_spin_density_zero_rect2x3,rect2x3_hole_3,546,20202,0.0009765625
haxs.stage5c2gR32A.g1-deterministic.v1,89bd5e9b58115b60bdad35f43f6437be,eb48719a2f3c5721a6c05a748abe9e16,limit_spin_density_zero_rect2x3,rect2x3_hole_3,547,20203,0.0009765625
haxs.stage5c2gR32A.g1-deterministic.v1,89bd5e9b58115b60bdad35f43f6437be,c564f241616353d3a32d200feb9fb154,limit_spin_density_zero_rect2x3,rect2x3_hole_3,548,20210,0.0009765625
haxs.stage5c2gR32A.g1-deterministic.v1,89bd5e9b58115b60bdad35f43f6437be,13cc0da0c1115d5a9ca4534f8c9f169d,limit_spin_density_zero_rect2x3,rect2x3_hole_3,549,20211,0.0009765625
haxs.stage5c2gR32A.g1-deterministic.v1,89bd5e9b58115b60bdad35f43f6437be,896fc707659d541ebbb787bc22d739e7,limit_spin_density_zero_rect2x3,rect2x3_hole_3,550,20212,0.0009765625
haxs.stage5c2gR32A.g1-deterministic.v1,89bd5e9b58115b60bdad35f43f6437be,eaf80b2f2e08548bbb97f4da34b22f0b,limit_spin_density_zero_rect2x3,rect2x3_hole_3,551,20213,0.0009765625
haxs.stage5c2gR32A.g1-deterministic.v1,89bd5e9b58115b60bdad35f43f6437be,18b4a0d0a51258de88c7d96510ef6f05,limit_spin_density_zero_rect2x3,rect2x3_hole_3,552,20220,0.0009765625
haxs.stage5c2gR32A.g1-deterministic.v1,89bd5e9b58115b60bdad35f43f6437be,6cec941ea37c5296aeee9d7c495d6663,limit_spin_density_zero_rect2x3,rect2x3_hole_3,553,20221,0.0009765625
haxs.stage5c2gR32A.g1-deterministic.v1,89bd5e9b58115b60bdad35f43f6437be,f5facb5c71265de588d684d47e5985ca,limit_spin_density_zero_rect2x3,rect2x3_hole_3,554,20222,0.0009765625
haxs.stage5c2gR32A.g1-deterministic.v1,89bd5e9b58115b60bdad35f43f6437be,afb49f69a3125422ab927517aed40737,limit_spin_density_zero_rect2x3,rect2x3_hole_3,555,20223,0.0009765625
haxs.stage5c2gR32A.g1-deterministic.v1,89bd5e9b58115b60bdad35f43f6437be,c99ae765d3c75222ae4047ce52bbb2ea,limit_spin_density_zero_rect2x3,rect2x3_hole_3,556,20230,0.0009765625
haxs.stage5c2gR32A.g1-deterministic.v1,89bd5e9b58115b60bdad35f43f6437be,4f3a2db48f585aa1a24f0e1e87c842a3,limit_spin_density_zero_rect2x3,rect2x3_hole_3,557,20231,0.0009765625
haxs.stage5c2gR32A.g1-deterministic.v1,89bd5e9b58115b60bdad35f43f6437be,f7cde040ade6599da900415a2fbc6fe9,limit_spin_density_zero_rect2x3,rect2x3_hole_3,558,20232,0.0009765625
haxs.stage5c2gR32A.g1-deterministic.v1,89bd5e9b58115b60bdad35f43f6437be,11155c128f1755d0848014e93309fbda,limit_spin_density_zero_rect2x3,rect2x3_hole_3,559,20233,0.0009765625
haxs.stage5c2gR32A.g1-deterministic.v1,89bd5e9b58115b60bdad35f43f6437be,ff50a93c34645401891deb268bf7955f,limit_spin_density_zero_rect2x3,rect2x3_hole_3,560,20300,0.0009765625
haxs.stage5c2gR32A.g1-deterministic.v1,89bd5e9b58115b60bdad35f43f6437be,eab1f360f9215e8591048e9c2cffe992,limit_spin_density_zero_rect2x3,rect2x3_hole_3,561,20301,0.0009765625
haxs.stage5c2gR32A.g1-deterministic.v1,89bd5e9b58115b60bdad35f43f6437be,76bf06fad7e25e01b1092078040d80fe,limit_spin_density_zero_rect2x3,rect2x3_hole_3,562,20302,0.0009765625
haxs.stage5c2gR32A.g1-deterministic.v1,89bd5e9b58115b60bdad35f43f6437be,9735d5020b75513b8b572bc1351ada02,limit_spin_density_zero_rect2x3,rect2x3_hole_3,563,20303,0.0009765625
haxs.stage5c2gR32A.g1-deterministic.v1,89bd5e9b58115b60bdad35f43f6437be,1f7d7c50c5075360a88de09cb900070a,limit_spin_density_zero_rect2x3,rect2x3_hole_3,564,20310,0.0009765625
haxs.stage5c2gR32A.g1-deterministic.v1,89bd5e9b58115b60bdad35f43f6437be,d65839d2f55e54ba8ed95dd2e9a134b1,limit_spin_density_zero_rect2x3,rect2x3_hole_3,565,20311,0.0009765625
haxs.stage5c2gR32A.g1-deterministic.v1,89bd5e9b58115b60bdad35f43f6437be,4f8da472cac05cebab309d76e8773c88,limit_spin_density_zero_rect2x3,rect2x3_hole_3,566,20312,0.0009765625
haxs.stage5c2gR32A.g1-deterministic.v1,89bd5e9b58115b60bdad35f43f6437be,885ca4b30044521cb914a1aeed6ffaad,limit_spin_density_zero_rect2x3,rect2x3_hole_3,567,20313,0.0009765625
haxs.stage5c2gR32A.g1-deterministic.v1,89bd5e9b58115b60bdad35f43f6437be,bae07bcb59945f53b1f27226963773c2,limit_spin_density_zero_rect2x3,rect2x3_hole_3,568,20320,0.0009765625
haxs.stage5c2gR32A.g1-deterministic.v1,89bd5e9b58115b60bdad35f43f6437be,a50ef28fcb805de6a4251827a18df01c,limit_spin_density_zero_rect2x3,rect2x3_hole_3,569,20321,0.0009765625
haxs.stage5c2gR32A.g1-deterministic.v1,89bd5e9b58115b60bdad35f43f6437be,3f0324cc195f5eaa96f7fee7b97d681f,limit_spin_density_zero_rect2x3,rect2x3_hole_3,570,20322,0.0009765625
haxs.stage5c2gR32A.g1-deterministic.v1,89bd5e9b58115b60bdad35f43f6437be,5a13d5bc7c6150179cb350951099eb08,limit_spin_density_zero_rect2x3,rect2x3_hole_3,571,20323,0.0009765625
haxs.stage5c2gR32A.g1-deterministic.v1,89bd5e9b58115b60bdad35f43f6437be,f174fb16ca8359aeb1bc1e6410907d0c,limit_spin_density_zero_rect2x3,rect2x3_hole_3,572,20330,0.0009765625
haxs.stage5c2gR32A.g1-deterministic.v1,89bd5e9b58115b60bdad35f43f6437be,068e3b1540905409b5430700715e8a03,limit_spin_density_zero_rect2x3,rect2x3_hole_3,573,20331,0.0009765625
haxs.stage5c2gR32A.g1-deterministic.v1,89bd5e9b58115b60bdad35f43f6437be,af1e088e05a05895a123d650ae2747dc,limit_spin_density_zero_rect2x3,rect2x3_hole_3,574,20332,0.0009765625
haxs.stage5c2gR32A.g1-deterministic.v1,89bd5e9b58115b60bdad35f43f6437be,a93ddbe005e35667b635b8a0b9a7177e,limit_spin_density_zero_rect2x3,rect2x3_hole_3,575,20333,0.0009765625
haxs.stage5c2gR32A.g1-deterministic.v1,89bd5e9b58115b60bdad35f43f6437be,1ed0ba4d63205b1c9e08f4f1d18cdb36,limit_spin_density_zero_rect2x3,rect2x3_hole_3,576,21000,0.0009765625
haxs.stage5c2gR32A.g1-deterministic.v1,89bd5e9b58115b60bdad35f43f6437be,d79b32c237cf525abc88be5e799374de,limit_spin_density_zero_rect2x3,rect2x3_hole_3,577,21001,0.0009765625
haxs.stage5c2gR32A.g1-deterministic.v1,89bd5e9b58115b60bdad35f43f6437be,565015a84fea5395b2bbf105ffea5d5d,limit_spin_density_zero_rect2x3,rect2x3_hole_3,578,21002,0.0009765625
haxs.stage5c2gR32A.g1-deterministic.v1,89bd5e9b58115b60bdad35f43f6437be,d224577c23c357ccb9d5e0a888daaafd,limit_spin_density_zero_rect2x3,rect2x3_hole_3,579,21003,0.0009765625
haxs.stage5c2gR32A.g1-deterministic.v1,89bd5e9b58115b60bdad35f43f6437be,138a7c45dee356cba4dfa31c16f4b569,limit_spin_density_zero_rect2x3,rect2x3_hole_3,580,21010,0.0009765625
haxs.stage5c2gR32A.g1-deterministic.v1,89bd5e9b58115b60bdad35f43f6437be,b8ba68b844215c65b4c402396e6dd473,limit_spin_density_zero_rect2x3,rect2x3_hole_3,581,21011,0.0009765625
haxs.stage5c2gR32A.g1-deterministic.v1,89bd5e9b58115b60bdad35f43f6437be,c7c2ab76fcbd5bb49111882d08ef750c,limit_spin_density_zero_rect2x3,rect2x3_hole_3,582,21012,0.0009765625
haxs.stage5c2gR32A.g1-deterministic.v1,89bd5e9b58115b60bdad35f43f6437be,60ddcab1a316551093a9830b3044c0bd,limit_spin_density_zero_rect2x3,rect2x3_hole_3,583,21013,0.0009765625
haxs.stage5c2gR32A.g1-deterministic.v1,89bd5e9b58115b60bdad35f43f6437be,54836e50743f5d5fb7d83110275e8107,limit_spin_density_zero_rect2x3,rect2x3_hole_3,584,21020,0.0009765625
haxs.stage5c2gR32A.g1-deterministic.v1,89bd5e9b58115b60bdad35f43f6437be,42f97c22d88b5293b66b2cbf8f393e7a,limit_spin_density_zero_rect2x3,rect2x3_hole_3,585,21021,0.0009765625
haxs.stage5c2gR32A.g1-deterministic.v1,89bd5e9b58115b60bdad35f43f6437be,3a11c139fdee51678410715edc498a2c,limit_spin_density_zero_rect2x3,rect2x3_hole_3,586,21022,0.0009765625
haxs.stage5c2gR32A.g1-deterministic.v1,89bd5e9b58115b60bdad35f43f6437be,e8a46ef223cf5fd4ac03659b9cbb1c09,limit_spin_density_zero_rect2x3,rect2x3_hole_3,587,21023,0.0009765625
haxs.stage5c2gR32A.g1-deterministic.v1,89bd5e9b58115b60bdad35f43f6437be,3e572153de0a50fc8a4405b911eafd32,limit_spin_density_zero_rect2x3,rect2x3_hole_3,588,21030,0.0009765625
haxs.stage5c2gR32A.g1-deterministic.v1,89bd5e9b58115b60bdad35f43f6437be,24f25d2999135284a19e014008c302dc,limit_spin_density_zero_rect2x3,rect2x3_hole_3,589,21031,0.0009765625
haxs.stage5c2gR32A.g1-deterministic.v1,89bd5e9b58115b60bdad35f43f6437be,d93ff5f6176d58a8966866d8fa810ede,limit_spin_density_zero_rect2x3,rect2x3_hole_3,590,21032,0.0009765625
haxs.stage5c2gR32A.g1-deterministic.v1,89bd5e9b58115b60bdad35f43f6437be,772785b07b2b5369963f9082bd453ac9,limit_spin_density_zero_rect2x3,rect2x3_hole_3,591,21033,0.0009765625
haxs.stage5c2gR32A.g1-deterministic.v1,89bd5e9b58115b60bdad35f43f6437be,a56e26ae38be5edab88cba1ebdca9359,limit_spin_density_zero_rect2x3,rect2x3_hole_3,592,21100,0.0009765625
haxs.stage5c2gR32A.g1-deterministic.v1,89bd5e9b58115b60bdad35f43f6437be,8744aed554745cb7a32e8d3eb4c6111d,limit_spin_density_zero_rect2x3,rect2x3_hole_3,593,21101,0.0009765625
haxs.stage5c2gR32A.g1-deterministic.v1,89bd5e9b58115b60bdad35f43f6437be,8c2cc1b292a85d45aaf01e6e939c2a64,limit_spin_density_zero_rect2x3,rect2x3_hole_3,594,21102,0.0009765625
haxs.stage5c2gR32A.g1-deterministic.v1,89bd5e9b58115b60bdad35f43f6437be,5a25df9240fe5d4a81ef7995b7a71f9e,limit_spin_density_zero_rect2x3,rect2x3_hole_3,595,21103,0.0009765625
haxs.stage5c2gR32A.g1-deterministic.v1,89bd5e9b58115b60bdad35f43f6437be,b58840151a46564b8315b43f4d947ace,limit_spin_density_zero_rect2x3,rect2x3_hole_3,596,21110,0.0009765625
haxs.stage5c2gR32A.g1-deterministic.v1,89bd5e9b58115b60bdad35f43f6437be,2578644a0fb857cc852037caaa330be4,limit_spin_density_zero_rect2x3,rect2x3_hole_3,597,21111,0.0009765625
haxs.stage5c2gR32A.g1-deterministic.v1,89bd5e9b58115b60bdad35f43f6437be,bbc70a75a6a85f92ad06cc6c13b72147,limit_spin_density_zero_rect2x3,rect2x3_hole_3,598,21112,0.0009765625
haxs.stage5c2gR32A.g1-deterministic.v1,89bd5e9b58115b60bdad35f43f6437be,732b95768dfa5484959a8e5d9b932740,limit_spin_density_zero_rect2x3,rect2x3_hole_3,599,21113,0.0009765625
haxs.stage5c2gR32A.g1-deterministic.v1,89bd5e9b58115b60bdad35f43f6437be,fe5a5dc50dc656879e59898c49c6ee5b,limit_spin_density_zero_rect2x3,rect2x3_hole_3,600,21120,0.0009765625
haxs.stage5c2gR32A.g1-deterministic.v1,89bd5e9b58115b60bdad35f43f6437be,031d1695398958aaa8f3d19035818fab,limit_spin_density_zero_rect2x3,rect2x3_hole_3,601,21121,0.0009765625
haxs.stage5c2gR32A.g1-deterministic.v1,89bd5e9b58115b60bdad35f43f6437be,5961525e6ef65504ad08438d544eb76d,limit_spin_density_zero_rect2x3,rect2x3_hole_3,602,21122,0.0009765625
haxs.stage5c2gR32A.g1-deterministic.v1,89bd5e9b58115b60bdad35f43f6437be,a3748d14193a5e8d8f8fb32dde2cfffc,limit_spin_density_zero_rect2x3,rect2x3_hole_3,603,21123,0.0009765625
haxs.stage5c2gR32A.g1-deterministic.v1,89bd5e9b58115b60bdad35f43f6437be,e79600067f335f98865a3c6785012678,limit_spin_density_zero_rect2x3,rect2x3_hole_3,604,21130,0.0009765625
haxs.stage5c2gR32A.g1-deterministic.v1,89bd5e9b58115b60bdad35f43f6437be,f3cf0bb0466f5f62adfbeb7312041dda,limit_spin_density_zero_rect2x3,rect2x3_hole_3,605,21131,0.0009765625
haxs.stage5c2gR32A.g1-deterministic.v1,89bd5e9b58115b60bdad35f43f6437be,7073e13256a15b5ca6159071ee2ca6da,limit_spin_density_zero_rect2x3,rect2x3_hole_3,606,21132,0.0009765625
haxs.stage5c2gR32A.g1-deterministic.v1,89bd5e9b58115b60bdad35f43f6437be,60c85965c8b55aa19a817077975aa2b3,limit_spin_density_zero_rect2x3,rect2x3_hole_3,607,21133,0.0009765625
haxs.stage5c2gR32A.g1-deterministic.v1,89bd5e9b58115b60bdad35f43f6437be,334620235bda510cade0b95fe0924570,limit_spin_density_zero_rect2x3,rect2x3_hole_3,608,21200,0.0009765625
haxs.stage5c2gR32A.g1-deterministic.v1,89bd5e9b58115b60bdad35f43f6437be,3e15c6271fb3512a8c3fbf9e716c8166,limit_spin_density_zero_rect2x3,rect2x3_hole_3,609,21201,0.0009765625
haxs.stage5c2gR32A.g1-deterministic.v1,89bd5e9b58115b60bdad35f43f6437be,32e9aad409d458be9f8f3ae558850b21,limit_spin_density_zero_rect2x3,rect2x3_hole_3,610,21202,0.0009765625
haxs.stage5c2gR32A.g1-deterministic.v1,89bd5e9b58115b60bdad35f43f6437be,69f2ddcabc3f52078c128a2ab4f60674,limit_spin_density_zero_rect2x3,rect2x3_hole_3,611,21203,0.0009765625
haxs.stage5c2gR32A.g1-deterministic.v1,89bd5e9b58115b60bdad35f43f6437be,f5002635b57c5620b35a402e2d3d7ed7,limit_spin_density_zero_rect2x3,rect2x3_hole_3,612,21210,0.0009765625
haxs.stage5c2gR32A.g1-deterministic.v1,89bd5e9b58115b60bdad35f43f6437be,9fe15d93a58b56879dfbb3b92500e302,limit_spin_density_zero_rect2x3,rect2x3_hole_3,613,21211,0.0009765625
haxs.stage5c2gR32A.g1-deterministic.v1,89bd5e9b58115b60bdad35f43f6437be,1e6f67901ea15a02a495d74a1960855f,limit_spin_density_zero_rect2x3,rect2x3_hole_3,614,21212,0.0009765625
haxs.stage5c2gR32A.g1-deterministic.v1,89bd5e9b58115b60bdad35f43f6437be,cc58a0315dcc53f18d49df2ad3777cf8,limit_spin_density_zero_rect2x3,rect2x3_hole_3,615,21213,0.0009765625
haxs.stage5c2gR32A.g1-deterministic.v1,89bd5e9b58115b60bdad35f43f6437be,5490c167dce5574d883889ab36c21e3e,limit_spin_density_zero_rect2x3,rect2x3_hole_3,616,21220,0.0009765625
haxs.stage5c2gR32A.g1-deterministic.v1,89bd5e9b58115b60bdad35f43f6437be,a068d4104ba15f518ee445285208ad4e,limit_spin_density_zero_rect2x3,rect2x3_hole_3,617,21221,0.0009765625
haxs.stage5c2gR32A.g1-deterministic.v1,89bd5e9b58115b60bdad35f43f6437be,a8b3fe252718593d8335e857a7ebf342,limit_spin_density_zero_rect2x3,rect2x3_hole_3,618,21222,0.0009765625
haxs.stage5c2gR32A.g1-deterministic.v1,89bd5e9b58115b60bdad35f43f6437be,fe1b094ce5735127a21ce177ff9bb6c7,limit_spin_density_zero_rect2x3,rect2x3_hole_3,619,21223,0.0009765625
haxs.stage5c2gR32A.g1-deterministic.v1,89bd5e9b58115b60bdad35f43f6437be,ea382cb4d0a1578181c5733b5778d691,limit_spin_density_zero_rect2x3,rect2x3_hole_3,620,21230,0.0009765625
haxs.stage5c2gR32A.g1-deterministic.v1,89bd5e9b58115b60bdad35f43f6437be,f9a20b4ab8e955c68e3c3585d933cfec,limit_spin_density_zero_rect2x3,rect2x3_hole_3,621,21231,0.0009765625
haxs.stage5c2gR32A.g1-deterministic.v1,89bd5e9b58115b60bdad35f43f6437be,7931dfdc944d5c75bcf818bb1d5f59a6,limit_spin_density_zero_rect2x3,rect2x3_hole_3,622,21232,0.0009765625
haxs.stage5c2gR32A.g1-deterministic.v1,89bd5e9b58115b60bdad35f43f6437be,b912177674835517b8e2b9ff7f0ec6d0,limit_spin_density_zero_rect2x3,rect2x3_hole_3,623,21233,0.0009765625
haxs.stage5c2gR32A.g1-deterministic.v1,89bd5e9b58115b60bdad35f43f6437be,55cd6d45d7645ce4b31959ebd19579d1,limit_spin_density_zero_rect2x3,rect2x3_hole_3,624,21300,0.0009765625
haxs.stage5c2gR32A.g1-deterministic.v1,89bd5e9b58115b60bdad35f43f6437be,c4d7fa339825584382e5b401d0c446da,limit_spin_density_zero_rect2x3,rect2x3_hole_3,625,21301,0.0009765625
haxs.stage5c2gR32A.g1-deterministic.v1,89bd5e9b58115b60bdad35f43f6437be,af8a32d80c245be1b2d642dfad889048,limit_spin_density_zero_rect2x3,rect2x3_hole_3,626,21302,0.0009765625
haxs.stage5c2gR32A.g1-deterministic.v1,89bd5e9b58115b60bdad35f43f6437be,3fad01a04a8358149c004eb04ecd55ea,limit_spin_density_zero_rect2x3,rect2x3_hole_3,627,21303,0.0009765625
haxs.stage5c2gR32A.g1-deterministic.v1,89bd5e9b58115b60bdad35f43f6437be,d2ca52a5719e589791d4f523c8a7ba31,limit_spin_density_zero_rect2x3,rect2x3_hole_3,628,21310,0.0009765625
haxs.stage5c2gR32A.g1-deterministic.v1,89bd5e9b58115b60bdad35f43f6437be,4e5554c138275061867a7aeb651002e8,limit_spin_density_zero_rect2x3,rect2x3_hole_3,629,21311,0.0009765625
haxs.stage5c2gR32A.g1-deterministic.v1,89bd5e9b58115b60bdad35f43f6437be,9440074575905a9ebc0c7220e7c20417,limit_spin_density_zero_rect2x3,rect2x3_hole_3,630,21312,0.0009765625
haxs.stage5c2gR32A.g1-deterministic.v1,89bd5e9b58115b60bdad35f43f6437be,69ba6cea48dd50619d17c2143e670527,limit_spin_density_zero_rect2x3,rect2x3_hole_3,631,21313,0.0009765625
haxs.stage5c2gR32A.g1-deterministic.v1,89bd5e9b58115b60bdad35f43f6437be,618f0df2aead5f0596ee864d32640396,limit_spin_density_zero_rect2x3,rect2x3_hole_3,632,21320,0.0009765625
haxs.stage5c2gR32A.g1-deterministic.v1,89bd5e9b58115b60bdad35f43f6437be,b0dcf90d6eb75ffb9c7e6fd5e3b2df2c,limit_spin_density_zero_rect2x3,rect2x3_hole_3,633,21321,0.0009765625
haxs.stage5c2gR32A.g1-deterministic.v1,89bd5e9b58115b60bdad35f43f6437be,c2cc72edc9f85773bbbe24d473fd9ab8,limit_spin_density_zero_rect2x3,rect2x3_hole_3,634,21322,0.0009765625
haxs.stage5c2gR32A.g1-deterministic.v1,89bd5e9b58115b60bdad35f43f6437be,e36107a07c84593bb82103fbd5321574,limit_spin_density_zero_rect2x3,rect2x3_hole_3,635,21323,0.0009765625
haxs.stage5c2gR32A.g1-deterministic.v1,89bd5e9b58115b60bdad35f43f6437be,93fefbaac8f6504a93ad0ec985c64b48,limit_spin_density_zero_rect2x3,rect2x3_hole_3,636,21330,0.0009765625
haxs.stage5c2gR32A.g1-deterministic.v1,89bd5e9b58115b60bdad35f43f6437be,3b520db2d6745c18a85ee9d0b9992d5c,limit_spin_density_zero_rect2x3,rect2x3_hole_3,637,21331,0.0009765625
haxs.stage5c2gR32A.g1-deterministic.v1,89bd5e9b58115b60bdad35f43f6437be,fe89eb33a49854459e98d3f471295ed3,limit_spin_density_zero_rect2x3,rect2x3_hole_3,638,21332,0.0009765625
haxs.stage5c2gR32A.g1-deterministic.v1,89bd5e9b58115b60bdad35f43f6437be,733b7262d42651a080458e4aea6ec1e4,limit_spin_density_zero_rect2x3,rect2x3_hole_3,639,21333,0.0009765625
haxs.stage5c2gR32A.g1-deterministic.v1,89bd5e9b58115b60bdad35f43f6437be,515fe2ec993a57b9930604e6e8e8cb9b,limit_spin_density_zero_rect2x3,rect2x3_hole_3,640,22000,0.0009765625
haxs.stage5c2gR32A.g1-deterministic.v1,89bd5e9b58115b60bdad35f43f6437be,1af860d546135aa68f8d09c923c22c86,limit_spin_density_zero_rect2x3,rect2x3_hole_3,641,22001,0.0009765625
haxs.stage5c2gR32A.g1-deterministic.v1,89bd5e9b58115b60bdad35f43f6437be,cea864b13f6259f186cf8757d26dce74,limit_spin_density_zero_rect2x3,rect2x3_hole_3,642,22002,0.0009765625
haxs.stage5c2gR32A.g1-deterministic.v1,89bd5e9b58115b60bdad35f43f6437be,e395e1ae07675b128163afca35424d76,limit_spin_density_zero_rect2x3,rect2x3_hole_3,643,22003,0.0009765625
haxs.stage5c2gR32A.g1-deterministic.v1,89bd5e9b58115b60bdad35f43f6437be,4a54e6daecd453c996514c738e357d55,limit_spin_density_zero_rect2x3,rect2x3_hole_3,644,22010,0.0009765625
haxs.stage5c2gR32A.g1-deterministic.v1,89bd5e9b58115b60bdad35f43f6437be,6413586ffb3a5b9f9e34f2f2fbb4251c,limit_spin_density_zero_rect2x3,rect2x3_hole_3,645,22011,0.0009765625
haxs.stage5c2gR32A.g1-deterministic.v1,89bd5e9b58115b60bdad35f43f6437be,2259baeb3d3a59b0a32e46282740ab5b,limit_spin_density_zero_rect2x3,rect2x3_hole_3,646,22012,0.0009765625
haxs.stage5c2gR32A.g1-deterministic.v1,89bd5e9b58115b60bdad35f43f6437be,66e8f398f9fa5693a4697aa83f8e548b,limit_spin_density_zero_rect2x3,rect2x3_hole_3,647,22013,0.0009765625
haxs.stage5c2gR32A.g1-deterministic.v1,89bd5e9b58115b60bdad35f43f6437be,2f34a768884752d7a0ce2480b748d01b,limit_spin_density_zero_rect2x3,rect2x3_hole_3,648,22020,0.0009765625
haxs.stage5c2gR32A.g1-deterministic.v1,89bd5e9b58115b60bdad35f43f6437be,5897639770065bcc9ad488d98d39a740,limit_spin_density_zero_rect2x3,rect2x3_hole_3,649,22021,0.0009765625
haxs.stage5c2gR32A.g1-deterministic.v1,89bd5e9b58115b60bdad35f43f6437be,6f9f4b7129a55468bcc1b055b2a31ac0,limit_spin_density_zero_rect2x3,rect2x3_hole_3,650,22022,0.0009765625
haxs.stage5c2gR32A.g1-deterministic.v1,89bd5e9b58115b60bdad35f43f6437be,aefd37a2a0d055a2abce9562020ef89c,limit_spin_density_zero_rect2x3,rect2x3_hole_3,651,22023,0.0009765625
haxs.stage5c2gR32A.g1-deterministic.v1,89bd5e9b58115b60bdad35f43f6437be,31cbe956bd9a5253bd8dbe42580fcf1e,limit_spin_density_zero_rect2x3,rect2x3_hole_3,652,22030,0.0009765625
haxs.stage5c2gR32A.g1-deterministic.v1,89bd5e9b58115b60bdad35f43f6437be,7b34b8b0f3f4571c9a001ce00011b96e,limit_spin_density_zero_rect2x3,rect2x3_hole_3,653,22031,0.0009765625
haxs.stage5c2gR32A.g1-deterministic.v1,89bd5e9b58115b60bdad35f43f6437be,ae0d1b60a162569da9f018cd6055ca55,limit_spin_density_zero_rect2x3,rect2x3_hole_3,654,22032,0.0009765625
haxs.stage5c2gR32A.g1-deterministic.v1,89bd5e9b58115b60bdad35f43f6437be,32590bfef01e5f01aec19718611279d2,limit_spin_density_zero_rect2x3,rect2x3_hole_3,655,22033,0.0009765625
haxs.stage5c2gR32A.g1-deterministic.v1,89bd5e9b58115b60bdad35f43f6437be,43cf9f8e932e59e1a3f7f4bde0a3ce7d,limit_spin_density_zero_rect2x3,rect2x3_hole_3,656,22100,0.0009765625
haxs.stage5c2gR32A.g1-deterministic.v1,89bd5e9b58115b60bdad35f43f6437be,f9786ffaaec253a8bd52ba1f11435d6f,limit_spin_density_zero_rect2x3,rect2x3_hole_3,657,22101,0.0009765625
haxs.stage5c2gR32A.g1-deterministic.v1,89bd5e9b58115b60bdad35f43f6437be,af5fabbf7a375cb8b24b883cd4bcd9b2,limit_spin_density_zero_rect2x3,rect2x3_hole_3,658,22102,0.0009765625
haxs.stage5c2gR32A.g1-deterministic.v1,89bd5e9b58115b60bdad35f43f6437be,e469e37e12e8536ab27c325d0f96482f,limit_spin_density_zero_rect2x3,rect2x3_hole_3,659,22103,0.0009765625
haxs.stage5c2gR32A.g1-deterministic.v1,89bd5e9b58115b60bdad35f43f6437be,8da040ede2345701a16c509664bd3aea,limit_spin_density_zero_rect2x3,rect2x3_hole_3,660,22110,0.0009765625
haxs.stage5c2gR32A.g1-deterministic.v1,89bd5e9b58115b60bdad35f43f6437be,8d88f7fb815854b8a346d6fc69b07e68,limit_spin_density_zero_rect2x3,rect2x3_hole_3,661,22111,0.0009765625
haxs.stage5c2gR32A.g1-deterministic.v1,89bd5e9b58115b60bdad35f43f6437be,f4a13ad673cd5c0395bead8469a27c98,limit_spin_density_zero_rect2x3,rect2x3_hole_3,662,22112,0.0009765625
haxs.stage5c2gR32A.g1-deterministic.v1,89bd5e9b58115b60bdad35f43f6437be,dab5a24a516f5a0eb212e2455ee9bbaf,limit_spin_density_zero_rect2x3,rect2x3_hole_3,663,22113,0.0009765625
haxs.stage5c2gR32A.g1-deterministic.v1,89bd5e9b58115b60bdad35f43f6437be,5df84c2bc6465de68604d50d2f150cea,limit_spin_density_zero_rect2x3,rect2x3_hole_3,664,22120,0.0009765625
haxs.stage5c2gR32A.g1-deterministic.v1,89bd5e9b58115b60bdad35f43f6437be,42edef4cf8c6528497076808fd643a38,limit_spin_density_zero_rect2x3,rect2x3_hole_3,665,22121,0.0009765625
haxs.stage5c2gR32A.g1-deterministic.v1,89bd5e9b58115b60bdad35f43f6437be,841d561b82b45c26abb77a70f9bdc05a,limit_spin_density_zero_rect2x3,rect2x3_hole_3,666,22122,0.0009765625
haxs.stage5c2gR32A.g1-deterministic.v1,89bd5e9b58115b60bdad35f43f6437be,3887340c511f5a56bcf24018b41d2be2,limit_spin_density_zero_rect2x3,rect2x3_hole_3,667,22123,0.0009765625
haxs.stage5c2gR32A.g1-deterministic.v1,89bd5e9b58115b60bdad35f43f6437be,853d9daad73558838dc23d048cfd76f7,limit_spin_density_zero_rect2x3,rect2x3_hole_3,668,22130,0.0009765625
haxs.stage5c2gR32A.g1-deterministic.v1,89bd5e9b58115b60bdad35f43f6437be,190d1aa6adab53d5847ee5f5dd848241,limit_spin_density_zero_rect2x3,rect2x3_hole_3,669,22131,0.0009765625
haxs.stage5c2gR32A.g1-deterministic.v1,89bd5e9b58115b60bdad35f43f6437be,f1c568108911525e889c2158be3fd655,limit_spin_density_zero_rect2x3,rect2x3_hole_3,670,22132,0.0009765625
haxs.stage5c2gR32A.g1-deterministic.v1,89bd5e9b58115b60bdad35f43f6437be,fbb0c67ff4285e6cae277649a300d339,limit_spin_density_zero_rect2x3,rect2x3_hole_3,671,22133,0.0009765625
haxs.stage5c2gR32A.g1-deterministic.v1,89bd5e9b58115b60bdad35f43f6437be,cfb493a0e8c75414b8af4d1a064172c6,limit_spin_density_zero_rect2x3,rect2x3_hole_3,672,22200,0.0009765625
haxs.stage5c2gR32A.g1-deterministic.v1,89bd5e9b58115b60bdad35f43f6437be,5a491fbc72e25e03979cd57b52caaf9d,limit_spin_density_zero_rect2x3,rect2x3_hole_3,673,22201,0.0009765625
haxs.stage5c2gR32A.g1-deterministic.v1,89bd5e9b58115b60bdad35f43f6437be,86e587a0b59a572989a63d0074414700,limit_spin_density_zero_rect2x3,rect2x3_hole_3,674,22202,0.0009765625
haxs.stage5c2gR32A.g1-deterministic.v1,89bd5e9b58115b60bdad35f43f6437be,b19370ed9c9b5dd193aad81625116025,limit_spin_density_zero_rect2x3,rect2x3_hole_3,675,22203,0.0009765625
haxs.stage5c2gR32A.g1-deterministic.v1,89bd5e9b58115b60bdad35f43f6437be,86fb3bb7d3d95d6594f6247edbbddf9f,limit_spin_density_zero_rect2x3,rect2x3_hole_3,676,22210,0.0009765625
haxs.stage5c2gR32A.g1-deterministic.v1,89bd5e9b58115b60bdad35f43f6437be,6eba0e929d3b5231a356108fb46b0d44,limit_spin_density_zero_rect2x3,rect2x3_hole_3,677,22211,0.0009765625
haxs.stage5c2gR32A.g1-deterministic.v1,89bd5e9b58115b60bdad35f43f6437be,8f4dee6e3a915943a7c14a5773308992,limit_spin_density_zero_rect2x3,rect2x3_hole_3,678,22212,0.0009765625
haxs.stage5c2gR32A.g1-deterministic.v1,89bd5e9b58115b60bdad35f43f6437be,2fb41dd14ee65ffe83a38d59bb12c01e,limit_spin_density_zero_rect2x3,rect2x3_hole_3,679,22213,0.0009765625
haxs.stage5c2gR32A.g1-deterministic.v1,89bd5e9b58115b60bdad35f43f6437be,e0800d521021573fb06daaadfcdf4050,limit_spin_density_zero_rect2x3,rect2x3_hole_3,680,22220,0.0009765625
haxs.stage5c2gR32A.g1-deterministic.v1,89bd5e9b58115b60bdad35f43f6437be,d43f6ee208bf563ca5cf890a80461bda,limit_spin_density_zero_rect2x3,rect2x3_hole_3,681,22221,0.0009765625
haxs.stage5c2gR32A.g1-deterministic.v1,89bd5e9b58115b60bdad35f43f6437be,548acafca6fc51d68edfffded868fd3b,limit_spin_density_zero_rect2x3,rect2x3_hole_3,682,22222,0.0009765625
haxs.stage5c2gR32A.g1-deterministic.v1,89bd5e9b58115b60bdad35f43f6437be,81375779118d55e090ef1951febd72e4,limit_spin_density_zero_rect2x3,rect2x3_hole_3,683,22223,0.0009765625
haxs.stage5c2gR32A.g1-deterministic.v1,89bd5e9b58115b60bdad35f43f6437be,570d97658a915e13848f9d426d477a00,limit_spin_density_zero_rect2x3,rect2x3_hole_3,684,22230,0.0009765625
haxs.stage5c2gR32A.g1-deterministic.v1,89bd5e9b58115b60bdad35f43f6437be,561e89abaf705121a2f4b47dc31b7515,limit_spin_density_zero_rect2x3,rect2x3_hole_3,685,22231,0.0009765625
haxs.stage5c2gR32A.g1-deterministic.v1,89bd5e9b58115b60bdad35f43f6437be,ed9de9f90d2f5f0b939e341a32b9ae0c,limit_spin_density_zero_rect2x3,rect2x3_hole_3,686,22232,0.0009765625
haxs.stage5c2gR32A.g1-deterministic.v1,89bd5e9b58115b60bdad35f43f6437be,b9ce7d5c8d315759b053f1b01bd7563a,limit_spin_density_zero_rect2x3,rect2x3_hole_3,687,22233,0.0009765625
haxs.stage5c2gR32A.g1-deterministic.v1,89bd5e9b58115b60bdad35f43f6437be,fb35c15734555c328786e03083806381,limit_spin_density_zero_rect2x3,rect2x3_hole_3,688,22300,0.0009765625
haxs.stage5c2gR32A.g1-deterministic.v1,89bd5e9b58115b60bdad35f43f6437be,4c75def0009c5b92b47c86d005880e1d,limit_spin_density_zero_rect2x3,rect2x3_hole_3,689,22301,0.0009765625
haxs.stage5c2gR32A.g1-deterministic.v1,89bd5e9b58115b60bdad35f43f6437be,4cfe32b5ace65bae8e1762a9f85cb229,limit_spin_density_zero_rect2x3,rect2x3_hole_3,690,22302,0.0009765625
haxs.stage5c2gR32A.g1-deterministic.v1,89bd5e9b58115b60bdad35f43f6437be,497ea41408c5591b9bf2fbbd2b684938,limit_spin_density_zero_rect2x3,rect2x3_hole_3,691,22303,0.0009765625
haxs.stage5c2gR32A.g1-deterministic.v1,89bd5e9b58115b60bdad35f43f6437be,436983c5d8325e5cbe83fc501b3d02eb,limit_spin_density_zero_rect2x3,rect2x3_hole_3,692,22310,0.0009765625
haxs.stage5c2gR32A.g1-deterministic.v1,89bd5e9b58115b60bdad35f43f6437be,c279064e3a685e76985ca03a7ac17d88,limit_spin_density_zero_rect2x3,rect2x3_hole_3,693,22311,0.0009765625
haxs.stage5c2gR32A.g1-deterministic.v1,89bd5e9b58115b60bdad35f43f6437be,01eb8b21d006520a94037d9c3a32b12d,limit_spin_density_zero_rect2x3,rect2x3_hole_3,694,22312,0.0009765625
haxs.stage5c2gR32A.g1-deterministic.v1,89bd5e9b58115b60bdad35f43f6437be,7a388b698d35599daf1764eb8f32c3d1,limit_spin_density_zero_rect2x3,rect2x3_hole_3,695,22313,0.0009765625
haxs.stage5c2gR32A.g1-deterministic.v1,89bd5e9b58115b60bdad35f43f6437be,dc439797175d5acca5731d58b4ad4909,limit_spin_density_zero_rect2x3,rect2x3_hole_3,696,22320,0.0009765625
haxs.stage5c2gR32A.g1-deterministic.v1,89bd5e9b58115b60bdad35f43f6437be,2c0d3cccccf35f5495f177e0c7f15cc5,limit_spin_density_zero_rect2x3,rect2x3_hole_3,697,22321,0.0009765625
haxs.stage5c2gR32A.g1-deterministic.v1,89bd5e9b58115b60bdad35f43f6437be,4cb6104a8fc4525ca08304abed888451,limit_spin_density_zero_rect2x3,rect2x3_hole_3,698,22322,0.0009765625
haxs.stage5c2gR32A.g1-deterministic.v1,89bd5e9b58115b60bdad35f43f6437be,6676b70a6bad5753b39a8e87e2a23d9d,limit_spin_density_zero_rect2x3,rect2x3_hole_3,699,22323,0.0009765625
haxs.stage5c2gR32A.g1-deterministic.v1,89bd5e9b58115b60bdad35f43f6437be,08ff760582625f429fa51ee3af549df4,limit_spin_density_zero_rect2x3,rect2x3_hole_3,700,22330,0.0009765625
haxs.stage5c2gR32A.g1-deterministic.v1,89bd5e9b58115b60bdad35f43f6437be,0475535628075f8780121a8528defb25,limit_spin_density_zero_rect2x3,rect2x3_hole_3,701,22331,0.0009765625
haxs.stage5c2gR32A.g1-deterministic.v1,89bd5e9b58115b60bdad35f43f6437be,caf42d05c3295c689afd655e63202995,limit_spin_density_zero_rect2x3,rect2x3_hole_3,702,22332,0.0009765625
haxs.stage5c2gR32A.g1-deterministic.v1,89bd5e9b58115b60bdad35f43f6437be,e2bf2a737c0a51f9b8506a727ea0eb3d,limit_spin_density_zero_rect2x3,rect2x3_hole_3,703,22333,0.0009765625
haxs.stage5c2gR32A.g1-deterministic.v1,89bd5e9b58115b60bdad35f43f6437be,d23a38511b3452ddb72e90597f2a41f8,limit_spin_density_zero_rect2x3,rect2x3_hole_3,704,23000,0.0009765625
haxs.stage5c2gR32A.g1-deterministic.v1,89bd5e9b58115b60bdad35f43f6437be,2b528428c0f85ad496bc9b7b9a0b6591,limit_spin_density_zero_rect2x3,rect2x3_hole_3,705,23001,0.0009765625
haxs.stage5c2gR32A.g1-deterministic.v1,89bd5e9b58115b60bdad35f43f6437be,3411d2ba6cc15d7eab7097edef6a02c4,limit_spin_density_zero_rect2x3,rect2x3_hole_3,706,23002,0.0009765625
haxs.stage5c2gR32A.g1-deterministic.v1,89bd5e9b58115b60bdad35f43f6437be,544c6682173459588d1d1a32fe52998c,limit_spin_density_zero_rect2x3,rect2x3_hole_3,707,23003,0.0009765625
haxs.stage5c2gR32A.g1-deterministic.v1,89bd5e9b58115b60bdad35f43f6437be,97245418df71506c89f8e3cde50492bc,limit_spin_density_zero_rect2x3,rect2x3_hole_3,708,23010,0.0009765625
haxs.stage5c2gR32A.g1-deterministic.v1,89bd5e9b58115b60bdad35f43f6437be,d637e237ffec5578a069c43366b5dfd1,limit_spin_density_zero_rect2x3,rect2x3_hole_3,709,23011,0.0009765625
haxs.stage5c2gR32A.g1-deterministic.v1,89bd5e9b58115b60bdad35f43f6437be,5c1e8b9a4b9c51d4a11a53c7bac7e7f1,limit_spin_density_zero_rect2x3,rect2x3_hole_3,710,23012,0.0009765625
haxs.stage5c2gR32A.g1-deterministic.v1,89bd5e9b58115b60bdad35f43f6437be,f43cd71583de5c63bdd6bbd2557e1ba0,limit_spin_density_zero_rect2x3,rect2x3_hole_3,711,23013,0.0009765625
haxs.stage5c2gR32A.g1-deterministic.v1,89bd5e9b58115b60bdad35f43f6437be,27b356037f195b1abcd5ac954a31a39d,limit_spin_density_zero_rect2x3,rect2x3_hole_3,712,23020,0.0009765625
haxs.stage5c2gR32A.g1-deterministic.v1,89bd5e9b58115b60bdad35f43f6437be,dccf956616a95f91bcfc5d2b02fab8a9,limit_spin_density_zero_rect2x3,rect2x3_hole_3,713,23021,0.0009765625
haxs.stage5c2gR32A.g1-deterministic.v1,89bd5e9b58115b60bdad35f43f6437be,a283b92c0bbf5ed0a1ab7316b1e9b706,limit_spin_density_zero_rect2x3,rect2x3_hole_3,714,23022,0.0009765625
haxs.stage5c2gR32A.g1-deterministic.v1,89bd5e9b58115b60bdad35f43f6437be,4de1ae43c3c455178e02949ade5dcc72,limit_spin_density_zero_rect2x3,rect2x3_hole_3,715,23023,0.0009765625
haxs.stage5c2gR32A.g1-deterministic.v1,89bd5e9b58115b60bdad35f43f6437be,585053f9d63850c1b0e0fb2b23a9c70c,limit_spin_density_zero_rect2x3,rect2x3_hole_3,716,23030,0.0009765625
haxs.stage5c2gR32A.g1-deterministic.v1,89bd5e9b58115b60bdad35f43f6437be,49cca33cdd7651519f95f915973a8445,limit_spin_density_zero_rect2x3,rect2x3_hole_3,717,23031,0.0009765625
haxs.stage5c2gR32A.g1-deterministic.v1,89bd5e9b58115b60bdad35f43f6437be,6654d12e811357abb6165b26e01ad0e5,limit_spin_density_zero_rect2x3,rect2x3_hole_3,718,23032,0.0009765625
haxs.stage5c2gR32A.g1-deterministic.v1,89bd5e9b58115b60bdad35f43f6437be,1b1caf12f927567fa94e7b29bad897c3,limit_spin_density_zero_rect2x3,rect2x3_hole_3,719,23033,0.0009765625
haxs.stage5c2gR32A.g1-deterministic.v1,89bd5e9b58115b60bdad35f43f6437be,6d7e86cc457a51a6aa8719434c5d49ab,limit_spin_density_zero_rect2x3,rect2x3_hole_3,720,23100,0.0009765625
haxs.stage5c2gR32A.g1-deterministic.v1,89bd5e9b58115b60bdad35f43f6437be,dba9d2b28db05a0a8dc0e1b17ff2abde,limit_spin_density_zero_rect2x3,rect2x3_hole_3,721,23101,0.0009765625
haxs.stage5c2gR32A.g1-deterministic.v1,89bd5e9b58115b60bdad35f43f6437be,aa9e36851d78524aa080352fa2b6f2d2,limit_spin_density_zero_rect2x3,rect2x3_hole_3,722,23102,0.0009765625
haxs.stage5c2gR32A.g1-deterministic.v1,89bd5e9b58115b60bdad35f43f6437be,bba6748d6968576190cf49be96c1225b,limit_spin_density_zero_rect2x3,rect2x3_hole_3,723,23103,0.0009765625
haxs.stage5c2gR32A.g1-deterministic.v1,89bd5e9b58115b60bdad35f43f6437be,ac350bfffd7a57aa8673a637abd322c7,limit_spin_density_zero_rect2x3,rect2x3_hole_3,724,23110,0.0009765625
haxs.stage5c2gR32A.g1-deterministic.v1,89bd5e9b58115b60bdad35f43f6437be,d7c5ebe72b665bacb08b795efa20fe9c,limit_spin_density_zero_rect2x3,rect2x3_hole_3,725,23111,0.0009765625
haxs.stage5c2gR32A.g1-deterministic.v1,89bd5e9b58115b60bdad35f43f6437be,2c4998cb39fd5653807de98387059516,limit_spin_density_zero_rect2x3,rect2x3_hole_3,726,23112,0.0009765625
haxs.stage5c2gR32A.g1-deterministic.v1,89bd5e9b58115b60bdad35f43f6437be,b3b33c301ab75019bffae9f7571bfb14,limit_spin_density_zero_rect2x3,rect2x3_hole_3,727,23113,0.0009765625
haxs.stage5c2gR32A.g1-deterministic.v1,89bd5e9b58115b60bdad35f43f6437be,96cc016115005e709ababefc1a23489b,limit_spin_density_zero_rect2x3,rect2x3_hole_3,728,23120,0.0009765625
haxs.stage5c2gR32A.g1-deterministic.v1,89bd5e9b58115b60bdad35f43f6437be,00f921a296d753e1bcaed0992d8fd08b,limit_spin_density_zero_rect2x3,rect2x3_hole_3,729,23121,0.0009765625
haxs.stage5c2gR32A.g1-deterministic.v1,89bd5e9b58115b60bdad35f43f6437be,7728dfeea0845f01a07ab7833997606a,limit_spin_density_zero_rect2x3,rect2x3_hole_3,730,23122,0.0009765625
haxs.stage5c2gR32A.g1-deterministic.v1,89bd5e9b58115b60bdad35f43f6437be,fe3e103612825c8a837748d4827b4003,limit_spin_density_zero_rect2x3,rect2x3_hole_3,731,23123,0.0009765625
haxs.stage5c2gR32A.g1-deterministic.v1,89bd5e9b58115b60bdad35f43f6437be,3df13815c0cb5a228997f4a470e902dd,limit_spin_density_zero_rect2x3,rect2x3_hole_3,732,23130,0.0009765625
haxs.stage5c2gR32A.g1-deterministic.v1,89bd5e9b58115b60bdad35f43f6437be,9f3c4a7d82625df6a580f3e7a4709ab4,limit_spin_density_zero_rect2x3,rect2x3_hole_3,733,23131,0.0009765625
haxs.stage5c2gR32A.g1-deterministic.v1,89bd5e9b58115b60bdad35f43f6437be,d9e30600454a5ecd87aad09ea0ce5704,limit_spin_density_zero_rect2x3,rect2x3_hole_3,734,23132,0.0009765625
haxs.stage5c2gR32A.g1-deterministic.v1,89bd5e9b58115b60bdad35f43f6437be,6cd01ddae6bb5ecabe4079b577fbf586,limit_spin_density_zero_rect2x3,rect2x3_hole_3,735,23133,0.0009765625
haxs.stage5c2gR32A.g1-deterministic.v1,89bd5e9b58115b60bdad35f43f6437be,9e60a7863f325fc1a67b55aa8290792e,limit_spin_density_zero_rect2x3,rect2x3_hole_3,736,23200,0.0009765625
haxs.stage5c2gR32A.g1-deterministic.v1,89bd5e9b58115b60bdad35f43f6437be,0638288cf29a5d22a8de727b58cbf510,limit_spin_density_zero_rect2x3,rect2x3_hole_3,737,23201,0.0009765625
haxs.stage5c2gR32A.g1-deterministic.v1,89bd5e9b58115b60bdad35f43f6437be,6fa73bbed82c5dcbbace6947d493ea4a,limit_spin_density_zero_rect2x3,rect2x3_hole_3,738,23202,0.0009765625
haxs.stage5c2gR32A.g1-deterministic.v1,89bd5e9b58115b60bdad35f43f6437be,b78ab8ec7d315e54adc2dc6b02736d80,limit_spin_density_zero_rect2x3,rect2x3_hole_3,739,23203,0.0009765625
haxs.stage5c2gR32A.g1-deterministic.v1,89bd5e9b58115b60bdad35f43f6437be,fd971fdbc4d65adda3c455c9a340adea,limit_spin_density_zero_rect2x3,rect2x3_hole_3,740,23210,0.0009765625
haxs.stage5c2gR32A.g1-deterministic.v1,89bd5e9b58115b60bdad35f43f6437be,7ab8711483f25d3388b8b78098b3c5fc,limit_spin_density_zero_rect2x3,rect2x3_hole_3,741,23211,0.0009765625
haxs.stage5c2gR32A.g1-deterministic.v1,89bd5e9b58115b60bdad35f43f6437be,b71dba29260556b1a4efd106dad269c6,limit_spin_density_zero_rect2x3,rect2x3_hole_3,742,23212,0.0009765625
haxs.stage5c2gR32A.g1-deterministic.v1,89bd5e9b58115b60bdad35f43f6437be,f4c1be944827504bbf41a8c42e3d5937,limit_spin_density_zero_rect2x3,rect2x3_hole_3,743,23213,0.0009765625
haxs.stage5c2gR32A.g1-deterministic.v1,89bd5e9b58115b60bdad35f43f6437be,129502744ee0516e8d8af552715e1e80,limit_spin_density_zero_rect2x3,rect2x3_hole_3,744,23220,0.0009765625
haxs.stage5c2gR32A.g1-deterministic.v1,89bd5e9b58115b60bdad35f43f6437be,f90aeac3162853c690c9c8615896f554,limit_spin_density_zero_rect2x3,rect2x3_hole_3,745,23221,0.0009765625
haxs.stage5c2gR32A.g1-deterministic.v1,89bd5e9b58115b60bdad35f43f6437be,963ea8195ef15386987df4f9193a8155,limit_spin_density_zero_rect2x3,rect2x3_hole_3,746,23222,0.0009765625
haxs.stage5c2gR32A.g1-deterministic.v1,89bd5e9b58115b60bdad35f43f6437be,b4c972b456cd5b9e96e13858cc4f436b,limit_spin_density_zero_rect2x3,rect2x3_hole_3,747,23223,0.0009765625
haxs.stage5c2gR32A.g1-deterministic.v1,89bd5e9b58115b60bdad35f43f6437be,8e90478393b957c5abaeda879416ad1e,limit_spin_density_zero_rect2x3,rect2x3_hole_3,748,23230,0.0009765625
haxs.stage5c2gR32A.g1-deterministic.v1,89bd5e9b58115b60bdad35f43f6437be,ed01af3e62195fada5a463ef48adb216,limit_spin_density_zero_rect2x3,rect2x3_hole_3,749,23231,0.0009765625
haxs.stage5c2gR32A.g1-deterministic.v1,89bd5e9b58115b60bdad35f43f6437be,2ffa12600253502484f038d87a85a6d4,limit_spin_density_zero_rect2x3,rect2x3_hole_3,750,23232,0.0009765625
haxs.stage5c2gR32A.g1-deterministic.v1,89bd5e9b58115b60bdad35f43f6437be,bb289e59adab5c6da47de4a5b8a549b0,limit_spin_density_zero_rect2x3,rect2x3_hole_3,751,23233,0.0009765625
haxs.stage5c2gR32A.g1-deterministic.v1,89bd5e9b58115b60bdad35f43f6437be,2c2928c0806959daad32e35b3aa89298,limit_spin_density_zero_rect2x3,rect2x3_hole_3,752,23300,0.0009765625
haxs.stage5c2gR32A.g1-deterministic.v1,89bd5e9b58115b60bdad35f43f6437be,3e25c489b04b5c18bf0285e8ed650d4c,limit_spin_density_zero_rect2x3,rect2x3_hole_3,753,23301,0.0009765625
haxs.stage5c2gR32A.g1-deterministic.v1,89bd5e9b58115b60bdad35f43f6437be,d5fb91e0cd20500f9979ad167458fb22,limit_spin_density_zero_rect2x3,rect2x3_hole_3,754,23302,0.0009765625
haxs.stage5c2gR32A.g1-deterministic.v1,89bd5e9b58115b60bdad35f43f6437be,a3494dbaf3fa5febbf640148f2e0d7f6,limit_spin_density_zero_rect2x3,rect2x3_hole_3,755,23303,0.0009765625
haxs.stage5c2gR32A.g1-deterministic.v1,89bd5e9b58115b60bdad35f43f6437be,aa4a89d133db5f9bb7b00c44cc178947,limit_spin_density_zero_rect2x3,rect2x3_hole_3,756,23310,0.0009765625
haxs.stage5c2gR32A.g1-deterministic.v1,89bd5e9b58115b60bdad35f43f6437be,574dff1bae6d5583b8c5378be40e7c6a,limit_spin_density_zero_rect2x3,rect2x3_hole_3,757,23311,0.0009765625
haxs.stage5c2gR32A.g1-deterministic.v1,89bd5e9b58115b60bdad35f43f6437be,29e2c77f73ef5fef9a8fa3803391d474,limit_spin_density_zero_rect2x3,rect2x3_hole_3,758,23312,0.0009765625
haxs.stage5c2gR32A.g1-deterministic.v1,89bd5e9b58115b60bdad35f43f6437be,ad7ce65d3dab5dd384773fb473d48fd0,limit_spin_density_zero_rect2x3,rect2x3_hole_3,759,23313,0.0009765625
haxs.stage5c2gR32A.g1-deterministic.v1,89bd5e9b58115b60bdad35f43f6437be,fc0e20e055ec55d0a955f487e9b95b6e,limit_spin_density_zero_rect2x3,rect2x3_hole_3,760,23320,0.0009765625
haxs.stage5c2gR32A.g1-deterministic.v1,89bd5e9b58115b60bdad35f43f6437be,dc5201c833c458258f2bee6571a1d3f0,limit_spin_density_zero_rect2x3,rect2x3_hole_3,761,23321,0.0009765625
haxs.stage5c2gR32A.g1-deterministic.v1,89bd5e9b58115b60bdad35f43f6437be,ef51fd84ffeb56168ea768e98eefec65,limit_spin_density_zero_rect2x3,rect2x3_hole_3,762,23322,0.0009765625
haxs.stage5c2gR32A.g1-deterministic.v1,89bd5e9b58115b60bdad35f43f6437be,da6ec9ff907050f1811f9732c9b60864,limit_spin_density_zero_rect2x3,rect2x3_hole_3,763,23323,0.0009765625
haxs.stage5c2gR32A.g1-deterministic.v1,89bd5e9b58115b60bdad35f43f6437be,d8eace7d438e52c6824df97de2b579a0,limit_spin_density_zero_rect2x3,rect2x3_hole_3,764,23330,0.0009765625
haxs.stage5c2gR32A.g1-deterministic.v1,89bd5e9b58115b60bdad35f43f6437be,15e8157b1f775a23b301f39ec0cc27dc,limit_spin_density_zero_rect2x3,rect2x3_hole_3,765,23331,0.0009765625
haxs.stage5c2gR32A.g1-deterministic.v1,89bd5e9b58115b60bdad35f43f6437be,f9cae4b76f925c71bb8cd5577246cb91,limit_spin_density_zero_rect2x3,rect2x3_hole_3,766,23332,0.0009765625
haxs.stage5c2gR32A.g1-deterministic.v1,89bd5e9b58115b60bdad35f43f6437be,bed3052350205d639e3f057827e525df,limit_spin_density_zero_rect2x3,rect2x3_hole_3,767,23333,0.0009765625
haxs.stage5c2gR32A.g1-deterministic.v1,89bd5e9b58115b60bdad35f43f6437be,808060fdc2f1515e9792880cf5f20027,limit_spin_density_zero_rect2x3,rect2x3_hole_3,768,30000,0.0009765625
haxs.stage5c2gR32A.g1-deterministic.v1,89bd5e9b58115b60bdad35f43f6437be,8e6d3d1bc8a35afcad9b093383e2ab35,limit_spin_density_zero_rect2x3,rect2x3_hole_3,769,30001,0.0009765625
haxs.stage5c2gR32A.g1-deterministic.v1,89bd5e9b58115b60bdad35f43f6437be,6dbc199dea3a580d970aa14c0bd229d4,limit_spin_density_zero_rect2x3,rect2x3_hole_3,770,30002,0.0009765625
haxs.stage5c2gR32A.g1-deterministic.v1,89bd5e9b58115b60bdad35f43f6437be,fbac4531184457fe8d4ff085773d0673,limit_spin_density_zero_rect2x3,rect2x3_hole_3,771,30003,0.0009765625
haxs.stage5c2gR32A.g1-deterministic.v1,89bd5e9b58115b60bdad35f43f6437be,1c74d2e6d70c51b186bae6d4b13a820f,limit_spin_density_zero_rect2x3,rect2x3_hole_3,772,30010,0.0009765625
haxs.stage5c2gR32A.g1-deterministic.v1,89bd5e9b58115b60bdad35f43f6437be,a6498447a77e5e078181e51038bd6ae3,limit_spin_density_zero_rect2x3,rect2x3_hole_3,773,30011,0.0009765625
haxs.stage5c2gR32A.g1-deterministic.v1,89bd5e9b58115b60bdad35f43f6437be,e136569785f050faa98dd704a8b65b18,limit_spin_density_zero_rect2x3,rect2x3_hole_3,774,30012,0.0009765625
haxs.stage5c2gR32A.g1-deterministic.v1,89bd5e9b58115b60bdad35f43f6437be,486038e40e7652b7a7871af36e180c3e,limit_spin_density_zero_rect2x3,rect2x3_hole_3,775,30013,0.0009765625
haxs.stage5c2gR32A.g1-deterministic.v1,89bd5e9b58115b60bdad35f43f6437be,922d4aa1eb3b5991b6c7cee59f47a83d,limit_spin_density_zero_rect2x3,rect2x3_hole_3,776,30020,0.0009765625
haxs.stage5c2gR32A.g1-deterministic.v1,89bd5e9b58115b60bdad35f43f6437be,6aeac97df7975015a0c137957de5053b,limit_spin_density_zero_rect2x3,rect2x3_hole_3,777,30021,0.0009765625
haxs.stage5c2gR32A.g1-deterministic.v1,89bd5e9b58115b60bdad35f43f6437be,2378a0ad6f2659e3a02bdf89444241f7,limit_spin_density_zero_rect2x3,rect2x3_hole_3,778,30022,0.0009765625
haxs.stage5c2gR32A.g1-deterministic.v1,89bd5e9b58115b60bdad35f43f6437be,ade9f2ca7ded556fbc34d5c7e9ac2b29,limit_spin_density_zero_rect2x3,rect2x3_hole_3,779,30023,0.0009765625
haxs.stage5c2gR32A.g1-deterministic.v1,89bd5e9b58115b60bdad35f43f6437be,336d5a19afba5297bb13682d76e70974,limit_spin_density_zero_rect2x3,rect2x3_hole_3,780,30030,0.0009765625
haxs.stage5c2gR32A.g1-deterministic.v1,89bd5e9b58115b60bdad35f43f6437be,d191403e9f2c5296aeacdd978219a3f1,limit_spin_density_zero_rect2x3,rect2x3_hole_3,781,30031,0.0009765625
haxs.stage5c2gR32A.g1-deterministic.v1,89bd5e9b58115b60bdad35f43f6437be,7b873a945fe050ae9afd8c22dac3a74f,limit_spin_density_zero_rect2x3,rect2x3_hole_3,782,30032,0.0009765625
haxs.stage5c2gR32A.g1-deterministic.v1,89bd5e9b58115b60bdad35f43f6437be,5eab5d1771745d47b8e1748b40d6c7c0,limit_spin_density_zero_rect2x3,rect2x3_hole_3,783,30033,0.0009765625
haxs.stage5c2gR32A.g1-deterministic.v1,89bd5e9b58115b60bdad35f43f6437be,627f4aa68e93535c9edb078f7cb93e56,limit_spin_density_zero_rect2x3,rect2x3_hole_3,784,30100,0.0009765625
haxs.stage5c2gR32A.g1-deterministic.v1,89bd5e9b58115b60bdad35f43f6437be,297d246a6eb959bf97a07d5ae987da2d,limit_spin_density_zero_rect2x3,rect2x3_hole_3,785,30101,0.0009765625
haxs.stage5c2gR32A.g1-deterministic.v1,89bd5e9b58115b60bdad35f43f6437be,fd5b242643525f2cb7f36149ed103707,limit_spin_density_zero_rect2x3,rect2x3_hole_3,786,30102,0.0009765625
haxs.stage5c2gR32A.g1-deterministic.v1,89bd5e9b58115b60bdad35f43f6437be,518eb054b1495bdf8bc8dea11f47bd23,limit_spin_density_zero_rect2x3,rect2x3_hole_3,787,30103,0.0009765625
haxs.stage5c2gR32A.g1-deterministic.v1,89bd5e9b58115b60bdad35f43f6437be,4b9891fe1c7c52aa89d6935fc862471c,limit_spin_density_zero_rect2x3,rect2x3_hole_3,788,30110,0.0009765625
haxs.stage5c2gR32A.g1-deterministic.v1,89bd5e9b58115b60bdad35f43f6437be,a5912278890150c48ca1049b4c0889ed,limit_spin_density_zero_rect2x3,rect2x3_hole_3,789,30111,0.0009765625
haxs.stage5c2gR32A.g1-deterministic.v1,89bd5e9b58115b60bdad35f43f6437be,fe9b273456c95d6dbb7c9c651f93e839,limit_spin_density_zero_rect2x3,rect2x3_hole_3,790,30112,0.0009765625
haxs.stage5c2gR32A.g1-deterministic.v1,89bd5e9b58115b60bdad35f43f6437be,d48c8b67a36351b8874076a9dbb9b114,limit_spin_density_zero_rect2x3,rect2x3_hole_3,791,30113,0.0009765625
haxs.stage5c2gR32A.g1-deterministic.v1,89bd5e9b58115b60bdad35f43f6437be,8330ceeeda365278ac83b7c4aea8a1c7,limit_spin_density_zero_rect2x3,rect2x3_hole_3,792,30120,0.0009765625
haxs.stage5c2gR32A.g1-deterministic.v1,89bd5e9b58115b60bdad35f43f6437be,4e634435c19256fda3c5981956212a54,limit_spin_density_zero_rect2x3,rect2x3_hole_3,793,30121,0.0009765625
haxs.stage5c2gR32A.g1-deterministic.v1,89bd5e9b58115b60bdad35f43f6437be,b913d9fea4e45d059397215b140bc6b8,limit_spin_density_zero_rect2x3,rect2x3_hole_3,794,30122,0.0009765625
haxs.stage5c2gR32A.g1-deterministic.v1,89bd5e9b58115b60bdad35f43f6437be,079f745ee07e51ec8f8cbbc856e4c256,limit_spin_density_zero_rect2x3,rect2x3_hole_3,795,30123,0.0009765625
haxs.stage5c2gR32A.g1-deterministic.v1,89bd5e9b58115b60bdad35f43f6437be,55d36bee3a115b439014275bf24eaba9,limit_spin_density_zero_rect2x3,rect2x3_hole_3,796,30130,0.0009765625
haxs.stage5c2gR32A.g1-deterministic.v1,89bd5e9b58115b60bdad35f43f6437be,5f5d068c2299555d8ca0ebdc94016869,limit_spin_density_zero_rect2x3,rect2x3_hole_3,797,30131,0.0009765625
haxs.stage5c2gR32A.g1-deterministic.v1,89bd5e9b58115b60bdad35f43f6437be,9aa846cf76fb5295be9a4a5c7d15c557,limit_spin_density_zero_rect2x3,rect2x3_hole_3,798,30132,0.0009765625
haxs.stage5c2gR32A.g1-deterministic.v1,89bd5e9b58115b60bdad35f43f6437be,64a5815ea4d151bd847c2c8b48fd87fd,limit_spin_density_zero_rect2x3,rect2x3_hole_3,799,30133,0.0009765625
haxs.stage5c2gR32A.g1-deterministic.v1,89bd5e9b58115b60bdad35f43f6437be,b6ba51035fb053b289e326903199a3a2,limit_spin_density_zero_rect2x3,rect2x3_hole_3,800,30200,0.0009765625
haxs.stage5c2gR32A.g1-deterministic.v1,89bd5e9b58115b60bdad35f43f6437be,da4bcfd834eb531db335fc272499c5c2,limit_spin_density_zero_rect2x3,rect2x3_hole_3,801,30201,0.0009765625
haxs.stage5c2gR32A.g1-deterministic.v1,89bd5e9b58115b60bdad35f43f6437be,c208f3e5d2ef53aaa7931215aa3bd4ec,limit_spin_density_zero_rect2x3,rect2x3_hole_3,802,30202,0.0009765625
haxs.stage5c2gR32A.g1-deterministic.v1,89bd5e9b58115b60bdad35f43f6437be,0fa8e7bde4375975b2d2454d91aaddce,limit_spin_density_zero_rect2x3,rect2x3_hole_3,803,30203,0.0009765625
haxs.stage5c2gR32A.g1-deterministic.v1,89bd5e9b58115b60bdad35f43f6437be,538fbf0b067a5167b207a112df7507a9,limit_spin_density_zero_rect2x3,rect2x3_hole_3,804,30210,0.0009765625
haxs.stage5c2gR32A.g1-deterministic.v1,89bd5e9b58115b60bdad35f43f6437be,f7daee2df2c7575e93721ac8426c0b76,limit_spin_density_zero_rect2x3,rect2x3_hole_3,805,30211,0.0009765625
haxs.stage5c2gR32A.g1-deterministic.v1,89bd5e9b58115b60bdad35f43f6437be,a0245e9177185350b5122fcc6658f0ce,limit_spin_density_zero_rect2x3,rect2x3_hole_3,806,30212,0.0009765625
haxs.stage5c2gR32A.g1-deterministic.v1,89bd5e9b58115b60bdad35f43f6437be,bc99f03eb4f5577dad91a10c82af077b,limit_spin_density_zero_rect2x3,rect2x3_hole_3,807,30213,0.0009765625
haxs.stage5c2gR32A.g1-deterministic.v1,89bd5e9b58115b60bdad35f43f6437be,bb7364d021c25dd38bb1a91391287e40,limit_spin_density_zero_rect2x3,rect2x3_hole_3,808,30220,0.0009765625
haxs.stage5c2gR32A.g1-deterministic.v1,89bd5e9b58115b60bdad35f43f6437be,fd7d05fa4623565ea0580ccdae472fbd,limit_spin_density_zero_rect2x3,rect2x3_hole_3,809,30221,0.0009765625
haxs.stage5c2gR32A.g1-deterministic.v1,89bd5e9b58115b60bdad35f43f6437be,06457e11cdce561cace8e752dd41ef44,limit_spin_density_zero_rect2x3,rect2x3_hole_3,810,30222,0.0009765625
haxs.stage5c2gR32A.g1-deterministic.v1,89bd5e9b58115b60bdad35f43f6437be,a060d336faec53e5828fe98e2c0c1582,limit_spin_density_zero_rect2x3,rect2x3_hole_3,811,30223,0.0009765625
haxs.stage5c2gR32A.g1-deterministic.v1,89bd5e9b58115b60bdad35f43f6437be,7aa38ff57169556190c35ada1d022442,limit_spin_density_zero_rect2x3,rect2x3_hole_3,812,30230,0.0009765625
haxs.stage5c2gR32A.g1-deterministic.v1,89bd5e9b58115b60bdad35f43f6437be,f7e5ece865df5a499744df47e8111082,limit_spin_density_zero_rect2x3,rect2x3_hole_3,813,30231,0.0009765625
haxs.stage5c2gR32A.g1-deterministic.v1,89bd5e9b58115b60bdad35f43f6437be,0cdf48f5ef545f6890dd22b1b86560cb,limit_spin_density_zero_rect2x3,rect2x3_hole_3,814,30232,0.0009765625
haxs.stage5c2gR32A.g1-deterministic.v1,89bd5e9b58115b60bdad35f43f6437be,94ebfa172ce65530a5089797618ff27e,limit_spin_density_zero_rect2x3,rect2x3_hole_3,815,30233,0.0009765625
haxs.stage5c2gR32A.g1-deterministic.v1,89bd5e9b58115b60bdad35f43f6437be,2728581020165fba8732d43c99887a1a,limit_spin_density_zero_rect2x3,rect2x3_hole_3,816,30300,0.0009765625
haxs.stage5c2gR32A.g1-deterministic.v1,89bd5e9b58115b60bdad35f43f6437be,83ee2ddedd3252349b044ec0981d55f7,limit_spin_density_zero_rect2x3,rect2x3_hole_3,817,30301,0.0009765625
haxs.stage5c2gR32A.g1-deterministic.v1,89bd5e9b58115b60bdad35f43f6437be,17921081b910534a8c09e4e121cab381,limit_spin_density_zero_rect2x3,rect2x3_hole_3,818,30302,0.0009765625
haxs.stage5c2gR32A.g1-deterministic.v1,89bd5e9b58115b60bdad35f43f6437be,5528d971bd645040abaaaac241097327,limit_spin_density_zero_rect2x3,rect2x3_hole_3,819,30303,0.0009765625
haxs.stage5c2gR32A.g1-deterministic.v1,89bd5e9b58115b60bdad35f43f6437be,5be362b38c6e5f3eb558d7b7b390343d,limit_spin_density_zero_rect2x3,rect2x3_hole_3,820,30310,0.0009765625
haxs.stage5c2gR32A.g1-deterministic.v1,89bd5e9b58115b60bdad35f43f6437be,526a06fcf8ac57a2a434cea556d9dc5f,limit_spin_density_zero_rect2x3,rect2x3_hole_3,821,30311,0.0009765625
haxs.stage5c2gR32A.g1-deterministic.v1,89bd5e9b58115b60bdad35f43f6437be,b6a81d46db7a5b169bdc9705648636e7,limit_spin_density_zero_rect2x3,rect2x3_hole_3,822,30312,0.0009765625
haxs.stage5c2gR32A.g1-deterministic.v1,89bd5e9b58115b60bdad35f43f6437be,511ebfe3961a532f89d34b1d9fd195e0,limit_spin_density_zero_rect2x3,rect2x3_hole_3,823,30313,0.0009765625
haxs.stage5c2gR32A.g1-deterministic.v1,89bd5e9b58115b60bdad35f43f6437be,373c4a84bbe35408b4f9222fec4b63c4,limit_spin_density_zero_rect2x3,rect2x3_hole_3,824,30320,0.0009765625
haxs.stage5c2gR32A.g1-deterministic.v1,89bd5e9b58115b60bdad35f43f6437be,d453c1a980125cb9a13d20fec72855b2,limit_spin_density_zero_rect2x3,rect2x3_hole_3,825,30321,0.0009765625
haxs.stage5c2gR32A.g1-deterministic.v1,89bd5e9b58115b60bdad35f43f6437be,b939226827e75abc8256678e85456cf5,limit_spin_density_zero_rect2x3,rect2x3_hole_3,826,30322,0.0009765625
haxs.stage5c2gR32A.g1-deterministic.v1,89bd5e9b58115b60bdad35f43f6437be,dc26951d741456a6a334b67a7ff7eb59,limit_spin_density_zero_rect2x3,rect2x3_hole_3,827,30323,0.0009765625
haxs.stage5c2gR32A.g1-deterministic.v1,89bd5e9b58115b60bdad35f43f6437be,0cfe254fa3e85fccb2d6856f70899e5c,limit_spin_density_zero_rect2x3,rect2x3_hole_3,828,30330,0.0009765625
haxs.stage5c2gR32A.g1-deterministic.v1,89bd5e9b58115b60bdad35f43f6437be,d036ab9d74c95789ade464e991cf233e,limit_spin_density_zero_rect2x3,rect2x3_hole_3,829,30331,0.0009765625
haxs.stage5c2gR32A.g1-deterministic.v1,89bd5e9b58115b60bdad35f43f6437be,df5c8e6170fc588d9948ffd2aa2c8f3e,limit_spin_density_zero_rect2x3,rect2x3_hole_3,830,30332,0.0009765625
haxs.stage5c2gR32A.g1-deterministic.v1,89bd5e9b58115b60bdad35f43f6437be,c623aed25322533499c2daf7f2fc80fd,limit_spin_density_zero_rect2x3,rect2x3_hole_3,831,30333,0.0009765625
haxs.stage5c2gR32A.g1-deterministic.v1,89bd5e9b58115b60bdad35f43f6437be,ef56c4757c9d502492551ff39f362fad,limit_spin_density_zero_rect2x3,rect2x3_hole_3,832,31000,0.0009765625
haxs.stage5c2gR32A.g1-deterministic.v1,89bd5e9b58115b60bdad35f43f6437be,854b47e012b05bc49cfe856b98d801cd,limit_spin_density_zero_rect2x3,rect2x3_hole_3,833,31001,0.0009765625
haxs.stage5c2gR32A.g1-deterministic.v1,89bd5e9b58115b60bdad35f43f6437be,3fe7983ee931570092196d10b16dcfc1,limit_spin_density_zero_rect2x3,rect2x3_hole_3,834,31002,0.0009765625
haxs.stage5c2gR32A.g1-deterministic.v1,89bd5e9b58115b60bdad35f43f6437be,f92fdedb4363556581921c3a3f5dc89f,limit_spin_density_zero_rect2x3,rect2x3_hole_3,835,31003,0.0009765625
haxs.stage5c2gR32A.g1-deterministic.v1,89bd5e9b58115b60bdad35f43f6437be,b73d0685f0e8592393b1e0cf41cd3cf4,limit_spin_density_zero_rect2x3,rect2x3_hole_3,836,31010,0.0009765625
haxs.stage5c2gR32A.g1-deterministic.v1,89bd5e9b58115b60bdad35f43f6437be,3fdde33e4bfb579e990dae8790c98a5e,limit_spin_density_zero_rect2x3,rect2x3_hole_3,837,31011,0.0009765625
haxs.stage5c2gR32A.g1-deterministic.v1,89bd5e9b58115b60bdad35f43f6437be,6530f9c0c9e35c2eb1bbd597b715d525,limit_spin_density_zero_rect2x3,rect2x3_hole_3,838,31012,0.0009765625
haxs.stage5c2gR32A.g1-deterministic.v1,89bd5e9b58115b60bdad35f43f6437be,9214b781a9e25af9a6e3ca28f288f4b0,limit_spin_density_zero_rect2x3,rect2x3_hole_3,839,31013,0.0009765625
haxs.stage5c2gR32A.g1-deterministic.v1,89bd5e9b58115b60bdad35f43f6437be,4cf61481bb6551fcb50b148e0f9ff209,limit_spin_density_zero_rect2x3,rect2x3_hole_3,840,31020,0.0009765625
haxs.stage5c2gR32A.g1-deterministic.v1,89bd5e9b58115b60bdad35f43f6437be,d04d21060767569696c82ceea764932a,limit_spin_density_zero_rect2x3,rect2x3_hole_3,841,31021,0.0009765625
haxs.stage5c2gR32A.g1-deterministic.v1,89bd5e9b58115b60bdad35f43f6437be,6f37c86ddee759a6bf41cb75c18dee86,limit_spin_density_zero_rect2x3,rect2x3_hole_3,842,31022,0.0009765625
haxs.stage5c2gR32A.g1-deterministic.v1,89bd5e9b58115b60bdad35f43f6437be,9ba6b1a78b435302a6f2a4b2e5dbebb2,limit_spin_density_zero_rect2x3,rect2x3_hole_3,843,31023,0.0009765625
haxs.stage5c2gR32A.g1-deterministic.v1,89bd5e9b58115b60bdad35f43f6437be,29c96a14233e5d4e94085685d7fe1354,limit_spin_density_zero_rect2x3,rect2x3_hole_3,844,31030,0.0009765625
haxs.stage5c2gR32A.g1-deterministic.v1,89bd5e9b58115b60bdad35f43f6437be,8d6922c1ce475230b5f733332f6bfb15,limit_spin_density_zero_rect2x3,rect2x3_hole_3,845,31031,0.0009765625
haxs.stage5c2gR32A.g1-deterministic.v1,89bd5e9b58115b60bdad35f43f6437be,887a546bebc55d97ae9a1816b103df6f,limit_spin_density_zero_rect2x3,rect2x3_hole_3,846,31032,0.0009765625
haxs.stage5c2gR32A.g1-deterministic.v1,89bd5e9b58115b60bdad35f43f6437be,d233879bfa345e398c3fd2abff417154,limit_spin_density_zero_rect2x3,rect2x3_hole_3,847,31033,0.0009765625
haxs.stage5c2gR32A.g1-deterministic.v1,89bd5e9b58115b60bdad35f43f6437be,03885d8babcc505997c75337ffa4b3fb,limit_spin_density_zero_rect2x3,rect2x3_hole_3,848,31100,0.0009765625
haxs.stage5c2gR32A.g1-deterministic.v1,89bd5e9b58115b60bdad35f43f6437be,e3781934ee295319a9f8b64502751abb,limit_spin_density_zero_rect2x3,rect2x3_hole_3,849,31101,0.0009765625
haxs.stage5c2gR32A.g1-deterministic.v1,89bd5e9b58115b60bdad35f43f6437be,606de45fd45250f69dd26ef8d0de07d7,limit_spin_density_zero_rect2x3,rect2x3_hole_3,850,31102,0.0009765625
haxs.stage5c2gR32A.g1-deterministic.v1,89bd5e9b58115b60bdad35f43f6437be,ef0e8cdbee4a5c3f8f57e56f73eb420b,limit_spin_density_zero_rect2x3,rect2x3_hole_3,851,31103,0.0009765625
haxs.stage5c2gR32A.g1-deterministic.v1,89bd5e9b58115b60bdad35f43f6437be,dc98c8a76ba25e59a73ff08e414eb2b5,limit_spin_density_zero_rect2x3,rect2x3_hole_3,852,31110,0.0009765625
haxs.stage5c2gR32A.g1-deterministic.v1,89bd5e9b58115b60bdad35f43f6437be,abcc8712bf7e5ed2a785bc2049d89d06,limit_spin_density_zero_rect2x3,rect2x3_hole_3,853,31111,0.0009765625
haxs.stage5c2gR32A.g1-deterministic.v1,89bd5e9b58115b60bdad35f43f6437be,11707307e1105ef5aa1d35216f247924,limit_spin_density_zero_rect2x3,rect2x3_hole_3,854,31112,0.0009765625
haxs.stage5c2gR32A.g1-deterministic.v1,89bd5e9b58115b60bdad35f43f6437be,044f31466ddb57829f981b43d0d8d5a2,limit_spin_density_zero_rect2x3,rect2x3_hole_3,855,31113,0.0009765625
haxs.stage5c2gR32A.g1-deterministic.v1,89bd5e9b58115b60bdad35f43f6437be,93869c028b955c3ca0e166217b1d1eab,limit_spin_density_zero_rect2x3,rect2x3_hole_3,856,31120,0.0009765625
haxs.stage5c2gR32A.g1-deterministic.v1,89bd5e9b58115b60bdad35f43f6437be,54b98fdc0e325b7296483714111baba3,limit_spin_density_zero_rect2x3,rect2x3_hole_3,857,31121,0.0009765625
haxs.stage5c2gR32A.g1-deterministic.v1,89bd5e9b58115b60bdad35f43f6437be,addc03b0151152258afe1e5d76bb6142,limit_spin_density_zero_rect2x3,rect2x3_hole_3,858,31122,0.0009765625
haxs.stage5c2gR32A.g1-deterministic.v1,89bd5e9b58115b60bdad35f43f6437be,8a12d28553e75c7895a34a9928a7aa00,limit_spin_density_zero_rect2x3,rect2x3_hole_3,859,31123,0.0009765625
haxs.stage5c2gR32A.g1-deterministic.v1,89bd5e9b58115b60bdad35f43f6437be,d4b6ea8eb69f51d998b36fce2b449726,limit_spin_density_zero_rect2x3,rect2x3_hole_3,860,31130,0.0009765625
haxs.stage5c2gR32A.g1-deterministic.v1,89bd5e9b58115b60bdad35f43f6437be,6fb44cc6100b57e89b1012184cdffdfa,limit_spin_density_zero_rect2x3,rect2x3_hole_3,861,31131,0.0009765625
haxs.stage5c2gR32A.g1-deterministic.v1,89bd5e9b58115b60bdad35f43f6437be,f2751950b6ea5788b1d3e251d7105ba1,limit_spin_density_zero_rect2x3,rect2x3_hole_3,862,31132,0.0009765625
haxs.stage5c2gR32A.g1-deterministic.v1,89bd5e9b58115b60bdad35f43f6437be,279e4066fb4557bc97c61d6998dcf59f,limit_spin_density_zero_rect2x3,rect2x3_hole_3,863,31133,0.0009765625
haxs.stage5c2gR32A.g1-deterministic.v1,89bd5e9b58115b60bdad35f43f6437be,66a585e491695a56b6b85e6f17dc02f1,limit_spin_density_zero_rect2x3,rect2x3_hole_3,864,31200,0.0009765625
haxs.stage5c2gR32A.g1-deterministic.v1,89bd5e9b58115b60bdad35f43f6437be,1b693ebb66c85e29a32c8559b0e40c7e,limit_spin_density_zero_rect2x3,rect2x3_hole_3,865,31201,0.0009765625
haxs.stage5c2gR32A.g1-deterministic.v1,89bd5e9b58115b60bdad35f43f6437be,b72f261911e85f83bbaf4a2ccaeab6ad,limit_spin_density_zero_rect2x3,rect2x3_hole_3,866,31202,0.0009765625
haxs.stage5c2gR32A.g1-deterministic.v1,89bd5e9b58115b60bdad35f43f6437be,1bcf05d8e1f15441ac1294ab969bd215,limit_spin_density_zero_rect2x3,rect2x3_hole_3,867,31203,0.0009765625
haxs.stage5c2gR32A.g1-deterministic.v1,89bd5e9b58115b60bdad35f43f6437be,6c97fb7bcb505ab1a34019b1a8c142f5,limit_spin_density_zero_rect2x3,rect2x3_hole_3,868,31210,0.0009765625
haxs.stage5c2gR32A.g1-deterministic.v1,89bd5e9b58115b60bdad35f43f6437be,e79ff8e3d8605526869d3b3bf36ebfb9,limit_spin_density_zero_rect2x3,rect2x3_hole_3,869,31211,0.0009765625
haxs.stage5c2gR32A.g1-deterministic.v1,89bd5e9b58115b60bdad35f43f6437be,bbe0531dfcda53f19d76f7460f4e5c84,limit_spin_density_zero_rect2x3,rect2x3_hole_3,870,31212,0.0009765625
haxs.stage5c2gR32A.g1-deterministic.v1,89bd5e9b58115b60bdad35f43f6437be,538ade8bfd4d535a8137802e2d76f513,limit_spin_density_zero_rect2x3,rect2x3_hole_3,871,31213,0.0009765625
haxs.stage5c2gR32A.g1-deterministic.v1,89bd5e9b58115b60bdad35f43f6437be,c780a5b53e5f53f0bc48d80eddddad91,limit_spin_density_zero_rect2x3,rect2x3_hole_3,872,31220,0.0009765625
haxs.stage5c2gR32A.g1-deterministic.v1,89bd5e9b58115b60bdad35f43f6437be,ddc123bdcf965810a1be5531436d41fd,limit_spin_density_zero_rect2x3,rect2x3_hole_3,873,31221,0.0009765625
haxs.stage5c2gR32A.g1-deterministic.v1,89bd5e9b58115b60bdad35f43f6437be,e38bd2bc603f55b4961f879d4143db8c,limit_spin_density_zero_rect2x3,rect2x3_hole_3,874,31222,0.0009765625
haxs.stage5c2gR32A.g1-deterministic.v1,89bd5e9b58115b60bdad35f43f6437be,35825ce8a682536d912038d4930187fe,limit_spin_density_zero_rect2x3,rect2x3_hole_3,875,31223,0.0009765625
haxs.stage5c2gR32A.g1-deterministic.v1,89bd5e9b58115b60bdad35f43f6437be,c3411f7918e25cb5b776ef69e4a0f487,limit_spin_density_zero_rect2x3,rect2x3_hole_3,876,31230,0.0009765625
haxs.stage5c2gR32A.g1-deterministic.v1,89bd5e9b58115b60bdad35f43f6437be,93a2524a86f056938aa7975b07755b94,limit_spin_density_zero_rect2x3,rect2x3_hole_3,877,31231,0.0009765625
haxs.stage5c2gR32A.g1-deterministic.v1,89bd5e9b58115b60bdad35f43f6437be,bc685300033c5d9089c7f31ff8172de2,limit_spin_density_zero_rect2x3,rect2x3_hole_3,878,31232,0.0009765625
haxs.stage5c2gR32A.g1-deterministic.v1,89bd5e9b58115b60bdad35f43f6437be,68963de8230e56ff9cf00e065e78b0ea,limit_spin_density_zero_rect2x3,rect2x3_hole_3,879,31233,0.0009765625
haxs.stage5c2gR32A.g1-deterministic.v1,89bd5e9b58115b60bdad35f43f6437be,2102176312aa5a908ac335ce5c11ad7b,limit_spin_density_zero_rect2x3,rect2x3_hole_3,880,31300,0.0009765625
haxs.stage5c2gR32A.g1-deterministic.v1,89bd5e9b58115b60bdad35f43f6437be,95f8255adf5958a2a226729f5ef19a67,limit_spin_density_zero_rect2x3,rect2x3_hole_3,881,31301,0.0009765625
haxs.stage5c2gR32A.g1-deterministic.v1,89bd5e9b58115b60bdad35f43f6437be,64a742a94f8858a0aa89696c34d03195,limit_spin_density_zero_rect2x3,rect2x3_hole_3,882,31302,0.0009765625
haxs.stage5c2gR32A.g1-deterministic.v1,89bd5e9b58115b60bdad35f43f6437be,ed21fa8c0d635824ab8c02bf6f291333,limit_spin_density_zero_rect2x3,rect2x3_hole_3,883,31303,0.0009765625
haxs.stage5c2gR32A.g1-deterministic.v1,89bd5e9b58115b60bdad35f43f6437be,220f2c2bcc365eb5b9217f634eb644fa,limit_spin_density_zero_rect2x3,rect2x3_hole_3,884,31310,0.0009765625
haxs.stage5c2gR32A.g1-deterministic.v1,89bd5e9b58115b60bdad35f43f6437be,2a9212e95cd85a658878c353d50606d9,limit_spin_density_zero_rect2x3,rect2x3_hole_3,885,31311,0.0009765625
haxs.stage5c2gR32A.g1-deterministic.v1,89bd5e9b58115b60bdad35f43f6437be,ecf5010451365e6fb781659aec6b9c66,limit_spin_density_zero_rect2x3,rect2x3_hole_3,886,31312,0.0009765625
haxs.stage5c2gR32A.g1-deterministic.v1,89bd5e9b58115b60bdad35f43f6437be,c77349cb1f80582cb4693a4abc3929cd,limit_spin_density_zero_rect2x3,rect2x3_hole_3,887,31313,0.0009765625
haxs.stage5c2gR32A.g1-deterministic.v1,89bd5e9b58115b60bdad35f43f6437be,abec9dc625e85054adc729f7710abc00,limit_spin_density_zero_rect2x3,rect2x3_hole_3,888,31320,0.0009765625
haxs.stage5c2gR32A.g1-deterministic.v1,89bd5e9b58115b60bdad35f43f6437be,3d58cec913825733b370c1959ce63081,limit_spin_density_zero_rect2x3,rect2x3_hole_3,889,31321,0.0009765625
haxs.stage5c2gR32A.g1-deterministic.v1,89bd5e9b58115b60bdad35f43f6437be,e9c367b712275d59a13d598c576a2a78,limit_spin_density_zero_rect2x3,rect2x3_hole_3,890,31322,0.0009765625
haxs.stage5c2gR32A.g1-deterministic.v1,89bd5e9b58115b60bdad35f43f6437be,485e162a4d5f5050bc28b2beee81c43c,limit_spin_density_zero_rect2x3,rect2x3_hole_3,891,31323,0.0009765625
haxs.stage5c2gR32A.g1-deterministic.v1,89bd5e9b58115b60bdad35f43f6437be,9b76702fa2c95dcf899acd9b2f18dc0a,limit_spin_density_zero_rect2x3,rect2x3_hole_3,892,31330,0.0009765625
haxs.stage5c2gR32A.g1-deterministic.v1,89bd5e9b58115b60bdad35f43f6437be,4ec7ecf757545bba9594f3eeba8e5f1f,limit_spin_density_zero_rect2x3,rect2x3_hole_3,893,31331,0.0009765625
haxs.stage5c2gR32A.g1-deterministic.v1,89bd5e9b58115b60bdad35f43f6437be,1cdc471ede3b546f8a427b722b6e8499,limit_spin_density_zero_rect2x3,rect2x3_hole_3,894,31332,0.0009765625
haxs.stage5c2gR32A.g1-deterministic.v1,89bd5e9b58115b60bdad35f43f6437be,56d7f707d7a2558c9c0a2ba5e36c1b58,limit_spin_density_zero_rect2x3,rect2x3_hole_3,895,31333,0.0009765625
haxs.stage5c2gR32A.g1-deterministic.v1,89bd5e9b58115b60bdad35f43f6437be,67ac89ad6913522abb24205452ae5887,limit_spin_density_zero_rect2x3,rect2x3_hole_3,896,32000,0.0009765625
haxs.stage5c2gR32A.g1-deterministic.v1,89bd5e9b58115b60bdad35f43f6437be,65cc610b6e695078809d08b8f7531f08,limit_spin_density_zero_rect2x3,rect2x3_hole_3,897,32001,0.0009765625
haxs.stage5c2gR32A.g1-deterministic.v1,89bd5e9b58115b60bdad35f43f6437be,3d7e24d334b15adf9ebe34f245519031,limit_spin_density_zero_rect2x3,rect2x3_hole_3,898,32002,0.0009765625
haxs.stage5c2gR32A.g1-deterministic.v1,89bd5e9b58115b60bdad35f43f6437be,3fbe14aba8d752108af60f1db2cfbdf3,limit_spin_density_zero_rect2x3,rect2x3_hole_3,899,32003,0.0009765625
haxs.stage5c2gR32A.g1-deterministic.v1,89bd5e9b58115b60bdad35f43f6437be,6e63e94308795cb4ac3c768d98a2bff3,limit_spin_density_zero_rect2x3,rect2x3_hole_3,900,32010,0.0009765625
haxs.stage5c2gR32A.g1-deterministic.v1,89bd5e9b58115b60bdad35f43f6437be,5b96288347335c55b029827431c72251,limit_spin_density_zero_rect2x3,rect2x3_hole_3,901,32011,0.0009765625
haxs.stage5c2gR32A.g1-deterministic.v1,89bd5e9b58115b60bdad35f43f6437be,1922e67686be5fe0b78fcffa3cd3375d,limit_spin_density_zero_rect2x3,rect2x3_hole_3,902,32012,0.0009765625
haxs.stage5c2gR32A.g1-deterministic.v1,89bd5e9b58115b60bdad35f43f6437be,06f80d7239e853dd8321bffca7ff0fd9,limit_spin_density_zero_rect2x3,rect2x3_hole_3,903,32013,0.0009765625
haxs.stage5c2gR32A.g1-deterministic.v1,89bd5e9b58115b60bdad35f43f6437be,e50fe96e6ebb5f5aa93cb21b9034fceb,limit_spin_density_zero_rect2x3,rect2x3_hole_3,904,32020,0.0009765625
haxs.stage5c2gR32A.g1-deterministic.v1,89bd5e9b58115b60bdad35f43f6437be,f36e38f939a958de8845218d22e1648e,limit_spin_density_zero_rect2x3,rect2x3_hole_3,905,32021,0.0009765625
haxs.stage5c2gR32A.g1-deterministic.v1,89bd5e9b58115b60bdad35f43f6437be,1d9c06fe381354c99edb3dc323ac37fc,limit_spin_density_zero_rect2x3,rect2x3_hole_3,906,32022,0.0009765625
haxs.stage5c2gR32A.g1-deterministic.v1,89bd5e9b58115b60bdad35f43f6437be,caa1a60663e25ed99cec22457cbccd77,limit_spin_density_zero_rect2x3,rect2x3_hole_3,907,32023,0.0009765625
haxs.stage5c2gR32A.g1-deterministic.v1,89bd5e9b58115b60bdad35f43f6437be,618eafe363de5e4da15e6d006f5c484d,limit_spin_density_zero_rect2x3,rect2x3_hole_3,908,32030,0.0009765625
haxs.stage5c2gR32A.g1-deterministic.v1,89bd5e9b58115b60bdad35f43f6437be,d2e95b29cc6d509d9f54b829c1ddba5d,limit_spin_density_zero_rect2x3,rect2x3_hole_3,909,32031,0.0009765625
haxs.stage5c2gR32A.g1-deterministic.v1,89bd5e9b58115b60bdad35f43f6437be,9ef696e759ba5cacb688461758b3b7b3,limit_spin_density_zero_rect2x3,rect2x3_hole_3,910,32032,0.0009765625
haxs.stage5c2gR32A.g1-deterministic.v1,89bd5e9b58115b60bdad35f43f6437be,07ffdbfece84579dba402f1ea50d59ac,limit_spin_density_zero_rect2x3,rect2x3_hole_3,911,32033,0.0009765625
haxs.stage5c2gR32A.g1-deterministic.v1,89bd5e9b58115b60bdad35f43f6437be,892a2de2894957869817345d5e0253a1,limit_spin_density_zero_rect2x3,rect2x3_hole_3,912,32100,0.0009765625
haxs.stage5c2gR32A.g1-deterministic.v1,89bd5e9b58115b60bdad35f43f6437be,2abf0c9af2375ba1b219055a4fe65da0,limit_spin_density_zero_rect2x3,rect2x3_hole_3,913,32101,0.0009765625
haxs.stage5c2gR32A.g1-deterministic.v1,89bd5e9b58115b60bdad35f43f6437be,6948dcf3a50d56dabdb44ae0620dbb47,limit_spin_density_zero_rect2x3,rect2x3_hole_3,914,32102,0.0009765625
haxs.stage5c2gR32A.g1-deterministic.v1,89bd5e9b58115b60bdad35f43f6437be,dfee7992d3885eb4a038ffd0c5540b4f,limit_spin_density_zero_rect2x3,rect2x3_hole_3,915,32103,0.0009765625
haxs.stage5c2gR32A.g1-deterministic.v1,89bd5e9b58115b60bdad35f43f6437be,4a27d9c5e667570eb65568d411f887d3,limit_spin_density_zero_rect2x3,rect2x3_hole_3,916,32110,0.0009765625
haxs.stage5c2gR32A.g1-deterministic.v1,89bd5e9b58115b60bdad35f43f6437be,40701527546c527a85477bad292207af,limit_spin_density_zero_rect2x3,rect2x3_hole_3,917,32111,0.0009765625
haxs.stage5c2gR32A.g1-deterministic.v1,89bd5e9b58115b60bdad35f43f6437be,7f50c0aa72835c08bfd20fa4c151930d,limit_spin_density_zero_rect2x3,rect2x3_hole_3,918,32112,0.0009765625
haxs.stage5c2gR32A.g1-deterministic.v1,89bd5e9b58115b60bdad35f43f6437be,bd5ec560e25e55bd8119694919f792c3,limit_spin_density_zero_rect2x3,rect2x3_hole_3,919,32113,0.0009765625
haxs.stage5c2gR32A.g1-deterministic.v1,89bd5e9b58115b60bdad35f43f6437be,33a7f280681b51c3add0803a2168b09b,limit_spin_density_zero_rect2x3,rect2x3_hole_3,920,32120,0.0009765625
haxs.stage5c2gR32A.g1-deterministic.v1,89bd5e9b58115b60bdad35f43f6437be,6bb204c91fd158a381a4f88c7e9977e0,limit_spin_density_zero_rect2x3,rect2x3_hole_3,921,32121,0.0009765625
haxs.stage5c2gR32A.g1-deterministic.v1,89bd5e9b58115b60bdad35f43f6437be,3d3af37e3b0350f6a4cfadcb890528db,limit_spin_density_zero_rect2x3,rect2x3_hole_3,922,32122,0.0009765625
haxs.stage5c2gR32A.g1-deterministic.v1,89bd5e9b58115b60bdad35f43f6437be,497bdd26324c5dc596f9c19b17d20678,limit_spin_density_zero_rect2x3,rect2x3_hole_3,923,32123,0.0009765625
haxs.stage5c2gR32A.g1-deterministic.v1,89bd5e9b58115b60bdad35f43f6437be,0ae508a537e65ca2b9a90bd5dcb1c7d2,limit_spin_density_zero_rect2x3,rect2x3_hole_3,924,32130,0.0009765625
haxs.stage5c2gR32A.g1-deterministic.v1,89bd5e9b58115b60bdad35f43f6437be,f931236bba94525ca86868cb8e3026bf,limit_spin_density_zero_rect2x3,rect2x3_hole_3,925,32131,0.0009765625
haxs.stage5c2gR32A.g1-deterministic.v1,89bd5e9b58115b60bdad35f43f6437be,b8cd47efe1a6534a9a056d21ed486fc5,limit_spin_density_zero_rect2x3,rect2x3_hole_3,926,32132,0.0009765625
haxs.stage5c2gR32A.g1-deterministic.v1,89bd5e9b58115b60bdad35f43f6437be,024d59552c26576083078c39c1dd410e,limit_spin_density_zero_rect2x3,rect2x3_hole_3,927,32133,0.0009765625
haxs.stage5c2gR32A.g1-deterministic.v1,89bd5e9b58115b60bdad35f43f6437be,1f0cdd3f2b905da4b053165bc9e5c259,limit_spin_density_zero_rect2x3,rect2x3_hole_3,928,32200,0.0009765625
haxs.stage5c2gR32A.g1-deterministic.v1,89bd5e9b58115b60bdad35f43f6437be,4eba986f88db5397beab312e3cd6bbc1,limit_spin_density_zero_rect2x3,rect2x3_hole_3,929,32201,0.0009765625
haxs.stage5c2gR32A.g1-deterministic.v1,89bd5e9b58115b60bdad35f43f6437be,735bbc4d53975f32a7476799a9871550,limit_spin_density_zero_rect2x3,rect2x3_hole_3,930,32202,0.0009765625
haxs.stage5c2gR32A.g1-deterministic.v1,89bd5e9b58115b60bdad35f43f6437be,0f1ed19d595c588f85afc09f6b93f234,limit_spin_density_zero_rect2x3,rect2x3_hole_3,931,32203,0.0009765625
haxs.stage5c2gR32A.g1-deterministic.v1,89bd5e9b58115b60bdad35f43f6437be,872d54e117f559fb8716983b4264f2d3,limit_spin_density_zero_rect2x3,rect2x3_hole_3,932,32210,0.0009765625
haxs.stage5c2gR32A.g1-deterministic.v1,89bd5e9b58115b60bdad35f43f6437be,df364af52cbb5383addd8e280e4051e0,limit_spin_density_zero_rect2x3,rect2x3_hole_3,933,32211,0.0009765625
haxs.stage5c2gR32A.g1-deterministic.v1,89bd5e9b58115b60bdad35f43f6437be,7a05169429af5b488b28adf7cee3d780,limit_spin_density_zero_rect2x3,rect2x3_hole_3,934,32212,0.0009765625
haxs.stage5c2gR32A.g1-deterministic.v1,89bd5e9b58115b60bdad35f43f6437be,1a255d583aa3527eadc207007390de87,limit_spin_density_zero_rect2x3,rect2x3_hole_3,935,32213,0.0009765625
haxs.stage5c2gR32A.g1-deterministic.v1,89bd5e9b58115b60bdad35f43f6437be,6b5a59d8b6b3558ebd40a4da187e99ec,limit_spin_density_zero_rect2x3,rect2x3_hole_3,936,32220,0.0009765625
haxs.stage5c2gR32A.g1-deterministic.v1,89bd5e9b58115b60bdad35f43f6437be,b84d9f3354225fb5b8ea55750f0448af,limit_spin_density_zero_rect2x3,rect2x3_hole_3,937,32221,0.0009765625
haxs.stage5c2gR32A.g1-deterministic.v1,89bd5e9b58115b60bdad35f43f6437be,5da4005296995d7a87ad1472791f7fd8,limit_spin_density_zero_rect2x3,rect2x3_hole_3,938,32222,0.0009765625
haxs.stage5c2gR32A.g1-deterministic.v1,89bd5e9b58115b60bdad35f43f6437be,e60577daf63c587e8cba7e447f796c32,limit_spin_density_zero_rect2x3,rect2x3_hole_3,939,32223,0.0009765625
haxs.stage5c2gR32A.g1-deterministic.v1,89bd5e9b58115b60bdad35f43f6437be,9e98090f6f3b569693fe4fa51db04f14,limit_spin_density_zero_rect2x3,rect2x3_hole_3,940,32230,0.0009765625
haxs.stage5c2gR32A.g1-deterministic.v1,89bd5e9b58115b60bdad35f43f6437be,d40a857de6af55cbacc7304bdf8c00f0,limit_spin_density_zero_rect2x3,rect2x3_hole_3,941,32231,0.0009765625
haxs.stage5c2gR32A.g1-deterministic.v1,89bd5e9b58115b60bdad35f43f6437be,221672bbbda25d6eabe6fe1c0b067e86,limit_spin_density_zero_rect2x3,rect2x3_hole_3,942,32232,0.0009765625
haxs.stage5c2gR32A.g1-deterministic.v1,89bd5e9b58115b60bdad35f43f6437be,80ffd96a662e5f269709dda250727bb0,limit_spin_density_zero_rect2x3,rect2x3_hole_3,943,32233,0.0009765625
haxs.stage5c2gR32A.g1-deterministic.v1,89bd5e9b58115b60bdad35f43f6437be,d92f16f789cc5b92924a6d6873b0baf0,limit_spin_density_zero_rect2x3,rect2x3_hole_3,944,32300,0.0009765625
haxs.stage5c2gR32A.g1-deterministic.v1,89bd5e9b58115b60bdad35f43f6437be,3d7e8d8bedcf5bec8a3a152fb29a9ff5,limit_spin_density_zero_rect2x3,rect2x3_hole_3,945,32301,0.0009765625
haxs.stage5c2gR32A.g1-deterministic.v1,89bd5e9b58115b60bdad35f43f6437be,86e03254e9de5478a8dc10dc50ebc623,limit_spin_density_zero_rect2x3,rect2x3_hole_3,946,32302,0.0009765625
haxs.stage5c2gR32A.g1-deterministic.v1,89bd5e9b58115b60bdad35f43f6437be,37b4bff345ec559b994d8c6237d26888,limit_spin_density_zero_rect2x3,rect2x3_hole_3,947,32303,0.0009765625
haxs.stage5c2gR32A.g1-deterministic.v1,89bd5e9b58115b60bdad35f43f6437be,68ea4c9d5f785f2abbb478f038598dc4,limit_spin_density_zero_rect2x3,rect2x3_hole_3,948,32310,0.0009765625
haxs.stage5c2gR32A.g1-deterministic.v1,89bd5e9b58115b60bdad35f43f6437be,67d65e5282015572a55f6a79b1a14ced,limit_spin_density_zero_rect2x3,rect2x3_hole_3,949,32311,0.0009765625
haxs.stage5c2gR32A.g1-deterministic.v1,89bd5e9b58115b60bdad35f43f6437be,81cac8c813c25ff4befd4e79ac8e6871,limit_spin_density_zero_rect2x3,rect2x3_hole_3,950,32312,0.0009765625
haxs.stage5c2gR32A.g1-deterministic.v1,89bd5e9b58115b60bdad35f43f6437be,c4e39bd223535f17b6a1a265e2400db4,limit_spin_density_zero_rect2x3,rect2x3_hole_3,951,32313,0.0009765625
haxs.stage5c2gR32A.g1-deterministic.v1,89bd5e9b58115b60bdad35f43f6437be,11fb129b32965ae88f2c1dca5cbdfeaf,limit_spin_density_zero_rect2x3,rect2x3_hole_3,952,32320,0.0009765625
haxs.stage5c2gR32A.g1-deterministic.v1,89bd5e9b58115b60bdad35f43f6437be,1a6f541a1036511caca7e6f4ad61cc5c,limit_spin_density_zero_rect2x3,rect2x3_hole_3,953,32321,0.0009765625
haxs.stage5c2gR32A.g1-deterministic.v1,89bd5e9b58115b60bdad35f43f6437be,6cb7c369aa79548cb102e9ca946b2642,limit_spin_density_zero_rect2x3,rect2x3_hole_3,954,32322,0.0009765625
haxs.stage5c2gR32A.g1-deterministic.v1,89bd5e9b58115b60bdad35f43f6437be,6ddff13cb2e65c02b152811bdbd819d4,limit_spin_density_zero_rect2x3,rect2x3_hole_3,955,32323,0.0009765625
haxs.stage5c2gR32A.g1-deterministic.v1,89bd5e9b58115b60bdad35f43f6437be,a9965898d924527d96c23919440ff7eb,limit_spin_density_zero_rect2x3,rect2x3_hole_3,956,32330,0.0009765625
haxs.stage5c2gR32A.g1-deterministic.v1,89bd5e9b58115b60bdad35f43f6437be,5e7dbeb5476d5851bf5346477d23058d,limit_spin_density_zero_rect2x3,rect2x3_hole_3,957,32331,0.0009765625
haxs.stage5c2gR32A.g1-deterministic.v1,89bd5e9b58115b60bdad35f43f6437be,46aa3a4f28485cd1856eb1ff5f896617,limit_spin_density_zero_rect2x3,rect2x3_hole_3,958,32332,0.0009765625
haxs.stage5c2gR32A.g1-deterministic.v1,89bd5e9b58115b60bdad35f43f6437be,379e293e3ac65c37895912cb86bde101,limit_spin_density_zero_rect2x3,rect2x3_hole_3,959,32333,0.0009765625
haxs.stage5c2gR32A.g1-deterministic.v1,89bd5e9b58115b60bdad35f43f6437be,669fea9e49d75edab8257a77e7b3834d,limit_spin_density_zero_rect2x3,rect2x3_hole_3,960,33000,0.0009765625
haxs.stage5c2gR32A.g1-deterministic.v1,89bd5e9b58115b60bdad35f43f6437be,8ba8dc95318f5a42b890720f67c95c3a,limit_spin_density_zero_rect2x3,rect2x3_hole_3,961,33001,0.0009765625
haxs.stage5c2gR32A.g1-deterministic.v1,89bd5e9b58115b60bdad35f43f6437be,a05fb80243f259dab24753bc3b0a8e9e,limit_spin_density_zero_rect2x3,rect2x3_hole_3,962,33002,0.0009765625
haxs.stage5c2gR32A.g1-deterministic.v1,89bd5e9b58115b60bdad35f43f6437be,b2d944b101c55c98a50c1bdf771ee97f,limit_spin_density_zero_rect2x3,rect2x3_hole_3,963,33003,0.0009765625
haxs.stage5c2gR32A.g1-deterministic.v1,89bd5e9b58115b60bdad35f43f6437be,897602c37537514b92748bf68870a308,limit_spin_density_zero_rect2x3,rect2x3_hole_3,964,33010,0.0009765625
haxs.stage5c2gR32A.g1-deterministic.v1,89bd5e9b58115b60bdad35f43f6437be,c7e7aef6d95a513a855727f81c662c8f,limit_spin_density_zero_rect2x3,rect2x3_hole_3,965,33011,0.0009765625
haxs.stage5c2gR32A.g1-deterministic.v1,89bd5e9b58115b60bdad35f43f6437be,4834996b74c65ae9830290135029f2d1,limit_spin_density_zero_rect2x3,rect2x3_hole_3,966,33012,0.0009765625
haxs.stage5c2gR32A.g1-deterministic.v1,89bd5e9b58115b60bdad35f43f6437be,dc857c1ea73c551b932615a742886252,limit_spin_density_zero_rect2x3,rect2x3_hole_3,967,33013,0.0009765625
haxs.stage5c2gR32A.g1-deterministic.v1,89bd5e9b58115b60bdad35f43f6437be,575cd0c8a2ea5327abc6e7e415cd7004,limit_spin_density_zero_rect2x3,rect2x3_hole_3,968,33020,0.0009765625
haxs.stage5c2gR32A.g1-deterministic.v1,89bd5e9b58115b60bdad35f43f6437be,89327a2773fe5fb89603beccbabafae3,limit_spin_density_zero_rect2x3,rect2x3_hole_3,969,33021,0.0009765625
haxs.stage5c2gR32A.g1-deterministic.v1,89bd5e9b58115b60bdad35f43f6437be,c1585a410e115a15b534368e07aefd79,limit_spin_density_zero_rect2x3,rect2x3_hole_3,970,33022,0.0009765625
haxs.stage5c2gR32A.g1-deterministic.v1,89bd5e9b58115b60bdad35f43f6437be,b17b5f76e9e150d6871992bc9b56f639,limit_spin_density_zero_rect2x3,rect2x3_hole_3,971,33023,0.0009765625
haxs.stage5c2gR32A.g1-deterministic.v1,89bd5e9b58115b60bdad35f43f6437be,3e4b7f98dfe0543ba5719bd954de281f,limit_spin_density_zero_rect2x3,rect2x3_hole_3,972,33030,0.0009765625
haxs.stage5c2gR32A.g1-deterministic.v1,89bd5e9b58115b60bdad35f43f6437be,60b8074a975757cd8e915232f7a61b73,limit_spin_density_zero_rect2x3,rect2x3_hole_3,973,33031,0.0009765625
haxs.stage5c2gR32A.g1-deterministic.v1,89bd5e9b58115b60bdad35f43f6437be,2583eb5eb243537a8224bd39840d5369,limit_spin_density_zero_rect2x3,rect2x3_hole_3,974,33032,0.0009765625
haxs.stage5c2gR32A.g1-deterministic.v1,89bd5e9b58115b60bdad35f43f6437be,b934a4bca9f35a04aed4d6ca3bed7845,limit_spin_density_zero_rect2x3,rect2x3_hole_3,975,33033,0.0009765625
haxs.stage5c2gR32A.g1-deterministic.v1,89bd5e9b58115b60bdad35f43f6437be,cf215fe8e934512eb0f6bd8ad135c5c8,limit_spin_density_zero_rect2x3,rect2x3_hole_3,976,33100,0.0009765625
haxs.stage5c2gR32A.g1-deterministic.v1,89bd5e9b58115b60bdad35f43f6437be,baf2a6a390885970ae7ee3145cd754a5,limit_spin_density_zero_rect2x3,rect2x3_hole_3,977,33101,0.0009765625
haxs.stage5c2gR32A.g1-deterministic.v1,89bd5e9b58115b60bdad35f43f6437be,4901935c4f8455c9b7283a27868ca42f,limit_spin_density_zero_rect2x3,rect2x3_hole_3,978,33102,0.0009765625
haxs.stage5c2gR32A.g1-deterministic.v1,89bd5e9b58115b60bdad35f43f6437be,2e764c0aeb235af9925546069d703baf,limit_spin_density_zero_rect2x3,rect2x3_hole_3,979,33103,0.0009765625
haxs.stage5c2gR32A.g1-deterministic.v1,89bd5e9b58115b60bdad35f43f6437be,288df99d142b55da81e537d3e33eefde,limit_spin_density_zero_rect2x3,rect2x3_hole_3,980,33110,0.0009765625
haxs.stage5c2gR32A.g1-deterministic.v1,89bd5e9b58115b60bdad35f43f6437be,dd9d17aef6bc519bab4e2397b03f9d76,limit_spin_density_zero_rect2x3,rect2x3_hole_3,981,33111,0.0009765625
haxs.stage5c2gR32A.g1-deterministic.v1,89bd5e9b58115b60bdad35f43f6437be,4d0281f4c4d25a9e8096dab0596209d3,limit_spin_density_zero_rect2x3,rect2x3_hole_3,982,33112,0.0009765625
haxs.stage5c2gR32A.g1-deterministic.v1,89bd5e9b58115b60bdad35f43f6437be,ed2a1291fd595e4297705d8be2b9c27f,limit_spin_density_zero_rect2x3,rect2x3_hole_3,983,33113,0.0009765625
haxs.stage5c2gR32A.g1-deterministic.v1,89bd5e9b58115b60bdad35f43f6437be,d6bc6f159e5c5603b4830bcec4b98e24,limit_spin_density_zero_rect2x3,rect2x3_hole_3,984,33120,0.0009765625
haxs.stage5c2gR32A.g1-deterministic.v1,89bd5e9b58115b60bdad35f43f6437be,25ffc8fdefc4536f80ca06a84a89dce8,limit_spin_density_zero_rect2x3,rect2x3_hole_3,985,33121,0.0009765625
haxs.stage5c2gR32A.g1-deterministic.v1,89bd5e9b58115b60bdad35f43f6437be,432f73e3b65e5f9ab4fa99242f6e35fa,limit_spin_density_zero_rect2x3,rect2x3_hole_3,986,33122,0.0009765625
haxs.stage5c2gR32A.g1-deterministic.v1,89bd5e9b58115b60bdad35f43f6437be,4d69fbe1b1f75bb49e35a18f36d1121f,limit_spin_density_zero_rect2x3,rect2x3_hole_3,987,33123,0.0009765625
haxs.stage5c2gR32A.g1-deterministic.v1,89bd5e9b58115b60bdad35f43f6437be,29ec4cdbb9b45cb1bf38431fa039f594,limit_spin_density_zero_rect2x3,rect2x3_hole_3,988,33130,0.0009765625
haxs.stage5c2gR32A.g1-deterministic.v1,89bd5e9b58115b60bdad35f43f6437be,8912ed0f7f6350b2ab38bbe31a0c44a4,limit_spin_density_zero_rect2x3,rect2x3_hole_3,989,33131,0.0009765625
haxs.stage5c2gR32A.g1-deterministic.v1,89bd5e9b58115b60bdad35f43f6437be,802edcf5bd45574d8bbfb6647b00aa19,limit_spin_density_zero_rect2x3,rect2x3_hole_3,990,33132,0.0009765625
haxs.stage5c2gR32A.g1-deterministic.v1,89bd5e9b58115b60bdad35f43f6437be,dfa9ade9dee75c1bb15e47958200c29b,limit_spin_density_zero_rect2x3,rect2x3_hole_3,991,33133,0.0009765625
haxs.stage5c2gR32A.g1-deterministic.v1,89bd5e9b58115b60bdad35f43f6437be,143fbbcad5f751b2800e23b39698f310,limit_spin_density_zero_rect2x3,rect2x3_hole_3,992,33200,0.0009765625
haxs.stage5c2gR32A.g1-deterministic.v1,89bd5e9b58115b60bdad35f43f6437be,f9cb923ccdd253809dcc258c2fba9d69,limit_spin_density_zero_rect2x3,rect2x3_hole_3,993,33201,0.0009765625
haxs.stage5c2gR32A.g1-deterministic.v1,89bd5e9b58115b60bdad35f43f6437be,2338ebe578995e45a4a3393cbc994c61,limit_spin_density_zero_rect2x3,rect2x3_hole_3,994,33202,0.0009765625
haxs.stage5c2gR32A.g1-deterministic.v1,89bd5e9b58115b60bdad35f43f6437be,d0a098acbffd5679a0e55a60ccaf8f66,limit_spin_density_zero_rect2x3,rect2x3_hole_3,995,33203,0.0009765625
haxs.stage5c2gR32A.g1-deterministic.v1,89bd5e9b58115b60bdad35f43f6437be,0c3f1fb4ef80546fb5d77e0fbe3e7eff,limit_spin_density_zero_rect2x3,rect2x3_hole_3,996,33210,0.0009765625
haxs.stage5c2gR32A.g1-deterministic.v1,89bd5e9b58115b60bdad35f43f6437be,39457a72966e52d99712c74959dc56a9,limit_spin_density_zero_rect2x3,rect2x3_hole_3,997,33211,0.0009765625
haxs.stage5c2gR32A.g1-deterministic.v1,89bd5e9b58115b60bdad35f43f6437be,5383265d63085c709f4f04ef70ba0050,limit_spin_density_zero_rect2x3,rect2x3_hole_3,998,33212,0.0009765625
haxs.stage5c2gR32A.g1-deterministic.v1,89bd5e9b58115b60bdad35f43f6437be,cc835d6e12d3535d9fb7f60d151ca942,limit_spin_density_zero_rect2x3,rect2x3_hole_3,999,33213,0.0009765625
haxs.stage5c2gR32A.g1-deterministic.v1,89bd5e9b58115b60bdad35f43f6437be,d53ec6aa104b5b96a603ad079d3c63bc,limit_spin_density_zero_rect2x3,rect2x3_hole_3,1000,33220,0.0009765625
haxs.stage5c2gR32A.g1-deterministic.v1,89bd5e9b58115b60bdad35f43f6437be,467e1114deed5512b99039ca03df41e1,limit_spin_density_zero_rect2x3,rect2x3_hole_3,1001,33221,0.0009765625
haxs.stage5c2gR32A.g1-deterministic.v1,89bd5e9b58115b60bdad35f43f6437be,09f969199ed55faebb638fa51c107364,limit_spin_density_zero_rect2x3,rect2x3_hole_3,1002,33222,0.0009765625
haxs.stage5c2gR32A.g1-deterministic.v1,89bd5e9b58115b60bdad35f43f6437be,28fca407128f564d86edfe014a40ead9,limit_spin_density_zero_rect2x3,rect2x3_hole_3,1003,33223,0.0009765625
haxs.stage5c2gR32A.g1-deterministic.v1,89bd5e9b58115b60bdad35f43f6437be,2961bbad426d534289eb7f0a3edf23da,limit_spin_density_zero_rect2x3,rect2x3_hole_3,1004,33230,0.0009765625
haxs.stage5c2gR32A.g1-deterministic.v1,89bd5e9b58115b60bdad35f43f6437be,d65755363ffa5fcb9615495a104a41a6,limit_spin_density_zero_rect2x3,rect2x3_hole_3,1005,33231,0.0009765625
haxs.stage5c2gR32A.g1-deterministic.v1,89bd5e9b58115b60bdad35f43f6437be,8caca49069565c0cb017f6dc228ccd97,limit_spin_density_zero_rect2x3,rect2x3_hole_3,1006,33232,0.0009765625
haxs.stage5c2gR32A.g1-deterministic.v1,89bd5e9b58115b60bdad35f43f6437be,7268262c83f35eb792524a4b7327f226,limit_spin_density_zero_rect2x3,rect2x3_hole_3,1007,33233,0.0009765625
haxs.stage5c2gR32A.g1-deterministic.v1,89bd5e9b58115b60bdad35f43f6437be,9b0bf07e6f62519f945c254d0514eb79,limit_spin_density_zero_rect2x3,rect2x3_hole_3,1008,33300,0.0009765625
haxs.stage5c2gR32A.g1-deterministic.v1,89bd5e9b58115b60bdad35f43f6437be,23597cac46735472b18b4f05424f3b46,limit_spin_density_zero_rect2x3,rect2x3_hole_3,1009,33301,0.0009765625
haxs.stage5c2gR32A.g1-deterministic.v1,89bd5e9b58115b60bdad35f43f6437be,1775d3d1bcb7560290bfd5c3665c1190,limit_spin_density_zero_rect2x3,rect2x3_hole_3,1010,33302,0.0009765625
haxs.stage5c2gR32A.g1-deterministic.v1,89bd5e9b58115b60bdad35f43f6437be,3b77fbd5f2ca5614adbcb0de410b6c8a,limit_spin_density_zero_rect2x3,rect2x3_hole_3,1011,33303,0.0009765625
haxs.stage5c2gR32A.g1-deterministic.v1,89bd5e9b58115b60bdad35f43f6437be,295a4e6a55f65e0485bb9dd5b30452db,limit_spin_density_zero_rect2x3,rect2x3_hole_3,1012,33310,0.0009765625
haxs.stage5c2gR32A.g1-deterministic.v1,89bd5e9b58115b60bdad35f43f6437be,1c6d13bbef535015a2158290b6730a37,limit_spin_density_zero_rect2x3,rect2x3_hole_3,1013,33311,0.0009765625
haxs.stage5c2gR32A.g1-deterministic.v1,89bd5e9b58115b60bdad35f43f6437be,41ebd89a50465ecfbf721248fa9712b2,limit_spin_density_zero_rect2x3,rect2x3_hole_3,1014,33312,0.0009765625
haxs.stage5c2gR32A.g1-deterministic.v1,89bd5e9b58115b60bdad35f43f6437be,2f5d27313ffb58e7b1bbf1bc7b4c9511,limit_spin_density_zero_rect2x3,rect2x3_hole_3,1015,33313,0.0009765625
haxs.stage5c2gR32A.g1-deterministic.v1,89bd5e9b58115b60bdad35f43f6437be,4c85ce14ef535a5ab5e04a24fd3d888a,limit_spin_density_zero_rect2x3,rect2x3_hole_3,1016,33320,0.0009765625
haxs.stage5c2gR32A.g1-deterministic.v1,89bd5e9b58115b60bdad35f43f6437be,90bec5a05003530c890762723b3f3ecb,limit_spin_density_zero_rect2x3,rect2x3_hole_3,1017,33321,0.0009765625
haxs.stage5c2gR32A.g1-deterministic.v1,89bd5e9b58115b60bdad35f43f6437be,4d2c937b74aa5a17a7552bbaf23e173d,limit_spin_density_zero_rect2x3,rect2x3_hole_3,1018,33322,0.0009765625
haxs.stage5c2gR32A.g1-deterministic.v1,89bd5e9b58115b60bdad35f43f6437be,b98222dccf2f59c0aba8a7bff4a6cc50,limit_spin_density_zero_rect2x3,rect2x3_hole_3,1019,33323,0.0009765625
haxs.stage5c2gR32A.g1-deterministic.v1,89bd5e9b58115b60bdad35f43f6437be,0459cf683b745004948fe93f1a1e0919,limit_spin_density_zero_rect2x3,rect2x3_hole_3,1020,33330,0.0009765625
haxs.stage5c2gR32A.g1-deterministic.v1,89bd5e9b58115b60bdad35f43f6437be,f00d46c75301562b953e8b67c8773bac,limit_spin_density_zero_rect2x3,rect2x3_hole_3,1021,33331,0.0009765625
haxs.stage5c2gR32A.g1-deterministic.v1,89bd5e9b58115b60bdad35f43f6437be,47edaf8321155fafb11487ea92d7610a,limit_spin_density_zero_rect2x3,rect2x3_hole_3,1022,33332,0.0009765625
haxs.stage5c2gR32A.g1-deterministic.v1,89bd5e9b58115b60bdad35f43f6437be,395407efaa8050ddb114dc3a59e68840,limit_spin_density_zero_rect2x3,rect2x3_hole_3,1023,33333,0.0009765625
