schema_version,case_id,occupancy_id,substeps,method,label,time,Sx,Sy,Sz,xi2,xi2_db,min_var,spin_length,N_eff,active_bonds,hole_spin_covariance
haxs.stage5c2gR32A.g1-deterministic.v1,limit_hopping_zero_chain6,chain6_hole_2,1,surrogate,static_only,0.0,2.5,0.0,0.0,1.0009775171065494,0.004243229276517941,1.2512218963831867,1.0,5.0,3.0,0.0
haxs.stage5c2gR32A.g1-deterministic.v1,limit_hopping_zero_chain6,chain6_hole_2,1,surrogate,static_only,0.031818181818181815,2.4998396088525787,1.0755285551056204e-16,2.2551405187698492e-17,0.9888017914148957,-0.04890755442052232,1.235843649302171,0.9999358435410315,5.0,3.0,1.8822954383428892e-19
haxs.stage5c2gR32A.g1-deterministic.v1,limit_hopping_zero_chain6,chain6_hole_2,1,surrogate,static_only,0.06363636363636363,2.49935856062606,-1.1058862159352145e-16,2.862293735361732e-17,0.9771043416947491,-0.10059056954045506,1.2207537543260616,0.9997434242504241,5.0,3.0,-2.258754526011472e-20
haxs.stage5c2gR32A.g1-deterministic.v1,limit_hopping_zero_chain6,chain6_hole_2,1,surrogate,static_only,0.09545454545454544,2.498557232985019,9.8879238130678e-17,2.992397996059992e-17,0.9658660016129007,-0.15083120786068155,1.2059393845129325,0.9994228931940077,5.0,3.0,-3.6742406956453205e-19
haxs.stage5c2gR32A.g1-deterministic.v1,limit_hopping_zero_chain6,chain6_hole_2,1,surrogate,static_only,0.12727272727272726,2.497436261446767,4.9439619065339e-17,4.336808689942018e-19,0.9550675312356399,-0.199659190905077,1.1913871260788287,0.9989745045787067,5.0,3.0,-1.9425288923698627e-19
haxs.stage5c2gR32A.g1-deterministic.v1,limit_hopping_zero_chain6,chain6_hole_2,1,surrogate,static_only,0.15909090909090906,2.4959965484135225,-1.2533377113932431e-16,4.336808689942018e-17,0.944689678739396,-0.24710829526839315,1.1770831072574748,0.998398619365409,5.0,3.0,-1.5510114411945409e-19
haxs.stage5c2gR32A.g1-deterministic.v1,limit_hopping_zero_chain6,chain6_hole_2,1,surrogate,static_only,0.1909090909090909,2.494239275644392,-1.1709383462843448e-17,3.122502256758253e-17,0.9347132369571692,-0.293216069981482,1.1630131247552467,0.9976957102577568,5.0,3.0,3.583890514604861e-19
haxs.stage5c2gR32A.g1-deterministic.v1,limit_hopping_zero_chain6,chain6_hole_2,1,surrogate,static_only,0.22272727272727272,2.4921659199740414,7.892991815694472e-17,-1.8648277366750676e-17,0.9251190951794975,-0.3380235477459475,1.1491627673808573,0.9968663679896166,5.0,3.0,-6.143812310751192e-19
haxs.stage5c2gR32A.g1-deterministic.v1,limit_hopping_zero_chain6,chain6_hole_2,1,surrogate,static_only,0.2545454545454545,2.489778272005315,8.890457814381136e-17,3.252606517456513e-17,0.9158882868263146,-0.38157495080622433,1.1355175366750847,0.995911308802126,5.0,3.0,-8.297158292215457e-19
haxs.stage5c2gR32A.g1-deterministic.v1,limit_hopping_zero_chain6,chain6_hole_2,1,surrogate,static_only,0.2863636363636363,2.4870784574092077,9.150666335777657e-17,-2.168404344971009e-18,0.9070020337817474,-0.42391739114987426,1.1220629645657474,0.9948313829636831,5.0,3.0,3.9754079657801837e-19
haxs.stage5c2gR32A.g1-deterministic.v1,limit_hopping_zero_chain6,chain6_hole_2,1,surrogate,static_only,0.3181818181818181,2.4840689603601036,2.42861286636753e-17,-1.1449174941446927e-16,0.8984417883277924,-0.4651005637026124,1.1087847282158638,0.9936275841440414,5.0,3.0,-1.5058363506743112e-20
haxs.stage5c2gR32A.g1-deterministic.v1,limit_hopping_zero_chain6,chain6_hole_2,1,surrogate,static_only,0.35,2.4807526485202493,8.977193988179977e-17,3.469446951953614e-18,0.8901892737156555,-0.5051764302829677,1.095668762309488,0.9923010594080998,5.0,3.0,-1.260385025514399e-18
haxs.stage5c2gR32A.g1-deterministic.v1,limit_hopping_zero_chain6,chain6_hole_2,1,surrogate,static_only,0.3818181818181818,2.4771327988712084,-5.377642775528102e-17,2.168404344971009e-17,0.8822265244654494,-0.5441988913774021,1.0827013690237854,0.9908531195484833,5.0,3.0,-1.8070036208091741e-19
haxs.stage5c2gR32A.g1-deterministic.v1,limit_hopping_zero_chain6,chain6_hole_2,1,surrogate,static_only,0.4136363636363636,2.4732131235774446,7.632783294297951e-17,-3.469446951953614e-18,0.8745359274781439,-0.5822234423561838,1.0698693258644039,0.9892852494309778,5.0,3.0,-1.1203422449016882e-18
haxs.stage5c2gR32A.g1-deterministic.v1,limit_hopping_zero_chain6,chain6_hole_2,1,surrogate,static_only,0.44545454545454544,2.4689977949649333,5.0306980803327406e-17,-7.37257477290143e-18,0.867100264972553,-0.6193068106285572,1.057159991395455,0.9875991179859733,5.0,3.0,5.466185952947752e-19
haxs.stage5c2gR32A.g1-deterministic.v1,limit_hopping_zero_chain6,chain6_hole_2,1,surrogate,static_only,0.47727272727272724,2.464491468615273,4.119968255444917e-18,-6.938893903907228e-18,0.8599027601199526,-0.6555065704830754,1.044561408681104,0.9857965874461092,5.0,3.0,4.381983780462247e-19
haxs.stage5c2gR32A.g1-deterministic.v1,limit_hopping_zero_chain6,chain6_hole_2,1,surrogate,static_only,0.509090909090909,2.459699303517102,-5.637851296924623e-18,3.3393426912553537e-17,0.8529271260423132,-0.6908807329870406,1.0320624059836119,0.9838797214068409,5.0,3.0,-3.749532513179037e-19
haxs.stage5c2gR32A.g1-deterministic.v1,limit_hopping_zero_chain6,chain6_hole_2,1,surrogate,static_only,0.5409090909090909,2.454626978188542,1.1384122811097797e-16,-1.5178830414797062e-17,0.8461576185711475,-0.725487309329073,1.0196526939483197,0.9818507912754167,5.0,3.0,4.110933237340872e-19
haxs.stage5c2gR32A.g1-deterministic.v1,limit_hopping_zero_chain6,chain6_hole_2,1,surrogate,static_only,0.5727272727272726,2.4492807016933877,-1.3010426069826053e-18,4.423544863740858e-17,0.8395790928402637,-0.7593838473608548,1.0073229581693588,0.979712280677355,5.0,3.0,1.807003620809174e-20
haxs.stage5c2gR32A.g1-deterministic.v1,limit_hopping_zero_chain6,chain6_hole_2,1,surrogate,static_only,0.6045454545454545,2.443667218519027,1.1666015375944028e-16,-2.6020852139652106e-18,0.8331770634235763,-0.7926269427600188,0.9950649456947361,0.9774668874076108,5.0,3.0,5.571594497494953e-19
haxs.stage5c2gR32A.g1-deterministic.v1,limit_hopping_zero_chain6,chain6_hole_2,1,surrogate,static_only,0.6363636363636362,2.437793806371183,2.45029690981724e-17,6.938893903907228e-18,0.8269377673427256,-0.8252717281337405,0.9828715437218395,0.9751175225484732,5.0,3.0,5.451127589441009e-19
haxs.stage5c2gR32A.g1-deterministic.v1,limit_hopping_zero_chain6,chain6_hole_2,1,surrogate,static_only,0.6681818181818181,2.431668266066925,6.288372600415926e-18,1.3877787807814457e-17,0.8208482288808212,-0.8573713454040931,0.9707368484815692,0.97266730642677,5.0,3.0,-1.7618285302889447e-19
haxs.stage5c2gR32A.g1-deterministic.v1,limit_hopping_zero_chain6,chain6_hole_2,1,surrogate,static_only,0.7,2.425298902873333,8.500145032286355e-17,3.165870343657673e-17,0.8148963247689539,-0.88897640885573,0.9586562221372844,0.9701195611493333,5.0,3.0,5.3758357719072925e-19
haxs.stage5c2gR32A.g1-deterministic.v1,limit_hopping_zero_chain6,chain6_hole_2,1,surrogate,static_only,0.7318181818181817,2.418694498840662,-3.0791341698588326e-17,4.336808689942018e-18,0.8090708479848041,-0.9201344681585633,0.9466263354566455,0.9674777995362648,5.0,3.0,-5.149960319306147e-19
haxs.stage5c2gR32A.g1-deterministic.v1,limit_hopping_zero_chain6,chain6_hole_2,1,surrogate,static_only,0.7636363636363636,2.411864275913081,5.2909066017292616e-17,-3.686287386450715e-17,0.8033615681384865,-0.950889482386652,0.9346451940682403,0.9647457103652324,5.0,3.0,-5.345719044893807e-19
haxs.stage5c2gR32A.g1-deterministic.v1,limit_hopping_zero_chain6,chain6_hole_2,1,surrogate,static_only,0.7954545454545454,2.4048178498593575,3.642919299551295e-17,1.3877787807814457e-17,0.7977592862404806,-0.9812813174175297,0.9227121463016658,0.961927139943743,5.0,3.0,-9.577119190288623e-19
haxs.stage5c2gR32A.g1-deterministic.v1,limit_hopping_zero_chain6,chain6_hole_2,1,surrogate,static_only,0.8272727272727272,2.397565175344377,-8.673617379884035e-18,-1.214306433183765e-17,0.7922558815644114,-1.0113452800198834,0.9108278709317413,0.9590260701377508,5.0,3.0,1.7166534397687158e-19
haxs.stage5c2gR32A.g1-deterministic.v1,limit_hopping_zero_chain6,chain6_hole_2,1,surrogate,static_only,0.859090909090909,2.390116482750311,-4.119968255444917e-18,-2.1250362580715887e-17,0.7868443483446844,-1.0411117023390044,0.898994343597988,0.9560465931001245,5.0,3.0,1.340194352100137e-19
haxs.stage5c2gR32A.g1-deterministic.v1,limit_hopping_zero_chain6,chain6_hole_2,1,surrogate,static_only,0.8909090909090909,2.3824822076419565,-1.6046192152785466e-17,4.336808689942018e-19,0.7815188201903014,-1.0706055903138403,0.8872147812325263,0.9529928830567826,5.0,3.0,4.0808165103273847e-19
haxs.stage5c2gR32A.g1-deterministic.v1,limit_hopping_zero_chain6,chain6_hole_2,1,surrogate,static_only,0.9227272727272726,2.3746729140448695,2.0383000842727483e-17,-2.6020852139652106e-17,0.7762745803475669,-1.0998463487939072,0.8754935644776518,0.9498691656179478,5.0,3.0,-2.1141942363467336e-18
haxs.stage5c2gR32A.g1-deterministic.v1,limit_hopping_zero_chain6,chain6_hole_2,1,surrogate,static_only,0.9545454545454545,2.3666992129512,2.3852447794681098e-17,2.8189256484623115e-17,0.7711080562990464,-1.1288475947666845,0.8638361387755589,0.94667968518048,5.0,3.0,-1.957587255876608e-20
haxs.stage5c2gR32A.g1-deterministic.v1,limit_hopping_zero_chain6,chain6_hole_2,1,surrogate,static_only,0.9863636363636362,2.358571677677163,5.2475385148298415e-17,-1.0148132334464322e-16,0.7660167976263013,-1.1576170682114866,0.8522488955289952,0.9434286710708651,5.0,3.0,4.306691962928531e-19
haxs.stage5c2gR32A.g1-deterministic.v1,limit_hopping_zero_chain6,chain6_hole_2,1,surrogate,static_only,1.018181818181818,2.350300757853439,2.6020852139652106e-18,4.9439619065339e-17,0.7609994365705682,-1.1861566477263839,0.8407390354230675,0.9401203031413756,5.0,3.0,-8.0863412031210555e-19
haxs.stage5c2gR32A.g1-deterministic.v1,limit_hopping_zero_chain6,chain6_hole_2,1,surrogate,static_only,1.0499999999999998,2.3418966939263925,3.252606517456513e-17,9.75781955236954e-17,0.7560556312732555,-1.2144624753304787,0.8293144166260329,0.936758677570557,5.0,3.0,-3.7796492401925234e-19
haxs.stage5c2gR32A.g1-deterministic.v1,limit_hopping_zero_chain6,chain6_hole_2,1,surrogate,static_only,1.0818181818181818,2.3333694340759346,-1.0842021724855044e-17,-6.418476861114186e-17,0.7511859922404601,-1.2425251918362905,0.8179833911160855,0.9333477736303738,5.0,3.0,-1.2197274440461927e-19
haxs.stage5c2gR32A.g1-deterministic.v1,limit_hopping_zero_chain6,chain6_hole_2,1,surrogate,static_only,1.1136363636363635,2.324728555410441,-6.722053469410127e-17,3.209238430557093e-17,0.7463919931261891,-1.2703302810368509,0.8067546327842584,0.9298914221641764,5.0,3.0,5.60171122450844e-19
haxs.stage5c2gR32A.g1-deterministic.v1,limit_hopping_zero_chain6,chain6_hole_2,1,surrogate,static_only,1.1454545454545453,2.3159831911813233,-3.469446951953614e-17,6.071532165918825e-18,0.7416758674416507,-1.2978585177886526,0.7956369612219226,0.9263932764725293,5.0,3.0,5.767353223082614e-19
haxs.stage5c2gR32A.g1-deterministic.v1,limit_hopping_zero_chain6,chain6_hole_2,1,surrogate,static_only,1.1772727272727272,2.307141965572009,7.676151381197371e-17,7.806255641895632e-18,0.7370404932522548,-1.3250865120077282,0.7846391652066114,0.9228567862288036,5.0,3.0,5.601711224508441e-19
haxs.stage5c2gR32A.g1-deterministic.v1,limit_hopping_zero_chain6,chain6_hole_2,1,surrogate,static_only,1.209090909090909,2.2982129373688824,1.0408340855860843e-17,-3.122502256758253e-17,0.7324892683008476,-1.3519873377503417,0.7737698298536453,0.919285174947553,5.0,3.0,7.755057205972706e-19
haxs.stage5c2gR32A.g1-deterministic.v1,limit_hopping_zero_chain6,chain6_hole_2,1,surrogate,static_only,1.2409090909090907,2.2892035535243727,-5.919743861770854e-17,-6.938893903907228e-18,0.7280259782851277,-1.3785312340044495,0.7630371712146065,0.9156814214097491,5.0,3.0,-9.035018104045873e-21
haxs.stage5c2gR32A.g1-deterministic.v1,limit_hopping_zero_chain6,chain6_hole_2,1,surrogate,static_only,1.2727272727272725,2.2801206132929646,1.8431436932253575e-17,2.47198095326695e-17,0.7236546612106942,-1.4046863616602188,0.7524488817959694,0.9120482453171859,5.0,3.0,6.972022303622062e-19
haxs.stage5c2gR32A.g1-deterministic.v1,limit_hopping_zero_chain6,chain6_hole_2,1,surrogate,static_only,1.3045454545454545,2.270970243273812,7.806255641895632e-17,-9.974659986866641e-18,0.7193794708395002,-1.430419599402726,0.7420119900668654,0.9083880973095247,5.0,3.0,4.954201593718485e-19
haxs.stage5c2gR32A.g1-deterministic.v1,limit_hopping_zero_chain6,chain6_hole_2,1,surrogate,static_only,1.3363636363636362,2.2617578833485354,-9.86623976961809e-18,2.3418766925686896e-17,0.7152045422590554,-1.4556973600215708,0.73173273655158,0.9047031533394142,5.0,3.0,1.1143188994989906e-18
haxs.stage5c2gR32A.g1-deterministic.v1,limit_hopping_zero_chain6,chain6_hole_2,1,surrogate,static_only,1.368181818181818,2.252488283176261,4.380176776841438e-17,-8.673617379884035e-19,0.7111338625188286,-1.480486407874849,0.721616468588495,0.9009953132705044,5.0,3.0,-8.88443446897844e-19
haxs.stage5c2gR32A.g1-deterministic.v1,limit_hopping_zero_chain6,chain6_hole_2,1,surrogate,static_only,1.4,2.243165508615971,5.561957144850638e-17,5.074066167232161e-17,0.707171149126965,-1.5047546579835716,0.7116675553092969,0.8972662034463884,5.0,3.0,1.987703982890092e-19
haxs.stage5c2gR32A.g1-deterministic.v1,limit_hopping_zero_chain6,chain6_hole_2,2,surrogate,static_only,0.0,2.5,0.0,0.0,1.0009775171065494,0.004243229276517941,1.2512218963831867,1.0,5.0,3.0,0.0
haxs.stage5c2gR32A.g1-deterministic.v1,limit_hopping_zero_chain6,chain6_hole_2,2,surrogate,static_only,0.031818181818181815,2.499839608819422,-8.847089727481716e-17,0.0,0.9888017912449955,-0.0489075551667459,1.2358436490570397,0.9999358435277689,5.0,3.0,1.1399181174604542e-18
haxs.stage5c2gR32A.g1-deterministic.v1,limit_hopping_zero_chain6,chain6_hole_2,2,surrogate,static_only,0.06363636363636363,2.4993585605539854,6.938893903907228e-17,-2.211772431870429e-17,0.977104341368521,-0.10059057099044441,1.220753753848079,0.9997434242215941,5.0,3.0,3.8248243307127507e-19
haxs.stage5c2gR32A.g1-deterministic.v1,limit_hopping_zero_chain6,chain6_hole_2,2,surrogate,static_only,0.09545454545454544,2.498557232868252,1.474514954580286e-17,-1.97758476261356e-16,0.965866001143369,-0.1508312099718962,1.2059393838139787,0.9994228931473008,5.0,3.0,-3.071906155375596e-19
haxs.stage5c2gR32A.g1-deterministic.v1,limit_hopping_zero_chain6,chain6_hole_2,2,surrogate,static_only,0.12727272727272726,2.497436261279356,-4.0766001685454967e-17,-4.90059381963448e-17,0.9550675306354245,-0.19965919363441542,1.1913871251703727,0.9989745045117424,5.0,3.0,-3.3881317890172014e-19
haxs.stage5c2gR32A.g1-deterministic.v1,limit_hopping_zero_chain6,chain6_hole_2,2,surrogate,static_only,0.15909090909090906,2.4959965481893733,-7.37257477290143e-17,-2.862293735361732e-17,0.9446896780206853,-0.2471082985724635,1.177083106150549,0.9983986192757494,5.0,3.0,3.91517451175321e-19
haxs.stage5c2gR32A.g1-deterministic.v1,limit_hopping_zero_chain6,chain6_hole_2,2,surrogate,static_only,0.1909090909090909,2.494239275357138,4.8138576458356397e-17,-1.474514954580286e-17,0.9347132361318166,-0.2932160738163064,1.1630131234604233,0.9976957101428552,5.0,3.0,-7.212956119729953e-19
haxs.stage5c2gR32A.g1-deterministic.v1,limit_hopping_zero_chain6,chain6_hole_2,2,surrogate,static_only,0.22272727272727272,2.4921659196169568,3.9898639947466563e-17,-1.1709383462843448e-17,0.9251190942590546,-0.3380235520669403,1.1491627659081927,0.9968663678467827,5.0,3.0,-4.517509052022935e-21
haxs.stage5c2gR32A.g1-deterministic.v1,limit_hopping_zero_chain6,chain6_hole_2,2,surrogate,static_only,0.2545454545454545,2.4897782715712533,9.6710833785707e-17,-5.551115123125783e-17,0.9158882858220326,-0.381574955568313,1.1355175350340503,0.9959113086285013,5.0,3.0,-3.6140072416183483e-19
haxs.stage5c2gR32A.g1-deterministic.v1,limit_hopping_zero_chain6,chain6_hole_2,2,surrogate,static_only,0.2863636363636363,2.4870784568905084,1.9081958235744878e-17,6.5052130349130266e-18,0.9070020327045675,-0.4239173963076718,1.1220629627651257,0.9948313827562034,5.0,3.0,1.3688052427629495e-18
haxs.stage5c2gR32A.g1-deterministic.v1,limit_hopping_zero_chain6,chain6_hole_2,2,surrogate,static_only,0.3181818181818181,2.484068959748502,-1.196959198423997e-16,2.168404344971009e-18,0.8984417871883146,-0.46510056921069254,1.108784726263625,0.9936275838994009,5.0,3.0,-4.171166691367843e-19
haxs.stage5c2gR32A.g1-deterministic.v1,limit_hopping_zero_chain6,chain6_hole_2,2,surrogate,static_only,0.35,2.4807526478068116,4.5102810375396984e-17,-8.239936510889834e-18,0.8901892725240648,-0.5051764360963524,1.0956687602126411,0.9923010591227246,5.0,3.0,2.153345981464266e-19
haxs.stage5c2gR32A.g1-deterministic.v1,limit_hopping_zero_chain6,chain6_hole_2,2,surrogate,static_only,0.3818181818181818,2.4771327980463664,-1.3964523981613297e-16,2.3418766925686896e-17,0.8822265232313489,-0.5441988974525201,1.08270136678821,0.9908531192185466,5.0,3.0,-4.276575235915046e-19
haxs.stage5c2gR32A.g1-deterministic.v1,limit_hopping_zero_chain6,chain6_hole_2,2,surrogate,static_only,0.4136363636363636,2.473213122630813,-3.0791341698588326e-17,3.903127820947816e-18,0.8745359262105331,-0.5822234486511382,1.0698693234946708,0.9892852490523252,5.0,3.0,-1.290501752527885e-18
haxs.stage5c2gR32A.g1-deterministic.v1,limit_hopping_zero_chain6,chain6_hole_2,2,surrogate,static_only,0.44545454545454544,2.4689977938854364,-6.201636426617085e-17,2.6020852139652106e-18,0.8671002636795841,-0.6193068171045006,1.057159988894656,0.9875991175541745,5.0,3.0,-3.76459087668578e-19
haxs.stage5c2gR32A.g1-deterministic.v1,limit_hopping_zero_chain6,chain6_hole_2,2,surrogate,static_only,0.47727272727272724,2.46449146739118,-6.938893903907228e-18,1.3444106938820255e-17,0.8599027588087599,-0.6555065771052633,1.0445614060506905,0.9857965869564721,5.0,3.0,-1.6564199857417425e-19
haxs.stage5c2gR32A.g1-deterministic.v1,limit_hopping_zero_chain6,chain6_hole_2,2,surrogate,static_only,0.509090909090909,2.4596993021360314,-3.5561831257524545e-17,1.8214596497756474e-17,0.8529271247188857,-0.6908807397256855,1.0320624032232688,0.9838797208544126,5.0,3.0,3.869999421232981e-19
haxs.stage5c2gR32A.g1-deterministic.v1,limit_hopping_zero_chain6,chain6_hole_2,2,surrogate,static_only,0.5409090909090909,2.454626976637639,7.39425881635114e-17,-1.734723475976807e-18,0.846157617240118,-0.7254873161606462,1.0196526910558865,0.9818507906550555,5.0,3.0,-1.9877039828900914e-19
haxs.stage5c2gR32A.g1-deterministic.v1,limit_hopping_zero_chain6,chain6_hole_2,2,surrogate,static_only,0.5727272727272726,2.4492806999594214,-2.7321894746634712e-17,2.6020852139652106e-17,0.8395790915048036,-0.7593838542688751,1.0073229551408134,0.9797122799837685,5.0,3.0,7.634590297918761e-19
haxs.stage5c2gR32A.g1-deterministic.v1,limit_hopping_zero_chain6,chain6_hole_2,2,surrogate,static_only,0.6045454545454545,2.4436672165886466,7.719519468096792e-17,2.0816681711721685e-17,0.8331770620852497,-0.7926269497360617,0.9950649425242627,0.9774668866354587,5.0,3.0,5.993228675683759e-19
haxs.stage5c2gR32A.g1-deterministic.v1,limit_hopping_zero_chain6,chain6_hole_2,2,surrogate,static_only,0.6363636363636362,2.4377938042310596,5.204170427930421e-18,-2.0816681711721685e-17,0.8269377660014954,-0.825271735177667,0.9828715404019834,0.9751175216924238,5.0,3.0,3.614007241618349e-20
haxs.stage5c2gR32A.g1-deterministic.v1,limit_hopping_zero_chain6,chain6_hole_2,2,surrogate,static_only,0.6681818181818181,2.431668263704111,-6.7220534694101275e-18,-1.8214596497756474e-17,0.8208482275349989,-0.8573713525245716,0.9707368450034974,0.9726673054816445,5.0,3.0,-2.0061770254033706e-36
haxs.stage5c2gR32A.g1-deterministic.v1,limit_hopping_zero_chain6,chain6_hole_2,2,surrogate,static_only,0.7,2.425298900275437,9.974659986866641e-18,-2.5153490401663703e-17,0.8148963234153699,-0.8889764160695811,0.9586562184911493,0.9701195601101749,5.0,3.0,2.0328790734103206e-19
haxs.stage5c2gR32A.g1-deterministic.v1,limit_hopping_zero_chain6,chain6_hole_2,2,surrogate,static_only,0.7318181818181817,2.4186944959962533,-7.28583859910259e-17,-1.1319070680748666e-16,0.8090708466189094,-0.9201344754904371,0.9466263316320422,0.9674777983985013,5.0,3.0,-3.6441239686318354e-19
haxs.stage5c2gR32A.g1-deterministic.v1,limit_hopping_zero_chain6,chain6_hole_2,2,surrogate,static_only,0.7636363636363636,2.411864272811974,1.734723475976807e-17,5.204170427930421e-17,0.8033615667546373,-0.9508894898676925,0.9346451900547648,0.9647457091247895,5.0,3.0,6.053462129710733e-19
haxs.stage5c2gR32A.g1-deterministic.v1,limit_hopping_zero_chain6,chain6_hole_2,2,surrogate,static_only,0.7954545454545454,2.404817846492907,2.168404344971009e-19,-8.673617379884035e-18,0.7977592848322859,-0.9812813250836419,0.9227121420895377,0.9619271385971627,5.0,3.0,1.3552527156068805e-20
haxs.stage5c2gR32A.g1-deterministic.v1,limit_hopping_zero_chain6,chain6_hole_2,2,surrogate,static_only,0.8272727272727272,2.3975651717059026,4.0766001685454967e-17,-4.9873299934333204e-17,0.7922558801250584,-1.0113452879100495,0.9108278665124782,0.9590260686823611,5.0,3.0,3.3580150620037157e-19
haxs.stage5c2gR32A.g1-deterministic.v1,limit_hopping_zero_chain6,chain6_hole_2,2,surrogate,static_only,0.859090909090909,2.3901164788352895,-3.0357660829594124e-18,-2.1250362580715887e-17,0.7868443468674614,-1.041111710492457,0.8989943389651008,0.9560465915341159,5.0,3.0,-1.656419985741744e-20
haxs.stage5c2gR32A.g1-deterministic.v1,limit_hopping_zero_chain6,chain6_hole_2,2,surrogate,static_only,0.8909090909090909,2.382482203448406,-6.071532165918825e-18,4.7704895589362195e-18,0.7815188186689985,-1.0706055987678074,0.8872147763821956,0.9529928813793624,5.0,3.0,3.76459087668578e-20
haxs.stage5c2gR32A.g1-deterministic.v1,limit_hopping_zero_chain6,chain6_hole_2,2,surrogate,static_only,0.9227272727272726,2.3746729095735435,5.2475385148298415e-17,-2.992397996059992e-17,0.7762745787769878,-1.0998463575806674,0.8754935594093566,0.9498691638294174,5.0,3.0,-5.782411586589357e-19
haxs.stage5c2gR32A.g1-deterministic.v1,limit_hopping_zero_chain6,chain6_hole_2,2,surrogate,static_only,0.9545454545454545,2.3666992082057585,-6.396792817664476e-17,-1.3444106938820255e-17,0.77110805467548,-1.1288476039107456,0.8638361334926181,0.9466796832823035,5.0,3.0,-4.5175090520229353e-20
haxs.stage5c2gR32A.g1-deterministic.v1,limit_hopping_zero_chain6,chain6_hole_2,2,surrogate,static_only,0.9863636363636362,2.3585716726643042,-4.206704429243757e-17,2.168404344971009e-17,0.766016795947941,-1.1576170777269774,0.8522488900389948,0.9434286690657216,5.0,3.0,9.818053006396512e-19
haxs.stage5c2gR32A.g1-deterministic.v1,limit_hopping_zero_chain6,chain6_hole_2,2,surrogate,static_only,1.018181818181818,2.350300752582941,-5.442694905877232e-17,-1.474514954580286e-17,0.7609994348378744,-1.186156657614688,0.8407390297381397,0.9401203010331765,5.0,3.0,9.667469371329084e-19
haxs.stage5c2gR32A.g1-deterministic.v1,limit_hopping_zero_chain6,chain6_hole_2,2,surrogate,static_only,1.0499999999999998,2.3418966884110355,-2.42861286636753e-17,3.5128150388530344e-17,0.7560556294892614,-1.2144624855781212,0.8293144107629713,0.9367586753644142,5.0,3.0,1.5961865317147715e-19
haxs.stage5c2gR32A.g1-deterministic.v1,limit_hopping_zero_chain6,chain6_hole_2,2,surrogate,static_only,1.0818181818181818,2.3333694283313764,-2.2768245622195593e-17,-2.0816681711721685e-17,0.7511859904109635,-1.2425252024134354,0.8179833850962934,0.9333477713325505,5.0,3.0,8.101399566627796e-19
haxs.stage5c2gR32A.g1-deterministic.v1,limit_hopping_zero_chain6,chain6_hole_2,2,surrogate,static_only,1.1136363636363635,2.3247285494549823,-4.4885969940899884e-17,1.5612511283791264e-17,0.7463919912598416,-1.2703302918963513,0.8067546266335078,0.929891419781993,5.0,3.0,-8.944667923005414e-19
haxs.stage5c2gR32A.g1-deterministic.v1,limit_hopping_zero_chain6,chain6_hole_2,2,surrogate,static_only,1.1454545454545453,2.315983185035587,-1.3877787807814457e-17,-2.0383000842727483e-17,0.741675865549951,-1.2978585288656577,0.7956369549699569,0.9263932740142348,5.0,3.0,-2.047937436917064e-19
haxs.stage5c2gR32A.g1-deterministic.v1,limit_hopping_zero_chain6,chain6_hole_2,2,surrogate,static_only,1.1772727272727272,2.3071419592585265,-1.6479873021779667e-17,1.951563910473908e-17,0.737040491349434,-1.3250865232199294,0.7846391588865823,0.9228567837034106,5.0,3.0,7.679765388438991e-19
haxs.stage5c2gR32A.g1-deterministic.v1,limit_hopping_zero_chain6,chain6_hole_2,2,surrogate,static_only,1.209090909090909,2.298212930911701,2.970713952610282e-17,1.5612511283791264e-17,0.7324892664036028,-1.3519873489991474,0.7737698235014285,0.9192851723646804,5.0,3.0,-6.972022303622062e-19
haxs.stage5c2gR32A.g1-deterministic.v1,limit_hopping_zero_chain6,chain6_hole_2,2,surrogate,static_only,1.2409090909090907,2.2892035469485235,4.119968255444917e-18,5.204170427930421e-17,0.7280259764123059,-1.3785312451765255,0.7630371648679963,0.9156814187794093,5.0,3.0,2.484629978612614e-19
haxs.stage5c2gR32A.g1-deterministic.v1,limit_hopping_zero_chain6,chain6_hole_2,2,surrogate,static_only,1.2727272727272725,2.280120606623914,-3.1008182133085427e-17,2.8189256484623115e-17,0.7236546593828924,-1.4046863726295977,0.7524488754938128,0.9120482426495655,5.0,3.0,-7.243072846743438e-19
haxs.stage5c2gR32A.g1-deterministic.v1,limit_hopping_zero_chain6,chain6_hole_2,2,surrogate,static_only,1.3045454545454545,2.2709702365369657,1.2934531917752068e-16,3.686287386450715e-17,0.7193794690785397,-1.4304196100337694,0.7420119838481374,0.9083880946147863,5.0,3.0,4.2464585089015603e-19
haxs.stage5c2gR32A.g1-deterministic.v1,limit_hopping_zero_chain6,chain6_hole_2,2,surrogate,static_only,1.3363636363636362,2.261757876568717,4.553649124439119e-18,1.6479873021779667e-17,0.7152045405874266,-1.455697370172222,0.7317327304544535,0.9047031506274867,5.0,3.0,3.5085986970711473e-19
haxs.stage5c2gR32A.g1-deterministic.v1,limit_hopping_zero_chain6,chain6_hole_2,2,surrogate,static_only,1.368181818181818,2.2524882763771745,9.64939933512099e-18,1.3877787807814457e-17,0.7111338609591077,-1.4804864174001748,0.7216164626494158,0.9009953105508698,5.0,3.0,7.604473570905276e-19
haxs.stage5c2gR32A.g1-deterministic.v1,limit_hopping_zero_chain6,chain6_hole_2,2,surrogate,static_only,1.4,2.2431655018197882,2.6454533008646308e-17,-1.734723475976807e-18,0.7071711477011497,-1.50475466673992,0.7116675495620969,0.8972662007279153,5.0,3.0,7.544240116878304e-19
haxs.stage5c2gR32A.g1-deterministic.v1,limit_hopping_zero_chain6,chain6_hole_2,4,surrogate,static_only,0.0,2.5,0.0,0.0,1.0009775171065494,0.004243229276517941,1.2512218963831867,1.0,5.0,3.0,0.0
haxs.stage5c2gR32A.g1-deterministic.v1,limit_hopping_zero_chain6,chain6_hole_2,4,surrogate,static_only,0.031818181818181815,2.499839608818288,-1.1362438767648086e-16,-6.071532165918825e-18,0.9888017912341978,-0.04890755521417077,1.235843649042423,0.9999358435273151,5.0,3.0,9.12536828508633e-19
haxs.stage5c2gR32A.g1-deterministic.v1,limit_hopping_zero_chain6,chain6_hole_2,4,surrogate,static_only,0.06363636363636363,2.49935856055137,2.6454533008646308e-17,-1.5178830414797062e-17,0.9771043413477735,-0.10059057108266108,1.2207537538196032,0.9997434242205481,5.0,3.0,-1.15949399001922e-18
haxs.stage5c2gR32A.g1-deterministic.v1,limit_hopping_zero_chain6,chain6_hole_2,4,surrogate,static_only,0.09545454545454544,2.49855723286378,-3.903127820947816e-18,-4.7704895589362195e-18,0.9658660011135073,-0.15083121010616699,1.2059393837723777,0.999422893145512,5.0,3.0,7.619531934412017e-19
haxs.stage5c2gR32A.g1-deterministic.v1,limit_hopping_zero_chain6,chain6_hole_2,4,surrogate,static_only,0.12727272727272726,2.497436261272666,-5.551115123125783e-17,-2.0816681711721685e-17,0.9550675305972385,-0.1996591938080573,1.1913871251163553,0.9989745045090664,5.0,3.0,-1.0480621000693209e-18
haxs.stage5c2gR32A.g1-deterministic.v1,limit_hopping_zero_chain6,chain6_hole_2,4,surrogate,static_only,0.15909090909090906,2.4959965481800723,1.6479873021779667e-17,-3.8163916471489756e-17,0.9446896779749587,-0.24710829878267837,1.1770831060848013,0.9983986192720289,5.0,3.0,-6.4750963078995395e-19
haxs.stage5c2gR32A.g1-deterministic.v1,limit_hopping_zero_chain6,chain6_hole_2,4,surrogate,static_only,0.1909090909090909,2.4942392753448086,4.9873299934333204e-17,3.3393426912553537e-17,0.9347132360793141,-0.29321607406024774,1.1630131233835996,0.9976957101379235,5.0,3.0,9.230776829633533e-19
haxs.stage5c2gR32A.g1-deterministic.v1,limit_hopping_zero_chain6,chain6_hole_2,4,surrogate,static_only,0.22272727272727272,2.492165919601191,2.5153490401663703e-17,2.862293735361732e-17,0.9251190942005019,-0.3380235523418143,1.1491627658209203,0.9968663678404764,5.0,3.0,-2.590038523159816e-19
haxs.stage5c2gR32A.g1-deterministic.v1,limit_hopping_zero_chain6,chain6_hole_2,4,surrogate,static_only,0.2545454545454545,2.489778271551576,1.1882855810441129e-16,-1.3010426069826053e-17,0.915888285758161,-0.38157495587117884,1.1355175349369138,0.9959113086206305,5.0,3.0,1.7467701667822012e-19
haxs.stage5c2gR32A.g1-deterministic.v1,limit_hopping_zero_chain6,chain6_hole_2,4,surrogate,static_only,0.2863636363636363,2.4870784568664432,-9.540979117872439e-18,-2.3852447794681098e-17,0.9070020326360706,-0.42391739663565137,1.1220629626586731,0.9948313827465773,5.0,3.0,-3.8398826942194957e-19
haxs.stage5c2gR32A.g1-deterministic.v1,limit_hopping_zero_chain6,chain6_hole_2,4,surrogate,static_only,0.3181818181818181,2.4840689597195325,-1.9949319973733282e-17,5.334274688628682e-17,0.8984417871158615,-0.46510056956092066,1.1087847261483474,0.993627583887813,5.0,3.0,3.975407965780183e-19
haxs.stage5c2gR32A.g1-deterministic.v1,limit_hopping_zero_chain6,chain6_hole_2,4,surrogate,static_only,0.35,2.4807526477723574,-1.222980050563649e-16,5.551115123125783e-17,0.8901892724483159,-0.5051764364659065,1.095668760088973,0.992301059108943,5.0,3.0,2.55992179614633e-20
haxs.stage5c2gR32A.g1-deterministic.v1,limit_hopping_zero_chain6,chain6_hole_2,4,surrogate,static_only,0.3818181818181818,2.4771327980058166,1.3097162243624894e-16,-9.584347204771859e-17,0.8822265231529193,-0.5441988978386063,1.0827013666565113,0.9908531192023267,5.0,3.0,-8.733850833911006e-20
haxs.stage5c2gR32A.g1-deterministic.v1,limit_hopping_zero_chain6,chain6_hole_2,4,surrogate,static_only,0.4136363636363636,2.473213122583514,3.426078865054194e-17,-9.107298248878237e-18,0.8745359261299926,-0.582223449051102,1.0698693233552194,0.9892852490334055,5.0,3.0,1.4154861696338526e-19
haxs.stage5c2gR32A.g1-deterministic.v1,limit_hopping_zero_chain6,chain6_hole_2,4,surrogate,static_only,0.44545454545454544,2.468997793830672,1.734723475976807e-18,-1.9081958235744878e-17,0.8671002635974626,-0.6193068175158133,1.0571599887476368,0.9875991175322689,5.0,3.0,3.2827232444700004e-19
haxs.stage5c2gR32A.g1-deterministic.v1,limit_hopping_zero_chain6,chain6_hole_2,4,surrogate,static_only,0.47727272727272724,2.4644914673282057,-1.3660947373317356e-17,-3.729655473350135e-17,0.8599027587255127,-0.6555065775257038,1.0445614058961838,0.9857965869312822,5.0,3.0,2.183462708477752e-19
haxs.stage5c2gR32A.g1-deterministic.v1,limit_hopping_zero_chain6,chain6_hole_2,4,surrogate,static_only,0.509090909090909,2.4596993020640516,1.235990476633475e-17,1.1275702593849246e-17,0.8529271246349043,-0.6908807401533029,1.0320624030612455,0.9838797208256207,5.0,3.0,2.1985210719844955e-19
haxs.stage5c2gR32A.g1-deterministic.v1,limit_hopping_zero_chain6,chain6_hole_2,4,surrogate,static_only,0.5409090909090909,2.454626976555844,1.3769367590565906e-16,3.686287386450715e-17,0.8461576171556947,-0.7254873165939525,1.019652690886198,0.9818507906223376,5.0,3.0,3.900116148246468e-19
haxs.stage5c2gR32A.g1-deterministic.v1,limit_hopping_zero_chain6,chain6_hole_2,4,surrogate,static_only,0.5727272727272726,2.449280699866981,-4.2500725161431774e-17,-5.0306980803327406e-17,0.83957909142014,-0.75938385470682,1.007322954963198,0.9797122799467924,5.0,3.0,-6.972022303622062e-19
haxs.stage5c2gR32A.g1-deterministic.v1,limit_hopping_zero_chain6,chain6_hole_2,4,surrogate,static_only,0.6045454545454545,2.4436672164846924,6.375108774214766e-17,-2.1250362580715887e-17,0.8331770620004649,-0.7926269501780031,0.9950649423383435,0.9774668865938769,5.0,3.0,4.0205830563004115e-19
haxs.stage5c2gR32A.g1-deterministic.v1,limit_hopping_zero_chain6,chain6_hole_2,4,surrogate,static_only,0.6363636363636362,2.4377938041147744,3.0357660829594124e-18,2.0816681711721685e-17,0.8269377659165763,-0.8252717356236484,0.9828715402072836,0.9751175216459098,5.0,3.0,-3.9754079657801837e-19
haxs.stage5c2gR32A.g1-deterministic.v1,limit_hopping_zero_chain6,chain6_hole_2,4,surrogate,static_only,0.6681818181818181,2.4316682635746534,4.5536491244391186e-17,-1.8214596497756474e-17,0.8208482274498627,-0.8573713529750099,0.9707368447994545,0.9726673054298614,5.0,3.0,-3.7796492401925225e-19
haxs.stage5c2gR32A.g1-deterministic.v1,limit_hopping_zero_chain6,chain6_hole_2,4,surrogate,static_only,0.7,2.4252989001320504,4.163336342344337e-17,-2.0816681711721685e-17,0.8148963233298068,-0.8889764165255849,0.9586562182771377,0.9701195600528202,5.0,3.0,-3.779649240192522e-19
haxs.stage5c2gR32A.g1-deterministic.v1,limit_hopping_zero_chain6,chain6_hole_2,4,surrogate,static_only,0.7318181818181817,2.418694495838207,-1.3660947373317356e-17,-2.0816681711721685e-17,0.8090708465326496,-0.920134475953464,0.9466263314074047,0.9674777983352827,5.0,3.0,-4.0657581468206416e-19
haxs.stage5c2gR32A.g1-deterministic.v1,limit_hopping_zero_chain6,chain6_hole_2,4,surrogate,static_only,0.7636363636363636,2.411864272638625,-2.6454533008646308e-17,-3.903127820947816e-18,0.803361566667338,-0.9508894903396294,0.934645189818847,0.96474570905545,5.0,3.0,-1.6564199857417427e-20
haxs.stage5c2gR32A.g1-deterministic.v1,limit_hopping_zero_chain6,chain6_hole_2,4,surrogate,static_only,0.7954545454545454,2.4048178463037226,1.6783449630075609e-16,-2.3852447794681098e-17,0.7977592847435511,-0.9812813255667079,0.922712141841727,0.961927138521489,5.0,3.0,1.3251359885933947e-19
haxs.stage5c2gR32A.g1-deterministic.v1,limit_hopping_zero_chain6,chain6_hole_2,4,surrogate,static_only,0.8272727272727272,2.3975651715004562,-5.074066167232161e-17,1.474514954580286e-17,0.7922558800344791,-1.0113452884065823,0.9108278662522454,0.9590260686001825,5.0,3.0,-6.12875394724445e-19
haxs.stage5c2gR32A.g1-deterministic.v1,limit_hopping_zero_chain6,chain6_hole_2,4,surrogate,static_only,0.859090909090909,2.390116478613307,-5.334274688628682e-17,6.071532165918825e-18,0.7868443467746256,-1.0411117110048593,0.8989943386920445,0.9560465914453229,5.0,3.0,1.822061984315917e-19
haxs.stage5c2gR32A.g1-deterministic.v1,limit_hopping_zero_chain6,chain6_hole_2,4,surrogate,static_only,0.8909090909090909,2.382482203209778,-4.423544863740858e-17,-7.806255641895632e-18,0.7815188185735249,-1.0706055992983599,0.8872147760960838,0.9529928812839111,5.0,3.0,3.5236570605778894e-19
haxs.stage5c2gR32A.g1-deterministic.v1,limit_hopping_zero_chain6,chain6_hole_2,4,surrogate,static_only,0.9227272727272726,2.374672909318321,3.5344990823027445e-17,3.0791341698588326e-17,0.7762745786785674,-1.0998463581312898,0.8754935591101659,0.9498691637273284,5.0,3.0,1.2347858075529358e-19
haxs.stage5c2gR32A.g1-deterministic.v1,limit_hopping_zero_chain6,chain6_hole_2,4,surrogate,static_only,0.9545454545454545,2.3666992079341864,1.973247953923618e-17,1.734723475976807e-17,0.7711080545738925,-1.128847604482895,0.8638361331805686,0.9466796831736746,5.0,3.0,-8.673617379884035e-19
haxs.stage5c2gR32A.g1-deterministic.v1,limit_hopping_zero_chain6,chain6_hole_2,4,surrogate,static_only,0.9863636363636362,2.3585716723768266,1.3444106938820255e-17,-2.0816681711721685e-17,0.7660167958430779,-1.1576170783215005,0.8522488897145721,0.9434286689507306,5.0,3.0,9.787936279383025e-19
haxs.stage5c2gR32A.g1-deterministic.v1,limit_hopping_zero_chain6,chain6_hole_2,4,surrogate,static_only,1.018181818181818,2.3503007522801695,9.020562075079397e-17,-1.6046192152785466e-17,0.7609994347297883,-1.1861566582315244,0.8407390294021156,0.9401203009120678,5.0,3.0,1.2046690805394487e-19
haxs.stage5c2gR32A.g1-deterministic.v1,limit_hopping_zero_chain6,chain6_hole_2,4,surrogate,static_only,1.0499999999999998,2.3418966880937955,-4.575333167888829e-17,-1.0842021724855044e-17,0.7560556293781487,-1.2144624862163762,0.8293144104164097,0.9367586752375182,5.0,3.0,1.0390270819652754e-19
haxs.stage5c2gR32A.g1-deterministic.v1,limit_hopping_zero_chain6,chain6_hole_2,4,surrogate,static_only,1.0818181818181818,2.333369428000668,1.1167282376600696e-16,-1.431146867680866e-17,0.7511859902971953,-1.24252520307118,0.8179833847405433,0.9333477712002672,5.0,3.0,-4.366925416955505e-19
haxs.stage5c2gR32A.g1-deterministic.v1,limit_hopping_zero_chain6,chain6_hole_2,4,surrogate,static_only,1.1136363636363635,2.32472854911197,6.700369425960417e-17,2.3852447794681098e-17,0.7463919911439684,-1.2703302925705693,0.8067546262701913,0.929891419644788,5.0,3.0,6.926847213101833e-19
haxs.stage5c2gR32A.g1-deterministic.v1,limit_hopping_zero_chain6,chain6_hole_2,4,surrogate,static_only,1.1454545454545453,2.315983184681563,-1.8431436932253575e-17,-5.637851296924623e-18,0.7416758654327091,-1.2978585295521774,0.795636954600941,0.9263932738726253,5.0,3.0,9.697586098342568e-19
haxs.stage5c2gR32A.g1-deterministic.v1,limit_hopping_zero_chain6,chain6_hole_2,4,surrogate,static_only,1.1772727272727272,2.307141958894954,-7.15573433840433e-18,8.673617379884035e-18,0.7370404912316947,-1.3250865239136975,0.7846391585139438,0.9228567835579817,5.0,3.0,-5.270427227360092e-19
haxs.stage5c2gR32A.g1-deterministic.v1,limit_hopping_zero_chain6,chain6_hole_2,4,surrogate,static_only,1.209090909090909,2.2982129305400667,-1.251169307048272e-16,-3.903127820947816e-18,0.732489266286433,-1.3519873496938501,0.7737698231274094,0.9192851722160267,5.0,3.0,1.279960898073165e-19
haxs.stage5c2gR32A.g1-deterministic.v1,limit_hopping_zero_chain6,chain6_hole_2,4,surrogate,static_only,1.2409090909090907,2.289203546570397,7.632783294297951e-17,-6.938893903907228e-18,0.7280259762968876,-1.3785312458650387,0.7630371644949535,0.9156814186281588,5.0,3.0,-1.0992605359922474e-18
haxs.stage5c2gR32A.g1-deterministic.v1,limit_hopping_zero_chain6,chain6_hole_2,4,surrogate,static_only,1.2727272727272725,2.2801206062409167,-5.572799166575493e-17,2.688821387764051e-17,0.723654659270501,-1.4046863733041044,0.752448875124168,0.9120482424963667,5.0,3.0,-1.2950192615799085e-19
haxs.stage5c2gR32A.g1-deterministic.v1,limit_hopping_zero_chain6,chain6_hole_2,4,surrogate,static_only,1.3045454545454545,2.2709702361506934,4.7813315806610746e-17,1.6046192152785466e-17,0.719379468970532,-1.4304196106858194,0.7420119834843121,0.9083880944602774,5.0,3.0,1.1775640262273115e-18
haxs.stage5c2gR32A.g1-deterministic.v1,limit_hopping_zero_chain6,chain6_hole_2,4,surrogate,static_only,1.3363636363636362,2.2617578761807082,8.782037597132586e-18,-2.6020852139652106e-17,0.7152045404852095,-1.4556973707929155,0.731732730098814,0.9047031504722833,5.0,3.0,-1.0826963361348303e-18
haxs.stage5c2gR32A.g1-deterministic.v1,limit_hopping_zero_chain6,chain6_hole_2,4,surrogate,static_only,1.368181818181818,2.2524882759889167,-4.358492733391728e-17,-6.5052130349130266e-18,0.7111338608640778,-1.4804864179805288,0.7216164623042174,0.9009953103955667,5.0,3.0,-1.4757196236608253e-19
haxs.stage5c2gR32A.g1-deterministic.v1,limit_hopping_zero_chain6,chain6_hole_2,4,surrogate,static_only,1.4,2.2431655014326717,1.2793585635328952e-17,2.688821387764051e-17,0.7071711476146612,-1.5047546672710719,0.711667549229425,0.8972662005730687,5.0,3.0,8.628442289363805e-19
haxs.stage5c2gR32A.g1-deterministic.v1,limit_hopping_zero_chain6,chain6_hole_2,8,surrogate,static_only,0.0,2.5,0.0,0.0,1.0009775171065494,0.004243229276517941,1.2512218963831867,1.0,5.0,3.0,0.0
haxs.stage5c2gR32A.g1-deterministic.v1,limit_hopping_zero_chain6,chain6_hole_2,8,surrogate,static_only,0.031818181818181815,2.499839608818246,4.9873299934333204e-17,1.691355389077387e-17,0.9888017912335177,-0.04890755521715747,1.2358436490415317,0.9999358435272985,5.0,3.0,-1.9726456193833483e-19
haxs.stage5c2gR32A.g1-deterministic.v1,limit_hopping_zero_chain6,chain6_hole_2,8,surrogate,static_only,0.06363636363636363,2.499358560551272,-1.691355389077387e-16,0.0,0.9771043413464613,-0.1005905710884933,1.220753753817868,0.9997434242205088,5.0,3.0,2.0931125274372933e-19
haxs.stage5c2gR32A.g1-deterministic.v1,limit_hopping_zero_chain6,chain6_hole_2,8,surrogate,static_only,0.09545454545454544,2.49855723286358,9.107298248878237e-18,8.326672684688674e-17,0.9658660011116323,-0.15083121011459752,1.2059393837698438,0.999422893145432,5.0,3.0,7.529181753371558e-19
haxs.stage5c2gR32A.g1-deterministic.v1,limit_hopping_zero_chain6,chain6_hole_2,8,surrogate,static_only,0.12727272727272726,2.497436261272363,-4.7704895589362195e-18,-1.1709383462843448e-17,0.9550675305948341,-0.1996591938189908,1.1913871251130665,0.9989745045089451,5.0,3.0,-2.7857972487474764e-19
haxs.stage5c2gR32A.g1-deterministic.v1,limit_hopping_zero_chain6,chain6_hole_2,8,surrogate,static_only,0.15909090909090906,2.4959965481796367,1.3444106938820255e-17,1.9949319973733282e-17,0.9446896779720776,-0.24710829879592358,1.1770831060808002,0.9983986192718547,5.0,3.0,-2.6803887042002754e-19
haxs.stage5c2gR32A.g1-deterministic.v1,limit_hopping_zero_chain6,chain6_hole_2,8,surrogate,static_only,0.1909090909090909,2.4942392753442197,2.42861286636753e-17,-6.071532165918825e-18,0.934713236076001,-0.29321607407564154,1.1630131233789283,0.9976957101376879,5.0,3.0,-2.1985210719844945e-19
haxs.stage5c2gR32A.g1-deterministic.v1,limit_hopping_zero_chain6,chain6_hole_2,8,surrogate,static_only,0.22272727272727272,2.4921659196004105,2.6020852139652106e-18,1.8214596497756474e-17,0.9251190941968104,-0.33802355235914394,1.1491627658156147,0.9968663678401641,5.0,3.0,1.9726456193833483e-19
haxs.stage5c2gR32A.g1-deterministic.v1,limit_hopping_zero_chain6,chain6_hole_2,8,surrogate,static_only,0.2545454545454545,2.4897782715505805,-1.9949319973733282e-17,-1.3010426069826053e-17,0.9158882857541351,-0.3815749558902687,1.1355175349310143,0.9959113086202322,5.0,3.0,3.7947076036992655e-19
haxs.stage5c2gR32A.g1-deterministic.v1,limit_hopping_zero_chain6,chain6_hole_2,8,surrogate,static_only,0.2863636363636363,2.487078456865205,-1.214306433183765e-17,8.673617379884035e-18,0.9070020326317496,-0.42391739665634137,1.1220629626522105,0.9948313827460821,5.0,3.0,-3.915174511753211e-20
haxs.stage5c2gR32A.g1-deterministic.v1,limit_hopping_zero_chain6,chain6_hole_2,8,surrogate,static_only,0.3181818181818181,2.484068959718004,-8.890457814381136e-17,9.540979117872439e-18,0.8984417871113012,-0.46510056958296475,1.1087847261413548,0.9936275838872015,5.0,3.0,3.614007241618346e-20
haxs.stage5c2gR32A.g1-deterministic.v1,limit_hopping_zero_chain6,chain6_hole_2,8,surrogate,static_only,0.35,2.480752647770529,5.0306980803327406e-17,-5.854691731421724e-17,0.8901892724435368,-0.5051764364892221,1.0956687600814756,0.9923010591082116,5.0,3.0,2.7105054312137602e-20
haxs.stage5c2gR32A.g1-deterministic.v1,limit_hopping_zero_chain6,chain6_hole_2,8,surrogate,static_only,0.3818181818181818,2.477132798003618,-1.9081958235744878e-16,5.637851296924623e-18,0.8822265231479838,-0.5441988978629023,1.0827013666485323,0.9908531192014471,5.0,3.0,-2.0328790734103208e-19
haxs.stage5c2gR32A.g1-deterministic.v1,limit_hopping_zero_chain6,chain6_hole_2,8,surrogate,static_only,0.4136363636363636,2.4732131225809395,-4.336808689942018e-19,-6.245004513516506e-17,0.8745359261249112,-0.5822234490763367,1.0698693233467758,0.9892852490323758,5.0,3.0,3.674240695645321e-19
haxs.stage5c2gR32A.g1-deterministic.v1,limit_hopping_zero_chain6,chain6_hole_2,8,surrogate,static_only,0.44545454545454544,2.4689977938276493,-3.0791341698588326e-17,4.336808689942018e-18,0.8671002635922886,-0.6193068175417276,1.05715998873874,0.9875991175310597,5.0,3.0,1.5660698047012842e-19
haxs.stage5c2gR32A.g1-deterministic.v1,limit_hopping_zero_chain6,chain6_hole_2,8,surrogate,static_only,0.47727272727272724,2.4644914673246943,-5.5077470362263625e-17,-3.469446951953614e-18,0.85990275872027,-0.655506577552182,1.0445614058868387,0.9857965869298777,5.0,3.0,3.5989488781116057e-19
haxs.stage5c2gR32A.g1-deterministic.v1,limit_hopping_zero_chain6,chain6_hole_2,8,surrogate,static_only,0.509090909090909,2.4596993020600144,2.211772431870429e-17,-3.469446951953614e-18,0.8529271246296074,-0.6908807401802736,1.0320624030514483,0.9838797208240058,5.0,3.0,1.746770166782202e-19
haxs.stage5c2gR32A.g1-deterministic.v1,limit_hopping_zero_chain6,chain6_hole_2,8,surrogate,static_only,0.5409090909090909,2.4546269765512165,-1.0321604682062002e-16,-3.903127820947816e-18,0.8461576171503732,-0.7254873166212655,1.019652690875941,0.9818507906204866,5.0,3.0,1.8220619843159172e-19
haxs.stage5c2gR32A.g1-deterministic.v1,limit_hopping_zero_chain6,chain6_hole_2,8,surrogate,static_only,0.5727272727272726,2.4492806998617067,-6.938893903907228e-18,-2.6020852139652106e-17,0.8395790914148089,-0.7593838547343963,1.0073229549524634,0.9797122799446827,5.0,3.0,6.038403766203988e-19
haxs.stage5c2gR32A.g1-deterministic.v1,limit_hopping_zero_chain6,chain6_hole_2,8,surrogate,static_only,0.6045454545454545,2.443667216478723,1.0625181290357943e-17,3.903127820947816e-18,0.8331770619951275,-0.7926269502058243,0.9950649423271075,0.9774668865914892,5.0,3.0,-8.236924838188484e-19
haxs.stage5c2gR32A.g1-deterministic.v1,limit_hopping_zero_chain6,chain6_hole_2,8,surrogate,static_only,0.6363636363636362,2.437793804108057,6.028164079019405e-17,2.6020852139652106e-18,0.8269377659112321,-0.8252717356517152,0.9828715401955151,0.9751175216432229,5.0,3.0,-1.7919452573024318e-19
haxs.stage5c2gR32A.g1-deterministic.v1,limit_hopping_zero_chain6,chain6_hole_2,8,surrogate,static_only,0.6681818181818181,2.4316682635671385,-9.107298248878237e-17,5.2475385148298415e-17,0.8208482274445058,-0.8573713530033523,0.9707368447871193,0.9726673054268554,5.0,3.0,3.418248516030687e-19
haxs.stage5c2gR32A.g1-deterministic.v1,limit_hopping_zero_chain6,chain6_hole_2,8,surrogate,static_only,0.7,2.4252989001236807,1.491862189340054e-16,9.540979117872439e-18,0.8148963233244313,-0.8889764165542333,0.9586562182641971,0.9701195600494723,5.0,3.0,-3.04178942836211e-19
haxs.stage5c2gR32A.g1-deterministic.v1,limit_hopping_zero_chain6,chain6_hole_2,8,surrogate,static_only,0.7318181818181817,2.418694495828947,5.421010862427522e-18,-3.7730235602495554e-17,0.809070846527231,-0.9201344759825497,0.9466263313938168,0.9674777983315789,5.0,3.0,4.63797596007688e-19
haxs.stage5c2gR32A.g1-deterministic.v1,limit_hopping_zero_chain6,chain6_hole_2,8,surrogate,static_only,0.7636363636363636,2.4118642726284323,6.179952383167375e-17,1.3010426069826053e-17,0.8033615666618569,-0.9508894903692605,0.9346451898045705,0.9647457090513729,5.0,3.0,2.2888712530249534e-19
haxs.stage5c2gR32A.g1-deterministic.v1,limit_hopping_zero_chain6,chain6_hole_2,8,surrogate,static_only,0.7954545454545454,2.404817846292566,-7.22078646875346e-17,2.168404344971009e-18,0.7977592847379811,-0.9812813255970305,0.9227121418267229,0.9619271385170263,5.0,3.0,1.0134278640038117e-18
haxs.stage5c2gR32A.g1-deterministic.v1,limit_hopping_zero_chain6,chain6_hole_2,8,surrogate,static_only,0.8272727272727272,2.397565171488303,-2.0599841277224584e-17,9.107298248878237e-18,0.7922558800287991,-1.0113452884377188,0.9108278662364814,0.9590260685953211,5.0,3.0,9.833111369903256e-19
haxs.stage5c2gR32A.g1-deterministic.v1,limit_hopping_zero_chain6,chain6_hole_2,8,surrogate,static_only,0.859090909090909,2.3901164786001488,-3.9898639947466563e-17,3.7730235602495554e-17,0.7868443467688051,-1.0411117110369852,0.8989943386754958,0.9560465914400595,5.0,3.0,-1.3100776250866514e-19
haxs.stage5c2gR32A.g1-deterministic.v1,limit_hopping_zero_chain6,chain6_hole_2,8,surrogate,static_only,0.8909090909090909,2.3824822031955986,-6.049848122469115e-17,6.461844948013606e-17,0.7815188185675457,-1.0706055993315868,0.8872147760787352,0.9529928812782394,5.0,3.0,9.456652282234677e-19
haxs.stage5c2gR32A.g1-deterministic.v1,limit_hopping_zero_chain6,chain6_hole_2,8,surrogate,static_only,0.9227272727272726,2.3746729093031202,-2.168404344971009e-17,-1.3010426069826053e-17,0.7762745786724138,-1.099846358165717,0.8754935590920175,0.9498691637212481,5.0,3.0,-9.155485012099815e-19
haxs.stage5c2gR32A.g1-deterministic.v1,limit_hopping_zero_chain6,chain6_hole_2,8,surrogate,static_only,0.9545454545454545,2.366699207918001,1.0408340855860843e-17,-4.336808689942018e-19,0.7711080545675373,-1.1288476045186884,0.8638361331616342,0.9466796831672004,5.0,3.0,5.902878494643303e-19
haxs.stage5c2gR32A.g1-deterministic.v1,limit_hopping_zero_chain6,chain6_hole_2,8,surrogate,static_only,0.9863636363636362,2.358571672359668,-3.469446951953614e-18,1.3010426069826053e-17,0.7660167958365266,-1.1576170783586435,0.8522488896948829,0.9434286689438671,5.0,3.0,5.661944678535413e-19
haxs.stage5c2gR32A.g1-deterministic.v1,limit_hopping_zero_chain6,chain6_hole_2,8,surrogate,static_only,1.018181818181818,2.35030075226208,5.746271514173174e-17,2.229119666630197e-16,0.7609994347230405,-1.1861566582700327,0.8407390293817193,0.940120300904832,5.0,3.0,-4.366925416955503e-20
haxs.stage5c2gR32A.g1-deterministic.v1,limit_hopping_zero_chain6,chain6_hole_2,8,surrogate,static_only,1.0499999999999998,2.3418966880748315,1.0408340855860843e-17,-6.071532165918825e-18,0.7560556293712157,-1.2144624862562008,0.8293144103953739,0.9367586752299326,5.0,3.0,1.4606612601540827e-19
haxs.stage5c2gR32A.g1-deterministic.v1,limit_hopping_zero_chain6,chain6_hole_2,8,surrogate,static_only,1.0818181818181818,2.3333694279808888,-6.006480035569695e-17,5.637851296924623e-18,0.751185990290102,-1.2425252031121898,0.8179833847189517,0.9333477711923555,5.0,3.0,-1.355252715606881e-20
haxs.stage5c2gR32A.g1-deterministic.v1,limit_hopping_zero_chain6,chain6_hole_2,8,surrogate,static_only,1.1136363636363635,2.3247285490914495,7.849623728795052e-17,-1.3444106938820255e-17,0.7463919911367505,-1.2703302926125672,0.8067546262481473,0.9298914196365798,5.0,3.0,-1.1715406808246145e-18
haxs.stage5c2gR32A.g1-deterministic.v1,limit_hopping_zero_chain6,chain6_hole_2,8,surrogate,static_only,1.1454545454545453,2.3159831846603787,1.3877787807814457e-17,-6.5052130349130266e-18,0.7416758654254143,-1.2978585295948928,0.79563695457856,0.9263932738641515,5.0,3.0,2.2286377989979806e-19
haxs.stage5c2gR32A.g1-deterministic.v1,limit_hopping_zero_chain6,chain6_hole_2,8,surrogate,static_only,1.1772727272727272,2.3071419588732005,9.150666335777657e-17,3.8163916471489756e-17,0.7370404912243759,-1.3250865239568226,0.7846391584913558,0.9228567835492802,5.0,3.0,9.185601739113299e-20
haxs.stage5c2gR32A.g1-deterministic.v1,limit_hopping_zero_chain6,chain6_hole_2,8,surrogate,static_only,1.209090909090909,2.298212930517835,2.8189256484623115e-18,-3.8163916471489756e-17,0.7324892662791579,-1.3519873497369839,0.7737698231047543,0.919285172207134,5.0,3.0,-1.1730465171752887e-18
haxs.stage5c2gR32A.g1-deterministic.v1,limit_hopping_zero_chain6,chain6_hole_2,8,surrogate,static_only,1.2409090909090907,2.289203546547804,-8.435092901937224e-17,-2.6020852139652106e-18,0.7280259762897205,-1.3785312459077927,0.7630371644723803,0.9156814186191216,5.0,3.0,-5.089726865279174e-19
haxs.stage5c2gR32A.g1-deterministic.v1,limit_hopping_zero_chain6,chain6_hole_2,8,surrogate,static_only,1.2727272727272725,2.2801206062180412,-1.2576745200831851e-17,-2.0816681711721685e-17,0.7236546592635339,-1.4046863733459167,0.7524488751018258,0.9120482424872165,5.0,3.0,7.559298480385045e-19
haxs.stage5c2gR32A.g1-deterministic.v1,limit_hopping_zero_chain6,chain6_hole_2,8,surrogate,static_only,1.3045454545454545,2.270970236127643,-8.673617379884035e-19,-7.37257477290143e-17,0.7193794689638454,-1.4304196107261866,0.7420119834623523,0.9083880944510572,5.0,3.0,5.631827951521926e-19
haxs.stage5c2gR32A.g1-deterministic.v1,limit_hopping_zero_chain6,chain6_hole_2,8,surrogate,static_only,1.3363636363636362,2.261757876157576,-1.0191500421363742e-17,-1.1362438767648086e-16,0.7152045404788937,-1.4556973708312673,0.7317327300773847,0.9047031504630304,5.0,3.0,2.9966143378418807e-19
haxs.stage5c2gR32A.g1-deterministic.v1,limit_hopping_zero_chain6,chain6_hole_2,8,surrogate,static_only,1.368181818181818,2.2524882759658067,8.890457814381136e-18,-2.3418766925686896e-17,0.7111338608582117,-1.4804864180163535,0.7216164622834575,0.9009953103863226,5.0,3.0,-2.138287617957523e-19
haxs.stage5c2gR32A.g1-deterministic.v1,limit_hopping_zero_chain6,chain6_hole_2,8,surrogate,static_only,1.4,2.243165501409656,9.324138683375338e-18,-1.734723475976807e-17,0.7071711476093385,-1.5047546673037595,0.7116675492094644,0.8972662005638623,5.0,3.0,1.130883099356408e-18
haxs.stage5c2gR32A.g1-deterministic.v1,limit_hopping_zero_chain6,chain6_hole_2,1,surrogate,mobile_only,0.0,2.5,0.0,0.0,1.0009775171065494,0.004243229276517941,1.2512218963831867,1.0,5.0,3.0,0.0
haxs.stage5c2gR32A.g1-deterministic.v1,limit_hopping_zero_chain6,chain6_hole_2,1,surrogate,mobile_only,0.031818181818181815,2.4998396088525787,1.0755285551056204e-16,2.2551405187698492e-17,0.9888017914148957,-0.04890755442052232,1.235843649302171,0.9999358435410315,5.0,3.0,1.8822954383428892e-19
haxs.stage5c2gR32A.g1-deterministic.v1,limit_hopping_zero_chain6,chain6_hole_2,1,surrogate,mobile_only,0.06363636363636363,2.49935856062606,-1.1058862159352145e-16,2.862293735361732e-17,0.9771043416947491,-0.10059056954045506,1.2207537543260616,0.9997434242504241,5.0,3.0,-2.258754526011472e-20
haxs.stage5c2gR32A.g1-deterministic.v1,limit_hopping_zero_chain6,chain6_hole_2,1,surrogate,mobile_only,0.09545454545454544,2.498557232985019,9.8879238130678e-17,2.992397996059992e-17,0.9658660016129007,-0.15083120786068155,1.2059393845129325,0.9994228931940077,5.0,3.0,-3.6742406956453205e-19
haxs.stage5c2gR32A.g1-deterministic.v1,limit_hopping_zero_chain6,chain6_hole_2,1,surrogate,mobile_only,0.12727272727272726,2.497436261446767,4.9439619065339e-17,4.336808689942018e-19,0.9550675312356399,-0.199659190905077,1.1913871260788287,0.9989745045787067,5.0,3.0,-1.9425288923698627e-19
haxs.stage5c2gR32A.g1-deterministic.v1,limit_hopping_zero_chain6,chain6_hole_2,1,surrogate,mobile_only,0.15909090909090906,2.4959965484135225,-1.2533377113932431e-16,4.336808689942018e-17,0.944689678739396,-0.24710829526839315,1.1770831072574748,0.998398619365409,5.0,3.0,-1.5510114411945409e-19
haxs.stage5c2gR32A.g1-deterministic.v1,limit_hopping_zero_chain6,chain6_hole_2,1,surrogate,mobile_only,0.1909090909090909,2.494239275644392,-1.1709383462843448e-17,3.122502256758253e-17,0.9347132369571692,-0.293216069981482,1.1630131247552467,0.9976957102577568,5.0,3.0,3.583890514604861e-19
haxs.stage5c2gR32A.g1-deterministic.v1,limit_hopping_zero_chain6,chain6_hole_2,1,surrogate,mobile_only,0.22272727272727272,2.4921659199740414,7.892991815694472e-17,-1.8648277366750676e-17,0.9251190951794975,-0.3380235477459475,1.1491627673808573,0.9968663679896166,5.0,3.0,-6.143812310751192e-19
haxs.stage5c2gR32A.g1-deterministic.v1,limit_hopping_zero_chain6,chain6_hole_2,1,surrogate,mobile_only,0.2545454545454545,2.489778272005315,8.890457814381136e-17,3.252606517456513e-17,0.9158882868263146,-0.38157495080622433,1.1355175366750847,0.995911308802126,5.0,3.0,-8.297158292215457e-19
haxs.stage5c2gR32A.g1-deterministic.v1,limit_hopping_zero_chain6,chain6_hole_2,1,surrogate,mobile_only,0.2863636363636363,2.4870784574092077,9.150666335777657e-17,-2.168404344971009e-18,0.9070020337817474,-0.42391739114987426,1.1220629645657474,0.9948313829636831,5.0,3.0,3.9754079657801837e-19
haxs.stage5c2gR32A.g1-deterministic.v1,limit_hopping_zero_chain6,chain6_hole_2,1,surrogate,mobile_only,0.3181818181818181,2.4840689603601036,2.42861286636753e-17,-1.1449174941446927e-16,0.8984417883277924,-0.4651005637026124,1.1087847282158638,0.9936275841440414,5.0,3.0,-1.5058363506743112e-20
haxs.stage5c2gR32A.g1-deterministic.v1,limit_hopping_zero_chain6,chain6_hole_2,1,surrogate,mobile_only,0.35,2.4807526485202493,8.977193988179977e-17,3.469446951953614e-18,0.8901892737156555,-0.5051764302829677,1.095668762309488,0.9923010594080998,5.0,3.0,-1.260385025514399e-18
haxs.stage5c2gR32A.g1-deterministic.v1,limit_hopping_zero_chain6,chain6_hole_2,1,surrogate,mobile_only,0.3818181818181818,2.4771327988712084,-5.377642775528102e-17,2.168404344971009e-17,0.8822265244654494,-0.5441988913774021,1.0827013690237854,0.9908531195484833,5.0,3.0,-1.8070036208091741e-19
haxs.stage5c2gR32A.g1-deterministic.v1,limit_hopping_zero_chain6,chain6_hole_2,1,surrogate,mobile_only,0.4136363636363636,2.4732131235774446,7.632783294297951e-17,-3.469446951953614e-18,0.8745359274781439,-0.5822234423561838,1.0698693258644039,0.9892852494309778,5.0,3.0,-1.1203422449016882e-18
haxs.stage5c2gR32A.g1-deterministic.v1,limit_hopping_zero_chain6,chain6_hole_2,1,surrogate,mobile_only,0.44545454545454544,2.4689977949649333,5.0306980803327406e-17,-7.37257477290143e-18,0.867100264972553,-0.6193068106285572,1.057159991395455,0.9875991179859733,5.0,3.0,5.466185952947752e-19
haxs.stage5c2gR32A.g1-deterministic.v1,limit_hopping_zero_chain6,chain6_hole_2,1,surrogate,mobile_only,0.47727272727272724,2.464491468615273,4.119968255444917e-18,-6.938893903907228e-18,0.8599027601199526,-0.6555065704830754,1.044561408681104,0.9857965874461092,5.0,3.0,4.381983780462247e-19
haxs.stage5c2gR32A.g1-deterministic.v1,limit_hopping_zero_chain6,chain6_hole_2,1,surrogate,mobile_only,0.509090909090909,2.459699303517102,-5.637851296924623e-18,3.3393426912553537e-17,0.8529271260423132,-0.6908807329870406,1.0320624059836119,0.9838797214068409,5.0,3.0,-3.749532513179037e-19
haxs.stage5c2gR32A.g1-deterministic.v1,limit_hopping_zero_chain6,chain6_hole_2,1,surrogate,mobile_only,0.5409090909090909,2.454626978188542,1.1384122811097797e-16,-1.5178830414797062e-17,0.8461576185711475,-0.725487309329073,1.0196526939483197,0.9818507912754167,5.0,3.0,4.110933237340872e-19
haxs.stage5c2gR32A.g1-deterministic.v1,limit_hopping_zero_chain6,chain6_hole_2,1,surrogate,mobile_only,0.5727272727272726,2.4492807016933877,-1.3010426069826053e-18,4.423544863740858e-17,0.8395790928402637,-0.7593838473608548,1.0073229581693588,0.979712280677355,5.0,3.0,1.807003620809174e-20
haxs.stage5c2gR32A.g1-deterministic.v1,limit_hopping_zero_chain6,chain6_hole_2,1,surrogate,mobile_only,0.6045454545454545,2.443667218519027,1.1666015375944028e-16,-2.6020852139652106e-18,0.8331770634235763,-0.7926269427600188,0.9950649456947361,0.9774668874076108,5.0,3.0,5.571594497494953e-19
haxs.stage5c2gR32A.g1-deterministic.v1,limit_hopping_zero_chain6,chain6_hole_2,1,surrogate,mobile_only,0.6363636363636362,2.437793806371183,2.45029690981724e-17,6.938893903907228e-18,0.8269377673427256,-0.8252717281337405,0.9828715437218395,0.9751175225484732,5.0,3.0,5.451127589441009e-19
haxs.stage5c2gR32A.g1-deterministic.v1,limit_hopping_zero_chain6,chain6_hole_2,1,surrogate,mobile_only,0.6681818181818181,2.431668266066925,6.288372600415926e-18,1.3877787807814457e-17,0.8208482288808212,-0.8573713454040931,0.9707368484815692,0.97266730642677,5.0,3.0,-1.7618285302889447e-19
haxs.stage5c2gR32A.g1-deterministic.v1,limit_hopping_zero_chain6,chain6_hole_2,1,surrogate,mobile_only,0.7,2.425298902873333,8.500145032286355e-17,3.165870343657673e-17,0.8148963247689539,-0.88897640885573,0.9586562221372844,0.9701195611493333,5.0,3.0,5.3758357719072925e-19
haxs.stage5c2gR32A.g1-deterministic.v1,limit_hopping_zero_chain6,chain6_hole_2,1,surrogate,mobile_only,0.7318181818181817,2.418694498840662,-3.0791341698588326e-17,4.336808689942018e-18,0.8090708479848041,-0.9201344681585633,0.9466263354566455,0.9674777995362648,5.0,3.0,-5.149960319306147e-19
haxs.stage5c2gR32A.g1-deterministic.v1,limit_hopping_zero_chain6,chain6_hole_2,1,surrogate,mobile_only,0.7636363636363636,2.411864275913081,5.2909066017292616e-17,-3.686287386450715e-17,0.8033615681384865,-0.950889482386652,0.9346451940682403,0.9647457103652324,5.0,3.0,-5.345719044893807e-19
haxs.stage5c2gR32A.g1-deterministic.v1,limit_hopping_zero_chain6,chain6_hole_2,1,surrogate,mobile_only,0.7954545454545454,2.4048178498593575,3.642919299551295e-17,1.3877787807814457e-17,0.7977592862404806,-0.9812813174175297,0.9227121463016658,0.961927139943743,5.0,3.0,-9.577119190288623e-19
haxs.stage5c2gR32A.g1-deterministic.v1,limit_hopping_zero_chain6,chain6_hole_2,1,surrogate,mobile_only,0.8272727272727272,2.397565175344377,-8.673617379884035e-18,-1.214306433183765e-17,0.7922558815644114,-1.0113452800198834,0.9108278709317413,0.9590260701377508,5.0,3.0,1.7166534397687158e-19
haxs.stage5c2gR32A.g1-deterministic.v1,limit_hopping_zero_chain6,chain6_hole_2,1,surrogate,mobile_only,0.859090909090909,2.390116482750311,-4.119968255444917e-18,-2.1250362580715887e-17,0.7868443483446844,-1.0411117023390044,0.898994343597988,0.9560465931001245,5.0,3.0,1.340194352100137e-19
haxs.stage5c2gR32A.g1-deterministic.v1,limit_hopping_zero_chain6,chain6_hole_2,1,surrogate,mobile_only,0.8909090909090909,2.3824822076419565,-1.6046192152785466e-17,4.336808689942018e-19,0.7815188201903014,-1.0706055903138403,0.8872147812325263,0.9529928830567826,5.0,3.0,4.0808165103273847e-19
haxs.stage5c2gR32A.g1-deterministic.v1,limit_hopping_zero_chain6,chain6_hole_2,1,surrogate,mobile_only,0.9227272727272726,2.3746729140448695,2.0383000842727483e-17,-2.6020852139652106e-17,0.7762745803475669,-1.0998463487939072,0.8754935644776518,0.9498691656179478,5.0,3.0,-2.1141942363467336e-18
haxs.stage5c2gR32A.g1-deterministic.v1,limit_hopping_zero_chain6,chain6_hole_2,1,surrogate,mobile_only,0.9545454545454545,2.3666992129512,2.3852447794681098e-17,2.8189256484623115e-17,0.7711080562990464,-1.1288475947666845,0.8638361387755589,0.94667968518048,5.0,3.0,-1.957587255876608e-20
haxs.stage5c2gR32A.g1-deterministic.v1,limit_hopping_zero_chain6,chain6_hole_2,1,surrogate,mobile_only,0.9863636363636362,2.358571677677163,5.2475385148298415e-17,-1.0148132334464322e-16,0.7660167976263013,-1.1576170682114866,0.8522488955289952,0.9434286710708651,5.0,3.0,4.306691962928531e-19
haxs.stage5c2gR32A.g1-deterministic.v1,limit_hopping_zero_chain6,chain6_hole_2,1,surrogate,mobile_only,1.018181818181818,2.350300757853439,2.6020852139652106e-18,4.9439619065339e-17,0.7609994365705682,-1.1861566477263839,0.8407390354230675,0.9401203031413756,5.0,3.0,-8.0863412031210555e-19
haxs.stage5c2gR32A.g1-deterministic.v1,limit_hopping_zero_chain6,chain6_hole_2,1,surrogate,mobile_only,1.0499999999999998,2.3418966939263925,3.252606517456513e-17,9.75781955236954e-17,0.7560556312732555,-1.2144624753304787,0.8293144166260329,0.936758677570557,5.0,3.0,-3.7796492401925234e-19
haxs.stage5c2gR32A.g1-deterministic.v1,limit_hopping_zero_chain6,chain6_hole_2,1,surrogate,mobile_only,1.0818181818181818,2.3333694340759346,-1.0842021724855044e-17,-6.418476861114186e-17,0.7511859922404601,-1.2425251918362905,0.8179833911160855,0.9333477736303738,5.0,3.0,-1.2197274440461927e-19
haxs.stage5c2gR32A.g1-deterministic.v1,limit_hopping_zero_chain6,chain6_hole_2,1,surrogate,mobile_only,1.1136363636363635,2.324728555410441,-6.722053469410127e-17,3.209238430557093e-17,0.7463919931261891,-1.2703302810368509,0.8067546327842584,0.9298914221641764,5.0,3.0,5.60171122450844e-19
haxs.stage5c2gR32A.g1-deterministic.v1,limit_hopping_zero_chain6,chain6_hole_2,1,surrogate,mobile_only,1.1454545454545453,2.3159831911813233,-3.469446951953614e-17,6.071532165918825e-18,0.7416758674416507,-1.2978585177886526,0.7956369612219226,0.9263932764725293,5.0,3.0,5.767353223082614e-19
haxs.stage5c2gR32A.g1-deterministic.v1,limit_hopping_zero_chain6,chain6_hole_2,1,surrogate,mobile_only,1.1772727272727272,2.307141965572009,7.676151381197371e-17,7.806255641895632e-18,0.7370404932522548,-1.3250865120077282,0.7846391652066114,0.9228567862288036,5.0,3.0,5.601711224508441e-19
haxs.stage5c2gR32A.g1-deterministic.v1,limit_hopping_zero_chain6,chain6_hole_2,1,surrogate,mobile_only,1.209090909090909,2.2982129373688824,1.0408340855860843e-17,-3.122502256758253e-17,0.7324892683008476,-1.3519873377503417,0.7737698298536453,0.919285174947553,5.0,3.0,7.755057205972706e-19
haxs.stage5c2gR32A.g1-deterministic.v1,limit_hopping_zero_chain6,chain6_hole_2,1,surrogate,mobile_only,1.2409090909090907,2.2892035535243727,-5.919743861770854e-17,-6.938893903907228e-18,0.7280259782851277,-1.3785312340044495,0.7630371712146065,0.9156814214097491,5.0,3.0,-9.035018104045873e-21
haxs.stage5c2gR32A.g1-deterministic.v1,limit_hopping_zero_chain6,chain6_hole_2,1,surrogate,mobile_only,1.2727272727272725,2.2801206132929646,1.8431436932253575e-17,2.47198095326695e-17,0.7236546612106942,-1.4046863616602188,0.7524488817959694,0.9120482453171859,5.0,3.0,6.972022303622062e-19
haxs.stage5c2gR32A.g1-deterministic.v1,limit_hopping_zero_chain6,chain6_hole_2,1,surrogate,mobile_only,1.3045454545454545,2.270970243273812,7.806255641895632e-17,-9.974659986866641e-18,0.7193794708395002,-1.430419599402726,0.7420119900668654,0.9083880973095247,5.0,3.0,4.954201593718485e-19
haxs.stage5c2gR32A.g1-deterministic.v1,limit_hopping_zero_chain6,chain6_hole_2,1,surrogate,mobile_only,1.3363636363636362,2.2617578833485354,-9.86623976961809e-18,2.3418766925686896e-17,0.7152045422590554,-1.4556973600215708,0.73173273655158,0.9047031533394142,5.0,3.0,1.1143188994989906e-18
haxs.stage5c2gR32A.g1-deterministic.v1,limit_hopping_zero_chain6,chain6_hole_2,1,surrogate,mobile_only,1.368181818181818,2.252488283176261,4.380176776841438e-17,-8.673617379884035e-19,0.7111338625188286,-1.480486407874849,0.721616468588495,0.9009953132705044,5.0,3.0,-8.88443446897844e-19
haxs.stage5c2gR32A.g1-deterministic.v1,limit_hopping_zero_chain6,chain6_hole_2,1,surrogate,mobile_only,1.4,2.243165508615971,5.561957144850638e-17,5.074066167232161e-17,0.707171149126965,-1.5047546579835716,0.7116675553092969,0.8972662034463884,5.0,3.0,1.987703982890092e-19
haxs.stage5c2gR32A.g1-deterministic.v1,limit_hopping_zero_chain6,chain6_hole_2,2,surrogate,mobile_only,0.0,2.5,0.0,0.0,1.0009775171065494,0.004243229276517941,1.2512218963831867,1.0,5.0,3.0,0.0
haxs.stage5c2gR32A.g1-deterministic.v1,limit_hopping_zero_chain6,chain6_hole_2,2,surrogate,mobile_only,0.031818181818181815,2.499839608819422,-8.847089727481716e-17,0.0,0.9888017912449955,-0.0489075551667459,1.2358436490570397,0.9999358435277689,5.0,3.0,1.1399181174604542e-18
haxs.stage5c2gR32A.g1-deterministic.v1,limit_hopping_zero_chain6,chain6_hole_2,2,surrogate,mobile_only,0.06363636363636363,2.4993585605539854,6.938893903907228e-17,-2.211772431870429e-17,0.977104341368521,-0.10059057099044441,1.220753753848079,0.9997434242215941,5.0,3.0,3.8248243307127507e-19
haxs.stage5c2gR32A.g1-deterministic.v1,limit_hopping_zero_chain6,chain6_hole_2,2,surrogate,mobile_only,0.09545454545454544,2.498557232868252,1.474514954580286e-17,-1.97758476261356e-16,0.965866001143369,-0.1508312099718962,1.2059393838139787,0.9994228931473008,5.0,3.0,-3.071906155375596e-19
haxs.stage5c2gR32A.g1-deterministic.v1,limit_hopping_zero_chain6,chain6_hole_2,2,surrogate,mobile_only,0.12727272727272726,2.497436261279356,-4.0766001685454967e-17,-4.90059381963448e-17,0.9550675306354245,-0.19965919363441542,1.1913871251703727,0.9989745045117424,5.0,3.0,-3.3881317890172014e-19
haxs.stage5c2gR32A.g1-deterministic.v1,limit_hopping_zero_chain6,chain6_hole_2,2,surrogate,mobile_only,0.15909090909090906,2.4959965481893733,-7.37257477290143e-17,-2.862293735361732e-17,0.9446896780206853,-0.2471082985724635,1.177083106150549,0.9983986192757494,5.0,3.0,3.91517451175321e-19
haxs.stage5c2gR32A.g1-deterministic.v1,limit_hopping_zero_chain6,chain6_hole_2,2,surrogate,mobile_only,0.1909090909090909,2.494239275357138,4.8138576458356397e-17,-1.474514954580286e-17,0.9347132361318166,-0.2932160738163064,1.1630131234604233,0.9976957101428552,5.0,3.0,-7.212956119729953e-19
haxs.stage5c2gR32A.g1-deterministic.v1,limit_hopping_zero_chain6,chain6_hole_2,2,surrogate,mobile_only,0.22272727272727272,2.4921659196169568,3.9898639947466563e-17,-1.1709383462843448e-17,0.9251190942590546,-0.3380235520669403,1.1491627659081927,0.9968663678467827,5.0,3.0,-4.517509052022935e-21
haxs.stage5c2gR32A.g1-deterministic.v1,limit_hopping_zero_chain6,chain6_hole_2,2,surrogate,mobile_only,0.2545454545454545,2.4897782715712533,9.6710833785707e-17,-5.551115123125783e-17,0.9158882858220326,-0.381574955568313,1.1355175350340503,0.9959113086285013,5.0,3.0,-3.6140072416183483e-19
haxs.stage5c2gR32A.g1-deterministic.v1,limit_hopping_zero_chain6,chain6_hole_2,2,surrogate,mobile_only,0.2863636363636363,2.4870784568905084,1.9081958235744878e-17,6.5052130349130266e-18,0.9070020327045675,-0.4239173963076718,1.1220629627651257,0.9948313827562034,5.0,3.0,1.3688052427629495e-18
haxs.stage5c2gR32A.g1-deterministic.v1,limit_hopping_zero_chain6,chain6_hole_2,2,surrogate,mobile_only,0.3181818181818181,2.484068959748502,-1.196959198423997e-16,2.168404344971009e-18,0.8984417871883146,-0.46510056921069254,1.108784726263625,0.9936275838994009,5.0,3.0,-4.171166691367843e-19
haxs.stage5c2gR32A.g1-deterministic.v1,limit_hopping_zero_chain6,chain6_hole_2,2,surrogate,mobile_only,0.35,2.4807526478068116,4.5102810375396984e-17,-8.239936510889834e-18,0.8901892725240648,-0.5051764360963524,1.0956687602126411,0.9923010591227246,5.0,3.0,2.153345981464266e-19
haxs.stage5c2gR32A.g1-deterministic.v1,limit_hopping_zero_chain6,chain6_hole_2,2,surrogate,mobile_only,0.3818181818181818,2.4771327980463664,-1.3964523981613297e-16,2.3418766925686896e-17,0.8822265232313489,-0.5441988974525201,1.08270136678821,0.9908531192185466,5.0,3.0,-4.276575235915046e-19
haxs.stage5c2gR32A.g1-deterministic.v1,limit_hopping_zero_chain6,chain6_hole_2,2,surrogate,mobile_only,0.4136363636363636,2.473213122630813,-3.0791341698588326e-17,3.903127820947816e-18,0.8745359262105331,-0.5822234486511382,1.0698693234946708,0.9892852490523252,5.0,3.0,-1.290501752527885e-18
haxs.stage5c2gR32A.g1-deterministic.v1,limit_hopping_zero_chain6,chain6_hole_2,2,surrogate,mobile_only,0.44545454545454544,2.4689977938854364,-6.201636426617085e-17,2.6020852139652106e-18,0.8671002636795841,-0.6193068171045006,1.057159988894656,0.9875991175541745,5.0,3.0,-3.76459087668578e-19
haxs.stage5c2gR32A.g1-deterministic.v1,limit_hopping_zero_chain6,chain6_hole_2,2,surrogate,mobile_only,0.47727272727272724,2.46449146739118,-6.938893903907228e-18,1.3444106938820255e-17,0.8599027588087599,-0.6555065771052633,1.0445614060506905,0.9857965869564721,5.0,3.0,-1.6564199857417425e-19
haxs.stage5c2gR32A.g1-deterministic.v1,limit_hopping_zero_chain6,chain6_hole_2,2,surrogate,mobile_only,0.509090909090909,2.4596993021360314,-3.5561831257524545e-17,1.8214596497756474e-17,0.8529271247188857,-0.6908807397256855,1.0320624032232688,0.9838797208544126,5.0,3.0,3.869999421232981e-19
haxs.stage5c2gR32A.g1-deterministic.v1,limit_hopping_zero_chain6,chain6_hole_2,2,surrogate,mobile_only,0.5409090909090909,2.454626976637639,7.39425881635114e-17,-1.734723475976807e-18,0.846157617240118,-0.7254873161606462,1.0196526910558865,0.9818507906550555,5.0,3.0,-1.9877039828900914e-19
haxs.stage5c2gR32A.g1-deterministic.v1,limit_hopping_zero_chain6,chain6_hole_2,2,surrogate,mobile_only,0.5727272727272726,2.4492806999594214,-2.7321894746634712e-17,2.6020852139652106e-17,0.8395790915048036,-0.7593838542688751,1.0073229551408134,0.9797122799837685,5.0,3.0,7.634590297918761e-19
haxs.stage5c2gR32A.g1-deterministic.v1,limit_hopping_zero_chain6,chain6_hole_2,2,surrogate,mobile_only,0.6045454545454545,2.4436672165886466,7.719519468096792e-17,2.0816681711721685e-17,0.8331770620852497,-0.7926269497360617,0.9950649425242627,0.9774668866354587,5.0,3.0,5.993228675683759e-19
haxs.stage5c2gR32A.g1-deterministic.v1,limit_hopping_zero_chain6,chain6_hole_2,2,surrogate,mobile_only,0.6363636363636362,2.4377938042310596,5.204170427930421e-18,-2.0816681711721685e-17,0.8269377660014954,-0.825271735177667,0.9828715404019834,0.9751175216924238,5.0,3.0,3.614007241618349e-20
haxs.stage5c2gR32A.g1-deterministic.v1,limit_hopping_zero_chain6,chain6_hole_2,2,surrogate,mobile_only,0.6681818181818181,2.431668263704111,-6.7220534694101275e-18,-1.8214596497756474e-17,0.8208482275349989,-0.8573713525245716,0.9707368450034974,0.9726673054816445,5.0,3.0,-2.0061770254033706e-36
haxs.stage5c2gR32A.g1-deterministic.v1,limit_hopping_zero_chain6,chain6_hole_2,2,surrogate,mobile_only,0.7,2.425298900275437,9.974659986866641e-18,-2.5153490401663703e-17,0.8148963234153699,-0.8889764160695811,0.9586562184911493,0.9701195601101749,5.0,3.0,2.0328790734103206e-19
haxs.stage5c2gR32A.g1-deterministic.v1,limit_hopping_zero_chain6,chain6_hole_2,2,surrogate,mobile_only,0.7318181818181817,2.4186944959962533,-7.28583859910259e-17,-1.1319070680748666e-16,0.8090708466189094,-0.9201344754904371,0.9466263316320422,0.9674777983985013,5.0,3.0,-3.6441239686318354e-19
haxs.stage5c2gR32A.g1-deterministic.v1,limit_hopping_zero_chain6,chain6_hole_2,2,surrogate,mobile_only,0.7636363636363636,2.411864272811974,1.734723475976807e-17,5.204170427930421e-17,0.8033615667546373,-0.9508894898676925,0.9346451900547648,0.9647457091247895,5.0,3.0,6.053462129710733e-19
haxs.stage5c2gR32A.g1-deterministic.v1,limit_hopping_zero_chain6,chain6_hole_2,2,surrogate,mobile_only,0.7954545454545454,2.404817846492907,2.168404344971009e-19,-8.673617379884035e-18,0.7977592848322859,-0.9812813250836419,0.9227121420895377,0.9619271385971627,5.0,3.0,1.3552527156068805e-20
haxs.stage5c2gR32A.g1-deterministic.v1,limit_hopping_zero_chain6,chain6_hole_2,2,surrogate,mobile_only,0.8272727272727272,2.3975651717059026,4.0766001685454967e-17,-4.9873299934333204e-17,0.7922558801250584,-1.0113452879100495,0.9108278665124782,0.9590260686823611,5.0,3.0,3.3580150620037157e-19
haxs.stage5c2gR32A.g1-deterministic.v1,limit_hopping_zero_chain6,chain6_hole_2,2,surrogate,mobile_only,0.859090909090909,2.3901164788352895,-3.0357660829594124e-18,-2.1250362580715887e-17,0.7868443468674614,-1.041111710492457,0.8989943389651008,0.9560465915341159,5.0,3.0,-1.656419985741744e-20
haxs.stage5c2gR32A.g1-deterministic.v1,limit_hopping_zero_chain6,chain6_hole_2,2,surrogate,mobile_only,0.8909090909090909,2.382482203448406,-6.071532165918825e-18,4.7704895589362195e-18,0.7815188186689985,-1.0706055987678074,0.8872147763821956,0.9529928813793624,5.0,3.0,3.76459087668578e-20
haxs.stage5c2gR32A.g1-deterministic.v1,limit_hopping_zero_chain6,chain6_hole_2,2,surrogate,mobile_only,0.9227272727272726,2.3746729095735435,5.2475385148298415e-17,-2.992397996059992e-17,0.7762745787769878,-1.0998463575806674,0.8754935594093566,0.9498691638294174,5.0,3.0,-5.782411586589357e-19
haxs.stage5c2gR32A.g1-deterministic.v1,limit_hopping_zero_chain6,chain6_hole_2,2,surrogate,mobile_only,0.9545454545454545,2.3666992082057585,-6.396792817664476e-17,-1.3444106938820255e-17,0.77110805467548,-1.1288476039107456,0.8638361334926181,0.9466796832823035,5.0,3.0,-4.5175090520229353e-20
haxs.stage5c2gR32A.g1-deterministic.v1,limit_hopping_zero_chain6,chain6_hole_2,2,surrogate,mobile_only,0.9863636363636362,2.3585716726643042,-4.206704429243757e-17,2.168404344971009e-17,0.766016795947941,-1.1576170777269774,0.8522488900389948,0.9434286690657216,5.0,3.0,9.818053006396512e-19
haxs.stage5c2gR32A.g1-deterministic.v1,limit_hopping_zero_chain6,chain6_hole_2,2,surrogate,mobile_only,1.018181818181818,2.350300752582941,-5.442694905877232e-17,-1.474514954580286e-17,0.7609994348378744,-1.186156657614688,0.8407390297381397,0.9401203010331765,5.0,3.0,9.667469371329084e-19
haxs.stage5c2gR32A.g1-deterministic.v1,limit_hopping_zero_chain6,chain6_hole_2,2,surrogate,mobile_only,1.0499999999999998,2.3418966884110355,-2.42861286636753e-17,3.5128150388530344e-17,0.7560556294892614,-1.2144624855781212,0.8293144107629713,0.9367586753644142,5.0,3.0,1.5961865317147715e-19
haxs.stage5c2gR32A.g1-deterministic.v1,limit_hopping_zero_chain6,chain6_hole_2,2,surrogate,mobile_only,1.0818181818181818,2.3333694283313764,-2.2768245622195593e-17,-2.0816681711721685e-17,0.7511859904109635,-1.2425252024134354,0.8179833850962934,0.9333477713325505,5.0,3.0,8.101399566627796e-19
haxs.stage5c2gR32A.g1-deterministic.v1,limit_hopping_zero_chain6,chain6_hole_2,2,surrogate,mobile_only,1.1136363636363635,2.3247285494549823,-4.4885969940899884e-17,1.5612511283791264e-17,0.7463919912598416,-1.2703302918963513,0.8067546266335078,0.929891419781993,5.0,3.0,-8.944667923005414e-19
haxs.stage5c2gR32A.g1-deterministic.v1,limit_hopping_zero_chain6,chain6_hole_2,2,surrogate,mobile_only,1.1454545454545453,2.315983185035587,-1.3877787807814457e-17,-2.0383000842727483e-17,0.741675865549951,-1.2978585288656577,0.7956369549699569,0.9263932740142348,5.0,3.0,-2.047937436917064e-19
haxs.stage5c2gR32A.g1-deterministic.v1,limit_hopping_zero_chain6,chain6_hole_2,2,surrogate,mobile_only,1.1772727272727272,2.3071419592585265,-1.6479873021779667e-17,1.951563910473908e-17,0.737040491349434,-1.3250865232199294,0.7846391588865823,0.9228567837034106,5.0,3.0,7.679765388438991e-19
haxs.stage5c2gR32A.g1-deterministic.v1,limit_hopping_zero_chain6,chain6_hole_2,2,surrogate,mobile_only,1.209090909090909,2.298212930911701,2.970713952610282e-17,1.5612511283791264e-17,0.7324892664036028,-1.3519873489991474,0.7737698235014285,0.9192851723646804,5.0,3.0,-6.972022303622062e-19
haxs.stage5c2gR32A.g1-deterministic.v1,limit_hopping_zero_chain6,chain6_hole_2,2,surrogate,mobile_only,1.2409090909090907,2.2892035469485235,4.119968255444917e-18,5.204170427930421e-17,0.7280259764123059,-1.3785312451765255,0.7630371648679963,0.9156814187794093,5.0,3.0,2.484629978612614e-19
haxs.stage5c2gR32A.g1-deterministic.v1,limit_hopping_zero_chain6,chain6_hole_2,2,surrogate,mobile_only,1.2727272727272725,2.280120606623914,-3.1008182133085427e-17,2.8189256484623115e-17,0.7236546593828924,-1.4046863726295977,0.7524488754938128,0.9120482426495655,5.0,3.0,-7.243072846743438e-19
haxs.stage5c2gR32A.g1-deterministic.v1,limit_hopping_zero_chain6,chain6_hole_2,2,surrogate,mobile_only,1.3045454545454545,2.2709702365369657,1.2934531917752068e-16,3.686287386450715e-17,0.7193794690785397,-1.4304196100337694,0.7420119838481374,0.9083880946147863,5.0,3.0,4.2464585089015603e-19
haxs.stage5c2gR32A.g1-deterministic.v1,limit_hopping_zero_chain6,chain6_hole_2,2,surrogate,mobile_only,1.3363636363636362,2.261757876568717,4.553649124439119e-18,1.6479873021779667e-17,0.7152045405874266,-1.455697370172222,0.7317327304544535,0.9047031506274867,5.0,3.0,3.5085986970711473e-19
haxs.stage5c2gR32A.g1-deterministic.v1,limit_hopping_zero_chain6,chain6_hole_2,2,surrogate,mobile_only,1.368181818181818,2.2524882763771745,9.64939933512099e-18,1.3877787807814457e-17,0.7111338609591077,-1.4804864174001748,0.7216164626494158,0.9009953105508698,5.0,3.0,7.604473570905276e-19
haxs.stage5c2gR32A.g1-deterministic.v1,limit_hopping_zero_chain6,chain6_hole_2,2,surrogate,mobile_only,1.4,2.2431655018197882,2.6454533008646308e-17,-1.734723475976807e-18,0.7071711477011497,-1.50475466673992,0.7116675495620969,0.8972662007279153,5.0,3.0,7.544240116878304e-19
haxs.stage5c2gR32A.g1-deterministic.v1,limit_hopping_zero_chain6,chain6_hole_2,4,surrogate,mobile_only,0.0,2.5,0.0,0.0,1.0009775171065494,0.004243229276517941,1.2512218963831867,1.0,5.0,3.0,0.0
haxs.stage5c2gR32A.g1-deterministic.v1,limit_hopping_zero_chain6,chain6_hole_2,4,surrogate,mobile_only,0.031818181818181815,2.499839608818288,-1.1362438767648086e-16,-6.071532165918825e-18,0.9888017912341978,-0.04890755521417077,1.235843649042423,0.9999358435273151,5.0,3.0,9.12536828508633e-19
haxs.stage5c2gR32A.g1-deterministic.v1,limit_hopping_zero_chain6,chain6_hole_2,4,surrogate,mobile_only,0.06363636363636363,2.49935856055137,2.6454533008646308e-17,-1.5178830414797062e-17,0.9771043413477735,-0.10059057108266108,1.2207537538196032,0.9997434242205481,5.0,3.0,-1.15949399001922e-18
haxs.stage5c2gR32A.g1-deterministic.v1,limit_hopping_zero_chain6,chain6_hole_2,4,surrogate,mobile_only,0.09545454545454544,2.49855723286378,-3.903127820947816e-18,-4.7704895589362195e-18,0.9658660011135073,-0.15083121010616699,1.2059393837723777,0.999422893145512,5.0,3.0,7.619531934412017e-19
haxs.stage5c2gR32A.g1-deterministic.v1,limit_hopping_zero_chain6,chain6_hole_2,4,surrogate,mobile_only,0.12727272727272726,2.497436261272666,-5.551115123125783e-17,-2.0816681711721685e-17,0.9550675305972385,-0.1996591938080573,1.1913871251163553,0.9989745045090664,5.0,3.0,-1.0480621000693209e-18
haxs.stage5c2gR32A.g1-deterministic.v1,limit_hopping_zero_chain6,chain6_hole_2,4,surrogate,mobile_only,0.15909090909090906,2.4959965481800723,1.6479873021779667e-17,-3.8163916471489756e-17,0.9446896779749587,-0.24710829878267837,1.1770831060848013,0.9983986192720289,5.0,3.0,-6.4750963078995395e-19
haxs.stage5c2gR32A.g1-deterministic.v1,limit_hopping_zero_chain6,chain6_hole_2,4,surrogate,mobile_only,0.1909090909090909,2.4942392753448086,4.9873299934333204e-17,3.3393426912553537e-17,0.9347132360793141,-0.29321607406024774,1.1630131233835996,0.9976957101379235,5.0,3.0,9.230776829633533e-19
haxs.stage5c2gR32A.g1-deterministic.v1,limit_hopping_zero_chain6,chain6_hole_2,4,surrogate,mobile_only,0.22272727272727272,2.492165919601191,2.5153490401663703e-17,2.862293735361732e-17,0.9251190942005019,-0.3380235523418143,1.1491627658209203,0.9968663678404764,5.0,3.0,-2.590038523159816e-19
haxs.stage5c2gR32A.g1-deterministic.v1,limit_hopping_zero_chain6,chain6_hole_2,4,surrogate,mobile_only,0.2545454545454545,2.489778271551576,1.1882855810441129e-16,-1.3010426069826053e-17,0.915888285758161,-0.38157495587117884,1.1355175349369138,0.9959113086206305,5.0,3.0,1.7467701667822012e-19
haxs.stage5c2gR32A.g1-deterministic.v1,limit_hopping_zero_chain6,chain6_hole_2,4,surrogate,mobile_only,0.2863636363636363,2.4870784568664432,-9.540979117872439e-18,-2.3852447794681098e-17,0.9070020326360706,-0.42391739663565137,1.1220629626586731,0.9948313827465773,5.0,3.0,-3.8398826942194957e-19
haxs.stage5c2gR32A.g1-deterministic.v1,limit_hopping_zero_chain6,chain6_hole_2,4,surrogate,mobile_only,0.3181818181818181,2.4840689597195325,-1.9949319973733282e-17,5.334274688628682e-17,0.8984417871158615,-0.46510056956092066,1.1087847261483474,0.993627583887813,5.0,3.0,3.975407965780183e-19
haxs.stage5c2gR32A.g1-deterministic.v1,limit_hopping_zero_chain6,chain6_hole_2,4,surrogate,mobile_only,0.35,2.4807526477723574,-1.222980050563649e-16,5.551115123125783e-17,0.8901892724483159,-0.5051764364659065,1.095668760088973,0.992301059108943,5.0,3.0,2.55992179614633e-20
haxs.stage5c2gR32A.g1-deterministic.v1,limit_hopping_zero_chain6,chain6_hole_2,4,surrogate,mobile_only,0.3818181818181818,2.4771327980058166,1.3097162243624894e-16,-9.584347204771859e-17,0.8822265231529193,-0.5441988978386063,1.0827013666565113,0.9908531192023267,5.0,3.0,-8.733850833911006e-20
haxs.stage5c2gR32A.g1-deterministic.v1,limit_hopping_zero_chain6,chain6_hole_2,4,surrogate,mobile_only,0.4136363636363636,2.473213122583514,3.426078865054194e-17,-9.107298248878237e-18,0.8745359261299926,-0.582223449051102,1.0698693233552194,0.9892852490334055,5.0,3.0,1.4154861696338526e-19
haxs.stage5c2gR32A.g1-deterministic.v1,limit_hopping_zero_chain6,chain6_hole_2,4,surrogate,mobile_only,0.44545454545454544,2.468997793830672,1.734723475976807e-18,-1.9081958235744878e-17,0.8671002635974626,-0.6193068175158133,1.0571599887476368,0.9875991175322689,5.0,3.0,3.2827232444700004e-19
haxs.stage5c2gR32A.g1-deterministic.v1,limit_hopping_zero_chain6,chain6_hole_2,4,surrogate,mobile_only,0.47727272727272724,2.4644914673282057,-1.3660947373317356e-17,-3.729655473350135e-17,0.8599027587255127,-0.6555065775257038,1.0445614058961838,0.9857965869312822,5.0,3.0,2.183462708477752e-19
haxs.stage5c2gR32A.g1-deterministic.v1,limit_hopping_zero_chain6,chain6_hole_2,4,surrogate,mobile_only,0.509090909090909,2.4596993020640516,1.235990476633475e-17,1.1275702593849246e-17,0.8529271246349043,-0.6908807401533029,1.0320624030612455,0.9838797208256207,5.0,3.0,2.1985210719844955e-19
haxs.stage5c2gR32A.g1-deterministic.v1,limit_hopping_zero_chain6,chain6_hole_2,4,surrogate,mobile_only,0.5409090909090909,2.454626976555844,1.3769367590565906e-16,3.686287386450715e-17,0.8461576171556947,-0.7254873165939525,1.019652690886198,0.9818507906223376,5.0,3.0,3.900116148246468e-19
haxs.stage5c2gR32A.g1-deterministic.v1,limit_hopping_zero_chain6,chain6_hole_2,4,surrogate,mobile_only,0.5727272727272726,2.449280699866981,-4.2500725161431774e-17,-5.0306980803327406e-17,0.83957909142014,-0.75938385470682,1.007322954963198,0.9797122799467924,5.0,3.0,-6.972022303622062e-19
haxs.stage5c2gR32A.g1-deterministic.v1,limit_hopping_zero_chain6,chain6_hole_2,4,surrogate,mobile_only,0.6045454545454545,2.4436672164846924,6.375108774214766e-17,-2.1250362580715887e-17,0.8331770620004649,-0.7926269501780031,0.9950649423383435,0.9774668865938769,5.0,3.0,4.0205830563004115e-19
haxs.stage5c2gR32A.g1-deterministic.v1,limit_hopping_zero_chain6,chain6_hole_2,4,surrogate,mobile_only,0.6363636363636362,2.4377938041147744,3.0357660829594124e-18,2.0816681711721685e-17,0.8269377659165763,-0.8252717356236484,0.9828715402072836,0.9751175216459098,5.0,3.0,-3.9754079657801837e-19
haxs.stage5c2gR32A.g1-deterministic.v1,limit_hopping_zero_chain6,chain6_hole_2,4,surrogate,mobile_only,0.6681818181818181,2.4316682635746534,4.5536491244391186e-17,-1.8214596497756474e-17,0.8208482274498627,-0.8573713529750099,0.9707368447994545,0.9726673054298614,5.0,3.0,-3.7796492401925225e-19
haxs.stage5c2gR32A.g1-deterministic.v1,limit_hopping_zero_chain6,chain6_hole_2,4,surrogate,mobile_only,0.7,2.4252989001320504,4.163336342344337e-17,-2.0816681711721685e-17,0.8148963233298068,-0.8889764165255849,0.9586562182771377,0.9701195600528202,5.0,3.0,-3.779649240192522e-19
haxs.stage5c2gR32A.g1-deterministic.v1,limit_hopping_zero_chain6,chain6_hole_2,4,surrogate,mobile_only,0.7318181818181817,2.418694495838207,-1.3660947373317356e-17,-2.0816681711721685e-17,0.8090708465326496,-0.920134475953464,0.9466263314074047,0.9674777983352827,5.0,3.0,-4.0657581468206416e-19
haxs.stage5c2gR32A.g1-deterministic.v1,limit_hopping_zero_chain6,chain6_hole_2,4,surrogate,mobile_only,0.7636363636363636,2.411864272638625,-2.6454533008646308e-17,-3.903127820947816e-18,0.803361566667338,-0.9508894903396294,0.934645189818847,0.96474570905545,5.0,3.0,-1.6564199857417427e-20
haxs.stage5c2gR32A.g1-deterministic.v1,limit_hopping_zero_chain6,chain6_hole_2,4,surrogate,mobile_only,0.7954545454545454,2.4048178463037226,1.6783449630075609e-16,-2.3852447794681098e-17,0.7977592847435511,-0.9812813255667079,0.922712141841727,0.961927138521489,5.0,3.0,1.3251359885933947e-19
haxs.stage5c2gR32A.g1-deterministic.v1,limit_hopping_zero_chain6,chain6_hole_2,4,surrogate,mobile_only,0.8272727272727272,2.3975651715004562,-5.074066167232161e-17,1.474514954580286e-17,0.7922558800344791,-1.0113452884065823,0.9108278662522454,0.9590260686001825,5.0,3.0,-6.12875394724445e-19
haxs.stage5c2gR32A.g1-deterministic.v1,limit_hopping_zero_chain6,chain6_hole_2,4,surrogate,mobile_only,0.859090909090909,2.390116478613307,-5.334274688628682e-17,6.071532165918825e-18,0.7868443467746256,-1.0411117110048593,0.8989943386920445,0.9560465914453229,5.0,3.0,1.822061984315917e-19
haxs.stage5c2gR32A.g1-deterministic.v1,limit_hopping_zero_chain6,chain6_hole_2,4,surrogate,mobile_only,0.8909090909090909,2.382482203209778,-4.423544863740858e-17,-7.806255641895632e-18,0.7815188185735249,-1.0706055992983599,0.8872147760960838,0.9529928812839111,5.0,3.0,3.5236570605778894e-19
haxs.stage5c2gR32A.g1-deterministic.v1,limit_hopping_zero_chain6,chain6_hole_2,4,surrogate,mobile_only,0.9227272727272726,2.374672909318321,3.5344990823027445e-17,3.0791341698588326e-17,0.7762745786785674,-1.0998463581312898,0.8754935591101659,0.9498691637273284,5.0,3.0,1.2347858075529358e-19
haxs.stage5c2gR32A.g1-deterministic.v1,limit_hopping_zero_chain6,chain6_hole_2,4,surrogate,mobile_only,0.9545454545454545,2.3666992079341864,1.973247953923618e-17,1.734723475976807e-17,0.7711080545738925,-1.128847604482895,0.8638361331805686,0.9466796831736746,5.0,3.0,-8.673617379884035e-19
haxs.stage5c2gR32A.g1-deterministic.v1,limit_hopping_zero_chain6,chain6_hole_2,4,surrogate,mobile_only,0.9863636363636362,2.3585716723768266,1.3444106938820255e-17,-2.0816681711721685e-17,0.7660167958430779,-1.1576170783215005,0.8522488897145721,0.9434286689507306,5.0,3.0,9.787936279383025e-19
haxs.stage5c2gR32A.g1-deterministic.v1,limit_hopping_zero_chain6,chain6_hole_2,4,surrogate,mobile_only,1.018181818181818,2.3503007522801695,9.020562075079397e-17,-1.6046192152785466e-17,0.7609994347297883,-1.1861566582315244,0.8407390294021156,0.9401203009120678,5.0,3.0,1.2046690805394487e-19
haxs.stage5c2gR32A.g1-deterministic.v1,limit_hopping_zero_chain6,chain6_hole_2,4,surrogate,mobile_only,1.0499999999999998,2.3418966880937955,-4.575333167888829e-17,-1.0842021724855044e-17,0.7560556293781487,-1.2144624862163762,0.8293144104164097,0.9367586752375182,5.0,3.0,1.0390270819652754e-19
haxs.stage5c2gR32A.g1-deterministic.v1,limit_hopping_zero_chain6,chain6_hole_2,4,surrogate,mobile_only,1.0818181818181818,2.333369428000668,1.1167282376600696e-16,-1.431146867680866e-17,0.7511859902971953,-1.24252520307118,0.8179833847405433,0.9333477712002672,5.0,3.0,-4.366925416955505e-19
haxs.stage5c2gR32A.g1-deterministic.v1,limit_hopping_zero_chain6,chain6_hole_2,4,surrogate,mobile_only,1.1136363636363635,2.32472854911197,6.700369425960417e-17,2.3852447794681098e-17,0.7463919911439684,-1.2703302925705693,0.8067546262701913,0.929891419644788,5.0,3.0,6.926847213101833e-19
haxs.stage5c2gR32A.g1-deterministic.v1,limit_hopping_zero_chain6,chain6_hole_2,4,surrogate,mobile_only,1.1454545454545453,2.315983184681563,-1.8431436932253575e-17,-5.637851296924623e-18,0.7416758654327091,-1.2978585295521774,0.795636954600941,0.9263932738726253,5.0,3.0,9.697586098342568e-19
haxs.stage5c2gR32A.g1-deterministic.v1,limit_hopping_zero_chain6,chain6_hole_2,4,surrogate,mobile_only,1.1772727272727272,2.307141958894954,-7.15573433840433e-18,8.673617379884035e-18,0.7370404912316947,-1.3250865239136975,0.7846391585139438,0.9228567835579817,5.0,3.0,-5.270427227360092e-19
haxs.stage5c2gR32A.g1-deterministic.v1,limit_hopping_zero_chain6,chain6_hole_2,4,surrogate,mobile_only,1.209090909090909,2.2982129305400667,-1.251169307048272e-16,-3.903127820947816e-18,0.732489266286433,-1.3519873496938501,0.7737698231274094,0.9192851722160267,5.0,3.0,1.279960898073165e-19
haxs.stage5c2gR32A.g1-deterministic.v1,limit_hopping_zero_chain6,chain6_hole_2,4,surrogate,mobile_only,1.2409090909090907,2.289203546570397,7.632783294297951e-17,-6.938893903907228e-18,0.7280259762968876,-1.3785312458650387,0.7630371644949535,0.9156814186281588,5.0,3.0,-1.0992605359922474e-18
haxs.stage5c2gR32A.g1-deterministic.v1,limit_hopping_zero_chain6,chain6_hole_2,4,surrogate,mobile_only,1.2727272727272725,2.2801206062409167,-5.572799166575493e-17,2.688821387764051e-17,0.723654659270501,-1.4046863733041044,0.752448875124168,0.9120482424963667,5.0,3.0,-1.2950192615799085e-19
haxs.stage5c2gR32A.g1-deterministic.v1,limit_hopping_zero_chain6,chain6_hole_2,4,surrogate,mobile_only,1.3045454545454545,2.2709702361506934,4.7813315806610746e-17,1.6046192152785466e-17,0.719379468970532,-1.4304196106858194,0.7420119834843121,0.9083880944602774,5.0,3.0,1.1775640262273115e-18
haxs.stage5c2gR32A.g1-deterministic.v1,limit_hopping_zero_chain6,chain6_hole_2,4,surrogate,mobile_only,1.3363636363636362,2.2617578761807082,8.782037597132586e-18,-2.6020852139652106e-17,0.7152045404852095,-1.4556973707929155,0.731732730098814,0.9047031504722833,5.0,3.0,-1.0826963361348303e-18
haxs.stage5c2gR32A.g1-deterministic.v1,limit_hopping_zero_chain6,chain6_hole_2,4,surrogate,mobile_only,1.368181818181818,2.2524882759889167,-4.358492733391728e-17,-6.5052130349130266e-18,0.7111338608640778,-1.4804864179805288,0.7216164623042174,0.9009953103955667,5.0,3.0,-1.4757196236608253e-19
haxs.stage5c2gR32A.g1-deterministic.v1,limit_hopping_zero_chain6,chain6_hole_2,4,surrogate,mobile_only,1.4,2.2431655014326717,1.2793585635328952e-17,2.688821387764051e-17,0.7071711476146612,-1.5047546672710719,0.711667549229425,0.8972662005730687,5.0,3.0,8.628442289363805e-19
haxs.stage5c2gR32A.g1-deterministic.v1,limit_hopping_zero_chain6,chain6_hole_2,8,surrogate,mobile_only,0.0,2.5,0.0,0.0,1.0009775171065494,0.004243229276517941,1.2512218963831867,1.0,5.0,3.0,0.0
haxs.stage5c2gR32A.g1-deterministic.v1,limit_hopping_zero_chain6,chain6_hole_2,8,surrogate,mobile_only,0.031818181818181815,2.499839608818246,4.9873299934333204e-17,1.691355389077387e-17,0.9888017912335177,-0.04890755521715747,1.2358436490415317,0.9999358435272985,5.0,3.0,-1.9726456193833483e-19
haxs.stage5c2gR32A.g1-deterministic.v1,limit_hopping_zero_chain6,chain6_hole_2,8,surrogate,mobile_only,0.06363636363636363,2.499358560551272,-1.691355389077387e-16,0.0,0.9771043413464613,-0.1005905710884933,1.220753753817868,0.9997434242205088,5.0,3.0,2.0931125274372933e-19
haxs.stage5c2gR32A.g1-deterministic.v1,limit_hopping_zero_chain6,chain6_hole_2,8,surrogate,mobile_only,0.09545454545454544,2.49855723286358,9.107298248878237e-18,8.326672684688674e-17,0.9658660011116323,-0.15083121011459752,1.2059393837698438,0.999422893145432,5.0,3.0,7.529181753371558e-19
haxs.stage5c2gR32A.g1-deterministic.v1,limit_hopping_zero_chain6,chain6_hole_2,8,surrogate,mobile_only,0.12727272727272726,2.497436261272363,-4.7704895589362195e-18,-1.1709383462843448e-17,0.9550675305948341,-0.1996591938189908,1.1913871251130665,0.9989745045089451,5.0,3.0,-2.7857972487474764e-19
haxs.stage5c2gR32A.g1-deterministic.v1,limit_hopping_zero_chain6,chain6_hole_2,8,surrogate,mobile_only,0.15909090909090906,2.4959965481796367,1.3444106938820255e-17,1.9949319973733282e-17,0.9446896779720776,-0.24710829879592358,1.1770831060808002,0.9983986192718547,5.0,3.0,-2.6803887042002754e-19
haxs.stage5c2gR32A.g1-deterministic.v1,limit_hopping_zero_chain6,chain6_hole_2,8,surrogate,mobile_only,0.1909090909090909,2.4942392753442197,2.42861286636753e-17,-6.071532165918825e-18,0.934713236076001,-0.29321607407564154,1.1630131233789283,0.9976957101376879,5.0,3.0,-2.1985210719844945e-19
haxs.stage5c2gR32A.g1-deterministic.v1,limit_hopping_zero_chain6,chain6_hole_2,8,surrogate,mobile_only,0.22272727272727272,2.4921659196004105,2.6020852139652106e-18,1.8214596497756474e-17,0.9251190941968104,-0.33802355235914394,1.1491627658156147,0.9968663678401641,5.0,3.0,1.9726456193833483e-19
haxs.stage5c2gR32A.g1-deterministic.v1,limit_hopping_zero_chain6,chain6_hole_2,8,surrogate,mobile_only,0.2545454545454545,2.4897782715505805,-1.9949319973733282e-17,-1.3010426069826053e-17,0.9158882857541351,-0.3815749558902687,1.1355175349310143,0.9959113086202322,5.0,3.0,3.7947076036992655e-19
haxs.stage5c2gR32A.g1-deterministic.v1,limit_hopping_zero_chain6,chain6_hole_2,8,surrogate,mobile_only,0.2863636363636363,2.487078456865205,-1.214306433183765e-17,8.673617379884035e-18,0.9070020326317496,-0.42391739665634137,1.1220629626522105,0.9948313827460821,5.0,3.0,-3.915174511753211e-20
haxs.stage5c2gR32A.g1-deterministic.v1,limit_hopping_zero_chain6,chain6_hole_2,8,surrogate,mobile_only,0.3181818181818181,2.484068959718004,-8.890457814381136e-17,9.540979117872439e-18,0.8984417871113012,-0.46510056958296475,1.1087847261413548,0.9936275838872015,5.0,3.0,3.614007241618346e-20
haxs.stage5c2gR32A.g1-deterministic.v1,limit_hopping_zero_chain6,chain6_hole_2,8,surrogate,mobile_only,0.35,2.480752647770529,5.0306980803327406e-17,-5.854691731421724e-17,0.8901892724435368,-0.5051764364892221,1.0956687600814756,0.9923010591082116,5.0,3.0,2.7105054312137602e-20
haxs.stage5c2gR32A.g1-deterministic.v1,limit_hopping_zero_chain6,chain6_hole_2,8,surrogate,mobile_only,0.3818181818181818,2.477132798003618,-1.9081958235744878e-16,5.637851296924623e-18,0.8822265231479838,-0.5441988978629023,1.0827013666485323,0.9908531192014471,5.0,3.0,-2.0328790734103208e-19
haxs.stage5c2gR32A.g1-deterministic.v1,limit_hopping_zero_chain6,chain6_hole_2,8,surrogate,mobile_only,0.4136363636363636,2.4732131225809395,-4.336808689942018e-19,-6.245004513516506e-17,0.8745359261249112,-0.5822234490763367,1.0698693233467758,0.9892852490323758,5.0,3.0,3.674240695645321e-19
haxs.stage5c2gR32A.g1-deterministic.v1,limit_hopping_zero_chain6,chain6_hole_2,8,surrogate,mobile_only,0.44545454545454544,2.4689977938276493,-3.0791341698588326e-17,4.336808689942018e-18,0.8671002635922886,-0.6193068175417276,1.05715998873874,0.9875991175310597,5.0,3.0,1.5660698047012842e-19
haxs.stage5c2gR32A.g1-deterministic.v1,limit_hopping_zero_chain6,chain6_hole_2,8,surrogate,mobile_only,0.47727272727272724,2.4644914673246943,-5.5077470362263625e-17,-3.469446951953614e-18,0.85990275872027,-0.655506577552182,1.0445614058868387,0.9857965869298777,5.0,3.0,3.5989488781116057e-19
haxs.stage5c2gR32A.g1-deterministic.v1,limit_hopping_zero_chain6,chain6_hole_2,8,surrogate,mobile_only,0.509090909090909,2.4596993020600144,2.211772431870429e-17,-3.469446951953614e-18,0.8529271246296074,-0.6908807401802736,1.0320624030514483,0.9838797208240058,5.0,3.0,1.746770166782202e-19
haxs.stage5c2gR32A.g1-deterministic.v1,limit_hopping_zero_chain6,chain6_hole_2,8,surrogate,mobile_only,0.5409090909090909,2.4546269765512165,-1.0321604682062002e-16,-3.903127820947816e-18,0.8461576171503732,-0.7254873166212655,1.019652690875941,0.9818507906204866,5.0,3.0,1.8220619843159172e-19
haxs.stage5c2gR32A.g1-deterministic.v1,limit_hopping_zero_chain6,chain6_hole_2,8,surrogate,mobile_only,0.5727272727272726,2.4492806998617067,-6.938893903907228e-18,-2.6020852139652106e-17,0.8395790914148089,-0.7593838547343963,1.0073229549524634,0.9797122799446827,5.0,3.0,6.038403766203988e-19
haxs.stage5c2gR32A.g1-deterministic.v1,limit_hopping_zero_chain6,chain6_hole_2,8,surrogate,mobile_only,0.6045454545454545,2.443667216478723,1.0625181290357943e-17,3.903127820947816e-18,0.8331770619951275,-0.7926269502058243,0.9950649423271075,0.9774668865914892,5.0,3.0,-8.236924838188484e-19
haxs.stage5c2gR32A.g1-deterministic.v1,limit_hopping_zero_chain6,chain6_hole_2,8,surrogate,mobile_only,0.6363636363636362,2.437793804108057,6.028164079019405e-17,2.6020852139652106e-18,0.8269377659112321,-0.8252717356517152,0.9828715401955151,0.9751175216432229,5.0,3.0,-1.7919452573024318e-19
haxs.stage5c2gR32A.g1-deterministic.v1,limit_hopping_zero_chain6,chain6_hole_2,8,surrogate,mobile_only,0.6681818181818181,2.4316682635671385,-9.107298248878237e-17,5.2475385148298415e-17,0.8208482274445058,-0.8573713530033523,0.9707368447871193,0.9726673054268554,5.0,3.0,3.418248516030687e-19
haxs.stage5c2gR32A.g1-deterministic.v1,limit_hopping_zero_chain6,chain6_hole_2,8,surrogate,mobile_only,0.7,2.4252989001236807,1.491862189340054e-16,9.540979117872439e-18,0.8148963233244313,-0.8889764165542333,0.9586562182641971,0.9701195600494723,5.0,3.0,-3.04178942836211e-19
haxs.stage5c2gR32A.g1-deterministic.v1,limit_hopping_zero_chain6,chain6_hole_2,8,surrogate,mobile_only,0.7318181818181817,2.418694495828947,5.421010862427522e-18,-3.7730235602495554e-17,0.809070846527231,-0.9201344759825497,0.9466263313938168,0.9674777983315789,5.0,3.0,4.63797596007688e-19
haxs.stage5c2gR32A.g1-deterministic.v1,limit_hopping_zero_chain6,chain6_hole_2,8,surrogate,mobile_only,0.7636363636363636,2.4118642726284323,6.179952383167375e-17,1.3010426069826053e-17,0.8033615666618569,-0.9508894903692605,0.9346451898045705,0.9647457090513729,5.0,3.0,2.2888712530249534e-19
haxs.stage5c2gR32A.g1-deterministic.v1,limit_hopping_zero_chain6,chain6_hole_2,8,surrogate,mobile_only,0.7954545454545454,2.404817846292566,-7.22078646875346e-17,2.168404344971009e-18,0.7977592847379811,-0.9812813255970305,0.9227121418267229,0.9619271385170263,5.0,3.0,1.0134278640038117e-18
haxs.stage5c2gR32A.g1-deterministic.v1,limit_hopping_zero_chain6,chain6_hole_2,8,surrogate,mobile_only,0.8272727272727272,2.397565171488303,-2.0599841277224584e-17,9.107298248878237e-18,0.7922558800287991,-1.0113452884377188,0.9108278662364814,0.9590260685953211,5.0,3.0,9.833111369903256e-19
haxs.stage5c2gR32A.g1-deterministic.v1,limit_hopping_zero_chain6,chain6_hole_2,8,surrogate,mobile_only,0.859090909090909,2.3901164786001488,-3.9898639947466563e-17,3.7730235602495554e-17,0.7868443467688051,-1.0411117110369852,0.8989943386754958,0.9560465914400595,5.0,3.0,-1.3100776250866514e-19
haxs.stage5c2gR32A.g1-deterministic.v1,limit_hopping_zero_chain6,chain6_hole_2,8,surrogate,mobile_only,0.8909090909090909,2.3824822031955986,-6.049848122469115e-17,6.461844948013606e-17,0.7815188185675457,-1.0706055993315868,0.8872147760787352,0.9529928812782394,5.0,3.0,9.456652282234677e-19
haxs.stage5c2gR32A.g1-deterministic.v1,limit_hopping_zero_chain6,chain6_hole_2,8,surrogate,mobile_only,0.9227272727272726,2.3746729093031202,-2.168404344971009e-17,-1.3010426069826053e-17,0.7762745786724138,-1.099846358165717,0.8754935590920175,0.9498691637212481,5.0,3.0,-9.155485012099815e-19
haxs.stage5c2gR32A.g1-deterministic.v1,limit_hopping_zero_chain6,chain6_hole_2,8,surrogate,mobile_only,0.9545454545454545,2.366699207918001,1.0408340855860843e-17,-4.336808689942018e-19,0.7711080545675373,-1.1288476045186884,0.8638361331616342,0.9466796831672004,5.0,3.0,5.902878494643303e-19
haxs.stage5c2gR32A.g1-deterministic.v1,limit_hopping_zero_chain6,chain6_hole_2,8,surrogate,mobile_only,0.9863636363636362,2.358571672359668,-3.469446951953614e-18,1.3010426069826053e-17,0.7660167958365266,-1.1576170783586435,0.8522488896948829,0.9434286689438671,5.0,3.0,5.661944678535413e-19
haxs.stage5c2gR32A.g1-deterministic.v1,limit_hopping_zero_chain6,chain6_hole_2,8,surrogate,mobile_only,1.018181818181818,2.35030075226208,5.746271514173174e-17,2.229119666630197e-16,0.7609994347230405,-1.1861566582700327,0.8407390293817193,0.940120300904832,5.0,3.0,-4.366925416955503e-20
haxs.stage5c2gR32A.g1-deterministic.v1,limit_hopping_zero_chain6,chain6_hole_2,8,surrogate,mobile_only,1.0499999999999998,2.3418966880748315,1.0408340855860843e-17,-6.071532165918825e-18,0.7560556293712157,-1.2144624862562008,0.8293144103953739,0.9367586752299326,5.0,3.0,1.4606612601540827e-19
haxs.stage5c2gR32A.g1-deterministic.v1,limit_hopping_zero_chain6,chain6_hole_2,8,surrogate,mobile_only,1.0818181818181818,2.3333694279808888,-6.006480035569695e-17,5.637851296924623e-18,0.751185990290102,-1.2425252031121898,0.8179833847189517,0.9333477711923555,5.0,3.0,-1.355252715606881e-20
haxs.stage5c2gR32A.g1-deterministic.v1,limit_hopping_zero_chain6,chain6_hole_2,8,surrogate,mobile_only,1.1136363636363635,2.3247285490914495,7.849623728795052e-17,-1.3444106938820255e-17,0.7463919911367505,-1.2703302926125672,0.8067546262481473,0.9298914196365798,5.0,3.0,-1.1715406808246145e-18
haxs.stage5c2gR32A.g1-deterministic.v1,limit_hopping_zero_chain6,chain6_hole_2,8,surrogate,mobile_only,1.1454545454545453,2.3159831846603787,1.3877787807814457e-17,-6.5052130349130266e-18,0.7416758654254143,-1.2978585295948928,0.79563695457856,0.9263932738641515,5.0,3.0,2.2286377989979806e-19
haxs.stage5c2gR32A.g1-deterministic.v1,limit_hopping_zero_chain6,chain6_hole_2,8,surrogate,mobile_only,1.1772727272727272,2.3071419588732005,9.150666335777657e-17,3.8163916471489756e-17,0.7370404912243759,-1.3250865239568226,0.7846391584913558,0.9228567835492802,5.0,3.0,9.185601739113299e-20
haxs.stage5c2gR32A.g1-deterministic.v1,limit_hopping_zero_chain6,chain6_hole_2,8,surrogate,mobile_only,1.209090909090909,2.298212930517835,2.8189256484623115e-18,-3.8163916471489756e-17,0.7324892662791579,-1.3519873497369839,0.7737698231047543,0.919285172207134,5.0,3.0,-1.1730465171752887e-18
haxs.stage5c2gR32A.g1-deterministic.v1,limit_hopping_zero_chain6,chain6_hole_2,8,surrogate,mobile_only,1.2409090909090907,2.289203546547804,-8.435092901937224e-17,-2.6020852139652106e-18,0.7280259762897205,-1.3785312459077927,0.7630371644723803,0.9156814186191216,5.0,3.0,-5.089726865279174e-19
haxs.stage5c2gR32A.g1-deterministic.v1,limit_hopping_zero_chain6,chain6_hole_2,8,surrogate,mobile_only,1.2727272727272725,2.2801206062180412,-1.2576745200831851e-17,-2.0816681711721685e-17,0.7236546592635339,-1.4046863733459167,0.7524488751018258,0.9120482424872165,5.0,3.0,7.559298480385045e-19
haxs.stage5c2gR32A.g1-deterministic.v1,limit_hopping_zero_chain6,chain6_hole_2,8,surrogate,mobile_only,1.3045454545454545,2.270970236127643,-8.673617379884035e-19,-7.37257477290143e-17,0.7193794689638454,-1.4304196107261866,0.7420119834623523,0.9083880944510572,5.0,3.0,5.631827951521926e-19
haxs.stage5c2gR32A.g1-deterministic.v1,limit_hopping_zero_chain6,chain6_hole_2,8,surrogate,mobile_only,1.3363636363636362,2.261757876157576,-1.0191500421363742e-17,-1.1362438767648086e-16,0.7152045404788937,-1.4556973708312673,0.7317327300773847,0.9047031504630304,5.0,3.0,2.9966143378418807e-19
haxs.stage5c2gR32A.g1-deterministic.v1,limit_hopping_zero_chain6,chain6_hole_2,8,surrogate,mobile_only,1.368181818181818,2.2524882759658067,8.890457814381136e-18,-2.3418766925686896e-17,0.7111338608582117,-1.4804864180163535,0.7216164622834575,0.9009953103863226,5.0,3.0,-2.138287617957523e-19
haxs.stage5c2gR32A.g1-deterministic.v1,limit_hopping_zero_chain6,chain6_hole_2,8,surrogate,mobile_only,1.4,2.243165501409656,9.324138683375338e-18,-1.734723475976807e-17,0.7071711476093385,-1.5047546673037595,0.7116675492094644,0.8972662005638623,5.0,3.0,1.130883099356408e-18
haxs.stage5c2gR32A.g1-deterministic.v1,limit_hopping_zero_chain6,chain6_hole_4,1,surrogate,static_only,0.0,2.5,0.0,0.0,1.0009775171065494,0.004243229276517941,1.2512218963831867,1.0,5.0,3.0,0.0
haxs.stage5c2gR32A.g1-deterministic.v1,limit_hopping_zero_chain6,chain6_hole_4,1,surrogate,static_only,0.031818181818181815,2.4998396224920136,-9.540979117872439e-18,-1.3010426069826053e-17,0.9888227187003051,-0.048815640060355325,1.235869818538607,0.9999358489968054,5.0,3.0,-2.4695716151058716e-19
haxs.stage5c2gR32A.g1-deterministic.v1,limit_hopping_zero_chain6,chain6_hole_4,1,surrogate,static_only,0.06363636363636363,2.499358778509852,-3.0357660829594124e-17,1.5612511283791264e-17,0.9771860301203541,-0.10022750340649758,1.220856025324996,0.9997435114039408,5.0,3.0,-4.216341781888073e-20
haxs.stage5c2gR32A.g1-deterministic.v1,limit_hopping_zero_chain6,chain6_hole_4,1,surrogate,static_only,0.09545454545454544,2.49855833633225,3.122502256758253e-17,-3.469446951953614e-17,0.9660450663074767,-0.15002613137168516,1.2061640223753205,0.9994233345329,5.0,3.0,2.4093381610788984e-19
haxs.stage5c2gR32A.g1-deterministic.v1,limit_hopping_zero_chain6,chain6_hole_4,1,surrogate,static_only,0.12727272727272726,2.497439750660745,4.5102810375396984e-17,-1.7780915628762273e-17,0.9553771737071255,-0.19825139284048304,1.191776715832095,0.9989759002642981,5.0,3.0,2.9514392473216515e-19
haxs.stage5c2gR32A.g1-deterministic.v1,limit_hopping_zero_chain6,chain6_hole_4,1,surrogate,static_only,0.15909090909090906,2.496005073686912,8.673617379884035e-19,-1.1275702593849246e-17,0.945159557764238,-0.24494869578379622,1.1776766212606595,0.9984020294747648,5.0,3.0,4.216341781888073e-20
haxs.stage5c2gR32A.g1-deterministic.v1,limit_hopping_zero_chain6,chain6_hole_4,1,surrogate,static_only,0.1909090909090909,2.4942569699938524,5.0306980803327406e-17,-1.2576745200831851e-17,0.935369400645792,-0.29016841556067186,1.1638460664168553,0.997702787997541,5.0,3.0,3.1923730634295406e-19
haxs.stage5c2gR32A.g1-deterministic.v1,limit_hopping_zero_chain6,chain6_hole_4,1,surrogate,static_only,0.22272727272727272,2.492198734663288,8.673617379884035e-19,-1.0408340855860843e-17,0.9259839699120088,-0.33396531502750065,1.1502673867720743,0.9968794938653153,5.0,3.0,2.0479374369170636e-19
haxs.stage5c2gR32A.g1-deterministic.v1,limit_hopping_zero_chain6,chain6_hole_4,1,surrogate,static_only,0.2545454545454545,2.489834313741294,4.597017211338539e-17,-2.168404344971009e-18,0.9169807192758866,-0.37639795845923246,1.1369231131708006,0.9959337254965176,5.0,3.0,-4.216341781888074e-20
haxs.stage5c2gR32A.g1-deterministic.v1,limit_hopping_zero_chain6,chain6_hole_4,1,surrogate,static_only,0.2863636363636363,2.4871683259810418,-3.469446951953614e-18,-1.3877787807814457e-17,0.9083373829239263,-0.4175281191148403,1.1237961513455756,0.9948673303924167,5.0,3.0,2.6502719771867883e-19
haxs.stage5c2gR32A.g1-deterministic.v1,limit_hopping_zero_chain6,chain6_hole_4,1,surrogate,static_only,0.3181818181818181,2.4842060845465994,-1.3010426069826053e-17,-4.163336342344337e-17,0.9000320650900742,-0.4574201784554689,1.1108699532186865,0.9936824338186397,5.0,3.0,2.590038523159816e-19
haxs.stage5c2gR32A.g1-deterministic.v1,limit_hopping_zero_chain6,chain6_hole_4,1,surrogate,static_only,0.35,2.4809536171391784,-2.688821387764051e-17,0.0,0.8920433266618539,-0.4961405137141687,1.0981286799652459,0.9923814468556713,5.0,3.0,-6.02334540269725e-20
haxs.stage5c2gR32A.g1-deterministic.v1,limit_hopping_zero_chain6,chain6_hole_4,1,surrogate,static_only,0.3818181818181818,2.4774176828180807,5.637851296924623e-17,6.938893903907228e-18,0.8843502705338492,-0.5337568698880315,1.0855573566965828,0.9909670731272323,5.0,3.0,2.590038523159816e-19
haxs.stage5c2gR32A.g1-deterministic.v1,limit_hopping_zero_chain6,chain6_hole_4,1,surrogate,static_only,0.4136363636363636,2.4736057836529906,7.28583859910259e-17,3.469446951953614e-17,0.8769326272009418,-0.5703377123921509,1.0731420183567324,0.9894423134611963,5.0,3.0,2.4695716151058716e-19
haxs.stage5c2gR32A.g1-deterministic.v1,limit_hopping_zero_chain6,chain6_hole_4,1,surrogate,static_only,0.44545454545454544,2.46952616927829,-3.903127820947816e-17,8.239936510889834e-18,0.8697708417062917,-0.6059515576279546,1.060869846032699,0.9878104677113161,5.0,3.0,2.168404344971009e-19
haxs.stage5c2gR32A.g1-deterministic.v1,limit_hopping_zero_chain6,chain6_hole_4,1,surrogate,static_only,0.47727272727272724,2.465187832440689,-5.551115123125783e-17,-6.938893903907228e-18,0.8628461625408032,-0.6406662805669577,1.048729292398958,0.9860751329762756,5.0,3.0,3.312839971483485e-19
haxs.stage5c2gR32A.g1-deterministic.v1,limit_hopping_zero_chain6,chain6_hole_4,1,surrogate,static_only,0.509090909090909,2.4606004937492103,4.7704895589362195e-18,-2.42861286636753e-17,0.8561407324596616,-0.6745484010441103,1.0367101944979584,0.9842401974996842,5.0,3.0,-6.08357885672422e-19
haxs.stage5c2gR32A.g1-deterministic.v1,limit_hopping_zero_chain6,chain6_hole_4,1,surrogate,static_only,0.5409090909090909,2.4557745740549493,1.3010426069826053e-18,2.688821387764051e-17,0.8496376804788659,-0.7076623536198277,1.0248038715601406,0.9823098296219797,5.0,3.0,6.083578856724218e-19
haxs.stage5c2gR32A.g1-deterministic.v1,limit_hopping_zero_chain6,chain6_hole_4,1,surrogate,static_only,0.5727272727272726,2.450721153206952,-6.028164079019405e-17,1.0408340855860843e-17,0.8433212135904266,-0.740069749374674,1.0130032051528797,0.9802884612827809,5.0,3.0,-1.3251359885933942e-19
haxs.stage5c2gR32A.g1-deterministic.v1,limit_hopping_zero_chain6,chain6_hole_4,1,surrogate,static_only,0.6045454545454545,2.445451914344676,-4.7704895589362195e-18,3.469446951953614e-17,0.8371767060456078,-0.7718286415632641,1.001302698681321,0.9781807657378703,5.0,3.0,4.397042143968991e-19
haxs.stage5c2gR32A.g1-deterministic.v1,limit_hopping_zero_chain6,chain6_hole_4,1,surrogate,static_only,0.6363636363636362,2.4399790733822773,-8.239936510889834e-18,-2.0816681711721685e-17,0.8311907834626413,-0.8029928103498474,0.9896985132019385,0.975991629352911,5.0,3.0,9.035018104045871e-20
haxs.stage5c2gR32A.g1-deterministic.v1,limit_hopping_zero_chain6,chain6_hole_4,1,surrogate,static_only,0.6681818181818181,2.434315293901564,-1.734723475976807e-17,8.239936510889834e-18,0.8253513985734511,-0.8336110845692004,0.9781884766955647,0.9737261175606257,5.0,3.0,8.071282839614312e-19
haxs.stage5c2gR32A.g1-deterministic.v1,limit_hopping_zero_chain6,chain6_hole_4,1,surrogate,static_only,0.7,2.4284735882734414,7.37257477290143e-18,-5.637851296924623e-18,0.8196478951839891,-0.863726720297807,0.9667720644048738,0.9713894353093766,5.0,3.0,9.035018104045871e-20
haxs.stage5c2gR32A.g1-deterministic.v1,limit_hopping_zero_chain6,chain6_hole_4,1,surrogate,static_only,0.7318181818181817,2.4224672064494372,-1.734723475976807e-17,-1.951563910473908e-17,0.8140710569172421,-0.8933768567564506,0.9554503485720062,0.9689868825797749,5.0,3.0,3.132139609402569e-19
haxs.stage5c2gR32A.g1-deterministic.v1,limit_hopping_zero_chain6,chain6_hole_4,1,surrogate,static_only,0.7636363636363636,2.4163095144717146,8.673617379884035e-18,1.0408340855860843e-17,0.8086131375562547,-0.9225920695258244,0.9442259168883764,0.9665238057886858,5.0,3.0,8.854317741964954e-19
haxs.stage5c2gR32A.g1-deterministic.v1,limit_hopping_zero_chain6,chain6_hole_4,1,surrogate,static_only,0.7954545454545454,2.410013865310548,-6.765421556309548e-17,1.9949319973733282e-17,0.8032678703014563,-0.9513960391901191,0.9331027601368325,0.9640055461242192,5.0,3.0,4.87890977618477e-19
haxs.stage5c2gR32A.g1-deterministic.v1,limit_hopping_zero_chain6,chain6_hole_4,1,surrogate,static_only,0.8272727272727272,2.4035934651175683,2.3852447794681098e-17,-4.119968255444917e-17,0.7980304539768722,-0.9798053503806377,0.9220861307886169,0.9614373860470273,5.0,3.0,4.63797596007688e-19
haxs.stage5c2gR32A.g1-deterministic.v1,limit_hopping_zero_chain6,chain6_hole_4,1,surrogate,static_only,0.859090909090909,2.3970612383458993,-1.9081958235744878e-17,-8.673617379884035e-19,0.7928975151181047,-1.007829431931301,0.9111823756188613,0.9588244953383598,5.0,3.0,8.794084287937982e-19
haxs.stage5c2gR32A.g1-deterministic.v1,limit_hopping_zero_chain6,chain6_hole_4,1,surrogate,static_only,0.8909090909090909,2.3904296954056954,-3.859759734048396e-17,1.951563910473908e-17,0.7878670458871782,-1.0354706437496817,0.9003987466210116,0.9561718781622781,5.0,3.0,-3.7947076036992655e-19
haxs.stage5c2gR32A.g1-deterministic.v1,limit_hopping_zero_chain6,chain6_hole_4,1,surrogate,static_only,0.9227272727272726,2.383710806569625,1.6479873021779667e-17,1.474514954580286e-17,0.7829383188123223,-1.0627245103862328,0.889743195531127,0.95348432262785,5.0,3.0,2.4695716151058716e-19
haxs.stage5c2gR32A.g1-deterministic.v1,limit_hopping_zero_chain6,chain6_hole_4,1,surrogate,static_only,0.9545454545454545,2.376915885703128,3.903127820947816e-18,3.469446951953614e-18,0.7781117803656694,-1.0895800955414503,0.8792241580289127,0.9507663542812512,5.0,3.0,-3.6742406956453205e-19
haxs.stage5c2gR32A.g1-deterministic.v1,limit_hopping_zero_chain6,chain6_hole_4,1,surrogate,static_only,0.9863636363636362,2.3700554870659367,-1.0842021724855044e-17,-1.734723475976807e-17,0.773388926293725,-1.1160205062855937,0.8688503340981348,0.9480221948263747,5.0,3.0,7.649648661425502e-19
haxs.stage5c2gR32A.g1-deterministic.v1,limit_hopping_zero_chain6,chain6_hole_4,1,surrogate,static_only,1.018181818181818,2.3631393179230287,-5.204170427930421e-18,9.540979117872439e-18,0.7687721623413081,-1.1420235109451162,0.858630471069103,0.9452557271692115,5.0,3.0,1.5058363506743114e-19
haxs.stage5c2gR32A.g1-deterministic.v1,limit_hopping_zero_chain6,chain6_hole_4,1,surrogate,static_only,1.0499999999999998,2.3561761690398315,4.163336342344337e-17,1.2576745200831851e-17,0.7642646545121468,-1.1675622507456889,0.8485731555290887,0.9424704676159326,5.0,3.0,-1.505836350674312e-19
haxs.stage5c2gR32A.g1-deterministic.v1,limit_hopping_zero_chain6,chain6_hole_4,1,surrogate,static_only,1.0818181818181818,2.349173864353819,4.336808689942018e-18,6.938893903907228e-18,0.7598701732633,-1.1926060226092847,0.8386866196052033,0.9396695457415276,5.0,3.0,4.216341781888072e-20
haxs.stage5c2gR32A.g1-deterministic.v1,limit_hopping_zero_chain6,chain6_hole_4,1,surrogate,static_only,1.1136363636363635,2.3421392302591957,-3.469446951953614e-18,-3.469446951953614e-18,0.7555929360338975,-1.2171211090880525,0.8289785661613194,0.9368556921036783,5.0,3.0,1.8672370748361464e-19
haxs.stage5c2gR32A.g1-deterministic.v1,limit_hopping_zero_chain6,chain6_hole_4,1,surrogate,static_only,1.1454545454545453,2.335078084066869,1.8648277366750676e-17,-2.5587171270657905e-17,0.7514374522805577,-1.2410716312752437,0.8194560162913754,0.9340312336267476,5.0,3.0,-6.384746126859081e-19
haxs.stage5c2gR32A.g1-deterministic.v1,limit_hopping_zero_chain6,chain6_hole_4,1,surrogate,static_only,1.1772727272727272,2.3279952403655884,8.239936510889834e-18,8.239936510889834e-18,0.7474083747698453,-1.2644204015516116,0.8101251812349725,0.9311980961462354,5.0,3.0,-7.408714845317615e-19
haxs.stage5c2gR32A.g1-deterministic.v1,limit_hopping_zero_chain6,chain6_hole_4,1,surrogate,static_only,1.209090909090909,2.320894533265036,-1.734723475976807e-18,1.2576745200831851e-17,0.7435103603146521,-1.2871297549961165,0.8009913595895783,0.9283578133060144,5.0,3.0,-3.209883240645393e-35
haxs.stage5c2gR32A.g1-deterministic.v1,limit_hopping_zero_chain6,chain6_hole_4,1,surrogate,static_only,1.2409090909090907,2.3137788518973195,-4.5102810375396984e-17,-3.5561831257524545e-17,0.7397479424940229,-1.3091623409532533,0.7920588595418282,0.9255115407589278,5.0,3.0,4.758442868130824e-19
haxs.stage5c2gR32A.g1-deterministic.v1,limit_hopping_zero_chain6,chain6_hole_4,1,surrogate,static_only,1.2727272727272725,2.3066501861278983,-1.734723475976807e-17,-1.8214596497756474e-17,0.7361254182238978,-1.3304818593119239,0.7833309448676988,0.9226600744511593,5.0,3.0,-2.3491047070519266e-19
haxs.stage5c2gR32A.g1-deterministic.v1,limit_hopping_zero_chain6,chain6_hole_4,1,surrogate,static_only,1.3045454545454545,2.2995096792035588,-2.6020852139652106e-18,6.071532165918825e-18,0.7326467494041522,-1.3510537292169886,0.7748098027147072,0.9198038716814235,5.0,3.0,-5.360777408400551e-19
haxs.stage5c2gR32A.g1-deterministic.v1,limit_hopping_zero_chain6,chain6_hole_4,1,surrogate,static_only,1.3363636363636362,2.2923576840570625,-5.551115123125783e-17,-3.469446951953614e-18,0.7293154802963007,-1.370845680962497,0.7664965307098867,0.916943073622825,5.0,3.0,6.023345402697247e-21
haxs.stage5c2gR32A.g1-deterministic.v1,limit_hopping_zero_chain6,chain6_hole_4,1,surrogate,static_only,1.368181818181818,2.2851938201862234,-1.734723475976807e-18,1.3010426069826053e-18,0.7261346708183066,-1.3898282644953095,0.7583911407395049,0.9140775280744894,5.0,3.0,-1.9274705288631191e-19
haxs.stage5c2gR32A.g1-deterministic.v1,limit_hopping_zero_chain6,chain6_hole_4,1,surrogate,static_only,1.4,2.278017028413964,2.233456475320139e-17,1.474514954580286e-17,0.7231068455898775,-1.4079752701841612,0.7504925768000381,0.9112068113655856,5.0,3.0,4.2163417818880727e-19
haxs.stage5c2gR32A.g1-deterministic.v1,limit_hopping_zero_chain6,chain6_hole_4,2,surrogate,static_only,0.0,2.5,0.0,0.0,1.0009775171065494,0.004243229276517941,1.2512218963831867,1.0,5.0,3.0,0.0
haxs.stage5c2gR32A.g1-deterministic.v1,limit_hopping_zero_chain6,chain6_hole_4,2,surrogate,static_only,0.031818181818181815,2.499839622430325,7.112366251504909e-17,3.469446951953614e-18,0.9888227184341407,-0.04881564122935902,1.235869818144949,0.9999358489721301,5.0,3.0,4.517509052022936e-19
haxs.stage5c2gR32A.g1-deterministic.v1,limit_hopping_zero_chain6,chain6_hole_4,2,surrogate,static_only,0.06363636363636363,2.499358778378643,4.336808689942018e-18,-1.734723475976807e-18,0.977186029610219,-0.10022750567371005,1.2208560245594713,0.9997435113514571,5.0,3.0,-1.385369442620367e-19
haxs.stage5c2gR32A.g1-deterministic.v1,limit_hopping_zero_chain6,chain6_hole_4,2,surrogate,static_only,0.09545454545454544,2.4985583361234136,4.336808689942018e-17,-3.729655473350135e-17,0.9660450655743208,-0.15002613466765508,1.2061640212583031,0.9994233344493655,5.0,3.0,3.132139609402569e-19
haxs.stage5c2gR32A.g1-deterministic.v1,limit_hopping_zero_chain6,chain6_hole_4,2,surrogate,static_only,0.12727272727272726,2.4974397503657078,-4.336808689942018e-17,6.071532165918825e-18,0.9553771727708431,-0.19825139709662695,1.1917767143825548,0.9989759001462831,5.0,3.0,-3.43330687953743e-19
haxs.stage5c2gR32A.g1-deterministic.v1,limit_hopping_zero_chain6,chain6_hole_4,2,surrogate,static_only,0.15909090909090906,2.49600507329642,-6.938893903907228e-18,8.673617379884035e-18,0.9451595566438542,-0.24494870093188462,1.1776766194961645,0.9984020293185679,5.0,3.0,4.156108327861101e-19
haxs.stage5c2gR32A.g1-deterministic.v1,limit_hopping_zero_chain6,chain6_hole_4,2,surrogate,static_only,0.1909090909090909,2.494256969497689,-4.336808689942018e-18,-1.6479873021779667e-17,0.9353693993596667,-0.29016842153218564,1.1638460643535464,0.9977027877990755,5.0,3.0,-3.9151745117532105e-19
haxs.stage5c2gR32A.g1-deterministic.v1,limit_hopping_zero_chain6,chain6_hole_4,2,surrogate,static_only,0.22272727272727272,2.49219873405019,-1.3010426069826053e-17,-1.1709383462843448e-17,0.9259839684778435,-0.33396532175385996,1.150267384424591,0.996879493620076,5.0,3.0,-4.2163417818880717e-20
haxs.stage5c2gR32A.g1-deterministic.v1,limit_hopping_zero_chain6,chain6_hole_4,2,surrogate,static_only,0.2545454545454545,2.489834312998702,1.0408340855860843e-17,1.3877787807814457e-17,0.9169807177108035,-0.37639796587167823,1.136923110552151,0.9959337251994809,5.0,3.0,-4.577742506049908e-19
haxs.stage5c2gR32A.g1-deterministic.v1,limit_hopping_zero_chain6,chain6_hole_4,2,surrogate,static_only,0.2863636363636363,2.487168325094995,1.9949319973733282e-17,2.0816681711721685e-17,0.9083373812443913,-0.41752812714503673,1.1237961484669543,0.994867330037998,5.0,3.0,-3.493540333564404e-19
haxs.stage5c2gR32A.g1-deterministic.v1,limit_hopping_zero_chain6,chain6_hole_4,2,surrogate,static_only,0.3181818181818181,2.4842060835017548,-1.0321604682062002e-16,0.0,0.9000320633116755,-0.45742018703681564,1.1108699500892345,0.993682433400702,5.0,3.0,5.421010862427522e-20
haxs.stage5c2gR32A.g1-deterministic.v1,limit_hopping_zero_chain6,chain6_hole_4,2,surrogate,static_only,0.35,2.4809536159187164,-4.85722573273506e-17,-1.8648277366750676e-17,0.8920433247991397,-0.4961405227828594,1.0981286765917855,0.9923814463674866,5.0,3.0,2.2286377989979816e-19
haxs.stage5c2gR32A.g1-deterministic.v1,limit_hopping_zero_chain6,chain6_hole_4,2,surrogate,static_only,0.3818181818181818,2.4774176814038738,3.8163916471489756e-17,4.0332320816460765e-17,0.8843502685999635,-0.5337568793851271,1.085557353083343,0.9909670725615495,5.0,3.0,-1.3793460972176696e-18
haxs.stage5c2gR32A.g1-deterministic.v1,limit_hopping_zero_chain6,chain6_hole_4,2,surrogate,static_only,0.4136363636363636,2.473605782025837,5.637851296924623e-17,-2.7755575615628914e-17,0.8769326252072283,-0.5703377222658716,1.0731420145050958,0.9894423128103348,5.0,3.0,-2.9514392473216515e-19
haxs.stage5c2gR32A.g1-deterministic.v1,limit_hopping_zero_chain6,chain6_hole_4,2,surrogate,static_only,0.44545454545454544,2.4695261674181403,-9.540979117872439e-18,4.7704895589362195e-18,0.869770839661955,-0.6059515678357484,1.0608698419410147,0.9878104669672562,5.0,3.0,-3.9151745117532105e-19
haxs.stage5c2gR32A.g1-deterministic.v1,limit_hopping_zero_chain6,chain6_hole_4,2,surrogate,static_only,0.47727272727272724,2.46518783032704,-2.7321894746634712e-17,-2.168404344971009e-18,0.8628461604525322,-0.6406662910778067,1.0487292880624517,0.9860751321308159,5.0,3.0,-3.1923730634295406e-19
haxs.stage5c2gR32A.g1-deterministic.v1,limit_hopping_zero_chain6,chain6_hole_4,2,surrogate,static_only,0.509090909090909,2.4606004913616784,1.6046192152785466e-17,-1.951563910473908e-17,0.856140730331246,-0.6745484118409231,1.0367101899087874,0.9842401965446713,5.0,3.0,4.818676322157797e-19
haxs.stage5c2gR32A.g1-deterministic.v1,limit_hopping_zero_chain6,chain6_hole_4,2,surrogate,static_only,0.5409090909090909,2.4557745713737074,1.0842021724855044e-17,1.734723475976807e-17,0.8496376783110514,-0.707662364700667,1.0248038667076127,0.9823098285494829,5.0,3.0,-8.733850833911008e-19
haxs.stage5c2gR32A.g1-deterministic.v1,limit_hopping_zero_chain6,chain6_hole_4,2,surrogate,static_only,0.5727272727272726,2.4507211502134183,-4.336808689942018e-19,3.8163916471489756e-17,0.8433212113807699,-0.7400697607539881,1.0130032000238764,0.9802884600853673,5.0,3.0,-3.312839971483486e-19
haxs.stage5c2gR32A.g1-deterministic.v1,limit_hopping_zero_chain6,chain6_hole_4,2,surrogate,static_only,0.6045454545454545,2.4454519110220843,1.951563910473908e-17,-3.469446951953614e-18,0.8371767037885974,-0.7718286532717499,1.0013026932609264,0.9781807644088337,5.0,3.0,7.228014483236693e-20
haxs.stage5c2gR32A.g1-deterministic.v1,limit_hopping_zero_chain6,chain6_hole_4,2,surrogate,static_only,0.6363636363636362,2.4399790697164163,-7.37257477290143e-18,5.637851296924623e-18,0.8311907811498905,-0.8029928224338949,0.9896985074742715,0.9759916278865666,5.0,3.0,3.1923730634295406e-19
haxs.stage5c2gR32A.g1-deterministic.v1,limit_hopping_zero_chain6,chain6_hole_4,2,surrogate,static_only,0.6681818181818181,2.4343152898813214,4.7704895589362195e-18,1.734723475976807e-17,0.8253513961942016,-0.8336110970886548,0.9781884706447967,0.9737261159525286,5.0,3.0,1.1444356265124774e-19
haxs.stage5c2gR32A.g1-deterministic.v1,limit_hopping_zero_chain6,chain6_hole_4,2,surrogate,static_only,0.7,2.4284735838914715,1.0061396160665481e-16,3.469446951953614e-17,0.8196478927256781,-0.8637267333232891,0.9667720580163912,0.9713894335565886,5.0,3.0,-4.878909776184769e-19
haxs.stage5c2gR32A.g1-deterministic.v1,limit_hopping_zero_chain6,chain6_hole_4,2,surrogate,static_only,0.7318181818181817,2.422467201702641,1.0842021724855044e-17,7.37257477290143e-18,0.814071054366302,-0.8933768703653269,0.9554503418336578,0.9689868806810564,5.0,3.0,-5.4210108624275204e-20
haxs.stage5c2gR32A.g1-deterministic.v1,limit_hopping_zero_chain6,chain6_hole_4,2,surrogate,static_only,0.7636363636363636,2.4163095093616804,8.673617379884035e-17,-4.2934406030425976e-17,0.8086131348989873,-0.9225920837976253,0.944225909791742,0.9665238037446722,5.0,3.0,-2.710505431213761e-19
haxs.stage5c2gR32A.g1-deterministic.v1,limit_hopping_zero_chain6,chain6_hole_4,2,surrogate,static_only,0.7954545454545454,2.410013859843858,-8.153200337090993e-17,-2.7755575615628914e-17,0.8032678675249846,-0.9513960542013798,0.9331027526784336,0.9640055439375432,5.0,3.0,1.4456028966473396e-19
haxs.stage5c2gR32A.g1-deterministic.v1,limit_hopping_zero_chain6,chain6_hole_4,2,surrogate,static_only,0.8272727272727272,2.4035934593058736,3.0357660829594124e-18,0.0,0.7980304510701623,-0.9798053661991826,0.9220861229709929,0.9614373837223494,5.0,3.0,-1.5660698047012844e-19
haxs.stage5c2gR32A.g1-deterministic.v1,limit_hopping_zero_chain6,chain6_hole_4,2,surrogate,static_only,0.859090909090909,2.397061232205891,1.0408340855860843e-17,-7.806255641895632e-18,0.7928975120729033,-1.0078294486108106,0.9111823674514363,0.9588244928823564,5.0,3.0,7.288247937263669e-19
haxs.stage5c2gR32A.g1-deterministic.v1,limit_hopping_zero_chain6,chain6_hole_4,2,surrogate,static_only,0.8909090909090909,2.390429688958898,-1.734723475976807e-17,2.6454533008646308e-17,0.7878670426988543,-1.0354706613246198,0.9003987381206905,0.9561718755835592,5.0,3.0,-7.228014483236696e-20
haxs.stage5c2gR32A.g1-deterministic.v1,limit_hopping_zero_chain6,chain6_hole_4,2,surrogate,static_only,0.9227272727272726,2.3837107998418468,-1.9949319973733282e-17,2.168404344971009e-17,0.782938315480676,-1.062724528866815,0.8897431867225756,0.9534843199367387,5.0,3.0,-1.6049416203226965e-35
haxs.stage5c2gR32A.g1-deterministic.v1,limit_hopping_zero_chain6,chain6_hole_4,2,surrogate,static_only,0.9545454545454545,2.376915878723962,-5.637851296924623e-18,-1.2576745200831851e-17,0.7781117768954088,-1.0895801149103261,0.8792241489445017,0.9507663514895848,5.0,3.0,-3.4333068795374305e-19
haxs.stage5c2gR32A.g1-deterministic.v1,limit_hopping_zero_chain6,chain6_hole_4,2,surrogate,static_only,0.9863636363636362,2.3700554798679176,5.160802341031001e-17,1.6046192152785466e-17,0.7733889226948644,-1.1160205264948995,0.868850324777543,0.9480221919471671,5.0,3.0,6.62567994296697e-20
haxs.stage5c2gR32A.g1-deterministic.v1,limit_hopping_zero_chain6,chain6_hole_4,2,surrogate,static_only,1.018181818181818,2.3631393105407144,-3.469446951953614e-18,-6.5052130349130266e-18,0.7687721586293117,-1.1420235319149121,0.8586304615586016,0.9452557242162858,5.0,3.0,1.2046690805394497e-19
haxs.stage5c2gR32A.g1-deterministic.v1,limit_hopping_zero_chain6,chain6_hole_4,2,surrogate,static_only,1.0499999999999998,2.3561761615088357,-3.3393426912553537e-17,4.2934406030425976e-17,0.7642646507078202,-1.1675622723638288,0.8485731458805419,0.9424704646035342,5.0,3.0,-6.987080667128808e-19
haxs.stage5c2gR32A.g1-deterministic.v1,limit_hopping_zero_chain6,chain6_hole_4,2,surrogate,static_only,1.0818181818181818,2.3491738567097964,4.7704895589362195e-18,-2.6454533008646308e-17,0.7598701693924773,-1.1926060447324973,0.8386866098748476,0.9396695426839186,5.0,3.0,4.63797596007688e-19
haxs.stage5c2gR32A.g1-deterministic.v1,limit_hopping_zero_chain6,chain6_hole_4,2,surrogate,static_only,1.1136363636363635,2.34213922253685,2.3852447794681098e-17,-2.168404344971009e-18,0.7555929321269222,-1.217121131544295,0.8289785564083798,0.9368556890147399,5.0,3.0,2.4093381610788983e-20
haxs.stage5c2gR32A.g1-deterministic.v1,limit_hopping_zero_chain6,chain6_hole_4,2,surrogate,static_only,1.1454545454545453,2.335078076299025,-2.8189256484623115e-17,3.382710778154774e-17,0.7514374483715813,-1.2410716538672353,0.819456006576581,0.93403123051961,5.0,3.0,-2.0479374369170636e-19
haxs.stage5c2gR32A.g1-deterministic.v1,limit_hopping_zero_chain6,chain6_hole_4,2,surrogate,static_only,1.1772727272727272,2.3279952325823983,-8.239936510889834e-18,1.1709383462843448e-17,0.7474083708959767,-1.2644204240613917,0.8101251716190528,0.9311980930329593,5.0,3.0,1.9877039828900911e-19
haxs.stage5c2gR32A.g1-deterministic.v1,limit_hopping_zero_chain6,chain6_hole_4,2,surrogate,static_only,1.209090909090909,2.3208945254932796,4.7704895589362195e-18,-1.3010426069826053e-18,0.7435103565150201,-1.2871297771902823,0.8009913501317901,0.9283578101973118,5.0,3.0,3.975407965780183e-19
haxs.stage5c2gR32A.g1-deterministic.v1,limit_hopping_zero_chain6,chain6_hole_4,2,surrogate,static_only,1.2409090909090907,2.3137788441599723,7.112366251504909e-17,1.1275702593849246e-17,0.7397479388087075,-1.309162362589165,0.7920588502985694,0.9255115376639889,5.0,3.0,1.8070036208091744e-19
haxs.stage5c2gR32A.g1-deterministic.v1,limit_hopping_zero_chain6,chain6_hole_4,2,surrogate,static_only,1.2727272727272725,2.3066501784437645,-4.4885969940899884e-17,-8.673617379884035e-19,0.7361254146928947,-1.3304818801439058,0.7833309358912492,0.9226600713775058,5.0,3.0,-1.023968718458532e-19
haxs.stage5c2gR32A.g1-deterministic.v1,limit_hopping_zero_chain6,chain6_hole_4,2,surrogate,static_only,1.3045454545454545,2.299509671587161,5.204170427930421e-18,3.469446951953614e-18,0.7326467460662885,-1.3510537490030012,0.7748097940521287,0.9198038686348644,5.0,3.0,-4.336808689942018e-19
haxs.stage5c2gR32A.g1-deterministic.v1,limit_hopping_zero_chain6,chain6_hole_4,2,surrogate,static_only,1.3363636363636362,2.292357676518547,-3.122502256758253e-17,2.6454533008646308e-17,0.729315477188267,-1.3708456994702887,0.7664965224020903,0.9169430706074188,5.0,3.0,-6.143812310751193e-19
haxs.stage5c2gR32A.g1-deterministic.v1,limit_hopping_zero_chain6,chain6_hole_4,2,surrogate,static_only,1.368181818181818,2.285193812731562,2.3201926491189795e-17,3.729655473350135e-17,0.7261346679736537,-1.3898282815089178,0.7583911328205042,0.9140775250926249,5.0,3.0,1.2649025345664222e-19
haxs.stage5c2gR32A.g1-deterministic.v1,limit_hopping_zero_chain6,chain6_hole_4,2,surrogate,static_only,1.4,2.278017021045081,-3.382710778154774e-17,6.071532165918825e-18,0.7231068430382069,-1.4079752855093712,0.7504925692963739,0.9112068084180324,5.0,3.0,3.0116727013486254e-20
haxs.stage5c2gR32A.g1-deterministic.v1,limit_hopping_zero_chain6,chain6_hole_4,4,surrogate,static_only,0.0,2.5,0.0,0.0,1.0009775171065494,0.004243229276517941,1.2512218963831867,1.0,5.0,3.0,0.0
haxs.stage5c2gR32A.g1-deterministic.v1,limit_hopping_zero_chain6,chain6_hole_4,4,surrogate,static_only,0.031818181818181815,2.499839622428271,3.642919299551295e-17,-2.5153490401663703e-17,0.9888227184172187,-0.04881564130368113,1.235869818121768,0.9999358489713084,5.0,3.0,4.8186763221577966e-20
haxs.stage5c2gR32A.g1-deterministic.v1,limit_hopping_zero_chain6,chain6_hole_4,4,surrogate,static_only,0.06363636363636363,2.499358778374047,1.1275702593849246e-17,8.239936510889834e-18,0.977186029577769,-0.10022750581792901,1.2208560245144395,0.9997435113496188,5.0,3.0,1.2046690805394497e-19
haxs.stage5c2gR32A.g1-deterministic.v1,limit_hopping_zero_chain6,chain6_hole_4,4,surrogate,static_only,0.09545454545454544,2.4985583361157655,3.8163916471489756e-17,-1.3010426069826053e-18,0.9660450655276684,-0.15002613487738503,1.2061640211926707,0.9994233344463062,5.0,3.0,-1.2649025345664222e-19
haxs.stage5c2gR32A.g1-deterministic.v1,limit_hopping_zero_chain6,chain6_hole_4,4,surrogate,static_only,0.12727272727272726,2.4974397503544585,8.673617379884035e-17,-2.7755575615628914e-17,0.9553771727112553,-0.19825139736750055,1.1917767142974862,0.9989759001417834,5.0,3.0,4.758442868130824e-19
haxs.stage5c2gR32A.g1-deterministic.v1,limit_hopping_zero_chain6,chain6_hole_4,4,surrogate,static_only,0.15909090909090906,2.4960050732809806,-1.1275702593849246e-17,-1.6046192152785466e-17,0.9451595565725414,-0.24494870125956236,1.1776766193927388,0.9984020293123923,5.0,3.0,-5.240310500346605e-19
haxs.stage5c2gR32A.g1-deterministic.v1,limit_hopping_zero_chain6,chain6_hole_4,4,surrogate,static_only,0.1909090909090909,2.4942569694774077,-2.0816681711721685e-17,2.42861286636753e-17,0.9353693992778004,-0.290168421912293,1.1638460642327562,0.9977027877909631,5.0,3.0,-2.4093381610788998e-20
haxs.stage5c2gR32A.g1-deterministic.v1,limit_hopping_zero_chain6,chain6_hole_4,4,surrogate,static_only,0.22272727272727272,2.492198734024364,-1.0408340855860843e-17,-3.122502256758253e-17,0.9259839683865418,-0.33396532218207253,1.1502673842873354,0.9968794936097456,5.0,3.0,-6.02334540269724e-21
haxs.stage5c2gR32A.g1-deterministic.v1,limit_hopping_zero_chain6,chain6_hole_4,4,surrogate,static_only,0.2545454545454545,2.489834312966493,-7.806255641895632e-18,-4.683753385137379e-17,0.9169807176111886,-0.3763979663434677,1.1369231103992277,0.9959337251865972,5.0,3.0,-4.216341781888072e-19
haxs.stage5c2gR32A.g1-deterministic.v1,limit_hopping_zero_chain6,chain6_hole_4,4,surrogate,static_only,0.2863636363636363,2.4871683250555354,6.245004513516506e-17,-1.1709383462843448e-17,0.9083373811374966,-0.417528127656122,1.1237961482990455,0.9948673300222142,5.0,3.0,-9.99875336847743e-19
haxs.stage5c2gR32A.g1-deterministic.v1,limit_hopping_zero_chain6,chain6_hole_4,4,surrogate,static_only,0.3181818181818181,2.4842060834540773,-1.734723475976807e-17,1.1709383462843448e-17,0.9000320631984888,-0.45742018758297787,1.110869949906893,0.993682433381631,5.0,3.0,-5.059610138265689e-19
haxs.stage5c2gR32A.g1-deterministic.v1,limit_hopping_zero_chain6,chain6_hole_4,4,surrogate,static_only,0.35,2.480953615861738,4.163336342344337e-17,2.42861286636753e-17,0.8920433246805974,-0.4961405233599868,1.0981286763954168,0.9923814463446952,5.0,3.0,-2.770738885240733e-19
haxs.stage5c2gR32A.g1-deterministic.v1,limit_hopping_zero_chain6,chain6_hole_4,4,surrogate,static_only,0.3818181818181818,2.4774176813364344,5.811323644522304e-17,5.637851296924623e-18,0.8843502684769076,-0.5337568799894408,1.085557352873188,0.9909670725345737,5.0,3.0,-4.216341781888072e-20
haxs.stage5c2gR32A.g1-deterministic.v1,limit_hopping_zero_chain6,chain6_hole_4,4,surrogate,static_only,0.4136363636363636,2.4736057819467145,-1.0061396160665481e-16,9.540979117872439e-18,0.8769326250803804,-0.5703377228940765,1.0731420142812138,0.9894423127786858,5.0,3.0,-3.8549410577262383e-19
haxs.stage5c2gR32A.g1-deterministic.v1,limit_hopping_zero_chain6,chain6_hole_4,4,surrogate,static_only,0.44545454545454544,2.4695261673260522,-1.3877787807814457e-17,-3.903127820947816e-18,0.8697708395319061,-0.6059515684851092,1.0608698417032734,0.9878104669304208,5.0,3.0,5.481244316454493e-19
haxs.stage5c2gR32A.g1-deterministic.v1,limit_hopping_zero_chain6,chain6_hole_4,4,surrogate,static_only,0.47727272727272724,2.465187830220702,2.0816681711721685e-17,-1.6479873021779667e-17,0.8628461603196953,-0.6406662917464117,1.0487292878105225,0.9860751320882809,5.0,3.0,3.9151745117532105e-19
haxs.stage5c2gR32A.g1-deterministic.v1,limit_hopping_zero_chain6,chain6_hole_4,4,surrogate,static_only,0.509090909090909,2.46060049123981,8.500145032286355e-17,5.637851296924623e-18,0.8561407301958535,-0.674548412527729,1.0367101896421471,0.984240196495924,5.0,3.0,-1.9877039828900919e-19
haxs.stage5c2gR32A.g1-deterministic.v1,limit_hopping_zero_chain6,chain6_hole_4,4,surrogate,static_only,0.5409090909090909,2.4557745712350436,-3.252606517456513e-17,-1.3010426069826053e-18,0.8496376781731568,-0.7076623654055187,1.0248038664255592,0.9823098284940175,5.0,3.0,-1.6865367127552291e-19
haxs.stage5c2gR32A.g1-deterministic.v1,limit_hopping_zero_chain6,chain6_hole_4,4,surrogate,static_only,0.5727272727272726,2.450721150056772,3.252606517456513e-17,8.239936510889834e-18,0.8433212112402292,-0.7400697614777462,1.0130031997255589,0.9802884600227089,5.0,3.0,5.842645040616329e-19
haxs.stage5c2gR32A.g1-deterministic.v1,limit_hopping_zero_chain6,chain6_hole_4,4,surrogate,static_only,0.6045454545454545,2.445451910846423,1.6046192152785466e-17,2.0816681711721685e-17,0.8371767036450458,-0.7718286540164393,1.001302692945381,0.9781807643385692,5.0,3.0,6.625679942966972e-19
haxs.stage5c2gR32A.g1-deterministic.v1,limit_hopping_zero_chain6,chain6_hole_4,4,surrogate,static_only,0.6363636363636362,2.439979069520843,8.673617379884035e-18,2.168404344971009e-18,0.8311907810028026,-0.8029928232024244,0.9896985071404779,0.9759916278083371,5.0,3.0,2.4695716151058716e-19
haxs.stage5c2gR32A.g1-deterministic.v1,limit_hopping_zero_chain6,chain6_hole_4,4,surrogate,static_only,0.6681818181818181,2.434315289665141,2.0383000842727483e-17,-5.204170427930421e-17,0.8253513960429015,-0.8336110978847859,0.9781884702917423,0.9737261158660564,5.0,3.0,-2.3491047070519266e-19
haxs.stage5c2gR32A.g1-deterministic.v1,limit_hopping_zero_chain6,chain6_hole_4,4,surrogate,static_only,0.7,2.4284735836542373,1.5612511283791264e-17,1.3877787807814457e-17,0.8196478925693718,-0.8637267341514858,0.9667720576431433,0.9713894334616949,5.0,3.0,2.9514392473216515e-19
haxs.stage5c2gR32A.g1-deterministic.v1,limit_hopping_zero_chain6,chain6_hole_4,4,surrogate,static_only,0.7318181818181817,2.422467201444175,-3.165870343657673e-17,-2.168404344971009e-18,0.8140710542041348,-0.8933768712304639,0.9554503414394429,0.9689868805776699,5.0,3.0,-9.155485012099815e-19
haxs.stage5c2gR32A.g1-deterministic.v1,limit_hopping_zero_chain6,chain6_hole_4,4,surrogate,static_only,0.7636363636363636,2.416309509082093,-5.204170427930421e-18,-1.6479873021779667e-17,0.8086131347301045,-0.9225920847046705,0.944225909376026,0.9665238036328372,5.0,3.0,6.08357885672422e-19
haxs.stage5c2gR32A.g1-deterministic.v1,limit_hopping_zero_chain6,chain6_hole_4,4,surrogate,static_only,0.7954545454545454,2.410013859543577,6.5052130349130266e-18,0.0,0.8032678673485838,-0.9513960551551076,0.9331027522409965,0.9640055438174308,5.0,3.0,-1.4456028966473392e-19
haxs.stage5c2gR32A.g1-deterministic.v1,limit_hopping_zero_chain6,chain6_hole_4,4,surrogate,static_only,0.8272727272727272,2.4035934589856565,3.9898639947466563e-17,-3.252606517456513e-17,0.7980304508855525,-0.9798053672038441,0.9220861225119963,0.9614373835942626,5.0,3.0,5.4210108624275216e-20
haxs.stage5c2gR32A.g1-deterministic.v1,limit_hopping_zero_chain6,chain6_hole_4,4,surrogate,static_only,0.859090909090909,2.397061231866816,3.859759734048396e-17,-3.469446951953614e-18,0.7928975118795653,-1.0078294496697826,0.9111823669714745,0.9588244927467263,5.0,3.0,6.143812310751193e-19
haxs.stage5c2gR32A.g1-deterministic.v1,limit_hopping_zero_chain6,chain6_hole_4,4,surrogate,static_only,0.8909090909090909,2.3904296886023215,4.336808689942018e-19,4.7704895589362195e-18,0.787867042496517,-1.0354706624399603,0.900398737620831,0.9561718754409286,5.0,3.0,-1.1625056627205688e-18
haxs.stage5c2gR32A.g1-deterministic.v1,limit_hopping_zero_chain6,chain6_hole_4,4,surrogate,static_only,0.9227272727272726,2.3837107994694366,-2.0383000842727483e-17,-1.0408340855860843e-17,0.7829383152693138,-1.0627245300392378,0.8897431862043689,0.9534843197877747,5.0,3.0,-1.096248863290899e-18
haxs.stage5c2gR32A.g1-deterministic.v1,limit_hopping_zero_chain6,chain6_hole_4,4,surrogate,static_only,0.9545454545454545,2.376915878337584,-4.5102810375396984e-17,1.8648277366750676e-17,0.7781117766753319,-1.0895801161386607,0.8792241484099832,0.9507663513350335,5.0,3.0,-3.0719061553755965e-19
haxs.stage5c2gR32A.g1-deterministic.v1,limit_hopping_zero_chain6,chain6_hole_4,4,surrogate,static_only,0.9863636363636362,2.3700554794696354,-1.5612511283791264e-17,-1.3877787807814457e-17,0.773388922466702,-1.116020527776139,0.8688503242292013,0.9480221917878542,5.0,3.0,-2.3491047070519266e-19
haxs.stage5c2gR32A.g1-deterministic.v1,limit_hopping_zero_chain6,chain6_hole_4,4,surrogate,static_only,1.018181818181818,2.363139310132706,-5.637851296924623e-18,-1.3010426069826053e-18,0.7687721583940395,-1.1420235332440114,0.8586304609993354,0.9452557240530824,5.0,3.0,2.4695716151058716e-19
haxs.stage5c2gR32A.g1-deterministic.v1,limit_hopping_zero_chain6,chain6_hole_4,4,surrogate,static_only,1.0499999999999998,2.3561761610933596,2.0816681711721685e-17,-5.637851296924623e-18,0.7642646504667331,-1.16756227373381,0.8485731453135935,0.9424704644373438,5.0,3.0,-6.80638030504789e-19
haxs.stage5c2gR32A.g1-deterministic.v1,limit_hopping_zero_chain6,chain6_hole_4,4,surrogate,static_only,1.0818181818181818,2.3491738562891156,-3.2959746043559335e-17,1.3877787807814457e-17,0.7598701691471779,-1.1926060461344763,0.8386866093037273,0.9396695425156463,5.0,3.0,-6.444979580886055e-19
haxs.stage5c2gR32A.g1-deterministic.v1,limit_hopping_zero_chain6,chain6_hole_4,4,surrogate,static_only,1.1136363636363635,2.342139222113117,-4.380176776841438e-17,1.0408340855860843e-17,0.7555929318793206,-1.2171211329674423,0.8289785558367778,0.9368556888452468,5.0,3.0,-2.1081708909440364e-19
haxs.stage5c2gR32A.g1-deterministic.v1,limit_hopping_zero_chain6,chain6_hole_4,4,surrogate,static_only,1.1454545454545453,2.3350780758743266,4.336808689942018e-19,-2.3852447794681098e-17,0.7514374481237863,-1.2410716552993706,0.8194560060082745,0.9340312303497307,5.0,3.0,4.577742506049908e-19
haxs.stage5c2gR32A.g1-deterministic.v1,limit_hopping_zero_chain6,chain6_hole_4,4,surrogate,static_only,1.1772727272727272,2.3279952321586226,7.806255641895632e-18,-1.6479873021779667e-17,0.747408370650292,-1.2644204254889846,0.8101251710578105,0.931198092863449,5.0,3.0,-6.023345402697245e-20
haxs.stage5c2gR32A.g1-deterministic.v1,limit_hopping_zero_chain6,chain6_hole_4,4,surrogate,static_only,1.209090909090909,2.320894525072098,-4.336808689942018e-18,1.3010426069826053e-17,0.7435103562738741,-1.287129778598849,0.800991349581283,0.9283578100288391,5.0,3.0,4.698209414103853e-19
haxs.stage5c2gR32A.g1-deterministic.v1,limit_hopping_zero_chain6,chain6_hole_4,4,surrogate,static_only,1.2409090909090907,2.3137788437428326,-9.540979117872439e-18,-1.3877787807814457e-17,0.7397479385745676,-1.3091623639637642,0.7920588497622797,0.925511537497133,5.0,3.0,-1.746770166782202e-19
haxs.stage5c2gR32A.g1-deterministic.v1,limit_hopping_zero_chain6,chain6_hole_4,4,surrogate,static_only,1.2727272727272725,2.306650178031822,-5.204170427930421e-18,-1.6046192152785466e-17,0.7361254144682366,-1.3304818814693287,0.7833309353723957,0.9226600712127289,5.0,3.0,2.2286377989979816e-19
haxs.stage5c2gR32A.g1-deterministic.v1,limit_hopping_zero_chain6,chain6_hole_4,4,surrogate,static_only,1.3045454545454545,2.2995096711812892,-3.382710778154774e-17,-6.5052130349130266e-18,0.7326467458535156,-1.3510537502642652,0.7748097935535976,0.9198038684725157,5.0,3.0,-4.517509052022936e-19
haxs.stage5c2gR32A.g1-deterministic.v1,limit_hopping_zero_chain6,chain6_hole_4,4,surrogate,static_only,1.3363636363636362,2.2923576761193907,-5.204170427930421e-17,2.42861286636753e-17,0.729315476989613,-1.370845700653238,0.7664965219263767,0.9169430704477562,5.0,3.0,-3.734474149672293e-19
haxs.stage5c2gR32A.g1-deterministic.v1,limit_hopping_zero_chain6,chain6_hole_4,4,surrogate,static_only,1.368181818181818,2.285193812339473,1.7997756063259374e-17,-8.673617379884035e-19,0.7261346677911696,-1.389828282600338,0.7583911323696674,0.9140775249357892,5.0,3.0,1.3853694426203672e-19
haxs.stage5c2gR32A.g1-deterministic.v1,limit_hopping_zero_chain6,chain6_hole_4,4,surrogate,static_only,1.4,2.2780170206601427,-2.7755575615628914e-17,-1.5178830414797062e-17,0.7231068428737005,-1.4079752864973891,0.7504925688720016,0.9112068082640571,5.0,3.0,-8.613383925857064e-19
haxs.stage5c2gR32A.g1-deterministic.v1,limit_hopping_zero_chain6,chain6_hole_4,8,surrogate,static_only,0.0,2.5,0.0,0.0,1.0009775171065494,0.004243229276517941,1.2512218963831867,1.0,5.0,3.0,0.0
haxs.stage5c2gR32A.g1-deterministic.v1,limit_hopping_zero_chain6,chain6_hole_4,8,surrogate,static_only,0.031818181818181815,2.4998396224282002,6.158268339717665e-17,1.474514954580286e-17,0.9888227184161505,-0.04881564130837246,1.2358698181203631,0.9999358489712801,5.0,3.0,4.517509052022935e-19
haxs.stage5c2gR32A.g1-deterministic.v1,limit_hopping_zero_chain6,chain6_hole_4,8,surrogate,static_only,0.06363636363636363,2.499358778373857,-1.0408340855860843e-17,-2.42861286636753e-17,0.9771860295757361,-0.10022750582696403,1.220856024511714,0.9997435113495428,5.0,3.0,-2.5298050691328443e-19
haxs.stage5c2gR32A.g1-deterministic.v1,limit_hopping_zero_chain6,chain6_hole_4,8,surrogate,static_only,0.09545454545454544,2.4985583361154653,2.3418766925686896e-17,-1.9949319973733282e-17,0.9660450655247208,-0.15002613489063643,1.2061640211887006,0.9994233344461861,5.0,3.0,3.2526065174565133e-19
haxs.stage5c2gR32A.g1-deterministic.v1,limit_hopping_zero_chain6,chain6_hole_4,8,surrogate,static_only,0.12727272727272726,2.4974397503539767,-1.734723475976807e-17,6.938893903907228e-18,0.9553771727075014,-0.19825139738456493,1.1917767142923437,0.9989759001415907,5.0,3.0,2.4093381610788998e-20
haxs.stage5c2gR32A.g1-deterministic.v1,limit_hopping_zero_chain6,chain6_hole_4,8,surrogate,static_only,0.15909090909090906,2.496005073280285,-2.862293735361732e-17,-2.2551405187698492e-17,0.9451595565680534,-0.24494870128018428,1.1776766193864907,0.9984020293121141,5.0,3.0,-4.095874873834128e-19
haxs.stage5c2gR32A.g1-deterministic.v1,limit_hopping_zero_chain6,chain6_hole_4,8,surrogate,static_only,0.1909090909090909,2.4942569694764725,-8.673617379884035e-19,-1.6479873021779667e-17,0.935369399272641,-0.29016842193624837,1.163846064225464,0.997702787790589,5.0,3.0,9.637352644315596e-20
haxs.stage5c2gR32A.g1-deterministic.v1,limit_hopping_zero_chain6,chain6_hole_4,8,surrogate,static_only,0.22272727272727272,2.4921987340231246,7.806255641895632e-18,-5.204170427930421e-18,0.9259839683807968,-0.3339653222090174,1.1502673842790547,0.9968794936092499,5.0,3.0,-3.0116727013486254e-20
haxs.stage5c2gR32A.g1-deterministic.v1,limit_hopping_zero_chain6,chain6_hole_4,8,surrogate,static_only,0.2545454545454545,2.489834312964922,5.204170427930421e-17,3.165870343657673e-17,0.91698071760491,-0.3763979663732043,1.1369231103900086,0.9959337251859688,5.0,3.0,-1.8672370748361469e-19
haxs.stage5c2gR32A.g1-deterministic.v1,limit_hopping_zero_chain6,chain6_hole_4,8,surrogate,static_only,0.2863636363636363,2.487168325053574,-4.9439619065339e-17,8.673617379884035e-18,0.9083373811307526,-0.4175281276883666,1.1237961482889292,0.9948673300214296,5.0,3.0,-2.2286377989979816e-19
haxs.stage5c2gR32A.g1-deterministic.v1,limit_hopping_zero_chain6,chain6_hole_4,8,surrogate,static_only,0.3181818181818181,2.484206083451648,-9.020562075079397e-17,-2.168404344971009e-17,0.9000320631913535,-0.457420187617408,1.1108699498959138,0.9936824333806593,5.0,3.0,-2.6502719771867883e-19
haxs.stage5c2gR32A.g1-deterministic.v1,limit_hopping_zero_chain6,chain6_hole_4,8,surrogate,static_only,0.35,2.4809536158587733,-6.591949208711867e-17,-4.336808689942018e-18,0.8920433246731296,-0.496140523396344,1.0981286763835993,0.9923814463435093,5.0,3.0,3.2526065174565133e-19
haxs.stage5c2gR32A.g1-deterministic.v1,limit_hopping_zero_chain6,chain6_hole_4,8,surrogate,static_only,0.3818181818181818,2.4774176813328705,3.8163916471489756e-17,-3.5561831257524545e-17,0.8843502684691537,-0.5337568800275193,1.0855573528605467,0.9909670725331482,5.0,3.0,-5.059610138265689e-19
haxs.stage5c2gR32A.g1-deterministic.v1,limit_hopping_zero_chain6,chain6_hole_4,8,surrogate,static_only,0.4136363636363636,2.4736057819424744,1.231653667943533e-16,4.0332320816460765e-17,0.8769326250723856,-0.5703377229336702,1.073142014267751,0.9894423127769898,5.0,3.0,-3.1923730634295406e-19
haxs.stage5c2gR32A.g1-deterministic.v1,limit_hopping_zero_chain6,chain6_hole_4,8,surrogate,static_only,0.44545454545454544,2.469526167321056,-3.8163916471489756e-17,-9.974659986866641e-18,0.8697708395237073,-0.6059515685260479,1.0608698416889806,0.9878104669284223,5.0,3.0,6.866613759074861e-19
haxs.stage5c2gR32A.g1-deterministic.v1,limit_hopping_zero_chain6,chain6_hole_4,8,surrogate,static_only,0.47727272727272724,2.465187830214865,8.239936510889834e-18,1.1709383462843448e-17,0.8628461603113208,-0.6406662917885629,1.0487292877953773,0.986075132085946,5.0,3.0,-1.0239687184585318e-19
haxs.stage5c2gR32A.g1-deterministic.v1,limit_hopping_zero_chain6,chain6_hole_4,8,surrogate,static_only,0.509090909090909,2.460600491233034,-1.5178830414797062e-17,-2.211772431870429e-17,0.8561407301873301,-0.6745484125709656,1.0367101896261162,0.9842401964932137,5.0,3.0,-3.975407965780183e-19
haxs.stage5c2gR32A.g1-deterministic.v1,limit_hopping_zero_chain6,chain6_hole_4,8,surrogate,static_only,0.5409090909090909,2.4557745712272814,2.2551405187698492e-17,-3.122502256758253e-17,0.8496376781644666,-0.7076623654499392,1.024803866408599,0.9823098284909125,5.0,3.0,-7.830349023506422e-20
haxs.stage5c2gR32A.g1-deterministic.v1,limit_hopping_zero_chain6,chain6_hole_4,8,surrogate,static_only,0.5727272727272726,2.4507211500479387,-3.252606517456513e-17,-1.1709383462843448e-17,0.8433212112313688,-0.7400697615233753,1.013003199707613,0.9802884600191755,5.0,3.0,8.613383925857064e-19
haxs.stage5c2gR32A.g1-deterministic.v1,limit_hopping_zero_chain6,chain6_hole_4,8,surrogate,static_only,0.6045454545454545,2.445451910836446,1.3877787807814457e-17,-9.107298248878237e-18,0.8371767036359979,-0.7718286540633762,1.0013026929263893,0.9781807643345785,5.0,3.0,-1.6263032587282567e-19
haxs.stage5c2gR32A.g1-deterministic.v1,limit_hopping_zero_chain6,chain6_hole_4,8,surrogate,static_only,0.6363636363636362,2.439979069509676,1.5178830414797062e-17,3.686287386450715e-17,0.8311907809935282,-0.8029928232508832,0.9896985071203757,0.9759916278038704,5.0,3.0,6.746146851020917e-19
haxs.stage5c2gR32A.g1-deterministic.v1,limit_hopping_zero_chain6,chain6_hole_4,8,surrogate,static_only,0.6681818181818181,2.4343152896527407,3.9898639947466563e-17,-2.0816681711721685e-17,0.8253513960333583,-0.8336110979350019,0.9781884702704663,0.9737261158610963,5.0,3.0,-2.710505431213761e-19
haxs.stage5c2gR32A.g1-deterministic.v1,limit_hopping_zero_chain6,chain6_hole_4,8,surrogate,static_only,0.7,2.428473583640561,-5.334274688628682e-17,8.239936510889834e-18,0.8196478925595193,-0.8637267342036894,0.9667720576206335,0.9713894334562244,5.0,3.0,-6.625679942966973e-20
haxs.stage5c2gR32A.g1-deterministic.v1,limit_hopping_zero_chain6,chain6_hole_4,8,surrogate,static_only,0.7318181818181817,2.42246720142921,1.734723475976807e-17,-2.42861286636753e-17,0.8140710541939218,-0.893376871284949,0.9554503414156514,0.9689868805716839,5.0,3.0,-2.469571615105872e-19
haxs.stage5c2gR32A.g1-deterministic.v1,limit_hopping_zero_chain6,chain6_hole_4,8,surrogate,static_only,0.7636363636363636,2.416309509065866,3.0357660829594124e-18,3.469446951953614e-17,0.8086131347194642,-0.9225920847618184,0.944225909350919,0.9665238036263464,5.0,3.0,2.710505431213761e-19
haxs.stage5c2gR32A.g1-deterministic.v1,limit_hopping_zero_chain6,chain6_hole_4,8,surrogate,static_only,0.7954545454545454,2.4100138595261016,1.5612511283791264e-17,-9.540979117872439e-18,0.8032678673374748,-0.9513960552151696,0.9331027522145597,0.9640055438104407,5.0,3.0,6.083578856724218e-19
haxs.stage5c2gR32A.g1-deterministic.v1,limit_hopping_zero_chain6,chain6_hole_4,8,surrogate,static_only,0.8272727272727272,2.4035934589669985,1.214306433183765e-17,-5.204170427930421e-17,0.7980304508739199,-0.9798053672671496,0.9220861224842399,0.9614373835867994,5.0,3.0,1.3251359885933942e-19
haxs.stage5c2gR32A.g1-deterministic.v1,limit_hopping_zero_chain6,chain6_hole_4,8,surrogate,static_only,0.859090909090909,2.397061231847028,4.7704895589362195e-18,-2.5587171270657905e-17,0.7928975118673878,-1.0078294497364824,0.9111823669424368,0.9588244927388112,5.0,3.0,3.493540333564404e-19
haxs.stage5c2gR32A.g1-deterministic.v1,limit_hopping_zero_chain6,chain6_hole_4,8,surrogate,static_only,0.8909090909090909,2.390429688581492,2.1250362580715887e-17,7.806255641895632e-18,0.7878670424837751,-1.0354706625101966,0.9003987375905776,0.9561718754325967,5.0,3.0,5.11984359229266e-19
haxs.stage5c2gR32A.g1-deterministic.v1,limit_hopping_zero_chain6,chain6_hole_4,8,surrogate,static_only,0.9227272727272726,2.3837107994476683,-1.3877787807814457e-17,-1.1709383462843448e-17,0.7829383152560085,-1.062724530113042,0.8897431861729981,0.9534843197790673,5.0,3.0,-1.6865367127552296e-19
haxs.stage5c2gR32A.g1-deterministic.v1,limit_hopping_zero_chain6,chain6_hole_4,8,surrogate,static_only,0.9545454545454545,2.3769158783149975,-1.431146867680866e-17,3.903127820947816e-18,0.7781117766614803,-1.0895801162159717,0.8792241483776224,0.950766351325999,5.0,3.0,3.132139609402569e-19
haxs.stage5c2gR32A.g1-deterministic.v1,limit_hopping_zero_chain6,chain6_hole_4,8,surrogate,static_only,0.9863636363636362,2.3700554794463584,-2.0383000842727483e-17,-1.5178830414797062e-17,0.7733889224523455,-1.1160205278567579,0.8688503241960063,0.9480221917785434,5.0,3.0,1.3853694426203672e-19
haxs.stage5c2gR32A.g1-deterministic.v1,limit_hopping_zero_chain6,chain6_hole_4,8,surrogate,static_only,1.018181818181818,2.363139310108888,-1.9081958235744878e-17,1.3010426069826053e-18,0.76877215837923,-1.1420235333276731,0.8586304609654866,0.9452557240435551,5.0,3.0,-4.87890977618477e-19
haxs.stage5c2gR32A.g1-deterministic.v1,limit_hopping_zero_chain6,chain6_hole_4,8,surrogate,static_only,1.0499999999999998,2.3561761610691256,-3.946495907847236e-17,-3.122502256758253e-17,0.7642646504515632,-1.1675622738200129,0.8485731452792945,0.9424704644276503,5.0,3.0,-3.553773787591375e-19
haxs.stage5c2gR32A.g1-deterministic.v1,limit_hopping_zero_chain6,chain6_hole_4,8,surrogate,static_only,1.0818181818181818,2.3491738562646027,-2.7321894746634712e-17,-1.3010426069826053e-18,0.7598701691317511,-1.192606046222646,0.8386866092691977,0.9396695425058411,5.0,3.0,-4.0958748738341273e-19
haxs.stage5c2gR32A.g1-deterministic.v1,limit_hopping_zero_chain6,chain6_hole_4,8,surrogate,static_only,1.1136363636363635,2.3421392220884885,6.765421556309548e-17,-1.6046192152785466e-17,0.7555929318637375,-1.2171211330570098,0.8289785558022471,0.9368556888353954,5.0,3.0,4.698209414103853e-19
haxs.stage5c2gR32A.g1-deterministic.v1,limit_hopping_zero_chain6,chain6_hole_4,8,surrogate,static_only,1.1454545454545453,2.3350780758496996,-6.938893903907228e-18,-2.168404344971009e-18,0.7514374481081866,-1.2410716553895296,0.819456005973978,0.9340312303398799,5.0,3.0,8.024708101613482e-36
haxs.stage5c2gR32A.g1-deterministic.v1,limit_hopping_zero_chain6,chain6_hole_4,8,surrogate,static_only,1.1772727272727272,2.3279952321341124,-4.640385298237959e-17,-5.637851296924623e-18,0.7474083706348219,-1.264420425578876,0.8101251710239836,0.931198092853645,5.0,3.0,-3.7947076036992655e-19
haxs.stage5c2gR32A.g1-deterministic.v1,limit_hopping_zero_chain6,chain6_hole_4,8,surrogate,static_only,1.209090909090909,2.320894525047807,-6.5052130349130266e-18,4.597017211338539e-17,0.7435103562586854,-1.2871297786875677,0.8009913495481535,0.9283578100191228,5.0,3.0,8.974784650018897e-19
haxs.stage5c2gR32A.g1-deterministic.v1,limit_hopping_zero_chain6,chain6_hole_4,8,surrogate,static_only,1.2409090909090907,2.313778843718837,-1.5612511283791264e-17,1.3010426069826053e-17,0.7397479385598228,-1.3091623640503287,0.7920588497300639,0.9255115374875349,5.0,3.0,-1.9274705288631191e-19
haxs.stage5c2gR32A.g1-deterministic.v1,limit_hopping_zero_chain6,chain6_hole_4,8,surrogate,static_only,1.2727272727272725,2.30665017800822,9.75781955236954e-18,5.637851296924623e-18,0.7361254144540726,-1.3304818815528927,0.7833309353412933,0.922660071203288,5.0,3.0,1.6263032587282567e-19
haxs.stage5c2gR32A.g1-deterministic.v1,limit_hopping_zero_chain6,chain6_hole_4,8,surrogate,static_only,1.3045454545454545,2.299509671158129,-9.324138683375338e-18,-3.0357660829594124e-17,0.7326467458400848,-1.3510537503438798,0.7748097935237864,0.9198038684632517,5.0,3.0,-2.710505431213761e-19
haxs.stage5c2gR32A.g1-deterministic.v1,limit_hopping_zero_chain6,chain6_hole_4,8,surrogate,static_only,1.3363636363636362,2.2923576760967004,4.163336342344337e-17,-2.6454533008646308e-17,0.7293154769770614,-1.3708457007279797,0.7664965218980114,0.9169430704386802,5.0,3.0,-2.650271977186788e-19
haxs.stage5c2gR32A.g1-deterministic.v1,limit_hopping_zero_chain6,chain6_hole_4,8,surrogate,static_only,1.368181818181818,2.285193812317278,-4.683753385137379e-17,1.734723475976807e-17,0.7261346677796222,-1.389828282669402,0.758391132342875,0.9140775249269112,5.0,3.0,3.6742406956453205e-19
haxs.stage5c2gR32A.g1-deterministic.v1,limit_hopping_zero_chain6,chain6_hole_4,8,surrogate,static_only,1.4,2.2780170206384533,4.228388472693467e-17,4.7704895589362195e-18,0.7231068428632635,-1.407975286560073,0.7504925688468781,0.9112068082553814,5.0,3.0,-9.938519914450457e-19
haxs.stage5c2gR32A.g1-deterministic.v1,limit_hopping_zero_chain6,chain6_hole_4,1,surrogate,mobile_only,0.0,2.5,0.0,0.0,1.0009775171065494,0.004243229276517941,1.2512218963831867,1.0,5.0,3.0,0.0
haxs.stage5c2gR32A.g1-deterministic.v1,limit_hopping_zero_chain6,chain6_hole_4,1,surrogate,mobile_only,0.031818181818181815,2.4998396224920136,-9.540979117872439e-18,-1.3010426069826053e-17,0.9888227187003051,-0.048815640060355325,1.235869818538607,0.9999358489968054,5.0,3.0,-2.4695716151058716e-19
haxs.stage5c2gR32A.g1-deterministic.v1,limit_hopping_zero_chain6,chain6_hole_4,1,surrogate,mobile_only,0.06363636363636363,2.499358778509852,-3.0357660829594124e-17,1.5612511283791264e-17,0.9771860301203541,-0.10022750340649758,1.220856025324996,0.9997435114039408,5.0,3.0,-4.216341781888073e-20
haxs.stage5c2gR32A.g1-deterministic.v1,limit_hopping_zero_chain6,chain6_hole_4,1,surrogate,mobile_only,0.09545454545454544,2.49855833633225,3.122502256758253e-17,-3.469446951953614e-17,0.9660450663074767,-0.15002613137168516,1.2061640223753205,0.9994233345329,5.0,3.0,2.4093381610788984e-19
haxs.stage5c2gR32A.g1-deterministic.v1,limit_hopping_zero_chain6,chain6_hole_4,1,surrogate,mobile_only,0.12727272727272726,2.497439750660745,4.5102810375396984e-17,-1.7780915628762273e-17,0.9553771737071255,-0.19825139284048304,1.191776715832095,0.9989759002642981,5.0,3.0,2.9514392473216515e-19
haxs.stage5c2gR32A.g1-deterministic.v1,limit_hopping_zero_chain6,chain6_hole_4,1,surrogate,mobile_only,0.15909090909090906,2.496005073686912,8.673617379884035e-19,-1.1275702593849246e-17,0.945159557764238,-0.24494869578379622,1.1776766212606595,0.9984020294747648,5.0,3.0,4.216341781888073e-20
haxs.stage5c2gR32A.g1-deterministic.v1,limit_hopping_zero_chain6,chain6_hole_4,1,surrogate,mobile_only,0.1909090909090909,2.4942569699938524,5.0306980803327406e-17,-1.2576745200831851e-17,0.935369400645792,-0.29016841556067186,1.1638460664168553,0.997702787997541,5.0,3.0,3.1923730634295406e-19
haxs.stage5c2gR32A.g1-deterministic.v1,limit_hopping_zero_chain6,chain6_hole_4,1,surrogate,mobile_only,0.22272727272727272,2.492198734663288,8.673617379884035e-19,-1.0408340855860843e-17,0.9259839699120088,-0.33396531502750065,1.1502673867720743,0.9968794938653153,5.0,3.0,2.0479374369170636e-19
haxs.stage5c2gR32A.g1-deterministic.v1,limit_hopping_zero_chain6,chain6_hole_4,1,surrogate,mobile_only,0.2545454545454545,2.489834313741294,4.597017211338539e-17,-2.168404344971009e-18,0.9169807192758866,-0.37639795845923246,1.1369231131708006,0.9959337254965176,5.0,3.0,-4.216341781888074e-20
haxs.stage5c2gR32A.g1-deterministic.v1,limit_hopping_zero_chain6,chain6_hole_4,1,surrogate,mobile_only,0.2863636363636363,2.4871683259810418,-3.469446951953614e-18,-1.3877787807814457e-17,0.9083373829239263,-0.4175281191148403,1.1237961513455756,0.9948673303924167,5.0,3.0,2.6502719771867883e-19
haxs.stage5c2gR32A.g1-deterministic.v1,limit_hopping_zero_chain6,chain6_hole_4,1,surrogate,mobile_only,0.3181818181818181,2.4842060845465994,-1.3010426069826053e-17,-4.163336342344337e-17,0.9000320650900742,-0.4574201784554689,1.1108699532186865,0.9936824338186397,5.0,3.0,2.590038523159816e-19
haxs.stage5c2gR32A.g1-deterministic.v1,limit_hopping_zero_chain6,chain6_hole_4,1,surrogate,mobile_only,0.35,2.4809536171391784,-2.688821387764051e-17,0.0,0.8920433266618539,-0.4961405137141687,1.0981286799652459,0.9923814468556713,5.0,3.0,-6.02334540269725e-20
haxs.stage5c2gR32A.g1-deterministic.v1,limit_hopping_zero_chain6,chain6_hole_4,1,surrogate,mobile_only,0.3818181818181818,2.4774176828180807,5.637851296924623e-17,6.938893903907228e-18,0.8843502705338492,-0.5337568698880315,1.0855573566965828,0.9909670731272323,5.0,3.0,2.590038523159816e-19
haxs.stage5c2gR32A.g1-deterministic.v1,limit_hopping_zero_chain6,chain6_hole_4,1,surrogate,mobile_only,0.4136363636363636,2.4736057836529906,7.28583859910259e-17,3.469446951953614e-17,0.8769326272009418,-0.5703377123921509,1.0731420183567324,0.9894423134611963,5.0,3.0,2.4695716151058716e-19
haxs.stage5c2gR32A.g1-deterministic.v1,limit_hopping_zero_chain6,chain6_hole_4,1,surrogate,mobile_only,0.44545454545454544,2.46952616927829,-3.903127820947816e-17,8.239936510889834e-18,0.8697708417062917,-0.6059515576279546,1.060869846032699,0.9878104677113161,5.0,3.0,2.168404344971009e-19
haxs.stage5c2gR32A.g1-deterministic.v1,limit_hopping_zero_chain6,chain6_hole_4,1,surrogate,mobile_only,0.47727272727272724,2.465187832440689,-5.551115123125783e-17,-6.938893903907228e-18,0.8628461625408032,-0.6406662805669577,1.048729292398958,0.9860751329762756,5.0,3.0,3.312839971483485e-19
haxs.stage5c2gR32A.g1-deterministic.v1,limit_hopping_zero_chain6,chain6_hole_4,1,surrogate,mobile_only,0.509090909090909,2.4606004937492103,4.7704895589362195e-18,-2.42861286636753e-17,0.8561407324596616,-0.6745484010441103,1.0367101944979584,0.9842401974996842,5.0,3.0,-6.08357885672422e-19
haxs.stage5c2gR32A.g1-deterministic.v1,limit_hopping_zero_chain6,chain6_hole_4,1,surrogate,mobile_only,0.5409090909090909,2.4557745740549493,1.3010426069826053e-18,2.688821387764051e-17,0.8496376804788659,-0.7076623536198277,1.0248038715601406,0.9823098296219797,5.0,3.0,6.083578856724218e-19
haxs.stage5c2gR32A.g1-deterministic.v1,limit_hopping_zero_chain6,chain6_hole_4,1,surrogate,mobile_only,0.5727272727272726,2.450721153206952,-6.028164079019405e-17,1.0408340855860843e-17,0.8433212135904266,-0.740069749374674,1.0130032051528797,0.9802884612827809,5.0,3.0,-1.3251359885933942e-19
haxs.stage5c2gR32A.g1-deterministic.v1,limit_hopping_zero_chain6,chain6_hole_4,1,surrogate,mobile_only,0.6045454545454545,2.445451914344676,-4.7704895589362195e-18,3.469446951953614e-17,0.8371767060456078,-0.7718286415632641,1.001302698681321,0.9781807657378703,5.0,3.0,4.397042143968991e-19
haxs.stage5c2gR32A.g1-deterministic.v1,limit_hopping_zero_chain6,chain6_hole_4,1,surrogate,mobile_only,0.6363636363636362,2.4399790733822773,-8.239936510889834e-18,-2.0816681711721685e-17,0.8311907834626413,-0.8029928103498474,0.9896985132019385,0.975991629352911,5.0,3.0,9.035018104045871e-20
haxs.stage5c2gR32A.g1-deterministic.v1,limit_hopping_zero_chain6,chain6_hole_4,1,surrogate,mobile_only,0.6681818181818181,2.434315293901564,-1.734723475976807e-17,8.239936510889834e-18,0.8253513985734511,-0.8336110845692004,0.9781884766955647,0.9737261175606257,5.0,3.0,8.071282839614312e-19
haxs.stage5c2gR32A.g1-deterministic.v1,limit_hopping_zero_chain6,chain6_hole_4,1,surrogate,mobile_only,0.7,2.4284735882734414,7.37257477290143e-18,-5.637851296924623e-18,0.8196478951839891,-0.863726720297807,0.9667720644048738,0.9713894353093766,5.0,3.0,9.035018104045871e-20
haxs.stage5c2gR32A.g1-deterministic.v1,limit_hopping_zero_chain6,chain6_hole_4,1,surrogate,mobile_only,0.7318181818181817,2.4224672064494372,-1.734723475976807e-17,-1.951563910473908e-17,0.8140710569172421,-0.8933768567564506,0.9554503485720062,0.9689868825797749,5.0,3.0,3.132139609402569e-19
haxs.stage5c2gR32A.g1-deterministic.v1,limit_hopping_zero_chain6,chain6_hole_4,1,surrogate,mobile_only,0.7636363636363636,2.4163095144717146,8.673617379884035e-18,1.0408340855860843e-17,0.8086131375562547,-0.9225920695258244,0.9442259168883764,0.9665238057886858,5.0,3.0,8.854317741964954e-19
haxs.stage5c2gR32A.g1-deterministic.v1,limit_hopping_zero_chain6,chain6_hole_4,1,surrogate,mobile_only,0.7954545454545454,2.410013865310548,-6.765421556309548e-17,1.9949319973733282e-17,0.8032678703014563,-0.9513960391901191,0.9331027601368325,0.9640055461242192,5.0,3.0,4.87890977618477e-19
haxs.stage5c2gR32A.g1-deterministic.v1,limit_hopping_zero_chain6,chain6_hole_4,1,surrogate,mobile_only,0.8272727272727272,2.4035934651175683,2.3852447794681098e-17,-4.119968255444917e-17,0.7980304539768722,-0.9798053503806377,0.9220861307886169,0.9614373860470273,5.0,3.0,4.63797596007688e-19
haxs.stage5c2gR32A.g1-deterministic.v1,limit_hopping_zero_chain6,chain6_hole_4,1,surrogate,mobile_only,0.859090909090909,2.3970612383458993,-1.9081958235744878e-17,-8.673617379884035e-19,0.7928975151181047,-1.007829431931301,0.9111823756188613,0.9588244953383598,5.0,3.0,8.794084287937982e-19
haxs.stage5c2gR32A.g1-deterministic.v1,limit_hopping_zero_chain6,chain6_hole_4,1,surrogate,mobile_only,0.8909090909090909,2.3904296954056954,-3.859759734048396e-17,1.951563910473908e-17,0.7878670458871782,-1.0354706437496817,0.9003987466210116,0.9561718781622781,5.0,3.0,-3.7947076036992655e-19
haxs.stage5c2gR32A.g1-deterministic.v1,limit_hopping_zero_chain6,chain6_hole_4,1,surrogate,mobile_only,0.9227272727272726,2.383710806569625,1.6479873021779667e-17,1.474514954580286e-17,0.7829383188123223,-1.0627245103862328,0.889743195531127,0.95348432262785,5.0,3.0,2.4695716151058716e-19
haxs.stage5c2gR32A.g1-deterministic.v1,limit_hopping_zero_chain6,chain6_hole_4,1,surrogate,mobile_only,0.9545454545454545,2.376915885703128,3.903127820947816e-18,3.469446951953614e-18,0.7781117803656694,-1.0895800955414503,0.8792241580289127,0.9507663542812512,5.0,3.0,-3.6742406956453205e-19
haxs.stage5c2gR32A.g1-deterministic.v1,limit_hopping_zero_chain6,chain6_hole_4,1,surrogate,mobile_only,0.9863636363636362,2.3700554870659367,-1.0842021724855044e-17,-1.734723475976807e-17,0.773388926293725,-1.1160205062855937,0.8688503340981348,0.9480221948263747,5.0,3.0,7.649648661425502e-19
haxs.stage5c2gR32A.g1-deterministic.v1,limit_hopping_zero_chain6,chain6_hole_4,1,surrogate,mobile_only,1.018181818181818,2.3631393179230287,-5.204170427930421e-18,9.540979117872439e-18,0.7687721623413081,-1.1420235109451162,0.858630471069103,0.9452557271692115,5.0,3.0,1.5058363506743114e-19
haxs.stage5c2gR32A.g1-deterministic.v1,limit_hopping_zero_chain6,chain6_hole_4,1,surrogate,mobile_only,1.0499999999999998,2.3561761690398315,4.163336342344337e-17,1.2576745200831851e-17,0.7642646545121468,-1.1675622507456889,0.8485731555290887,0.9424704676159326,5.0,3.0,-1.505836350674312e-19
haxs.stage5c2gR32A.g1-deterministic.v1,limit_hopping_zero_chain6,chain6_hole_4,1,surrogate,mobile_only,1.0818181818181818,2.349173864353819,4.336808689942018e-18,6.938893903907228e-18,0.7598701732633,-1.1926060226092847,0.8386866196052033,0.9396695457415276,5.0,3.0,4.216341781888072e-20
haxs.stage5c2gR32A.g1-deterministic.v1,limit_hopping_zero_chain6,chain6_hole_4,1,surrogate,mobile_only,1.1136363636363635,2.3421392302591957,-3.469446951953614e-18,-3.469446951953614e-18,0.7555929360338975,-1.2171211090880525,0.8289785661613194,0.9368556921036783,5.0,3.0,1.8672370748361464e-19
haxs.stage5c2gR32A.g1-deterministic.v1,limit_hopping_zero_chain6,chain6_hole_4,1,surrogate,mobile_only,1.1454545454545453,2.335078084066869,1.8648277366750676e-17,-2.5587171270657905e-17,0.7514374522805577,-1.2410716312752437,0.8194560162913754,0.9340312336267476,5.0,3.0,-6.384746126859081e-19
haxs.stage5c2gR32A.g1-deterministic.v1,limit_hopping_zero_chain6,chain6_hole_4,1,surrogate,mobile_only,1.1772727272727272,2.3279952403655884,8.239936510889834e-18,8.239936510889834e-18,0.7474083747698453,-1.2644204015516116,0.8101251812349725,0.9311980961462354,5.0,3.0,-7.408714845317615e-19
haxs.stage5c2gR32A.g1-deterministic.v1,limit_hopping_zero_chain6,chain6_hole_4,1,surrogate,mobile_only,1.209090909090909,2.320894533265036,-1.734723475976807e-18,1.2576745200831851e-17,0.7435103603146521,-1.2871297549961165,0.8009913595895783,0.9283578133060144,5.0,3.0,-3.209883240645393e-35
haxs.stage5c2gR32A.g1-deterministic.v1,limit_hopping_zero_chain6,chain6_hole_4,1,surrogate,mobile_only,1.2409090909090907,2.3137788518973195,-4.5102810375396984e-17,-3.5561831257524545e-17,0.7397479424940229,-1.3091623409532533,0.7920588595418282,0.9255115407589278,5.0,3.0,4.758442868130824e-19
haxs.stage5c2gR32A.g1-deterministic.v1,limit_hopping_zero_chain6,chain6_hole_4,1,surrogate,mobile_only,1.2727272727272725,2.3066501861278983,-1.734723475976807e-17,-1.8214596497756474e-17,0.7361254182238978,-1.3304818593119239,0.7833309448676988,0.9226600744511593,5.0,3.0,-2.3491047070519266e-19
haxs.stage5c2gR32A.g1-deterministic.v1,limit_hopping_zero_chain6,chain6_hole_4,1,surrogate,mobile_only,1.3045454545454545,2.2995096792035588,-2.6020852139652106e-18,6.071532165918825e-18,0.7326467494041522,-1.3510537292169886,0.7748098027147072,0.9198038716814235,5.0,3.0,-5.360777408400551e-19
haxs.stage5c2gR32A.g1-deterministic.v1,limit_hopping_zero_chain6,chain6_hole_4,1,surrogate,mobile_only,1.3363636363636362,2.2923576840570625,-5.551115123125783e-17,-3.469446951953614e-18,0.7293154802963007,-1.370845680962497,0.7664965307098867,0.916943073622825,5.0,3.0,6.023345402697247e-21
haxs.stage5c2gR32A.g1-deterministic.v1,limit_hopping_zero_chain6,chain6_hole_4,1,surrogate,mobile_only,1.368181818181818,2.2851938201862234,-1.734723475976807e-18,1.3010426069826053e-18,0.7261346708183066,-1.3898282644953095,0.7583911407395049,0.9140775280744894,5.0,3.0,-1.9274705288631191e-19
haxs.stage5c2gR32A.g1-deterministic.v1,limit_hopping_zero_chain6,chain6_hole_4,1,surrogate,mobile_only,1.4,2.278017028413964,2.233456475320139e-17,1.474514954580286e-17,0.7231068455898775,-1.4079752701841612,0.7504925768000381,0.9112068113655856,5.0,3.0,4.2163417818880727e-19
haxs.stage5c2gR32A.g1-deterministic.v1,limit_hopping_zero_chain6,chain6_hole_4,2,surrogate,mobile_only,0.0,2.5,0.0,0.0,1.0009775171065494,0.004243229276517941,1.2512218963831867,1.0,5.0,3.0,0.0
haxs.stage5c2gR32A.g1-deterministic.v1,limit_hopping_zero_chain6,chain6_hole_4,2,surrogate,mobile_only,0.031818181818181815,2.499839622430325,7.112366251504909e-17,3.469446951953614e-18,0.9888227184341407,-0.04881564122935902,1.235869818144949,0.9999358489721301,5.0,3.0,4.517509052022936e-19
haxs.stage5c2gR32A.g1-deterministic.v1,limit_hopping_zero_chain6,chain6_hole_4,2,surrogate,mobile_only,0.06363636363636363,2.499358778378643,4.336808689942018e-18,-1.734723475976807e-18,0.977186029610219,-0.10022750567371005,1.2208560245594713,0.9997435113514571,5.0,3.0,-1.385369442620367e-19
haxs.stage5c2gR32A.g1-deterministic.v1,limit_hopping_zero_chain6,chain6_hole_4,2,surrogate,mobile_only,0.09545454545454544,2.4985583361234136,4.336808689942018e-17,-3.729655473350135e-17,0.9660450655743208,-0.15002613466765508,1.2061640212583031,0.9994233344493655,5.0,3.0,3.132139609402569e-19
haxs.stage5c2gR32A.g1-deterministic.v1,limit_hopping_zero_chain6,chain6_hole_4,2,surrogate,mobile_only,0.12727272727272726,2.4974397503657078,-4.336808689942018e-17,6.071532165918825e-18,0.9553771727708431,-0.19825139709662695,1.1917767143825548,0.9989759001462831,5.0,3.0,-3.43330687953743e-19
haxs.stage5c2gR32A.g1-deterministic.v1,limit_hopping_zero_chain6,chain6_hole_4,2,surrogate,mobile_only,0.15909090909090906,2.49600507329642,-6.938893903907228e-18,8.673617379884035e-18,0.9451595566438542,-0.24494870093188462,1.1776766194961645,0.9984020293185679,5.0,3.0,4.156108327861101e-19
haxs.stage5c2gR32A.g1-deterministic.v1,limit_hopping_zero_chain6,chain6_hole_4,2,surrogate,mobile_only,0.1909090909090909,2.494256969497689,-4.336808689942018e-18,-1.6479873021779667e-17,0.9353693993596667,-0.29016842153218564,1.1638460643535464,0.9977027877990755,5.0,3.0,-3.9151745117532105e-19
haxs.stage5c2gR32A.g1-deterministic.v1,limit_hopping_zero_chain6,chain6_hole_4,2,surrogate,mobile_only,0.22272727272727272,2.49219873405019,-1.3010426069826053e-17,-1.1709383462843448e-17,0.9259839684778435,-0.33396532175385996,1.150267384424591,0.996879493620076,5.0,3.0,-4.2163417818880717e-20
haxs.stage5c2gR32A.g1-deterministic.v1,limit_hopping_zero_chain6,chain6_hole_4,2,surrogate,mobile_only,0.2545454545454545,2.489834312998702,1.0408340855860843e-17,1.3877787807814457e-17,0.9169807177108035,-0.37639796587167823,1.136923110552151,0.9959337251994809,5.0,3.0,-4.577742506049908e-19
haxs.stage5c2gR32A.g1-deterministic.v1,limit_hopping_zero_chain6,chain6_hole_4,2,surrogate,mobile_only,0.2863636363636363,2.487168325094995,1.9949319973733282e-17,2.0816681711721685e-17,0.9083373812443913,-0.41752812714503673,1.1237961484669543,0.994867330037998,5.0,3.0,-3.493540333564404e-19
haxs.stage5c2gR32A.g1-deterministic.v1,limit_hopping_zero_chain6,chain6_hole_4,2,surrogate,mobile_only,0.3181818181818181,2.4842060835017548,-1.0321604682062002e-16,0.0,0.9000320633116755,-0.45742018703681564,1.1108699500892345,0.993682433400702,5.0,3.0,5.421010862427522e-20
haxs.stage5c2gR32A.g1-deterministic.v1,limit_hopping_zero_chain6,chain6_hole_4,2,surrogate,mobile_only,0.35,2.4809536159187164,-4.85722573273506e-17,-1.8648277366750676e-17,0.8920433247991397,-0.4961405227828594,1.0981286765917855,0.9923814463674866,5.0,3.0,2.2286377989979816e-19
haxs.stage5c2gR32A.g1-deterministic.v1,limit_hopping_zero_chain6,chain6_hole_4,2,surrogate,mobile_only,0.3818181818181818,2.4774176814038738,3.8163916471489756e-17,4.0332320816460765e-17,0.8843502685999635,-0.5337568793851271,1.085557353083343,0.9909670725615495,5.0,3.0,-1.3793460972176696e-18
haxs.stage5c2gR32A.g1-deterministic.v1,limit_hopping_zero_chain6,chain6_hole_4,2,surrogate,mobile_only,0.4136363636363636,2.473605782025837,5.637851296924623e-17,-2.7755575615628914e-17,0.8769326252072283,-0.5703377222658716,1.0731420145050958,0.9894423128103348,5.0,3.0,-2.9514392473216515e-19
haxs.stage5c2gR32A.g1-deterministic.v1,limit_hopping_zero_chain6,chain6_hole_4,2,surrogate,mobile_only,0.44545454545454544,2.4695261674181403,-9.540979117872439e-18,4.7704895589362195e-18,0.869770839661955,-0.6059515678357484,1.0608698419410147,0.9878104669672562,5.0,3.0,-3.9151745117532105e-19
haxs.stage5c2gR32A.g1-deterministic.v1,limit_hopping_zero_chain6,chain6_hole_4,2,surrogate,mobile_only,0.47727272727272724,2.46518783032704,-2.7321894746634712e-17,-2.168404344971009e-18,0.8628461604525322,-0.6406662910778067,1.0487292880624517,0.9860751321308159,5.0,3.0,-3.1923730634295406e-19
haxs.stage5c2gR32A.g1-deterministic.v1,limit_hopping_zero_chain6,chain6_hole_4,2,surrogate,mobile_only,0.509090909090909,2.4606004913616784,1.6046192152785466e-17,-1.951563910473908e-17,0.856140730331246,-0.6745484118409231,1.0367101899087874,0.9842401965446713,5.0,3.0,4.818676322157797e-19
haxs.stage5c2gR32A.g1-deterministic.v1,limit_hopping_zero_chain6,chain6_hole_4,2,surrogate,mobile_only,0.5409090909090909,2.4557745713737074,1.0842021724855044e-17,1.734723475976807e-17,0.8496376783110514,-0.707662364700667,1.0248038667076127,0.9823098285494829,5.0,3.0,-8.733850833911008e-19
haxs.stage5c2gR32A.g1-deterministic.v1,limit_hopping_zero_chain6,chain6_hole_4,2,surrogate,mobile_only,0.5727272727272726,2.4507211502134183,-4.336808689942018e-19,3.8163916471489756e-17,0.8433212113807699,-0.7400697607539881,1.0130032000238764,0.9802884600853673,5.0,3.0,-3.312839971483486e-19
haxs.stage5c2gR32A.g1-deterministic.v1,limit_hopping_zero_chain6,chain6_hole_4,2,surrogate,mobile_only,0.6045454545454545,2.4454519110220843,1.951563910473908e-17,-3.469446951953614e-18,0.8371767037885974,-0.7718286532717499,1.0013026932609264,0.9781807644088337,5.0,3.0,7.228014483236693e-20
haxs.stage5c2gR32A.g1-deterministic.v1,limit_hopping_zero_chain6,chain6_hole_4,2,surrogate,mobile_only,0.6363636363636362,2.4399790697164163,-7.37257477290143e-18,5.637851296924623e-18,0.8311907811498905,-0.8029928224338949,0.9896985074742715,0.9759916278865666,5.0,3.0,3.1923730634295406e-19
haxs.stage5c2gR32A.g1-deterministic.v1,limit_hopping_zero_chain6,chain6_hole_4,2,surrogate,mobile_only,0.6681818181818181,2.4343152898813214,4.7704895589362195e-18,1.734723475976807e-17,0.8253513961942016,-0.8336110970886548,0.9781884706447967,0.9737261159525286,5.0,3.0,1.1444356265124774e-19
haxs.stage5c2gR32A.g1-deterministic.v1,limit_hopping_zero_chain6,chain6_hole_4,2,surrogate,mobile_only,0.7,2.4284735838914715,1.0061396160665481e-16,3.469446951953614e-17,0.8196478927256781,-0.8637267333232891,0.9667720580163912,0.9713894335565886,5.0,3.0,-4.878909776184769e-19
haxs.stage5c2gR32A.g1-deterministic.v1,limit_hopping_zero_chain6,chain6_hole_4,2,surrogate,mobile_only,0.7318181818181817,2.422467201702641,1.0842021724855044e-17,7.37257477290143e-18,0.814071054366302,-0.8933768703653269,0.9554503418336578,0.9689868806810564,5.0,3.0,-5.4210108624275204e-20
haxs.stage5c2gR32A.g1-deterministic.v1,limit_hopping_zero_chain6,chain6_hole_4,2,surrogate,mobile_only,0.7636363636363636,2.4163095093616804,8.673617379884035e-17,-4.2934406030425976e-17,0.8086131348989873,-0.9225920837976253,0.944225909791742,0.9665238037446722,5.0,3.0,-2.710505431213761e-19
haxs.stage5c2gR32A.g1-deterministic.v1,limit_hopping_zero_chain6,chain6_hole_4,2,surrogate,mobile_only,0.7954545454545454,2.410013859843858,-8.153200337090993e-17,-2.7755575615628914e-17,0.8032678675249846,-0.9513960542013798,0.9331027526784336,0.9640055439375432,5.0,3.0,1.4456028966473396e-19
haxs.stage5c2gR32A.g1-deterministic.v1,limit_hopping_zero_chain6,chain6_hole_4,2,surrogate,mobile_only,0.8272727272727272,2.4035934593058736,3.0357660829594124e-18,0.0,0.7980304510701623,-0.9798053661991826,0.9220861229709929,0.9614373837223494,5.0,3.0,-1.5660698047012844e-19
haxs.stage5c2gR32A.g1-deterministic.v1,limit_hopping_zero_chain6,chain6_hole_4,2,surrogate,mobile_only,0.859090909090909,2.397061232205891,1.0408340855860843e-17,-7.806255641895632e-18,0.7928975120729033,-1.0078294486108106,0.9111823674514363,0.9588244928823564,5.0,3.0,7.288247937263669e-19
haxs.stage5c2gR32A.g1-deterministic.v1,limit_hopping_zero_chain6,chain6_hole_4,2,surrogate,mobile_only,0.8909090909090909,2.390429688958898,-1.734723475976807e-17,2.6454533008646308e-17,0.7878670426988543,-1.0354706613246198,0.9003987381206905,0.9561718755835592,5.0,3.0,-7.228014483236696e-20
haxs.stage5c2gR32A.g1-deterministic.v1,limit_hopping_zero_chain6,chain6_hole_4,2,surrogate,mobile_only,0.9227272727272726,2.3837107998418468,-1.9949319973733282e-17,2.168404344971009e-17,0.782938315480676,-1.062724528866815,0.8897431867225756,0.9534843199367387,5.0,3.0,-1.6049416203226965e-35
haxs.stage5c2gR32A.g1-deterministic.v1,limit_hopping_zero_chain6,chain6_hole_4,2,surrogate,mobile_only,0.9545454545454545,2.376915878723962,-5.637851296924623e-18,-1.2576745200831851e-17,0.7781117768954088,-1.0895801149103261,0.8792241489445017,0.9507663514895848,5.0,3.0,-3.4333068795374305e-19
haxs.stage5c2gR32A.g1-deterministic.v1,limit_hopping_zero_chain6,chain6_hole_4,2,surrogate,mobile_only,0.9863636363636362,2.3700554798679176,5.160802341031001e-17,1.6046192152785466e-17,0.7733889226948644,-1.1160205264948995,0.868850324777543,0.9480221919471671,5.0,3.0,6.62567994296697e-20
haxs.stage5c2gR32A.g1-deterministic.v1,limit_hopping_zero_chain6,chain6_hole_4,2,surrogate,mobile_only,1.018181818181818,2.3631393105407144,-3.469446951953614e-18,-6.5052130349130266e-18,0.7687721586293117,-1.1420235319149121,0.8586304615586016,0.9452557242162858,5.0,3.0,1.2046690805394497e-19
haxs.stage5c2gR32A.g1-deterministic.v1,limit_hopping_zero_chain6,chain6_hole_4,2,surrogate,mobile_only,1.0499999999999998,2.3561761615088357,-3.3393426912553537e-17,4.2934406030425976e-17,0.7642646507078202,-1.1675622723638288,0.8485731458805419,0.9424704646035342,5.0,3.0,-6.987080667128808e-19
haxs.stage5c2gR32A.g1-deterministic.v1,limit_hopping_zero_chain6,chain6_hole_4,2,surrogate,mobile_only,1.0818181818181818,2.3491738567097964,4.7704895589362195e-18,-2.6454533008646308e-17,0.7598701693924773,-1.1926060447324973,0.8386866098748476,0.9396695426839186,5.0,3.0,4.63797596007688e-19
haxs.stage5c2gR32A.g1-deterministic.v1,limit_hopping_zero_chain6,chain6_hole_4,2,surrogate,mobile_only,1.1136363636363635,2.34213922253685,2.3852447794681098e-17,-2.168404344971009e-18,0.7555929321269222,-1.217121131544295,0.8289785564083798,0.9368556890147399,5.0,3.0,2.4093381610788983e-20
haxs.stage5c2gR32A.g1-deterministic.v1,limit_hopping_zero_chain6,chain6_hole_4,2,surrogate,mobile_only,1.1454545454545453,2.335078076299025,-2.8189256484623115e-17,3.382710778154774e-17,0.7514374483715813,-1.2410716538672353,0.819456006576581,0.93403123051961,5.0,3.0,-2.0479374369170636e-19
haxs.stage5c2gR32A.g1-deterministic.v1,limit_hopping_zero_chain6,chain6_hole_4,2,surrogate,mobile_only,1.1772727272727272,2.3279952325823983,-8.239936510889834e-18,1.1709383462843448e-17,0.7474083708959767,-1.2644204240613917,0.8101251716190528,0.9311980930329593,5.0,3.0,1.9877039828900911e-19
haxs.stage5c2gR32A.g1-deterministic.v1,limit_hopping_zero_chain6,chain6_hole_4,2,surrogate,mobile_only,1.209090909090909,2.3208945254932796,4.7704895589362195e-18,-1.3010426069826053e-18,0.7435103565150201,-1.2871297771902823,0.8009913501317901,0.9283578101973118,5.0,3.0,3.975407965780183e-19
haxs.stage5c2gR32A.g1-deterministic.v1,limit_hopping_zero_chain6,chain6_hole_4,2,surrogate,mobile_only,1.2409090909090907,2.3137788441599723,7.112366251504909e-17,1.1275702593849246e-17,0.7397479388087075,-1.309162362589165,0.7920588502985694,0.9255115376639889,5.0,3.0,1.8070036208091744e-19
haxs.stage5c2gR32A.g1-deterministic.v1,limit_hopping_zero_chain6,chain6_hole_4,2,surrogate,mobile_only,1.2727272727272725,2.3066501784437645,-4.4885969940899884e-17,-8.673617379884035e-19,0.7361254146928947,-1.3304818801439058,0.7833309358912492,0.9226600713775058,5.0,3.0,-1.023968718458532e-19
haxs.stage5c2gR32A.g1-deterministic.v1,limit_hopping_zero_chain6,chain6_hole_4,2,surrogate,mobile_only,1.3045454545454545,2.299509671587161,5.204170427930421e-18,3.469446951953614e-18,0.7326467460662885,-1.3510537490030012,0.7748097940521287,0.9198038686348644,5.0,3.0,-4.336808689942018e-19
haxs.stage5c2gR32A.g1-deterministic.v1,limit_hopping_zero_chain6,chain6_hole_4,2,surrogate,mobile_only,1.3363636363636362,2.292357676518547,-3.122502256758253e-17,2.6454533008646308e-17,0.729315477188267,-1.3708456994702887,0.7664965224020903,0.9169430706074188,5.0,3.0,-6.143812310751193e-19
haxs.stage5c2gR32A.g1-deterministic.v1,limit_hopping_zero_chain6,chain6_hole_4,2,surrogate,mobile_only,1.368181818181818,2.285193812731562,2.3201926491189795e-17,3.729655473350135e-17,0.7261346679736537,-1.3898282815089178,0.7583911328205042,0.9140775250926249,5.0,3.0,1.2649025345664222e-19
haxs.stage5c2gR32A.g1-deterministic.v1,limit_hopping_zero_chain6,chain6_hole_4,2,surrogate,mobile_only,1.4,2.278017021045081,-3.382710778154774e-17,6.071532165918825e-18,0.7231068430382069,-1.4079752855093712,0.7504925692963739,0.9112068084180324,5.0,3.0,3.0116727013486254e-20
haxs.stage5c2gR32A.g1-deterministic.v1,limit_hopping_zero_chain6,chain6_hole_4,4,surrogate,mobile_only,0.0,2.5,0.0,0.0,1.0009775171065494,0.004243229276517941,1.2512218963831867,1.0,5.0,3.0,0.0
haxs.stage5c2gR32A.g1-deterministic.v1,limit_hopping_zero_chain6,chain6_hole_4,4,surrogate,mobile_only,0.031818181818181815,2.499839622428271,3.642919299551295e-17,-2.5153490401663703e-17,0.9888227184172187,-0.04881564130368113,1.235869818121768,0.9999358489713084,5.0,3.0,4.8186763221577966e-20
haxs.stage5c2gR32A.g1-deterministic.v1,limit_hopping_zero_chain6,chain6_hole_4,4,surrogate,mobile_only,0.06363636363636363,2.499358778374047,1.1275702593849246e-17,8.239936510889834e-18,0.977186029577769,-0.10022750581792901,1.2208560245144395,0.9997435113496188,5.0,3.0,1.2046690805394497e-19
haxs.stage5c2gR32A.g1-deterministic.v1,limit_hopping_zero_chain6,chain6_hole_4,4,surrogate,mobile_only,0.09545454545454544,2.4985583361157655,3.8163916471489756e-17,-1.3010426069826053e-18,0.9660450655276684,-0.15002613487738503,1.2061640211926707,0.9994233344463062,5.0,3.0,-1.2649025345664222e-19
haxs.stage5c2gR32A.g1-deterministic.v1,limit_hopping_zero_chain6,chain6_hole_4,4,surrogate,mobile_only,0.12727272727272726,2.4974397503544585,8.673617379884035e-17,-2.7755575615628914e-17,0.9553771727112553,-0.19825139736750055,1.1917767142974862,0.9989759001417834,5.0,3.0,4.758442868130824e-19
haxs.stage5c2gR32A.g1-deterministic.v1,limit_hopping_zero_chain6,chain6_hole_4,4,surrogate,mobile_only,0.15909090909090906,2.4960050732809806,-1.1275702593849246e-17,-1.6046192152785466e-17,0.9451595565725414,-0.24494870125956236,1.1776766193927388,0.9984020293123923,5.0,3.0,-5.240310500346605e-19
haxs.stage5c2gR32A.g1-deterministic.v1,limit_hopping_zero_chain6,chain6_hole_4,4,surrogate,mobile_only,0.1909090909090909,2.4942569694774077,-2.0816681711721685e-17,2.42861286636753e-17,0.9353693992778004,-0.290168421912293,1.1638460642327562,0.9977027877909631,5.0,3.0,-2.4093381610788998e-20
haxs.stage5c2gR32A.g1-deterministic.v1,limit_hopping_zero_chain6,chain6_hole_4,4,surrogate,mobile_only,0.22272727272727272,2.492198734024364,-1.0408340855860843e-17,-3.122502256758253e-17,0.9259839683865418,-0.33396532218207253,1.1502673842873354,0.9968794936097456,5.0,3.0,-6.02334540269724e-21
haxs.stage5c2gR32A.g1-deterministic.v1,limit_hopping_zero_chain6,chain6_hole_4,4,surrogate,mobile_only,0.2545454545454545,2.489834312966493,-7.806255641895632e-18,-4.683753385137379e-17,0.9169807176111886,-0.3763979663434677,1.1369231103992277,0.9959337251865972,5.0,3.0,-4.216341781888072e-19
haxs.stage5c2gR32A.g1-deterministic.v1,limit_hopping_zero_chain6,chain6_hole_4,4,surrogate,mobile_only,0.2863636363636363,2.4871683250555354,6.245004513516506e-17,-1.1709383462843448e-17,0.9083373811374966,-0.417528127656122,1.1237961482990455,0.9948673300222142,5.0,3.0,-9.99875336847743e-19
haxs.stage5c2gR32A.g1-deterministic.v1,limit_hopping_zero_chain6,chain6_hole_4,4,surrogate,mobile_only,0.3181818181818181,2.4842060834540773,-1.734723475976807e-17,1.1709383462843448e-17,0.9000320631984888,-0.45742018758297787,1.110869949906893,0.993682433381631,5.0,3.0,-5.059610138265689e-19
haxs.stage5c2gR32A.g1-deterministic.v1,limit_hopping_zero_chain6,chain6_hole_4,4,surrogate,mobile_only,0.35,2.480953615861738,4.163336342344337e-17,2.42861286636753e-17,0.8920433246805974,-0.4961405233599868,1.0981286763954168,0.9923814463446952,5.0,3.0,-2.770738885240733e-19
haxs.stage5c2gR32A.g1-deterministic.v1,limit_hopping_zero_chain6,chain6_hole_4,4,surrogate,mobile_only,0.3818181818181818,2.4774176813364344,5.811323644522304e-17,5.637851296924623e-18,0.8843502684769076,-0.5337568799894408,1.085557352873188,0.9909670725345737,5.0,3.0,-4.216341781888072e-20
haxs.stage5c2gR32A.g1-deterministic.v1,limit_hopping_zero_chain6,chain6_hole_4,4,surrogate,mobile_only,0.4136363636363636,2.4736057819467145,-1.0061396160665481e-16,9.540979117872439e-18,0.8769326250803804,-0.5703377228940765,1.0731420142812138,0.9894423127786858,5.0,3.0,-3.8549410577262383e-19
haxs.stage5c2gR32A.g1-deterministic.v1,limit_hopping_zero_chain6,chain6_hole_4,4,surrogate,mobile_only,0.44545454545454544,2.4695261673260522,-1.3877787807814457e-17,-3.903127820947816e-18,0.8697708395319061,-0.6059515684851092,1.0608698417032734,0.9878104669304208,5.0,3.0,5.481244316454493e-19
haxs.stage5c2gR32A.g1-deterministic.v1,limit_hopping_zero_chain6,chain6_hole_4,4,surrogate,mobile_only,0.47727272727272724,2.465187830220702,2.0816681711721685e-17,-1.6479873021779667e-17,0.8628461603196953,-0.6406662917464117,1.0487292878105225,0.9860751320882809,5.0,3.0,3.9151745117532105e-19
haxs.stage5c2gR32A.g1-deterministic.v1,limit_hopping_zero_chain6,chain6_hole_4,4,surrogate,mobile_only,0.509090909090909,2.46060049123981,8.500145032286355e-17,5.637851296924623e-18,0.8561407301958535,-0.674548412527729,1.0367101896421471,0.984240196495924,5.0,3.0,-1.9877039828900919e-19
haxs.stage5c2gR32A.g1-deterministic.v1,limit_hopping_zero_chain6,chain6_hole_4,4,surrogate,mobile_only,0.5409090909090909,2.4557745712350436,-3.252606517456513e-17,-1.3010426069826053e-18,0.8496376781731568,-0.7076623654055187,1.0248038664255592,0.9823098284940175,5.0,3.0,-1.6865367127552291e-19
haxs.stage5c2gR32A.g1-deterministic.v1,limit_hopping_zero_chain6,chain6_hole_4,4,surrogate,mobile_only,0.5727272727272726,2.450721150056772,3.252606517456513e-17,8.239936510889834e-18,0.8433212112402292,-0.7400697614777462,1.0130031997255589,0.9802884600227089,5.0,3.0,5.842645040616329e-19
haxs.stage5c2gR32A.g1-deterministic.v1,limit_hopping_zero_chain6,chain6_hole_4,4,surrogate,mobile_only,0.6045454545454545,2.445451910846423,1.6046192152785466e-17,2.0816681711721685e-17,0.8371767036450458,-0.7718286540164393,1.001302692945381,0.9781807643385692,5.0,3.0,6.625679942966972e-19
haxs.stage5c2gR32A.g1-deterministic.v1,limit_hopping_zero_chain6,chain6_hole_4,4,surrogate,mobile_only,0.6363636363636362,2.439979069520843,8.673617379884035e-18,2.168404344971009e-18,0.8311907810028026,-0.8029928232024244,0.9896985071404779,0.9759916278083371,5.0,3.0,2.4695716151058716e-19
haxs.stage5c2gR32A.g1-deterministic.v1,limit_hopping_zero_chain6,chain6_hole_4,4,surrogate,mobile_only,0.6681818181818181,2.434315289665141,2.0383000842727483e-17,-5.204170427930421e-17,0.8253513960429015,-0.8336110978847859,0.9781884702917423,0.9737261158660564,5.0,3.0,-2.3491047070519266e-19
haxs.stage5c2gR32A.g1-deterministic.v1,limit_hopping_zero_chain6,chain6_hole_4,4,surrogate,mobile_only,0.7,2.4284735836542373,1.5612511283791264e-17,1.3877787807814457e-17,0.8196478925693718,-0.8637267341514858,0.9667720576431433,0.9713894334616949,5.0,3.0,2.9514392473216515e-19
haxs.stage5c2gR32A.g1-deterministic.v1,limit_hopping_zero_chain6,chain6_hole_4,4,surrogate,mobile_only,0.7318181818181817,2.422467201444175,-3.165870343657673e-17,-2.168404344971009e-18,0.8140710542041348,-0.8933768712304639,0.9554503414394429,0.9689868805776699,5.0,3.0,-9.155485012099815e-19
haxs.stage5c2gR32A.g1-deterministic.v1,limit_hopping_zero_chain6,chain6_hole_4,4,surrogate,mobile_only,0.7636363636363636,2.416309509082093,-5.204170427930421e-18,-1.6479873021779667e-17,0.8086131347301045,-0.9225920847046705,0.944225909376026,0.9665238036328372,5.0,3.0,6.08357885672422e-19
haxs.stage5c2gR32A.g1-deterministic.v1,limit_hopping_zero_chain6,chain6_hole_4,4,surrogate,mobile_only,0.7954545454545454,2.410013859543577,6.5052130349130266e-18,0.0,0.8032678673485838,-0.9513960551551076,0.9331027522409965,0.9640055438174308,5.0,3.0,-1.4456028966473392e-19
haxs.stage5c2gR32A.g1-deterministic.v1,limit_hopping_zero_chain6,chain6_hole_4,4,surrogate,mobile_only,0.8272727272727272,2.4035934589856565,3.9898639947466563e-17,-3.252606517456513e-17,0.7980304508855525,-0.9798053672038441,0.9220861225119963,0.9614373835942626,5.0,3.0,5.4210108624275216e-20
haxs.stage5c2gR32A.g1-deterministic.v1,limit_hopping_zero_chain6,chain6_hole_4,4,surrogate,mobile_only,0.859090909090909,2.397061231866816,3.859759734048396e-17,-3.469446951953614e-18,0.7928975118795653,-1.0078294496697826,0.9111823669714745,0.9588244927467263,5.0,3.0,6.143812310751193e-19
haxs.stage5c2gR32A.g1-deterministic.v1,limit_hopping_zero_chain6,chain6_hole_4,4,surrogate,mobile_only,0.8909090909090909,2.3904296886023215,4.336808689942018e-19,4.7704895589362195e-18,0.787867042496517,-1.0354706624399603,0.900398737620831,0.9561718754409286,5.0,3.0,-1.1625056627205688e-18
haxs.stage5c2gR32A.g1-deterministic.v1,limit_hopping_zero_chain6,chain6_hole_4,4,surrogate,mobile_only,0.9227272727272726,2.3837107994694366,-2.0383000842727483e-17,-1.0408340855860843e-17,0.7829383152693138,-1.0627245300392378,0.8897431862043689,0.9534843197877747,5.0,3.0,-1.096248863290899e-18
haxs.stage5c2gR32A.g1-deterministic.v1,limit_hopping_zero_chain6,chain6_hole_4,4,surrogate,mobile_only,0.9545454545454545,2.376915878337584,-4.5102810375396984e-17,1.8648277366750676e-17,0.7781117766753319,-1.0895801161386607,0.8792241484099832,0.9507663513350335,5.0,3.0,-3.0719061553755965e-19
haxs.stage5c2gR32A.g1-deterministic.v1,limit_hopping_zero_chain6,chain6_hole_4,4,surrogate,mobile_only,0.9863636363636362,2.3700554794696354,-1.5612511283791264e-17,-1.3877787807814457e-17,0.773388922466702,-1.116020527776139,0.8688503242292013,0.9480221917878542,5.0,3.0,-2.3491047070519266e-19
haxs.stage5c2gR32A.g1-deterministic.v1,limit_hopping_zero_chain6,chain6_hole_4,4,surrogate,mobile_only,1.018181818181818,2.363139310132706,-5.637851296924623e-18,-1.3010426069826053e-18,0.7687721583940395,-1.1420235332440114,0.8586304609993354,0.9452557240530824,5.0,3.0,2.4695716151058716e-19
haxs.stage5c2gR32A.g1-deterministic.v1,limit_hopping_zero_chain6,chain6_hole_4,4,surrogate,mobile_only,1.0499999999999998,2.3561761610933596,2.0816681711721685e-17,-5.637851296924623e-18,0.7642646504667331,-1.16756227373381,0.8485731453135935,0.9424704644373438,5.0,3.0,-6.80638030504789e-19
haxs.stage5c2gR32A.g1-deterministic.v1,limit_hopping_zero_chain6,chain6_hole_4,4,surrogate,mobile_only,1.0818181818181818,2.3491738562891156,-3.2959746043559335e-17,1.3877787807814457e-17,0.7598701691471779,-1.1926060461344763,0.8386866093037273,0.9396695425156463,5.0,3.0,-6.444979580886055e-19
haxs.stage5c2gR32A.g1-deterministic.v1,limit_hopping_zero_chain6,chain6_hole_4,4,surrogate,mobile_only,1.1136363636363635,2.342139222113117,-4.380176776841438e-17,1.0408340855860843e-17,0.7555929318793206,-1.2171211329674423,0.8289785558367778,0.9368556888452468,5.0,3.0,-2.1081708909440364e-19
haxs.stage5c2gR32A.g1-deterministic.v1,limit_hopping_zero_chain6,chain6_hole_4,4,surrogate,mobile_only,1.1454545454545453,2.3350780758743266,4.336808689942018e-19,-2.3852447794681098e-17,0.7514374481237863,-1.2410716552993706,0.8194560060082745,0.9340312303497307,5.0,3.0,4.577742506049908e-19
haxs.stage5c2gR32A.g1-deterministic.v1,limit_hopping_zero_chain6,chain6_hole_4,4,surrogate,mobile_only,1.1772727272727272,2.3279952321586226,7.806255641895632e-18,-1.6479873021779667e-17,0.747408370650292,-1.2644204254889846,0.8101251710578105,0.931198092863449,5.0,3.0,-6.023345402697245e-20
haxs.stage5c2gR32A.g1-deterministic.v1,limit_hopping_zero_chain6,chain6_hole_4,4,surrogate,mobile_only,1.209090909090909,2.320894525072098,-4.336808689942018e-18,1.3010426069826053e-17,0.7435103562738741,-1.287129778598849,0.800991349581283,0.9283578100288391,5.0,3.0,4.698209414103853e-19
haxs.stage5c2gR32A.g1-deterministic.v1,limit_hopping_zero_chain6,chain6_hole_4,4,surrogate,mobile_only,1.2409090909090907,2.3137788437428326,-9.540979117872439e-18,-1.3877787807814457e-17,0.7397479385745676,-1.3091623639637642,0.7920588497622797,0.925511537497133,5.0,3.0,-1.746770166782202e-19
haxs.stage5c2gR32A.g1-deterministic.v1,limit_hopping_zero_chain6,chain6_hole_4,4,surrogate,mobile_only,1.2727272727272725,2.306650178031822,-5.204170427930421e-18,-1.6046192152785466e-17,0.7361254144682366,-1.3304818814693287,0.7833309353723957,0.9226600712127289,5.0,3.0,2.2286377989979816e-19
haxs.stage5c2gR32A.g1-deterministic.v1,limit_hopping_zero_chain6,chain6_hole_4,4,surrogate,mobile_only,1.3045454545454545,2.2995096711812892,-3.382710778154774e-17,-6.5052130349130266e-18,0.7326467458535156,-1.3510537502642652,0.7748097935535976,0.9198038684725157,5.0,3.0,-4.517509052022936e-19
haxs.stage5c2gR32A.g1-deterministic.v1,limit_hopping_zero_chain6,chain6_hole_4,4,surrogate,mobile_only,1.3363636363636362,2.2923576761193907,-5.204170427930421e-17,2.42861286636753e-17,0.729315476989613,-1.370845700653238,0.7664965219263767,0.9169430704477562,5.0,3.0,-3.734474149672293e-19
haxs.stage5c2gR32A.g1-deterministic.v1,limit_hopping_zero_chain6,chain6_hole_4,4,surrogate,mobile_only,1.368181818181818,2.285193812339473,1.7997756063259374e-17,-8.673617379884035e-19,0.7261346677911696,-1.389828282600338,0.7583911323696674,0.9140775249357892,5.0,3.0,1.3853694426203672e-19
haxs.stage5c2gR32A.g1-deterministic.v1,limit_hopping_zero_chain6,chain6_hole_4,4,surrogate,mobile_only,1.4,2.2780170206601427,-2.7755575615628914e-17,-1.5178830414797062e-17,0.7231068428737005,-1.4079752864973891,0.7504925688720016,0.9112068082640571,5.0,3.0,-8.613383925857064e-19
haxs.stage5c2gR32A.g1-deterministic.v1,limit_hopping_zero_chain6,chain6_hole_4,8,surrogate,mobile_only,0.0,2.5,0.0,0.0,1.0009775171065494,0.004243229276517941,1.2512218963831867,1.0,5.0,3.0,0.0
haxs.stage5c2gR32A.g1-deterministic.v1,limit_hopping_zero_chain6,chain6_hole_4,8,surrogate,mobile_only,0.031818181818181815,2.4998396224282002,6.158268339717665e-17,1.474514954580286e-17,0.9888227184161505,-0.04881564130837246,1.2358698181203631,0.9999358489712801,5.0,3.0,4.517509052022935e-19
haxs.stage5c2gR32A.g1-deterministic.v1,limit_hopping_zero_chain6,chain6_hole_4,8,surrogate,mobile_only,0.06363636363636363,2.499358778373857,-1.0408340855860843e-17,-2.42861286636753e-17,0.9771860295757361,-0.10022750582696403,1.220856024511714,0.9997435113495428,5.0,3.0,-2.5298050691328443e-19
haxs.stage5c2gR32A.g1-deterministic.v1,limit_hopping_zero_chain6,chain6_hole_4,8,surrogate,mobile_only,0.09545454545454544,2.4985583361154653,2.3418766925686896e-17,-1.9949319973733282e-17,0.9660450655247208,-0.15002613489063643,1.2061640211887006,0.9994233344461861,5.0,3.0,3.2526065174565133e-19
haxs.stage5c2gR32A.g1-deterministic.v1,limit_hopping_zero_chain6,chain6_hole_4,8,surrogate,mobile_only,0.12727272727272726,2.4974397503539767,-1.734723475976807e-17,6.938893903907228e-18,0.9553771727075014,-0.19825139738456493,1.1917767142923437,0.9989759001415907,5.0,3.0,2.4093381610788998e-20
haxs.stage5c2gR32A.g1-deterministic.v1,limit_hopping_zero_chain6,chain6_hole_4,8,surrogate,mobile_only,0.15909090909090906,2.496005073280285,-2.862293735361732e-17,-2.2551405187698492e-17,0.9451595565680534,-0.24494870128018428,1.1776766193864907,0.9984020293121141,5.0,3.0,-4.095874873834128e-19
haxs.stage5c2gR32A.g1-deterministic.v1,limit_hopping_zero_chain6,chain6_hole_4,8,surrogate,mobile_only,0.1909090909090909,2.4942569694764725,-8.673617379884035e-19,-1.6479873021779667e-17,0.935369399272641,-0.29016842193624837,1.163846064225464,0.997702787790589,5.0,3.0,9.637352644315596e-20
haxs.stage5c2gR32A.g1-deterministic.v1,limit_hopping_zero_chain6,chain6_hole_4,8,surrogate,mobile_only,0.22272727272727272,2.4921987340231246,7.806255641895632e-18,-5.204170427930421e-18,0.9259839683807968,-0.3339653222090174,1.1502673842790547,0.9968794936092499,5.0,3.0,-3.0116727013486254e-20
haxs.stage5c2gR32A.g1-deterministic.v1,limit_hopping_zero_chain6,chain6_hole_4,8,surrogate,mobile_only,0.2545454545454545,2.489834312964922,5.204170427930421e-17,3.165870343657673e-17,0.91698071760491,-0.3763979663732043,1.1369231103900086,0.9959337251859688,5.0,3.0,-1.8672370748361469e-19
haxs.stage5c2gR32A.g1-deterministic.v1,limit_hopping_zero_chain6,chain6_hole_4,8,surrogate,mobile_only,0.2863636363636363,2.487168325053574,-4.9439619065339e-17,8.673617379884035e-18,0.9083373811307526,-0.4175281276883666,1.1237961482889292,0.9948673300214296,5.0,3.0,-2.2286377989979816e-19
haxs.stage5c2gR32A.g1-deterministic.v1,limit_hopping_zero_chain6,chain6_hole_4,8,surrogate,mobile_only,0.3181818181818181,2.484206083451648,-9.020562075079397e-17,-2.168404344971009e-17,0.9000320631913535,-0.457420187617408,1.1108699498959138,0.9936824333806593,5.0,3.0,-2.6502719771867883e-19
haxs.stage5c2gR32A.g1-deterministic.v1,limit_hopping_zero_chain6,chain6_hole_4,8,surrogate,mobile_only,0.35,2.4809536158587733,-6.591949208711867e-17,-4.336808689942018e-18,0.8920433246731296,-0.496140523396344,1.0981286763835993,0.9923814463435093,5.0,3.0,3.2526065174565133e-19
haxs.stage5c2gR32A.g1-deterministic.v1,limit_hopping_zero_chain6,chain6_hole_4,8,surrogate,mobile_only,0.3818181818181818,2.4774176813328705,3.8163916471489756e-17,-3.5561831257524545e-17,0.8843502684691537,-0.5337568800275193,1.0855573528605467,0.9909670725331482,5.0,3.0,-5.059610138265689e-19
haxs.stage5c2gR32A.g1-deterministic.v1,limit_hopping_zero_chain6,chain6_hole_4,8,surrogate,mobile_only,0.4136363636363636,2.4736057819424744,1.231653667943533e-16,4.0332320816460765e-17,0.8769326250723856,-0.5703377229336702,1.073142014267751,0.9894423127769898,5.0,3.0,-3.1923730634295406e-19
haxs.stage5c2gR32A.g1-deterministic.v1,limit_hopping_zero_chain6,chain6_hole_4,8,surrogate,mobile_only,0.44545454545454544,2.469526167321056,-3.8163916471489756e-17,-9.974659986866641e-18,0.8697708395237073,-0.6059515685260479,1.0608698416889806,0.9878104669284223,5.0,3.0,6.866613759074861e-19
haxs.stage5c2gR32A.g1-deterministic.v1,limit_hopping_zero_chain6,chain6_hole_4,8,surrogate,mobile_only,0.47727272727272724,2.465187830214865,8.239936510889834e-18,1.1709383462843448e-17,0.8628461603113208,-0.6406662917885629,1.0487292877953773,0.986075132085946,5.0,3.0,-1.0239687184585318e-19
haxs.stage5c2gR32A.g1-deterministic.v1,limit_hopping_zero_chain6,chain6_hole_4,8,surrogate,mobile_only,0.509090909090909,2.460600491233034,-1.5178830414797062e-17,-2.211772431870429e-17,0.8561407301873301,-0.6745484125709656,1.0367101896261162,0.9842401964932137,5.0,3.0,-3.975407965780183e-19
haxs.stage5c2gR32A.g1-deterministic.v1,limit_hopping_zero_chain6,chain6_hole_4,8,surrogate,mobile_only,0.5409090909090909,2.4557745712272814,2.2551405187698492e-17,-3.122502256758253e-17,0.8496376781644666,-0.7076623654499392,1.024803866408599,0.9823098284909125,5.0,3.0,-7.830349023506422e-20
haxs.stage5c2gR32A.g1-deterministic.v1,limit_hopping_zero_chain6,chain6_hole_4,8,surrogate,mobile_only,0.5727272727272726,2.4507211500479387,-3.252606517456513e-17,-1.1709383462843448e-17,0.8433212112313688,-0.7400697615233753,1.013003199707613,0.9802884600191755,5.0,3.0,8.613383925857064e-19
haxs.stage5c2gR32A.g1-deterministic.v1,limit_hopping_zero_chain6,chain6_hole_4,8,surrogate,mobile_only,0.6045454545454545,2.445451910836446,1.3877787807814457e-17,-9.107298248878237e-18,0.8371767036359979,-0.7718286540633762,1.0013026929263893,0.9781807643345785,5.0,3.0,-1.6263032587282567e-19
haxs.stage5c2gR32A.g1-deterministic.v1,limit_hopping_zero_chain6,chain6_hole_4,8,surrogate,mobile_only,0.6363636363636362,2.439979069509676,1.5178830414797062e-17,3.686287386450715e-17,0.8311907809935282,-0.8029928232508832,0.9896985071203757,0.9759916278038704,5.0,3.0,6.746146851020917e-19
haxs.stage5c2gR32A.g1-deterministic.v1,limit_hopping_zero_chain6,chain6_hole_4,8,surrogate,mobile_only,0.6681818181818181,2.4343152896527407,3.9898639947466563e-17,-2.0816681711721685e-17,0.8253513960333583,-0.8336110979350019,0.9781884702704663,0.9737261158610963,5.0,3.0,-2.710505431213761e-19
haxs.stage5c2gR32A.g1-deterministic.v1,limit_hopping_zero_chain6,chain6_hole_4,8,surrogate,mobile_only,0.7,2.428473583640561,-5.334274688628682e-17,8.239936510889834e-18,0.8196478925595193,-0.8637267342036894,0.9667720576206335,0.9713894334562244,5.0,3.0,-6.625679942966973e-20
haxs.stage5c2gR32A.g1-deterministic.v1,limit_hopping_zero_chain6,chain6_hole_4,8,surrogate,mobile_only,0.7318181818181817,2.42246720142921,1.734723475976807e-17,-2.42861286636753e-17,0.8140710541939218,-0.893376871284949,0.9554503414156514,0.9689868805716839,5.0,3.0,-2.469571615105872e-19
haxs.stage5c2gR32A.g1-deterministic.v1,limit_hopping_zero_chain6,chain6_hole_4,8,surrogate,mobile_only,0.7636363636363636,2.416309509065866,3.0357660829594124e-18,3.469446951953614e-17,0.8086131347194642,-0.9225920847618184,0.944225909350919,0.9665238036263464,5.0,3.0,2.710505431213761e-19
haxs.stage5c2gR32A.g1-deterministic.v1,limit_hopping_zero_chain6,chain6_hole_4,8,surrogate,mobile_only,0.7954545454545454,2.4100138595261016,1.5612511283791264e-17,-9.540979117872439e-18,0.8032678673374748,-0.9513960552151696,0.9331027522145597,0.9640055438104407,5.0,3.0,6.083578856724218e-19
haxs.stage5c2gR32A.g1-deterministic.v1,limit_hopping_zero_chain6,chain6_hole_4,8,surrogate,mobile_only,0.8272727272727272,2.4035934589669985,1.214306433183765e-17,-5.204170427930421e-17,0.7980304508739199,-0.9798053672671496,0.9220861224842399,0.9614373835867994,5.0,3.0,1.3251359885933942e-19
haxs.stage5c2gR32A.g1-deterministic.v1,limit_hopping_zero_chain6,chain6_hole_4,8,surrogate,mobile_only,0.859090909090909,2.397061231847028,4.7704895589362195e-18,-2.5587171270657905e-17,0.7928975118673878,-1.0078294497364824,0.9111823669424368,0.9588244927388112,5.0,3.0,3.493540333564404e-19
haxs.stage5c2gR32A.g1-deterministic.v1,limit_hopping_zero_chain6,chain6_hole_4,8,surrogate,mobile_only,0.8909090909090909,2.390429688581492,2.1250362580715887e-17,7.806255641895632e-18,0.7878670424837751,-1.0354706625101966,0.9003987375905776,0.9561718754325967,5.0,3.0,5.11984359229266e-19
haxs.stage5c2gR32A.g1-deterministic.v1,limit_hopping_zero_chain6,chain6_hole_4,8,surrogate,mobile_only,0.9227272727272726,2.3837107994476683,-1.3877787807814457e-17,-1.1709383462843448e-17,0.7829383152560085,-1.062724530113042,0.8897431861729981,0.9534843197790673,5.0,3.0,-1.6865367127552296e-19
haxs.stage5c2gR32A.g1-deterministic.v1,limit_hopping_zero_chain6,chain6_hole_4,8,surrogate,mobile_only,0.9545454545454545,2.3769158783149975,-1.431146867680866e-17,3.903127820947816e-18,0.7781117766614803,-1.0895801162159717,0.8792241483776224,0.950766351325999,5.0,3.0,3.132139609402569e-19
haxs.stage5c2gR32A.g1-deterministic.v1,limit_hopping_zero_chain6,chain6_hole_4,8,surrogate,mobile_only,0.9863636363636362,2.3700554794463584,-2.0383000842727483e-17,-1.5178830414797062e-17,0.7733889224523455,-1.1160205278567579,0.8688503241960063,0.9480221917785434,5.0,3.0,1.3853694426203672e-19
haxs.stage5c2gR32A.g1-deterministic.v1,limit_hopping_zero_chain6,chain6_hole_4,8,surrogate,mobile_only,1.018181818181818,2.363139310108888,-1.9081958235744878e-17,1.3010426069826053e-18,0.76877215837923,-1.1420235333276731,0.8586304609654866,0.9452557240435551,5.0,3.0,-4.87890977618477e-19
haxs.stage5c2gR32A.g1-deterministic.v1,limit_hopping_zero_chain6,chain6_hole_4,8,surrogate,mobile_only,1.0499999999999998,2.3561761610691256,-3.946495907847236e-17,-3.122502256758253e-17,0.7642646504515632,-1.1675622738200129,0.8485731452792945,0.9424704644276503,5.0,3.0,-3.553773787591375e-19
haxs.stage5c2gR32A.g1-deterministic.v1,limit_hopping_zero_chain6,chain6_hole_4,8,surrogate,mobile_only,1.0818181818181818,2.3491738562646027,-2.7321894746634712e-17,-1.3010426069826053e-18,0.7598701691317511,-1.192606046222646,0.8386866092691977,0.9396695425058411,5.0,3.0,-4.0958748738341273e-19
haxs.stage5c2gR32A.g1-deterministic.v1,limit_hopping_zero_chain6,chain6_hole_4,8,surrogate,mobile_only,1.1136363636363635,2.3421392220884885,6.765421556309548e-17,-1.6046192152785466e-17,0.7555929318637375,-1.2171211330570098,0.8289785558022471,0.9368556888353954,5.0,3.0,4.698209414103853e-19
haxs.stage5c2gR32A.g1-deterministic.v1,limit_hopping_zero_chain6,chain6_hole_4,8,surrogate,mobile_only,1.1454545454545453,2.3350780758496996,-6.938893903907228e-18,-2.168404344971009e-18,0.7514374481081866,-1.2410716553895296,0.819456005973978,0.9340312303398799,5.0,3.0,8.024708101613482e-36
haxs.stage5c2gR32A.g1-deterministic.v1,limit_hopping_zero_chain6,chain6_hole_4,8,surrogate,mobile_only,1.1772727272727272,2.3279952321341124,-4.640385298237959e-17,-5.637851296924623e-18,0.7474083706348219,-1.264420425578876,0.8101251710239836,0.931198092853645,5.0,3.0,-3.7947076036992655e-19
haxs.stage5c2gR32A.g1-deterministic.v1,limit_hopping_zero_chain6,chain6_hole_4,8,surrogate,mobile_only,1.209090909090909,2.320894525047807,-6.5052130349130266e-18,4.597017211338539e-17,0.7435103562586854,-1.2871297786875677,0.8009913495481535,0.9283578100191228,5.0,3.0,8.974784650018897e-19
haxs.stage5c2gR32A.g1-deterministic.v1,limit_hopping_zero_chain6,chain6_hole_4,8,surrogate,mobile_only,1.2409090909090907,2.313778843718837,-1.5612511283791264e-17,1.3010426069826053e-17,0.7397479385598228,-1.3091623640503287,0.7920588497300639,0.9255115374875349,5.0,3.0,-1.9274705288631191e-19
haxs.stage5c2gR32A.g1-deterministic.v1,limit_hopping_zero_chain6,chain6_hole_4,8,surrogate,mobile_only,1.2727272727272725,2.30665017800822,9.75781955236954e-18,5.637851296924623e-18,0.7361254144540726,-1.3304818815528927,0.7833309353412933,0.922660071203288,5.0,3.0,1.6263032587282567e-19
haxs.stage5c2gR32A.g1-deterministic.v1,limit_hopping_zero_chain6,chain6_hole_4,8,surrogate,mobile_only,1.3045454545454545,2.299509671158129,-9.324138683375338e-18,-3.0357660829594124e-17,0.7326467458400848,-1.3510537503438798,0.7748097935237864,0.9198038684632517,5.0,3.0,-2.710505431213761e-19
haxs.stage5c2gR32A.g1-deterministic.v1,limit_hopping_zero_chain6,chain6_hole_4,8,surrogate,mobile_only,1.3363636363636362,2.2923576760967004,4.163336342344337e-17,-2.6454533008646308e-17,0.7293154769770614,-1.3708457007279797,0.7664965218980114,0.9169430704386802,5.0,3.0,-2.650271977186788e-19
haxs.stage5c2gR32A.g1-deterministic.v1,limit_hopping_zero_chain6,chain6_hole_4,8,surrogate,mobile_only,1.368181818181818,2.285193812317278,-4.683753385137379e-17,1.734723475976807e-17,0.7261346677796222,-1.389828282669402,0.758391132342875,0.9140775249269112,5.0,3.0,3.6742406956453205e-19
haxs.stage5c2gR32A.g1-deterministic.v1,limit_hopping_zero_chain6,chain6_hole_4,8,surrogate,mobile_only,1.4,2.2780170206384533,4.228388472693467e-17,4.7704895589362195e-18,0.7231068428632635,-1.407975286560073,0.7504925688468781,0.9112068082553814,5.0,3.0,-9.938519914450457e-19
haxs.stage5c2gR32A.g1-deterministic.v1,limit_spin_density_zero_rect2x3,rect2x3_hole_2,1,surrogate,static_only,0.0,2.5,0.0,0.0,1.0009775171065494,0.004243229276517941,1.2512218963831867,1.0,5.0,5.0,0.0
haxs.stage5c2gR32A.g1-deterministic.v1,limit_spin_density_zero_rect2x3,rect2x3_hole_2,1,surrogate,static_only,0.031818181818181815,2.4997327574555026,1.3444106938820255e-17,-2.211772431870429e-17,0.9807736038813694,-0.0843123108313159,1.2257049144273258,0.999893102982201,5.0,5.0,-7.890582477533391e-19
haxs.stage5c2gR32A.g1-deterministic.v1,limit_spin_density_zero_rect2x3,rect2x3_hole_2,1,surrogate,static_only,0.06363636363636363,2.498932147135929,1.8214596497756474e-17,-1.214306433183765e-17,0.9615293091081161,-0.17037473162449374,1.200885083846773,0.9995728588543716,5.0,5.0,1.5645639683506095e-18
haxs.stage5c2gR32A.g1-deterministic.v1,limit_spin_density_zero_rect2x3,rect2x3_hole_2,1,surrogate,static_only,0.09545454545454544,2.497601521464217,5.767955557622884e-17,7.806255641895632e-18,0.9431892330826662,-0.2540116554599785,1.1767254073994082,0.9990406085856869,5.0,5.0,1.3853694426203664e-19
haxs.stage5c2gR32A.g1-deterministic.v1,limit_spin_density_zero_rect2x3,rect2x3_hole_2,1,surrogate,static_only,0.12727272727272726,2.4957464635115794,-6.591949208711867e-17,1.5612511283791264e-17,0.925697738767742,-0.3353079713480913,1.1531880340013,0.9982985854046318,5.0,5.0,-8.071282839614312e-19
haxs.stage5c2gR32A.g1-deterministic.v1,limit_spin_density_zero_rect2x3,rect2x3_hole_2,1,surrogate,static_only,0.15909090909090906,2.4933747786540277,4.5536491244391186e-17,9.540979117872439e-18,0.9089994044012023,-0.41436401338380197,1.1302349130875826,0.9973499114616111,5.0,5.0,-6.926847213101835e-20
haxs.stage5c2gR32A.g1-deterministic.v1,limit_spin_density_zero_rect2x3,rect2x3_hole_2,1,surrogate,static_only,0.1909090909090909,2.4904964791482342,-4.597017211338539e-17,1.214306433183765e-17,0.8930394465005905,-0.49129357439364796,1.10782842043688,0.9961985916592937,5.0,5.0,3.463423606550918e-20
haxs.stage5c2gR32A.g1-deterministic.v1,limit_spin_density_zero_rect2x3,rect2x3_hole_2,1,surrogate,static_only,0.22272727272727272,2.4871237580030785,6.548581121812447e-17,2.6454533008646308e-17,0.8777641164854095,-0.566221773426238,1.0859319486648558,0.9948495032012314,5.0,5.0,-2.4243965245856414e-19
haxs.stage5c2gR32A.g1-deterministic.v1,limit_spin_density_zero_rect2x3,rect2x3_hole_2,1,surrogate,static_only,0.2545454545454545,2.483270947705585,2.0816681711721685e-17,-2.688821387764051e-17,0.86312107490244,-0.6392827905436773,1.0645104568479384,0.9933083790822341,5.0,5.0,-4.517509052022931e-21
haxs.stage5c2gR32A.g1-deterministic.v1,limit_spin_density_zero_rect2x3,rect2x3_hole_2,1,surrogate,static_only,0.2863636363636363,2.478954458771025,6.938893903907228e-18,1.951563910473908e-17,0.8490597471625212,-0.7106174797746868,1.0435309742649546,0.99158178350841,5.0,5.0,3.47848197005766e-19
haxs.stage5c2gR32A.g1-deterministic.v1,limit_spin_density_zero_rect2x3,rect2x3_hole_2,1,surrogate,static_only,0.3181818181818181,2.4741926928221174,1.0842021724855044e-18,2.7321894746634712e-17,0.8355316637378392,-0.7803708721158104,1.022963053045128,0.989677077128847,5.0,5.0,1.2799608980731647e-19
haxs.stage5c2gR32A.g1-deterministic.v1,limit_spin_density_zero_rect2x3,rect2x3_hole_2,1,surrogate,static_only,0.35,2.469005925050743,3.599551212651875e-17,4.380176776841438e-17,0.8224907859822015,-0.8486895856886965,1.0027791637178711,0.9876023700202972,5.0,5.0,3.629065605125091e-19
haxs.stage5c2gR32A.g1-deterministic.v1,limit_spin_density_zero_rect2x3,rect2x3_hole_2,1,surrogate,static_only,0.3818181818181818,2.4634161515469906,-2.2768245622195593e-17,1.1275702593849246e-17,0.8098938162923494,-0.9157191694998661,0.9829550265351373,0.9853664606187962,5.0,5.0,-2.8912057932946783e-19
haxs.stage5c2gR32A.g1-deterministic.v1,limit_spin_density_zero_rect2x3,rect2x3_hole_2,1,surrogate,static_only,0.4136363636363636,2.4574468981262414,9.475926987523309e-17,2.168404344971009e-17,0.7977004885149583,-0.9816014198501752,0.9634698703521634,0.9829787592504966,5.0,5.0,5.827586677109586e-19
haxs.stage5c2gR32A.g1-deterministic.v1,limit_spin_density_zero_rect2x3,rect2x3_hole_2,1,surrogate,static_only,0.44545454545454544,2.4511229889287383,9.75781955236954e-18,-6.461844948013606e-17,0.785873831710712,-1.0464717226856468,0.9443066102426056,0.9804491955714953,5.0,5.0,1.358264388308229e-18
haxs.stage5c2gR32A.g1-deterministic.v1,limit_spin_density_zero_rect2x3,rect2x3_hole_2,1,surrogate,static_only,0.47727272727272724,2.444470275139204,-1.9081958235744878e-17,-3.122502256758253e-17,0.7743803980590586,-1.1104564888474773,0.9254519353204372,0.9777881100556816,5.0,5.0,4.773501231637569e-19
haxs.stage5c2gR32A.g1-deterministic.v1,limit_spin_density_zero_rect2x3,rect2x3_hole_2,1,surrogate,static_only,0.509090909090909,2.4375153265532847,1.452830911130576e-17,-2.0383000842727483e-17,0.7631904442642852,-1.1736707597334284,0.9068962997863105,0.9750061306213139,5.0,5.0,-3.056847791868853e-19
haxs.stage5c2gR32A.g1-deterministic.v1,limit_spin_density_zero_rect2x3,rect2x3_hole_2,1,surrogate,static_only,0.5409090909090909,2.430285091234125,-4.4885969940899884e-17,-1.7780915628762273e-17,0.752278055658593,-1.2362160659152983,0.8886338131789403,0.97211403649365,5.0,5.0,-3.312839971483483e-20
haxs.stage5c2gR32A.g1-deterministic.v1,limit_spin_density_zero_rect2x3,rect2x3_hole_2,1,surrogate,static_only,0.5727272727272726,2.4228065309520033,-1.8214596497756474e-17,-1.1709383462843448e-17,0.7416212034820613,-1.298178618953615,0.8706620301181967,0.9691226123808013,5.0,5.0,-3.915174511753208e-20
haxs.stage5c2gR32A.g1-deterministic.v1,limit_spin_density_zero_rect2x3,rect2x3_hole_2,1,surrogate,static_only,0.6045454545454545,2.4151062422592373,3.599551212651875e-17,-3.642919299551295e-17,0.7312017285237983,-1.3596279062288454,0.852981645128412,0.9660424969036949,5.0,5.0,-4.954201593718485e-19
haxs.stage5c2gR32A.g1-deterministic.v1,limit_spin_density_zero_rect2x3,rect2x3_hole_2,1,surrogate,static_only,0.6363636363636362,2.4072100746996528,-4.466912950640278e-17,-6.5052130349130266e-18,0.7210052481626192,-1.420615740603624,0.8355961038306218,0.9628840298798611,5.0,5.0,3.854941057726239e-19
haxs.stage5c2gR32A.g1-deterministic.v1,limit_spin_density_zero_rect2x3,rect2x3_hole_2,1,surrogate,static_only,0.6681818181818181,2.3991427585931993,4.92227786308419e-17,4.0332320816460765e-17,0.7110209883624408,-1.4811757930475153,0.8185111471270753,0.9596571034372797,5.0,5.0,3.5236570605778894e-19
haxs.stage5c2gR32A.g1-deterministic.v1,limit_spin_density_zero_rect2x3,rect2x3_hole_2,1,surrogate,static_only,0.7,2.3909275549317694,4.83554168928535e-17,9.194034422677078e-17,0.7012415467318496,-1.5413236100115026,0.8017343091737871,0.9563710219727077,5.0,5.0,-2.183462708477751e-19
haxs.stage5c2gR32A.g1-deterministic.v1,limit_spin_density_zero_rect2x3,rect2x3_hole_2,1,surrogate,static_only,0.7318181818181817,2.3825859391112214,-6.895525817007808e-17,-2.6020852139652106e-17,0.6916625966983947,-1.6010570919438827,0.7852743922757152,0.9530343756444886,5.0,5.0,-2.5298050691328443e-19
haxs.stage5c2gR32A.g1-deterministic.v1,limit_spin_density_zero_rect2x3,rect2x3_hole_2,1,surrogate,static_only,0.7636363636363636,2.3741373285455665,-1.496198998029996e-17,3.642919299551295e-17,0.682282545628534,-1.6603573883906386,0.7691409419462288,0.9496549314182265,5.0,5.0,-3.177314699922798e-19
haxs.stage5c2gR32A.g1-deterministic.v1,limit_spin_density_zero_rect2x3,rect2x3_hole_2,1,surrogate,static_only,0.7954545454545454,2.3655988618020247,-4.9873299934333204e-18,-5.160802341031001e-17,0.6731021610138874,-1.719190151260649,0.753343743220785,0.9462395447208098,5.0,5.0,4.96925995722523e-19
haxs.stage5c2gR32A.g1-deterministic.v1,limit_spin_density_zero_rect2x3,rect2x3_hole_2,1,surrogate,static_only,0.8272727272727272,2.3569852339941533,7.361732751176575e-17,-6.288372600415926e-17,0.664124178597803,-1.7775070822606058,0.7378923552704516,0.9427940935976613,5.0,5.0,4.592800869556651e-19
haxs.stage5c2gR32A.g1-deterministic.v1,limit_spin_density_zero_rect2x3,rect2x3_hole_2,1,surrogate,static_only,0.859090909090909,2.3483085900738545,-1.5178830414797062e-17,2.949029909160572e-17,0.655352904776866,-1.8352477126981814,0.722795696117847,0.9393234360295418,5.0,5.0,-4.969259957225228e-19
haxs.stage5c2gR32A.g1-deterministic.v1,limit_spin_density_zero_rect2x3,rect2x3_hole_2,1,surrogate,static_only,0.8909090909090909,2.3395784746955863,4.90059381963448e-17,2.47198095326695e-17,0.6467938232516174,-1.8923413616908025,0.7080616836986483,0.9358313898782346,5.0,5.0,1.4651787692061055e-18
haxs.stage5c2gR32A.g1-deterministic.v1,limit_spin_density_zero_rect2x3,rect2x3_hole_2,1,surrogate,static_only,0.9227272727272726,2.3308018347895807,-2.168404344971009e-19,-1.734723475976807e-18,0.6384532133046088,-1.9487092290820216,0.6936969345252628,0.9323207339158323,5.0,5.0,6.80638030504789e-19
haxs.stage5c2gR32A.g1-deterministic.v1,limit_spin_density_zero_rect2x3,rect2x3_hole_2,1,surrogate,static_only,0.9545454545454545,2.321983069108921,-1.3660947373317356e-17,-4.7704895589362195e-18,0.6303377848146422,-2.004266588514461,0.6797065175111131,0.9287932276435684,5.0,5.0,2.55992179614633e-19
haxs.stage5c2gR32A.g1-deterministic.v1,limit_spin_density_zero_rect2x3,rect2x3_hole_2,1,surrogate,static_only,0.9863636363636362,2.313124117940361,9.096456227153382e-17,-4.8138576458356397e-17,0.622454333586402,-2.0589250511403954,0.6660937585085611,0.9252496471761444,5.0,5.0,-3.207431426936283e-19
haxs.stage5c2gR32A.g1-deterministic.v1,limit_spin_density_zero_rect2x3,rect2x3_hole_2,1,surrogate,static_only,1.018181818181818,2.304224585903387,-4.4181238528784306e-17,6.288372600415926e-17,0.6148094199642474,-2.1125948696417396,0.6528600908305598,0.9216898343613549,5.0,5.0,3.8549410577262383e-19
haxs.stage5c2gR32A.g1-deterministic.v1,limit_spin_density_zero_rect2x3,rect2x3_hole_2,1,surrogate,static_only,1.0499999999999998,2.2952818912064004,4.082021179407924e-17,7.37257477290143e-18,0.6074090739287846,-2.165187245551174,0.6400049481431633,0.9181127564825602,5.0,5.0,-4.562684142543164e-19
haxs.stage5c2gR32A.g1-deterministic.v1,limit_spin_density_zero_rect2x3,rect2x3_hole_2,1,surrogate,static_only,1.0818181818181818,2.286291435692288,-4.3259666682171627e-17,-8.673617379884035e-19,0.6002585306497195,-2.216616591963422,0.6275256980573382,0.9145165742769151,5.0,5.0,1.0360154092639264e-18
haxs.stage5c2gR32A.g1-deterministic.v1,limit_spin_density_zero_rect2x3,rect2x3_hole_2,1,surrogate,static_only,1.1136363636363635,2.2772467912482908,-3.2146594414195206e-17,2.1250362580715887e-17,0.5933620013654601,-2.2668026915112622,0.6154176168321939,0.9108987164993163,5.0,5.0,-1.2317741348515871e-18
haxs.stage5c2gR32A.g1-deterministic.v1,limit_spin_density_zero_rect2x3,rect2x3_hole_2,1,surrogate,static_only,1.1454545454545453,2.2681398994305875,-2.47198095326695e-17,4.7704895589362195e-18,0.5867224850451445,-2.315672679385789,0.603673907198453,0.9072559597722349,5.0,5.0,-1.420003678685876e-18
haxs.stage5c2gR32A.g1-deterministic.v1,limit_spin_density_zero_rect2x3,rect2x3_hole_2,1,surrogate,static_only,1.1772727272727272,2.2589612822521747,2.542454094478508e-17,4.163336342344337e-17,0.5803416262259145,-2.363162776314737,0.5922857619755693,0.9035845129008699,5.0,5.0,8.146574657148026e-19
haxs.stage5c2gR32A.g1-deterministic.v1,limit_spin_density_zero_rect2x3,rect2x3_hole_2,1,surrogate,static_only,1.209090909090909,2.2497002628585885,3.7269449679189215e-18,-1.9949319973733282e-17,0.5742196235456365,-2.4092196988207597,0.5812424757041519,0.8998801051434354,5.0,5.0,-6.625679942966971e-19
haxs.stage5c2gR32A.g1-deterministic.v1,limit_spin_density_zero_rect2x3,rect2x3_hole_2,1,surrogate,static_only,1.2409090909090907,2.2403451952056472,-2.6020852139652106e-18,-7.806255641895632e-18,0.568355191848942,-2.453801684289847,0.5705316050339091,0.8961380780822589,5.0,5.0,-7.604473570905274e-19
haxs.stage5c2gR32A.g1-deterministic.v1,limit_spin_density_zero_rect2x3,rect2x3_hole_2,1,surrogate,static_only,1.2727272727272725,2.2308837018688323,-6.911788849595091e-19,1.1275702593849246e-17,0.5627455785512456,-2.496879085323993,0.5601391764013085,0.892353480747533,5.0,5.0,-6.926847213101833e-19
haxs.stage5c2gR32A.g1-deterministic.v1,limit_spin_density_zero_rect2x3,rect2x3_hole_2,1,surrogate,static_only,1.3045454545454545,2.2213029188276607,-2.439454888092385e-17,-2.0383000842727483e-17,0.5573866325349695,-2.53843450918576,0.5500499370302772,0.8885211675310642,5.0,5.0,1.6564199857417385e-20
haxs.stage5c2gR32A.g1-deterministic.v1,limit_spin_density_zero_rect2x3,rect2x3_hole_2,1,surrogate,static_only,1.3363636363636362,2.21158974558955,1.85940672581264e-17,-8.543513119185775e-17,0.5522729215876018,-2.5784625008318525,0.5402476429382108,0.88463589823582,5.0,5.0,-2.4093381610788965e-20
haxs.stage5c2gR32A.g1-deterministic.v1,limit_spin_density_zero_rect2x3,rect2x3_hole_2,1,surrogate,static_only,1.368181818181818,2.2017310984611242,-1.214306433183765e-17,6.201636426617085e-17,0.5473978925845802,-2.6169687890369877,0.5307153757910713,0.8806924393844497,5.0,5.0,-1.4606612601540827e-19
haxs.stage5c2gR32A.g1-deterministic.v1,limit_spin_density_zero_rect2x3,rect2x3_hole_2,1,surrogate,static_only,1.4,2.191714164242902,-1.431146867680866e-17,3.469446951953614e-18,0.5427540674676813,-2.6539691320352823,0.5214358793404797,0.8766856656971609,5.0,5.0,-1.656419985741745e-20
haxs.stage5c2gR32A.g1-deterministic.v1,limit_spin_density_zero_rect2x3,rect2x3_hole_2,2,surrogate,static_only,0.0,2.5,0.0,0.0,1.0009775171065494,0.004243229276517941,1.2512218963831867,1.0,5.0,5.0,0.0
haxs.stage5c2gR32A.g1-deterministic.v1,limit_spin_density_zero_rect2x3,rect2x3_hole_2,2,surrogate,static_only,0.031818181818181815,2.4997327571735055,7.936359902593892e-17,-4.640385298237959e-17,0.9807736029450642,-0.0843123149773508,1.2257049129806488,0.9998931028694023,5.0,5.0,8.146574657148028e-19
haxs.stage5c2gR32A.g1-deterministic.v1,limit_spin_density_zero_rect2x3,rect2x3_hole_2,2,surrogate,static_only,0.06363636363636363,2.498932146527018,-5.5077470362263625e-17,3.903127820947816e-18,0.961529307349688,-0.1703747395667957,1.2008850810653793,0.9995728586108072,5.0,5.0,9.66746937132908e-19
haxs.stage5c2gR32A.g1-deterministic.v1,limit_spin_density_zero_rect2x3,rect2x3_hole_2,2,surrogate,static_only,0.09545454545454544,2.497601520482692,6.331740687315346e-17,5.551115123125783e-17,0.9431892306055408,-0.25401166686598114,1.1767254033840642,0.9990406081930768,5.0,5.0,-1.2649025345664224e-19
haxs.stage5c2gR32A.g1-deterministic.v1,limit_spin_density_zero_rect2x3,rect2x3_hole_2,2,surrogate,static_only,0.12727272727272726,2.4957464621103296,-2.211772431870429e-17,-4.0332320816460765e-17,0.9256977356647509,-0.3353079859058875,1.1531880288408218,0.9982985848441318,5.0,5.0,3.583890514604862e-19
haxs.stage5c2gR32A.g1-deterministic.v1,limit_spin_density_zero_rect2x3,rect2x3_hole_2,2,surrogate,static_only,0.15909090909090906,2.4933747767839107,-5.204170427930421e-18,-2.6020852139652106e-18,0.9089994007547326,-0.4143640308056139,1.1302349068581918,0.9973499107135643,5.0,5.0,1.1293772630057334e-19
haxs.stage5c2gR32A.g1-deterministic.v1,limit_spin_density_zero_rect2x3,rect2x3_hole_2,2,surrogate,static_only,0.1909090909090909,2.490496476757704,6.852157730108388e-17,-3.382710778154774e-17,0.8930394423824597,-0.49129359442055165,1.1078284132015563,0.9961985907030815,5.0,5.0,2.1081708909440373e-20
haxs.stage5c2gR32A.g1-deterministic.v1,limit_spin_density_zero_rect2x3,rect2x3_hole_2,2,surrogate,static_only,0.22272727272727272,2.487123755038126,1.3010426069826053e-17,4.336808689942018e-19,0.8777641119564162,-0.5662217958344997,1.085931940472656,0.9948495020152505,5.0,5.0,5.827586677109585e-19
haxs.stage5c2gR32A.g1-deterministic.v1,limit_spin_density_zero_rect2x3,rect2x3_hole_2,2,surrogate,static_only,0.2545454545454545,2.483270944110022,-7.41594285980085e-17,2.7755575615628914e-17,0.8631210700116183,-0.6392828151527035,1.0645104477333165,0.9933083776440087,5.0,5.0,1.1384122811097797e-18
haxs.stage5c2gR32A.g1-deterministic.v1,limit_spin_density_zero_rect2x3,rect2x3_hole_2,2,surrogate,static_only,0.2863636363636363,2.478954454487268,-4.4885969940899884e-17,-1.734723475976807e-18,0.8490597419461047,-0.7106175064566833,1.043530964247207,0.9915817817949073,5.0,5.0,1.2950192615799076e-19
haxs.stage5c2gR32A.g1-deterministic.v1,limit_spin_density_zero_rect2x3,rect2x3_hole_2,2,surrogate,static_only,0.3181818181818181,2.4741926877923706,-2.190088388420719e-17,4.336808689942018e-19,0.8355316582182013,-0.7803709008059052,1.022963042128162,0.9896770751169482,5.0,5.0,1.1625056627205688e-18
haxs.stage5c2gR32A.g1-deterministic.v1,limit_spin_density_zero_rect2x3,rect2x3_hole_2,2,surrogate,static_only,0.35,2.469005919218691,3.382710778154774e-17,1.214306433183765e-17,0.8224907801669107,-0.8486896163947999,1.0027791518905402,0.9876023676874764,5.0,5.0,-8.432683563776149e-20
haxs.stage5c2gR32A.g1-deterministic.v1,limit_spin_density_zero_rect2x3,rect2x3_hole_2,2,surrogate,static_only,0.3818181818181818,2.46341614485995,2.6237692574149207e-17,6.028164079019405e-17,0.8098938101736345,-0.9157192023106377,0.9829550137724117,0.9853664579439799,5.0,5.0,6.7160301240074295e-19
haxs.stage5c2gR32A.g1-deterministic.v1,limit_spin_density_zero_rect2x3,rect2x3_hole_2,2,surrogate,static_only,0.4136363636363636,2.4574468905375535,-5.919743861770854e-17,8.673617379884035e-18,0.7977004820699477,-0.9816014549389411,0.9634698566173594,0.9829787562150214,5.0,5.0,-2.183462708477752e-19
haxs.stage5c2gR32A.g1-deterministic.v1,limit_spin_density_zero_rect2x3,rect2x3_hole_2,2,surrogate,static_only,0.44545454545454544,2.4511229804004318,-3.382710778154774e-17,-4.85722573273506e-17,0.7858738249025922,-1.046471760309102,0.9443065954908236,0.9804491921601727,5.0,5.0,-9.125368285086332e-19
haxs.stage5c2gR32A.g1-deterministic.v1,limit_spin_density_zero_rect2x3,rect2x3_hole_2,2,surrogate,static_only,0.47727272727272724,2.44447026564463,-2.6454533008646308e-17,-2.6020852139652106e-18,0.7743803908393875,-1.1104565293374398,0.9254519195032017,0.9777881062578521,5.0,5.0,1.2543616801117017e-18
haxs.stage5c2gR32A.g1-deterministic.v1,limit_spin_density_zero_rect2x3,rect2x3_hole_2,2,surrogate,static_only,0.509090909090909,2.437515316079551,-9.540979117872439e-18,-1.3877787807814457e-17,0.7631904365764709,-1.1736708034810324,0.9068962828572439,0.9750061264318204,5.0,5.0,-1.551011441194541e-19
haxs.stage5c2gR32A.g1-deterministic.v1,limit_spin_density_zero_rect2x3,rect2x3_hole_2,2,surrogate,static_only,0.5409090909090909,2.430285079784162,-2.42861286636753e-17,6.938893903907228e-18,0.7522780474423736,-1.2362161133480092,0.888633795100114,0.9721140319136647,5.0,5.0,7.87552411402665e-19
haxs.stage5c2gR32A.g1-deterministic.v1,limit_spin_density_zero_rect2x3,rect2x3_hole_2,2,surrogate,static_only,0.5727272727272726,2.4228065185460257,2.0166160408230382e-17,1.0408340855860843e-17,0.7416211946786951,-1.298178670506259,0.8706620108666124,0.9691226074184103,5.0,5.0,1.3401943521001372e-19
haxs.stage5c2gR32A.g1-deterministic.v1,limit_spin_density_zero_rect2x3,rect2x3_hole_2,2,surrogate,static_only,0.6045454545454545,2.415106228935358,7.546047120499111e-17,-5.5077470362263625e-17,0.7312017190815808,-1.3596279623105367,0.8529816247020013,0.9660424915741432,5.0,5.0,4.2464585089015603e-19
haxs.stage5c2gR32A.g1-deterministic.v1,limit_spin_density_zero_rect2x3,rect2x3_hole_2,2,surrogate,static_only,0.6363636363636362,2.4072100605136235,-6.5052130349130266e-18,-1.3010426069826053e-18,0.7210052380421258,-1.4206158015639914,0.8355960822530856,0.9628840242054494,5.0,5.0,-8.432683563776141e-20
haxs.stage5c2gR32A.g1-deterministic.v1,limit_spin_density_zero_rect2x3,rect2x3_hole_2,2,surrogate,static_only,0.6681818181818181,2.3991427436171824,-1.734723475976807e-18,-1.6046192152785466e-17,0.7110209775410125,-1.4811758591452353,0.8185111244510134,0.959657097446873,5.0,5.0,-1.6714783492484863e-19
haxs.stage5c2gR32A.g1-deterministic.v1,limit_spin_density_zero_rect2x3,rect2x3_hole_2,2,surrogate,static_only,0.7,2.390927539252088,-2.862293735361732e-17,1.5612511283791264e-17,0.7012415352069106,-1.541323681388013,0.8017342854817119,0.9563710157008352,5.0,5.0,-1.8672370748361464e-19
haxs.stage5c2gR32A.g1-deterministic.v1,limit_spin_density_zero_rect2x3,rect2x3_hole_2,2,surrogate,static_only,0.7318181818181817,2.382585922825302,-2.2985086056692694e-17,-2.3852447794681098e-17,0.6916625844892474,-1.6010571686050374,0.7852743676788201,0.9530343691301209,5.0,5.0,1.5058363506743121e-19
haxs.stage5c2gR32A.g1-deterministic.v1,limit_spin_density_zero_rect2x3,rect2x3_hole_2,2,surrogate,static_only,0.7636363636363636,2.3741373117582834,1.214306433183765e-17,-3.209238430557093e-17,0.6822825327765086,-1.6603574701978574,0.7691409165810342,0.9496549247033134,5.0,5.0,-5.601711224508441e-19
haxs.stage5c2gR32A.g1-deterministic.v1,limit_spin_density_zero_rect2x3,rect2x3_hole_2,2,surrogate,static_only,0.7954545454545454,2.3655988446216725,2.8189256484623115e-18,-9.974659986866641e-18,0.6731021475809443,-1.719190237931788,0.7533437172440405,0.946239537848669,5.0,5.0,1.88229543834289e-19
haxs.stage5c2gR32A.g1-deterministic.v1,limit_spin_density_zero_rect2x3,rect2x3_hole_2,2,surrogate,static_only,0.8272727272727272,2.356985216528384,-2.6020852139652106e-18,-8.673617379884035e-18,0.6641241646638022,-1.7775071733800072,0.7378923288528364,0.9427940866113536,5.0,5.0,-1.7302059669247844e-18
haxs.stage5c2gR32A.g1-deterministic.v1,limit_spin_density_zero_rect2x3,rect2x3_hole_2,2,surrogate,static_only,0.859090909090909,2.34830857242585,-1.951563910473908e-18,-8.239936510889834e-18,0.6553528904358619,-1.8352478077342909,0.7227956694370953,0.93932342897034,5.0,5.0,1.144435626512477e-19
haxs.stage5c2gR32A.g1-deterministic.v1,limit_spin_density_zero_rect2x3,rect2x3_hole_2,2,surrogate,static_only,0.8909090909090909,2.339578456960739,1.3227266504323154e-17,1.8214596497756474e-17,0.6467938086075478,-1.8923414600194888,0.7080616569326871,0.9358313827842956,5.0,5.0,-1.0691438089787609e-19
haxs.stage5c2gR32A.g1-deterministic.v1,limit_spin_density_zero_rect2x3,rect2x3_hole_2,2,surrogate,static_only,0.9227272727272726,2.3308018170528078,1.1492543028346347e-17,4.466912950640278e-17,0.6384531984667602,-1.948709330013393,0.6936969078458406,0.9323207268211231,5.0,5.0,-3.4333068795374315e-19
haxs.stage5c2gR32A.g1-deterministic.v1,limit_spin_density_zero_rect2x3,rect2x3_hole_2,2,surrogate,static_only,0.9545454545454545,2.3219830514425888,7.589415207398531e-17,-7.37257477290143e-18,0.6303377698932255,-2.004266691321069,0.6797064910782198,0.9287932205770355,5.0,5.0,-4.5175090520229514e-21
haxs.stage5c2gR32A.g1-deterministic.v1,limit_spin_density_zero_rect2x3,rect2x3_hole_2,2,surrogate,static_only,0.9863636363636362,2.313124100402816,-1.1926223897340549e-18,3.0791341698588326e-17,0.6224543186884162,-2.058925155085581,0.6660937324657759,0.9252496401611264,5.0,5.0,-3.3580150620037147e-19
haxs.stage5c2gR32A.g1-deterministic.v1,limit_spin_density_zero_rect2x3,rect2x3_hole_2,2,surrogate,static_only,1.018181818181818,2.3042245685379594,-2.0057740190981832e-17,-3.686287386450715e-17,0.6148094051897299,-2.1125949740072762,0.6528600653012894,0.9216898274151838,5.0,5.0,-6.535329761926514e-19
haxs.stage5c2gR32A.g1-deterministic.v1,limit_spin_density_zero_rect2x3,rect2x3_hole_2,2,surrogate,static_only,1.0499999999999998,2.295281874040653,-8.7061434450586e-17,-5.637851296924623e-18,0.6074090593675183,-2.165187349663509,0.6400049232276619,0.9181127496162611,5.0,5.0,5.240310500346606e-19
haxs.stage5c2gR32A.g1-deterministic.v1,limit_spin_density_zero_rect2x3,rect2x3_hole_2,2,surrogate,static_only,1.0818181818181818,2.2862914187373766,-4.4777549723651333e-17,4.85722573273506e-17,0.6002585163783627,-2.216616695218457,0.6275256738303581,0.9145165674949507,5.0,5.0,5.677003042042154e-19
haxs.stage5c2gR32A.g1-deterministic.v1,limit_spin_density_zero_rect2x3,rect2x3_hole_2,2,surrogate,static_only,1.1136363636363635,2.2772467744983036,-5.0198560586078855e-17,4.85722573273506e-17,0.5933619874450838,-2.266802793397508,0.6154175933411437,0.9108987097993214,5.0,5.0,-1.338688515749463e-18
haxs.stage5c2gR32A.g1-deterministic.v1,limit_spin_density_zero_rect2x3,rect2x3_hole_2,2,surrogate,static_only,1.1454545454545453,2.268139882861865,2.74574200181954e-17,1.3010426069826053e-17,0.5867224715191522,-2.3156727795057606,0.6036738844620171,0.907255953144746,5.0,5.0,-9.697586098342568e-19
haxs.stage5c2gR32A.g1-deterministic.v1,limit_spin_density_zero_rect2x3,rect2x3_hole_2,2,surrogate,static_only,1.1772727272727272,2.2589612658225953,2.7850443305721395e-17,3.903127820947816e-18,0.580341613118398,-2.363162874403894,0.5922857399828151,0.9035845063290381,5.0,5.0,3.598948878111605e-19
haxs.stage5c2gR32A.g1-deterministic.v1,limit_spin_density_zero_rect2x3,rect2x3_hole_2,2,surrogate,static_only,1.209090909090909,2.2497002465069755,-2.541098841762901e-17,-6.5052130349130266e-18,0.5742196108602028,-2.409219794763387,0.5812424544142227,0.8998800986027902,5.0,5.0,6.746146851020916e-19
haxs.stage5c2gR32A.g1-deterministic.v1,limit_spin_density_zero_rect2x3,rect2x3_hole_2,2,surrogate,static_only,1.2409090909090907,2.240345178851515,2.2971533529536625e-17,5.767955557622884e-17,0.5683551795680425,-2.4538017781312864,0.5705315843764183,0.896138071540606,5.0,5.0,1.2588791891637247e-18
haxs.stage5c2gR32A.g1-deterministic.v1,limit_spin_density_zero_rect2x3,rect2x3_hole_2,2,surrogate,static_only,1.2727272727272725,2.2308836854124845,-4.767779053505006e-17,-5.204170427930421e-18,0.5627455666361695,-2.4968791772776586,0.5601391562775673,0.8923534741649938,5.0,5.0,2.8912057932946783e-19
haxs.stage5c2gR32A.g1-deterministic.v1,limit_spin_density_zero_rect2x3,rect2x3_hole_2,2,surrogate,static_only,1.3045454545454545,2.2213029021510335,-6.0173220572945496e-18,-8.673617379884035e-19,0.5573866209264167,-2.5384345996351927,0.5500499173154274,0.8885211608604134,5.0,5.0,-1.517883041479706e-18
haxs.stage5c2gR32A.g1-deterministic.v1,limit_spin_density_zero_rect2x3,rect2x3_hole_2,2,surrogate,static_only,1.3363636363636362,2.2115897285577204,-1.0299920638612292e-17,9.974659986866641e-18,0.5522729102069464,-2.57846259032666,0.5402476234842813,0.8846358914230882,5.0,5.0,1.1911165533833807e-18
haxs.stage5c2gR32A.g1-deterministic.v1,limit_spin_density_zero_rect2x3,rect2x3_hole_2,2,surrogate,static_only,1.368181818181818,2.2017310809246395,3.4423418976414766e-17,4.163336342344337e-17,0.5473978813357491,-2.6169688782829525,0.5307153564309106,0.8806924323698558,5.0,5.0,1.3176068068400228e-18
haxs.stage5c2gR32A.g1-deterministic.v1,limit_spin_density_zero_rect2x3,rect2x3_hole_2,2,surrogate,static_only,1.4,2.1917141460408494,-3.968179951296946e-17,2.47198095326695e-17,0.5427540562396129,-2.6539692218787025,0.5214358598924389,0.8766856584163397,5.0,5.0,5.72217813256238e-20
haxs.stage5c2gR32A.g1-deterministic.v1,limit_spin_density_zero_rect2x3,rect2x3_hole_2,4,surrogate,static_only,0.0,2.5,0.0,0.0,1.0009775171065494,0.004243229276517941,1.2512218963831867,1.0,5.0,5.0,0.0
haxs.stage5c2gR32A.g1-deterministic.v1,limit_spin_density_zero_rect2x3,rect2x3_hole_2,4,surrogate,static_only,0.031818181818181815,2.499732757163984,-1.5178830414797062e-17,1.1275702593849246e-17,0.9807736028855927,-0.08431231524069557,1.2257049128969875,0.9998931028655935,5.0,5.0,1.2498441710596784e-19
haxs.stage5c2gR32A.g1-deterministic.v1,limit_spin_density_zero_rect2x3,rect2x3_hole_2,4,surrogate,static_only,0.06363636363636363,2.4989321465051346,9.80118763926896e-17,-4.119968255444917e-17,0.9615293072379443,-0.17037474007150918,1.2008850809047869,0.9995728586020538,5.0,5.0,-4.216341781888072e-19
haxs.stage5c2gR32A.g1-deterministic.v1,limit_spin_density_zero_rect2x3,rect2x3_hole_2,4,surrogate,static_only,0.09545454545454544,2.4976015204455764,-5.0306980803327406e-17,2.211772431870429e-17,0.9431892304480446,-0.25401166759117755,1.176725403152598,0.9990406081782306,5.0,5.0,8.583267198843578e-19
haxs.stage5c2gR32A.g1-deterministic.v1,limit_spin_density_zero_rect2x3,rect2x3_hole_2,4,surrogate,static_only,0.12727272727272726,2.495746462054972,1.1709383462843448e-17,-2.949029909160572e-17,0.9256977354673999,-0.3353079868317671,1.1531880285438147,0.9982985848219889,5.0,5.0,-1.807003620809174e-20
haxs.stage5c2gR32A.g1-deterministic.v1,limit_spin_density_zero_rect2x3,rect2x3_hole_2,4,surrogate,static_only,0.15909090909090906,2.4933747767071823,-2.0816681711721685e-17,-4.597017211338539e-17,0.908999400522766,-0.4143640319138857,1.130234906500207,0.9973499106828729,5.0,5.0,4.878909776184771e-19
haxs.stage5c2gR32A.g1-deterministic.v1,limit_spin_density_zero_rect2x3,rect2x3_hole_2,4,surrogate,static_only,0.1909090909090909,2.4904964766563094,-5.5077470362263625e-17,-1.0408340855860843e-17,0.8930394421204647,-0.4912935956946608,1.1078284127863427,0.9961985906625237,5.0,5.0,-1.0013811731984176e-18
haxs.stage5c2gR32A.g1-deterministic.v1,limit_spin_density_zero_rect2x3,rect2x3_hole_2,4,surrogate,static_only,0.22272727272727272,2.4871237549086103,-2.7755575615628914e-17,2.7321894746634712e-17,0.8777641116682894,-0.5662217972600752,1.0859319400030987,0.9948495019634441,5.0,5.0,1.7768868937956875e-19
haxs.stage5c2gR32A.g1-deterministic.v1,limit_spin_density_zero_rect2x3,rect2x3_hole_2,4,surrogate,static_only,0.2545454545454545,2.483270943948796,1.0408340855860843e-17,4.7704895589362195e-18,0.8631210697005111,-0.6392828167180941,1.0645104472113935,0.9933083775795184,5.0,5.0,6.776263578034404e-19
haxs.stage5c2gR32A.g1-deterministic.v1,limit_spin_density_zero_rect2x3,rect2x3_hole_2,4,surrogate,static_only,0.2863636363636363,2.4789544542906405,-5.854691731421724e-18,-3.729655473350135e-17,0.8490597416143727,-0.710617508153494,1.043530963673951,0.9915817817162562,5.0,5.0,-1.069143808978761e-18
haxs.stage5c2gR32A.g1-deterministic.v1,limit_spin_density_zero_rect2x3,rect2x3_hole_2,4,surrogate,static_only,0.3181818181818181,2.4741926875566573,-8.239936510889834e-18,-3.903127820947816e-17,0.8355316578673103,-0.780370902629774,1.0229630415036441,0.9896770750226629,5.0,5.0,1.1098013904469677e-18
haxs.stage5c2gR32A.g1-deterministic.v1,limit_spin_density_zero_rect2x3,rect2x3_hole_2,4,surrogate,static_only,0.35,2.469005918940299,4.2934406030425976e-17,2.905661822261152e-17,0.8224907797973968,-0.84868961834592,1.0027791512138937,0.9876023675761196,5.0,5.0,-3.1471979729093123e-19
haxs.stage5c2gR32A.g1-deterministic.v1,limit_spin_density_zero_rect2x3,rect2x3_hole_2,4,surrogate,static_only,0.3818181818181818,2.4634161445355027,-9.107298248878237e-18,-7.676151381197371e-17,0.8098938097850787,-0.9157192043942147,0.982955013041905,0.9853664578142011,5.0,5.0,-2.635213613680046e-19
haxs.stage5c2gR32A.g1-deterministic.v1,limit_spin_density_zero_rect2x3,rect2x3_hole_2,4,surrogate,static_only,0.4136363636363636,2.4574468901641002,-6.938893903907228e-18,-8.673617379884035e-18,0.7977004816609571,-0.9816014571656211,0.9634698558305436,0.9829787560656401,5.0,5.0,7.845407387013165e-19
haxs.stage5c2gR32A.g1-deterministic.v1,limit_spin_density_zero_rect2x3,rect2x3_hole_2,4,surrogate,static_only,0.44545454545454544,2.45112297997555,5.182486384480711e-17,3.2959746043559335e-17,0.7858738244709188,-1.0464717626946423,0.9443065946447491,0.98044919199022,5.0,5.0,-3.04178942836211e-19
haxs.stage5c2gR32A.g1-deterministic.v1,limit_spin_density_zero_rect2x3,rect2x3_hole_2,4,surrogate,static_only,0.47727272727272724,2.4444702651666383,-6.505213034913027e-19,-4.85722573273506e-17,0.7743803903820473,-1.110456531902333,0.9254519185947145,0.9777881060666553,5.0,5.0,-5.722178132562383e-20
haxs.stage5c2gR32A.g1-deterministic.v1,limit_spin_density_zero_rect2x3,rect2x3_hole_2,4,surrogate,static_only,0.509090909090909,2.437515315547656,2.862293735361732e-17,3.469446951953614e-17,0.7631904360899717,-1.1736708062494623,0.9068962818833475,0.9750061262190624,5.0,5.0,3.4634236065509167e-19
haxs.stage5c2gR32A.g1-deterministic.v1,limit_spin_density_zero_rect2x3,rect2x3_hole_2,4,surrogate,static_only,0.5409090909090909,2.430285079198568,-4.5319650809894085e-17,1.0408340855860843e-17,0.7522780469230066,-1.236216116346345,0.8886337940583633,0.9721140316794272,5.0,5.0,-2.1684043449710093e-19
haxs.stage5c2gR32A.g1-deterministic.v1,limit_spin_density_zero_rect2x3,rect2x3_hole_2,4,surrogate,static_only,0.5727272727272726,2.422806517908026,4.0766001685454967e-17,2.688821387764051e-17,0.7416211941228659,-1.2981786737612033,0.8706620097555254,0.9691226071632103,5.0,5.0,-9.065134831059358e-19
haxs.stage5c2gR32A.g1-deterministic.v1,limit_spin_density_zero_rect2x3,rect2x3_hole_2,4,surrogate,static_only,0.6045454545454545,2.4151062282474034,2.1467203015212988e-17,-2.3418766925686896e-17,0.7312017184861294,-1.3596279658471984,0.852981623521427,0.9660424912989614,5.0,5.0,3.147197972909311e-19
haxs.stage5c2gR32A.g1-deterministic.v1,limit_spin_density_zero_rect2x3,rect2x3_hole_2,4,surrogate,static_only,0.6363636363636362,2.407210059779278,-5.898059818321144e-17,1.7780915628762273e-17,0.7210052374046693,-1.4206158054036842,0.8355960810045014,0.9628840239117112,5.0,5.0,3.8850577847397244e-19
haxs.stage5c2gR32A.g1-deterministic.v1,limit_spin_density_zero_rect2x3,rect2x3_hole_2,4,surrogate,static_only,0.6681818181818181,2.3991427428410272,-2.7321894746634712e-17,-2.0816681711721685e-17,0.7110209768602311,-1.4811758633034753,0.8185111231377147,0.9596570971364109,5.0,5.0,5.60171122450844e-19
haxs.stage5c2gR32A.g1-deterministic.v1,limit_spin_density_zero_rect2x3,rect2x3_hole_2,4,surrogate,static_only,0.7,2.390927538439604,-1.0842021724855044e-18,-7.37257477290143e-18,0.7012415344827301,-1.541323685873024,0.8017342841088615,0.9563710153758416,5.0,5.0,3.23754815394977e-19
haxs.stage5c2gR32A.g1-deterministic.v1,limit_spin_density_zero_rect2x3,rect2x3_hole_2,4,surrogate,static_only,0.7318181818181817,2.3825859219826673,-4.4885969940899884e-17,1.3010426069826053e-17,0.691662583722952,-1.6010571734166015,0.7852743662533653,0.9530343687930669,5.0,5.0,2.80085561225422e-19
haxs.stage5c2gR32A.g1-deterministic.v1,limit_spin_density_zero_rect2x3,rect2x3_hole_2,4,surrogate,static_only,0.7636363636363636,2.3741373108921304,3.252606517456513e-17,8.239936510889834e-18,0.6822825319707465,-1.660357475326789,0.7691409151114851,0.9496549243568522,5.0,5.0,-6.038403766203991e-19
haxs.stage5c2gR32A.g1-deterministic.v1,limit_spin_density_zero_rect2x3,rect2x3_hole_2,4,surrogate,static_only,0.7954545454545454,2.3655988437388396,-6.10405823109339e-17,-5.767955557622884e-17,0.6731021467396314,-1.7191902433600512,0.753343715740143,0.9462395374955358,5.0,5.0,2.5448634326395874e-19
haxs.stage5c2gR32A.g1-deterministic.v1,limit_spin_density_zero_rect2x3,rect2x3_hole_2,4,surrogate,static_only,0.8272727272727272,2.3569852156356426,-2.47198095326695e-17,3.382710778154774e-17,0.6641241637919549,-1.7775071790813275,0.7378923273251738,0.942794086254257,5.0,5.0,-3.809765967206009e-19
haxs.stage5c2gR32A.g1-deterministic.v1,limit_spin_density_zero_rect2x3,rect2x3_hole_2,4,surrogate,static_only,0.859090909090909,2.3483085715296825,4.119968255444917e-18,-3.903127820947816e-17,0.6553528895393524,-1.8352478136753512,0.7227956678966553,0.939323428611873,5.0,5.0,-4.351867053448761e-19
haxs.stage5c2gR32A.g1-deterministic.v1,limit_spin_density_zero_rect2x3,rect2x3_hole_2,4,surrogate,static_only,0.8909090909090909,2.3395784560671347,2.47198095326695e-17,3.8163916471489756e-17,0.646793807692831,-1.892341466161422,0.7080616553904336,0.9358313824268538,5.0,5.0,2.183462708477751e-19
haxs.stage5c2gR32A.g1-deterministic.v1,limit_spin_density_zero_rect2x3,rect2x3_hole_2,4,surrogate,static_only,0.9227272727272726,2.3308018161670616,2.938187887435717e-17,9.540979117872439e-18,0.6384531975406091,-1.9487093363133425,0.6936969063123177,0.9323207264668246,5.0,5.0,6.896730486088347e-19
haxs.stage5c2gR32A.g1-deterministic.v1,limit_spin_density_zero_rect2x3,rect2x3_hole_2,4,surrogate,static_only,0.9545454545454545,2.321983050569198,3.361026734705064e-17,5.637851296924623e-18,0.6303377689624404,-2.004266697734057,0.6797064895632051,0.9287932202276792,5.0,5.0,6.640738306473715e-19
haxs.stage5c2gR32A.g1-deterministic.v1,limit_spin_density_zero_rect2x3,rect2x3_hole_2,4,surrogate,static_only,0.9863636363636362,2.3131240995453797,-1.9949319973733282e-17,2.1250362580715887e-17,0.6224543177595739,-2.0589251615662345,0.6660937309779942,0.9252496398181519,5.0,5.0,1.1986457351367521e-18
haxs.stage5c2gR32A.g1-deterministic.v1,limit_spin_density_zero_rect2x3,rect2x3_hole_2,4,surrogate,static_only,1.018181818181818,2.3042245676991127,6.890104806145381e-17,1.8214596497756474e-17,0.6148094042689559,-2.1125949805115205,0.6528600638481845,0.9216898270796451,5.0,5.0,1.4456028966473392e-19
haxs.stage5c2gR32A.g1-deterministic.v1,limit_spin_density_zero_rect2x3,rect2x3_hole_2,4,surrogate,static_only,1.0499999999999998,2.295281873222023,6.19079440489223e-17,9.540979117872439e-18,0.6074090584602814,-2.1651873561502084,0.6400049218152137,0.9181127492888091,5.0,5.0,-2.108170890944029e-20
haxs.stage5c2gR32A.g1-deterministic.v1,limit_spin_density_zero_rect2x3,rect2x3_hole_2,4,surrogate,static_only,1.0818181818181818,2.2862914179395366,-5.572799166575493e-17,-5.724587470723463e-17,0.6002585154893013,-2.2166167016509264,0.6275256724629391,0.9145165671758146,5.0,5.0,-6.188987401271421e-19
haxs.stage5c2gR32A.g1-deterministic.v1,limit_spin_density_zero_rect2x3,rect2x3_hole_2,4,surrogate,static_only,1.1136363636363635,2.277246773720722,4.092863201132779e-17,-2.5587171270657905e-17,0.5933619865778622,-2.266802799744891,0.6154175920214099,0.9108987094882888,5.0,5.0,3.162256336416056e-20
haxs.stage5c2gR32A.g1-deterministic.v1,limit_spin_density_zero_rect2x3,rect2x3_hole_2,4,surrogate,static_only,1.1454545454545453,2.268139882102894,-1.499722655090574e-16,1.214306433183765e-17,0.586722470676318,-2.3156727857444555,0.6036738831908259,0.9072559528411576,5.0,5.0,-9.035018104045872e-20
haxs.stage5c2gR32A.g1-deterministic.v1,limit_spin_density_zero_rect2x3,rect2x3_hole_2,4,surrogate,static_only,1.1772727272727272,2.2589612650793884,-8.28059409235804e-18,4.7704895589362195e-18,0.5803416123013037,-2.3631628805185616,0.5922857387591753,0.9035845060317553,5.0,5.0,-5.7974699500961e-19
haxs.stage5c2gR32A.g1-deterministic.v1,limit_spin_density_zero_rect2x3,rect2x3_hole_2,4,surrogate,static_only,1.209090909090909,2.249700245775491,-1.439278383974507e-17,-5.551115123125783e-17,0.5742196100689142,-2.4092198007480707,0.5812424532352773,0.8998800983101963,5.0,5.0,-7.755057205972706e-19
haxs.stage5c2gR32A.g1-deterministic.v1,limit_spin_density_zero_rect2x3,rect2x3_hole_2,4,surrogate,static_only,1.2409090909090907,2.240345178126459,-1.1533200609814553e-17,8.413408858487514e-17,0.5683551788013258,-2.4538017839899613,0.5705315832374767,0.8961380712505835,5.0,5.0,-4.186225054874586e-19
haxs.stage5c2gR32A.g1-deterministic.v1,limit_spin_density_zero_rect2x3,rect2x3_hole_2,4,surrogate,static_only,1.2727272727272725,2.230883684687357,-2.4353891299455643e-17,3.469446951953614e-18,0.5627455658914747,-2.4968791830247823,0.5601391551721859,0.8923534738749428,5.0,5.0,-1.6564199857417428e-19
haxs.stage5c2gR32A.g1-deterministic.v1,limit_spin_density_zero_rect2x3,rect2x3_hole_2,4,surrogate,static_only,1.3045454545454545,2.2213029014181784,1.2522535092207576e-17,-2.42861286636753e-17,0.5573866201999206,-2.538434605295774,0.5500499162355477,0.8885211605672714,5.0,5.0,-1.7693577120423165e-18
haxs.stage5c2gR32A.g1-deterministic.v1,limit_spin_density_zero_rect2x3,rect2x3_hole_2,4,surrogate,static_only,1.3363636363636362,2.2115897278084238,-1.7997756063259374e-17,4.9439619065339e-17,0.5522729094936376,-2.578462595935953,0.5402476224204277,0.8846358911233695,5.0,5.0,1.0420387546666237e-18
haxs.stage5c2gR32A.g1-deterministic.v1,limit_spin_density_zero_rect2x3,rect2x3_hole_2,4,surrogate,static_only,1.368181818181818,2.2017310801492687,-4.87890977618477e-18,-6.982261990806649e-17,0.5473978806295526,-2.6169688838857734,0.5307153553724383,0.8806924320597075,5.0,5.0,8.50797538130986e-19
haxs.stage5c2gR32A.g1-deterministic.v1,limit_spin_density_zero_rect2x3,rect2x3_hole_2,4,surrogate,static_only,1.4,2.1917141452290854,9.75781955236954e-18,-4.7704895589362195e-18,0.5427540555335307,-2.6539692275285462,0.5214358588278327,0.8766856580916341,5.0,5.0,8.462800290789631e-19
haxs.stage5c2gR32A.g1-deterministic.v1,limit_spin_density_zero_rect2x3,rect2x3_hole_2,8,surrogate,static_only,0.0,2.5,0.0,0.0,1.0009775171065494,0.004243229276517941,1.2512218963831867,1.0,5.0,5.0,0.0
haxs.stage5c2gR32A.g1-deterministic.v1,limit_spin_density_zero_rect2x3,rect2x3_hole_2,8,surrogate,static_only,0.031818181818181815,2.4997327571636436,3.382710778154774e-17,-2.42861286636753e-17,0.9807736028818467,-0.08431231525728318,1.2257049128919724,0.9998931028654574,5.0,5.0,8.01104938558734e-19
haxs.stage5c2gR32A.g1-deterministic.v1,limit_spin_density_zero_rect2x3,rect2x3_hole_2,8,surrogate,static_only,0.06363636363636363,2.4989321465042758,-9.107298248878237e-18,-8.673617379884035e-19,0.9615293072309039,-0.17037474010330847,1.2008850808951683,0.9995728586017103,5.0,5.0,-6.02334540269725e-20
haxs.stage5c2gR32A.g1-deterministic.v1,limit_spin_density_zero_rect2x3,rect2x3_hole_2,8,surrogate,static_only,0.09545454545454544,2.497601520444014,1.3010426069826053e-18,-1.5178830414797062e-17,0.9431892304381225,-0.254011667636864,1.176725403138747,0.9990406081776056,5.0,5.0,-2.0042681827475085e-18
haxs.stage5c2gR32A.g1-deterministic.v1,limit_spin_density_zero_rect2x3,rect2x3_hole_2,8,surrogate,static_only,0.12727272727272726,2.4957464620525203,7.806255641895632e-17,1.214306433183765e-17,0.9256977354549643,-0.33530798689010927,1.1531880285260574,0.9982985848210081,5.0,5.0,-2.4093381610788993e-19
haxs.stage5c2gR32A.g1-deterministic.v1,limit_spin_density_zero_rect2x3,rect2x3_hole_2,8,surrogate,static_only,0.15909090909090906,2.4933747767036443,-2.688821387764051e-17,2.168404344971009e-17,0.9089994005081472,-0.41436403198373,1.1302349064788229,0.9973499106814577,5.0,5.0,4.517509052022935e-19
haxs.stage5c2gR32A.g1-deterministic.v1,limit_spin_density_zero_rect2x3,rect2x3_hole_2,8,surrogate,static_only,0.1909090909090909,2.4904964766514777,-3.8163916471489756e-17,4.336808689942018e-18,0.8930394421039511,-0.49129359577496806,1.1078284127615587,0.996198590660591,5.0,5.0,5.737236496069128e-19
haxs.stage5c2gR32A.g1-deterministic.v1,limit_spin_density_zero_rect2x3,rect2x3_hole_2,8,surrogate,static_only,0.22272727272727272,2.4871237549022602,9.540979117872439e-18,-9.107298248878237e-17,0.877764111650132,-0.5662217973499131,1.0859319399750902,0.994849501960904,5.0,5.0,-3.7043574226588067e-19
haxs.stage5c2gR32A.g1-deterministic.v1,limit_spin_density_zero_rect2x3,rect2x3_hole_2,8,surrogate,static_only,0.2545454545454545,2.4832709439407123,-4.2934406030425976e-17,3.5128150388530344e-17,0.8631210696809022,-0.6392828168167596,1.0645104471802789,0.993308377576285,5.0,5.0,-4.984318320731972e-19
haxs.stage5c2gR32A.g1-deterministic.v1,limit_spin_density_zero_rect2x3,rect2x3_hole_2,8,surrogate,static_only,0.2863636363636363,2.4789544542805904,-3.0357660829594124e-18,2.168404344971009e-18,0.8490597415934613,-0.7106175082604559,1.0435309636397885,0.9915817817122361,5.0,5.0,6.866613759074863e-19
haxs.stage5c2gR32A.g1-deterministic.v1,limit_spin_density_zero_rect2x3,rect2x3_hole_2,8,surrogate,static_only,0.3181818181818181,2.474192687544394,-1.734723475976807e-18,1.3010426069826053e-17,0.8355316578451998,-0.7803709027447008,1.022963041466433,0.9896770750177575,5.0,5.0,-2.861089066281195e-20
haxs.stage5c2gR32A.g1-deterministic.v1,limit_spin_density_zero_rect2x3,rect2x3_hole_2,8,surrogate,static_only,0.35,2.469005918925602,-7.22078646875346e-17,2.5153490401663703e-17,0.822490779774118,-0.8486896184688376,1.0027791511735737,0.9876023675702408,5.0,5.0,-1.2347858075529358e-19
haxs.stage5c2gR32A.g1-deterministic.v1,limit_spin_density_zero_rect2x3,rect2x3_hole_2,8,surrogate,static_only,0.3818181818181818,2.4634161445181646,6.895525817007808e-17,-5.074066167232161e-17,0.809893809760604,-0.9157192045254574,0.9829550129983641,0.9853664578072658,5.0,5.0,1.957587255876608e-20
haxs.stage5c2gR32A.g1-deterministic.v1,limit_spin_density_zero_rect2x3,rect2x3_hole_2,8,surrogate,static_only,0.4136363636363636,2.457446890143924,-6.440160904563896e-17,-3.469446951953614e-17,0.7977004816352079,-0.9816014573058081,0.9634698557836228,0.9829787560575696,5.0,5.0,-2.8159139757609635e-19
haxs.stage5c2gR32A.g1-deterministic.v1,limit_spin_density_zero_rect2x3,rect2x3_hole_2,8,surrogate,static_only,0.44545454545454544,2.451122979952394,-1.431146867680866e-17,2.47198095326695e-17,0.7858738244437491,-1.0464717628447893,0.9443065945942604,0.9804491919809577,5.0,5.0,-2.4394548880923855e-19
haxs.stage5c2gR32A.g1-deterministic.v1,limit_spin_density_zero_rect2x3,rect2x3_hole_2,8,surrogate,static_only,0.47727272727272724,2.4444702651403913,9.75781955236954e-18,2.862293735361732e-17,0.7743803903532762,-1.1104565320636894,0.9254519185404568,0.9777881060561565,5.0,5.0,3.76459087668578e-19
haxs.stage5c2gR32A.g1-deterministic.v1,limit_spin_density_zero_rect2x3,rect2x3_hole_2,8,surrogate,static_only,0.509090909090909,2.437515315518259,7.15573433840433e-18,-5.637851296924623e-18,0.7631904360593881,-1.1736708064234989,0.9068962818251304,0.9750061262073035,5.0,5.0,1.5224005505317295e-18
haxs.stage5c2gR32A.g1-deterministic.v1,limit_spin_density_zero_rect2x3,rect2x3_hole_2,8,surrogate,static_only,0.5409090909090909,2.430285079166051,-3.7730235602495554e-17,5.377642775528102e-17,0.7522780468903704,-1.2362161165347558,0.8886337939960318,0.9721140316664204,5.0,5.0,9.637352644315597e-19
haxs.stage5c2gR32A.g1-deterministic.v1,limit_spin_density_zero_rect2x3,rect2x3_hole_2,8,surrogate,static_only,0.5727272727272726,2.4228065178724685,-5.854691731421724e-18,3.642919299551295e-17,0.7416211940879562,-1.298178673965635,0.8706620096889857,0.9691226071489873,5.0,5.0,-9.923461550943715e-19
haxs.stage5c2gR32A.g1-deterministic.v1,limit_spin_density_zero_rect2x3,rect2x3_hole_2,8,surrogate,static_only,0.6045454545454545,2.4151062282089564,-6.635317295611287e-17,-8.239936510889834e-18,0.7312017184487535,-1.3596279660691906,0.8529816234506682,0.9660424912835825,5.0,5.0,-4.848793049171286e-19
haxs.stage5c2gR32A.g1-deterministic.v1,limit_spin_density_zero_rect2x3,rect2x3_hole_2,8,surrogate,static_only,0.6363636363636362,2.4072100597381683,-2.5587171270657905e-17,-7.025630077706069e-17,0.7210052373646799,-1.4206158056445584,0.8355960809296165,0.9628840238952673,5.0,5.0,2.5298050691328443e-19
haxs.stage5c2gR32A.g1-deterministic.v1,limit_spin_density_zero_rect2x3,rect2x3_hole_2,8,surrogate,static_only,0.6681818181818181,2.399142742797545,1.7997756063259374e-17,3.469446951953614e-17,0.7110209768175478,-1.4811758635641863,0.8185111230589092,0.959657097119018,5.0,5.0,1.1293772630057339e-19
haxs.stage5c2gR32A.g1-deterministic.v1,limit_spin_density_zero_rect2x3,rect2x3_hole_2,8,surrogate,static_only,0.7,2.390927538394091,3.7513395167998453e-17,-1.6479873021779667e-17,0.7012415344373535,-1.5413236861540514,0.801734284026459,0.9563710153576365,5.0,5.0,-2.213579435491238e-19
haxs.stage5c2gR32A.g1-deterministic.v1,limit_spin_density_zero_rect2x3,rect2x3_hole_2,8,surrogate,static_only,0.7318181818181817,2.3825859219355117,-5.854691731421724e-17,2.5153490401663703e-17,0.6916625836749644,-1.6010571737179156,0.7852743661677989,0.9530343687742047,5.0,5.0,-4.562684142543166e-19
haxs.stage5c2gR32A.g1-deterministic.v1,limit_spin_density_zero_rect2x3,rect2x3_hole_2,8,surrogate,static_only,0.7636363636363636,2.374137310843756,7.15573433840433e-18,3.122502256758253e-17,0.6822825319203114,-1.6603574756478243,0.7691409150232859,0.9496549243375023,5.0,5.0,7.800232296492934e-19
haxs.stage5c2gR32A.g1-deterministic.v1,limit_spin_density_zero_rect2x3,rect2x3_hole_2,8,surrogate,static_only,0.7954545454545454,2.365598843689663,4.0332320816460765e-17,-1.2576745200831851e-17,0.673102146687002,-1.7191902436996234,0.7533437156499181,0.9462395374758652,5.0,5.0,1.6127507315721877e-18
haxs.stage5c2gR32A.g1-deterministic.v1,limit_spin_density_zero_rect2x3,rect2x3_hole_2,8,surrogate,static_only,0.8272727272727272,2.356985215586107,-1.2902005852577503e-17,-3.5128150388530344e-17,0.6641241637374352,-1.7775071794378512,0.7378923272335824,0.9427940862344428,5.0,5.0,3.463423606550917e-20
haxs.stage5c2gR32A.g1-deterministic.v1,limit_spin_density_zero_rect2x3,rect2x3_hole_2,8,surrogate,static_only,0.859090909090909,2.3483085714801746,-1.713039432527097e-17,1.3010426069826053e-18,0.6553528894833196,-1.8352478140466741,0.7227956678043795,0.9393234285920699,5.0,5.0,-1.9726456193833486e-19
haxs.stage5c2gR32A.g1-deterministic.v1,limit_spin_density_zero_rect2x3,rect2x3_hole_2,8,surrogate,static_only,0.8909090909090909,2.3395784560180366,3.122502256758253e-17,1.0842021724855044e-17,0.6467938076356833,-1.8923414665451446,0.708061655298154,0.9358313824072146,5.0,5.0,1.1805756989286606e-18
haxs.stage5c2gR32A.g1-deterministic.v1,limit_spin_density_zero_rect2x3,rect2x3_hole_2,8,surrogate,static_only,0.9227272727272726,2.330801816118702,2.938187887435717e-17,5.941427905220564e-17,0.6384531974827684,-1.9487093367067923,0.6936969062206865,0.9323207264474809,5.0,5.0,1.5058363506743121e-19
haxs.stage5c2gR32A.g1-deterministic.v1,limit_spin_density_zero_rect2x3,rect2x3_hole_2,8,surrogate,static_only,0.9545454545454545,2.32198305052186,1.1828645701816853e-16,-1.0408340855860843e-17,0.6303377689043274,-2.004266698134449,0.6797064894728262,0.928793220208744,5.0,5.0,1.0224628821078576e-18
haxs.stage5c2gR32A.g1-deterministic.v1,limit_spin_density_zero_rect2x3,rect2x3_hole_2,8,surrogate,static_only,0.9863636363636362,2.313124099499286,3.621235256101585e-17,-8.673617379884035e-18,0.6224543177015968,-2.0589251619707487,0.6660937308894058,0.9252496397997143,5.0,5.0,5.7522948595758715e-19
haxs.stage5c2gR32A.g1-deterministic.v1,limit_spin_density_zero_rect2x3,rect2x3_hole_2,8,surrogate,static_only,1.018181818181818,2.30422456765443,-3.0791341698588326e-17,8.673617379884035e-18,0.6148094042114899,-2.1125949809174545,0.652860063761842,0.921689827061772,5.0,5.0,-7.619531934412015e-19
haxs.stage5c2gR32A.g1-deterministic.v1,limit_spin_density_zero_rect2x3,rect2x3_hole_2,8,surrogate,static_only,1.0499999999999998,2.2952818731788436,3.2742905609062234e-17,-2.8189256484623115e-17,0.607409058403667,-2.1651873565549984,0.6400049217314814,0.9181127492715374,5.0,5.0,-3.9151745117532115e-19
haxs.stage5c2gR32A.g1-deterministic.v1,limit_spin_density_zero_rect2x3,rect2x3_hole_2,8,surrogate,static_only,1.0818181818181818,2.286291417897895,-4.163336342344337e-17,-3.3393426912553537e-17,0.6002585154338227,-2.2166167020523213,0.6275256723820812,0.914516567159158,5.0,5.0,1.0555912818226927e-18
haxs.stage5c2gR32A.g1-deterministic.v1,limit_spin_density_zero_rect2x3,rect2x3_hole_2,8,surrogate,static_only,1.1136363636363635,2.2772467736805844,2.962582436316641e-17,-6.938893903907228e-18,0.5933619865237413,-2.2668028001410137,0.6154175919435831,0.9108987094722337,5.0,5.0,-6.972022303622062e-19
haxs.stage5c2gR32A.g1-deterministic.v1,limit_spin_density_zero_rect2x3,rect2x3_hole_2,8,surrogate,static_only,1.1454545454545453,2.268139882064148,5.692061405548898e-19,3.729655473350135e-17,0.586722470623711,-2.315672786133855,0.6036738831160742,0.9072559528256592,5.0,5.0,2.157863490516289e-18
haxs.stage5c2gR32A.g1-deterministic.v1,limit_spin_density_zero_rect2x3,rect2x3_hole_2,8,surrogate,static_only,1.1772727272727272,2.258961265041849,-3.0899761915836876e-17,6.982261990806649e-17,0.5803416122502902,-2.3631628809003167,0.5922857386874268,0.9035845060167397,5.0,5.0,4.412100507475732e-19
haxs.stage5c2gR32A.g1-deterministic.v1,limit_spin_density_zero_rect2x3,rect2x3_hole_2,8,surrogate,static_only,1.209090909090909,2.249700245738891,-2.2768245622195593e-18,6.114900252818245e-17,0.5742196100194976,-2.4092198011218184,0.5812424531663442,0.8998800982955564,5.0,5.0,-3.9151745117532105e-19
haxs.stage5c2gR32A.g1-deterministic.v1,limit_spin_density_zero_rect2x3,rect2x3_hole_2,8,surrogate,static_only,1.2409090909090907,2.240345178090465,-2.844675450058842e-17,-4.2934406030425976e-17,0.5683551787534219,-2.453801784356007,0.5705315831710568,0.896138071236186,5.0,5.0,4.0657581468206416e-20
haxs.stage5c2gR32A.g1-deterministic.v1,limit_spin_density_zero_rect2x3,rect2x3_hole_2,8,surrogate,static_only,1.2727272727272725,2.2308836846515634,2.1494308069525125e-17,1.6479873021779667e-17,0.5627455658449158,-2.496879183384097,0.560139155107868,0.8923534738606254,5.0,5.0,3.222489790443026e-19
haxs.stage5c2gR32A.g1-deterministic.v1,limit_spin_density_zero_rect2x3,rect2x3_hole_2,8,surrogate,static_only,1.3045454545454545,2.2213029013820873,-1.0451708942760263e-16,-3.252606517456513e-17,0.5573866201544699,-2.538434605649908,0.5500499161728211,0.8885211605528349,5.0,5.0,-9.923461550943717e-19
haxs.stage5c2gR32A.g1-deterministic.v1,limit_spin_density_zero_rect2x3,rect2x3_hole_2,8,surrogate,static_only,1.3363636363636362,2.2115897277714893,-4.7704895589362195e-18,1.5612511283791264e-17,0.5522729094489748,-2.578462596287171,0.5402476223586927,0.8846358911085958,5.0,5.0,-3.312839971483486e-19
haxs.stage5c2gR32A.g1-deterministic.v1,limit_spin_density_zero_rect2x3,rect2x3_hole_2,8,surrogate,static_only,1.368181818181818,2.201731080110878,1.3823577699190182e-17,-2.0383000842727483e-17,0.5473978805852979,-2.6169688842368815,0.5307153553110245,0.8806924320443512,5.0,5.0,-1.4456028966473392e-19
haxs.stage5c2gR32A.g1-deterministic.v1,limit_spin_density_zero_rect2x3,rect2x3_hole_2,8,surrogate,static_only,1.4,2.191714145188585,-7.26415455565288e-18,-2.5587171270657905e-17,0.5427540554892442,-2.6539692278829135,0.5214358587660145,0.876685658075434,5.0,5.0,9.787936279383031e-20
haxs.stage5c2gR32A.g1-deterministic.v1,limit_spin_density_zero_rect2x3,rect2x3_hole_2,1,surrogate,spin_density_only,0.0,2.5,0.0,0.0,1.0009775171065494,0.004243229276517941,1.2512218963831867,1.0,5.0,5.0,0.0
haxs.stage5c2gR32A.g1-deterministic.v1,limit_spin_density_zero_rect2x3,rect2x3_hole_2,1,surrogate,spin_density_only,0.031818181818181815,2.4997327574555026,1.3444106938820255e-17,-2.211772431870429e-17,0.9807736038813694,-0.0843123108313159,1.2257049144273258,0.999893102982201,5.0,5.0,-7.890582477533391e-19
haxs.stage5c2gR32A.g1-deterministic.v1,limit_spin_density_zero_rect2x3,rect2x3_hole_2,1,surrogate,spin_density_only,0.06363636363636363,2.498932147135929,1.8214596497756474e-17,-1.214306433183765e-17,0.9615293091081161,-0.17037473162449374,1.200885083846773,0.9995728588543716,5.0,5.0,1.5645639683506095e-18
haxs.stage5c2gR32A.g1-deterministic.v1,limit_spin_density_zero_rect2x3,rect2x3_hole_2,1,surrogate,spin_density_only,0.09545454545454544,2.497601521464217,5.767955557622884e-17,7.806255641895632e-18,0.9431892330826662,-0.2540116554599785,1.1767254073994082,0.9990406085856869,5.0,5.0,1.3853694426203664e-19
haxs.stage5c2gR32A.g1-deterministic.v1,limit_spin_density_zero_rect2x3,rect2x3_hole_2,1,surrogate,spin_density_only,0.12727272727272726,2.4957464635115794,-6.591949208711867e-17,1.5612511283791264e-17,0.925697738767742,-0.3353079713480913,1.1531880340013,0.9982985854046318,5.0,5.0,-8.071282839614312e-19
haxs.stage5c2gR32A.g1-deterministic.v1,limit_spin_density_zero_rect2x3,rect2x3_hole_2,1,surrogate,spin_density_only,0.15909090909090906,2.4933747786540277,4.5536491244391186e-17,9.540979117872439e-18,0.9089994044012023,-0.41436401338380197,1.1302349130875826,0.9973499114616111,5.0,5.0,-6.926847213101835e-20
haxs.stage5c2gR32A.g1-deterministic.v1,limit_spin_density_zero_rect2x3,rect2x3_hole_2,1,surrogate,spin_density_only,0.1909090909090909,2.4904964791482342,-4.597017211338539e-17,1.214306433183765e-17,0.8930394465005905,-0.49129357439364796,1.10782842043688,0.9961985916592937,5.0,5.0,3.463423606550918e-20
haxs.stage5c2gR32A.g1-deterministic.v1,limit_spin_density_zero_rect2x3,rect2x3_hole_2,1,surrogate,spin_density_only,0.22272727272727272,2.4871237580030785,6.548581121812447e-17,2.6454533008646308e-17,0.8777641164854095,-0.566221773426238,1.0859319486648558,0.9948495032012314,5.0,5.0,-2.4243965245856414e-19
haxs.stage5c2gR32A.g1-deterministic.v1,limit_spin_density_zero_rect2x3,rect2x3_hole_2,1,surrogate,spin_density_only,0.2545454545454545,2.483270947705585,2.0816681711721685e-17,-2.688821387764051e-17,0.86312107490244,-0.6392827905436773,1.0645104568479384,0.9933083790822341,5.0,5.0,-4.517509052022931e-21
haxs.stage5c2gR32A.g1-deterministic.v1,limit_spin_density_zero_rect2x3,rect2x3_hole_2,1,surrogate,spin_density_only,0.2863636363636363,2.478954458771025,6.938893903907228e-18,1.951563910473908e-17,0.8490597471625212,-0.7106174797746868,1.0435309742649546,0.99158178350841,5.0,5.0,3.47848197005766e-19
haxs.stage5c2gR32A.g1-deterministic.v1,limit_spin_density_zero_rect2x3,rect2x3_hole_2,1,surrogate,spin_density_only,0.3181818181818181,2.4741926928221174,1.0842021724855044e-18,2.7321894746634712e-17,0.8355316637378392,-0.7803708721158104,1.022963053045128,0.989677077128847,5.0,5.0,1.2799608980731647e-19
haxs.stage5c2gR32A.g1-deterministic.v1,limit_spin_density_zero_rect2x3,rect2x3_hole_2,1,surrogate,spin_density_only,0.35,2.469005925050743,3.599551212651875e-17,4.380176776841438e-17,0.8224907859822015,-0.8486895856886965,1.0027791637178711,0.9876023700202972,5.0,5.0,3.629065605125091e-19
haxs.stage5c2gR32A.g1-deterministic.v1,limit_spin_density_zero_rect2x3,rect2x3_hole_2,1,surrogate,spin_density_only,0.3818181818181818,2.4634161515469906,-2.2768245622195593e-17,1.1275702593849246e-17,0.8098938162923494,-0.9157191694998661,0.9829550265351373,0.9853664606187962,5.0,5.0,-2.8912057932946783e-19
haxs.stage5c2gR32A.g1-deterministic.v1,limit_spin_density_zero_rect2x3,rect2x3_hole_2,1,surrogate,spin_density_only,0.4136363636363636,2.4574468981262414,9.475926987523309e-17,2.168404344971009e-17,0.7977004885149583,-0.9816014198501752,0.9634698703521634,0.9829787592504966,5.0,5.0,5.827586677109586e-19
haxs.stage5c2gR32A.g1-deterministic.v1,limit_spin_density_zero_rect2x3,rect2x3_hole_2,1,surrogate,spin_density_only,0.44545454545454544,2.4511229889287383,9.75781955236954e-18,-6.461844948013606e-17,0.785873831710712,-1.0464717226856468,0.9443066102426056,0.9804491955714953,5.0,5.0,1.358264388308229e-18
haxs.stage5c2gR32A.g1-deterministic.v1,limit_spin_density_zero_rect2x3,rect2x3_hole_2,1,surrogate,spin_density_only,0.47727272727272724,2.444470275139204,-1.9081958235744878e-17,-3.122502256758253e-17,0.7743803980590586,-1.1104564888474773,0.9254519353204372,0.9777881100556816,5.0,5.0,4.773501231637569e-19
haxs.stage5c2gR32A.g1-deterministic.v1,limit_spin_density_zero_rect2x3,rect2x3_hole_2,1,surrogate,spin_density_only,0.509090909090909,2.4375153265532847,1.452830911130576e-17,-2.0383000842727483e-17,0.7631904442642852,-1.1736707597334284,0.9068962997863105,0.9750061306213139,5.0,5.0,-3.056847791868853e-19
haxs.stage5c2gR32A.g1-deterministic.v1,limit_spin_density_zero_rect2x3,rect2x3_hole_2,1,surrogate,spin_density_only,0.5409090909090909,2.430285091234125,-4.4885969940899884e-17,-1.7780915628762273e-17,0.752278055658593,-1.2362160659152983,0.8886338131789403,0.97211403649365,5.0,5.0,-3.312839971483483e-20
haxs.stage5c2gR32A.g1-deterministic.v1,limit_spin_density_zero_rect2x3,rect2x3_hole_2,1,surrogate,spin_density_only,0.5727272727272726,2.4228065309520033,-1.8214596497756474e-17,-1.1709383462843448e-17,0.7416212034820613,-1.298178618953615,0.8706620301181967,0.9691226123808013,5.0,5.0,-3.915174511753208e-20
haxs.stage5c2gR32A.g1-deterministic.v1,limit_spin_density_zero_rect2x3,rect2x3_hole_2,1,surrogate,spin_density_only,0.6045454545454545,2.4151062422592373,3.599551212651875e-17,-3.642919299551295e-17,0.7312017285237983,-1.3596279062288454,0.852981645128412,0.9660424969036949,5.0,5.0,-4.954201593718485e-19
haxs.stage5c2gR32A.g1-deterministic.v1,limit_spin_density_zero_rect2x3,rect2x3_hole_2,1,surrogate,spin_density_only,0.6363636363636362,2.4072100746996528,-4.466912950640278e-17,-6.5052130349130266e-18,0.7210052481626192,-1.420615740603624,0.8355961038306218,0.9628840298798611,5.0,5.0,3.854941057726239e-19
haxs.stage5c2gR32A.g1-deterministic.v1,limit_spin_density_zero_rect2x3,rect2x3_hole_2,1,surrogate,spin_density_only,0.6681818181818181,2.3991427585931993,4.92227786308419e-17,4.0332320816460765e-17,0.7110209883624408,-1.4811757930475153,0.8185111471270753,0.9596571034372797,5.0,5.0,3.5236570605778894e-19
haxs.stage5c2gR32A.g1-deterministic.v1,limit_spin_density_zero_rect2x3,rect2x3_hole_2,1,surrogate,spin_density_only,0.7,2.3909275549317694,4.83554168928535e-17,9.194034422677078e-17,0.7012415467318496,-1.5413236100115026,0.8017343091737871,0.9563710219727077,5.0,5.0,-2.183462708477751e-19
haxs.stage5c2gR32A.g1-deterministic.v1,limit_spin_density_zero_rect2x3,rect2x3_hole_2,1,surrogate,spin_density_only,0.7318181818181817,2.3825859391112214,-6.895525817007808e-17,-2.6020852139652106e-17,0.6916625966983947,-1.6010570919438827,0.7852743922757152,0.9530343756444886,5.0,5.0,-2.5298050691328443e-19
haxs.stage5c2gR32A.g1-deterministic.v1,limit_spin_density_zero_rect2x3,rect2x3_hole_2,1,surrogate,spin_density_only,0.7636363636363636,2.3741373285455665,-1.496198998029996e-17,3.642919299551295e-17,0.682282545628534,-1.6603573883906386,0.7691409419462288,0.9496549314182265,5.0,5.0,-3.177314699922798e-19
haxs.stage5c2gR32A.g1-deterministic.v1,limit_spin_density_zero_rect2x3,rect2x3_hole_2,1,surrogate,spin_density_only,0.7954545454545454,2.3655988618020247,-4.9873299934333204e-18,-5.160802341031001e-17,0.6731021610138874,-1.719190151260649,0.753343743220785,0.9462395447208098,5.0,5.0,4.96925995722523e-19
haxs.stage5c2gR32A.g1-deterministic.v1,limit_spin_density_zero_rect2x3,rect2x3_hole_2,1,surrogate,spin_density_only,0.8272727272727272,2.3569852339941533,7.361732751176575e-17,-6.288372600415926e-17,0.664124178597803,-1.7775070822606058,0.7378923552704516,0.9427940935976613,5.0,5.0,4.592800869556651e-19
haxs.stage5c2gR32A.g1-deterministic.v1,limit_spin_density_zero_rect2x3,rect2x3_hole_2,1,surrogate,spin_density_only,0.859090909090909,2.3483085900738545,-1.5178830414797062e-17,2.949029909160572e-17,0.655352904776866,-1.8352477126981814,0.722795696117847,0.9393234360295418,5.0,5.0,-4.969259957225228e-19
haxs.stage5c2gR32A.g1-deterministic.v1,limit_spin_density_zero_rect2x3,rect2x3_hole_2,1,surrogate,spin_density_only,0.8909090909090909,2.3395784746955863,4.90059381963448e-17,2.47198095326695e-17,0.6467938232516174,-1.8923413616908025,0.7080616836986483,0.9358313898782346,5.0,5.0,1.4651787692061055e-18
haxs.stage5c2gR32A.g1-deterministic.v1,limit_spin_density_zero_rect2x3,rect2x3_hole_2,1,surrogate,spin_density_only,0.9227272727272726,2.3308018347895807,-2.168404344971009e-19,-1.734723475976807e-18,0.6384532133046088,-1.9487092290820216,0.6936969345252628,0.9323207339158323,5.0,5.0,6.80638030504789e-19
haxs.stage5c2gR32A.g1-deterministic.v1,limit_spin_density_zero_rect2x3,rect2x3_hole_2,1,surrogate,spin_density_only,0.9545454545454545,2.321983069108921,-1.3660947373317356e-17,-4.7704895589362195e-18,0.6303377848146422,-2.004266588514461,0.6797065175111131,0.9287932276435684,5.0,5.0,2.55992179614633e-19
haxs.stage5c2gR32A.g1-deterministic.v1,limit_spin_density_zero_rect2x3,rect2x3_hole_2,1,surrogate,spin_density_only,0.9863636363636362,2.313124117940361,9.096456227153382e-17,-4.8138576458356397e-17,0.622454333586402,-2.0589250511403954,0.6660937585085611,0.9252496471761444,5.0,5.0,-3.207431426936283e-19
haxs.stage5c2gR32A.g1-deterministic.v1,limit_spin_density_zero_rect2x3,rect2x3_hole_2,1,surrogate,spin_density_only,1.018181818181818,2.304224585903387,-4.4181238528784306e-17,6.288372600415926e-17,0.6148094199642474,-2.1125948696417396,0.6528600908305598,0.9216898343613549,5.0,5.0,3.8549410577262383e-19
haxs.stage5c2gR32A.g1-deterministic.v1,limit_spin_density_zero_rect2x3,rect2x3_hole_2,1,surrogate,spin_density_only,1.0499999999999998,2.2952818912064004,4.082021179407924e-17,7.37257477290143e-18,0.6074090739287846,-2.165187245551174,0.6400049481431633,0.9181127564825602,5.0,5.0,-4.562684142543164e-19
haxs.stage5c2gR32A.g1-deterministic.v1,limit_spin_density_zero_rect2x3,rect2x3_hole_2,1,surrogate,spin_density_only,1.0818181818181818,2.286291435692288,-4.3259666682171627e-17,-8.673617379884035e-19,0.6002585306497195,-2.216616591963422,0.6275256980573382,0.9145165742769151,5.0,5.0,1.0360154092639264e-18
haxs.stage5c2gR32A.g1-deterministic.v1,limit_spin_density_zero_rect2x3,rect2x3_hole_2,1,surrogate,spin_density_only,1.1136363636363635,2.2772467912482908,-3.2146594414195206e-17,2.1250362580715887e-17,0.5933620013654601,-2.2668026915112622,0.6154176168321939,0.9108987164993163,5.0,5.0,-1.2317741348515871e-18
haxs.stage5c2gR32A.g1-deterministic.v1,limit_spin_density_zero_rect2x3,rect2x3_hole_2,1,surrogate,spin_density_only,1.1454545454545453,2.2681398994305875,-2.47198095326695e-17,4.7704895589362195e-18,0.5867224850451445,-2.315672679385789,0.603673907198453,0.9072559597722349,5.0,5.0,-1.420003678685876e-18
haxs.stage5c2gR32A.g1-deterministic.v1,limit_spin_density_zero_rect2x3,rect2x3_hole_2,1,surrogate,spin_density_only,1.1772727272727272,2.2589612822521747,2.542454094478508e-17,4.163336342344337e-17,0.5803416262259145,-2.363162776314737,0.5922857619755693,0.9035845129008699,5.0,5.0,8.146574657148026e-19
haxs.stage5c2gR32A.g1-deterministic.v1,limit_spin_density_zero_rect2x3,rect2x3_hole_2,1,surrogate,spin_density_only,1.209090909090909,2.2497002628585885,3.7269449679189215e-18,-1.9949319973733282e-17,0.5742196235456365,-2.4092196988207597,0.5812424757041519,0.8998801051434354,5.0,5.0,-6.625679942966971e-19
haxs.stage5c2gR32A.g1-deterministic.v1,limit_spin_density_zero_rect2x3,rect2x3_hole_2,1,surrogate,spin_density_only,1.2409090909090907,2.2403451952056472,-2.6020852139652106e-18,-7.806255641895632e-18,0.568355191848942,-2.453801684289847,0.5705316050339091,0.8961380780822589,5.0,5.0,-7.604473570905274e-19
haxs.stage5c2gR32A.g1-deterministic.v1,limit_spin_density_zero_rect2x3,rect2x3_hole_2,1,surrogate,spin_density_only,1.2727272727272725,2.2308837018688323,-6.911788849595091e-19,1.1275702593849246e-17,0.5627455785512456,-2.496879085323993,0.5601391764013085,0.892353480747533,5.0,5.0,-6.926847213101833e-19
haxs.stage5c2gR32A.g1-deterministic.v1,limit_spin_density_zero_rect2x3,rect2x3_hole_2,1,surrogate,spin_density_only,1.3045454545454545,2.2213029188276607,-2.439454888092385e-17,-2.0383000842727483e-17,0.5573866325349695,-2.53843450918576,0.5500499370302772,0.8885211675310642,5.0,5.0,1.6564199857417385e-20
haxs.stage5c2gR32A.g1-deterministic.v1,limit_spin_density_zero_rect2x3,rect2x3_hole_2,1,surrogate,spin_density_only,1.3363636363636362,2.21158974558955,1.85940672581264e-17,-8.543513119185775e-17,0.5522729215876018,-2.5784625008318525,0.5402476429382108,0.88463589823582,5.0,5.0,-2.4093381610788965e-20
haxs.stage5c2gR32A.g1-deterministic.v1,limit_spin_density_zero_rect2x3,rect2x3_hole_2,1,surrogate,spin_density_only,1.368181818181818,2.2017310984611242,-1.214306433183765e-17,6.201636426617085e-17,0.5473978925845802,-2.6169687890369877,0.5307153757910713,0.8806924393844497,5.0,5.0,-1.4606612601540827e-19
haxs.stage5c2gR32A.g1-deterministic.v1,limit_spin_density_zero_rect2x3,rect2x3_hole_2,1,surrogate,spin_density_only,1.4,2.191714164242902,-1.431146867680866e-17,3.469446951953614e-18,0.5427540674676813,-2.6539691320352823,0.5214358793404797,0.8766856656971609,5.0,5.0,-1.656419985741745e-20
haxs.stage5c2gR32A.g1-deterministic.v1,limit_spin_density_zero_rect2x3,rect2x3_hole_2,2,surrogate,spin_density_only,0.0,2.5,0.0,0.0,1.0009775171065494,0.004243229276517941,1.2512218963831867,1.0,5.0,5.0,0.0
haxs.stage5c2gR32A.g1-deterministic.v1,limit_spin_density_zero_rect2x3,rect2x3_hole_2,2,surrogate,spin_density_only,0.031818181818181815,2.4997327571735055,7.936359902593892e-17,-4.640385298237959e-17,0.9807736029450642,-0.0843123149773508,1.2257049129806488,0.9998931028694023,5.0,5.0,8.146574657148028e-19
haxs.stage5c2gR32A.g1-deterministic.v1,limit_spin_density_zero_rect2x3,rect2x3_hole_2,2,surrogate,spin_density_only,0.06363636363636363,2.498932146527018,-5.5077470362263625e-17,3.903127820947816e-18,0.961529307349688,-0.1703747395667957,1.2008850810653793,0.9995728586108072,5.0,5.0,9.66746937132908e-19
haxs.stage5c2gR32A.g1-deterministic.v1,limit_spin_density_zero_rect2x3,rect2x3_hole_2,2,surrogate,spin_density_only,0.09545454545454544,2.497601520482692,6.331740687315346e-17,5.551115123125783e-17,0.9431892306055408,-0.25401166686598114,1.1767254033840642,0.9990406081930768,5.0,5.0,-1.2649025345664224e-19
haxs.stage5c2gR32A.g1-deterministic.v1,limit_spin_density_zero_rect2x3,rect2x3_hole_2,2,surrogate,spin_density_only,0.12727272727272726,2.4957464621103296,-2.211772431870429e-17,-4.0332320816460765e-17,0.9256977356647509,-0.3353079859058875,1.1531880288408218,0.9982985848441318,5.0,5.0,3.583890514604862e-19
haxs.stage5c2gR32A.g1-deterministic.v1,limit_spin_density_zero_rect2x3,rect2x3_hole_2,2,surrogate,spin_density_only,0.15909090909090906,2.4933747767839107,-5.204170427930421e-18,-2.6020852139652106e-18,0.9089994007547326,-0.4143640308056139,1.1302349068581918,0.9973499107135643,5.0,5.0,1.1293772630057334e-19
haxs.stage5c2gR32A.g1-deterministic.v1,limit_spin_density_zero_rect2x3,rect2x3_hole_2,2,surrogate,spin_density_only,0.1909090909090909,2.490496476757704,6.852157730108388e-17,-3.382710778154774e-17,0.8930394423824597,-0.49129359442055165,1.1078284132015563,0.9961985907030815,5.0,5.0,2.1081708909440373e-20
haxs.stage5c2gR32A.g1-deterministic.v1,limit_spin_density_zero_rect2x3,rect2x3_hole_2,2,surrogate,spin_density_only,0.22272727272727272,2.487123755038126,1.3010426069826053e-17,4.336808689942018e-19,0.8777641119564162,-0.5662217958344997,1.085931940472656,0.9948495020152505,5.0,5.0,5.827586677109585e-19
haxs.stage5c2gR32A.g1-deterministic.v1,limit_spin_density_zero_rect2x3,rect2x3_hole_2,2,surrogate,spin_density_only,0.2545454545454545,2.483270944110022,-7.41594285980085e-17,2.7755575615628914e-17,0.8631210700116183,-0.6392828151527035,1.0645104477333165,0.9933083776440087,5.0,5.0,1.1384122811097797e-18
haxs.stage5c2gR32A.g1-deterministic.v1,limit_spin_density_zero_rect2x3,rect2x3_hole_2,2,surrogate,spin_density_only,0.2863636363636363,2.478954454487268,-4.4885969940899884e-17,-1.734723475976807e-18,0.8490597419461047,-0.7106175064566833,1.043530964247207,0.9915817817949073,5.0,5.0,1.2950192615799076e-19
haxs.stage5c2gR32A.g1-deterministic.v1,limit_spin_density_zero_rect2x3,rect2x3_hole_2,2,surrogate,spin_density_only,0.3181818181818181,2.4741926877923706,-2.190088388420719e-17,4.336808689942018e-19,0.8355316582182013,-0.7803709008059052,1.022963042128162,0.9896770751169482,5.0,5.0,1.1625056627205688e-18
haxs.stage5c2gR32A.g1-deterministic.v1,limit_spin_density_zero_rect2x3,rect2x3_hole_2,2,surrogate,spin_density_only,0.35,2.469005919218691,3.382710778154774e-17,1.214306433183765e-17,0.8224907801669107,-0.8486896163947999,1.0027791518905402,0.9876023676874764,5.0,5.0,-8.432683563776149e-20
haxs.stage5c2gR32A.g1-deterministic.v1,limit_spin_density_zero_rect2x3,rect2x3_hole_2,2,surrogate,spin_density_only,0.3818181818181818,2.46341614485995,2.6237692574149207e-17,6.028164079019405e-17,0.8098938101736345,-0.9157192023106377,0.9829550137724117,0.9853664579439799,5.0,5.0,6.7160301240074295e-19
haxs.stage5c2gR32A.g1-deterministic.v1,limit_spin_density_zero_rect2x3,rect2x3_hole_2,2,surrogate,spin_density_only,0.4136363636363636,2.4574468905375535,-5.919743861770854e-17,8.673617379884035e-18,0.7977004820699477,-0.9816014549389411,0.9634698566173594,0.9829787562150214,5.0,5.0,-2.183462708477752e-19
haxs.stage5c2gR32A.g1-deterministic.v1,limit_spin_density_zero_rect2x3,rect2x3_hole_2,2,surrogate,spin_density_only,0.44545454545454544,2.4511229804004318,-3.382710778154774e-17,-4.85722573273506e-17,0.7858738249025922,-1.046471760309102,0.9443065954908236,0.9804491921601727,5.0,5.0,-9.125368285086332e-19
haxs.stage5c2gR32A.g1-deterministic.v1,limit_spin_density_zero_rect2x3,rect2x3_hole_2,2,surrogate,spin_density_only,0.47727272727272724,2.44447026564463,-2.6454533008646308e-17,-2.6020852139652106e-18,0.7743803908393875,-1.1104565293374398,0.9254519195032017,0.9777881062578521,5.0,5.0,1.2543616801117017e-18
haxs.stage5c2gR32A.g1-deterministic.v1,limit_spin_density_zero_rect2x3,rect2x3_hole_2,2,surrogate,spin_density_only,0.509090909090909,2.437515316079551,-9.540979117872439e-18,-1.3877787807814457e-17,0.7631904365764709,-1.1736708034810324,0.9068962828572439,0.9750061264318204,5.0,5.0,-1.551011441194541e-19
haxs.stage5c2gR32A.g1-deterministic.v1,limit_spin_density_zero_rect2x3,rect2x3_hole_2,2,surrogate,spin_density_only,0.5409090909090909,2.430285079784162,-2.42861286636753e-17,6.938893903907228e-18,0.7522780474423736,-1.2362161133480092,0.888633795100114,0.9721140319136647,5.0,5.0,7.87552411402665e-19
haxs.stage5c2gR32A.g1-deterministic.v1,limit_spin_density_zero_rect2x3,rect2x3_hole_2,2,surrogate,spin_density_only,0.5727272727272726,2.4228065185460257,2.0166160408230382e-17,1.0408340855860843e-17,0.7416211946786951,-1.298178670506259,0.8706620108666124,0.9691226074184103,5.0,5.0,1.3401943521001372e-19
haxs.stage5c2gR32A.g1-deterministic.v1,limit_spin_density_zero_rect2x3,rect2x3_hole_2,2,surrogate,spin_density_only,0.6045454545454545,2.415106228935358,7.546047120499111e-17,-5.5077470362263625e-17,0.7312017190815808,-1.3596279623105367,0.8529816247020013,0.9660424915741432,5.0,5.0,4.2464585089015603e-19
haxs.stage5c2gR32A.g1-deterministic.v1,limit_spin_density_zero_rect2x3,rect2x3_hole_2,2,surrogate,spin_density_only,0.6363636363636362,2.4072100605136235,-6.5052130349130266e-18,-1.3010426069826053e-18,0.7210052380421258,-1.4206158015639914,0.8355960822530856,0.9628840242054494,5.0,5.0,-8.432683563776141e-20
haxs.stage5c2gR32A.g1-deterministic.v1,limit_spin_density_zero_rect2x3,rect2x3_hole_2,2,surrogate,spin_density_only,0.6681818181818181,2.3991427436171824,-1.734723475976807e-18,-1.6046192152785466e-17,0.7110209775410125,-1.4811758591452353,0.8185111244510134,0.959657097446873,5.0,5.0,-1.6714783492484863e-19
haxs.stage5c2gR32A.g1-deterministic.v1,limit_spin_density_zero_rect2x3,rect2x3_hole_2,2,surrogate,spin_density_only,0.7,2.390927539252088,-2.862293735361732e-17,1.5612511283791264e-17,0.7012415352069106,-1.541323681388013,0.8017342854817119,0.9563710157008352,5.0,5.0,-1.8672370748361464e-19
haxs.stage5c2gR32A.g1-deterministic.v1,limit_spin_density_zero_rect2x3,rect2x3_hole_2,2,surrogate,spin_density_only,0.7318181818181817,2.382585922825302,-2.2985086056692694e-17,-2.3852447794681098e-17,0.6916625844892474,-1.6010571686050374,0.7852743676788201,0.9530343691301209,5.0,5.0,1.5058363506743121e-19
haxs.stage5c2gR32A.g1-deterministic.v1,limit_spin_density_zero_rect2x3,rect2x3_hole_2,2,surrogate,spin_density_only,0.7636363636363636,2.3741373117582834,1.214306433183765e-17,-3.209238430557093e-17,0.6822825327765086,-1.6603574701978574,0.7691409165810342,0.9496549247033134,5.0,5.0,-5.601711224508441e-19
haxs.stage5c2gR32A.g1-deterministic.v1,limit_spin_density_zero_rect2x3,rect2x3_hole_2,2,surrogate,spin_density_only,0.7954545454545454,2.3655988446216725,2.8189256484623115e-18,-9.974659986866641e-18,0.6731021475809443,-1.719190237931788,0.7533437172440405,0.946239537848669,5.0,5.0,1.88229543834289e-19
haxs.stage5c2gR32A.g1-deterministic.v1,limit_spin_density_zero_rect2x3,rect2x3_hole_2,2,surrogate,spin_density_only,0.8272727272727272,2.356985216528384,-2.6020852139652106e-18,-8.673617379884035e-18,0.6641241646638022,-1.7775071733800072,0.7378923288528364,0.9427940866113536,5.0,5.0,-1.7302059669247844e-18
haxs.stage5c2gR32A.g1-deterministic.v1,limit_spin_density_zero_rect2x3,rect2x3_hole_2,2,surrogate,spin_density_only,0.859090909090909,2.34830857242585,-1.951563910473908e-18,-8.239936510889834e-18,0.6553528904358619,-1.8352478077342909,0.7227956694370953,0.93932342897034,5.0,5.0,1.144435626512477e-19
haxs.stage5c2gR32A.g1-deterministic.v1,limit_spin_density_zero_rect2x3,rect2x3_hole_2,2,surrogate,spin_density_only,0.8909090909090909,2.339578456960739,1.3227266504323154e-17,1.8214596497756474e-17,0.6467938086075478,-1.8923414600194888,0.7080616569326871,0.9358313827842956,5.0,5.0,-1.0691438089787609e-19
haxs.stage5c2gR32A.g1-deterministic.v1,limit_spin_density_zero_rect2x3,rect2x3_hole_2,2,surrogate,spin_density_only,0.9227272727272726,2.3308018170528078,1.1492543028346347e-17,4.466912950640278e-17,0.6384531984667602,-1.948709330013393,0.6936969078458406,0.9323207268211231,5.0,5.0,-3.4333068795374315e-19
haxs.stage5c2gR32A.g1-deterministic.v1,limit_spin_density_zero_rect2x3,rect2x3_hole_2,2,surrogate,spin_density_only,0.9545454545454545,2.3219830514425888,7.589415207398531e-17,-7.37257477290143e-18,0.6303377698932255,-2.004266691321069,0.6797064910782198,0.9287932205770355,5.0,5.0,-4.5175090520229514e-21
haxs.stage5c2gR32A.g1-deterministic.v1,limit_spin_density_zero_rect2x3,rect2x3_hole_2,2,surrogate,spin_density_only,0.9863636363636362,2.313124100402816,-1.1926223897340549e-18,3.0791341698588326e-17,0.6224543186884162,-2.058925155085581,0.6660937324657759,0.9252496401611264,5.0,5.0,-3.3580150620037147e-19
haxs.stage5c2gR32A.g1-deterministic.v1,limit_spin_density_zero_rect2x3,rect2x3_hole_2,2,surrogate,spin_density_only,1.018181818181818,2.3042245685379594,-2.0057740190981832e-17,-3.686287386450715e-17,0.6148094051897299,-2.1125949740072762,0.6528600653012894,0.9216898274151838,5.0,5.0,-6.535329761926514e-19
haxs.stage5c2gR32A.g1-deterministic.v1,limit_spin_density_zero_rect2x3,rect2x3_hole_2,2,surrogate,spin_density_only,1.0499999999999998,2.295281874040653,-8.7061434450586e-17,-5.637851296924623e-18,0.6074090593675183,-2.165187349663509,0.6400049232276619,0.9181127496162611,5.0,5.0,5.240310500346606e-19
haxs.stage5c2gR32A.g1-deterministic.v1,limit_spin_density_zero_rect2x3,rect2x3_hole_2,2,surrogate,spin_density_only,1.0818181818181818,2.2862914187373766,-4.4777549723651333e-17,4.85722573273506e-17,0.6002585163783627,-2.216616695218457,0.6275256738303581,0.9145165674949507,5.0,5.0,5.677003042042154e-19
haxs.stage5c2gR32A.g1-deterministic.v1,limit_spin_density_zero_rect2x3,rect2x3_hole_2,2,surrogate,spin_density_only,1.1136363636363635,2.2772467744983036,-5.0198560586078855e-17,4.85722573273506e-17,0.5933619874450838,-2.266802793397508,0.6154175933411437,0.9108987097993214,5.0,5.0,-1.338688515749463e-18
haxs.stage5c2gR32A.g1-deterministic.v1,limit_spin_density_zero_rect2x3,rect2x3_hole_2,2,surrogate,spin_density_only,1.1454545454545453,2.268139882861865,2.74574200181954e-17,1.3010426069826053e-17,0.5867224715191522,-2.3156727795057606,0.6036738844620171,0.907255953144746,5.0,5.0,-9.697586098342568e-19
haxs.stage5c2gR32A.g1-deterministic.v1,limit_spin_density_zero_rect2x3,rect2x3_hole_2,2,surrogate,spin_density_only,1.1772727272727272,2.2589612658225953,2.7850443305721395e-17,3.903127820947816e-18,0.580341613118398,-2.363162874403894,0.5922857399828151,0.9035845063290381,5.0,5.0,3.598948878111605e-19
haxs.stage5c2gR32A.g1-deterministic.v1,limit_spin_density_zero_rect2x3,rect2x3_hole_2,2,surrogate,spin_density_only,1.209090909090909,2.2497002465069755,-2.541098841762901e-17,-6.5052130349130266e-18,0.5742196108602028,-2.409219794763387,0.5812424544142227,0.8998800986027902,5.0,5.0,6.746146851020916e-19
haxs.stage5c2gR32A.g1-deterministic.v1,limit_spin_density_zero_rect2x3,rect2x3_hole_2,2,surrogate,spin_density_only,1.2409090909090907,2.240345178851515,2.2971533529536625e-17,5.767955557622884e-17,0.5683551795680425,-2.4538017781312864,0.5705315843764183,0.896138071540606,5.0,5.0,1.2588791891637247e-18
haxs.stage5c2gR32A.g1-deterministic.v1,limit_spin_density_zero_rect2x3,rect2x3_hole_2,2,surrogate,spin_density_only,1.2727272727272725,2.2308836854124845,-4.767779053505006e-17,-5.204170427930421e-18,0.5627455666361695,-2.4968791772776586,0.5601391562775673,0.8923534741649938,5.0,5.0,2.8912057932946783e-19
haxs.stage5c2gR32A.g1-deterministic.v1,limit_spin_density_zero_rect2x3,rect2x3_hole_2,2,surrogate,spin_density_only,1.3045454545454545,2.2213029021510335,-6.0173220572945496e-18,-8.673617379884035e-19,0.5573866209264167,-2.5384345996351927,0.5500499173154274,0.8885211608604134,5.0,5.0,-1.517883041479706e-18
haxs.stage5c2gR32A.g1-deterministic.v1,limit_spin_density_zero_rect2x3,rect2x3_hole_2,2,surrogate,spin_density_only,1.3363636363636362,2.2115897285577204,-1.0299920638612292e-17,9.974659986866641e-18,0.5522729102069464,-2.57846259032666,0.5402476234842813,0.8846358914230882,5.0,5.0,1.1911165533833807e-18
haxs.stage5c2gR32A.g1-deterministic.v1,limit_spin_density_zero_rect2x3,rect2x3_hole_2,2,surrogate,spin_density_only,1.368181818181818,2.2017310809246395,3.4423418976414766e-17,4.163336342344337e-17,0.5473978813357491,-2.6169688782829525,0.5307153564309106,0.8806924323698558,5.0,5.0,1.3176068068400228e-18
haxs.stage5c2gR32A.g1-deterministic.v1,limit_spin_density_zero_rect2x3,rect2x3_hole_2,2,surrogate,spin_density_only,1.4,2.1917141460408494,-3.968179951296946e-17,2.47198095326695e-17,0.5427540562396129,-2.6539692218787025,0.5214358598924389,0.8766856584163397,5.0,5.0,5.72217813256238e-20
haxs.stage5c2gR32A.g1-deterministic.v1,limit_spin_density_zero_rect2x3,rect2x3_hole_2,4,surrogate,spin_density_only,0.0,2.5,0.0,0.0,1.0009775171065494,0.004243229276517941,1.2512218963831867,1.0,5.0,5.0,0.0
haxs.stage5c2gR32A.g1-deterministic.v1,limit_spin_density_zero_rect2x3,rect2x3_hole_2,4,surrogate,spin_density_only,0.031818181818181815,2.499732757163984,-1.5178830414797062e-17,1.1275702593849246e-17,0.9807736028855927,-0.08431231524069557,1.2257049128969875,0.9998931028655935,5.0,5.0,1.2498441710596784e-19
haxs.stage5c2gR32A.g1-deterministic.v1,limit_spin_density_zero_rect2x3,rect2x3_hole_2,4,surrogate,spin_density_only,0.06363636363636363,2.4989321465051346,9.80118763926896e-17,-4.119968255444917e-17,0.9615293072379443,-0.17037474007150918,1.2008850809047869,0.9995728586020538,5.0,5.0,-4.216341781888072e-19
haxs.stage5c2gR32A.g1-deterministic.v1,limit_spin_density_zero_rect2x3,rect2x3_hole_2,4,surrogate,spin_density_only,0.09545454545454544,2.4976015204455764,-5.0306980803327406e-17,2.211772431870429e-17,0.9431892304480446,-0.25401166759117755,1.176725403152598,0.9990406081782306,5.0,5.0,8.583267198843578e-19
haxs.stage5c2gR32A.g1-deterministic.v1,limit_spin_density_zero_rect2x3,rect2x3_hole_2,4,surrogate,spin_density_only,0.12727272727272726,2.495746462054972,1.1709383462843448e-17,-2.949029909160572e-17,0.9256977354673999,-0.3353079868317671,1.1531880285438147,0.9982985848219889,5.0,5.0,-1.807003620809174e-20
haxs.stage5c2gR32A.g1-deterministic.v1,limit_spin_density_zero_rect2x3,rect2x3_hole_2,4,surrogate,spin_density_only,0.15909090909090906,2.4933747767071823,-2.0816681711721685e-17,-4.597017211338539e-17,0.908999400522766,-0.4143640319138857,1.130234906500207,0.9973499106828729,5.0,5.0,4.878909776184771e-19
haxs.stage5c2gR32A.g1-deterministic.v1,limit_spin_density_zero_rect2x3,rect2x3_hole_2,4,surrogate,spin_density_only,0.1909090909090909,2.4904964766563094,-5.5077470362263625e-17,-1.0408340855860843e-17,0.8930394421204647,-0.4912935956946608,1.1078284127863427,0.9961985906625237,5.0,5.0,-1.0013811731984176e-18
haxs.stage5c2gR32A.g1-deterministic.v1,limit_spin_density_zero_rect2x3,rect2x3_hole_2,4,surrogate,spin_density_only,0.22272727272727272,2.4871237549086103,-2.7755575615628914e-17,2.7321894746634712e-17,0.8777641116682894,-0.5662217972600752,1.0859319400030987,0.9948495019634441,5.0,5.0,1.7768868937956875e-19
haxs.stage5c2gR32A.g1-deterministic.v1,limit_spin_density_zero_rect2x3,rect2x3_hole_2,4,surrogate,spin_density_only,0.2545454545454545,2.483270943948796,1.0408340855860843e-17,4.7704895589362195e-18,0.8631210697005111,-0.6392828167180941,1.0645104472113935,0.9933083775795184,5.0,5.0,6.776263578034404e-19
haxs.stage5c2gR32A.g1-deterministic.v1,limit_spin_density_zero_rect2x3,rect2x3_hole_2,4,surrogate,spin_density_only,0.2863636363636363,2.4789544542906405,-5.854691731421724e-18,-3.729655473350135e-17,0.8490597416143727,-0.710617508153494,1.043530963673951,0.9915817817162562,5.0,5.0,-1.069143808978761e-18
haxs.stage5c2gR32A.g1-deterministic.v1,limit_spin_density_zero_rect2x3,rect2x3_hole_2,4,surrogate,spin_density_only,0.3181818181818181,2.4741926875566573,-8.239936510889834e-18,-3.903127820947816e-17,0.8355316578673103,-0.780370902629774,1.0229630415036441,0.9896770750226629,5.0,5.0,1.1098013904469677e-18
haxs.stage5c2gR32A.g1-deterministic.v1,limit_spin_density_zero_rect2x3,rect2x3_hole_2,4,surrogate,spin_density_only,0.35,2.469005918940299,4.2934406030425976e-17,2.905661822261152e-17,0.8224907797973968,-0.84868961834592,1.0027791512138937,0.9876023675761196,5.0,5.0,-3.1471979729093123e-19
haxs.stage5c2gR32A.g1-deterministic.v1,limit_spin_density_zero_rect2x3,rect2x3_hole_2,4,surrogate,spin_density_only,0.3818181818181818,2.4634161445355027,-9.107298248878237e-18,-7.676151381197371e-17,0.8098938097850787,-0.9157192043942147,0.982955013041905,0.9853664578142011,5.0,5.0,-2.635213613680046e-19
haxs.stage5c2gR32A.g1-deterministic.v1,limit_spin_density_zero_rect2x3,rect2x3_hole_2,4,surrogate,spin_density_only,0.4136363636363636,2.4574468901641002,-6.938893903907228e-18,-8.673617379884035e-18,0.7977004816609571,-0.9816014571656211,0.9634698558305436,0.9829787560656401,5.0,5.0,7.845407387013165e-19
haxs.stage5c2gR32A.g1-deterministic.v1,limit_spin_density_zero_rect2x3,rect2x3_hole_2,4,surrogate,spin_density_only,0.44545454545454544,2.45112297997555,5.182486384480711e-17,3.2959746043559335e-17,0.7858738244709188,-1.0464717626946423,0.9443065946447491,0.98044919199022,5.0,5.0,-3.04178942836211e-19
haxs.stage5c2gR32A.g1-deterministic.v1,limit_spin_density_zero_rect2x3,rect2x3_hole_2,4,surrogate,spin_density_only,0.47727272727272724,2.4444702651666383,-6.505213034913027e-19,-4.85722573273506e-17,0.7743803903820473,-1.110456531902333,0.9254519185947145,0.9777881060666553,5.0,5.0,-5.722178132562383e-20
haxs.stage5c2gR32A.g1-deterministic.v1,limit_spin_density_zero_rect2x3,rect2x3_hole_2,4,surrogate,spin_density_only,0.509090909090909,2.437515315547656,2.862293735361732e-17,3.469446951953614e-17,0.7631904360899717,-1.1736708062494623,0.9068962818833475,0.9750061262190624,5.0,5.0,3.4634236065509167e-19
haxs.stage5c2gR32A.g1-deterministic.v1,limit_spin_density_zero_rect2x3,rect2x3_hole_2,4,surrogate,spin_density_only,0.5409090909090909,2.430285079198568,-4.5319650809894085e-17,1.0408340855860843e-17,0.7522780469230066,-1.236216116346345,0.8886337940583633,0.9721140316794272,5.0,5.0,-2.1684043449710093e-19
haxs.stage5c2gR32A.g1-deterministic.v1,limit_spin_density_zero_rect2x3,rect2x3_hole_2,4,surrogate,spin_density_only,0.5727272727272726,2.422806517908026,4.0766001685454967e-17,2.688821387764051e-17,0.7416211941228659,-1.2981786737612033,0.8706620097555254,0.9691226071632103,5.0,5.0,-9.065134831059358e-19
haxs.stage5c2gR32A.g1-deterministic.v1,limit_spin_density_zero_rect2x3,rect2x3_hole_2,4,surrogate,spin_density_only,0.6045454545454545,2.4151062282474034,2.1467203015212988e-17,-2.3418766925686896e-17,0.7312017184861294,-1.3596279658471984,0.852981623521427,0.9660424912989614,5.0,5.0,3.147197972909311e-19
haxs.stage5c2gR32A.g1-deterministic.v1,limit_spin_density_zero_rect2x3,rect2x3_hole_2,4,surrogate,spin_density_only,0.6363636363636362,2.407210059779278,-5.898059818321144e-17,1.7780915628762273e-17,0.7210052374046693,-1.4206158054036842,0.8355960810045014,0.9628840239117112,5.0,5.0,3.8850577847397244e-19
haxs.stage5c2gR32A.g1-deterministic.v1,limit_spin_density_zero_rect2x3,rect2x3_hole_2,4,surrogate,spin_density_only,0.6681818181818181,2.3991427428410272,-2.7321894746634712e-17,-2.0816681711721685e-17,0.7110209768602311,-1.4811758633034753,0.8185111231377147,0.9596570971364109,5.0,5.0,5.60171122450844e-19
haxs.stage5c2gR32A.g1-deterministic.v1,limit_spin_density_zero_rect2x3,rect2x3_hole_2,4,surrogate,spin_density_only,0.7,2.390927538439604,-1.0842021724855044e-18,-7.37257477290143e-18,0.7012415344827301,-1.541323685873024,0.8017342841088615,0.9563710153758416,5.0,5.0,3.23754815394977e-19
haxs.stage5c2gR32A.g1-deterministic.v1,limit_spin_density_zero_rect2x3,rect2x3_hole_2,4,surrogate,spin_density_only,0.7318181818181817,2.3825859219826673,-4.4885969940899884e-17,1.3010426069826053e-17,0.691662583722952,-1.6010571734166015,0.7852743662533653,0.9530343687930669,5.0,5.0,2.80085561225422e-19
haxs.stage5c2gR32A.g1-deterministic.v1,limit_spin_density_zero_rect2x3,rect2x3_hole_2,4,surrogate,spin_density_only,0.7636363636363636,2.3741373108921304,3.252606517456513e-17,8.239936510889834e-18,0.6822825319707465,-1.660357475326789,0.7691409151114851,0.9496549243568522,5.0,5.0,-6.038403766203991e-19
haxs.stage5c2gR32A.g1-deterministic.v1,limit_spin_density_zero_rect2x3,rect2x3_hole_2,4,surrogate,spin_density_only,0.7954545454545454,2.3655988437388396,-6.10405823109339e-17,-5.767955557622884e-17,0.6731021467396314,-1.7191902433600512,0.753343715740143,0.9462395374955358,5.0,5.0,2.5448634326395874e-19
haxs.stage5c2gR32A.g1-deterministic.v1,limit_spin_density_zero_rect2x3,rect2x3_hole_2,4,surrogate,spin_density_only,0.8272727272727272,2.3569852156356426,-2.47198095326695e-17,3.382710778154774e-17,0.6641241637919549,-1.7775071790813275,0.7378923273251738,0.942794086254257,5.0,5.0,-3.809765967206009e-19
haxs.stage5c2gR32A.g1-deterministic.v1,limit_spin_density_zero_rect2x3,rect2x3_hole_2,4,surrogate,spin_density_only,0.859090909090909,2.3483085715296825,4.119968255444917e-18,-3.903127820947816e-17,0.6553528895393524,-1.8352478136753512,0.7227956678966553,0.939323428611873,5.0,5.0,-4.351867053448761e-19
haxs.stage5c2gR32A.g1-deterministic.v1,limit_spin_density_zero_rect2x3,rect2x3_hole_2,4,surrogate,spin_density_only,0.8909090909090909,2.3395784560671347,2.47198095326695e-17,3.8163916471489756e-17,0.646793807692831,-1.892341466161422,0.7080616553904336,0.9358313824268538,5.0,5.0,2.183462708477751e-19
haxs.stage5c2gR32A.g1-deterministic.v1,limit_spin_density_zero_rect2x3,rect2x3_hole_2,4,surrogate,spin_density_only,0.9227272727272726,2.3308018161670616,2.938187887435717e-17,9.540979117872439e-18,0.6384531975406091,-1.9487093363133425,0.6936969063123177,0.9323207264668246,5.0,5.0,6.896730486088347e-19
haxs.stage5c2gR32A.g1-deterministic.v1,limit_spin_density_zero_rect2x3,rect2x3_hole_2,4,surrogate,spin_density_only,0.9545454545454545,2.321983050569198,3.361026734705064e-17,5.637851296924623e-18,0.6303377689624404,-2.004266697734057,0.6797064895632051,0.9287932202276792,5.0,5.0,6.640738306473715e-19
haxs.stage5c2gR32A.g1-deterministic.v1,limit_spin_density_zero_rect2x3,rect2x3_hole_2,4,surrogate,spin_density_only,0.9863636363636362,2.3131240995453797,-1.9949319973733282e-17,2.1250362580715887e-17,0.6224543177595739,-2.0589251615662345,0.6660937309779942,0.9252496398181519,5.0,5.0,1.1986457351367521e-18
haxs.stage5c2gR32A.g1-deterministic.v1,limit_spin_density_zero_rect2x3,rect2x3_hole_2,4,surrogate,spin_density_only,1.018181818181818,2.3042245676991127,6.890104806145381e-17,1.8214596497756474e-17,0.6148094042689559,-2.1125949805115205,0.6528600638481845,0.9216898270796451,5.0,5.0,1.4456028966473392e-19
haxs.stage5c2gR32A.g1-deterministic.v1,limit_spin_density_zero_rect2x3,rect2x3_hole_2,4,surrogate,spin_density_only,1.0499999999999998,2.295281873222023,6.19079440489223e-17,9.540979117872439e-18,0.6074090584602814,-2.1651873561502084,0.6400049218152137,0.9181127492888091,5.0,5.0,-2.108170890944029e-20
haxs.stage5c2gR32A.g1-deterministic.v1,limit_spin_density_zero_rect2x3,rect2x3_hole_2,4,surrogate,spin_density_only,1.0818181818181818,2.2862914179395366,-5.572799166575493e-17,-5.724587470723463e-17,0.6002585154893013,-2.2166167016509264,0.6275256724629391,0.9145165671758146,5.0,5.0,-6.188987401271421e-19
haxs.stage5c2gR32A.g1-deterministic.v1,limit_spin_density_zero_rect2x3,rect2x3_hole_2,4,surrogate,spin_density_only,1.1136363636363635,2.277246773720722,4.092863201132779e-17,-2.5587171270657905e-17,0.5933619865778622,-2.266802799744891,0.6154175920214099,0.9108987094882888,5.0,5.0,3.162256336416056e-20
haxs.stage5c2gR32A.g1-deterministic.v1,limit_spin_density_zero_rect2x3,rect2x3_hole_2,4,surrogate,spin_density_only,1.1454545454545453,2.268139882102894,-1.499722655090574e-16,1.214306433183765e-17,0.586722470676318,-2.3156727857444555,0.6036738831908259,0.9072559528411576,5.0,5.0,-9.035018104045872e-20
haxs.stage5c2gR32A.g1-deterministic.v1,limit_spin_density_zero_rect2x3,rect2x3_hole_2,4,surrogate,spin_density_only,1.1772727272727272,2.2589612650793884,-8.28059409235804e-18,4.7704895589362195e-18,0.5803416123013037,-2.3631628805185616,0.5922857387591753,0.9035845060317553,5.0,5.0,-5.7974699500961e-19
haxs.stage5c2gR32A.g1-deterministic.v1,limit_spin_density_zero_rect2x3,rect2x3_hole_2,4,surrogate,spin_density_only,1.209090909090909,2.249700245775491,-1.439278383974507e-17,-5.551115123125783e-17,0.5742196100689142,-2.4092198007480707,0.5812424532352773,0.8998800983101963,5.0,5.0,-7.755057205972706e-19
haxs.stage5c2gR32A.g1-deterministic.v1,limit_spin_density_zero_rect2x3,rect2x3_hole_2,4,surrogate,spin_density_only,1.2409090909090907,2.240345178126459,-1.1533200609814553e-17,8.413408858487514e-17,0.5683551788013258,-2.4538017839899613,0.5705315832374767,0.8961380712505835,5.0,5.0,-4.186225054874586e-19
haxs.stage5c2gR32A.g1-deterministic.v1,limit_spin_density_zero_rect2x3,rect2x3_hole_2,4,surrogate,spin_density_only,1.2727272727272725,2.230883684687357,-2.4353891299455643e-17,3.469446951953614e-18,0.5627455658914747,-2.4968791830247823,0.5601391551721859,0.8923534738749428,5.0,5.0,-1.6564199857417428e-19
haxs.stage5c2gR32A.g1-deterministic.v1,limit_spin_density_zero_rect2x3,rect2x3_hole_2,4,surrogate,spin_density_only,1.3045454545454545,2.2213029014181784,1.2522535092207576e-17,-2.42861286636753e-17,0.5573866201999206,-2.538434605295774,0.5500499162355477,0.8885211605672714,5.0,5.0,-1.7693577120423165e-18
haxs.stage5c2gR32A.g1-deterministic.v1,limit_spin_density_zero_rect2x3,rect2x3_hole_2,4,surrogate,spin_density_only,1.3363636363636362,2.2115897278084238,-1.7997756063259374e-17,4.9439619065339e-17,0.5522729094936376,-2.578462595935953,0.5402476224204277,0.8846358911233695,5.0,5.0,1.0420387546666237e-18
haxs.stage5c2gR32A.g1-deterministic.v1,limit_spin_density_zero_rect2x3,rect2x3_hole_2,4,surrogate,spin_density_only,1.368181818181818,2.2017310801492687,-4.87890977618477e-18,-6.982261990806649e-17,0.5473978806295526,-2.6169688838857734,0.5307153553724383,0.8806924320597075,5.0,5.0,8.50797538130986e-19
haxs.stage5c2gR32A.g1-deterministic.v1,limit_spin_density_zero_rect2x3,rect2x3_hole_2,4,surrogate,spin_density_only,1.4,2.1917141452290854,9.75781955236954e-18,-4.7704895589362195e-18,0.5427540555335307,-2.6539692275285462,0.5214358588278327,0.8766856580916341,5.0,5.0,8.462800290789631e-19
haxs.stage5c2gR32A.g1-deterministic.v1,limit_spin_density_zero_rect2x3,rect2x3_hole_2,8,surrogate,spin_density_only,0.0,2.5,0.0,0.0,1.0009775171065494,0.004243229276517941,1.2512218963831867,1.0,5.0,5.0,0.0
haxs.stage5c2gR32A.g1-deterministic.v1,limit_spin_density_zero_rect2x3,rect2x3_hole_2,8,surrogate,spin_density_only,0.031818181818181815,2.4997327571636436,3.382710778154774e-17,-2.42861286636753e-17,0.9807736028818467,-0.08431231525728318,1.2257049128919724,0.9998931028654574,5.0,5.0,8.01104938558734e-19
haxs.stage5c2gR32A.g1-deterministic.v1,limit_spin_density_zero_rect2x3,rect2x3_hole_2,8,surrogate,spin_density_only,0.06363636363636363,2.4989321465042758,-9.107298248878237e-18,-8.673617379884035e-19,0.9615293072309039,-0.17037474010330847,1.2008850808951683,0.9995728586017103,5.0,5.0,-6.02334540269725e-20
haxs.stage5c2gR32A.g1-deterministic.v1,limit_spin_density_zero_rect2x3,rect2x3_hole_2,8,surrogate,spin_density_only,0.09545454545454544,2.497601520444014,1.3010426069826053e-18,-1.5178830414797062e-17,0.9431892304381225,-0.254011667636864,1.176725403138747,0.9990406081776056,5.0,5.0,-2.0042681827475085e-18
haxs.stage5c2gR32A.g1-deterministic.v1,limit_spin_density_zero_rect2x3,rect2x3_hole_2,8,surrogate,spin_density_only,0.12727272727272726,2.4957464620525203,7.806255641895632e-17,1.214306433183765e-17,0.9256977354549643,-0.33530798689010927,1.1531880285260574,0.9982985848210081,5.0,5.0,-2.4093381610788993e-19
haxs.stage5c2gR32A.g1-deterministic.v1,limit_spin_density_zero_rect2x3,rect2x3_hole_2,8,surrogate,spin_density_only,0.15909090909090906,2.4933747767036443,-2.688821387764051e-17,2.168404344971009e-17,0.9089994005081472,-0.41436403198373,1.1302349064788229,0.9973499106814577,5.0,5.0,4.517509052022935e-19
haxs.stage5c2gR32A.g1-deterministic.v1,limit_spin_density_zero_rect2x3,rect2x3_hole_2,8,surrogate,spin_density_only,0.1909090909090909,2.4904964766514777,-3.8163916471489756e-17,4.336808689942018e-18,0.8930394421039511,-0.49129359577496806,1.1078284127615587,0.996198590660591,5.0,5.0,5.737236496069128e-19
haxs.stage5c2gR32A.g1-deterministic.v1,limit_spin_density_zero_rect2x3,rect2x3_hole_2,8,surrogate,spin_density_only,0.22272727272727272,2.4871237549022602,9.540979117872439e-18,-9.107298248878237e-17,0.877764111650132,-0.5662217973499131,1.0859319399750902,0.994849501960904,5.0,5.0,-3.7043574226588067e-19
haxs.stage5c2gR32A.g1-deterministic.v1,limit_spin_density_zero_rect2x3,rect2x3_hole_2,8,surrogate,spin_density_only,0.2545454545454545,2.4832709439407123,-4.2934406030425976e-17,3.5128150388530344e-17,0.8631210696809022,-0.6392828168167596,1.0645104471802789,0.993308377576285,5.0,5.0,-4.984318320731972e-19
haxs.stage5c2gR32A.g1-deterministic.v1,limit_spin_density_zero_rect2x3,rect2x3_hole_2,8,surrogate,spin_density_only,0.2863636363636363,2.4789544542805904,-3.0357660829594124e-18,2.168404344971009e-18,0.8490597415934613,-0.7106175082604559,1.0435309636397885,0.9915817817122361,5.0,5.0,6.866613759074863e-19
haxs.stage5c2gR32A.g1-deterministic.v1,limit_spin_density_zero_rect2x3,rect2x3_hole_2,8,surrogate,spin_density_only,0.3181818181818181,2.474192687544394,-1.734723475976807e-18,1.3010426069826053e-17,0.8355316578451998,-0.7803709027447008,1.022963041466433,0.9896770750177575,5.0,5.0,-2.861089066281195e-20
haxs.stage5c2gR32A.g1-deterministic.v1,limit_spin_density_zero_rect2x3,rect2x3_hole_2,8,surrogate,spin_density_only,0.35,2.469005918925602,-7.22078646875346e-17,2.5153490401663703e-17,0.822490779774118,-0.8486896184688376,1.0027791511735737,0.9876023675702408,5.0,5.0,-1.2347858075529358e-19
haxs.stage5c2gR32A.g1-deterministic.v1,limit_spin_density_zero_rect2x3,rect2x3_hole_2,8,surrogate,spin_density_only,0.3818181818181818,2.4634161445181646,6.895525817007808e-17,-5.074066167232161e-17,0.809893809760604,-0.9157192045254574,0.9829550129983641,0.9853664578072658,5.0,5.0,1.957587255876608e-20
haxs.stage5c2gR32A.g1-deterministic.v1,limit_spin_density_zero_rect2x3,rect2x3_hole_2,8,surrogate,spin_density_only,0.4136363636363636,2.457446890143924,-6.440160904563896e-17,-3.469446951953614e-17,0.7977004816352079,-0.9816014573058081,0.9634698557836228,0.9829787560575696,5.0,5.0,-2.8159139757609635e-19
haxs.stage5c2gR32A.g1-deterministic.v1,limit_spin_density_zero_rect2x3,rect2x3_hole_2,8,surrogate,spin_density_only,0.44545454545454544,2.451122979952394,-1.431146867680866e-17,2.47198095326695e-17,0.7858738244437491,-1.0464717628447893,0.9443065945942604,0.9804491919809577,5.0,5.0,-2.4394548880923855e-19
haxs.stage5c2gR32A.g1-deterministic.v1,limit_spin_density_zero_rect2x3,rect2x3_hole_2,8,surrogate,spin_density_only,0.47727272727272724,2.4444702651403913,9.75781955236954e-18,2.862293735361732e-17,0.7743803903532762,-1.1104565320636894,0.9254519185404568,0.9777881060561565,5.0,5.0,3.76459087668578e-19
haxs.stage5c2gR32A.g1-deterministic.v1,limit_spin_density_zero_rect2x3,rect2x3_hole_2,8,surrogate,spin_density_only,0.509090909090909,2.437515315518259,7.15573433840433e-18,-5.637851296924623e-18,0.7631904360593881,-1.1736708064234989,0.9068962818251304,0.9750061262073035,5.0,5.0,1.5224005505317295e-18
haxs.stage5c2gR32A.g1-deterministic.v1,limit_spin_density_zero_rect2x3,rect2x3_hole_2,8,surrogate,spin_density_only,0.5409090909090909,2.430285079166051,-3.7730235602495554e-17,5.377642775528102e-17,0.7522780468903704,-1.2362161165347558,0.8886337939960318,0.9721140316664204,5.0,5.0,9.637352644315597e-19
haxs.stage5c2gR32A.g1-deterministic.v1,limit_spin_density_zero_rect2x3,rect2x3_hole_2,8,surrogate,spin_density_only,0.5727272727272726,2.4228065178724685,-5.854691731421724e-18,3.642919299551295e-17,0.7416211940879562,-1.298178673965635,0.8706620096889857,0.9691226071489873,5.0,5.0,-9.923461550943715e-19
haxs.stage5c2gR32A.g1-deterministic.v1,limit_spin_density_zero_rect2x3,rect2x3_hole_2,8,surrogate,spin_density_only,0.6045454545454545,2.4151062282089564,-6.635317295611287e-17,-8.239936510889834e-18,0.7312017184487535,-1.3596279660691906,0.8529816234506682,0.9660424912835825,5.0,5.0,-4.848793049171286e-19
haxs.stage5c2gR32A.g1-deterministic.v1,limit_spin_density_zero_rect2x3,rect2x3_hole_2,8,surrogate,spin_density_only,0.6363636363636362,2.4072100597381683,-2.5587171270657905e-17,-7.025630077706069e-17,0.7210052373646799,-1.4206158056445584,0.8355960809296165,0.9628840238952673,5.0,5.0,2.5298050691328443e-19
haxs.stage5c2gR32A.g1-deterministic.v1,limit_spin_density_zero_rect2x3,rect2x3_hole_2,8,surrogate,spin_density_only,0.6681818181818181,2.399142742797545,1.7997756063259374e-17,3.469446951953614e-17,0.7110209768175478,-1.4811758635641863,0.8185111230589092,0.959657097119018,5.0,5.0,1.1293772630057339e-19
haxs.stage5c2gR32A.g1-deterministic.v1,limit_spin_density_zero_rect2x3,rect2x3_hole_2,8,surrogate,spin_density_only,0.7,2.390927538394091,3.7513395167998453e-17,-1.6479873021779667e-17,0.7012415344373535,-1.5413236861540514,0.801734284026459,0.9563710153576365,5.0,5.0,-2.213579435491238e-19
haxs.stage5c2gR32A.g1-deterministic.v1,limit_spin_density_zero_rect2x3,rect2x3_hole_2,8,surrogate,spin_density_only,0.7318181818181817,2.3825859219355117,-5.854691731421724e-17,2.5153490401663703e-17,0.6916625836749644,-1.6010571737179156,0.7852743661677989,0.9530343687742047,5.0,5.0,-4.562684142543166e-19
haxs.stage5c2gR32A.g1-deterministic.v1,limit_spin_density_zero_rect2x3,rect2x3_hole_2,8,surrogate,spin_density_only,0.7636363636363636,2.374137310843756,7.15573433840433e-18,3.122502256758253e-17,0.6822825319203114,-1.6603574756478243,0.7691409150232859,0.9496549243375023,5.0,5.0,7.800232296492934e-19
haxs.stage5c2gR32A.g1-deterministic.v1,limit_spin_density_zero_rect2x3,rect2x3_hole_2,8,surrogate,spin_density_only,0.7954545454545454,2.365598843689663,4.0332320816460765e-17,-1.2576745200831851e-17,0.673102146687002,-1.7191902436996234,0.7533437156499181,0.9462395374758652,5.0,5.0,1.6127507315721877e-18
haxs.stage5c2gR32A.g1-deterministic.v1,limit_spin_density_zero_rect2x3,rect2x3_hole_2,8,surrogate,spin_density_only,0.8272727272727272,2.356985215586107,-1.2902005852577503e-17,-3.5128150388530344e-17,0.6641241637374352,-1.7775071794378512,0.7378923272335824,0.9427940862344428,5.0,5.0,3.463423606550917e-20
haxs.stage5c2gR32A.g1-deterministic.v1,limit_spin_density_zero_rect2x3,rect2x3_hole_2,8,surrogate,spin_density_only,0.859090909090909,2.3483085714801746,-1.713039432527097e-17,1.3010426069826053e-18,0.6553528894833196,-1.8352478140466741,0.7227956678043795,0.9393234285920699,5.0,5.0,-1.9726456193833486e-19
haxs.stage5c2gR32A.g1-deterministic.v1,limit_spin_density_zero_rect2x3,rect2x3_hole_2,8,surrogate,spin_density_only,0.8909090909090909,2.3395784560180366,3.122502256758253e-17,1.0842021724855044e-17,0.6467938076356833,-1.8923414665451446,0.708061655298154,0.9358313824072146,5.0,5.0,1.1805756989286606e-18
haxs.stage5c2gR32A.g1-deterministic.v1,limit_spin_density_zero_rect2x3,rect2x3_hole_2,8,surrogate,spin_density_only,0.9227272727272726,2.330801816118702,2.938187887435717e-17,5.941427905220564e-17,0.6384531974827684,-1.9487093367067923,0.6936969062206865,0.9323207264474809,5.0,5.0,1.5058363506743121e-19
haxs.stage5c2gR32A.g1-deterministic.v1,limit_spin_density_zero_rect2x3,rect2x3_hole_2,8,surrogate,spin_density_only,0.9545454545454545,2.32198305052186,1.1828645701816853e-16,-1.0408340855860843e-17,0.6303377689043274,-2.004266698134449,0.6797064894728262,0.928793220208744,5.0,5.0,1.0224628821078576e-18
haxs.stage5c2gR32A.g1-deterministic.v1,limit_spin_density_zero_rect2x3,rect2x3_hole_2,8,surrogate,spin_density_only,0.9863636363636362,2.313124099499286,3.621235256101585e-17,-8.673617379884035e-18,0.6224543177015968,-2.0589251619707487,0.6660937308894058,0.9252496397997143,5.0,5.0,5.7522948595758715e-19
haxs.stage5c2gR32A.g1-deterministic.v1,limit_spin_density_zero_rect2x3,rect2x3_hole_2,8,surrogate,spin_density_only,1.018181818181818,2.30422456765443,-3.0791341698588326e-17,8.673617379884035e-18,0.6148094042114899,-2.1125949809174545,0.652860063761842,0.921689827061772,5.0,5.0,-7.619531934412015e-19
haxs.stage5c2gR32A.g1-deterministic.v1,limit_spin_density_zero_rect2x3,rect2x3_hole_2,8,surrogate,spin_density_only,1.0499999999999998,2.2952818731788436,3.2742905609062234e-17,-2.8189256484623115e-17,0.607409058403667,-2.1651873565549984,0.6400049217314814,0.9181127492715374,5.0,5.0,-3.9151745117532115e-19
haxs.stage5c2gR32A.g1-deterministic.v1,limit_spin_density_zero_rect2x3,rect2x3_hole_2,8,surrogate,spin_density_only,1.0818181818181818,2.286291417897895,-4.163336342344337e-17,-3.3393426912553537e-17,0.6002585154338227,-2.2166167020523213,0.6275256723820812,0.914516567159158,5.0,5.0,1.0555912818226927e-18
haxs.stage5c2gR32A.g1-deterministic.v1,limit_spin_density_zero_rect2x3,rect2x3_hole_2,8,surrogate,spin_density_only,1.1136363636363635,2.2772467736805844,2.962582436316641e-17,-6.938893903907228e-18,0.5933619865237413,-2.2668028001410137,0.6154175919435831,0.9108987094722337,5.0,5.0,-6.972022303622062e-19
haxs.stage5c2gR32A.g1-deterministic.v1,limit_spin_density_zero_rect2x3,rect2x3_hole_2,8,surrogate,spin_density_only,1.1454545454545453,2.268139882064148,5.692061405548898e-19,3.729655473350135e-17,0.586722470623711,-2.315672786133855,0.6036738831160742,0.9072559528256592,5.0,5.0,2.157863490516289e-18
haxs.stage5c2gR32A.g1-deterministic.v1,limit_spin_density_zero_rect2x3,rect2x3_hole_2,8,surrogate,spin_density_only,1.1772727272727272,2.258961265041849,-3.0899761915836876e-17,6.982261990806649e-17,0.5803416122502902,-2.3631628809003167,0.5922857386874268,0.9035845060167397,5.0,5.0,4.412100507475732e-19
haxs.stage5c2gR32A.g1-deterministic.v1,limit_spin_density_zero_rect2x3,rect2x3_hole_2,8,surrogate,spin_density_only,1.209090909090909,2.249700245738891,-2.2768245622195593e-18,6.114900252818245e-17,0.5742196100194976,-2.4092198011218184,0.5812424531663442,0.8998800982955564,5.0,5.0,-3.9151745117532105e-19
haxs.stage5c2gR32A.g1-deterministic.v1,limit_spin_density_zero_rect2x3,rect2x3_hole_2,8,surrogate,spin_density_only,1.2409090909090907,2.240345178090465,-2.844675450058842e-17,-4.2934406030425976e-17,0.5683551787534219,-2.453801784356007,0.5705315831710568,0.896138071236186,5.0,5.0,4.0657581468206416e-20
haxs.stage5c2gR32A.g1-deterministic.v1,limit_spin_density_zero_rect2x3,rect2x3_hole_2,8,surrogate,spin_density_only,1.2727272727272725,2.2308836846515634,2.1494308069525125e-17,1.6479873021779667e-17,0.5627455658449158,-2.496879183384097,0.560139155107868,0.8923534738606254,5.0,5.0,3.222489790443026e-19
haxs.stage5c2gR32A.g1-deterministic.v1,limit_spin_density_zero_rect2x3,rect2x3_hole_2,8,surrogate,spin_density_only,1.3045454545454545,2.2213029013820873,-1.0451708942760263e-16,-3.252606517456513e-17,0.5573866201544699,-2.538434605649908,0.5500499161728211,0.8885211605528349,5.0,5.0,-9.923461550943717e-19
haxs.stage5c2gR32A.g1-deterministic.v1,limit_spin_density_zero_rect2x3,rect2x3_hole_2,8,surrogate,spin_density_only,1.3363636363636362,2.2115897277714893,-4.7704895589362195e-18,1.5612511283791264e-17,0.5522729094489748,-2.578462596287171,0.5402476223586927,0.8846358911085958,5.0,5.0,-3.312839971483486e-19
haxs.stage5c2gR32A.g1-deterministic.v1,limit_spin_density_zero_rect2x3,rect2x3_hole_2,8,surrogate,spin_density_only,1.368181818181818,2.201731080110878,1.3823577699190182e-17,-2.0383000842727483e-17,0.5473978805852979,-2.6169688842368815,0.5307153553110245,0.8806924320443512,5.0,5.0,-1.4456028966473392e-19
haxs.stage5c2gR32A.g1-deterministic.v1,limit_spin_density_zero_rect2x3,rect2x3_hole_2,8,surrogate,spin_density_only,1.4,2.191714145188585,-7.26415455565288e-18,-2.5587171270657905e-17,0.5427540554892442,-2.6539692278829135,0.5214358587660145,0.876685658075434,5.0,5.0,9.787936279383031e-20
haxs.stage5c2gR32A.g1-deterministic.v1,limit_spin_density_zero_rect2x3,rect2x3_hole_3,1,surrogate,static_only,0.0,2.5,0.0,0.0,1.0009775171065494,0.004243229276517941,1.2512218963831867,1.0,5.0,5.0,0.0
haxs.stage5c2gR32A.g1-deterministic.v1,limit_spin_density_zero_rect2x3,rect2x3_hole_3,1,surrogate,static_only,0.031818181818181815,2.4997327574554995,7.979727989493313e-17,-1.8648277366750676e-17,0.9807736038813717,-0.08431231083130557,1.2257049144273255,0.9998931029821998,5.0,5.0,-7.529181753371532e-21
haxs.stage5c2gR32A.g1-deterministic.v1,limit_spin_density_zero_rect2x3,rect2x3_hole_3,1,surrogate,static_only,0.06363636363636363,2.4989321471359327,-1.9949319973733282e-17,-9.107298248878237e-18,0.9615293091081132,-0.17037473162450678,1.2008850838467728,0.9995728588543731,5.0,5.0,-1.671478349248486e-19
haxs.stage5c2gR32A.g1-deterministic.v1,limit_spin_density_zero_rect2x3,rect2x3_hole_3,1,surrogate,static_only,0.09545454545454544,2.4976015214642175,-2.3852447794681098e-17,2.211772431870429e-17,0.943189233082666,-0.2540116554599795,1.1767254073994082,0.999040608585687,5.0,5.0,-4.803617958651053e-19
haxs.stage5c2gR32A.g1-deterministic.v1,limit_spin_density_zero_rect2x3,rect2x3_hole_3,1,surrogate,static_only,0.12727272727272726,2.495746463511574,4.163336342344337e-17,8.023096076392733e-17,0.9256977387677457,-0.3353079713480736,1.1531880340012999,0.9982985854046296,5.0,5.0,-1.22575078944889e-18
haxs.stage5c2gR32A.g1-deterministic.v1,limit_spin_density_zero_rect2x3,rect2x3_hole_3,1,surrogate,static_only,0.15909090909090906,2.493374778654028,-1.8214596497756474e-17,-2.5587171270657905e-17,0.9089994044012021,-0.414364013383803,1.1302349130875826,0.9973499114616112,5.0,5.0,6.219104128284907e-19
haxs.stage5c2gR32A.g1-deterministic.v1,limit_spin_density_zero_rect2x3,rect2x3_hole_3,1,surrogate,static_only,0.1909090909090909,2.4904964791482325,-3.859759734048396e-17,-5.637851296924623e-18,0.8930394465005914,-0.49129357439364363,1.1078284204368796,0.996198591659293,5.0,5.0,1.0842021724855044e-19
haxs.stage5c2gR32A.g1-deterministic.v1,limit_spin_density_zero_rect2x3,rect2x3_hole_3,1,surrogate,static_only,0.22272727272727272,2.487123758003079,-3.2959746043559335e-17,3.0357660829594124e-18,0.8777641164854092,-0.5662217734262397,1.0859319486648555,0.9948495032012316,5.0,5.0,-4.412100507475734e-19
haxs.stage5c2gR32A.g1-deterministic.v1,limit_spin_density_zero_rect2x3,rect2x3_hole_3,1,surrogate,static_only,0.2545454545454545,2.4832709477055857,4.0332320816460765e-17,-8.673617379884035e-18,0.8631210749024397,-0.6392827905436791,1.0645104568479384,0.9933083790822342,5.0,5.0,-3.7645908766857785e-20
haxs.stage5c2gR32A.g1-deterministic.v1,limit_spin_density_zero_rect2x3,rect2x3_hole_3,1,surrogate,static_only,0.2863636363636363,2.478954458771025,-5.312590645178972e-17,8.673617379884035e-18,0.8490597471625211,-0.7106174797746874,1.0435309742649543,0.99158178350841,5.0,5.0,-5.842645040616329e-19
haxs.stage5c2gR32A.g1-deterministic.v1,limit_spin_density_zero_rect2x3,rect2x3_hole_3,1,surrogate,static_only,0.3181818181818181,2.4741926928221187,6.071532165918825e-18,-4.2500725161431774e-17,0.8355316637378382,-0.7803708721158155,1.022963053045128,0.9896770771288474,5.0,5.0,5.225252136839862e-19
haxs.stage5c2gR32A.g1-deterministic.v1,limit_spin_density_zero_rect2x3,rect2x3_hole_3,1,surrogate,static_only,0.35,2.4690059250507366,9.69276742202041e-17,-6.548581121812447e-17,0.8224907859822057,-0.8486895856886743,1.0027791637178711,0.9876023700202946,5.0,5.0,-6.038403766203991e-19
haxs.stage5c2gR32A.g1-deterministic.v1,limit_spin_density_zero_rect2x3,rect2x3_hole_3,1,surrogate,static_only,0.3818181818181818,2.463416151546988,6.613633252161577e-17,-3.0357660829594124e-17,0.8098938162923511,-0.9157191694998565,0.9829550265351374,0.9853664606187952,5.0,5.0,-7.529181753371562e-20
haxs.stage5c2gR32A.g1-deterministic.v1,limit_spin_density_zero_rect2x3,rect2x3_hole_3,1,surrogate,static_only,0.4136363636363636,2.457446898126248,-1.0842021724855044e-17,-6.938893903907228e-18,0.7977004885149541,-0.9816014198501982,0.9634698703521636,0.9829787592504993,5.0,5.0,8.628442289363806e-19
haxs.stage5c2gR32A.g1-deterministic.v1,limit_spin_density_zero_rect2x3,rect2x3_hole_3,1,surrogate,static_only,0.44545454545454544,2.4511229889287307,-4.336808689942018e-17,-1.8214596497756474e-17,0.7858738317107169,-1.04647172268562,0.9443066102426056,0.9804491955714922,5.0,5.0,2.846030702774449e-19
haxs.stage5c2gR32A.g1-deterministic.v1,limit_spin_density_zero_rect2x3,rect2x3_hole_3,1,surrogate,static_only,0.47727272727272724,2.4444702751391962,-2.7538735181131813e-17,6.5052130349130266e-18,0.7743803980590637,-1.1104564888474484,0.9254519353204376,0.9777881100556784,5.0,5.0,-7.544240116878303e-19
haxs.stage5c2gR32A.g1-deterministic.v1,limit_spin_density_zero_rect2x3,rect2x3_hole_3,1,surrogate,static_only,0.509090909090909,2.437515326553292,-4.96564594998361e-17,1.214306433183765e-17,0.7631904442642806,-1.1736707597334544,0.9068962997863104,0.9750061306213167,5.0,5.0,-6.264279218805137e-19
haxs.stage5c2gR32A.g1-deterministic.v1,limit_spin_density_zero_rect2x3,rect2x3_hole_3,1,surrogate,static_only,0.5409090909090909,2.4302850912341265,-2.8189256484623115e-17,0.0,0.752278055658592,-1.236216065915304,0.8886338131789403,0.9721140364936506,5.0,5.0,-3.824824330712752e-19
haxs.stage5c2gR32A.g1-deterministic.v1,limit_spin_density_zero_rect2x3,rect2x3_hole_3,1,surrogate,static_only,0.5727272727272726,2.422806530952004,-3.2959746043559335e-17,-6.852157730108388e-17,0.7416212034820604,-1.2981786189536204,0.8706620301181963,0.9691226123808017,5.0,5.0,4.698209414103852e-19
haxs.stage5c2gR32A.g1-deterministic.v1,limit_spin_density_zero_rect2x3,rect2x3_hole_3,1,surrogate,static_only,0.6045454545454545,2.4151062422592307,-1.0842021724855044e-18,3.686287386450715e-17,0.7312017285238019,-1.359627906228824,0.8529816451284117,0.9660424969036923,5.0,5.0,2.9062641568014214e-19
haxs.stage5c2gR32A.g1-deterministic.v1,limit_spin_density_zero_rect2x3,rect2x3_hole_3,1,surrogate,static_only,0.6363636363636362,2.4072100746996474,-8.955509944730267e-17,-4.423544863740858e-17,0.7210052481626223,-1.4206157406036053,0.8355961038306217,0.962884029879859,5.0,5.0,3.011672701348605e-21
haxs.stage5c2gR32A.g1-deterministic.v1,limit_spin_density_zero_rect2x3,rect2x3_hole_3,1,surrogate,static_only,0.6681818181818181,2.3991427585931975,6.613633252161577e-17,-2.168404344971009e-18,0.7110209883624421,-1.481175793047507,0.8185111471270756,0.959657103437279,5.0,5.0,5.571594497494954e-19
haxs.stage5c2gR32A.g1-deterministic.v1,limit_spin_density_zero_rect2x3,rect2x3_hole_3,1,surrogate,static_only,0.7,2.390927554931774,-1.8648277366750676e-17,3.7730235602495554e-17,0.7012415467318469,-1.541323610011519,0.8017343091737872,0.9563710219727095,5.0,5.0,2.3641630705586697e-19
haxs.stage5c2gR32A.g1-deterministic.v1,limit_spin_density_zero_rect2x3,rect2x3_hole_3,1,surrogate,static_only,0.7318181818181817,2.3825859391112174,2.7538735181131813e-17,1.8648277366750676e-17,0.6916625966983974,-1.601057091943866,0.7852743922757155,0.953034375644487,5.0,5.0,-2.6803887042002745e-19
haxs.stage5c2gR32A.g1-deterministic.v1,limit_spin_density_zero_rect2x3,rect2x3_hole_3,1,surrogate,static_only,0.7636363636363636,2.3741373285455656,2.667137344314341e-17,-3.209238430557093e-17,0.682282545628534,-1.6603573883906386,0.7691409419462282,0.9496549314182262,5.0,5.0,1.3386885157494632e-18
haxs.stage5c2gR32A.g1-deterministic.v1,limit_spin_density_zero_rect2x3,rect2x3_hole_3,1,surrogate,static_only,0.7954545454545454,2.3655988618020256,-9.540979117872439e-18,2.0383000842727483e-17,0.6731021610138866,-1.719190151260654,0.7533437432207848,0.9462395447208103,5.0,5.0,4.562684142543166e-19
haxs.stage5c2gR32A.g1-deterministic.v1,limit_spin_density_zero_rect2x3,rect2x3_hole_3,1,surrogate,static_only,0.8272727272727272,2.3569852339941533,3.5778671692021646e-17,2.6454533008646308e-17,0.6641241785978033,-1.7775070822606045,0.7378923552704519,0.9427940935976613,5.0,5.0,-2.2587545260114683e-20
haxs.stage5c2gR32A.g1-deterministic.v1,limit_spin_density_zero_rect2x3,rect2x3_hole_3,1,surrogate,static_only,0.859090909090909,2.34830859007385,-7.546047120499111e-17,1.431146867680866e-17,0.6553529047768688,-1.835247712698163,0.7227956961178473,0.93932343602954,5.0,5.0,-2.3807272704160867e-18
haxs.stage5c2gR32A.g1-deterministic.v1,limit_spin_density_zero_rect2x3,rect2x3_hole_3,1,surrogate,static_only,0.8909090909090909,2.339578474695583,-3.7947076036992655e-17,-2.7755575615628914e-17,0.6467938232516192,-1.8923413616907905,0.7080616836986483,0.9358313898782333,5.0,5.0,-5.842645040616329e-19
haxs.stage5c2gR32A.g1-deterministic.v1,limit_spin_density_zero_rect2x3,rect2x3_hole_3,1,surrogate,static_only,0.9227272727272726,2.330801834789579,2.883977778811442e-17,-1.951563910473908e-17,0.6384532133046097,-1.9487092290820156,0.6936969345252628,0.9323207339158316,5.0,5.0,3.794707603699265e-19
haxs.stage5c2gR32A.g1-deterministic.v1,limit_spin_density_zero_rect2x3,rect2x3_hole_3,1,surrogate,static_only,0.9545454545454545,2.321983069108921,-4.0115480381963664e-17,-5.334274688628682e-17,0.6303377848146419,-2.0042665885144633,0.6797065175111128,0.9287932276435684,5.0,5.0,-2.7857972487474764e-19
haxs.stage5c2gR32A.g1-deterministic.v1,limit_spin_density_zero_rect2x3,rect2x3_hole_3,1,surrogate,static_only,0.9863636363636362,2.3131241179403643,5.0415401020575956e-17,2.0383000842727483e-17,0.6224543335864007,-2.058925051140405,0.6660937585085615,0.9252496471761458,5.0,5.0,1.9877039828900914e-19
haxs.stage5c2gR32A.g1-deterministic.v1,limit_spin_density_zero_rect2x3,rect2x3_hole_3,1,surrogate,static_only,1.018181818181818,2.3042245859033903,1.9895109865109006e-17,-2.2551405187698492e-17,0.614809419964246,-2.11259486964175,0.6528600908305602,0.9216898343613561,5.0,5.0,9.833111369903256e-19
haxs.stage5c2gR32A.g1-deterministic.v1,limit_spin_density_zero_rect2x3,rect2x3_hole_3,1,surrogate,static_only,1.0499999999999998,2.295281891206401,-4.0766001685454967e-17,-3.469446951953614e-18,0.6074090739287842,-2.165187245551177,0.6400049481431631,0.9181127564825603,5.0,5.0,3.71941578616555e-19
haxs.stage5c2gR32A.g1-deterministic.v1,limit_spin_density_zero_rect2x3,rect2x3_hole_3,1,surrogate,static_only,1.0818181818181818,2.286291435692291,-6.884683795282953e-18,2.862293735361732e-17,0.6002585306497177,-2.216616591963435,0.6275256980573379,0.9145165742769163,5.0,5.0,-1.0043928458997661e-18
haxs.stage5c2gR32A.g1-deterministic.v1,limit_spin_density_zero_rect2x3,rect2x3_hole_3,1,surrogate,static_only,1.1136363636363635,2.277246791248291,9.025983085941824e-18,3.469446951953614e-17,0.5933620013654601,-2.2668026915112622,0.6154176168321942,0.9108987164993165,5.0,5.0,4.276575235915045e-19
haxs.stage5c2gR32A.g1-deterministic.v1,limit_spin_density_zero_rect2x3,rect2x3_hole_3,1,surrogate,static_only,1.1454545454545453,2.268139899430588,9.278060091044704e-17,1.1709383462843448e-17,0.5867224850451443,-2.31567267938579,0.603673907198453,0.9072559597722352,5.0,5.0,6.053462129710733e-19
haxs.stage5c2gR32A.g1-deterministic.v1,limit_spin_density_zero_rect2x3,rect2x3_hole_3,1,surrogate,static_only,1.1772727272727272,2.258961282252176,-1.1695830935687379e-17,2.3418766925686896e-17,0.5803416262259137,-2.3631627763147427,0.5922857619755693,0.9035845129008704,5.0,5.0,7.529181753371558e-19
haxs.stage5c2gR32A.g1-deterministic.v1,limit_spin_density_zero_rect2x3,rect2x3_hole_3,1,surrogate,static_only,1.209090909090909,2.2497002628585867,-8.670229248095018e-18,3.859759734048396e-17,0.5742196235456376,-2.4092196988207517,0.5812424757041522,0.8998801051434346,5.0,5.0,1.791945257302431e-18
haxs.stage5c2gR32A.g1-deterministic.v1,limit_spin_density_zero_rect2x3,rect2x3_hole_3,1,surrogate,static_only,1.2409090909090907,2.2403451952056437,-1.4277587358918487e-17,-2.7755575615628914e-17,0.5683551918489438,-2.453801684289833,0.5705316050339091,0.8961380780822574,5.0,5.0,1.1594939900192195e-19
haxs.stage5c2gR32A.g1-deterministic.v1,limit_spin_density_zero_rect2x3,rect2x3_hole_3,1,surrogate,static_only,1.2727272727272725,2.2308837018688297,-5.694771910980112e-17,-2.992397996059992e-17,0.562745578551247,-2.496879085323983,0.5601391764013085,0.8923534807475318,5.0,5.0,-8.327275019228943e-19
haxs.stage5c2gR32A.g1-deterministic.v1,limit_spin_density_zero_rect2x3,rect2x3_hole_3,1,surrogate,static_only,1.3045454545454545,2.2213029188276625,-7.697835424647081e-18,-4.336808689942018e-19,0.5573866325349685,-2.5384345091857674,0.550049937030277,0.888521167531065,5.0,5.0,5.149960319306146e-19
haxs.stage5c2gR32A.g1-deterministic.v1,limit_spin_density_zero_rect2x3,rect2x3_hole_3,1,surrogate,static_only,1.3363636363636362,2.211589745589554,-6.337161698177773e-17,8.673617379884035e-19,0.5522729215875992,-2.5784625008318725,0.5402476429382104,0.8846358982358217,5.0,5.0,2.9664976108283936e-19
haxs.stage5c2gR32A.g1-deterministic.v1,limit_spin_density_zero_rect2x3,rect2x3_hole_3,1,surrogate,static_only,1.368181818181818,2.2017310984611225,4.85722573273506e-17,4.163336342344337e-17,0.5473978925845815,-2.616968789036977,0.5307153757910716,0.880692439384449,5.0,5.0,-5.963111948670275e-19
haxs.stage5c2gR32A.g1-deterministic.v1,limit_spin_density_zero_rect2x3,rect2x3_hole_3,1,surrogate,static_only,1.4,2.191714164242898,-6.071532165918825e-18,2.3852447794681098e-17,0.5427540674676834,-2.653969132035265,0.5214358793404799,0.8766856656971592,5.0,5.0,-1.4064511515298072e-18
haxs.stage5c2gR32A.g1-deterministic.v1,limit_spin_density_zero_rect2x3,rect2x3_hole_3,2,surrogate,static_only,0.0,2.5,0.0,0.0,1.0009775171065494,0.004243229276517941,1.2512218963831867,1.0,5.0,5.0,0.0
haxs.stage5c2gR32A.g1-deterministic.v1,limit_spin_density_zero_rect2x3,rect2x3_hole_3,2,surrogate,static_only,0.031818181818181815,2.499732757173504,-7.979727989493313e-17,-5.074066167232161e-17,0.9807736029450653,-0.08431231497734587,1.225704912980649,0.9998931028694017,5.0,5.0,-4.366925416955498e-20
haxs.stage5c2gR32A.g1-deterministic.v1,limit_spin_density_zero_rect2x3,rect2x3_hole_3,2,surrogate,static_only,0.06363636363636363,2.4989321465270153,-4.9439619065339e-17,-3.9898639947466563e-17,0.9615293073496901,-0.17037473956678617,1.2008850810653795,0.9995728586108061,5.0,5.0,-6.731088487514173e-19
haxs.stage5c2gR32A.g1-deterministic.v1,limit_spin_density_zero_rect2x3,rect2x3_hole_3,2,surrogate,static_only,0.09545454545454544,2.4976015204826916,3.209238430557093e-17,6.982261990806649e-17,0.9431892306055409,-0.25401166686598065,1.176725403384064,0.9990406081930766,5.0,5.0,8.718792470404266e-19
haxs.stage5c2gR32A.g1-deterministic.v1,limit_spin_density_zero_rect2x3,rect2x3_hole_3,2,surrogate,static_only,0.12727272727272726,2.495746462110331,-3.5561831257524545e-17,-4.163336342344337e-17,0.9256977356647498,-0.3353079859058928,1.1531880288408218,0.9982985848441324,5.0,5.0,-7.78517393298619e-19
haxs.stage5c2gR32A.g1-deterministic.v1,limit_spin_density_zero_rect2x3,rect2x3_hole_3,2,surrogate,static_only,0.15909090909090906,2.4933747767839107,2.2551405187698492e-17,-5.117434254131581e-17,0.9089994007547326,-0.4143640308056139,1.1302349068581918,0.9973499107135643,5.0,5.0,-8.297158292215458e-19
haxs.stage5c2gR32A.g1-deterministic.v1,limit_spin_density_zero_rect2x3,rect2x3_hole_3,2,surrogate,static_only,0.1909090909090909,2.4904964767576994,-2.0816681711721685e-17,-1.734723475976807e-18,0.8930394423824629,-0.491293594420536,1.1078284132015563,0.9961985907030797,5.0,5.0,7.800232296492936e-19
haxs.stage5c2gR32A.g1-deterministic.v1,limit_spin_density_zero_rect2x3,rect2x3_hole_3,2,surrogate,static_only,0.22272727272727272,2.4871237550381204,-3.0357660829594124e-18,-3.599551212651875e-17,0.8777641119564206,-0.5662217958344783,1.0859319404726562,0.9948495020152481,5.0,5.0,-6.173929037764679e-19
haxs.stage5c2gR32A.g1-deterministic.v1,limit_spin_density_zero_rect2x3,rect2x3_hole_3,2,surrogate,static_only,0.2545454545454545,2.4832709441100262,-1.6479873021779667e-17,-1.951563910473908e-17,0.8631210700116152,-0.6392828151527191,1.0645104477333165,0.9933083776440105,5.0,5.0,8.282099928708715e-20
haxs.stage5c2gR32A.g1-deterministic.v1,limit_spin_density_zero_rect2x3,rect2x3_hole_3,2,surrogate,static_only,0.2863636363636363,2.4789544544872677,6.830473686658678e-17,5.377642775528102e-17,0.8490597419461049,-0.7106175064566822,1.043530964247207,0.9915817817949071,5.0,5.0,-6.716030124007431e-19
haxs.stage5c2gR32A.g1-deterministic.v1,limit_spin_density_zero_rect2x3,rect2x3_hole_3,2,surrogate,static_only,0.3181818181818181,2.4741926877923697,-1.3010426069826053e-17,-4.9873299934333204e-17,0.8355316582182015,-0.780370900805904,1.0229630421281615,0.9896770751169479,5.0,5.0,5.782411586589357e-19
haxs.stage5c2gR32A.g1-deterministic.v1,limit_spin_density_zero_rect2x3,rect2x3_hole_3,2,surrogate,static_only,0.35,2.4690059192186915,-9.93129189996722e-17,1.6046192152785466e-17,0.8224907801669105,-0.848689616394801,1.0027791518905402,0.9876023676874766,5.0,5.0,7.378598118304134e-20
haxs.stage5c2gR32A.g1-deterministic.v1,limit_spin_density_zero_rect2x3,rect2x3_hole_3,2,surrogate,static_only,0.3818181818181818,2.4634161448599525,1.6479873021779667e-17,-5.637851296924623e-18,0.8098938101736325,-0.9157192023106485,0.9829550137724112,0.985366457943981,5.0,5.0,-6.264279218805138e-19
haxs.stage5c2gR32A.g1-deterministic.v1,limit_spin_density_zero_rect2x3,rect2x3_hole_3,2,surrogate,static_only,0.4136363636363636,2.4574468905375526,4.5319650809894085e-17,-4.9873299934333204e-17,0.7977004820699484,-0.9816014549389374,0.9634698566173594,0.9829787562150211,5.0,5.0,-5.631827951521927e-19
haxs.stage5c2gR32A.g1-deterministic.v1,limit_spin_density_zero_rect2x3,rect2x3_hole_3,2,surrogate,static_only,0.44545454545454544,2.4511229804004326,-4.185020385794047e-17,8.673617379884035e-18,0.7858738249025917,-1.0464717603091045,0.9443065954908236,0.980449192160173,5.0,5.0,1.7618285302889447e-19
haxs.stage5c2gR32A.g1-deterministic.v1,limit_spin_density_zero_rect2x3,rect2x3_hole_3,2,surrogate,static_only,0.47727272727272724,2.444470265644632,-6.7220534694101275e-18,-3.382710778154774e-17,0.774380390839386,-1.1104565293374478,0.9254519195032014,0.9777881062578528,5.0,5.0,-9.51688573626165e-19
haxs.stage5c2gR32A.g1-deterministic.v1,limit_spin_density_zero_rect2x3,rect2x3_hole_3,2,surrogate,static_only,0.509090909090909,2.437515316079552,3.469446951953614e-18,-6.375108774214766e-17,0.76319043657647,-1.1736708034810375,0.9068962828572439,0.9750061264318208,5.0,5.0,1.2347858075529356e-19
haxs.stage5c2gR32A.g1-deterministic.v1,limit_spin_density_zero_rect2x3,rect2x3_hole_3,2,surrogate,static_only,0.5409090909090909,2.4302850797841593,1.8648277366750676e-17,4.336808689942018e-18,0.7522780474423747,-1.2362161133480027,0.8886337951001135,0.9721140319136637,5.0,5.0,3.583890514604862e-19
haxs.stage5c2gR32A.g1-deterministic.v1,limit_spin_density_zero_rect2x3,rect2x3_hole_3,2,surrogate,static_only,0.5727272727272726,2.42280651854602,-1.951563910473908e-17,-3.599551212651875e-17,0.7416211946786984,-1.2981786705062401,0.8706620108666121,0.9691226074184079,5.0,5.0,7.378598118304124e-20
haxs.stage5c2gR32A.g1-deterministic.v1,limit_spin_density_zero_rect2x3,rect2x3_hole_3,2,surrogate,static_only,0.6045454545454545,2.415106228935357,-9.107298248878237e-18,3.8163916471489756e-17,0.7312017190815813,-1.3596279623105343,0.8529816247020012,0.9660424915741428,5.0,5.0,1.2046690805394494e-19
haxs.stage5c2gR32A.g1-deterministic.v1,limit_spin_density_zero_rect2x3,rect2x3_hole_3,2,surrogate,static_only,0.6363636363636362,2.4072100605136235,-2.6020852139652106e-18,1.3877787807814457e-17,0.7210052380421256,-1.4206158015639927,0.8355960822530853,0.9628840242054494,5.0,5.0,6.279337582311881e-19
haxs.stage5c2gR32A.g1-deterministic.v1,limit_spin_density_zero_rect2x3,rect2x3_hole_3,2,surrogate,static_only,0.6681818181818181,2.399142743617182,4.228388472693467e-17,-2.7755575615628914e-17,0.7110209775410126,-1.4811758591452349,0.8185111244510133,0.9596570974468728,5.0,5.0,-3.6742406956453215e-19
haxs.stage5c2gR32A.g1-deterministic.v1,limit_spin_density_zero_rect2x3,rect2x3_hole_3,2,surrogate,static_only,0.7,2.3909275392520897,-2.233456475320139e-17,2.6020852139652106e-18,0.7012415352069092,-1.5413236813880213,0.8017342854817117,0.9563710157008358,5.0,5.0,-4.1561083278611005e-19
haxs.stage5c2gR32A.g1-deterministic.v1,limit_spin_density_zero_rect2x3,rect2x3_hole_3,2,surrogate,static_only,0.7318181818181817,2.382585922825308,9.974659986866641e-17,-3.642919299551295e-17,0.6916625844892441,-1.601057168605058,0.7852743676788201,0.9530343691301232,5.0,5.0,-1.2091865895914722e-18
haxs.stage5c2gR32A.g1-deterministic.v1,limit_spin_density_zero_rect2x3,rect2x3_hole_3,2,surrogate,static_only,0.7636363636363636,2.3741373117582873,-1.1058862159352145e-17,-1.474514954580286e-17,0.6822825327765064,-1.6603574701978716,0.7691409165810342,0.9496549247033149,5.0,5.0,3.3580150620037157e-19
haxs.stage5c2gR32A.g1-deterministic.v1,limit_spin_density_zero_rect2x3,rect2x3_hole_3,2,surrogate,static_only,0.7954545454545454,2.365598844621679,-5.7462715141731735e-18,4.466912950640278e-17,0.6731021475809407,-1.7191902379318118,0.7533437172440406,0.9462395378486717,5.0,5.0,3.5989488781116047e-19
haxs.stage5c2gR32A.g1-deterministic.v1,limit_spin_density_zero_rect2x3,rect2x3_hole_3,2,surrogate,static_only,0.8272727272727272,2.3569852165283884,6.028164079019405e-17,1.3010426069826053e-18,0.6641241646638002,-1.77750717338002,0.7378923288528371,0.9427940866113553,5.0,5.0,2.8309723392677066e-19
haxs.stage5c2gR32A.g1-deterministic.v1,limit_spin_density_zero_rect2x3,rect2x3_hole_3,2,surrogate,static_only,0.859090909090909,2.348308572425849,-9.725293487194975e-17,2.688821387764051e-17,0.6553528904358625,-1.8352478077342864,0.7227956694370953,0.9393234289703395,5.0,5.0,1.1082955540962931e-18
haxs.stage5c2gR32A.g1-deterministic.v1,limit_spin_density_zero_rect2x3,rect2x3_hole_3,2,surrogate,static_only,0.8909090909090909,2.339578456960744,-2.3852447794681098e-17,0.0,0.6467938086075448,-1.892341460019509,0.7080616569326869,0.9358313827842976,5.0,5.0,-6.85155539556812e-19
haxs.stage5c2gR32A.g1-deterministic.v1,limit_spin_density_zero_rect2x3,rect2x3_hole_3,2,surrogate,static_only,0.9227272727272726,2.3308018170528033,-3.5344990823027445e-17,5.5077470362263625e-17,0.6384531984667626,-1.9487093300133767,0.6936969078458406,0.9323207268211213,5.0,5.0,-1.189610717032706e-19
haxs.stage5c2gR32A.g1-deterministic.v1,limit_spin_density_zero_rect2x3,rect2x3_hole_3,2,surrogate,static_only,0.9545454545454545,2.3219830514425888,4.336808689942018e-18,2.211772431870429e-17,0.6303377698932254,-2.00426669132107,0.6797064910782197,0.9287932205770355,5.0,5.0,-1.8220619843159177e-19
haxs.stage5c2gR32A.g1-deterministic.v1,limit_spin_density_zero_rect2x3,rect2x3_hole_3,2,surrogate,static_only,0.9863636363636362,2.313124100402813,1.3010426069826053e-18,-1.5178830414797062e-17,0.6224543186884178,-2.0589251550855696,0.6660937324657759,0.9252496401611252,5.0,5.0,5.541477770481467e-19
haxs.stage5c2gR32A.g1-deterministic.v1,limit_spin_density_zero_rect2x3,rect2x3_hole_3,2,surrogate,static_only,1.018181818181818,2.304224568537959,-6.396792817664476e-18,3.209238430557093e-17,0.6148094051897299,-2.1125949740072762,0.652860065301289,0.9216898274151836,5.0,5.0,3.915174511753206e-20
haxs.stage5c2gR32A.g1-deterministic.v1,limit_spin_density_zero_rect2x3,rect2x3_hole_3,2,surrogate,static_only,1.0499999999999998,2.295281874040651,3.008661028647275e-17,8.239936510889834e-18,0.6074090593675191,-2.165187349663503,0.6400049232276616,0.9181127496162604,5.0,5.0,-2.9213225203081645e-19
haxs.stage5c2gR32A.g1-deterministic.v1,limit_spin_density_zero_rect2x3,rect2x3_hole_3,2,surrogate,static_only,1.0818181818181818,2.286291418737379,6.5052130349130266e-18,-2.2551405187698492e-17,0.6002585163783619,-2.2166166952184625,0.6275256738303585,0.9145165674949516,5.0,5.0,-6.369687763352339e-19
haxs.stage5c2gR32A.g1-deterministic.v1,limit_spin_density_zero_rect2x3,rect2x3_hole_3,2,surrogate,static_only,1.1136363636363635,2.2772467744983014,-2.0599841277224584e-18,6.288372600415926e-17,0.5933619874450853,-2.2668027933974972,0.615417593341144,0.9108987097993205,5.0,5.0,-5.421010862427527e-20
haxs.stage5c2gR32A.g1-deterministic.v1,limit_spin_density_zero_rect2x3,rect2x3_hole_3,2,surrogate,static_only,1.1454545454545453,2.2681398828618597,-1.8106176280507924e-17,-2.2985086056692694e-17,0.5867224715191551,-2.3156727795057392,0.6036738844620172,0.9072559531447439,5.0,5.0,4.261516872408302e-19
haxs.stage5c2gR32A.g1-deterministic.v1,limit_spin_density_zero_rect2x3,rect2x3_hole_3,2,surrogate,static_only,1.1772727272727272,2.258961265822596,4.163336342344337e-17,1.3010426069826053e-18,0.580341613118398,-2.363162874403894,0.5922857399828155,0.9035845063290384,5.0,5.0,-5.902878494643303e-19
haxs.stage5c2gR32A.g1-deterministic.v1,limit_spin_density_zero_rect2x3,rect2x3_hole_3,2,surrogate,static_only,1.209090909090909,2.249700246506976,2.3117223196464365e-17,-4.119968255444917e-17,0.5742196108602025,-2.4092197947633895,0.5812424544142226,0.8998800986027904,5.0,5.0,1.5615522956492611e-18
haxs.stage5c2gR32A.g1-deterministic.v1,limit_spin_density_zero_rect2x3,rect2x3_hole_3,2,surrogate,static_only,1.2409090909090907,2.240345178851514,-4.342229700804445e-17,3.686287386450715e-17,0.5683551795680429,-2.4538017781312833,0.5705315843764184,0.8961380715406057,5.0,5.0,1.2694200436184448e-18
haxs.stage5c2gR32A.g1-deterministic.v1,limit_spin_density_zero_rect2x3,rect2x3_hole_3,2,surrogate,static_only,1.2727272727272725,2.2308836854124836,2.676624113323589e-17,-3.469446951953614e-18,0.5627455666361699,-2.496879177277655,0.5601391562775674,0.8923534741649934,5.0,5.0,-3.960349602273439e-19
haxs.stage5c2gR32A.g1-deterministic.v1,limit_spin_density_zero_rect2x3,rect2x3_hole_3,2,surrogate,static_only,1.3045454545454545,2.2213029021510335,2.336455681706262e-17,-8.673617379884035e-18,0.5573866209264168,-2.5384345996351914,0.5500499173154275,0.8885211608604134,5.0,5.0,4.924084866705001e-19
haxs.stage5c2gR32A.g1-deterministic.v1,limit_spin_density_zero_rect2x3,rect2x3_hole_3,2,surrogate,static_only,1.3363636363636362,2.211589728557721,4.3259666682171627e-17,-1.1709383462843448e-17,0.5522729102069458,-2.5784625903266645,0.5402476234842812,0.8846358914230883,5.0,5.0,-6.053462129710733e-19
haxs.stage5c2gR32A.g1-deterministic.v1,limit_spin_density_zero_rect2x3,rect2x3_hole_3,2,surrogate,static_only,1.368181818181818,2.20173108092464,2.3201926491189795e-17,7.37257477290143e-18,0.5473978813357486,-2.6169688782829565,0.5307153564309103,0.880692432369856,5.0,5.0,7.258131210250184e-19
haxs.stage5c2gR32A.g1-deterministic.v1,limit_spin_density_zero_rect2x3,rect2x3_hole_3,2,surrogate,static_only,1.4,2.191714146040852,-4.0223900599212215e-17,3.9898639947466563e-17,0.5427540562396113,-2.653969221878716,0.5214358598924386,0.8766856584163408,5.0,5.0,-4.397042143968991e-19
haxs.stage5c2gR32A.g1-deterministic.v1,limit_spin_density_zero_rect2x3,rect2x3_hole_3,4,surrogate,static_only,0.0,2.5,0.0,0.0,1.0009775171065494,0.004243229276517941,1.2512218963831867,1.0,5.0,5.0,0.0
haxs.stage5c2gR32A.g1-deterministic.v1,limit_spin_density_zero_rect2x3,rect2x3_hole_3,4,surrogate,static_only,0.031818181818181815,2.49973275716398,2.168404344971009e-17,3.7730235602495554e-17,0.9807736028855955,-0.08431231524068328,1.2257049128969872,0.999893102865592,5.0,5.0,-1.295019261579908e-19
haxs.stage5c2gR32A.g1-deterministic.v1,limit_spin_density_zero_rect2x3,rect2x3_hole_3,4,surrogate,static_only,0.06363636363636363,2.4989321465051337,-2.168404344971009e-17,2.47198095326695e-17,0.9615293072379453,-0.1703747400715047,1.200885080904787,0.9995728586020535,5.0,5.0,6.384746126859082e-19
haxs.stage5c2gR32A.g1-deterministic.v1,limit_spin_density_zero_rect2x3,rect2x3_hole_3,4,surrogate,static_only,0.09545454545454544,2.497601520445576,-9.410874857174178e-17,-2.7321894746634712e-17,0.943189230448045,-0.25401166759117555,1.176725403152598,0.9990406081782304,5.0,5.0,4.351867053448761e-19
haxs.stage5c2gR32A.g1-deterministic.v1,limit_spin_density_zero_rect2x3,rect2x3_hole_3,4,surrogate,static_only,0.12727272727272726,2.4957464620549676,-1.3010426069826053e-17,2.949029909160572e-17,0.9256977354674031,-0.335307986831752,1.1531880285438147,0.9982985848219871,5.0,5.0,-1.1143188994989906e-19
haxs.stage5c2gR32A.g1-deterministic.v1,limit_spin_density_zero_rect2x3,rect2x3_hole_3,4,surrogate,static_only,0.15909090909090906,2.493374776707179,-7.589415207398531e-17,2.6454533008646308e-17,0.9089994005227681,-0.4143640319138756,1.1302349065002069,0.9973499106828717,5.0,5.0,2.1382876179575235e-19
haxs.stage5c2gR32A.g1-deterministic.v1,limit_spin_density_zero_rect2x3,rect2x3_hole_3,4,surrogate,static_only,0.1909090909090909,2.4904964766563085,3.9898639947466563e-17,-5.637851296924623e-18,0.8930394421204654,-0.49129359569465764,1.1078284127863427,0.9961985906625234,5.0,5.0,-3.2977816079767435e-19
haxs.stage5c2gR32A.g1-deterministic.v1,limit_spin_density_zero_rect2x3,rect2x3_hole_3,4,surrogate,static_only,0.22272727272727272,2.487123754908607,-2.7755575615628914e-17,-2.688821387764051e-17,0.8777641116682915,-0.5662217972600648,1.0859319400030987,0.9948495019634429,5.0,5.0,-9.035018104045882e-21
haxs.stage5c2gR32A.g1-deterministic.v1,limit_spin_density_zero_rect2x3,rect2x3_hole_3,4,surrogate,static_only,0.2545454545454545,2.483270943948795,-5.984795992119984e-17,4.2500725161431774e-17,0.8631210697005117,-0.6392828167180907,1.0645104472113935,0.9933083775795181,5.0,5.0,-8.432683563776148e-20
haxs.stage5c2gR32A.g1-deterministic.v1,limit_spin_density_zero_rect2x3,rect2x3_hole_3,4,surrogate,static_only,0.2863636363636363,2.478954454290649,7.611099250848241e-17,1.3877787807814457e-17,0.849059741614367,-0.7106175081535231,1.0435309636739512,0.9915817817162595,5.0,5.0,-4.186225054874586e-19
haxs.stage5c2gR32A.g1-deterministic.v1,limit_spin_density_zero_rect2x3,rect2x3_hole_3,4,surrogate,static_only,0.3181818181818181,2.4741926875566587,-1.9949319973733282e-17,-3.903127820947816e-18,0.8355316578673094,-0.7803709026297787,1.0229630415036444,0.9896770750226634,5.0,5.0,-1.179069862577986e-18
haxs.stage5c2gR32A.g1-deterministic.v1,limit_spin_density_zero_rect2x3,rect2x3_hole_3,4,surrogate,static_only,0.35,2.469005918940298,2.47198095326695e-17,-1.6479873021779667e-17,0.8224907797973972,-0.8486896183459182,1.0027791512138933,0.9876023675761193,5.0,5.0,-4.803617958651056e-19
haxs.stage5c2gR32A.g1-deterministic.v1,limit_spin_density_zero_rect2x3,rect2x3_hole_3,4,surrogate,static_only,0.3818181818181818,2.463416144535504,-1.1796119636642288e-16,-1.9949319973733282e-17,0.8098938097850777,-0.9157192043942202,0.9829550130419051,0.9853664578142016,5.0,5.0,-5.210193773333119e-19
haxs.stage5c2gR32A.g1-deterministic.v1,limit_spin_density_zero_rect2x3,rect2x3_hole_3,4,surrogate,static_only,0.4136363636363636,2.4574468901641024,7.936359902593892e-17,3.469446951953614e-17,0.7977004816609555,-0.9816014571656295,0.9634698558305435,0.982978756065641,5.0,5.0,1.9575872558766016e-20
haxs.stage5c2gR32A.g1-deterministic.v1,limit_spin_density_zero_rect2x3,rect2x3_hole_3,4,surrogate,static_only,0.44545454545454544,2.4511229799755516,-1.3010426069826053e-17,-8.673617379884035e-19,0.7858738244709176,-1.0464717626946491,0.9443065946447491,0.9804491919902206,5.0,5.0,-3.267664880963257e-19
haxs.stage5c2gR32A.g1-deterministic.v1,limit_spin_density_zero_rect2x3,rect2x3_hole_3,4,surrogate,static_only,0.47727272727272724,2.444470265166641,-8.673617379884035e-18,-9.974659986866641e-18,0.7743803903820454,-1.1104565319023436,0.9254519185947144,0.9777881060666564,5.0,5.0,3.2224897904430267e-19
haxs.stage5c2gR32A.g1-deterministic.v1,limit_spin_density_zero_rect2x3,rect2x3_hole_3,4,surrogate,static_only,0.509090909090909,2.4375153155476577,3.5561831257524545e-17,-4.5536491244391186e-17,0.7631904360899704,-1.1736708062494696,0.9068962818833473,0.975006126219063,5.0,5.0,-8.959726286512157e-19
haxs.stage5c2gR32A.g1-deterministic.v1,limit_spin_density_zero_rect2x3,rect2x3_hole_3,4,surrogate,static_only,0.5409090909090909,2.430285079198565,4.9873299934333204e-17,3.903127820947816e-18,0.7522780469230085,-1.236216116346334,0.8886337940583633,0.972114031679426,5.0,5.0,3.177314699922798e-19
haxs.stage5c2gR32A.g1-deterministic.v1,limit_spin_density_zero_rect2x3,rect2x3_hole_3,4,surrogate,static_only,0.5727272727272726,2.4228065179080214,-2.0816681711721685e-17,-2.7755575615628914e-17,0.7416211941228689,-1.2981786737611858,0.8706620097555258,0.9691226071632085,5.0,5.0,8.131516293641283e-19
haxs.stage5c2gR32A.g1-deterministic.v1,limit_spin_density_zero_rect2x3,rect2x3_hole_3,4,surrogate,static_only,0.6045454545454545,2.4151062282474034,4.83554168928535e-17,-3.0357660829594124e-18,0.7312017184861294,-1.3596279658471984,0.852981623521427,0.9660424912989614,5.0,5.0,-5.421010862427521e-19
haxs.stage5c2gR32A.g1-deterministic.v1,limit_spin_density_zero_rect2x3,rect2x3_hole_3,4,surrogate,static_only,0.6363636363636362,2.4072100597792776,-2.3201926491189795e-17,2.0816681711721685e-17,0.7210052374046699,-1.4206158054036802,0.835596081004502,0.962884023911711,5.0,5.0,-3.1622563364160554e-19
haxs.stage5c2gR32A.g1-deterministic.v1,limit_spin_density_zero_rect2x3,rect2x3_hole_3,4,surrogate,static_only,0.6681818181818181,2.3991427428410237,2.992397996059992e-17,2.992397996059992e-17,0.711020976860233,-1.4811758633034635,0.8185111231377143,0.9596570971364095,5.0,5.0,2.0328790734103206e-19
haxs.stage5c2gR32A.g1-deterministic.v1,limit_spin_density_zero_rect2x3,rect2x3_hole_3,4,surrogate,static_only,0.7,2.3909275384396,-5.4643789493269423e-17,-1.3010426069826053e-17,0.7012415344827326,-1.5413236858730082,0.8017342841088616,0.95637101537584,5.0,5.0,6.2341624917916505e-19
haxs.stage5c2gR32A.g1-deterministic.v1,limit_spin_density_zero_rect2x3,rect2x3_hole_3,4,surrogate,static_only,0.7318181818181817,2.3825859219826686,-6.830473686658678e-17,-3.642919299551295e-17,0.6916625837229515,-1.6010571734166044,0.7852743662533657,0.9530343687930675,5.0,5.0,9.185601739113303e-20
haxs.stage5c2gR32A.g1-deterministic.v1,limit_spin_density_zero_rect2x3,rect2x3_hole_3,4,surrogate,static_only,0.7636363636363636,2.3741373108921353,-3.903127820947816e-18,8.890457814381136e-17,0.6822825319707438,-1.6603574753268058,0.7691409151114852,0.9496549243568542,5.0,5.0,-6.354629399845596e-19
haxs.stage5c2gR32A.g1-deterministic.v1,limit_spin_density_zero_rect2x3,rect2x3_hole_3,4,surrogate,static_only,0.7954545454545454,2.36559884373884,1.0039712117215771e-16,-1.734723475976807e-18,0.6731021467396313,-1.7191902433600519,0.7533437157401431,0.946239537495536,5.0,5.0,9.050076467552613e-19
haxs.stage5c2gR32A.g1-deterministic.v1,limit_spin_density_zero_rect2x3,rect2x3_hole_3,4,surrogate,static_only,0.8272727272727272,2.356985215635639,-2.992397996059992e-17,5.334274688628682e-17,0.6641241637919572,-1.7775071790813126,0.737892327325174,0.9427940862542556,5.0,5.0,-9.471710645741422e-19
haxs.stage5c2gR32A.g1-deterministic.v1,limit_spin_density_zero_rect2x3,rect2x3_hole_3,4,surrogate,static_only,0.859090909090909,2.3483085715296843,-3.5236570605778894e-17,-1.8214596497756474e-17,0.6553528895393514,-1.8352478136753578,0.7227956678966553,0.9393234286118737,5.0,5.0,-1.2046690805394495e-18
haxs.stage5c2gR32A.g1-deterministic.v1,limit_spin_density_zero_rect2x3,rect2x3_hole_3,4,surrogate,static_only,0.8909090909090909,2.339578456067134,2.3635607360183997e-17,3.0357660829594124e-18,0.6467938076928313,-1.8923414661614197,0.7080616553904339,0.9358313824268537,5.0,5.0,-1.295019261579908e-19
haxs.stage5c2gR32A.g1-deterministic.v1,limit_spin_density_zero_rect2x3,rect2x3_hole_3,4,surrogate,static_only,0.9227272727272726,2.3308018161670594,3.0140820395097023e-17,3.0357660829594124e-17,0.6384531975406108,-1.9487093363133314,0.6936969063123183,0.9323207264668237,5.0,5.0,8.628442289363808e-19
haxs.stage5c2gR32A.g1-deterministic.v1,limit_spin_density_zero_rect2x3,rect2x3_hole_3,4,surrogate,static_only,0.9545454545454545,2.3219830505691985,-4.2392304944183223e-17,-5.2475385148298415e-17,0.6303377689624405,-2.0042666977340566,0.6797064895632053,0.9287932202276794,5.0,5.0,2.6201552501733027e-19
haxs.stage5c2gR32A.g1-deterministic.v1,limit_spin_density_zero_rect2x3,rect2x3_hole_3,4,surrogate,static_only,0.9863636363636362,2.313124099545382,-5.5294310796760726e-18,-1.8648277366750676e-17,0.622454317759573,-2.0589251615662407,0.6660937309779946,0.9252496398181528,5.0,5.0,-2.2587545260114695e-20
haxs.stage5c2gR32A.g1-deterministic.v1,limit_spin_density_zero_rect2x3,rect2x3_hole_3,4,surrogate,static_only,1.018181818181818,2.3042245676991158,1.0028870095490916e-17,-3.0357660829594124e-18,0.6148094042689546,-2.1125949805115303,0.6528600638481848,0.9216898270796463,5.0,5.0,-7.017197394142292e-19
haxs.stage5c2gR32A.g1-deterministic.v1,limit_spin_density_zero_rect2x3,rect2x3_hole_3,4,surrogate,static_only,1.0499999999999998,2.295281873222022,1.734723475976807e-17,2.42861286636753e-17,0.6074090584602817,-2.1651873561502057,0.6400049218152135,0.9181127492888088,5.0,5.0,3.975407965780184e-19
haxs.stage5c2gR32A.g1-deterministic.v1,limit_spin_density_zero_rect2x3,rect2x3_hole_3,4,surrogate,static_only,1.0818181818181818,2.2862914179395295,1.6696713456276768e-17,-1.9949319973733282e-17,0.6002585154893049,-2.216616701650901,0.6275256724629389,0.9145165671758118,5.0,5.0,6.731088487514172e-19
haxs.stage5c2gR32A.g1-deterministic.v1,limit_spin_density_zero_rect2x3,rect2x3_hole_3,4,surrogate,static_only,1.1136363636363635,2.277246773720725,-1.4013313079375145e-17,1.431146867680866e-17,0.5933619865778603,-2.2668027997449047,0.6154175920214096,0.9108987094882901,5.0,5.0,3.629065605125092e-19
haxs.stage5c2gR32A.g1-deterministic.v1,limit_spin_density_zero_rect2x3,rect2x3_hole_3,4,surrogate,static_only,1.1454545454545453,2.2681398821028917,-2.8080836267374565e-17,-4.423544863740858e-17,0.5867224706763193,-2.3156727857444457,0.6036738831908262,0.9072559528411567,5.0,5.0,4.532567415529679e-19
haxs.stage5c2gR32A.g1-deterministic.v1,limit_spin_density_zero_rect2x3,rect2x3_hole_3,4,surrogate,static_only,1.1772727272727272,2.258961265079394,-2.8772015152334074e-17,-1.6479873021779667e-17,0.580341612301301,-2.3631628805185816,0.5922857387591757,0.9035845060317577,5.0,5.0,1.355252715606882e-20
haxs.stage5c2gR32A.g1-deterministic.v1,limit_spin_density_zero_rect2x3,rect2x3_hole_3,4,surrogate,static_only,1.209090909090909,2.2497002457754918,5.954980432376633e-17,-1.734723475976807e-17,0.5742196100689139,-2.409219800748073,0.5812424532352776,0.8998800983101967,5.0,5.0,1.8521787113294038e-19
haxs.stage5c2gR32A.g1-deterministic.v1,limit_spin_density_zero_rect2x3,rect2x3_hole_3,4,surrogate,static_only,1.2409090909090907,2.2403451781264567,-1.1777146098623792e-17,-3.642919299551295e-17,0.5683551788013269,-2.4538017839899533,0.5705315832374767,0.8961380712505826,5.0,5.0,6.972022303622061e-19
haxs.stage5c2gR32A.g1-deterministic.v1,limit_spin_density_zero_rect2x3,rect2x3_hole_3,4,surrogate,static_only,1.2727272727272725,2.2308836846873565,2.4082840756334267e-17,-3.903127820947816e-18,0.562745565891475,-2.4968791830247805,0.5601391551721859,0.8923534738749426,5.0,5.0,-1.7256884578727615e-18
haxs.stage5c2gR32A.g1-deterministic.v1,limit_spin_density_zero_rect2x3,rect2x3_hole_3,4,surrogate,static_only,1.3045454545454545,2.221302901418179,-7.958043946043603e-17,-9.540979117872439e-18,0.5573866201999209,-2.5384346052957714,0.5500499162355481,0.8885211605672716,5.0,5.0,1.7015950762619717e-19
haxs.stage5c2gR32A.g1-deterministic.v1,limit_spin_density_zero_rect2x3,rect2x3_hole_3,4,surrogate,static_only,1.3363636363636362,2.2115897278084216,-4.336808689942018e-17,1.8648277366750676e-17,0.5522729094936392,-2.5784625959359406,0.5402476224204282,0.8846358911233686,5.0,5.0,-5.119843592292661e-20
haxs.stage5c2gR32A.g1-deterministic.v1,limit_spin_density_zero_rect2x3,rect2x3_hole_3,4,surrogate,static_only,1.368181818181818,2.2017310801492687,-7.047314121155779e-19,-8.673617379884035e-19,0.547397880629553,-2.6169688838857708,0.5307153553724386,0.8806924320597075,5.0,5.0,-6.053462129710733e-19
haxs.stage5c2gR32A.g1-deterministic.v1,limit_spin_density_zero_rect2x3,rect2x3_hole_3,4,surrogate,static_only,1.4,2.191714145229086,6.505213034913027e-19,-2.7755575615628914e-17,0.5427540555335302,-2.6539692275285507,0.5214358588278325,0.8766856580916343,5.0,5.0,4.24645850890156e-19
haxs.stage5c2gR32A.g1-deterministic.v1,limit_spin_density_zero_rect2x3,rect2x3_hole_3,8,surrogate,static_only,0.0,2.5,0.0,0.0,1.0009775171065494,0.004243229276517941,1.2512218963831867,1.0,5.0,5.0,0.0
haxs.stage5c2gR32A.g1-deterministic.v1,limit_spin_density_zero_rect2x3,rect2x3_hole_3,8,surrogate,static_only,0.031818181818181815,2.4997327571636445,4.7704895589362195e-18,8.239936510889834e-18,0.9807736028818458,-0.08431231525728711,1.2257049128919721,0.9998931028654579,5.0,5.0,-6.625679942966972e-20
haxs.stage5c2gR32A.g1-deterministic.v1,limit_spin_density_zero_rect2x3,rect2x3_hole_3,8,surrogate,static_only,0.06363636363636363,2.498932146504271,5.5077470362263625e-17,-1.5612511283791264e-17,0.9615293072309078,-0.17037474010329093,1.2008850808951683,0.9995728586017083,5.0,5.0,5.4210108624275204e-20
haxs.stage5c2gR32A.g1-deterministic.v1,limit_spin_density_zero_rect2x3,rect2x3_hole_3,8,surrogate,static_only,0.09545454545454544,2.49760152044401,-2.862293735361732e-17,4.9873299934333204e-17,0.9431892304381255,-0.25401166763685024,1.176725403138747,0.999040608177604,5.0,5.0,1.0540854454720187e-19
haxs.stage5c2gR32A.g1-deterministic.v1,limit_spin_density_zero_rect2x3,rect2x3_hole_3,8,surrogate,static_only,0.12727272727272726,2.4957464620525203,5.854691731421724e-17,2.2551405187698492e-17,0.9256977354549646,-0.33530798689010766,1.1531880285260576,0.9982985848210081,5.0,5.0,-8.432683563776146e-20
haxs.stage5c2gR32A.g1-deterministic.v1,limit_spin_density_zero_rect2x3,rect2x3_hole_3,8,surrogate,static_only,0.15909090909090906,2.493374776703642,3.903127820947816e-18,-9.107298248878237e-18,0.9089994005081488,-0.4143640319837226,1.1302349064788229,0.9973499106814568,5.0,5.0,4.1862250548745866e-19
haxs.stage5c2gR32A.g1-deterministic.v1,limit_spin_density_zero_rect2x3,rect2x3_hole_3,8,surrogate,static_only,0.1909090909090909,2.490496476651481,3.165870343657673e-17,6.071532165918825e-18,0.8930394421039485,-0.491293595774981,1.1078284127615587,0.9961985906605925,5.0,5.0,-9.547002463275136e-19
haxs.stage5c2gR32A.g1-deterministic.v1,limit_spin_density_zero_rect2x3,rect2x3_hole_3,8,surrogate,static_only,0.22272727272727272,2.487123754902263,5.334274688628682e-17,-1.474514954580286e-17,0.8777641116501301,-0.5662217973499224,1.0859319399750902,0.9948495019609052,5.0,5.0,4.6229175965701345e-19
haxs.stage5c2gR32A.g1-deterministic.v1,limit_spin_density_zero_rect2x3,rect2x3_hole_3,8,surrogate,static_only,0.2545454545454545,2.4832709439407084,4.0766001685454967e-17,-8.673617379884035e-18,0.863121069680905,-0.6392828168167455,1.0645104471802789,0.9933083775762833,5.0,5.0,-6.369687763352339e-19
haxs.stage5c2gR32A.g1-deterministic.v1,limit_spin_density_zero_rect2x3,rect2x3_hole_3,8,surrogate,static_only,0.2863636363636363,2.478954454280593,2.8406096919120216e-17,8.239936510889834e-18,0.8490597415934598,-0.7106175082604639,1.043530963639789,0.9915817817122372,5.0,5.0,7.15272266570298e-19
haxs.stage5c2gR32A.g1-deterministic.v1,limit_spin_density_zero_rect2x3,rect2x3_hole_3,8,surrogate,static_only,0.3181818181818181,2.474192687544393,6.591949208711867e-17,1.3010426069826053e-18,0.8355316578452004,-0.7803709027446972,1.022963041466433,0.9896770750177571,5.0,5.0,2.7105054312137587e-20
haxs.stage5c2gR32A.g1-deterministic.v1,limit_spin_density_zero_rect2x3,rect2x3_hole_3,8,surrogate,static_only,0.35,2.4690059189255957,4.618701254788249e-17,5.204170427930421e-18,0.8224907797741225,-0.8486896184688136,1.0027791511735742,0.9876023675702383,5.0,5.0,-8.583267198843576e-20
haxs.stage5c2gR32A.g1-deterministic.v1,limit_spin_density_zero_rect2x3,rect2x3_hole_3,8,surrogate,static_only,0.3818181818181818,2.463416144518166,-1.192622389734055e-16,3.209238430557093e-17,0.8098938097606032,-0.9157192045254615,0.9829550129983641,0.9853664578072664,5.0,5.0,-8.35739174624243e-19
haxs.stage5c2gR32A.g1-deterministic.v1,limit_spin_density_zero_rect2x3,rect2x3_hole_3,8,surrogate,static_only,0.4136363636363636,2.4574468901439244,-7.806255641895632e-18,7.37257477290143e-18,0.7977004816352076,-0.9816014573058098,0.9634698557836227,0.9829787560575698,5.0,5.0,3.4031901525239444e-19
haxs.stage5c2gR32A.g1-deterministic.v1,limit_spin_density_zero_rect2x3,rect2x3_hole_3,8,surrogate,static_only,0.44545454545454544,2.4511229799523937,-1.6046192152785466e-17,-4.640385298237959e-17,0.7858738244437494,-1.0464717628447875,0.9443065945942604,0.9804491919809575,5.0,5.0,-4.818676322157797e-19
haxs.stage5c2gR32A.g1-deterministic.v1,limit_spin_density_zero_rect2x3,rect2x3_hole_3,8,surrogate,static_only,0.47727272727272724,2.4444702651403887,1.8214596497756474e-17,5.811323644522304e-17,0.7743803903532775,-1.110456532063682,0.9254519185404564,0.9777881060561555,5.0,5.0,-6.972022303622064e-19
haxs.stage5c2gR32A.g1-deterministic.v1,limit_spin_density_zero_rect2x3,rect2x3_hole_3,8,surrogate,static_only,0.509090909090909,2.437515315518269,4.0332320816460765e-17,-2.7321894746634712e-17,0.7631904360593814,-1.1736708064235366,0.90689628182513,0.9750061262073076,5.0,5.0,-1.0239687184585317e-19
haxs.stage5c2gR32A.g1-deterministic.v1,limit_spin_density_zero_rect2x3,rect2x3_hole_3,8,surrogate,static_only,0.5409090909090909,2.4302850791660515,6.570265165262157e-17,-4.2500725161431774e-17,0.7522780468903705,-1.2362161165347552,0.8886337939960322,0.9721140316664206,5.0,5.0,-3.8398826942194957e-19
haxs.stage5c2gR32A.g1-deterministic.v1,limit_spin_density_zero_rect2x3,rect2x3_hole_3,8,surrogate,static_only,0.5727272727272726,2.4228065178724667,3.2526065174565133e-18,9.974659986866641e-18,0.7416211940879575,-1.2981786739656276,0.8706620096889859,0.9691226071489867,5.0,5.0,9.471710645741422e-19
haxs.stage5c2gR32A.g1-deterministic.v1,limit_spin_density_zero_rect2x3,rect2x3_hole_3,8,surrogate,static_only,0.6045454545454545,2.4151062282089564,-1.474514954580286e-17,-1.6479873021779667e-17,0.7312017184487531,-1.3596279660691928,0.8529816234506679,0.9660424912835825,5.0,5.0,-3.704357422658808e-19
haxs.stage5c2gR32A.g1-deterministic.v1,limit_spin_density_zero_rect2x3,rect2x3_hole_3,8,surrogate,static_only,0.6363636363636362,2.407210059738161,6.396792817664476e-17,8.673617379884035e-19,0.7210052373646846,-1.42061580564453,0.8355960809296168,0.9628840238952645,5.0,5.0,4.0958748738341273e-19
haxs.stage5c2gR32A.g1-deterministic.v1,limit_spin_density_zero_rect2x3,rect2x3_hole_3,8,surrogate,static_only,0.6681818181818181,2.399142742797547,2.7538735181131813e-17,3.729655473350135e-17,0.7110209768175471,-1.4811758635641912,0.8185111230589096,0.9596570971190188,5.0,5.0,1.8220619843159172e-19
haxs.stage5c2gR32A.g1-deterministic.v1,limit_spin_density_zero_rect2x3,rect2x3_hole_3,8,surrogate,static_only,0.7,2.39092753839409,-1.496198998029996e-17,-7.502679033599691e-17,0.7012415344373543,-1.5413236861540462,0.801734284026459,0.9563710153576359,5.0,5.0,1.5510114411945416e-19
haxs.stage5c2gR32A.g1-deterministic.v1,limit_spin_density_zero_rect2x3,rect2x3_hole_3,8,surrogate,static_only,0.7318181818181817,2.382585921935507,-4.336808689942018e-17,-3.469446951953614e-18,0.6916625836749675,-1.6010571737178958,0.7852743661677992,0.9530343687742027,5.0,5.0,-1.2257507894488897e-18
haxs.stage5c2gR32A.g1-deterministic.v1,limit_spin_density_zero_rect2x3,rect2x3_hole_3,8,surrogate,static_only,0.7636363636363636,2.3741373108437505,4.0332320816460765e-17,7.37257477290143e-18,0.6822825319203147,-1.6603574756478032,0.7691409150232861,0.9496549243375002,5.0,5.0,-9.89334482393023e-19
haxs.stage5c2gR32A.g1-deterministic.v1,limit_spin_density_zero_rect2x3,rect2x3_hole_3,8,surrogate,static_only,0.7954545454545454,2.36559884368966,-6.938893903907228e-17,6.938893903907228e-18,0.6731021466870039,-1.7191902436996112,0.7533437156499182,0.9462395374758639,5.0,5.0,-6.053462129710735e-19
haxs.stage5c2gR32A.g1-deterministic.v1,limit_spin_density_zero_rect2x3,rect2x3_hole_3,8,surrogate,static_only,0.8272727272727272,2.356985215586098,6.320898665590491e-17,1.474514954580286e-17,0.6641241637374407,-1.7775071794378157,0.7378923272335829,0.9427940862344393,5.0,5.0,-7.092489211676009e-19
haxs.stage5c2gR32A.g1-deterministic.v1,limit_spin_density_zero_rect2x3,rect2x3_hole_3,8,surrogate,static_only,0.859090909090909,2.3483085714801684,-3.686287386450715e-17,2.168404344971009e-18,0.655352889483323,-1.8352478140466513,0.7227956678043794,0.9393234285920673,5.0,5.0,1.264902534566422e-19
haxs.stage5c2gR32A.g1-deterministic.v1,limit_spin_density_zero_rect2x3,rect2x3_hole_3,8,surrogate,static_only,0.8909090909090909,2.3395784560180353,2.6020852139652106e-18,-1.8648277366750676e-17,0.6467938076356843,-1.892341466545138,0.7080616552981545,0.9358313824072141,5.0,5.0,1.1158247358496653e-18
haxs.stage5c2gR32A.g1-deterministic.v1,limit_spin_density_zero_rect2x3,rect2x3_hole_3,8,surrogate,static_only,0.9227272727272726,2.3308018161187043,3.2851325826310784e-17,1.7780915628762273e-17,0.6384531974827672,-1.9487093367068007,0.6936969062206865,0.9323207264474818,5.0,5.0,-3.448365243044174e-19
haxs.stage5c2gR32A.g1-deterministic.v1,limit_spin_density_zero_rect2x3,rect2x3_hole_3,8,surrogate,static_only,0.9545454545454545,2.3219830505218617,3.3393426912553537e-17,1.9949319973733282e-17,0.6303377689043265,-2.0042666981344546,0.6797064894728263,0.9287932202087447,5.0,5.0,-6.309454309325367e-19
haxs.stage5c2gR32A.g1-deterministic.v1,limit_spin_density_zero_rect2x3,rect2x3_hole_3,8,surrogate,static_only,0.9863636363636362,2.313124099499292,1.5504091066542713e-17,1.951563910473908e-17,0.6224543177015934,-2.058925161970772,0.6660937308894057,0.9252496397997169,5.0,5.0,-3.76459087668578e-19
haxs.stage5c2gR32A.g1-deterministic.v1,limit_spin_density_zero_rect2x3,rect2x3_hole_3,8,surrogate,static_only,1.018181818181818,2.304224567654427,-7.914675859144182e-18,1.3010426069826053e-18,0.6148094042114914,-2.1125949809174434,0.6528600637618419,0.9216898270617708,5.0,5.0,5.451127589441007e-19
haxs.stage5c2gR32A.g1-deterministic.v1,limit_spin_density_zero_rect2x3,rect2x3_hole_3,8,surrogate,static_only,1.0499999999999998,2.2952818731788494,2.3852447794681098e-17,-2.6454533008646308e-17,0.6074090584036637,-2.1651873565550224,0.6400049217314812,0.9181127492715397,5.0,5.0,-5.55653613398821e-19
haxs.stage5c2gR32A.g1-deterministic.v1,limit_spin_density_zero_rect2x3,rect2x3_hole_3,8,surrogate,static_only,1.0818181818181818,2.286291417897897,2.867714746224159e-17,-4.7704895589362195e-18,0.6002585154338217,-2.2166167020523284,0.6275256723820815,0.9145165671591589,5.0,5.0,-1.0842021724855044e-19
haxs.stage5c2gR32A.g1-deterministic.v1,limit_spin_density_zero_rect2x3,rect2x3_hole_3,8,surrogate,static_only,1.1136363636363635,2.277246773680584,-5.277354074573193e-17,-4.85722573273506e-17,0.5933619865237415,-2.266802800141012,0.615417591943583,0.9108987094722336,5.0,5.0,-1.295019261579908e-19
haxs.stage5c2gR32A.g1-deterministic.v1,limit_spin_density_zero_rect2x3,rect2x3_hole_3,8,surrogate,static_only,1.1454545454545453,2.2681398820641454,-6.776263578034403e-18,-9.974659986866641e-18,0.5867224706237122,-2.315672786133846,0.6036738831160741,0.9072559528256582,5.0,5.0,2.9213225203081635e-19
haxs.stage5c2gR32A.g1-deterministic.v1,limit_spin_density_zero_rect2x3,rect2x3_hole_3,8,surrogate,static_only,1.1772727272727272,2.2589612650418482,6.207057437479513e-18,9.974659986866641e-18,0.5803416122502905,-2.363162880900315,0.5922857386874266,0.9035845060167393,5.0,5.0,4.788559595144313e-19
haxs.stage5c2gR32A.g1-deterministic.v1,limit_spin_density_zero_rect2x3,rect2x3_hole_3,8,surrogate,static_only,1.209090909090909,2.2497002457388877,3.003917644142651e-17,3.903127820947816e-18,0.5742196100194995,-2.4092198011218042,0.5812424531663444,0.899880098295555,5.0,5.0,5.375835771907293e-19
haxs.stage5c2gR32A.g1-deterministic.v1,limit_spin_density_zero_rect2x3,rect2x3_hole_3,8,surrogate,static_only,1.2409090909090907,2.240345178090464,1.2414114874959026e-17,-5.2475385148298415e-17,0.5683551787534229,-2.4538017843559996,0.5705315831710572,0.8961380712361857,5.0,5.0,-2.1533459814642663e-19
haxs.stage5c2gR32A.g1-deterministic.v1,limit_spin_density_zero_rect2x3,rect2x3_hole_3,8,surrogate,static_only,1.2727272727272725,2.230883684651564,1.111307226797642e-18,-2.47198095326695e-17,0.5627455658449158,-2.496879183384097,0.5601391551078685,0.8923534738606256,5.0,5.0,7.739998842465963e-19
haxs.stage5c2gR32A.g1-deterministic.v1,limit_spin_density_zero_rect2x3,rect2x3_hole_3,8,surrogate,static_only,1.3045454545454545,2.221302901382088,-1.4582519219930035e-17,-1.3010426069826053e-17,0.5573866201544692,-2.538434605649914,0.5500499161728208,0.8885211605528353,5.0,5.0,8.176691384161513e-19
haxs.stage5c2gR32A.g1-deterministic.v1,limit_spin_density_zero_rect2x3,rect2x3_hole_3,8,surrogate,static_only,1.3363636363636362,2.211589727771486,-3.2526065174565133e-19,5.637851296924623e-18,0.5522729094489762,-2.5784625962871592,0.5402476223586926,0.8846358911085945,5.0,5.0,-1.4124744969325047e-18
haxs.stage5c2gR32A.g1-deterministic.v1,limit_spin_density_zero_rect2x3,rect2x3_hole_3,8,surrogate,static_only,1.368181818181818,2.201731080110877,-9.161508357502512e-18,1.7780915628762273e-17,0.5473978805852986,-2.616968884236876,0.5307153553110248,0.8806924320443509,5.0,5.0,6.62567994296698e-20
haxs.stage5c2gR32A.g1-deterministic.v1,limit_spin_density_zero_rect2x3,rect2x3_hole_3,8,surrogate,static_only,1.4,2.191714145188583,8.42425088021237e-17,1.214306433183765e-17,0.5427540554892455,-2.653969227882903,0.521435858766015,0.8766856580754332,5.0,5.0,-8.598325562350319e-19
haxs.stage5c2gR32A.g1-deterministic.v1,limit_spin_density_zero_rect2x3,rect2x3_hole_3,1,surrogate,spin_density_only,0.0,2.5,0.0,0.0,1.0009775171065494,0.004243229276517941,1.2512218963831867,1.0,5.0,5.0,0.0
haxs.stage5c2gR32A.g1-deterministic.v1,limit_spin_density_zero_rect2x3,rect2x3_hole_3,1,surrogate,spin_density_only,0.031818181818181815,2.4997327574554995,7.979727989493313e-17,-1.8648277366750676e-17,0.9807736038813717,-0.08431231083130557,1.2257049144273255,0.9998931029821998,5.0,5.0,-7.529181753371532e-21
haxs.stage5c2gR32A.g1-deterministic.v1,limit_spin_density_zero_rect2x3,rect2x3_hole_3,1,surrogate,spin_density_only,0.06363636363636363,2.4989321471359327,-1.9949319973733282e-17,-9.107298248878237e-18,0.9615293091081132,-0.17037473162450678,1.2008850838467728,0.9995728588543731,5.0,5.0,-1.671478349248486e-19
haxs.stage5c2gR32A.g1-deterministic.v1,limit_spin_density_zero_rect2x3,rect2x3_hole_3,1,surrogate,spin_density_only,0.09545454545454544,2.4976015214642175,-2.3852447794681098e-17,2.211772431870429e-17,0.943189233082666,-0.2540116554599795,1.1767254073994082,0.999040608585687,5.0,5.0,-4.803617958651053e-19
haxs.stage5c2gR32A.g1-deterministic.v1,limit_spin_density_zero_rect2x3,rect2x3_hole_3,1,surrogate,spin_density_only,0.12727272727272726,2.495746463511574,4.163336342344337e-17,8.023096076392733e-17,0.9256977387677457,-0.3353079713480736,1.1531880340012999,0.9982985854046296,5.0,5.0,-1.22575078944889e-18
haxs.stage5c2gR32A.g1-deterministic.v1,limit_spin_density_zero_rect2x3,rect2x3_hole_3,1,surrogate,spin_density_only,0.15909090909090906,2.493374778654028,-1.8214596497756474e-17,-2.5587171270657905e-17,0.9089994044012021,-0.414364013383803,1.1302349130875826,0.9973499114616112,5.0,5.0,6.219104128284907e-19
haxs.stage5c2gR32A.g1-deterministic.v1,limit_spin_density_zero_rect2x3,rect2x3_hole_3,1,surrogate,spin_density_only,0.1909090909090909,2.4904964791482325,-3.859759734048396e-17,-5.637851296924623e-18,0.8930394465005914,-0.49129357439364363,1.1078284204368796,0.996198591659293,5.0,5.0,1.0842021724855044e-19
haxs.stage5c2gR32A.g1-deterministic.v1,limit_spin_density_zero_rect2x3,rect2x3_hole_3,1,surrogate,spin_density_only,0.22272727272727272,2.487123758003079,-3.2959746043559335e-17,3.0357660829594124e-18,0.8777641164854092,-0.5662217734262397,1.0859319486648555,0.9948495032012316,5.0,5.0,-4.412100507475734e-19
haxs.stage5c2gR32A.g1-deterministic.v1,limit_spin_density_zero_rect2x3,rect2x3_hole_3,1,surrogate,spin_density_only,0.2545454545454545,2.4832709477055857,4.0332320816460765e-17,-8.673617379884035e-18,0.8631210749024397,-0.6392827905436791,1.0645104568479384,0.9933083790822342,5.0,5.0,-3.7645908766857785e-20
haxs.stage5c2gR32A.g1-deterministic.v1,limit_spin_density_zero_rect2x3,rect2x3_hole_3,1,surrogate,spin_density_only,0.2863636363636363,2.478954458771025,-5.312590645178972e-17,8.673617379884035e-18,0.8490597471625211,-0.7106174797746874,1.0435309742649543,0.99158178350841,5.0,5.0,-5.842645040616329e-19
haxs.stage5c2gR32A.g1-deterministic.v1,limit_spin_density_zero_rect2x3,rect2x3_hole_3,1,surrogate,spin_density_only,0.3181818181818181,2.4741926928221187,6.071532165918825e-18,-4.2500725161431774e-17,0.8355316637378382,-0.7803708721158155,1.022963053045128,0.9896770771288474,5.0,5.0,5.225252136839862e-19
haxs.stage5c2gR32A.g1-deterministic.v1,limit_spin_density_zero_rect2x3,rect2x3_hole_3,1,surrogate,spin_density_only,0.35,2.4690059250507366,9.69276742202041e-17,-6.548581121812447e-17,0.8224907859822057,-0.8486895856886743,1.0027791637178711,0.9876023700202946,5.0,5.0,-6.038403766203991e-19
haxs.stage5c2gR32A.g1-deterministic.v1,limit_spin_density_zero_rect2x3,rect2x3_hole_3,1,surrogate,spin_density_only,0.3818181818181818,2.463416151546988,6.613633252161577e-17,-3.0357660829594124e-17,0.8098938162923511,-0.9157191694998565,0.9829550265351374,0.9853664606187952,5.0,5.0,-7.529181753371562e-20
haxs.stage5c2gR32A.g1-deterministic.v1,limit_spin_density_zero_rect2x3,rect2x3_hole_3,1,surrogate,spin_density_only,0.4136363636363636,2.457446898126248,-1.0842021724855044e-17,-6.938893903907228e-18,0.7977004885149541,-0.9816014198501982,0.9634698703521636,0.9829787592504993,5.0,5.0,8.628442289363806e-19
haxs.stage5c2gR32A.g1-deterministic.v1,limit_spin_density_zero_rect2x3,rect2x3_hole_3,1,surrogate,spin_density_only,0.44545454545454544,2.4511229889287307,-4.336808689942018e-17,-1.8214596497756474e-17,0.7858738317107169,-1.04647172268562,0.9443066102426056,0.9804491955714922,5.0,5.0,2.846030702774449e-19
haxs.stage5c2gR32A.g1-deterministic.v1,limit_spin_density_zero_rect2x3,rect2x3_hole_3,1,surrogate,spin_density_only,0.47727272727272724,2.4444702751391962,-2.7538735181131813e-17,6.5052130349130266e-18,0.7743803980590637,-1.1104564888474484,0.9254519353204376,0.9777881100556784,5.0,5.0,-7.544240116878303e-19
haxs.stage5c2gR32A.g1-deterministic.v1,limit_spin_density_zero_rect2x3,rect2x3_hole_3,1,surrogate,spin_density_only,0.509090909090909,2.437515326553292,-4.96564594998361e-17,1.214306433183765e-17,0.7631904442642806,-1.1736707597334544,0.9068962997863104,0.9750061306213167,5.0,5.0,-6.264279218805137e-19
haxs.stage5c2gR32A.g1-deterministic.v1,limit_spin_density_zero_rect2x3,rect2x3_hole_3,1,surrogate,spin_density_only,0.5409090909090909,2.4302850912341265,-2.8189256484623115e-17,0.0,0.752278055658592,-1.236216065915304,0.8886338131789403,0.9721140364936506,5.0,5.0,-3.824824330712752e-19
haxs.stage5c2gR32A.g1-deterministic.v1,limit_spin_density_zero_rect2x3,rect2x3_hole_3,1,surrogate,spin_density_only,0.5727272727272726,2.422806530952004,-3.2959746043559335e-17,-6.852157730108388e-17,0.7416212034820604,-1.2981786189536204,0.8706620301181963,0.9691226123808017,5.0,5.0,4.698209414103852e-19
haxs.stage5c2gR32A.g1-deterministic.v1,limit_spin_density_zero_rect2x3,rect2x3_hole_3,1,surrogate,spin_density_only,0.6045454545454545,2.4151062422592307,-1.0842021724855044e-18,3.686287386450715e-17,0.7312017285238019,-1.359627906228824,0.8529816451284117,0.9660424969036923,5.0,5.0,2.9062641568014214e-19
haxs.stage5c2gR32A.g1-deterministic.v1,limit_spin_density_zero_rect2x3,rect2x3_hole_3,1,surrogate,spin_density_only,0.6363636363636362,2.4072100746996474,-8.955509944730267e-17,-4.423544863740858e-17,0.7210052481626223,-1.4206157406036053,0.8355961038306217,0.962884029879859,5.0,5.0,3.011672701348605e-21
haxs.stage5c2gR32A.g1-deterministic.v1,limit_spin_density_zero_rect2x3,rect2x3_hole_3,1,surrogate,spin_density_only,0.6681818181818181,2.3991427585931975,6.613633252161577e-17,-2.168404344971009e-18,0.7110209883624421,-1.481175793047507,0.8185111471270756,0.959657103437279,5.0,5.0,5.571594497494954e-19
haxs.stage5c2gR32A.g1-deterministic.v1,limit_spin_density_zero_rect2x3,rect2x3_hole_3,1,surrogate,spin_density_only,0.7,2.390927554931774,-1.8648277366750676e-17,3.7730235602495554e-17,0.7012415467318469,-1.541323610011519,0.8017343091737872,0.9563710219727095,5.0,5.0,2.3641630705586697e-19
haxs.stage5c2gR32A.g1-deterministic.v1,limit_spin_density_zero_rect2x3,rect2x3_hole_3,1,surrogate,spin_density_only,0.7318181818181817,2.3825859391112174,2.7538735181131813e-17,1.8648277366750676e-17,0.6916625966983974,-1.601057091943866,0.7852743922757155,0.953034375644487,5.0,5.0,-2.6803887042002745e-19
haxs.stage5c2gR32A.g1-deterministic.v1,limit_spin_density_zero_rect2x3,rect2x3_hole_3,1,surrogate,spin_density_only,0.7636363636363636,2.3741373285455656,2.667137344314341e-17,-3.209238430557093e-17,0.682282545628534,-1.6603573883906386,0.7691409419462282,0.9496549314182262,5.0,5.0,1.3386885157494632e-18
haxs.stage5c2gR32A.g1-deterministic.v1,limit_spin_density_zero_rect2x3,rect2x3_hole_3,1,surrogate,spin_density_only,0.7954545454545454,2.3655988618020256,-9.540979117872439e-18,2.0383000842727483e-17,0.6731021610138866,-1.719190151260654,0.7533437432207848,0.9462395447208103,5.0,5.0,4.562684142543166e-19
haxs.stage5c2gR32A.g1-deterministic.v1,limit_spin_density_zero_rect2x3,rect2x3_hole_3,1,surrogate,spin_density_only,0.8272727272727272,2.3569852339941533,3.5778671692021646e-17,2.6454533008646308e-17,0.6641241785978033,-1.7775070822606045,0.7378923552704519,0.9427940935976613,5.0,5.0,-2.2587545260114683e-20
haxs.stage5c2gR32A.g1-deterministic.v1,limit_spin_density_zero_rect2x3,rect2x3_hole_3,1,surrogate,spin_density_only,0.859090909090909,2.34830859007385,-7.546047120499111e-17,1.431146867680866e-17,0.6553529047768688,-1.835247712698163,0.7227956961178473,0.93932343602954,5.0,5.0,-2.3807272704160867e-18
haxs.stage5c2gR32A.g1-deterministic.v1,limit_spin_density_zero_rect2x3,rect2x3_hole_3,1,surrogate,spin_density_only,0.8909090909090909,2.339578474695583,-3.7947076036992655e-17,-2.7755575615628914e-17,0.6467938232516192,-1.8923413616907905,0.7080616836986483,0.9358313898782333,5.0,5.0,-5.842645040616329e-19
haxs.stage5c2gR32A.g1-deterministic.v1,limit_spin_density_zero_rect2x3,rect2x3_hole_3,1,surrogate,spin_density_only,0.9227272727272726,2.330801834789579,2.883977778811442e-17,-1.951563910473908e-17,0.6384532133046097,-1.9487092290820156,0.6936969345252628,0.9323207339158316,5.0,5.0,3.794707603699265e-19
haxs.stage5c2gR32A.g1-deterministic.v1,limit_spin_density_zero_rect2x3,rect2x3_hole_3,1,surrogate,spin_density_only,0.9545454545454545,2.321983069108921,-4.0115480381963664e-17,-5.334274688628682e-17,0.6303377848146419,-2.0042665885144633,0.6797065175111128,0.9287932276435684,5.0,5.0,-2.7857972487474764e-19
haxs.stage5c2gR32A.g1-deterministic.v1,limit_spin_density_zero_rect2x3,rect2x3_hole_3,1,surrogate,spin_density_only,0.9863636363636362,2.3131241179403643,5.0415401020575956e-17,2.0383000842727483e-17,0.6224543335864007,-2.058925051140405,0.6660937585085615,0.9252496471761458,5.0,5.0,1.9877039828900914e-19
haxs.stage5c2gR32A.g1-deterministic.v1,limit_spin_density_zero_rect2x3,rect2x3_hole_3,1,surrogate,spin_density_only,1.018181818181818,2.3042245859033903,1.9895109865109006e-17,-2.2551405187698492e-17,0.614809419964246,-2.11259486964175,0.6528600908305602,0.9216898343613561,5.0,5.0,9.833111369903256e-19
haxs.stage5c2gR32A.g1-deterministic.v1,limit_spin_density_zero_rect2x3,rect2x3_hole_3,1,surrogate,spin_density_only,1.0499999999999998,2.295281891206401,-4.0766001685454967e-17,-3.469446951953614e-18,0.6074090739287842,-2.165187245551177,0.6400049481431631,0.9181127564825603,5.0,5.0,3.71941578616555e-19
haxs.stage5c2gR32A.g1-deterministic.v1,limit_spin_density_zero_rect2x3,rect2x3_hole_3,1,surrogate,spin_density_only,1.0818181818181818,2.286291435692291,-6.884683795282953e-18,2.862293735361732e-17,0.6002585306497177,-2.216616591963435,0.6275256980573379,0.9145165742769163,5.0,5.0,-1.0043928458997661e-18
haxs.stage5c2gR32A.g1-deterministic.v1,limit_spin_density_zero_rect2x3,rect2x3_hole_3,1,surrogate,spin_density_only,1.1136363636363635,2.277246791248291,9.025983085941824e-18,3.469446951953614e-17,0.5933620013654601,-2.2668026915112622,0.6154176168321942,0.9108987164993165,5.0,5.0,4.276575235915045e-19
haxs.stage5c2gR32A.g1-deterministic.v1,limit_spin_density_zero_rect2x3,rect2x3_hole_3,1,surrogate,spin_density_only,1.1454545454545453,2.268139899430588,9.278060091044704e-17,1.1709383462843448e-17,0.5867224850451443,-2.31567267938579,0.603673907198453,0.9072559597722352,5.0,5.0,6.053462129710733e-19
haxs.stage5c2gR32A.g1-deterministic.v1,limit_spin_density_zero_rect2x3,rect2x3_hole_3,1,surrogate,spin_density_only,1.1772727272727272,2.258961282252176,-1.1695830935687379e-17,2.3418766925686896e-17,0.5803416262259137,-2.3631627763147427,0.5922857619755693,0.9035845129008704,5.0,5.0,7.529181753371558e-19
haxs.stage5c2gR32A.g1-deterministic.v1,limit_spin_density_zero_rect2x3,rect2x3_hole_3,1,surrogate,spin_density_only,1.209090909090909,2.2497002628585867,-8.670229248095018e-18,3.859759734048396e-17,0.5742196235456376,-2.4092196988207517,0.5812424757041522,0.8998801051434346,5.0,5.0,1.791945257302431e-18
haxs.stage5c2gR32A.g1-deterministic.v1,limit_spin_density_zero_rect2x3,rect2x3_hole_3,1,surrogate,spin_density_only,1.2409090909090907,2.2403451952056437,-1.4277587358918487e-17,-2.7755575615628914e-17,0.5683551918489438,-2.453801684289833,0.5705316050339091,0.8961380780822574,5.0,5.0,1.1594939900192195e-19
haxs.stage5c2gR32A.g1-deterministic.v1,limit_spin_density_zero_rect2x3,rect2x3_hole_3,1,surrogate,spin_density_only,1.2727272727272725,2.2308837018688297,-5.694771910980112e-17,-2.992397996059992e-17,0.562745578551247,-2.496879085323983,0.5601391764013085,0.8923534807475318,5.0,5.0,-8.327275019228943e-19
haxs.stage5c2gR32A.g1-deterministic.v1,limit_spin_density_zero_rect2x3,rect2x3_hole_3,1,surrogate,spin_density_only,1.3045454545454545,2.2213029188276625,-7.697835424647081e-18,-4.336808689942018e-19,0.5573866325349685,-2.5384345091857674,0.550049937030277,0.888521167531065,5.0,5.0,5.149960319306146e-19
haxs.stage5c2gR32A.g1-deterministic.v1,limit_spin_density_zero_rect2x3,rect2x3_hole_3,1,surrogate,spin_density_only,1.3363636363636362,2.211589745589554,-6.337161698177773e-17,8.673617379884035e-19,0.5522729215875992,-2.5784625008318725,0.5402476429382104,0.8846358982358217,5.0,5.0,2.9664976108283936e-19
haxs.stage5c2gR32A.g1-deterministic.v1,limit_spin_density_zero_rect2x3,rect2x3_hole_3,1,surrogate,spin_density_only,1.368181818181818,2.2017310984611225,4.85722573273506e-17,4.163336342344337e-17,0.5473978925845815,-2.616968789036977,0.5307153757910716,0.880692439384449,5.0,5.0,-5.963111948670275e-19
haxs.stage5c2gR32A.g1-deterministic.v1,limit_spin_density_zero_rect2x3,rect2x3_hole_3,1,surrogate,spin_density_only,1.4,2.191714164242898,-6.071532165918825e-18,2.3852447794681098e-17,0.5427540674676834,-2.653969132035265,0.5214358793404799,0.8766856656971592,5.0,5.0,-1.4064511515298072e-18
haxs.stage5c2gR32A.g1-deterministic.v1,limit_spin_density_zero_rect2x3,rect2x3_hole_3,2,surrogate,spin_density_only,0.0,2.5,0.0,0.0,1.0009775171065494,0.004243229276517941,1.2512218963831867,1.0,5.0,5.0,0.0
haxs.stage5c2gR32A.g1-deterministic.v1,limit_spin_density_zero_rect2x3,rect2x3_hole_3,2,surrogate,spin_density_only,0.031818181818181815,2.499732757173504,-7.979727989493313e-17,-5.074066167232161e-17,0.9807736029450653,-0.08431231497734587,1.225704912980649,0.9998931028694017,5.0,5.0,-4.366925416955498e-20
haxs.stage5c2gR32A.g1-deterministic.v1,limit_spin_density_zero_rect2x3,rect2x3_hole_3,2,surrogate,spin_density_only,0.06363636363636363,2.4989321465270153,-4.9439619065339e-17,-3.9898639947466563e-17,0.9615293073496901,-0.17037473956678617,1.2008850810653795,0.9995728586108061,5.0,5.0,-6.731088487514173e-19
haxs.stage5c2gR32A.g1-deterministic.v1,limit_spin_density_zero_rect2x3,rect2x3_hole_3,2,surrogate,spin_density_only,0.09545454545454544,2.4976015204826916,3.209238430557093e-17,6.982261990806649e-17,0.9431892306055409,-0.25401166686598065,1.176725403384064,0.9990406081930766,5.0,5.0,8.718792470404266e-19
haxs.stage5c2gR32A.g1-deterministic.v1,limit_spin_density_zero_rect2x3,rect2x3_hole_3,2,surrogate,spin_density_only,0.12727272727272726,2.495746462110331,-3.5561831257524545e-17,-4.163336342344337e-17,0.9256977356647498,-0.3353079859058928,1.1531880288408218,0.9982985848441324,5.0,5.0,-7.78517393298619e-19
haxs.stage5c2gR32A.g1-deterministic.v1,limit_spin_density_zero_rect2x3,rect2x3_hole_3,2,surrogate,spin_density_only,0.15909090909090906,2.4933747767839107,2.2551405187698492e-17,-5.117434254131581e-17,0.9089994007547326,-0.4143640308056139,1.1302349068581918,0.9973499107135643,5.0,5.0,-8.297158292215458e-19
haxs.stage5c2gR32A.g1-deterministic.v1,limit_spin_density_zero_rect2x3,rect2x3_hole_3,2,surrogate,spin_density_only,0.1909090909090909,2.4904964767576994,-2.0816681711721685e-17,-1.734723475976807e-18,0.8930394423824629,-0.491293594420536,1.1078284132015563,0.9961985907030797,5.0,5.0,7.800232296492936e-19
haxs.stage5c2gR32A.g1-deterministic.v1,limit_spin_density_zero_rect2x3,rect2x3_hole_3,2,surrogate,spin_density_only,0.22272727272727272,2.4871237550381204,-3.0357660829594124e-18,-3.599551212651875e-17,0.8777641119564206,-0.5662217958344783,1.0859319404726562,0.9948495020152481,5.0,5.0,-6.173929037764679e-19
haxs.stage5c2gR32A.g1-deterministic.v1,limit_spin_density_zero_rect2x3,rect2x3_hole_3,2,surrogate,spin_density_only,0.2545454545454545,2.4832709441100262,-1.6479873021779667e-17,-1.951563910473908e-17,0.8631210700116152,-0.6392828151527191,1.0645104477333165,0.9933083776440105,5.0,5.0,8.282099928708715e-20
haxs.stage5c2gR32A.g1-deterministic.v1,limit_spin_density_zero_rect2x3,rect2x3_hole_3,2,surrogate,spin_density_only,0.2863636363636363,2.4789544544872677,6.830473686658678e-17,5.377642775528102e-17,0.8490597419461049,-0.7106175064566822,1.043530964247207,0.9915817817949071,5.0,5.0,-6.716030124007431e-19
haxs.stage5c2gR32A.g1-deterministic.v1,limit_spin_density_zero_rect2x3,rect2x3_hole_3,2,surrogate,spin_density_only,0.3181818181818181,2.4741926877923697,-1.3010426069826053e-17,-4.9873299934333204e-17,0.8355316582182015,-0.780370900805904,1.0229630421281615,0.9896770751169479,5.0,5.0,5.782411586589357e-19
haxs.stage5c2gR32A.g1-deterministic.v1,limit_spin_density_zero_rect2x3,rect2x3_hole_3,2,surrogate,spin_density_only,0.35,2.4690059192186915,-9.93129189996722e-17,1.6046192152785466e-17,0.8224907801669105,-0.848689616394801,1.0027791518905402,0.9876023676874766,5.0,5.0,7.378598118304134e-20
haxs.stage5c2gR32A.g1-deterministic.v1,limit_spin_density_zero_rect2x3,rect2x3_hole_3,2,surrogate,spin_density_only,0.3818181818181818,2.4634161448599525,1.6479873021779667e-17,-5.637851296924623e-18,0.8098938101736325,-0.9157192023106485,0.9829550137724112,0.985366457943981,5.0,5.0,-6.264279218805138e-19
haxs.stage5c2gR32A.g1-deterministic.v1,limit_spin_density_zero_rect2x3,rect2x3_hole_3,2,surrogate,spin_density_only,0.4136363636363636,2.4574468905375526,4.5319650809894085e-17,-4.9873299934333204e-17,0.7977004820699484,-0.9816014549389374,0.9634698566173594,0.9829787562150211,5.0,5.0,-5.631827951521927e-19
haxs.stage5c2gR32A.g1-deterministic.v1,limit_spin_density_zero_rect2x3,rect2x3_hole_3,2,surrogate,spin_density_only,0.44545454545454544,2.4511229804004326,-4.185020385794047e-17,8.673617379884035e-18,0.7858738249025917,-1.0464717603091045,0.9443065954908236,0.980449192160173,5.0,5.0,1.7618285302889447e-19
haxs.stage5c2gR32A.g1-deterministic.v1,limit_spin_density_zero_rect2x3,rect2x3_hole_3,2,surrogate,spin_density_only,0.47727272727272724,2.444470265644632,-6.7220534694101275e-18,-3.382710778154774e-17,0.774380390839386,-1.1104565293374478,0.9254519195032014,0.9777881062578528,5.0,5.0,-9.51688573626165e-19
haxs.stage5c2gR32A.g1-deterministic.v1,limit_spin_density_zero_rect2x3,rect2x3_hole_3,2,surrogate,spin_density_only,0.509090909090909,2.437515316079552,3.469446951953614e-18,-6.375108774214766e-17,0.76319043657647,-1.1736708034810375,0.9068962828572439,0.9750061264318208,5.0,5.0,1.2347858075529356e-19
haxs.stage5c2gR32A.g1-deterministic.v1,limit_spin_density_zero_rect2x3,rect2x3_hole_3,2,surrogate,spin_density_only,0.5409090909090909,2.4302850797841593,1.8648277366750676e-17,4.336808689942018e-18,0.7522780474423747,-1.2362161133480027,0.8886337951001135,0.9721140319136637,5.0,5.0,3.583890514604862e-19
haxs.stage5c2gR32A.g1-deterministic.v1,limit_spin_density_zero_rect2x3,rect2x3_hole_3,2,surrogate,spin_density_only,0.5727272727272726,2.42280651854602,-1.951563910473908e-17,-3.599551212651875e-17,0.7416211946786984,-1.2981786705062401,0.8706620108666121,0.9691226074184079,5.0,5.0,7.378598118304124e-20
haxs.stage5c2gR32A.g1-deterministic.v1,limit_spin_density_zero_rect2x3,rect2x3_hole_3,2,surrogate,spin_density_only,0.6045454545454545,2.415106228935357,-9.107298248878237e-18,3.8163916471489756e-17,0.7312017190815813,-1.3596279623105343,0.8529816247020012,0.9660424915741428,5.0,5.0,1.2046690805394494e-19
haxs.stage5c2gR32A.g1-deterministic.v1,limit_spin_density_zero_rect2x3,rect2x3_hole_3,2,surrogate,spin_density_only,0.6363636363636362,2.4072100605136235,-2.6020852139652106e-18,1.3877787807814457e-17,0.7210052380421256,-1.4206158015639927,0.8355960822530853,0.9628840242054494,5.0,5.0,6.279337582311881e-19
haxs.stage5c2gR32A.g1-deterministic.v1,limit_spin_density_zero_rect2x3,rect2x3_hole_3,2,surrogate,spin_density_only,0.6681818181818181,2.399142743617182,4.228388472693467e-17,-2.7755575615628914e-17,0.7110209775410126,-1.4811758591452349,0.8185111244510133,0.9596570974468728,5.0,5.0,-3.6742406956453215e-19
haxs.stage5c2gR32A.g1-deterministic.v1,limit_spin_density_zero_rect2x3,rect2x3_hole_3,2,surrogate,spin_density_only,0.7,2.3909275392520897,-2.233456475320139e-17,2.6020852139652106e-18,0.7012415352069092,-1.5413236813880213,0.8017342854817117,0.9563710157008358,5.0,5.0,-4.1561083278611005e-19
haxs.stage5c2gR32A.g1-deterministic.v1,limit_spin_density_zero_rect2x3,rect2x3_hole_3,2,surrogate,spin_density_only,0.7318181818181817,2.382585922825308,9.974659986866641e-17,-3.642919299551295e-17,0.6916625844892441,-1.601057168605058,0.7852743676788201,0.9530343691301232,5.0,5.0,-1.2091865895914722e-18
haxs.stage5c2gR32A.g1-deterministic.v1,limit_spin_density_zero_rect2x3,rect2x3_hole_3,2,surrogate,spin_density_only,0.7636363636363636,2.3741373117582873,-1.1058862159352145e-17,-1.474514954580286e-17,0.6822825327765064,-1.6603574701978716,0.7691409165810342,0.9496549247033149,5.0,5.0,3.3580150620037157e-19
haxs.stage5c2gR32A.g1-deterministic.v1,limit_spin_density_zero_rect2x3,rect2x3_hole_3,2,surrogate,spin_density_only,0.7954545454545454,2.365598844621679,-5.7462715141731735e-18,4.466912950640278e-17,0.6731021475809407,-1.7191902379318118,0.7533437172440406,0.9462395378486717,5.0,5.0,3.5989488781116047e-19
haxs.stage5c2gR32A.g1-deterministic.v1,limit_spin_density_zero_rect2x3,rect2x3_hole_3,2,surrogate,spin_density_only,0.8272727272727272,2.3569852165283884,6.028164079019405e-17,1.3010426069826053e-18,0.6641241646638002,-1.77750717338002,0.7378923288528371,0.9427940866113553,5.0,5.0,2.8309723392677066e-19
haxs.stage5c2gR32A.g1-deterministic.v1,limit_spin_density_zero_rect2x3,rect2x3_hole_3,2,surrogate,spin_density_only,0.859090909090909,2.348308572425849,-9.725293487194975e-17,2.688821387764051e-17,0.6553528904358625,-1.8352478077342864,0.7227956694370953,0.9393234289703395,5.0,5.0,1.1082955540962931e-18
haxs.stage5c2gR32A.g1-deterministic.v1,limit_spin_density_zero_rect2x3,rect2x3_hole_3,2,surrogate,spin_density_only,0.8909090909090909,2.339578456960744,-2.3852447794681098e-17,0.0,0.6467938086075448,-1.892341460019509,0.7080616569326869,0.9358313827842976,5.0,5.0,-6.85155539556812e-19
haxs.stage5c2gR32A.g1-deterministic.v1,limit_spin_density_zero_rect2x3,rect2x3_hole_3,2,surrogate,spin_density_only,0.9227272727272726,2.3308018170528033,-3.5344990823027445e-17,5.5077470362263625e-17,0.6384531984667626,-1.9487093300133767,0.6936969078458406,0.9323207268211213,5.0,5.0,-1.189610717032706e-19
haxs.stage5c2gR32A.g1-deterministic.v1,limit_spin_density_zero_rect2x3,rect2x3_hole_3,2,surrogate,spin_density_only,0.9545454545454545,2.3219830514425888,4.336808689942018e-18,2.211772431870429e-17,0.6303377698932254,-2.00426669132107,0.6797064910782197,0.9287932205770355,5.0,5.0,-1.8220619843159177e-19
haxs.stage5c2gR32A.g1-deterministic.v1,limit_spin_density_zero_rect2x3,rect2x3_hole_3,2,surrogate,spin_density_only,0.9863636363636362,2.313124100402813,1.3010426069826053e-18,-1.5178830414797062e-17,0.6224543186884178,-2.0589251550855696,0.6660937324657759,0.9252496401611252,5.0,5.0,5.541477770481467e-19
haxs.stage5c2gR32A.g1-deterministic.v1,limit_spin_density_zero_rect2x3,rect2x3_hole_3,2,surrogate,spin_density_only,1.018181818181818,2.304224568537959,-6.396792817664476e-18,3.209238430557093e-17,0.6148094051897299,-2.1125949740072762,0.652860065301289,0.9216898274151836,5.0,5.0,3.915174511753206e-20
haxs.stage5c2gR32A.g1-deterministic.v1,limit_spin_density_zero_rect2x3,rect2x3_hole_3,2,surrogate,spin_density_only,1.0499999999999998,2.295281874040651,3.008661028647275e-17,8.239936510889834e-18,0.6074090593675191,-2.165187349663503,0.6400049232276616,0.9181127496162604,5.0,5.0,-2.9213225203081645e-19
haxs.stage5c2gR32A.g1-deterministic.v1,limit_spin_density_zero_rect2x3,rect2x3_hole_3,2,surrogate,spin_density_only,1.0818181818181818,2.286291418737379,6.5052130349130266e-18,-2.2551405187698492e-17,0.6002585163783619,-2.2166166952184625,0.6275256738303585,0.9145165674949516,5.0,5.0,-6.369687763352339e-19
haxs.stage5c2gR32A.g1-deterministic.v1,limit_spin_density_zero_rect2x3,rect2x3_hole_3,2,surrogate,spin_density_only,1.1136363636363635,2.2772467744983014,-2.0599841277224584e-18,6.288372600415926e-17,0.5933619874450853,-2.2668027933974972,0.615417593341144,0.9108987097993205,5.0,5.0,-5.421010862427527e-20
haxs.stage5c2gR32A.g1-deterministic.v1,limit_spin_density_zero_rect2x3,rect2x3_hole_3,2,surrogate,spin_density_only,1.1454545454545453,2.2681398828618597,-1.8106176280507924e-17,-2.2985086056692694e-17,0.5867224715191551,-2.3156727795057392,0.6036738844620172,0.9072559531447439,5.0,5.0,4.261516872408302e-19
haxs.stage5c2gR32A.g1-deterministic.v1,limit_spin_density_zero_rect2x3,rect2x3_hole_3,2,surrogate,spin_density_only,1.1772727272727272,2.258961265822596,4.163336342344337e-17,1.3010426069826053e-18,0.580341613118398,-2.363162874403894,0.5922857399828155,0.9035845063290384,5.0,5.0,-5.902878494643303e-19
haxs.stage5c2gR32A.g1-deterministic.v1,limit_spin_density_zero_rect2x3,rect2x3_hole_3,2,surrogate,spin_density_only,1.209090909090909,2.249700246506976,2.3117223196464365e-17,-4.119968255444917e-17,0.5742196108602025,-2.4092197947633895,0.5812424544142226,0.8998800986027904,5.0,5.0,1.5615522956492611e-18
haxs.stage5c2gR32A.g1-deterministic.v1,limit_spin_density_zero_rect2x3,rect2x3_hole_3,2,surrogate,spin_density_only,1.2409090909090907,2.240345178851514,-4.342229700804445e-17,3.686287386450715e-17,0.5683551795680429,-2.4538017781312833,0.5705315843764184,0.8961380715406057,5.0,5.0,1.2694200436184448e-18
haxs.stage5c2gR32A.g1-deterministic.v1,limit_spin_density_zero_rect2x3,rect2x3_hole_3,2,surrogate,spin_density_only,1.2727272727272725,2.2308836854124836,2.676624113323589e-17,-3.469446951953614e-18,0.5627455666361699,-2.496879177277655,0.5601391562775674,0.8923534741649934,5.0,5.0,-3.960349602273439e-19
haxs.stage5c2gR32A.g1-deterministic.v1,limit_spin_density_zero_rect2x3,rect2x3_hole_3,2,surrogate,spin_density_only,1.3045454545454545,2.2213029021510335,2.336455681706262e-17,-8.673617379884035e-18,0.5573866209264168,-2.5384345996351914,0.5500499173154275,0.8885211608604134,5.0,5.0,4.924084866705001e-19
haxs.stage5c2gR32A.g1-deterministic.v1,limit_spin_density_zero_rect2x3,rect2x3_hole_3,2,surrogate,spin_density_only,1.3363636363636362,2.211589728557721,4.3259666682171627e-17,-1.1709383462843448e-17,0.5522729102069458,-2.5784625903266645,0.5402476234842812,0.8846358914230883,5.0,5.0,-6.053462129710733e-19
haxs.stage5c2gR32A.g1-deterministic.v1,limit_spin_density_zero_rect2x3,rect2x3_hole_3,2,surrogate,spin_density_only,1.368181818181818,2.20173108092464,2.3201926491189795e-17,7.37257477290143e-18,0.5473978813357486,-2.6169688782829565,0.5307153564309103,0.880692432369856,5.0,5.0,7.258131210250184e-19
haxs.stage5c2gR32A.g1-deterministic.v1,limit_spin_density_zero_rect2x3,rect2x3_hole_3,2,surrogate,spin_density_only,1.4,2.191714146040852,-4.0223900599212215e-17,3.9898639947466563e-17,0.5427540562396113,-2.653969221878716,0.5214358598924386,0.8766856584163408,5.0,5.0,-4.397042143968991e-19
haxs.stage5c2gR32A.g1-deterministic.v1,limit_spin_density_zero_rect2x3,rect2x3_hole_3,4,surrogate,spin_density_only,0.0,2.5,0.0,0.0,1.0009775171065494,0.004243229276517941,1.2512218963831867,1.0,5.0,5.0,0.0
haxs.stage5c2gR32A.g1-deterministic.v1,limit_spin_density_zero_rect2x3,rect2x3_hole_3,4,surrogate,spin_density_only,0.031818181818181815,2.49973275716398,2.168404344971009e-17,3.7730235602495554e-17,0.9807736028855955,-0.08431231524068328,1.2257049128969872,0.999893102865592,5.0,5.0,-1.295019261579908e-19
haxs.stage5c2gR32A.g1-deterministic.v1,limit_spin_density_zero_rect2x3,rect2x3_hole_3,4,surrogate,spin_density_only,0.06363636363636363,2.4989321465051337,-2.168404344971009e-17,2.47198095326695e-17,0.9615293072379453,-0.1703747400715047,1.200885080904787,0.9995728586020535,5.0,5.0,6.384746126859082e-19
haxs.stage5c2gR32A.g1-deterministic.v1,limit_spin_density_zero_rect2x3,rect2x3_hole_3,4,surrogate,spin_density_only,0.09545454545454544,2.497601520445576,-9.410874857174178e-17,-2.7321894746634712e-17,0.943189230448045,-0.25401166759117555,1.176725403152598,0.9990406081782304,5.0,5.0,4.351867053448761e-19
haxs.stage5c2gR32A.g1-deterministic.v1,limit_spin_density_zero_rect2x3,rect2x3_hole_3,4,surrogate,spin_density_only,0.12727272727272726,2.4957464620549676,-1.3010426069826053e-17,2.949029909160572e-17,0.9256977354674031,-0.335307986831752,1.1531880285438147,0.9982985848219871,5.0,5.0,-1.1143188994989906e-19
haxs.stage5c2gR32A.g1-deterministic.v1,limit_spin_density_zero_rect2x3,rect2x3_hole_3,4,surrogate,spin_density_only,0.15909090909090906,2.493374776707179,-7.589415207398531e-17,2.6454533008646308e-17,0.9089994005227681,-0.4143640319138756,1.1302349065002069,0.9973499106828717,5.0,5.0,2.1382876179575235e-19
haxs.stage5c2gR32A.g1-deterministic.v1,limit_spin_density_zero_rect2x3,rect2x3_hole_3,4,surrogate,spin_density_only,0.1909090909090909,2.4904964766563085,3.9898639947466563e-17,-5.637851296924623e-18,0.8930394421204654,-0.49129359569465764,1.1078284127863427,0.9961985906625234,5.0,5.0,-3.2977816079767435e-19
haxs.stage5c2gR32A.g1-deterministic.v1,limit_spin_density_zero_rect2x3,rect2x3_hole_3,4,surrogate,spin_density_only,0.22272727272727272,2.487123754908607,-2.7755575615628914e-17,-2.688821387764051e-17,0.8777641116682915,-0.5662217972600648,1.0859319400030987,0.9948495019634429,5.0,5.0,-9.035018104045882e-21
haxs.stage5c2gR32A.g1-deterministic.v1,limit_spin_density_zero_rect2x3,rect2x3_hole_3,4,surrogate,spin_density_only,0.2545454545454545,2.483270943948795,-5.984795992119984e-17,4.2500725161431774e-17,0.8631210697005117,-0.6392828167180907,1.0645104472113935,0.9933083775795181,5.0,5.0,-8.432683563776148e-20
haxs.stage5c2gR32A.g1-deterministic.v1,limit_spin_density_zero_rect2x3,rect2x3_hole_3,4,surrogate,spin_density_only,0.2863636363636363,2.478954454290649,7.611099250848241e-17,1.3877787807814457e-17,0.849059741614367,-0.7106175081535231,1.0435309636739512,0.9915817817162595,5.0,5.0,-4.186225054874586e-19
haxs.stage5c2gR32A.g1-deterministic.v1,limit_spin_density_zero_rect2x3,rect2x3_hole_3,4,surrogate,spin_density_only,0.3181818181818181,2.4741926875566587,-1.9949319973733282e-17,-3.903127820947816e-18,0.8355316578673094,-0.7803709026297787,1.0229630415036444,0.9896770750226634,5.0,5.0,-1.179069862577986e-18
haxs.stage5c2gR32A.g1-deterministic.v1,limit_spin_density_zero_rect2x3,rect2x3_hole_3,4,surrogate,spin_density_only,0.35,2.469005918940298,2.47198095326695e-17,-1.6479873021779667e-17,0.8224907797973972,-0.8486896183459182,1.0027791512138933,0.9876023675761193,5.0,5.0,-4.803617958651056e-19
haxs.stage5c2gR32A.g1-deterministic.v1,limit_spin_density_zero_rect2x3,rect2x3_hole_3,4,surrogate,spin_density_only,0.3818181818181818,2.463416144535504,-1.1796119636642288e-16,-1.9949319973733282e-17,0.8098938097850777,-0.9157192043942202,0.9829550130419051,0.9853664578142016,5.0,5.0,-5.210193773333119e-19
haxs.stage5c2gR32A.g1-deterministic.v1,limit_spin_density_zero_rect2x3,rect2x3_hole_3,4,surrogate,spin_density_only,0.4136363636363636,2.4574468901641024,7.936359902593892e-17,3.469446951953614e-17,0.7977004816609555,-0.9816014571656295,0.9634698558305435,0.982978756065641,5.0,5.0,1.9575872558766016e-20
haxs.stage5c2gR32A.g1-deterministic.v1,limit_spin_density_zero_rect2x3,rect2x3_hole_3,4,surrogate,spin_density_only,0.44545454545454544,2.4511229799755516,-1.3010426069826053e-17,-8.673617379884035e-19,0.7858738244709176,-1.0464717626946491,0.9443065946447491,0.9804491919902206,5.0,5.0,-3.267664880963257e-19
haxs.stage5c2gR32A.g1-deterministic.v1,limit_spin_density_zero_rect2x3,rect2x3_hole_3,4,surrogate,spin_density_only,0.47727272727272724,2.444470265166641,-8.673617379884035e-18,-9.974659986866641e-18,0.7743803903820454,-1.1104565319023436,0.9254519185947144,0.9777881060666564,5.0,5.0,3.2224897904430267e-19
haxs.stage5c2gR32A.g1-deterministic.v1,limit_spin_density_zero_rect2x3,rect2x3_hole_3,4,surrogate,spin_density_only,0.509090909090909,2.4375153155476577,3.5561831257524545e-17,-4.5536491244391186e-17,0.7631904360899704,-1.1736708062494696,0.9068962818833473,0.975006126219063,5.0,5.0,-8.959726286512157e-19
haxs.stage5c2gR32A.g1-deterministic.v1,limit_spin_density_zero_rect2x3,rect2x3_hole_3,4,surrogate,spin_density_only,0.5409090909090909,2.430285079198565,4.9873299934333204e-17,3.903127820947816e-18,0.7522780469230085,-1.236216116346334,0.8886337940583633,0.972114031679426,5.0,5.0,3.177314699922798e-19
haxs.stage5c2gR32A.g1-deterministic.v1,limit_spin_density_zero_rect2x3,rect2x3_hole_3,4,surrogate,spin_density_only,0.5727272727272726,2.4228065179080214,-2.0816681711721685e-17,-2.7755575615628914e-17,0.7416211941228689,-1.2981786737611858,0.8706620097555258,0.9691226071632085,5.0,5.0,8.131516293641283e-19
haxs.stage5c2gR32A.g1-deterministic.v1,limit_spin_density_zero_rect2x3,rect2x3_hole_3,4,surrogate,spin_density_only,0.6045454545454545,2.4151062282474034,4.83554168928535e-17,-3.0357660829594124e-18,0.7312017184861294,-1.3596279658471984,0.852981623521427,0.9660424912989614,5.0,5.0,-5.421010862427521e-19
haxs.stage5c2gR32A.g1-deterministic.v1,limit_spin_density_zero_rect2x3,rect2x3_hole_3,4,surrogate,spin_density_only,0.6363636363636362,2.4072100597792776,-2.3201926491189795e-17,2.0816681711721685e-17,0.7210052374046699,-1.4206158054036802,0.835596081004502,0.962884023911711,5.0,5.0,-3.1622563364160554e-19
haxs.stage5c2gR32A.g1-deterministic.v1,limit_spin_density_zero_rect2x3,rect2x3_hole_3,4,surrogate,spin_density_only,0.6681818181818181,2.3991427428410237,2.992397996059992e-17,2.992397996059992e-17,0.711020976860233,-1.4811758633034635,0.8185111231377143,0.9596570971364095,5.0,5.0,2.0328790734103206e-19
haxs.stage5c2gR32A.g1-deterministic.v1,limit_spin_density_zero_rect2x3,rect2x3_hole_3,4,surrogate,spin_density_only,0.7,2.3909275384396,-5.4643789493269423e-17,-1.3010426069826053e-17,0.7012415344827326,-1.5413236858730082,0.8017342841088616,0.95637101537584,5.0,5.0,6.2341624917916505e-19
haxs.stage5c2gR32A.g1-deterministic.v1,limit_spin_density_zero_rect2x3,rect2x3_hole_3,4,surrogate,spin_density_only,0.7318181818181817,2.3825859219826686,-6.830473686658678e-17,-3.642919299551295e-17,0.6916625837229515,-1.6010571734166044,0.7852743662533657,0.9530343687930675,5.0,5.0,9.185601739113303e-20
haxs.stage5c2gR32A.g1-deterministic.v1,limit_spin_density_zero_rect2x3,rect2x3_hole_3,4,surrogate,spin_density_only,0.7636363636363636,2.3741373108921353,-3.903127820947816e-18,8.890457814381136e-17,0.6822825319707438,-1.6603574753268058,0.7691409151114852,0.9496549243568542,5.0,5.0,-6.354629399845596e-19
haxs.stage5c2gR32A.g1-deterministic.v1,limit_spin_density_zero_rect2x3,rect2x3_hole_3,4,surrogate,spin_density_only,0.7954545454545454,2.36559884373884,1.0039712117215771e-16,-1.734723475976807e-18,0.6731021467396313,-1.7191902433600519,0.7533437157401431,0.946239537495536,5.0,5.0,9.050076467552613e-19
haxs.stage5c2gR32A.g1-deterministic.v1,limit_spin_density_zero_rect2x3,rect2x3_hole_3,4,surrogate,spin_density_only,0.8272727272727272,2.356985215635639,-2.992397996059992e-17,5.334274688628682e-17,0.6641241637919572,-1.7775071790813126,0.737892327325174,0.9427940862542556,5.0,5.0,-9.471710645741422e-19
haxs.stage5c2gR32A.g1-deterministic.v1,limit_spin_density_zero_rect2x3,rect2x3_hole_3,4,surrogate,spin_density_only,0.859090909090909,2.3483085715296843,-3.5236570605778894e-17,-1.8214596497756474e-17,0.6553528895393514,-1.8352478136753578,0.7227956678966553,0.9393234286118737,5.0,5.0,-1.2046690805394495e-18
haxs.stage5c2gR32A.g1-deterministic.v1,limit_spin_density_zero_rect2x3,rect2x3_hole_3,4,surrogate,spin_density_only,0.8909090909090909,2.339578456067134,2.3635607360183997e-17,3.0357660829594124e-18,0.6467938076928313,-1.8923414661614197,0.7080616553904339,0.9358313824268537,5.0,5.0,-1.295019261579908e-19
haxs.stage5c2gR32A.g1-deterministic.v1,limit_spin_density_zero_rect2x3,rect2x3_hole_3,4,surrogate,spin_density_only,0.9227272727272726,2.3308018161670594,3.0140820395097023e-17,3.0357660829594124e-17,0.6384531975406108,-1.9487093363133314,0.6936969063123183,0.9323207264668237,5.0,5.0,8.628442289363808e-19
haxs.stage5c2gR32A.g1-deterministic.v1,limit_spin_density_zero_rect2x3,rect2x3_hole_3,4,surrogate,spin_density_only,0.9545454545454545,2.3219830505691985,-4.2392304944183223e-17,-5.2475385148298415e-17,0.6303377689624405,-2.0042666977340566,0.6797064895632053,0.9287932202276794,5.0,5.0,2.6201552501733027e-19
haxs.stage5c2gR32A.g1-deterministic.v1,limit_spin_density_zero_rect2x3,rect2x3_hole_3,4,surrogate,spin_density_only,0.9863636363636362,2.313124099545382,-5.5294310796760726e-18,-1.8648277366750676e-17,0.622454317759573,-2.0589251615662407,0.6660937309779946,0.9252496398181528,5.0,5.0,-2.2587545260114695e-20
haxs.stage5c2gR32A.g1-deterministic.v1,limit_spin_density_zero_rect2x3,rect2x3_hole_3,4,surrogate,spin_density_only,1.018181818181818,2.3042245676991158,1.0028870095490916e-17,-3.0357660829594124e-18,0.6148094042689546,-2.1125949805115303,0.6528600638481848,0.9216898270796463,5.0,5.0,-7.017197394142292e-19
haxs.stage5c2gR32A.g1-deterministic.v1,limit_spin_density_zero_rect2x3,rect2x3_hole_3,4,surrogate,spin_density_only,1.0499999999999998,2.295281873222022,1.734723475976807e-17,2.42861286636753e-17,0.6074090584602817,-2.1651873561502057,0.6400049218152135,0.9181127492888088,5.0,5.0,3.975407965780184e-19
haxs.stage5c2gR32A.g1-deterministic.v1,limit_spin_density_zero_rect2x3,rect2x3_hole_3,4,surrogate,spin_density_only,1.0818181818181818,2.2862914179395295,1.6696713456276768e-17,-1.9949319973733282e-17,0.6002585154893049,-2.216616701650901,0.6275256724629389,0.9145165671758118,5.0,5.0,6.731088487514172e-19
haxs.stage5c2gR32A.g1-deterministic.v1,limit_spin_density_zero_rect2x3,rect2x3_hole_3,4,surrogate,spin_density_only,1.1136363636363635,2.277246773720725,-1.4013313079375145e-17,1.431146867680866e-17,0.5933619865778603,-2.2668027997449047,0.6154175920214096,0.9108987094882901,5.0,5.0,3.629065605125092e-19
haxs.stage5c2gR32A.g1-deterministic.v1,limit_spin_density_zero_rect2x3,rect2x3_hole_3,4,surrogate,spin_density_only,1.1454545454545453,2.2681398821028917,-2.8080836267374565e-17,-4.423544863740858e-17,0.5867224706763193,-2.3156727857444457,0.6036738831908262,0.9072559528411567,5.0,5.0,4.532567415529679e-19
haxs.stage5c2gR32A.g1-deterministic.v1,limit_spin_density_zero_rect2x3,rect2x3_hole_3,4,surrogate,spin_density_only,1.1772727272727272,2.258961265079394,-2.8772015152334074e-17,-1.6479873021779667e-17,0.580341612301301,-2.3631628805185816,0.5922857387591757,0.9035845060317577,5.0,5.0,1.355252715606882e-20
haxs.stage5c2gR32A.g1-deterministic.v1,limit_spin_density_zero_rect2x3,rect2x3_hole_3,4,surrogate,spin_density_only,1.209090909090909,2.2497002457754918,5.954980432376633e-17,-1.734723475976807e-17,0.5742196100689139,-2.409219800748073,0.5812424532352776,0.8998800983101967,5.0,5.0,1.8521787113294038e-19
haxs.stage5c2gR32A.g1-deterministic.v1,limit_spin_density_zero_rect2x3,rect2x3_hole_3,4,surrogate,spin_density_only,1.2409090909090907,2.2403451781264567,-1.1777146098623792e-17,-3.642919299551295e-17,0.5683551788013269,-2.4538017839899533,0.5705315832374767,0.8961380712505826,5.0,5.0,6.972022303622061e-19
haxs.stage5c2gR32A.g1-deterministic.v1,limit_spin_density_zero_rect2x3,rect2x3_hole_3,4,surrogate,spin_density_only,1.2727272727272725,2.2308836846873565,2.4082840756334267e-17,-3.903127820947816e-18,0.562745565891475,-2.4968791830247805,0.5601391551721859,0.8923534738749426,5.0,5.0,-1.7256884578727615e-18
haxs.stage5c2gR32A.g1-deterministic.v1,limit_spin_density_zero_rect2x3,rect2x3_hole_3,4,surrogate,spin_density_only,1.3045454545454545,2.221302901418179,-7.958043946043603e-17,-9.540979117872439e-18,0.5573866201999209,-2.5384346052957714,0.5500499162355481,0.8885211605672716,5.0,5.0,1.7015950762619717e-19
haxs.stage5c2gR32A.g1-deterministic.v1,limit_spin_density_zero_rect2x3,rect2x3_hole_3,4,surrogate,spin_density_only,1.3363636363636362,2.2115897278084216,-4.336808689942018e-17,1.8648277366750676e-17,0.5522729094936392,-2.5784625959359406,0.5402476224204282,0.8846358911233686,5.0,5.0,-5.119843592292661e-20
haxs.stage5c2gR32A.g1-deterministic.v1,limit_spin_density_zero_rect2x3,rect2x3_hole_3,4,surrogate,spin_density_only,1.368181818181818,2.2017310801492687,-7.047314121155779e-19,-8.673617379884035e-19,0.547397880629553,-2.6169688838857708,0.5307153553724386,0.8806924320597075,5.0,5.0,-6.053462129710733e-19
haxs.stage5c2gR32A.g1-deterministic.v1,limit_spin_density_zero_rect2x3,rect2x3_hole_3,4,surrogate,spin_density_only,1.4,2.191714145229086,6.505213034913027e-19,-2.7755575615628914e-17,0.5427540555335302,-2.6539692275285507,0.5214358588278325,0.8766856580916343,5.0,5.0,4.24645850890156e-19
haxs.stage5c2gR32A.g1-deterministic.v1,limit_spin_density_zero_rect2x3,rect2x3_hole_3,8,surrogate,spin_density_only,0.0,2.5,0.0,0.0,1.0009775171065494,0.004243229276517941,1.2512218963831867,1.0,5.0,5.0,0.0
haxs.stage5c2gR32A.g1-deterministic.v1,limit_spin_density_zero_rect2x3,rect2x3_hole_3,8,surrogate,spin_density_only,0.031818181818181815,2.4997327571636445,4.7704895589362195e-18,8.239936510889834e-18,0.9807736028818458,-0.08431231525728711,1.2257049128919721,0.9998931028654579,5.0,5.0,-6.625679942966972e-20
haxs.stage5c2gR32A.g1-deterministic.v1,limit_spin_density_zero_rect2x3,rect2x3_hole_3,8,surrogate,spin_density_only,0.06363636363636363,2.498932146504271,5.5077470362263625e-17,-1.5612511283791264e-17,0.9615293072309078,-0.17037474010329093,1.2008850808951683,0.9995728586017083,5.0,5.0,5.4210108624275204e-20
haxs.stage5c2gR32A.g1-deterministic.v1,limit_spin_density_zero_rect2x3,rect2x3_hole_3,8,surrogate,spin_density_only,0.09545454545454544,2.49760152044401,-2.862293735361732e-17,4.9873299934333204e-17,0.9431892304381255,-0.25401166763685024,1.176725403138747,0.999040608177604,5.0,5.0,1.0540854454720187e-19
haxs.stage5c2gR32A.g1-deterministic.v1,limit_spin_density_zero_rect2x3,rect2x3_hole_3,8,surrogate,spin_density_only,0.12727272727272726,2.4957464620525203,5.854691731421724e-17,2.2551405187698492e-17,0.9256977354549646,-0.33530798689010766,1.1531880285260576,0.9982985848210081,5.0,5.0,-8.432683563776146e-20
haxs.stage5c2gR32A.g1-deterministic.v1,limit_spin_density_zero_rect2x3,rect2x3_hole_3,8,surrogate,spin_density_only,0.15909090909090906,2.493374776703642,3.903127820947816e-18,-9.107298248878237e-18,0.9089994005081488,-0.4143640319837226,1.1302349064788229,0.9973499106814568,5.0,5.0,4.1862250548745866e-19
haxs.stage5c2gR32A.g1-deterministic.v1,limit_spin_density_zero_rect2x3,rect2x3_hole_3,8,surrogate,spin_density_only,0.1909090909090909,2.490496476651481,3.165870343657673e-17,6.071532165918825e-18,0.8930394421039485,-0.491293595774981,1.1078284127615587,0.9961985906605925,5.0,5.0,-9.547002463275136e-19
haxs.stage5c2gR32A.g1-deterministic.v1,limit_spin_density_zero_rect2x3,rect2x3_hole_3,8,surrogate,spin_density_only,0.22272727272727272,2.487123754902263,5.334274688628682e-17,-1.474514954580286e-17,0.8777641116501301,-0.5662217973499224,1.0859319399750902,0.9948495019609052,5.0,5.0,4.6229175965701345e-19
haxs.stage5c2gR32A.g1-deterministic.v1,limit_spin_density_zero_rect2x3,rect2x3_hole_3,8,surrogate,spin_density_only,0.2545454545454545,2.4832709439407084,4.0766001685454967e-17,-8.673617379884035e-18,0.863121069680905,-0.6392828168167455,1.0645104471802789,0.9933083775762833,5.0,5.0,-6.369687763352339e-19
haxs.stage5c2gR32A.g1-deterministic.v1,limit_spin_density_zero_rect2x3,rect2x3_hole_3,8,surrogate,spin_density_only,0.2863636363636363,2.478954454280593,2.8406096919120216e-17,8.239936510889834e-18,0.8490597415934598,-0.7106175082604639,1.043530963639789,0.9915817817122372,5.0,5.0,7.15272266570298e-19
haxs.stage5c2gR32A.g1-deterministic.v1,limit_spin_density_zero_rect2x3,rect2x3_hole_3,8,surrogate,spin_density_only,0.3181818181818181,2.474192687544393,6.591949208711867e-17,1.3010426069826053e-18,0.8355316578452004,-0.7803709027446972,1.022963041466433,0.9896770750177571,5.0,5.0,2.7105054312137587e-20
haxs.stage5c2gR32A.g1-deterministic.v1,limit_spin_density_zero_rect2x3,rect2x3_hole_3,8,surrogate,spin_density_only,0.35,2.4690059189255957,4.618701254788249e-17,5.204170427930421e-18,0.8224907797741225,-0.8486896184688136,1.0027791511735742,0.9876023675702383,5.0,5.0,-8.583267198843576e-20
haxs.stage5c2gR32A.g1-deterministic.v1,limit_spin_density_zero_rect2x3,rect2x3_hole_3,8,surrogate,spin_density_only,0.3818181818181818,2.463416144518166,-1.192622389734055e-16,3.209238430557093e-17,0.8098938097606032,-0.9157192045254615,0.9829550129983641,0.9853664578072664,5.0,5.0,-8.35739174624243e-19
haxs.stage5c2gR32A.g1-deterministic.v1,limit_spin_density_zero_rect2x3,rect2x3_hole_3,8,surrogate,spin_density_only,0.4136363636363636,2.4574468901439244,-7.806255641895632e-18,7.37257477290143e-18,0.7977004816352076,-0.9816014573058098,0.9634698557836227,0.9829787560575698,5.0,5.0,3.4031901525239444e-19
haxs.stage5c2gR32A.g1-deterministic.v1,limit_spin_density_zero_rect2x3,rect2x3_hole_3,8,surrogate,spin_density_only,0.44545454545454544,2.4511229799523937,-1.6046192152785466e-17,-4.640385298237959e-17,0.7858738244437494,-1.0464717628447875,0.9443065945942604,0.9804491919809575,5.0,5.0,-4.818676322157797e-19
haxs.stage5c2gR32A.g1-deterministic.v1,limit_spin_density_zero_rect2x3,rect2x3_hole_3,8,surrogate,spin_density_only,0.47727272727272724,2.4444702651403887,1.8214596497756474e-17,5.811323644522304e-17,0.7743803903532775,-1.110456532063682,0.9254519185404564,0.9777881060561555,5.0,5.0,-6.972022303622064e-19
haxs.stage5c2gR32A.g1-deterministic.v1,limit_spin_density_zero_rect2x3,rect2x3_hole_3,8,surrogate,spin_density_only,0.509090909090909,2.437515315518269,4.0332320816460765e-17,-2.7321894746634712e-17,0.7631904360593814,-1.1736708064235366,0.90689628182513,0.9750061262073076,5.0,5.0,-1.0239687184585317e-19
haxs.stage5c2gR32A.g1-deterministic.v1,limit_spin_density_zero_rect2x3,rect2x3_hole_3,8,surrogate,spin_density_only,0.5409090909090909,2.4302850791660515,6.570265165262157e-17,-4.2500725161431774e-17,0.7522780468903705,-1.2362161165347552,0.8886337939960322,0.9721140316664206,5.0,5.0,-3.8398826942194957e-19
haxs.stage5c2gR32A.g1-deterministic.v1,limit_spin_density_zero_rect2x3,rect2x3_hole_3,8,surrogate,spin_density_only,0.5727272727272726,2.4228065178724667,3.2526065174565133e-18,9.974659986866641e-18,0.7416211940879575,-1.2981786739656276,0.8706620096889859,0.9691226071489867,5.0,5.0,9.471710645741422e-19
haxs.stage5c2gR32A.g1-deterministic.v1,limit_spin_density_zero_rect2x3,rect2x3_hole_3,8,surrogate,spin_density_only,0.6045454545454545,2.4151062282089564,-1.474514954580286e-17,-1.6479873021779667e-17,0.7312017184487531,-1.3596279660691928,0.8529816234506679,0.9660424912835825,5.0,5.0,-3.704357422658808e-19
haxs.stage5c2gR32A.g1-deterministic.v1,limit_spin_density_zero_rect2x3,rect2x3_hole_3,8,surrogate,spin_density_only,0.6363636363636362,2.407210059738161,6.396792817664476e-17,8.673617379884035e-19,0.7210052373646846,-1.42061580564453,0.8355960809296168,0.9628840238952645,5.0,5.0,4.0958748738341273e-19
haxs.stage5c2gR32A.g1-deterministic.v1,limit_spin_density_zero_rect2x3,rect2x3_hole_3,8,surrogate,spin_density_only,0.6681818181818181,2.399142742797547,2.7538735181131813e-17,3.729655473350135e-17,0.7110209768175471,-1.4811758635641912,0.8185111230589096,0.9596570971190188,5.0,5.0,1.8220619843159172e-19
haxs.stage5c2gR32A.g1-deterministic.v1,limit_spin_density_zero_rect2x3,rect2x3_hole_3,8,surrogate,spin_density_only,0.7,2.39092753839409,-1.496198998029996e-17,-7.502679033599691e-17,0.7012415344373543,-1.5413236861540462,0.801734284026459,0.9563710153576359,5.0,5.0,1.5510114411945416e-19
haxs.stage5c2gR32A.g1-deterministic.v1,limit_spin_density_zero_rect2x3,rect2x3_hole_3,8,surrogate,spin_density_only,0.7318181818181817,2.382585921935507,-4.336808689942018e-17,-3.469446951953614e-18,0.6916625836749675,-1.6010571737178958,0.7852743661677992,0.9530343687742027,5.0,5.0,-1.2257507894488897e-18
haxs.stage5c2gR32A.g1-deterministic.v1,limit_spin_density_zero_rect2x3,rect2x3_hole_3,8,surrogate,spin_density_only,0.7636363636363636,2.3741373108437505,4.0332320816460765e-17,7.37257477290143e-18,0.6822825319203147,-1.6603574756478032,0.7691409150232861,0.9496549243375002,5.0,5.0,-9.89334482393023e-19
haxs.stage5c2gR32A.g1-deterministic.v1,limit_spin_density_zero_rect2x3,rect2x3_hole_3,8,surrogate,spin_density_only,0.7954545454545454,2.36559884368966,-6.938893903907228e-17,6.938893903907228e-18,0.6731021466870039,-1.7191902436996112,0.7533437156499182,0.9462395374758639,5.0,5.0,-6.053462129710735e-19
haxs.stage5c2gR32A.g1-deterministic.v1,limit_spin_density_zero_rect2x3,rect2x3_hole_3,8,surrogate,spin_density_only,0.8272727272727272,2.356985215586098,6.320898665590491e-17,1.474514954580286e-17,0.6641241637374407,-1.7775071794378157,0.7378923272335829,0.9427940862344393,5.0,5.0,-7.092489211676009e-19
haxs.stage5c2gR32A.g1-deterministic.v1,limit_spin_density_zero_rect2x3,rect2x3_hole_3,8,surrogate,spin_density_only,0.859090909090909,2.3483085714801684,-3.686287386450715e-17,2.168404344971009e-18,0.655352889483323,-1.8352478140466513,0.7227956678043794,0.9393234285920673,5.0,5.0,1.264902534566422e-19
haxs.stage5c2gR32A.g1-deterministic.v1,limit_spin_density_zero_rect2x3,rect2x3_hole_3,8,surrogate,spin_density_only,0.8909090909090909,2.3395784560180353,2.6020852139652106e-18,-1.8648277366750676e-17,0.6467938076356843,-1.892341466545138,0.7080616552981545,0.9358313824072141,5.0,5.0,1.1158247358496653e-18
haxs.stage5c2gR32A.g1-deterministic.v1,limit_spin_density_zero_rect2x3,rect2x3_hole_3,8,surrogate,spin_density_only,0.9227272727272726,2.3308018161187043,3.2851325826310784e-17,1.7780915628762273e-17,0.6384531974827672,-1.9487093367068007,0.6936969062206865,0.9323207264474818,5.0,5.0,-3.448365243044174e-19
haxs.stage5c2gR32A.g1-deterministic.v1,limit_spin_density_zero_rect2x3,rect2x3_hole_3,8,surrogate,spin_density_only,0.9545454545454545,2.3219830505218617,3.3393426912553537e-17,1.9949319973733282e-17,0.6303377689043265,-2.0042666981344546,0.6797064894728263,0.9287932202087447,5.0,5.0,-6.309454309325367e-19
haxs.stage5c2gR32A.g1-deterministic.v1,limit_spin_density_zero_rect2x3,rect2x3_hole_3,8,surrogate,spin_density_only,0.9863636363636362,2.313124099499292,1.5504091066542713e-17,1.951563910473908e-17,0.6224543177015934,-2.058925161970772,0.6660937308894057,0.9252496397997169,5.0,5.0,-3.76459087668578e-19
haxs.stage5c2gR32A.g1-deterministic.v1,limit_spin_density_zero_rect2x3,rect2x3_hole_3,8,surrogate,spin_density_only,1.018181818181818,2.304224567654427,-7.914675859144182e-18,1.3010426069826053e-18,0.6148094042114914,-2.1125949809174434,0.6528600637618419,0.9216898270617708,5.0,5.0,5.451127589441007e-19
haxs.stage5c2gR32A.g1-deterministic.v1,limit_spin_density_zero_rect2x3,rect2x3_hole_3,8,surrogate,spin_density_only,1.0499999999999998,2.2952818731788494,2.3852447794681098e-17,-2.6454533008646308e-17,0.6074090584036637,-2.1651873565550224,0.6400049217314812,0.9181127492715397,5.0,5.0,-5.55653613398821e-19
haxs.stage5c2gR32A.g1-deterministic.v1,limit_spin_density_zero_rect2x3,rect2x3_hole_3,8,surrogate,spin_density_only,1.0818181818181818,2.286291417897897,2.867714746224159e-17,-4.7704895589362195e-18,0.6002585154338217,-2.2166167020523284,0.6275256723820815,0.9145165671591589,5.0,5.0,-1.0842021724855044e-19
haxs.stage5c2gR32A.g1-deterministic.v1,limit_spin_density_zero_rect2x3,rect2x3_hole_3,8,surrogate,spin_density_only,1.1136363636363635,2.277246773680584,-5.277354074573193e-17,-4.85722573273506e-17,0.5933619865237415,-2.266802800141012,0.615417591943583,0.9108987094722336,5.0,5.0,-1.295019261579908e-19
haxs.stage5c2gR32A.g1-deterministic.v1,limit_spin_density_zero_rect2x3,rect2x3_hole_3,8,surrogate,spin_density_only,1.1454545454545453,2.2681398820641454,-6.776263578034403e-18,-9.974659986866641e-18,0.5867224706237122,-2.315672786133846,0.6036738831160741,0.9072559528256582,5.0,5.0,2.9213225203081635e-19
haxs.stage5c2gR32A.g1-deterministic.v1,limit_spin_density_zero_rect2x3,rect2x3_hole_3,8,surrogate,spin_density_only,1.1772727272727272,2.2589612650418482,6.207057437479513e-18,9.974659986866641e-18,0.5803416122502905,-2.363162880900315,0.5922857386874266,0.9035845060167393,5.0,5.0,4.788559595144313e-19
haxs.stage5c2gR32A.g1-deterministic.v1,limit_spin_density_zero_rect2x3,rect2x3_hole_3,8,surrogate,spin_density_only,1.209090909090909,2.2497002457388877,3.003917644142651e-17,3.903127820947816e-18,0.5742196100194995,-2.4092198011218042,0.5812424531663444,0.899880098295555,5.0,5.0,5.375835771907293e-19
haxs.stage5c2gR32A.g1-deterministic.v1,limit_spin_density_zero_rect2x3,rect2x3_hole_3,8,surrogate,spin_density_only,1.2409090909090907,2.240345178090464,1.2414114874959026e-17,-5.2475385148298415e-17,0.5683551787534229,-2.4538017843559996,0.5705315831710572,0.8961380712361857,5.0,5.0,-2.1533459814642663e-19
haxs.stage5c2gR32A.g1-deterministic.v1,limit_spin_density_zero_rect2x3,rect2x3_hole_3,8,surrogate,spin_density_only,1.2727272727272725,2.230883684651564,1.111307226797642e-18,-2.47198095326695e-17,0.5627455658449158,-2.496879183384097,0.5601391551078685,0.8923534738606256,5.0,5.0,7.739998842465963e-19
haxs.stage5c2gR32A.g1-deterministic.v1,limit_spin_density_zero_rect2x3,rect2x3_hole_3,8,surrogate,spin_density_only,1.3045454545454545,2.221302901382088,-1.4582519219930035e-17,-1.3010426069826053e-17,0.5573866201544692,-2.538434605649914,0.5500499161728208,0.8885211605528353,5.0,5.0,8.176691384161513e-19
haxs.stage5c2gR32A.g1-deterministic.v1,limit_spin_density_zero_rect2x3,rect2x3_hole_3,8,surrogate,spin_density_only,1.3363636363636362,2.211589727771486,-3.2526065174565133e-19,5.637851296924623e-18,0.5522729094489762,-2.5784625962871592,0.5402476223586926,0.8846358911085945,5.0,5.0,-1.4124744969325047e-18
haxs.stage5c2gR32A.g1-deterministic.v1,limit_spin_density_zero_rect2x3,rect2x3_hole_3,8,surrogate,spin_density_only,1.368181818181818,2.201731080110877,-9.161508357502512e-18,1.7780915628762273e-17,0.5473978805852986,-2.616968884236876,0.5307153553110248,0.8806924320443509,5.0,5.0,6.62567994296698e-20
haxs.stage5c2gR32A.g1-deterministic.v1,limit_spin_density_zero_rect2x3,rect2x3_hole_3,8,surrogate,spin_density_only,1.4,2.191714145188583,8.42425088021237e-17,1.214306433183765e-17,0.5427540554892455,-2.653969227882903,0.521435858766015,0.8766856580754332,5.0,5.0,-8.598325562350319e-19
