stage,block,shape,N,label,occupancy_idx,path_idx,phase_idx,occupancy_seed,hole_path_seed,phase_batch_seed,occupancy_hash,path_hash,run_id,xi2_db_fixed,xi2_db_min,fixed_time,time_at_min,N_eff_fixed,active_bonds_fixed,runtime_seconds,config_hash
stage5c2d,confirmation,3x3x3,27,static_only,0,0,0,221001,0,421001,fedb8539feb9341c,6bd46ec6505eab22,confirmation_occ000_path00_phase00_static_only,-4.21764606580055,-5.487530016251247,0.9227272727272726,1.4,23.0,41.0,0.331567624991294,90af02170d880284
stage5c2d,confirmation,3x3x3,27,mobile_plus_spin_density,0,0,0,221001,321001,421001,fedb8539feb9341c,ed8e2b3e9247c45f,confirmation_occ000_path00_phase00_mobile_plus_spin_density,-3.8024330666803596,-4.642040186148947,0.9227272727272726,1.2727272727272725,23.0,41.0,0.3202721669804305,90af02170d880284
stage5c2d,confirmation,3x3x3,27,static_only,0,0,1,221001,0,421002,fedb8539feb9341c,6bd46ec6505eab22,confirmation_occ000_path00_phase01_static_only,-3.4819581759266205,-4.6494457860417535,0.9227272727272726,1.4,23.0,41.0,0.32273645797977224,90af02170d880284
stage5c2d,confirmation,3x3x3,27,mobile_plus_spin_density,0,0,1,221001,321001,421002,fedb8539feb9341c,ed8e2b3e9247c45f,confirmation_occ000_path00_phase01_mobile_plus_spin_density,-3.2279451453537384,-4.019452594801949,0.9227272727272726,1.2727272727272725,23.0,41.0,0.32603466702857986,90af02170d880284
stage5c2d,confirmation,3x3x3,27,static_only,0,0,2,221001,0,421003,fedb8539feb9341c,6bd46ec6505eab22,confirmation_occ000_path00_phase02_static_only,-3.7427475126038336,-4.93062121063691,0.9227272727272726,1.4,23.0,41.0,0.32373504096176475,90af02170d880284
stage5c2d,confirmation,3x3x3,27,mobile_plus_spin_density,0,0,2,221001,321001,421003,fedb8539feb9341c,ed8e2b3e9247c45f,confirmation_occ000_path00_phase02_mobile_plus_spin_density,-3.6408301842578865,-4.490167482207939,0.9227272727272726,1.2727272727272725,23.0,41.0,0.32297941599972546,90af02170d880284
stage5c2d,confirmation,3x3x3,27,static_only,0,0,3,221001,0,421004,fedb8539feb9341c,6bd46ec6505eab22,confirmation_occ000_path00_phase03_static_only,-3.8113235372894843,-5.0307200555910025,0.9227272727272726,1.4,23.0,41.0,0.3212243340094574,90af02170d880284
stage5c2d,confirmation,3x3x3,27,mobile_plus_spin_density,0,0,3,221001,321001,421004,fedb8539feb9341c,ed8e2b3e9247c45f,confirmation_occ000_path00_phase03_mobile_plus_spin_density,-3.6053220432248443,-4.447371580102094,0.9227272727272726,1.2727272727272725,23.0,41.0,0.3233515419997275,90af02170d880284
stage5c2d,confirmation,3x3x3,27,static_only,0,1,0,221001,0,422001,fedb8539feb9341c,6bd46ec6505eab22,confirmation_occ000_path01_phase00_static_only,-3.656616868717725,-4.828752126181607,0.9227272727272726,1.4,23.0,41.0,0.31862325000111014,90af02170d880284
stage5c2d,confirmation,3x3x3,27,mobile_plus_spin_density,0,1,0,221001,321002,422001,fedb8539feb9341c,02b6dc2ffa8cdfc8,confirmation_occ000_path01_phase00_mobile_plus_spin_density,-3.644137387990931,-4.673795710918515,0.9227272727272726,1.4,23.0,41.0,0.3196101659559645,90af02170d880284
stage5c2d,confirmation,3x3x3,27,static_only,0,1,1,221001,0,422002,fedb8539feb9341c,6bd46ec6505eab22,confirmation_occ000_path01_phase01_static_only,-3.6522036614175226,-4.838491265504474,0.9227272727272726,1.4,23.0,41.0,0.31788624997716397,90af02170d880284
stage5c2d,confirmation,3x3x3,27,mobile_plus_spin_density,0,1,1,221001,321002,422002,fedb8539feb9341c,02b6dc2ffa8cdfc8,confirmation_occ000_path01_phase01_mobile_plus_spin_density,-3.7370123544182787,-4.776763743656896,0.9227272727272726,1.4,23.0,41.0,0.32275895797647536,90af02170d880284
stage5c2d,confirmation,3x3x3,27,static_only,0,1,2,221001,0,422003,fedb8539feb9341c,6bd46ec6505eab22,confirmation_occ000_path01_phase02_static_only,-3.7280765874686868,-5.019011834039602,0.9227272727272726,1.4,23.0,41.0,0.32200649997685105,90af02170d880284
stage5c2d,confirmation,3x3x3,27,mobile_plus_spin_density,0,1,2,221001,321002,422003,fedb8539feb9341c,02b6dc2ffa8cdfc8,confirmation_occ000_path01_phase02_mobile_plus_spin_density,-3.635254598114897,-4.784578875152135,0.9227272727272726,1.4,23.0,41.0,0.3245175420306623,90af02170d880284
stage5c2d,confirmation,3x3x3,27,static_only,0,1,3,221001,0,422004,fedb8539feb9341c,6bd46ec6505eab22,confirmation_occ000_path01_phase03_static_only,-3.497934630091229,-4.851065558282453,0.9227272727272726,1.4,23.0,41.0,0.3221600000397302,90af02170d880284
stage5c2d,confirmation,3x3x3,27,mobile_plus_spin_density,0,1,3,221001,321002,422004,fedb8539feb9341c,02b6dc2ffa8cdfc8,confirmation_occ000_path01_phase03_mobile_plus_spin_density,-3.4748588388221653,-4.722888952952929,0.9227272727272726,1.4,23.0,41.0,0.3229839160339907,90af02170d880284
stage5c2d,confirmation,3x3x3,27,static_only,0,2,0,221001,0,423001,fedb8539feb9341c,6bd46ec6505eab22,confirmation_occ000_path02_phase00_static_only,-3.407914411677537,-4.701106067821908,0.9227272727272726,1.4,23.0,41.0,0.32143499999074265,90af02170d880284
stage5c2d,confirmation,3x3x3,27,mobile_plus_spin_density,0,2,0,221001,321003,423001,fedb8539feb9341c,97e701713f84d633,confirmation_occ000_path02_phase00_mobile_plus_spin_density,-2.9285632275744744,-4.0858240869215665,0.9227272727272726,1.4,23.0,41.0,0.3185904580168426,90af02170d880284
stage5c2d,confirmation,3x3x3,27,static_only,0,2,1,221001,0,423002,fedb8539feb9341c,6bd46ec6505eab22,confirmation_occ000_path02_phase01_static_only,-3.7203042497152867,-4.912406721574655,0.9227272727272726,1.4,23.0,41.0,0.32068775000516325,90af02170d880284
stage5c2d,confirmation,3x3x3,27,mobile_plus_spin_density,0,2,1,221001,321003,423002,fedb8539feb9341c,97e701713f84d633,confirmation_occ000_path02_phase01_mobile_plus_spin_density,-3.1191303849300454,-4.278812685781567,0.9227272727272726,1.4,23.0,41.0,0.3180667500128038,90af02170d880284
stage5c2d,confirmation,3x3x3,27,static_only,0,2,2,221001,0,423003,fedb8539feb9341c,6bd46ec6505eab22,confirmation_occ000_path02_phase02_static_only,-3.4193871071364503,-4.629164845575357,0.9227272727272726,1.4,23.0,41.0,0.3243652500095777,90af02170d880284
stage5c2d,confirmation,3x3x3,27,mobile_plus_spin_density,0,2,2,221001,321003,423003,fedb8539feb9341c,97e701713f84d633,confirmation_occ000_path02_phase02_mobile_plus_spin_density,-2.922025059074205,-4.020592539552256,0.9227272727272726,1.4,23.0,41.0,0.3210010420298204,90af02170d880284
stage5c2d,confirmation,3x3x3,27,static_only,0,2,3,221001,0,423004,fedb8539feb9341c,6bd46ec6505eab22,confirmation_occ000_path02_phase03_static_only,-3.635474980767628,-4.807519515771367,0.9227272727272726,1.4,23.0,41.0,0.32159012503689155,90af02170d880284
stage5c2d,confirmation,3x3x3,27,mobile_plus_spin_density,0,2,3,221001,321003,423004,fedb8539feb9341c,97e701713f84d633,confirmation_occ000_path02_phase03_mobile_plus_spin_density,-3.137314812757352,-4.34042026009341,0.9227272727272726,1.4,23.0,41.0,0.31913858297048137,90af02170d880284
stage5c2d,confirmation,3x3x3,27,static_only,0,3,0,221001,0,424001,fedb8539feb9341c,6bd46ec6505eab22,confirmation_occ000_path03_phase00_static_only,-3.379472713862912,-4.603969913877308,0.9227272727272726,1.4,23.0,41.0,0.3221628749743104,90af02170d880284
stage5c2d,confirmation,3x3x3,27,mobile_plus_spin_density,0,3,0,221001,321004,424001,fedb8539feb9341c,73e1a42f0c1dec15,confirmation_occ000_path03_phase00_mobile_plus_spin_density,-3.211375333702292,-3.6265550701502924,0.9227272727272726,1.4,23.0,41.0,0.32288437499664724,90af02170d880284
stage5c2d,confirmation,3x3x3,27,static_only,0,3,1,221001,0,424002,fedb8539feb9341c,6bd46ec6505eab22,confirmation_occ000_path03_phase01_static_only,-3.8401290936241557,-5.100444728559511,0.9227272727272726,1.4,23.0,41.0,0.32051120896358043,90af02170d880284
stage5c2d,confirmation,3x3x3,27,mobile_plus_spin_density,0,3,1,221001,321004,424002,fedb8539feb9341c,73e1a42f0c1dec15,confirmation_occ000_path03_phase01_mobile_plus_spin_density,-3.6950835628926857,-4.038278044715117,0.9227272727272726,1.0499999999999998,23.0,41.0,0.32325275003677234,90af02170d880284
stage5c2d,confirmation,3x3x3,27,static_only,0,3,2,221001,0,424003,fedb8539feb9341c,6bd46ec6505eab22,confirmation_occ000_path03_phase02_static_only,-3.5333899307987213,-4.770601535358842,0.9227272727272726,1.4,23.0,41.0,0.3199562919908203,90af02170d880284
stage5c2d,confirmation,3x3x3,27,mobile_plus_spin_density,0,3,2,221001,321004,424003,fedb8539feb9341c,73e1a42f0c1dec15,confirmation_occ000_path03_phase02_mobile_plus_spin_density,-3.414104800872036,-4.229192761181193,0.9227272727272726,1.4,23.0,41.0,0.3224151659524068,90af02170d880284
stage5c2d,confirmation,3x3x3,27,static_only,0,3,3,221001,0,424004,fedb8539feb9341c,6bd46ec6505eab22,confirmation_occ000_path03_phase03_static_only,-3.862174590599689,-5.1610348641533275,0.9227272727272726,1.4,23.0,41.0,0.3226925419876352,90af02170d880284
stage5c2d,confirmation,3x3x3,27,mobile_plus_spin_density,0,3,3,221001,321004,424004,fedb8539feb9341c,73e1a42f0c1dec15,confirmation_occ000_path03_phase03_mobile_plus_spin_density,-3.7516308481814247,-4.222666948850815,0.9227272727272726,1.4,23.0,41.0,0.32171891699545085,90af02170d880284
stage5c2d,confirmation,3x3x3,27,static_only,1,0,0,221002,0,521001,9ce740c4fccfaf36,923c09bbeb73acc9,confirmation_occ001_path00_phase00_static_only,-3.5191376164929693,-4.743817188059991,0.9227272727272726,1.4,23.0,39.0,0.31264441699022427,90af02170d880284
stage5c2d,confirmation,3x3x3,27,mobile_plus_spin_density,1,0,0,221002,322001,521001,9ce740c4fccfaf36,39161b47f52deceb,confirmation_occ001_path00_phase00_mobile_plus_spin_density,-3.343486316934528,-4.407465440855408,0.9227272727272726,1.4,23.0,39.0,0.3171892079990357,90af02170d880284
stage5c2d,confirmation,3x3x3,27,static_only,1,0,1,221002,0,521002,9ce740c4fccfaf36,923c09bbeb73acc9,confirmation_occ001_path00_phase01_static_only,-3.6273822036271524,-4.779730292558033,0.9227272727272726,1.4,23.0,39.0,0.3123072920134291,90af02170d880284
stage5c2d,confirmation,3x3x3,27,mobile_plus_spin_density,1,0,1,221002,322001,521002,9ce740c4fccfaf36,39161b47f52deceb,confirmation_occ001_path00_phase01_mobile_plus_spin_density,-3.405099169224436,-4.366719172370025,0.9227272727272726,1.4,23.0,39.0,0.31704558298224583,90af02170d880284
stage5c2d,confirmation,3x3x3,27,static_only,1,0,2,221002,0,521003,9ce740c4fccfaf36,923c09bbeb73acc9,confirmation_occ001_path00_phase02_static_only,-3.538842650138699,-4.684046074676002,0.9227272727272726,1.4,23.0,39.0,0.31259104202035815,90af02170d880284
stage5c2d,confirmation,3x3x3,27,mobile_plus_spin_density,1,0,2,221002,322001,521003,9ce740c4fccfaf36,39161b47f52deceb,confirmation_occ001_path00_phase02_mobile_plus_spin_density,-3.326585426861369,-4.30998160448844,0.9227272727272726,1.4,23.0,39.0,0.3176647500367835,90af02170d880284
stage5c2d,confirmation,3x3x3,27,static_only,1,0,3,221002,0,521004,9ce740c4fccfaf36,923c09bbeb73acc9,confirmation_occ001_path00_phase03_static_only,-3.2629681560626604,-4.455093412476122,0.9227272727272726,1.4,23.0,39.0,0.3128768340102397,90af02170d880284
stage5c2d,confirmation,3x3x3,27,mobile_plus_spin_density,1,0,3,221002,322001,521004,9ce740c4fccfaf36,39161b47f52deceb,confirmation_occ001_path00_phase03_mobile_plus_spin_density,-3.0607604858556576,-4.040296548068767,0.9227272727272726,1.4,23.0,39.0,0.31626608298392966,90af02170d880284
stage5c2d,confirmation,3x3x3,27,static_only,1,1,0,221002,0,522001,9ce740c4fccfaf36,923c09bbeb73acc9,confirmation_occ001_path01_phase00_static_only,-3.1608867660869473,-4.260941562751914,0.9227272727272726,1.4,23.0,39.0,0.3133766249520704,90af02170d880284
stage5c2d,confirmation,3x3x3,27,mobile_plus_spin_density,1,1,0,221002,322002,522001,9ce740c4fccfaf36,306866f354f1e842,confirmation_occ001_path01_phase00_mobile_plus_spin_density,-2.5321710665537553,-3.513283211610396,0.9227272727272726,1.4,23.0,38.0,0.3111877499613911,90af02170d880284
stage5c2d,confirmation,3x3x3,27,static_only,1,1,1,221002,0,522002,9ce740c4fccfaf36,923c09bbeb73acc9,confirmation_occ001_path01_phase01_static_only,-3.1549002461223385,-4.384571573535182,0.9227272727272726,1.4,23.0,39.0,0.31265341700054705,90af02170d880284
stage5c2d,confirmation,3x3x3,27,mobile_plus_spin_density,1,1,1,221002,322002,522002,9ce740c4fccfaf36,306866f354f1e842,confirmation_occ001_path01_phase01_mobile_plus_spin_density,-2.547040614424361,-3.568957098763583,0.9227272727272726,1.4,23.0,38.0,0.3111511669703759,90af02170d880284
stage5c2d,confirmation,3x3x3,27,static_only,1,1,2,221002,0,522003,9ce740c4fccfaf36,923c09bbeb73acc9,confirmation_occ001_path01_phase02_static_only,-3.4555181822890315,-4.5411696794448355,0.9227272727272726,1.4,23.0,39.0,0.311839375004638,90af02170d880284
stage5c2d,confirmation,3x3x3,27,mobile_plus_spin_density,1,1,2,221002,322002,522003,9ce740c4fccfaf36,306866f354f1e842,confirmation_occ001_path01_phase02_mobile_plus_spin_density,-2.6899383099968115,-3.648355901373603,0.9227272727272726,1.4,23.0,38.0,0.3123577500227839,90af02170d880284
stage5c2d,confirmation,3x3x3,27,static_only,1,1,3,221002,0,522004,9ce740c4fccfaf36,923c09bbeb73acc9,confirmation_occ001_path01_phase03_static_only,-3.6470694829061094,-4.7781200782953785,0.9227272727272726,1.4,23.0,39.0,0.3122639579814859,90af02170d880284
stage5c2d,confirmation,3x3x3,27,mobile_plus_spin_density,1,1,3,221002,322002,522004,9ce740c4fccfaf36,306866f354f1e842,confirmation_occ001_path01_phase03_mobile_plus_spin_density,-2.9709095859477985,-3.976237112770715,0.9227272727272726,1.4,23.0,38.0,0.31159112497698516,90af02170d880284
stage5c2d,confirmation,3x3x3,27,static_only,1,2,0,221002,0,523001,9ce740c4fccfaf36,923c09bbeb73acc9,confirmation_occ001_path02_phase00_static_only,-3.4456972158457884,-4.696153800199948,0.9227272727272726,1.4,23.0,39.0,0.31297170801553875,90af02170d880284
stage5c2d,confirmation,3x3x3,27,mobile_plus_spin_density,1,2,0,221002,322003,523001,9ce740c4fccfaf36,32d2e41c139621bb,confirmation_occ001_path02_phase00_mobile_plus_spin_density,-3.2895757954979925,-4.2194125575586,0.9227272727272726,1.2727272727272725,23.0,40.0,0.3159906250075437,90af02170d880284
stage5c2d,confirmation,3x3x3,27,static_only,1,2,1,221002,0,523002,9ce740c4fccfaf36,923c09bbeb73acc9,confirmation_occ001_path02_phase01_static_only,-3.3447187900079385,-4.451858071017422,0.9227272727272726,1.4,23.0,39.0,0.3132797090220265,90af02170d880284
stage5c2d,confirmation,3x3x3,27,mobile_plus_spin_density,1,2,1,221002,322003,523002,9ce740c4fccfaf36,32d2e41c139621bb,confirmation_occ001_path02_phase01_mobile_plus_spin_density,-3.0571584652980643,-3.906892238052699,0.9227272727272726,1.2727272727272725,23.0,40.0,0.3166260840371251,90af02170d880284
stage5c2d,confirmation,3x3x3,27,static_only,1,2,2,221002,0,523003,9ce740c4fccfaf36,923c09bbeb73acc9,confirmation_occ001_path02_phase02_static_only,-3.0862154739462753,-4.2489216050773875,0.9227272727272726,1.4,23.0,39.0,0.3121938330004923,90af02170d880284
stage5c2d,confirmation,3x3x3,27,mobile_plus_spin_density,1,2,2,221002,322003,523003,9ce740c4fccfaf36,32d2e41c139621bb,confirmation_occ001_path02_phase02_mobile_plus_spin_density,-3.1102972882984643,-4.017221513115468,0.9227272727272726,1.2727272727272725,23.0,40.0,0.3167044169967994,90af02170d880284
stage5c2d,confirmation,3x3x3,27,static_only,1,2,3,221002,0,523004,9ce740c4fccfaf36,923c09bbeb73acc9,confirmation_occ001_path02_phase03_static_only,-3.501648572181209,-4.704008603631012,0.9227272727272726,1.4,23.0,39.0,0.3121833749464713,90af02170d880284
stage5c2d,confirmation,3x3x3,27,mobile_plus_spin_density,1,2,3,221002,322003,523004,9ce740c4fccfaf36,32d2e41c139621bb,confirmation_occ001_path02_phase03_mobile_plus_spin_density,-3.6614346772550697,-4.614507850470822,0.9227272727272726,1.2727272727272725,23.0,40.0,0.3167869999888353,90af02170d880284
stage5c2d,confirmation,3x3x3,27,static_only,1,3,0,221002,0,524001,9ce740c4fccfaf36,923c09bbeb73acc9,confirmation_occ001_path03_phase00_static_only,-3.3936855437890285,-4.640134940180892,0.9227272727272726,1.4,23.0,39.0,0.31321058404864743,90af02170d880284
stage5c2d,confirmation,3x3x3,27,mobile_plus_spin_density,1,3,0,221002,322004,524001,9ce740c4fccfaf36,4f0eca5aa8a068e8,confirmation_occ001_path03_phase00_mobile_plus_spin_density,-2.8055959933816057,-3.2751060784622683,0.9227272727272726,1.2727272727272725,23.0,40.0,0.3162005830090493,90af02170d880284
stage5c2d,confirmation,3x3x3,27,static_only,1,3,1,221002,0,524002,9ce740c4fccfaf36,923c09bbeb73acc9,confirmation_occ001_path03_phase01_static_only,-3.2741915631564393,-4.601041981372659,0.9227272727272726,1.4,23.0,39.0,0.3125939589808695,90af02170d880284
stage5c2d,confirmation,3x3x3,27,mobile_plus_spin_density,1,3,1,221002,322004,524002,9ce740c4fccfaf36,4f0eca5aa8a068e8,confirmation_occ001_path03_phase01_mobile_plus_spin_density,-3.08510837115628,-3.638873455546186,0.9227272727272726,1.2727272727272725,23.0,40.0,0.31695362500613555,90af02170d880284
stage5c2d,confirmation,3x3x3,27,static_only,1,3,2,221002,0,524003,9ce740c4fccfaf36,923c09bbeb73acc9,confirmation_occ001_path03_phase02_static_only,-3.3540779740924824,-4.483826714512228,0.9227272727272726,1.4,23.0,39.0,0.31247762497514486,90af02170d880284
stage5c2d,confirmation,3x3x3,27,mobile_plus_spin_density,1,3,2,221002,322004,524003,9ce740c4fccfaf36,4f0eca5aa8a068e8,confirmation_occ001_path03_phase02_mobile_plus_spin_density,-3.1341564411419816,-3.6084319249874133,0.9227272727272726,1.0818181818181818,23.0,40.0,0.3165992919821292,90af02170d880284
stage5c2d,confirmation,3x3x3,27,static_only,1,3,3,221002,0,524004,9ce740c4fccfaf36,923c09bbeb73acc9,confirmation_occ001_path03_phase03_static_only,-3.375729299136381,-4.645568800245983,0.9227272727272726,1.4,23.0,39.0,0.31216258299537003,90af02170d880284
stage5c2d,confirmation,3x3x3,27,mobile_plus_spin_density,1,3,3,221002,322004,524004,9ce740c4fccfaf36,4f0eca5aa8a068e8,confirmation_occ001_path03_phase03_mobile_plus_spin_density,-2.9296595390408293,-3.5934984662747533,0.9227272727272726,1.4,23.0,40.0,0.31655629200395197,90af02170d880284
stage5c2d,confirmation,3x3x3,27,static_only,2,0,0,221003,0,621001,8c79803ac1513d81,4ab12fcdacdfd502,confirmation_occ002_path00_phase00_static_only,-3.3474864623437433,-4.566165780037508,0.9227272727272726,1.4,22.0,37.0,0.3042002500151284,90af02170d880284
stage5c2d,confirmation,3x3x3,27,mobile_plus_spin_density,2,0,0,221003,323001,621001,8c79803ac1513d81,8235330cdd5259fb,confirmation_occ002_path00_phase00_mobile_plus_spin_density,-3.1490860884289718,-3.2351768769574014,0.9227272727272726,0.9545454545454545,22.0,35.0,0.30018008302431554,90af02170d880284
stage5c2d,confirmation,3x3x3,27,static_only,2,0,1,221003,0,621002,8c79803ac1513d81,4ab12fcdacdfd502,confirmation_occ002_path00_phase01_static_only,-3.6712213855454596,-4.853973622666162,0.9227272727272726,1.4,22.0,37.0,0.30550775001756847,90af02170d880284
stage5c2d,confirmation,3x3x3,27,mobile_plus_spin_density,2,0,1,221003,323001,621002,8c79803ac1513d81,8235330cdd5259fb,confirmation_occ002_path00_phase01_mobile_plus_spin_density,-3.3007925481457683,-3.391536983341287,0.9227272727272726,0.9545454545454545,22.0,35.0,0.29987804201664403,90af02170d880284
stage5c2d,confirmation,3x3x3,27,static_only,2,0,2,221003,0,621003,8c79803ac1513d81,4ab12fcdacdfd502,confirmation_occ002_path00_phase02_static_only,-3.5019936141257735,-4.709186221032361,0.9227272727272726,1.4,22.0,37.0,0.30512600002111867,90af02170d880284
stage5c2d,confirmation,3x3x3,27,mobile_plus_spin_density,2,0,2,221003,323001,621003,8c79803ac1513d81,8235330cdd5259fb,confirmation_occ002_path00_phase02_mobile_plus_spin_density,-2.7369237930776054,-2.8232875897556315,0.9227272727272726,0.9545454545454545,22.0,35.0,0.30140058300457895,90af02170d880284
stage5c2d,confirmation,3x3x3,27,static_only,2,0,3,221003,0,621004,8c79803ac1513d81,4ab12fcdacdfd502,confirmation_occ002_path00_phase03_static_only,-3.1391598940884515,-4.475188762928476,0.9227272727272726,1.4,22.0,37.0,0.3063477090327069,90af02170d880284
stage5c2d,confirmation,3x3x3,27,mobile_plus_spin_density,2,0,3,221003,323001,621004,8c79803ac1513d81,8235330cdd5259fb,confirmation_occ002_path00_phase03_mobile_plus_spin_density,-2.8212045063141,-2.9211805401795585,0.9227272727272726,0.9545454545454545,22.0,35.0,0.30108512501465157,90af02170d880284
stage5c2d,confirmation,3x3x3,27,static_only,2,1,0,221003,0,622001,8c79803ac1513d81,4ab12fcdacdfd502,confirmation_occ002_path01_phase00_static_only,-3.382717392155948,-4.6834288351183515,0.9227272727272726,1.4,22.0,37.0,0.3054732919554226,90af02170d880284
stage5c2d,confirmation,3x3x3,27,mobile_plus_spin_density,2,1,0,221003,323002,622001,8c79803ac1513d81,f0c41f0711e39685,confirmation_occ002_path01_phase00_mobile_plus_spin_density,-3.3178551073479747,-3.598247214992259,0.9227272727272726,1.018181818181818,22.0,37.0,0.305211708007846,90af02170d880284
stage5c2d,confirmation,3x3x3,27,static_only,2,1,1,221003,0,622002,8c79803ac1513d81,4ab12fcdacdfd502,confirmation_occ002_path01_phase01_static_only,-3.5672562610762286,-4.8924911507009075,0.9227272727272726,1.4,22.0,37.0,0.3050682499888353,90af02170d880284
stage5c2d,confirmation,3x3x3,27,mobile_plus_spin_density,2,1,1,221003,323002,622002,8c79803ac1513d81,f0c41f0711e39685,confirmation_occ002_path01_phase01_mobile_plus_spin_density,-3.2983596726350877,-3.7267207046862785,0.9227272727272726,1.3045454545454545,22.0,37.0,0.30513774999417365,90af02170d880284
stage5c2d,confirmation,3x3x3,27,static_only,2,1,2,221003,0,622003,8c79803ac1513d81,4ab12fcdacdfd502,confirmation_occ002_path01_phase02_static_only,-3.2868143119068707,-4.6038983549043095,0.9227272727272726,1.4,22.0,37.0,0.3051898750127293,90af02170d880284
stage5c2d,confirmation,3x3x3,27,mobile_plus_spin_density,2,1,2,221003,323002,622003,8c79803ac1513d81,f0c41f0711e39685,confirmation_occ002_path01_phase02_mobile_plus_spin_density,-3.1211279561671668,-3.4016299960877756,0.9227272727272726,1.018181818181818,22.0,37.0,0.3052377919666469,90af02170d880284
stage5c2d,confirmation,3x3x3,27,static_only,2,1,3,221003,0,622004,8c79803ac1513d81,4ab12fcdacdfd502,confirmation_occ002_path01_phase03_static_only,-3.5248372774765393,-4.757832450410032,0.9227272727272726,1.4,22.0,37.0,0.30905108398292214,90af02170d880284
stage5c2d,confirmation,3x3x3,27,mobile_plus_spin_density,2,1,3,221003,323002,622004,8c79803ac1513d81,f0c41f0711e39685,confirmation_occ002_path01_phase03_mobile_plus_spin_density,-3.446550401765654,-3.7143730428075488,0.9227272727272726,1.018181818181818,22.0,37.0,0.3102988330065273,90af02170d880284
stage5c2d,confirmation,3x3x3,27,static_only,2,2,0,221003,0,623001,8c79803ac1513d81,4ab12fcdacdfd502,confirmation_occ002_path02_phase00_static_only,-3.4784317448929816,-4.701278574895476,0.9227272727272726,1.4,22.0,37.0,0.31079912499990314,90af02170d880284
stage5c2d,confirmation,3x3x3,27,mobile_plus_spin_density,2,2,0,221003,323003,623001,8c79803ac1513d81,6373a18372018f3a,confirmation_occ002_path02_phase00_mobile_plus_spin_density,-2.726306067810887,-3.759627971470615,0.9227272727272726,1.4,22.0,36.0,0.3026411670143716,90af02170d880284
stage5c2d,confirmation,3x3x3,27,static_only,2,2,1,221003,0,623002,8c79803ac1513d81,4ab12fcdacdfd502,confirmation_occ002_path02_phase01_static_only,-3.3910175154371744,-4.570819461679187,0.9227272727272726,1.4,22.0,37.0,0.31060737499501556,90af02170d880284
stage5c2d,confirmation,3x3x3,27,mobile_plus_spin_density,2,2,1,221003,323003,623002,8c79803ac1513d81,6373a18372018f3a,confirmation_occ002_path02_phase01_mobile_plus_spin_density,-2.8007178424618857,-3.834812945835233,0.9227272727272726,1.4,22.0,36.0,0.3023929580231197,90af02170d880284
stage5c2d,confirmation,3x3x3,27,static_only,2,2,2,221003,0,623003,8c79803ac1513d81,4ab12fcdacdfd502,confirmation_occ002_path02_phase02_static_only,-3.3467363240173564,-4.609085962500131,0.9227272727272726,1.4,22.0,37.0,0.310320042015519,90af02170d880284
stage5c2d,confirmation,3x3x3,27,mobile_plus_spin_density,2,2,2,221003,323003,623003,8c79803ac1513d81,6373a18372018f3a,confirmation_occ002_path02_phase02_mobile_plus_spin_density,-2.46138478850496,-3.494264262608258,0.9227272727272726,1.4,22.0,36.0,0.30199687503045425,90af02170d880284
stage5c2d,confirmation,3x3x3,27,static_only,2,2,3,221003,0,623004,8c79803ac1513d81,4ab12fcdacdfd502,confirmation_occ002_path02_phase03_static_only,-3.574718609594295,-4.770675338615765,0.9227272727272726,1.4,22.0,37.0,0.30939458298962563,90af02170d880284
stage5c2d,confirmation,3x3x3,27,mobile_plus_spin_density,2,2,3,221003,323003,623004,8c79803ac1513d81,6373a18372018f3a,confirmation_occ002_path02_phase03_mobile_plus_spin_density,-2.7159504716799776,-3.7567861177087503,0.9227272727272726,1.4,22.0,36.0,0.3017952090012841,90af02170d880284
stage5c2d,confirmation,3x3x3,27,static_only,2,3,0,221003,0,624001,8c79803ac1513d81,4ab12fcdacdfd502,confirmation_occ002_path03_phase00_static_only,-3.3383486181450808,-4.56293985973348,0.9227272727272726,1.4,22.0,37.0,0.3097926659975201,90af02170d880284
stage5c2d,confirmation,3x3x3,27,mobile_plus_spin_density,2,3,0,221003,323004,624001,8c79803ac1513d81,e006fb1ef76a0dd3,confirmation_occ002_path03_phase00_mobile_plus_spin_density,-3.070981633422589,-3.8486136146991603,0.9227272727272726,1.4,22.0,36.0,0.30550150002818555,90af02170d880284
stage5c2d,confirmation,3x3x3,27,static_only,2,3,1,221003,0,624002,8c79803ac1513d81,4ab12fcdacdfd502,confirmation_occ002_path03_phase01_static_only,-3.3897324795095334,-4.758289988095293,0.9227272727272726,1.4,22.0,37.0,0.30867375002708286,90af02170d880284
stage5c2d,confirmation,3x3x3,27,mobile_plus_spin_density,2,3,1,221003,323004,624002,8c79803ac1513d81,e006fb1ef76a0dd3,confirmation_occ002_path03_phase01_mobile_plus_spin_density,-2.885037145064535,-3.6071142736845703,0.9227272727272726,1.4,22.0,36.0,0.3070810830104165,90af02170d880284
stage5c2d,confirmation,3x3x3,27,static_only,2,3,2,221003,0,624003,8c79803ac1513d81,4ab12fcdacdfd502,confirmation_occ002_path03_phase02_static_only,-3.425691155882713,-4.71553199665499,0.9227272727272726,1.4,22.0,37.0,0.3088671249570325,90af02170d880284
stage5c2d,confirmation,3x3x3,27,mobile_plus_spin_density,2,3,2,221003,323004,624003,8c79803ac1513d81,e006fb1ef76a0dd3,confirmation_occ002_path03_phase02_mobile_plus_spin_density,-2.9361488977944057,-3.6135937429139915,0.9227272727272726,1.4,22.0,36.0,0.3060114579857327,90af02170d880284
stage5c2d,confirmation,3x3x3,27,static_only,2,3,3,221003,0,624004,8c79803ac1513d81,4ab12fcdacdfd502,confirmation_occ002_path03_phase03_static_only,-3.7500131762580793,-5.028124170590633,0.9227272727272726,1.4,22.0,37.0,0.3097917499835603,90af02170d880284
stage5c2d,confirmation,3x3x3,27,mobile_plus_spin_density,2,3,3,221003,323004,624004,8c79803ac1513d81,e006fb1ef76a0dd3,confirmation_occ002_path03_phase03_mobile_plus_spin_density,-2.8918206045041255,-3.5642552851112623,0.9227272727272726,1.4,22.0,36.0,0.30578216700814664,90af02170d880284
stage5c2d,confirmation,3x3x3,27,static_only,3,0,0,221004,0,721001,24a8a5d60166062d,119453dbc27fd326,confirmation_occ003_path00_phase00_static_only,-2.8018305527339975,-3.89104015979707,0.9227272727272726,1.4,20.0,28.0,0.2754652919829823,90af02170d880284
stage5c2d,confirmation,3x3x3,27,mobile_plus_spin_density,3,0,0,221004,324001,721001,24a8a5d60166062d,2eb8770f830516e5,confirmation_occ003_path00_phase00_mobile_plus_spin_density,-2.504142390873546,-3.0270219844474373,0.9227272727272726,1.4,20.0,27.0,0.27304633299354464,90af02170d880284
stage5c2d,confirmation,3x3x3,27,static_only,3,0,1,221004,0,721002,24a8a5d60166062d,119453dbc27fd326,confirmation_occ003_path00_phase01_static_only,-2.9437119889797203,-3.9997244838454975,0.9227272727272726,1.4,20.0,28.0,0.2753895000205375,90af02170d880284
stage5c2d,confirmation,3x3x3,27,mobile_plus_spin_density,3,0,1,221004,324001,721002,24a8a5d60166062d,2eb8770f830516e5,confirmation_occ003_path00_phase01_mobile_plus_spin_density,-2.757654663600624,-3.2025518405897673,0.9227272727272726,1.4,20.0,27.0,0.2733113330323249,90af02170d880284
stage5c2d,confirmation,3x3x3,27,static_only,3,0,2,221004,0,721003,24a8a5d60166062d,119453dbc27fd326,confirmation_occ003_path00_phase02_static_only,-2.6805267759011295,-3.800253088915956,0.9227272727272726,1.4,20.0,28.0,0.2748184999800287,90af02170d880284
stage5c2d,confirmation,3x3x3,27,mobile_plus_spin_density,3,0,2,221004,324001,721003,24a8a5d60166062d,2eb8770f830516e5,confirmation_occ003_path00_phase02_mobile_plus_spin_density,-2.4489295831017133,-3.088595578085469,0.9227272727272726,1.4,20.0,27.0,0.27324925002176315,90af02170d880284
stage5c2d,confirmation,3x3x3,27,static_only,3,0,3,221004,0,721004,24a8a5d60166062d,119453dbc27fd326,confirmation_occ003_path00_phase03_static_only,-2.798412904565775,-3.857863788599498,0.9227272727272726,1.4,20.0,28.0,0.2751770000322722,90af02170d880284
stage5c2d,confirmation,3x3x3,27,mobile_plus_spin_density,3,0,3,221004,324001,721004,24a8a5d60166062d,2eb8770f830516e5,confirmation_occ003_path00_phase03_mobile_plus_spin_density,-2.6501603419623576,-3.41527950776862,0.9227272727272726,1.4,20.0,27.0,0.2724246249999851,90af02170d880284
stage5c2d,confirmation,3x3x3,27,static_only,3,1,0,221004,0,722001,24a8a5d60166062d,119453dbc27fd326,confirmation_occ003_path01_phase00_static_only,-2.612977125461323,-3.7668525730864633,0.9227272727272726,1.4,20.0,28.0,0.27462629100773484,90af02170d880284
stage5c2d,confirmation,3x3x3,27,mobile_plus_spin_density,3,1,0,221004,324002,722001,24a8a5d60166062d,a8461adbde582a41,confirmation_occ003_path01_phase00_mobile_plus_spin_density,-1.9003400768899086,-2.5227209760317755,0.9227272727272726,1.4,20.0,29.0,0.2796308330143802,90af02170d880284
stage5c2d,confirmation,3x3x3,27,static_only,3,1,1,221004,0,722002,24a8a5d60166062d,119453dbc27fd326,confirmation_occ003_path01_phase01_static_only,-2.7921207991260877,-3.877280555796294,0.9227272727272726,1.4,20.0,28.0,0.27591170801315457,90af02170d880284
stage5c2d,confirmation,3x3x3,27,mobile_plus_spin_density,3,1,1,221004,324002,722002,24a8a5d60166062d,a8461adbde582a41,confirmation_occ003_path01_phase01_mobile_plus_spin_density,-2.1751071578717163,-2.658247384958254,0.9227272727272726,1.1454545454545453,20.0,29.0,0.2803877079859376,90af02170d880284
stage5c2d,confirmation,3x3x3,27,static_only,3,1,2,221004,0,722003,24a8a5d60166062d,119453dbc27fd326,confirmation_occ003_path01_phase02_static_only,-3.0772590950837273,-4.114716867495051,0.9227272727272726,1.4,20.0,28.0,0.27643724996596575,90af02170d880284
stage5c2d,confirmation,3x3x3,27,mobile_plus_spin_density,3,1,2,221004,324002,722003,24a8a5d60166062d,a8461adbde582a41,confirmation_occ003_path01_phase02_mobile_plus_spin_density,-2.236418247252077,-2.6256218978914174,0.9227272727272726,1.1454545454545453,20.0,29.0,0.2774484580149874,90af02170d880284
stage5c2d,confirmation,3x3x3,27,static_only,3,1,3,221004,0,722004,24a8a5d60166062d,119453dbc27fd326,confirmation_occ003_path01_phase03_static_only,-2.6783324096988483,-3.784898857768202,0.9227272727272726,1.4,20.0,28.0,0.2732597499853,90af02170d880284
stage5c2d,confirmation,3x3x3,27,mobile_plus_spin_density,3,1,3,221004,324002,722004,24a8a5d60166062d,a8461adbde582a41,confirmation_occ003_path01_phase03_mobile_plus_spin_density,-1.7902840819059604,-2.361538761891445,0.9227272727272726,1.4,20.0,29.0,0.2770060000475496,90af02170d880284
stage5c2d,confirmation,3x3x3,27,static_only,3,2,0,221004,0,723001,24a8a5d60166062d,119453dbc27fd326,confirmation_occ003_path02_phase00_static_only,-2.741424417513759,-3.7506951629547416,0.9227272727272726,1.4,20.0,28.0,0.2722198750125244,90af02170d880284
stage5c2d,confirmation,3x3x3,27,mobile_plus_spin_density,3,2,0,221004,324003,723001,24a8a5d60166062d,bc8a232edba4a810,confirmation_occ003_path02_phase00_mobile_plus_spin_density,-2.3080829307474544,-3.1988409821892145,0.9227272727272726,1.4,20.0,27.0,0.2760361669934355,90af02170d880284
stage5c2d,confirmation,3x3x3,27,static_only,3,2,1,221004,0,723002,24a8a5d60166062d,119453dbc27fd326,confirmation_occ003_path02_phase01_static_only,-2.785697183233389,-3.9073034551031127,0.9227272727272726,1.4,20.0,28.0,0.27674045803723857,90af02170d880284
stage5c2d,confirmation,3x3x3,27,mobile_plus_spin_density,3,2,1,221004,324003,723002,24a8a5d60166062d,bc8a232edba4a810,confirmation_occ003_path02_phase01_mobile_plus_spin_density,-2.0894503916720546,-2.994255975363849,0.9227272727272726,1.4,20.0,27.0,0.27605145797133446,90af02170d880284
stage5c2d,confirmation,3x3x3,27,static_only,3,2,2,221004,0,723003,24a8a5d60166062d,119453dbc27fd326,confirmation_occ003_path02_phase02_static_only,-2.8033192871167674,-3.984685624085888,0.9227272727272726,1.4,20.0,28.0,0.27751908398931846,90af02170d880284
stage5c2d,confirmation,3x3x3,27,mobile_plus_spin_density,3,2,2,221004,324003,723003,24a8a5d60166062d,bc8a232edba4a810,confirmation_occ003_path02_phase02_mobile_plus_spin_density,-2.2733396449643446,-3.1463482926732302,0.9227272727272726,1.4,20.0,27.0,0.27638812497025356,90af02170d880284
stage5c2d,confirmation,3x3x3,27,static_only,3,2,3,221004,0,723004,24a8a5d60166062d,119453dbc27fd326,confirmation_occ003_path02_phase03_static_only,-2.9813556857968933,-4.109282417562078,0.9227272727272726,1.4,20.0,28.0,0.2787432500044815,90af02170d880284
stage5c2d,confirmation,3x3x3,27,mobile_plus_spin_density,3,2,3,221004,324003,723004,24a8a5d60166062d,bc8a232edba4a810,confirmation_occ003_path02_phase03_mobile_plus_spin_density,-2.3893867320161326,-3.3673239083660023,0.9227272727272726,1.4,20.0,27.0,0.27647812495706603,90af02170d880284
stage5c2d,confirmation,3x3x3,27,static_only,3,3,0,221004,0,724001,24a8a5d60166062d,119453dbc27fd326,confirmation_occ003_path03_phase00_static_only,-2.6010319599739518,-3.7334082601520837,0.9227272727272726,1.4,20.0,28.0,0.2771137079689652,90af02170d880284
stage5c2d,confirmation,3x3x3,27,mobile_plus_spin_density,3,3,0,221004,324004,724001,24a8a5d60166062d,bb90bf94bdabb357,confirmation_occ003_path03_phase00_mobile_plus_spin_density,-1.5585346443807393,-2.513086453177663,0.9227272727272726,1.4,20.0,28.0,0.27577524998923764,90af02170d880284
stage5c2d,confirmation,3x3x3,27,static_only,3,3,1,221004,0,724002,24a8a5d60166062d,119453dbc27fd326,confirmation_occ003_path03_phase01_static_only,-3.1030596981596714,-4.2144444997168415,0.9227272727272726,1.4,20.0,28.0,0.2766690840362571,90af02170d880284
stage5c2d,confirmation,3x3x3,27,mobile_plus_spin_density,3,3,1,221004,324004,724002,24a8a5d60166062d,bb90bf94bdabb357,confirmation_occ003_path03_phase01_mobile_plus_spin_density,-1.8229842191511478,-2.7502427427402703,0.9227272727272726,1.4,20.0,28.0,0.27540737501112744,90af02170d880284
stage5c2d,confirmation,3x3x3,27,static_only,3,3,2,221004,0,724003,24a8a5d60166062d,119453dbc27fd326,confirmation_occ003_path03_phase02_static_only,-2.9323478175342905,-4.057914847616053,0.9227272727272726,1.4,20.0,28.0,0.2769154999987222,90af02170d880284
stage5c2d,confirmation,3x3x3,27,mobile_plus_spin_density,3,3,2,221004,324004,724003,24a8a5d60166062d,bb90bf94bdabb357,confirmation_occ003_path03_phase02_mobile_plus_spin_density,-1.8377966696164298,-2.7224120365976052,0.9227272727272726,1.4,20.0,28.0,0.2761067090323195,90af02170d880284
stage5c2d,confirmation,3x3x3,27,static_only,3,3,3,221004,0,724004,24a8a5d60166062d,119453dbc27fd326,confirmation_occ003_path03_phase03_static_only,-2.518793600714094,-3.5971425207527634,0.9227272727272726,1.4,20.0,28.0,0.2757465419708751,90af02170d880284
stage5c2d,confirmation,3x3x3,27,mobile_plus_spin_density,3,3,3,221004,324004,724004,24a8a5d60166062d,bb90bf94bdabb357,confirmation_occ003_path03_phase03_mobile_plus_spin_density,-1.8056662374725074,-2.6639739100411552,0.9227272727272726,1.4,20.0,28.0,0.2965781670063734,90af02170d880284
stage5c2d,confirmation,3x3x3,27,static_only,4,0,0,221005,0,821001,a6a7a0a42e618f3a,9d901330b7aab6d4,confirmation_occ004_path00_phase00_static_only,-2.867566849257988,-4.015641432284701,0.9227272727272726,1.4,22.0,37.0,0.31234354100888595,90af02170d880284
stage5c2d,confirmation,3x3x3,27,mobile_plus_spin_density,4,0,0,221005,325001,821001,a6a7a0a42e618f3a,7f33654a65584ee2,confirmation_occ004_path00_phase00_mobile_plus_spin_density,-2.184797495009676,-2.928254784409952,0.9227272727272726,1.4,22.0,35.0,0.3025964580010623,90af02170d880284
stage5c2d,confirmation,3x3x3,27,static_only,4,0,1,221005,0,821002,a6a7a0a42e618f3a,9d901330b7aab6d4,confirmation_occ004_path00_phase01_static_only,-3.165215023453041,-4.295586278329184,0.9227272727272726,1.4,22.0,37.0,0.3053630830254406,90af02170d880284
stage5c2d,confirmation,3x3x3,27,mobile_plus_spin_density,4,0,1,221005,325001,821002,a6a7a0a42e618f3a,7f33654a65584ee2,confirmation_occ004_path00_phase01_mobile_plus_spin_density,-2.5387170051841883,-3.3225224664888398,0.9227272727272726,1.4,22.0,35.0,0.301767666998785,90af02170d880284
stage5c2d,confirmation,3x3x3,27,static_only,4,0,2,221005,0,821003,a6a7a0a42e618f3a,9d901330b7aab6d4,confirmation_occ004_path00_phase02_static_only,-3.6068267703150076,-4.563272160483419,0.9227272727272726,1.4,22.0,37.0,0.3038676250143908,90af02170d880284
stage5c2d,confirmation,3x3x3,27,mobile_plus_spin_density,4,0,2,221005,325001,821003,a6a7a0a42e618f3a,7f33654a65584ee2,confirmation_occ004_path00_phase02_mobile_plus_spin_density,-2.9107715053362915,-3.2737769077649803,0.9227272727272726,1.4,22.0,35.0,0.30138270801398903,90af02170d880284
stage5c2d,confirmation,3x3x3,27,static_only,4,0,3,221005,0,821004,a6a7a0a42e618f3a,9d901330b7aab6d4,confirmation_occ004_path00_phase03_static_only,-3.5741335706335633,-4.616752270057229,0.9227272727272726,1.4,22.0,37.0,0.3036664169630967,90af02170d880284
stage5c2d,confirmation,3x3x3,27,mobile_plus_spin_density,4,0,3,221005,325001,821004,a6a7a0a42e618f3a,7f33654a65584ee2,confirmation_occ004_path00_phase03_mobile_plus_spin_density,-2.7879934606031327,-3.5335128782126364,0.9227272727272726,1.4,22.0,35.0,0.3014823750127107,90af02170d880284
stage5c2d,confirmation,3x3x3,27,static_only,4,1,0,221005,0,822001,a6a7a0a42e618f3a,9d901330b7aab6d4,confirmation_occ004_path01_phase00_static_only,-3.197387235563005,-4.336310491582312,0.9227272727272726,1.4,22.0,37.0,0.30214329197769985,90af02170d880284
stage5c2d,confirmation,3x3x3,27,mobile_plus_spin_density,4,1,0,221005,325002,822001,a6a7a0a42e618f3a,204b6b92deaa61ba,confirmation_occ004_path01_phase00_mobile_plus_spin_density,-2.401540781290069,-2.474196279434719,0.9227272727272726,0.9545454545454545,22.0,36.0,0.30096883402438834,90af02170d880284
stage5c2d,confirmation,3x3x3,27,static_only,4,1,1,221005,0,822002,a6a7a0a42e618f3a,9d901330b7aab6d4,confirmation_occ004_path01_phase01_static_only,-3.056846808333314,-4.176411549960627,0.9227272727272726,1.4,22.0,37.0,0.30318337498465553,90af02170d880284
stage5c2d,confirmation,3x3x3,27,mobile_plus_spin_density,4,1,1,221005,325002,822002,a6a7a0a42e618f3a,204b6b92deaa61ba,confirmation_occ004_path01_phase01_mobile_plus_spin_density,-2.4668434794457537,-2.543337593030302,0.9227272727272726,0.9545454545454545,22.0,36.0,0.2996460840222426,90af02170d880284
stage5c2d,confirmation,3x3x3,27,static_only,4,1,2,221005,0,822003,a6a7a0a42e618f3a,9d901330b7aab6d4,confirmation_occ004_path01_phase02_static_only,-3.575642812248487,-4.668921431586081,0.9227272727272726,1.4,22.0,37.0,0.3043328750063665,90af02170d880284
stage5c2d,confirmation,3x3x3,27,mobile_plus_spin_density,4,1,2,221005,325002,822003,a6a7a0a42e618f3a,204b6b92deaa61ba,confirmation_occ004_path01_phase02_mobile_plus_spin_density,-2.9755125766689487,-3.0495055710845214,0.9227272727272726,0.9545454545454545,22.0,36.0,0.30203470803098753,90af02170d880284
stage5c2d,confirmation,3x3x3,27,static_only,4,1,3,221005,0,822004,a6a7a0a42e618f3a,9d901330b7aab6d4,confirmation_occ004_path01_phase03_static_only,-3.2271374403124238,-4.224782380635562,0.9227272727272726,1.4,22.0,37.0,0.3027569580008276,90af02170d880284
stage5c2d,confirmation,3x3x3,27,mobile_plus_spin_density,4,1,3,221005,325002,822004,a6a7a0a42e618f3a,204b6b92deaa61ba,confirmation_occ004_path01_phase03_mobile_plus_spin_density,-2.6117316609685277,-2.755052111622991,0.9227272727272726,1.4,22.0,36.0,0.3005470830248669,90af02170d880284
stage5c2d,confirmation,3x3x3,27,static_only,4,2,0,221005,0,823001,a6a7a0a42e618f3a,9d901330b7aab6d4,confirmation_occ004_path02_phase00_static_only,-3.531955312459761,-4.652426996801349,0.9227272727272726,1.4,22.0,37.0,0.3032690829713829,90af02170d880284
stage5c2d,confirmation,3x3x3,27,mobile_plus_spin_density,4,2,0,221005,325003,823001,a6a7a0a42e618f3a,fb184ef6ba2d4716,confirmation_occ004_path02_phase00_mobile_plus_spin_density,-2.67303133010898,-3.160387450113606,0.9227272727272726,1.3363636363636362,22.0,34.0,0.2935639999923296,90af02170d880284
stage5c2d,confirmation,3x3x3,27,static_only,4,2,1,221005,0,823002,a6a7a0a42e618f3a,9d901330b7aab6d4,confirmation_occ004_path02_phase01_static_only,-3.6361423226950467,-4.6403736344370605,0.9227272727272726,1.4,22.0,37.0,0.302975750004407,90af02170d880284
stage5c2d,confirmation,3x3x3,27,mobile_plus_spin_density,4,2,1,221005,325003,823002,a6a7a0a42e618f3a,fb184ef6ba2d4716,confirmation_occ004_path02_phase01_mobile_plus_spin_density,-2.7383914540638803,-3.147860279154044,0.9227272727272726,1.3363636363636362,22.0,34.0,0.29330395901342854,90af02170d880284
stage5c2d,confirmation,3x3x3,27,static_only,4,2,2,221005,0,823003,a6a7a0a42e618f3a,9d901330b7aab6d4,confirmation_occ004_path02_phase02_static_only,-3.222691987104419,-4.357670416571969,0.9227272727272726,1.4,22.0,37.0,0.30137566704070196,90af02170d880284
stage5c2d,confirmation,3x3x3,27,mobile_plus_spin_density,4,2,2,221005,325003,823003,a6a7a0a42e618f3a,fb184ef6ba2d4716,confirmation_occ004_path02_phase02_mobile_plus_spin_density,-2.47623533894823,-2.9455300775654396,0.9227272727272726,1.3363636363636362,22.0,34.0,0.29328195797279477,90af02170d880284
stage5c2d,confirmation,3x3x3,27,static_only,4,2,3,221005,0,823004,a6a7a0a42e618f3a,9d901330b7aab6d4,confirmation_occ004_path02_phase03_static_only,-3.0776262724610453,-4.153920561998715,0.9227272727272726,1.4,22.0,37.0,0.30147329199826345,90af02170d880284
stage5c2d,confirmation,3x3x3,27,mobile_plus_spin_density,4,2,3,221005,325003,823004,a6a7a0a42e618f3a,fb184ef6ba2d4716,confirmation_occ004_path02_phase03_mobile_plus_spin_density,-2.657401725968334,-3.0936028015995793,0.9227272727272726,1.3363636363636362,22.0,34.0,0.2936452080029994,90af02170d880284
stage5c2d,confirmation,3x3x3,27,static_only,4,3,0,221005,0,824001,a6a7a0a42e618f3a,9d901330b7aab6d4,confirmation_occ004_path03_phase00_static_only,-3.366541906155773,-4.300346295437963,0.9227272727272726,1.4,22.0,37.0,0.3024265840067528,90af02170d880284
stage5c2d,confirmation,3x3x3,27,mobile_plus_spin_density,4,3,0,221005,325004,824001,a6a7a0a42e618f3a,4ffb5884c0c81096,confirmation_occ004_path03_phase00_mobile_plus_spin_density,-2.4224065269572437,-3.2950929058717833,0.9227272727272726,1.4,22.0,36.0,0.30034695903304964,90af02170d880284
stage5c2d,confirmation,3x3x3,27,static_only,4,3,1,221005,0,824002,a6a7a0a42e618f3a,9d901330b7aab6d4,confirmation_occ004_path03_phase01_static_only,-3.2418106748862527,-4.302501745629853,0.9227272727272726,1.4,22.0,37.0,0.3028175000217743,90af02170d880284
stage5c2d,confirmation,3x3x3,27,mobile_plus_spin_density,4,3,1,221005,325004,824002,a6a7a0a42e618f3a,4ffb5884c0c81096,confirmation_occ004_path03_phase01_mobile_plus_spin_density,-2.7807574486881625,-3.4796974349535024,0.9227272727272726,1.4,22.0,36.0,0.30063979199621826,90af02170d880284
stage5c2d,confirmation,3x3x3,27,static_only,4,3,2,221005,0,824003,a6a7a0a42e618f3a,9d901330b7aab6d4,confirmation_occ004_path03_phase02_static_only,-3.436715092055587,-4.583171003369006,0.9227272727272726,1.4,22.0,37.0,0.3025027920375578,90af02170d880284
stage5c2d,confirmation,3x3x3,27,mobile_plus_spin_density,4,3,2,221005,325004,824003,a6a7a0a42e618f3a,4ffb5884c0c81096,confirmation_occ004_path03_phase02_mobile_plus_spin_density,-2.873514053861077,-3.6303016438739517,0.9227272727272726,1.4,22.0,36.0,0.30174679099582136,90af02170d880284
stage5c2d,confirmation,3x3x3,27,static_only,4,3,3,221005,0,824004,a6a7a0a42e618f3a,9d901330b7aab6d4,confirmation_occ004_path03_phase03_static_only,-3.1827267944157667,-4.209062123122999,0.9227272727272726,1.4,22.0,37.0,0.30783212499227375,90af02170d880284
stage5c2d,confirmation,3x3x3,27,mobile_plus_spin_density,4,3,3,221005,325004,824004,a6a7a0a42e618f3a,4ffb5884c0c81096,confirmation_occ004_path03_phase03_mobile_plus_spin_density,-2.6932532182416176,-3.4356234677594593,0.9227272727272726,1.4,22.0,36.0,0.311970500042662,90af02170d880284
stage5c2d,confirmation,3x3x3,27,static_only,5,0,0,221006,0,921001,97c0f99961733de4,5f0a0c397e9824cb,confirmation_occ005_path00_phase00_static_only,-3.5503193578089283,-4.9065384464333635,0.9227272727272726,1.4,23.0,38.0,0.3168827909976244,90af02170d880284
stage5c2d,confirmation,3x3x3,27,mobile_plus_spin_density,5,0,0,221006,326001,921001,97c0f99961733de4,97505fe1e0e8552a,confirmation_occ005_path00_phase00_mobile_plus_spin_density,-2.935012394945124,-3.6627169710756666,0.9227272727272726,1.4,23.0,38.0,0.3176225000061095,90af02170d880284
stage5c2d,confirmation,3x3x3,27,static_only,5,0,1,221006,0,921002,97c0f99961733de4,5f0a0c397e9824cb,confirmation_occ005_path00_phase01_static_only,-3.459033034494971,-4.725530724669077,0.9227272727272726,1.4,23.0,38.0,0.31687741697533056,90af02170d880284
stage5c2d,confirmation,3x3x3,27,mobile_plus_spin_density,5,0,1,221006,326001,921002,97c0f99961733de4,97505fe1e0e8552a,confirmation_occ005_path00_phase01_mobile_plus_spin_density,-2.8989943668858666,-3.6639910068997184,0.9227272727272726,1.4,23.0,38.0,0.3175490829744376,90af02170d880284
stage5c2d,confirmation,3x3x3,27,static_only,5,0,2,221006,0,921003,97c0f99961733de4,5f0a0c397e9824cb,confirmation_occ005_path00_phase02_static_only,-3.335734059484023,-4.568004604152617,0.9227272727272726,1.4,23.0,38.0,0.3155662919743918,90af02170d880284
stage5c2d,confirmation,3x3x3,27,mobile_plus_spin_density,5,0,2,221006,326001,921003,97c0f99961733de4,97505fe1e0e8552a,confirmation_occ005_path00_phase02_mobile_plus_spin_density,-2.71927075062099,-3.7725758216984433,0.9227272727272726,1.4,23.0,38.0,0.3167368750437163,90af02170d880284
stage5c2d,confirmation,3x3x3,27,static_only,5,0,3,221006,0,921004,97c0f99961733de4,5f0a0c397e9824cb,confirmation_occ005_path00_phase03_static_only,-3.3193471350859864,-4.633594735136097,0.9227272727272726,1.4,23.0,38.0,0.3151740829925984,90af02170d880284
stage5c2d,confirmation,3x3x3,27,mobile_plus_spin_density,5,0,3,221006,326001,921004,97c0f99961733de4,97505fe1e0e8552a,confirmation_occ005_path00_phase03_mobile_plus_spin_density,-2.5494816985845032,-3.71073232091848,0.9227272727272726,1.4,23.0,38.0,0.31800804199883714,90af02170d880284
stage5c2d,confirmation,3x3x3,27,static_only,5,1,0,221006,0,922001,97c0f99961733de4,5f0a0c397e9824cb,confirmation_occ005_path01_phase00_static_only,-3.282287303029556,-4.540173550919861,0.9227272727272726,1.4,23.0,38.0,0.3156520409975201,90af02170d880284
stage5c2d,confirmation,3x3x3,27,mobile_plus_spin_density,5,1,0,221006,326002,922001,97c0f99961733de4,ff4dd6fc6d79d2e5,confirmation_occ005_path01_phase00_mobile_plus_spin_density,-2.761575357454631,-4.105985156753733,0.9227272727272726,1.4,23.0,38.0,0.31990695802960545,90af02170d880284
stage5c2d,confirmation,3x3x3,27,static_only,5,1,1,221006,0,922002,97c0f99961733de4,5f0a0c397e9824cb,confirmation_occ005_path01_phase01_static_only,-3.482796245280001,-4.8730394554570875,0.9227272727272726,1.4,23.0,38.0,0.3171127919922583,90af02170d880284
stage5c2d,confirmation,3x3x3,27,mobile_plus_spin_density,5,1,1,221006,326002,922002,97c0f99961733de4,ff4dd6fc6d79d2e5,confirmation_occ005_path01_phase01_mobile_plus_spin_density,-2.918572567875004,-4.180258321885578,0.9227272727272726,1.4,23.0,38.0,0.31700008298503235,90af02170d880284
stage5c2d,confirmation,3x3x3,27,static_only,5,1,2,221006,0,922003,97c0f99961733de4,5f0a0c397e9824cb,confirmation_occ005_path01_phase02_static_only,-3.452482413276796,-4.765252534617888,0.9227272727272726,1.4,23.0,38.0,0.31528008298482746,90af02170d880284
stage5c2d,confirmation,3x3x3,27,mobile_plus_spin_density,5,1,2,221006,326002,922003,97c0f99961733de4,ff4dd6fc6d79d2e5,confirmation_occ005_path01_phase02_mobile_plus_spin_density,-2.8808296834704046,-4.165975561441821,0.9227272727272726,1.4,23.0,38.0,0.3154324580100365,90af02170d880284
stage5c2d,confirmation,3x3x3,27,static_only,5,1,3,221006,0,922004,97c0f99961733de4,5f0a0c397e9824cb,confirmation_occ005_path01_phase03_static_only,-3.674799003515734,-5.03770130058845,0.9227272727272726,1.4,23.0,38.0,0.31457829201826826,90af02170d880284
stage5c2d,confirmation,3x3x3,27,mobile_plus_spin_density,5,1,3,221006,326002,922004,97c0f99961733de4,ff4dd6fc6d79d2e5,confirmation_occ005_path01_phase03_mobile_plus_spin_density,-2.8712521406884606,-4.113954011444919,0.9227272727272726,1.4,23.0,38.0,0.3163972499896772,90af02170d880284
stage5c2d,confirmation,3x3x3,27,static_only,5,2,0,221006,0,923001,97c0f99961733de4,5f0a0c397e9824cb,confirmation_occ005_path02_phase00_static_only,-3.763686889750981,-5.076278921499899,0.9227272727272726,1.4,23.0,38.0,0.31402141600847244,90af02170d880284
stage5c2d,confirmation,3x3x3,27,mobile_plus_spin_density,5,2,0,221006,326003,923001,97c0f99961733de4,5ea3ffed5d1b0277,confirmation_occ005_path02_phase00_mobile_plus_spin_density,-3.3320093239380117,-4.196649382430254,0.9227272727272726,1.4,23.0,36.0,0.312401375034824,90af02170d880284
stage5c2d,confirmation,3x3x3,27,static_only,5,2,1,221006,0,923002,97c0f99961733de4,5f0a0c397e9824cb,confirmation_occ005_path02_phase01_static_only,-3.5664617352775148,-4.909017110138532,0.9227272727272726,1.4,23.0,38.0,0.31357941700844094,90af02170d880284
stage5c2d,confirmation,3x3x3,27,mobile_plus_spin_density,5,2,1,221006,326003,923002,97c0f99961733de4,5ea3ffed5d1b0277,confirmation_occ005_path02_phase01_mobile_plus_spin_density,-3.13175418857947,-3.873364182322537,0.9227272727272726,1.4,23.0,36.0,0.3131371249910444,90af02170d880284
stage5c2d,confirmation,3x3x3,27,static_only,5,2,2,221006,0,923003,97c0f99961733de4,5f0a0c397e9824cb,confirmation_occ005_path02_phase02_static_only,-3.7245865550608843,-5.0650944088635725,0.9227272727272726,1.4,23.0,38.0,0.31441479199565947,90af02170d880284
stage5c2d,confirmation,3x3x3,27,mobile_plus_spin_density,5,2,2,221006,326003,923003,97c0f99961733de4,5ea3ffed5d1b0277,confirmation_occ005_path02_phase02_mobile_plus_spin_density,-3.1136767552478615,-3.7568303633613227,0.9227272727272726,1.4,23.0,36.0,0.31198620796203613,90af02170d880284
stage5c2d,confirmation,3x3x3,27,static_only,5,2,3,221006,0,923004,97c0f99961733de4,5f0a0c397e9824cb,confirmation_occ005_path02_phase03_static_only,-3.497121398641853,-4.751465340283706,0.9227272727272726,1.4,23.0,38.0,0.3144431670079939,90af02170d880284
stage5c2d,confirmation,3x3x3,27,mobile_plus_spin_density,5,2,3,221006,326003,923004,97c0f99961733de4,5ea3ffed5d1b0277,confirmation_occ005_path02_phase03_mobile_plus_spin_density,-2.9561559846049597,-3.6831584709219163,0.9227272727272726,1.4,23.0,36.0,0.31182783300755545,90af02170d880284
stage5c2d,confirmation,3x3x3,27,static_only,5,3,0,221006,0,924001,97c0f99961733de4,5f0a0c397e9824cb,confirmation_occ005_path03_phase00_static_only,-3.6479808403695375,-4.989520264471972,0.9227272727272726,1.4,23.0,38.0,0.3128417079569772,90af02170d880284
stage5c2d,confirmation,3x3x3,27,mobile_plus_spin_density,5,3,0,221006,326004,924001,97c0f99961733de4,f54cc0c644679236,confirmation_occ005_path03_phase00_mobile_plus_spin_density,-3.316598329950003,-4.469641976430626,0.9227272727272726,1.4,23.0,37.0,0.31295083300210536,90af02170d880284
stage5c2d,confirmation,3x3x3,27,static_only,5,3,1,221006,0,924002,97c0f99961733de4,5f0a0c397e9824cb,confirmation_occ005_path03_phase01_static_only,-3.5295461099414425,-4.8488448276084375,0.9227272727272726,1.4,23.0,38.0,0.31362949998583645,90af02170d880284
stage5c2d,confirmation,3x3x3,27,mobile_plus_spin_density,5,3,1,221006,326004,924002,97c0f99961733de4,f54cc0c644679236,confirmation_occ005_path03_phase01_mobile_plus_spin_density,-3.1298997365636643,-4.267649594889432,0.9227272727272726,1.4,23.0,37.0,0.31226829101797193,90af02170d880284
stage5c2d,confirmation,3x3x3,27,static_only,5,3,2,221006,0,924003,97c0f99961733de4,5f0a0c397e9824cb,confirmation_occ005_path03_phase02_static_only,-3.4152163807784763,-4.7672987340062445,0.9227272727272726,1.4,23.0,38.0,0.3130767500260845,90af02170d880284
stage5c2d,confirmation,3x3x3,27,mobile_plus_spin_density,5,3,2,221006,326004,924003,97c0f99961733de4,f54cc0c644679236,confirmation_occ005_path03_phase02_mobile_plus_spin_density,-3.131921488794915,-4.29969520107856,0.9227272727272726,1.4,23.0,37.0,0.3127124169841409,90af02170d880284
stage5c2d,confirmation,3x3x3,27,static_only,5,3,3,221006,0,924004,97c0f99961733de4,5f0a0c397e9824cb,confirmation_occ005_path03_phase03_static_only,-3.2574131986752612,-4.619894394380973,0.9227272727272726,1.4,23.0,38.0,0.31424199999310076,90af02170d880284
stage5c2d,confirmation,3x3x3,27,mobile_plus_spin_density,5,3,3,221006,326004,924004,97c0f99961733de4,f54cc0c644679236,confirmation_occ005_path03_phase03_mobile_plus_spin_density,-2.8936738891406524,-3.9748707666985976,0.9227272727272726,1.4,23.0,37.0,0.3116447079810314,90af02170d880284
stage5c2d,confirmation,3x3x3,27,static_only,6,0,0,221007,0,1021001,b37563fb0612efd5,73ed38992453ff52,confirmation_occ006_path00_phase00_static_only,-2.6835723313939734,-3.859706857239577,0.9227272727272726,1.4,21.0,28.0,0.2759651250089519,90af02170d880284
stage5c2d,confirmation,3x3x3,27,mobile_plus_spin_density,6,0,0,221007,327001,1021001,b37563fb0612efd5,db984f6c56303569,confirmation_occ006_path00_phase00_mobile_plus_spin_density,-2.056584801271558,-2.6329468409908046,0.9227272727272726,1.4,21.0,27.0,0.274092041014228,90af02170d880284
stage5c2d,confirmation,3x3x3,27,static_only,6,0,1,221007,0,1021002,b37563fb0612efd5,73ed38992453ff52,confirmation_occ006_path00_phase01_static_only,-2.8261605183746763,-3.980743293168923,0.9227272727272726,1.4,21.0,28.0,0.2753728329553269,90af02170d880284
stage5c2d,confirmation,3x3x3,27,mobile_plus_spin_density,6,0,1,221007,327001,1021002,b37563fb0612efd5,db984f6c56303569,confirmation_occ006_path00_phase01_mobile_plus_spin_density,-2.25687205917709,-2.7105837790431235,0.9227272727272726,1.1454545454545453,21.0,27.0,0.27444450004259124,90af02170d880284
stage5c2d,confirmation,3x3x3,27,static_only,6,0,2,221007,0,1021003,b37563fb0612efd5,73ed38992453ff52,confirmation_occ006_path00_phase02_static_only,-2.810799520178546,-3.9414101230431102,0.9227272727272726,1.4,21.0,28.0,0.27537162497173995,90af02170d880284
stage5c2d,confirmation,3x3x3,27,mobile_plus_spin_density,6,0,2,221007,327001,1021003,b37563fb0612efd5,db984f6c56303569,confirmation_occ006_path00_phase02_mobile_plus_spin_density,-2.0848141174091,-2.520462894232283,0.9227272727272726,1.1454545454545453,21.0,27.0,0.2699152500135824,90af02170d880284
stage5c2d,confirmation,3x3x3,27,static_only,6,0,3,221007,0,1021004,b37563fb0612efd5,73ed38992453ff52,confirmation_occ006_path00_phase03_static_only,-2.690119960107445,-3.8524289276731762,0.9227272727272726,1.4,21.0,28.0,0.27021787501871586,90af02170d880284
stage5c2d,confirmation,3x3x3,27,mobile_plus_spin_density,6,0,3,221007,327001,1021004,b37563fb0612efd5,db984f6c56303569,confirmation_occ006_path00_phase03_mobile_plus_spin_density,-2.065721850573063,-2.5591945655327826,0.9227272727272726,1.4,21.0,27.0,0.26942258299095556,90af02170d880284
stage5c2d,confirmation,3x3x3,27,static_only,6,1,0,221007,0,1022001,b37563fb0612efd5,73ed38992453ff52,confirmation_occ006_path01_phase00_static_only,-2.9597877033813784,-4.071037132329918,0.9227272727272726,1.4,21.0,28.0,0.27043249999405816,90af02170d880284
stage5c2d,confirmation,3x3x3,27,mobile_plus_spin_density,6,1,0,221007,327002,1022001,b37563fb0612efd5,f067071cb3ab4501,confirmation_occ006_path01_phase00_mobile_plus_spin_density,-2.026210453779332,-2.6842405188734957,0.9227272727272726,1.4,21.0,28.0,0.27470841695321724,90af02170d880284
stage5c2d,confirmation,3x3x3,27,static_only,6,1,1,221007,0,1022002,b37563fb0612efd5,73ed38992453ff52,confirmation_occ006_path01_phase01_static_only,-2.6521635224370286,-3.8292568420007282,0.9227272727272726,1.4,21.0,28.0,0.2704495000070892,90af02170d880284
stage5c2d,confirmation,3x3x3,27,mobile_plus_spin_density,6,1,1,221007,327002,1022002,b37563fb0612efd5,f067071cb3ab4501,confirmation_occ006_path01_phase01_mobile_plus_spin_density,-2.0333117232369333,-2.5637644832078217,0.9227272727272726,1.4,21.0,28.0,0.2740254999953322,90af02170d880284
stage5c2d,confirmation,3x3x3,27,static_only,6,1,2,221007,0,1022003,b37563fb0612efd5,73ed38992453ff52,confirmation_occ006_path01_phase02_static_only,-2.772691003212975,-3.8448306803319894,0.9227272727272726,1.4,21.0,28.0,0.26934304099995643,90af02170d880284
stage5c2d,confirmation,3x3x3,27,mobile_plus_spin_density,6,1,2,221007,327002,1022003,b37563fb0612efd5,f067071cb3ab4501,confirmation_occ006_path01_phase02_mobile_plus_spin_density,-1.5451992807678627,-2.3392296902959107,0.9227272727272726,1.4,21.0,28.0,0.2743718749843538,90af02170d880284
stage5c2d,confirmation,3x3x3,27,static_only,6,1,3,221007,0,1022004,b37563fb0612efd5,73ed38992453ff52,confirmation_occ006_path01_phase03_static_only,-2.6330868913373067,-3.8671951799332893,0.9227272727272726,1.4,21.0,28.0,0.2691177499946207,90af02170d880284
stage5c2d,confirmation,3x3x3,27,mobile_plus_spin_density,6,1,3,221007,327002,1022004,b37563fb0612efd5,f067071cb3ab4501,confirmation_occ006_path01_phase03_mobile_plus_spin_density,-1.8167299278725295,-2.5011808961953745,0.9227272727272726,1.4,21.0,28.0,0.27339254098478705,90af02170d880284
stage5c2d,confirmation,3x3x3,27,static_only,6,2,0,221007,0,1023001,b37563fb0612efd5,73ed38992453ff52,confirmation_occ006_path02_phase00_static_only,-2.847625926611096,-3.9252483467354797,0.9227272727272726,1.4,21.0,28.0,0.2680915839737281,90af02170d880284
stage5c2d,confirmation,3x3x3,27,mobile_plus_spin_density,6,2,0,221007,327003,1023001,b37563fb0612efd5,ece485155d85e071,confirmation_occ006_path02_phase00_mobile_plus_spin_density,-2.7795632674319086,-3.334422420430575,0.9227272727272726,1.4,21.0,30.0,0.27578808303223923,90af02170d880284
stage5c2d,confirmation,3x3x3,27,static_only,6,2,1,221007,0,1023002,b37563fb0612efd5,73ed38992453ff52,confirmation_occ006_path02_phase01_static_only,-2.693273543066727,-3.833014972077245,0.9227272727272726,1.4,21.0,28.0,0.2678367079934105,90af02170d880284
stage5c2d,confirmation,3x3x3,27,mobile_plus_spin_density,6,2,1,221007,327003,1023002,b37563fb0612efd5,ece485155d85e071,confirmation_occ006_path02_phase01_mobile_plus_spin_density,-2.660308505883999,-3.483499021592334,0.9227272727272726,1.4,21.0,30.0,0.27546179201453924,90af02170d880284
stage5c2d,confirmation,3x3x3,27,static_only,6,2,2,221007,0,1023003,b37563fb0612efd5,73ed38992453ff52,confirmation_occ006_path02_phase02_static_only,-3.1368927317364674,-4.24913787887141,0.9227272727272726,1.4,21.0,28.0,0.26830845896620303,90af02170d880284
stage5c2d,confirmation,3x3x3,27,mobile_plus_spin_density,6,2,2,221007,327003,1023003,b37563fb0612efd5,ece485155d85e071,confirmation_occ006_path02_phase02_mobile_plus_spin_density,-2.959397678070237,-3.46572462587837,0.9227272727272726,1.4,21.0,30.0,0.27513479097979143,90af02170d880284
stage5c2d,confirmation,3x3x3,27,static_only,6,2,3,221007,0,1023004,b37563fb0612efd5,73ed38992453ff52,confirmation_occ006_path02_phase03_static_only,-2.5976662668126487,-3.763899406487272,0.9227272727272726,1.4,21.0,28.0,0.2676123330020346,90af02170d880284
stage5c2d,confirmation,3x3x3,27,mobile_plus_spin_density,6,2,3,221007,327003,1023004,b37563fb0612efd5,ece485155d85e071,confirmation_occ006_path02_phase03_mobile_plus_spin_density,-2.568147779398158,-3.2022749155188315,0.9227272727272726,1.4,21.0,30.0,0.27569691702956334,90af02170d880284
stage5c2d,confirmation,3x3x3,27,static_only,6,3,0,221007,0,1024001,b37563fb0612efd5,73ed38992453ff52,confirmation_occ006_path03_phase00_static_only,-2.6971497900523405,-3.9140949300721717,0.9227272727272726,1.4,21.0,28.0,0.2679125419817865,90af02170d880284
stage5c2d,confirmation,3x3x3,27,mobile_plus_spin_density,6,3,0,221007,327004,1024001,b37563fb0612efd5,6bddabcb3f6b6f5f,confirmation_occ006_path03_phase00_mobile_plus_spin_density,-2.231969259346271,-3.0024199394218174,0.9227272727272726,1.4,21.0,30.0,0.27904795797076076,90af02170d880284
stage5c2d,confirmation,3x3x3,27,static_only,6,3,1,221007,0,1024002,b37563fb0612efd5,73ed38992453ff52,confirmation_occ006_path03_phase01_static_only,-2.4788031213342285,-3.627163818353198,0.9227272727272726,1.4,21.0,28.0,0.26815945899579674,90af02170d880284
stage5c2d,confirmation,3x3x3,27,mobile_plus_spin_density,6,3,1,221007,327004,1024002,b37563fb0612efd5,6bddabcb3f6b6f5f,confirmation_occ006_path03_phase01_mobile_plus_spin_density,-2.28210378417375,-3.1122179836576462,0.9227272727272726,1.4,21.0,30.0,0.27989445900311694,90af02170d880284
stage5c2d,confirmation,3x3x3,27,static_only,6,3,2,221007,0,1024003,b37563fb0612efd5,73ed38992453ff52,confirmation_occ006_path03_phase02_static_only,-3.0132509398564773,-4.238393167276698,0.9227272727272726,1.4,21.0,28.0,0.26938191696535796,90af02170d880284
stage5c2d,confirmation,3x3x3,27,mobile_plus_spin_density,6,3,2,221007,327004,1024003,b37563fb0612efd5,6bddabcb3f6b6f5f,confirmation_occ006_path03_phase02_mobile_plus_spin_density,-2.56259955596685,-3.4409094512379372,0.9227272727272726,1.4,21.0,30.0,0.2779776249662973,90af02170d880284
stage5c2d,confirmation,3x3x3,27,static_only,6,3,3,221007,0,1024004,b37563fb0612efd5,73ed38992453ff52,confirmation_occ006_path03_phase03_static_only,-2.6089385762636654,-3.7855993973387996,0.9227272727272726,1.4,21.0,28.0,0.2689637909643352,90af02170d880284
stage5c2d,confirmation,3x3x3,27,mobile_plus_spin_density,6,3,3,221007,327004,1024004,b37563fb0612efd5,6bddabcb3f6b6f5f,confirmation_occ006_path03_phase03_mobile_plus_spin_density,-2.1507899992412733,-2.9138240021928965,0.9227272727272726,1.4,21.0,30.0,0.2780982500407845,90af02170d880284
stage5c2d,confirmation,3x3x3,27,static_only,7,0,0,221008,0,1121001,cd90e896932fe568,2b8623206d6561db,confirmation_occ007_path00_phase00_static_only,-3.5888469552021203,-4.900117012697539,0.9227272727272726,1.4,24.0,41.0,0.31669683300424367,90af02170d880284
stage5c2d,confirmation,3x3x3,27,mobile_plus_spin_density,7,0,0,221008,328001,1121001,cd90e896932fe568,a6028bdd1a84688d,confirmation_occ007_path00_phase00_mobile_plus_spin_density,-3.0663934677624476,-4.121692196421037,0.9227272727272726,1.3363636363636362,24.0,41.0,0.3180708750151098,90af02170d880284
stage5c2d,confirmation,3x3x3,27,static_only,7,0,1,221008,0,1121002,cd90e896932fe568,2b8623206d6561db,confirmation_occ007_path00_phase01_static_only,-3.315773455604244,-4.580245422936584,0.9227272727272726,1.4,24.0,41.0,0.31709399999817833,90af02170d880284
stage5c2d,confirmation,3x3x3,27,mobile_plus_spin_density,7,0,1,221008,328001,1121002,cd90e896932fe568,a6028bdd1a84688d,confirmation_occ007_path00_phase01_mobile_plus_spin_density,-2.920935982648549,-4.010689928193843,0.9227272727272726,1.3363636363636362,24.0,41.0,0.3179504169966094,90af02170d880284
stage5c2d,confirmation,3x3x3,27,static_only,7,0,2,221008,0,1121003,cd90e896932fe568,2b8623206d6561db,confirmation_occ007_path00_phase02_static_only,-3.5290711556485377,-4.966564733509506,0.9227272727272726,1.4,24.0,41.0,0.3209948750445619,90af02170d880284
stage5c2d,confirmation,3x3x3,27,mobile_plus_spin_density,7,0,2,221008,328001,1121003,cd90e896932fe568,a6028bdd1a84688d,confirmation_occ007_path00_phase02_mobile_plus_spin_density,-3.1497776819998906,-4.316588868588061,0.9227272727272726,1.3363636363636362,24.0,41.0,0.32611854100832716,90af02170d880284
stage5c2d,confirmation,3x3x3,27,static_only,7,0,3,221008,0,1121004,cd90e896932fe568,2b8623206d6561db,confirmation_occ007_path00_phase03_static_only,-3.950961738506127,-5.189217695117203,0.9227272727272726,1.4,24.0,41.0,0.3281294589978643,90af02170d880284
stage5c2d,confirmation,3x3x3,27,mobile_plus_spin_density,7,0,3,221008,328001,1121004,cd90e896932fe568,a6028bdd1a84688d,confirmation_occ007_path00_phase03_mobile_plus_spin_density,-3.4694927763850685,-4.539142175992112,0.9227272727272726,1.3363636363636362,24.0,41.0,0.3255513749900274,90af02170d880284
stage5c2d,confirmation,3x3x3,27,static_only,7,1,0,221008,0,1122001,cd90e896932fe568,2b8623206d6561db,confirmation_occ007_path01_phase00_static_only,-3.6544127429706093,-4.936060551778288,0.9227272727272726,1.4,24.0,41.0,0.3247787909931503,90af02170d880284
stage5c2d,confirmation,3x3x3,27,mobile_plus_spin_density,7,1,0,221008,328002,1122001,cd90e896932fe568,0c85d11d8cf99c76,confirmation_occ007_path01_phase00_mobile_plus_spin_density,-3.194704461986702,-4.307516830415207,0.9227272727272726,1.4,24.0,41.0,0.32588687498355284,90af02170d880284
stage5c2d,confirmation,3x3x3,27,static_only,7,1,1,221008,0,1122002,cd90e896932fe568,2b8623206d6561db,confirmation_occ007_path01_phase01_static_only,-3.6794659962248515,-5.080187100505579,0.9227272727272726,1.4,24.0,41.0,0.32437054201727733,90af02170d880284
stage5c2d,confirmation,3x3x3,27,mobile_plus_spin_density,7,1,1,221008,328002,1122002,cd90e896932fe568,0c85d11d8cf99c76,confirmation_occ007_path01_phase01_mobile_plus_spin_density,-3.2203251333100553,-4.5117133279869694,0.9227272727272726,1.4,24.0,41.0,0.3254004580085166,90af02170d880284
stage5c2d,confirmation,3x3x3,27,static_only,7,1,2,221008,0,1122003,cd90e896932fe568,2b8623206d6561db,confirmation_occ007_path01_phase02_static_only,-3.476125646985508,-4.851913328467975,0.9227272727272726,1.4,24.0,41.0,0.3244580830214545,90af02170d880284
stage5c2d,confirmation,3x3x3,27,mobile_plus_spin_density,7,1,2,221008,328002,1122003,cd90e896932fe568,0c85d11d8cf99c76,confirmation_occ007_path01_phase02_mobile_plus_spin_density,-2.928373445903542,-4.188240611726096,0.9227272727272726,1.4,24.0,41.0,0.32563362503424287,90af02170d880284
stage5c2d,confirmation,3x3x3,27,static_only,7,1,3,221008,0,1122004,cd90e896932fe568,2b8623206d6561db,confirmation_occ007_path01_phase03_static_only,-3.9728716657631837,-5.191268658567917,0.9227272727272726,1.4,24.0,41.0,0.32494525000220165,90af02170d880284
stage5c2d,confirmation,3x3x3,27,mobile_plus_spin_density,7,1,3,221008,328002,1122004,cd90e896932fe568,0c85d11d8cf99c76,confirmation_occ007_path01_phase03_mobile_plus_spin_density,-3.30963620842166,-4.452849407550291,0.9227272727272726,1.4,24.0,41.0,0.3259012090275064,90af02170d880284
stage5c2d,confirmation,3x3x3,27,static_only,7,2,0,221008,0,1123001,cd90e896932fe568,2b8623206d6561db,confirmation_occ007_path02_phase00_static_only,-3.721941668350988,-5.12015405666938,0.9227272727272726,1.4,24.0,41.0,0.32490945799509063,90af02170d880284
stage5c2d,confirmation,3x3x3,27,mobile_plus_spin_density,7,2,0,221008,328003,1123001,cd90e896932fe568,251b5b959f9e8bba,confirmation_occ007_path02_phase00_mobile_plus_spin_density,-2.9854275920404434,-3.8327689439258803,0.9227272727272726,1.2409090909090907,24.0,42.0,0.32771045895060524,90af02170d880284
stage5c2d,confirmation,3x3x3,27,static_only,7,2,1,221008,0,1123002,cd90e896932fe568,2b8623206d6561db,confirmation_occ007_path02_phase01_static_only,-3.783157332210994,-5.108680362067855,0.9227272727272726,1.4,24.0,41.0,0.32508824998512864,90af02170d880284
stage5c2d,confirmation,3x3x3,27,mobile_plus_spin_density,7,2,1,221008,328003,1123002,cd90e896932fe568,251b5b959f9e8bba,confirmation_occ007_path02_phase01_mobile_plus_spin_density,-3.1693959680233306,-4.065455439805705,0.9227272727272726,1.3363636363636362,24.0,42.0,0.3291142919915728,90af02170d880284
stage5c2d,confirmation,3x3x3,27,static_only,7,2,2,221008,0,1123003,cd90e896932fe568,2b8623206d6561db,confirmation_occ007_path02_phase02_static_only,-3.9472635688622444,-5.353771514012396,0.9227272727272726,1.4,24.0,41.0,0.3250784580013715,90af02170d880284
stage5c2d,confirmation,3x3x3,27,mobile_plus_spin_density,7,2,2,221008,328003,1123003,cd90e896932fe568,251b5b959f9e8bba,confirmation_occ007_path02_phase02_mobile_plus_spin_density,-3.422772662739557,-4.28077761938397,0.9227272727272726,1.2409090909090907,24.0,42.0,0.3287600420298986,90af02170d880284
stage5c2d,confirmation,3x3x3,27,static_only,7,2,3,221008,0,1123004,cd90e896932fe568,2b8623206d6561db,confirmation_occ007_path02_phase03_static_only,-3.491546069923706,-4.879453724085329,0.9227272727272726,1.4,24.0,41.0,0.32429420901462436,90af02170d880284
stage5c2d,confirmation,3x3x3,27,mobile_plus_spin_density,7,2,3,221008,328003,1123004,cd90e896932fe568,251b5b959f9e8bba,confirmation_occ007_path02_phase03_mobile_plus_spin_density,-3.386788786038722,-4.284657554987666,0.9227272727272726,1.2409090909090907,24.0,42.0,0.32853304099990055,90af02170d880284
stage5c2d,confirmation,3x3x3,27,static_only,7,3,0,221008,0,1124001,cd90e896932fe568,2b8623206d6561db,confirmation_occ007_path03_phase00_static_only,-3.4843839204145572,-4.846026762682354,0.9227272727272726,1.4,24.0,41.0,0.32396412501111627,90af02170d880284
stage5c2d,confirmation,3x3x3,27,mobile_plus_spin_density,7,3,0,221008,328004,1124001,cd90e896932fe568,d7758d4047a97429,confirmation_occ007_path03_phase00_mobile_plus_spin_density,-3.4482857353089074,-4.525362745750889,0.9227272727272726,1.3045454545454545,24.0,41.0,0.32613741600653157,90af02170d880284
stage5c2d,confirmation,3x3x3,27,static_only,7,3,1,221008,0,1124002,cd90e896932fe568,2b8623206d6561db,confirmation_occ007_path03_phase01_static_only,-3.8116476935436916,-5.106329034299919,0.9227272727272726,1.4,24.0,41.0,0.3238002079888247,90af02170d880284
stage5c2d,confirmation,3x3x3,27,mobile_plus_spin_density,7,3,1,221008,328004,1124002,cd90e896932fe568,d7758d4047a97429,confirmation_occ007_path03_phase01_mobile_plus_spin_density,-3.6121443575801813,-4.617817027407905,0.9227272727272726,1.3045454545454545,24.0,41.0,0.3257792500080541,90af02170d880284
stage5c2d,confirmation,3x3x3,27,static_only,7,3,2,221008,0,1124003,cd90e896932fe568,2b8623206d6561db,confirmation_occ007_path03_phase02_static_only,-3.2256036986121757,-4.6373161077213805,0.9227272727272726,1.4,24.0,41.0,0.32376454095356166,90af02170d880284
stage5c2d,confirmation,3x3x3,27,mobile_plus_spin_density,7,3,2,221008,328004,1124003,cd90e896932fe568,d7758d4047a97429,confirmation_occ007_path03_phase02_mobile_plus_spin_density,-3.0213691198677743,-4.093540679963167,0.9227272727272726,1.3045454545454545,24.0,41.0,0.3265837910003029,90af02170d880284
stage5c2d,confirmation,3x3x3,27,static_only,7,3,3,221008,0,1124004,cd90e896932fe568,2b8623206d6561db,confirmation_occ007_path03_phase03_static_only,-3.8193534024380993,-5.2422662198183865,0.9227272727272726,1.4,24.0,41.0,0.3245947089744732,90af02170d880284
stage5c2d,confirmation,3x3x3,27,mobile_plus_spin_density,7,3,3,221008,328004,1124004,cd90e896932fe568,d7758d4047a97429,confirmation_occ007_path03_phase03_mobile_plus_spin_density,-3.932923118360552,-5.048016646115436,0.9227272727272726,1.3045454545454545,24.0,41.0,0.32628308300627396,90af02170d880284
stage5c2d,confirmation,3x3x3,27,static_only,8,0,0,221009,0,1221001,0a53dffee467c970,ac3318004c79ccfc,confirmation_occ008_path00_phase00_static_only,-2.58278389128271,-3.6448863642272396,0.9227272727272726,1.4,20.0,26.0,0.2684446250204928,90af02170d880284
stage5c2d,confirmation,3x3x3,27,mobile_plus_spin_density,8,0,0,221009,329001,1221001,0a53dffee467c970,7a7202d05e73546f,confirmation_occ008_path00_phase00_mobile_plus_spin_density,-2.091774097635305,-2.868272379464888,0.9227272727272726,1.368181818181818,20.0,26.0,0.2728762080078013,90af02170d880284
stage5c2d,confirmation,3x3x3,27,static_only,8,0,1,221009,0,1221002,0a53dffee467c970,ac3318004c79ccfc,confirmation_occ008_path00_phase01_static_only,-2.619382009331807,-3.5900835683804906,0.9227272727272726,1.4,20.0,26.0,0.2682275000261143,90af02170d880284
stage5c2d,confirmation,3x3x3,27,mobile_plus_spin_density,8,0,1,221009,329001,1221002,0a53dffee467c970,7a7202d05e73546f,confirmation_occ008_path00_phase01_mobile_plus_spin_density,-2.0809753024756046,-3.0702886872519857,0.9227272727272726,1.368181818181818,20.0,26.0,0.2730045830248855,90af02170d880284
stage5c2d,confirmation,3x3x3,27,static_only,8,0,2,221009,0,1221003,0a53dffee467c970,ac3318004c79ccfc,confirmation_occ008_path00_phase02_static_only,-2.740772657748478,-3.7355692930109674,0.9227272727272726,1.4,20.0,26.0,0.2688233330263756,90af02170d880284
stage5c2d,confirmation,3x3x3,27,mobile_plus_spin_density,8,0,2,221009,329001,1221003,0a53dffee467c970,7a7202d05e73546f,confirmation_occ008_path00_phase02_mobile_plus_spin_density,-2.11973954728113,-2.892192983588457,0.9227272727272726,1.368181818181818,20.0,26.0,0.2721881669713184,90af02170d880284
stage5c2d,confirmation,3x3x3,27,static_only,8,0,3,221009,0,1221004,0a53dffee467c970,ac3318004c79ccfc,confirmation_occ008_path00_phase03_static_only,-3.0452256894004748,-4.022963404969378,0.9227272727272726,1.4,20.0,26.0,0.2686144160106778,90af02170d880284
stage5c2d,confirmation,3x3x3,27,mobile_plus_spin_density,8,0,3,221009,329001,1221004,0a53dffee467c970,7a7202d05e73546f,confirmation_occ008_path00_phase03_mobile_plus_spin_density,-2.4841132572918423,-3.140367450871848,0.9227272727272726,1.368181818181818,20.0,26.0,0.27159545896574855,90af02170d880284
stage5c2d,confirmation,3x3x3,27,static_only,8,1,0,221009,0,1222001,0a53dffee467c970,ac3318004c79ccfc,confirmation_occ008_path01_phase00_static_only,-2.673208168667402,-3.7258217677325405,0.9227272727272726,1.4,20.0,26.0,0.2690958339953795,90af02170d880284
stage5c2d,confirmation,3x3x3,27,mobile_plus_spin_density,8,1,0,221009,329002,1222001,0a53dffee467c970,fb1928d25ca889b7,confirmation_occ008_path01_phase00_mobile_plus_spin_density,-2.102165949978745,-2.7589519707657044,0.9227272727272726,1.4,20.0,31.0,0.2808959169778973,90af02170d880284
stage5c2d,confirmation,3x3x3,27,static_only,8,1,1,221009,0,1222002,0a53dffee467c970,ac3318004c79ccfc,confirmation_occ008_path01_phase01_static_only,-2.8977517858587287,-3.9375083002986067,0.9227272727272726,1.4,20.0,26.0,0.2690297090448439,90af02170d880284
stage5c2d,confirmation,3x3x3,27,mobile_plus_spin_density,8,1,1,221009,329002,1222002,0a53dffee467c970,fb1928d25ca889b7,confirmation_occ008_path01_phase01_mobile_plus_spin_density,-2.1792605325398866,-2.7847169966325525,0.9227272727272726,1.4,20.0,31.0,0.28070254198974,90af02170d880284
stage5c2d,confirmation,3x3x3,27,static_only,8,1,2,221009,0,1222003,0a53dffee467c970,ac3318004c79ccfc,confirmation_occ008_path01_phase02_static_only,-2.5802474012452477,-3.646923825455728,0.9227272727272726,1.4,20.0,26.0,0.2690077910083346,90af02170d880284
stage5c2d,confirmation,3x3x3,27,mobile_plus_spin_density,8,1,2,221009,329002,1222003,0a53dffee467c970,fb1928d25ca889b7,confirmation_occ008_path01_phase02_mobile_plus_spin_density,-2.1072665237983563,-2.7359893002161035,0.9227272727272726,1.4,20.0,31.0,0.2853570419829339,90af02170d880284
stage5c2d,confirmation,3x3x3,27,static_only,8,1,3,221009,0,1222004,0a53dffee467c970,ac3318004c79ccfc,confirmation_occ008_path01_phase03_static_only,-2.7247319102693845,-3.802647610703602,0.9227272727272726,1.4,20.0,26.0,0.27805699995951727,90af02170d880284
stage5c2d,confirmation,3x3x3,27,mobile_plus_spin_density,8,1,3,221009,329002,1222004,0a53dffee467c970,fb1928d25ca889b7,confirmation_occ008_path01_phase03_mobile_plus_spin_density,-2.0191914146695575,-2.894162190896983,0.9227272727272726,1.4,20.0,31.0,0.2815790419699624,90af02170d880284
stage5c2d,confirmation,3x3x3,27,static_only,8,2,0,221009,0,1223001,0a53dffee467c970,ac3318004c79ccfc,confirmation_occ008_path02_phase00_static_only,-2.9548045008430455,-3.946225939878415,0.9227272727272726,1.4,20.0,26.0,0.3038269170210697,90af02170d880284
stage5c2d,confirmation,3x3x3,27,mobile_plus_spin_density,8,2,0,221009,329003,1223001,0a53dffee467c970,21d443e251c85a8f,confirmation_occ008_path02_phase00_mobile_plus_spin_density,-2.357829513542896,-3.1057384455493233,0.9227272727272726,1.4,20.0,30.0,0.28119341703131795,90af02170d880284
stage5c2d,confirmation,3x3x3,27,static_only,8,2,1,221009,0,1223002,0a53dffee467c970,ac3318004c79ccfc,confirmation_occ008_path02_phase01_static_only,-2.6136935461585904,-3.662259424498566,0.9227272727272726,1.4,20.0,26.0,0.27174758398905396,90af02170d880284
stage5c2d,confirmation,3x3x3,27,mobile_plus_spin_density,8,2,1,221009,329003,1223002,0a53dffee467c970,21d443e251c85a8f,confirmation_occ008_path02_phase01_mobile_plus_spin_density,-2.1125038598012176,-2.731054101595963,0.9227272727272726,1.1454545454545453,20.0,30.0,0.2858071660157293,90af02170d880284
stage5c2d,confirmation,3x3x3,27,static_only,8,2,2,221009,0,1223003,0a53dffee467c970,ac3318004c79ccfc,confirmation_occ008_path02_phase02_static_only,-2.8458043700760696,-3.947453941556389,0.9227272727272726,1.4,20.0,26.0,0.2785718330414966,90af02170d880284
stage5c2d,confirmation,3x3x3,27,mobile_plus_spin_density,8,2,2,221009,329003,1223003,0a53dffee467c970,21d443e251c85a8f,confirmation_occ008_path02_phase02_mobile_plus_spin_density,-2.1067571733264465,-2.8570470481016477,0.9227272727272726,1.4,20.0,30.0,0.3130153340171091,90af02170d880284
stage5c2d,confirmation,3x3x3,27,static_only,8,2,3,221009,0,1223004,0a53dffee467c970,ac3318004c79ccfc,confirmation_occ008_path02_phase03_static_only,-2.8201561197548313,-3.862631011355378,0.9227272727272726,1.4,20.0,26.0,0.2664570420165546,90af02170d880284
stage5c2d,confirmation,3x3x3,27,mobile_plus_spin_density,8,2,3,221009,329003,1223004,0a53dffee467c970,21d443e251c85a8f,confirmation_occ008_path02_phase03_mobile_plus_spin_density,-2.269562986517471,-2.9883974671151337,0.9227272727272726,1.4,20.0,30.0,0.2830415830248967,90af02170d880284
stage5c2d,confirmation,3x3x3,27,static_only,8,3,0,221009,0,1224001,0a53dffee467c970,ac3318004c79ccfc,confirmation_occ008_path03_phase00_static_only,-2.7893314184705673,-3.7612111997597197,0.9227272727272726,1.4,20.0,26.0,0.26978504098951817,90af02170d880284
stage5c2d,confirmation,3x3x3,27,mobile_plus_spin_density,8,3,0,221009,329004,1224001,0a53dffee467c970,73f21bd06bf16a37,confirmation_occ008_path03_phase00_mobile_plus_spin_density,-1.7427599019149569,-2.9237042048842152,0.9227272727272726,1.4,20.0,26.0,0.2780510410084389,90af02170d880284
stage5c2d,confirmation,3x3x3,27,static_only,8,3,1,221009,0,1224002,0a53dffee467c970,ac3318004c79ccfc,confirmation_occ008_path03_phase01_static_only,-2.1628284382404823,-3.272132211774946,0.9227272727272726,1.4,20.0,26.0,0.2722479999647476,90af02170d880284
stage5c2d,confirmation,3x3x3,27,mobile_plus_spin_density,8,3,1,221009,329004,1224002,0a53dffee467c970,73f21bd06bf16a37,confirmation_occ008_path03_phase01_mobile_plus_spin_density,-1.6718143626982411,-2.685268614034781,0.9227272727272726,1.4,20.0,26.0,0.2795333749963902,90af02170d880284
stage5c2d,confirmation,3x3x3,27,static_only,8,3,2,221009,0,1224003,0a53dffee467c970,ac3318004c79ccfc,confirmation_occ008_path03_phase02_static_only,-2.6070294184519573,-3.634576061283745,0.9227272727272726,1.4,20.0,26.0,0.2641767499735579,90af02170d880284
stage5c2d,confirmation,3x3x3,27,mobile_plus_spin_density,8,3,2,221009,329004,1224003,0a53dffee467c970,73f21bd06bf16a37,confirmation_occ008_path03_phase02_mobile_plus_spin_density,-2.128633553150933,-2.973940232836777,0.9227272727272726,1.4,20.0,26.0,0.26840224995976314,90af02170d880284
stage5c2d,confirmation,3x3x3,27,static_only,8,3,3,221009,0,1224004,0a53dffee467c970,ac3318004c79ccfc,confirmation_occ008_path03_phase03_static_only,-2.4458195928899387,-3.427274622356473,0.9227272727272726,1.4,20.0,26.0,0.263168916979339,90af02170d880284
stage5c2d,confirmation,3x3x3,27,mobile_plus_spin_density,8,3,3,221009,329004,1224004,0a53dffee467c970,73f21bd06bf16a37,confirmation_occ008_path03_phase03_mobile_plus_spin_density,-1.7997872136968194,-2.8002548189951284,0.9227272727272726,1.4,20.0,26.0,0.2677811249741353,90af02170d880284
stage5c2d,confirmation,3x3x3,27,static_only,9,0,0,221010,0,1321001,ad41f598fd366099,44d82667c9eeea1e,confirmation_occ009_path00_phase00_static_only,-3.7583079592582163,-4.952587367804324,0.9227272727272726,1.4,22.0,37.0,0.3062047919956967,90af02170d880284
stage5c2d,confirmation,3x3x3,27,mobile_plus_spin_density,9,0,0,221010,330001,1321001,ad41f598fd366099,ee523562e6435cc8,confirmation_occ009_path00_phase00_mobile_plus_spin_density,-2.9057318048929863,-3.8881489252627706,0.9227272727272726,1.3363636363636362,22.0,38.0,0.3125925420317799,90af02170d880284
stage5c2d,confirmation,3x3x3,27,static_only,9,0,1,221010,0,1321002,ad41f598fd366099,44d82667c9eeea1e,confirmation_occ009_path00_phase01_static_only,-3.444214932716662,-4.712463068227636,0.9227272727272726,1.4,22.0,37.0,0.30862737499410287,90af02170d880284
stage5c2d,confirmation,3x3x3,27,mobile_plus_spin_density,9,0,1,221010,330001,1321002,ad41f598fd366099,ee523562e6435cc8,confirmation_occ009_path00_phase01_mobile_plus_spin_density,-2.8604687671296487,-3.8305240552742,0.9227272727272726,1.3363636363636362,22.0,38.0,0.3105980000109412,90af02170d880284
stage5c2d,confirmation,3x3x3,27,static_only,9,0,2,221010,0,1321003,ad41f598fd366099,44d82667c9eeea1e,confirmation_occ009_path00_phase02_static_only,-3.4262357655297926,-4.608653212092417,0.9227272727272726,1.4,22.0,37.0,0.30871666700113565,90af02170d880284
stage5c2d,confirmation,3x3x3,27,mobile_plus_spin_density,9,0,2,221010,330001,1321003,ad41f598fd366099,ee523562e6435cc8,confirmation_occ009_path00_phase02_mobile_plus_spin_density,-2.953283571960155,-4.023088234451268,0.9227272727272726,1.3363636363636362,22.0,38.0,0.30987095803720877,90af02170d880284
stage5c2d,confirmation,3x3x3,27,static_only,9,0,3,221010,0,1321004,ad41f598fd366099,44d82667c9eeea1e,confirmation_occ009_path00_phase03_static_only,-3.239313759630107,-4.443531863663423,0.9227272727272726,1.4,22.0,37.0,0.30671974999131635,90af02170d880284
stage5c2d,confirmation,3x3x3,27,mobile_plus_spin_density,9,0,3,221010,330001,1321004,ad41f598fd366099,ee523562e6435cc8,confirmation_occ009_path00_phase03_mobile_plus_spin_density,-2.723472240842877,-3.762055100716843,0.9227272727272726,1.3363636363636362,22.0,38.0,0.31052150001050904,90af02170d880284
stage5c2d,confirmation,3x3x3,27,static_only,9,1,0,221010,0,1322001,ad41f598fd366099,44d82667c9eeea1e,confirmation_occ009_path01_phase00_static_only,-3.5512878914435184,-4.839788696313796,0.9227272727272726,1.4,22.0,37.0,0.30606100003933534,90af02170d880284
stage5c2d,confirmation,3x3x3,27,mobile_plus_spin_density,9,1,0,221010,330002,1322001,ad41f598fd366099,564d9b61a9718e17,confirmation_occ009_path01_phase00_mobile_plus_spin_density,-3.1914901062422003,-4.2216755104581765,0.9227272727272726,1.4,22.0,36.0,0.3065312919788994,90af02170d880284
stage5c2d,confirmation,3x3x3,27,static_only,9,1,1,221010,0,1322002,ad41f598fd366099,44d82667c9eeea1e,confirmation_occ009_path01_phase01_static_only,-3.980087050843096,-5.244206568633113,0.9227272727272726,1.4,22.0,37.0,0.3070343330036849,90af02170d880284
stage5c2d,confirmation,3x3x3,27,mobile_plus_spin_density,9,1,1,221010,330002,1322002,ad41f598fd366099,564d9b61a9718e17,confirmation_occ009_path01_phase01_mobile_plus_spin_density,-3.621023601210222,-4.64833379242415,0.9227272727272726,1.4,22.0,36.0,0.30629054096061736,90af02170d880284
stage5c2d,confirmation,3x3x3,27,static_only,9,1,2,221010,0,1322003,ad41f598fd366099,44d82667c9eeea1e,confirmation_occ009_path01_phase02_static_only,-3.5146669679775044,-4.778731547139446,0.9227272727272726,1.4,22.0,37.0,0.3069267920218408,90af02170d880284
stage5c2d,confirmation,3x3x3,27,mobile_plus_spin_density,9,1,2,221010,330002,1322003,ad41f598fd366099,564d9b61a9718e17,confirmation_occ009_path01_phase02_mobile_plus_spin_density,-3.171369164355771,-4.0801042912053145,0.9227272727272726,1.4,22.0,36.0,0.3070078340242617,90af02170d880284
stage5c2d,confirmation,3x3x3,27,static_only,9,1,3,221010,0,1322004,ad41f598fd366099,44d82667c9eeea1e,confirmation_occ009_path01_phase03_static_only,-3.386081146797057,-4.613442921146981,0.9227272727272726,1.4,22.0,37.0,0.30721133295446634,90af02170d880284
stage5c2d,confirmation,3x3x3,27,mobile_plus_spin_density,9,1,3,221010,330002,1322004,ad41f598fd366099,564d9b61a9718e17,confirmation_occ009_path01_phase03_mobile_plus_spin_density,-3.1375625686035824,-4.177601720065309,0.9227272727272726,1.4,22.0,36.0,0.3073450420051813,90af02170d880284
stage5c2d,confirmation,3x3x3,27,static_only,9,2,0,221010,0,1323001,ad41f598fd366099,44d82667c9eeea1e,confirmation_occ009_path02_phase00_static_only,-3.476126294584549,-4.819724176871432,0.9227272727272726,1.4,22.0,37.0,0.3059268749784678,90af02170d880284
stage5c2d,confirmation,3x3x3,27,mobile_plus_spin_density,9,2,0,221010,330003,1323001,ad41f598fd366099,31ca93ff3e370e95,confirmation_occ009_path02_phase00_mobile_plus_spin_density,-3.1065150327186775,-3.836235996251377,0.9227272727272726,1.4,22.0,37.0,0.3058893750421703,90af02170d880284
stage5c2d,confirmation,3x3x3,27,static_only,9,2,1,221010,0,1323002,ad41f598fd366099,44d82667c9eeea1e,confirmation_occ009_path02_phase01_static_only,-3.6135565226357884,-4.936707521436458,0.9227272727272726,1.4,22.0,37.0,0.3060562500031665,90af02170d880284
stage5c2d,confirmation,3x3x3,27,mobile_plus_spin_density,9,2,1,221010,330003,1323002,ad41f598fd366099,31ca93ff3e370e95,confirmation_occ009_path02_phase01_mobile_plus_spin_density,-3.2576604134865,-4.174528606461823,0.9227272727272726,1.4,22.0,37.0,0.30482312495587394,90af02170d880284
stage5c2d,confirmation,3x3x3,27,static_only,9,2,2,221010,0,1323003,ad41f598fd366099,44d82667c9eeea1e,confirmation_occ009_path02_phase02_static_only,-3.381977603632821,-4.690850523823437,0.9227272727272726,1.4,22.0,37.0,0.3057230839622207,90af02170d880284
stage5c2d,confirmation,3x3x3,27,mobile_plus_spin_density,9,2,2,221010,330003,1323003,ad41f598fd366099,31ca93ff3e370e95,confirmation_occ009_path02_phase02_mobile_plus_spin_density,-3.1172297433646112,-3.6544832574412807,0.9227272727272726,1.4,22.0,37.0,0.3058473329874687,90af02170d880284
stage5c2d,confirmation,3x3x3,27,static_only,9,2,3,221010,0,1323004,ad41f598fd366099,44d82667c9eeea1e,confirmation_occ009_path02_phase03_static_only,-3.5419103434024244,-4.8437923866352754,0.9227272727272726,1.4,22.0,37.0,0.30651479098014534,90af02170d880284
stage5c2d,confirmation,3x3x3,27,mobile_plus_spin_density,9,2,3,221010,330003,1323004,ad41f598fd366099,31ca93ff3e370e95,confirmation_occ009_path02_phase03_mobile_plus_spin_density,-3.315582625545799,-4.234057816207618,0.9227272727272726,1.4,22.0,37.0,0.30620674998499453,90af02170d880284
stage5c2d,confirmation,3x3x3,27,static_only,9,3,0,221010,0,1324001,ad41f598fd366099,44d82667c9eeea1e,confirmation_occ009_path03_phase00_static_only,-3.594836784365695,-4.786666556702312,0.9227272727272726,1.4,22.0,37.0,0.31385820801369846,90af02170d880284
stage5c2d,confirmation,3x3x3,27,mobile_plus_spin_density,9,3,0,221010,330004,1324001,ad41f598fd366099,d148cb3f629152b8,confirmation_occ009_path03_phase00_mobile_plus_spin_density,-2.789781192874843,-3.453122897080797,0.9227272727272726,1.2727272727272725,22.0,35.0,0.31186908402014524,90af02170d880284
stage5c2d,confirmation,3x3x3,27,static_only,9,3,1,221010,0,1324002,ad41f598fd366099,44d82667c9eeea1e,confirmation_occ009_path03_phase01_static_only,-3.5821331250296535,-4.817619357999624,0.9227272727272726,1.4,22.0,37.0,0.3123607920133509,90af02170d880284
stage5c2d,confirmation,3x3x3,27,mobile_plus_spin_density,9,3,1,221010,330004,1324002,ad41f598fd366099,d148cb3f629152b8,confirmation_occ009_path03_phase01_mobile_plus_spin_density,-2.5093447535638784,-3.259712222940449,0.9227272727272726,1.2727272727272725,22.0,35.0,0.31213637499604374,90af02170d880284
stage5c2d,confirmation,3x3x3,27,static_only,9,3,2,221010,0,1324003,ad41f598fd366099,44d82667c9eeea1e,confirmation_occ009_path03_phase02_static_only,-3.3467856989657867,-4.679900894068219,0.9227272727272726,1.4,22.0,37.0,0.31215350003913045,90af02170d880284
stage5c2d,confirmation,3x3x3,27,mobile_plus_spin_density,9,3,2,221010,330004,1324003,ad41f598fd366099,d148cb3f629152b8,confirmation_occ009_path03_phase02_mobile_plus_spin_density,-2.6225397662809273,-3.3191092715444857,0.9227272727272726,1.2727272727272725,22.0,35.0,0.31099849997553974,90af02170d880284
stage5c2d,confirmation,3x3x3,27,static_only,9,3,3,221010,0,1324004,ad41f598fd366099,44d82667c9eeea1e,confirmation_occ009_path03_phase03_static_only,-3.6587914401242165,-4.949067056911241,0.9227272727272726,1.4,22.0,37.0,0.31375770800514147,90af02170d880284
stage5c2d,confirmation,3x3x3,27,mobile_plus_spin_density,9,3,3,221010,330004,1324004,ad41f598fd366099,d148cb3f629152b8,confirmation_occ009_path03_phase03_mobile_plus_spin_density,-2.737848432522429,-3.5479804741795533,0.9227272727272726,1.2727272727272725,22.0,35.0,0.3130711250123568,90af02170d880284
stage5c2d,confirmation,3x3x3,27,static_only,10,0,0,221011,0,1421001,5f59abb119722b67,2358d14e31384f4d,confirmation_occ010_path00_phase00_static_only,-2.9554565284405143,-4.0488870268949135,0.9227272727272726,1.4,21.0,32.0,0.2921521670068614,90af02170d880284
stage5c2d,confirmation,3x3x3,27,mobile_plus_spin_density,10,0,0,221011,331001,1421001,5f59abb119722b67,e4b289733a4bcc6d,confirmation_occ010_path00_phase00_mobile_plus_spin_density,-2.8161492785383295,-2.958734515115826,0.9227272727272726,1.4,21.0,32.0,0.2907764160190709,90af02170d880284
stage5c2d,confirmation,3x3x3,27,static_only,10,0,1,221011,0,1421002,5f59abb119722b67,2358d14e31384f4d,confirmation_occ010_path00_phase01_static_only,-3.0095376284580726,-4.060547485716537,0.9227272727272726,1.4,21.0,32.0,0.2883731249603443,90af02170d880284
stage5c2d,confirmation,3x3x3,27,mobile_plus_spin_density,10,0,1,221011,331001,1421002,5f59abb119722b67,e4b289733a4bcc6d,confirmation_occ010_path00_phase01_mobile_plus_spin_density,-2.9051466810608217,-2.9195691116246554,0.9227272727272726,0.9863636363636362,21.0,32.0,0.28951545897871256,90af02170d880284
stage5c2d,confirmation,3x3x3,27,static_only,10,0,2,221011,0,1421003,5f59abb119722b67,2358d14e31384f4d,confirmation_occ010_path00_phase02_static_only,-3.250339902446031,-4.215229105121735,0.9227272727272726,1.4,21.0,32.0,0.29132375004701316,90af02170d880284
stage5c2d,confirmation,3x3x3,27,mobile_plus_spin_density,10,0,2,221011,331001,1421003,5f59abb119722b67,e4b289733a4bcc6d,confirmation_occ010_path00_phase02_mobile_plus_spin_density,-3.094631307536365,-3.175179031484117,0.9227272727272726,0.9863636363636362,21.0,32.0,0.2900073329801671,90af02170d880284
stage5c2d,confirmation,3x3x3,27,static_only,10,0,3,221011,0,1421004,5f59abb119722b67,2358d14e31384f4d,confirmation_occ010_path00_phase03_static_only,-3.130538046643464,-4.212217378314456,0.9227272727272726,1.4,21.0,32.0,0.2891230419627391,90af02170d880284
stage5c2d,confirmation,3x3x3,27,mobile_plus_spin_density,10,0,3,221011,331001,1421004,5f59abb119722b67,e4b289733a4bcc6d,confirmation_occ010_path00_phase03_mobile_plus_spin_density,-3.0044039663832676,-3.021090074866495,0.9227272727272726,1.4,21.0,32.0,0.29524100001435727,90af02170d880284
stage5c2d,confirmation,3x3x3,27,static_only,10,1,0,221011,0,1422001,5f59abb119722b67,2358d14e31384f4d,confirmation_occ010_path01_phase00_static_only,-3.3242331719516205,-4.43692387062122,0.9227272727272726,1.4,21.0,32.0,0.2922715829918161,90af02170d880284
stage5c2d,confirmation,3x3x3,27,mobile_plus_spin_density,10,1,0,221011,331002,1422001,5f59abb119722b67,f5e8287ca01c8336,confirmation_occ010_path01_phase00_mobile_plus_spin_density,-3.034832592924319,-3.113188425867846,0.9227272727272726,0.9545454545454545,21.0,33.0,0.2941083339974284,90af02170d880284
stage5c2d,confirmation,3x3x3,27,static_only,10,1,1,221011,0,1422002,5f59abb119722b67,2358d14e31384f4d,confirmation_occ010_path01_phase01_static_only,-2.8465655145714504,-3.9731951246389077,0.9227272727272726,1.4,21.0,32.0,0.29215395799838006,90af02170d880284
stage5c2d,confirmation,3x3x3,27,mobile_plus_spin_density,10,1,1,221011,331002,1422002,5f59abb119722b67,f5e8287ca01c8336,confirmation_occ010_path01_phase01_mobile_plus_spin_density,-2.639386559921703,-2.723970858441926,0.9227272727272726,0.9545454545454545,21.0,33.0,0.29429475002689287,90af02170d880284
stage5c2d,confirmation,3x3x3,27,static_only,10,1,2,221011,0,1422003,5f59abb119722b67,2358d14e31384f4d,confirmation_occ010_path01_phase02_static_only,-2.8090146735062276,-3.9358151209815597,0.9227272727272726,1.4,21.0,32.0,0.29130245896521956,90af02170d880284
stage5c2d,confirmation,3x3x3,27,mobile_plus_spin_density,10,1,2,221011,331002,1422003,5f59abb119722b67,f5e8287ca01c8336,confirmation_occ010_path01_phase02_mobile_plus_spin_density,-2.9152255735387396,-3.000631103976608,0.9227272727272726,0.9545454545454545,21.0,33.0,0.2945374170085415,90af02170d880284
stage5c2d,confirmation,3x3x3,27,static_only,10,1,3,221011,0,1422004,5f59abb119722b67,2358d14e31384f4d,confirmation_occ010_path01_phase03_static_only,-2.83750142804279,-3.925384242661038,0.9227272727272726,1.4,21.0,32.0,0.29170658404473215,90af02170d880284
stage5c2d,confirmation,3x3x3,27,mobile_plus_spin_density,10,1,3,221011,331002,1422004,5f59abb119722b67,f5e8287ca01c8336,confirmation_occ010_path01_phase03_mobile_plus_spin_density,-2.7925802574445493,-2.961321165225695,0.9227272727272726,1.0818181818181818,21.0,33.0,0.29445904202293605,90af02170d880284
stage5c2d,confirmation,3x3x3,27,static_only,10,2,0,221011,0,1423001,5f59abb119722b67,2358d14e31384f4d,confirmation_occ010_path02_phase00_static_only,-3.105644379535153,-4.156247587984504,0.9227272727272726,1.4,21.0,32.0,0.2909720000461675,90af02170d880284
stage5c2d,confirmation,3x3x3,27,mobile_plus_spin_density,10,2,0,221011,331003,1423001,5f59abb119722b67,9a25c4794ddc0420,confirmation_occ010_path02_phase00_mobile_plus_spin_density,-3.170905687781122,-3.4059751601302475,0.9227272727272726,1.018181818181818,21.0,33.0,0.2962179590249434,90af02170d880284
stage5c2d,confirmation,3x3x3,27,static_only,10,2,1,221011,0,1423002,5f59abb119722b67,2358d14e31384f4d,confirmation_occ010_path02_phase01_static_only,-3.295762051673325,-4.261170974149421,0.9227272727272726,1.4,21.0,32.0,0.2919556249980815,90af02170d880284
stage5c2d,confirmation,3x3x3,27,mobile_plus_spin_density,10,2,1,221011,331003,1423002,5f59abb119722b67,9a25c4794ddc0420,confirmation_occ010_path02_phase01_mobile_plus_spin_density,-2.9876608499870736,-3.4206547782405967,0.9227272727272726,1.4,21.0,33.0,0.29562120797345415,90af02170d880284
stage5c2d,confirmation,3x3x3,27,static_only,10,2,2,221011,0,1423003,5f59abb119722b67,2358d14e31384f4d,confirmation_occ010_path02_phase02_static_only,-3.2109125743393623,-4.254366359407448,0.9227272727272726,1.4,21.0,32.0,0.2928662920021452,90af02170d880284
stage5c2d,confirmation,3x3x3,27,mobile_plus_spin_density,10,2,2,221011,331003,1423003,5f59abb119722b67,9a25c4794ddc0420,confirmation_occ010_path02_phase02_mobile_plus_spin_density,-2.864452442823259,-3.5322363482749846,0.9227272727272726,1.4,21.0,33.0,0.29621904098894447,90af02170d880284
stage5c2d,confirmation,3x3x3,27,static_only,10,2,3,221011,0,1423004,5f59abb119722b67,2358d14e31384f4d,confirmation_occ010_path02_phase03_static_only,-3.2726871394986623,-4.393228958148626,0.9227272727272726,1.4,21.0,32.0,0.29101141705177724,90af02170d880284
stage5c2d,confirmation,3x3x3,27,mobile_plus_spin_density,10,2,3,221011,331003,1423004,5f59abb119722b67,9a25c4794ddc0420,confirmation_occ010_path02_phase03_mobile_plus_spin_density,-2.607762042260901,-3.4518613858977854,0.9227272727272726,1.4,21.0,33.0,0.2956657080212608,90af02170d880284
stage5c2d,confirmation,3x3x3,27,static_only,10,3,0,221011,0,1424001,5f59abb119722b67,2358d14e31384f4d,confirmation_occ010_path03_phase00_static_only,-2.980922964698711,-4.0044829648355975,0.9227272727272726,1.4,21.0,32.0,0.2920080419862643,90af02170d880284
stage5c2d,confirmation,3x3x3,27,mobile_plus_spin_density,10,3,0,221011,331004,1424001,5f59abb119722b67,d64c21d744953938,confirmation_occ010_path03_phase00_mobile_plus_spin_density,-2.1967570797509137,-3.2371666825168433,0.9227272727272726,1.368181818181818,21.0,32.0,0.29064125003060326,90af02170d880284
stage5c2d,confirmation,3x3x3,27,static_only,10,3,1,221011,0,1424002,5f59abb119722b67,2358d14e31384f4d,confirmation_occ010_path03_phase01_static_only,-2.7811976575672155,-3.819690823319597,0.9227272727272726,1.4,21.0,32.0,0.28989316598745063,90af02170d880284
stage5c2d,confirmation,3x3x3,27,mobile_plus_spin_density,10,3,1,221011,331004,1424002,5f59abb119722b67,d64c21d744953938,confirmation_occ010_path03_phase01_mobile_plus_spin_density,-1.9859905948030772,-2.9999101605716563,0.9227272727272726,1.368181818181818,21.0,32.0,0.29145299998344854,90af02170d880284
stage5c2d,confirmation,3x3x3,27,static_only,10,3,2,221011,0,1424003,5f59abb119722b67,2358d14e31384f4d,confirmation_occ010_path03_phase02_static_only,-2.78259566518829,-3.78802056549487,0.9227272727272726,1.4,21.0,32.0,0.28971758304396644,90af02170d880284
stage5c2d,confirmation,3x3x3,27,mobile_plus_spin_density,10,3,2,221011,331004,1424003,5f59abb119722b67,d64c21d744953938,confirmation_occ010_path03_phase02_mobile_plus_spin_density,-2.1930377376778463,-3.1794162843890357,0.9227272727272726,1.368181818181818,21.0,32.0,0.290810166974552,90af02170d880284
stage5c2d,confirmation,3x3x3,27,static_only,10,3,3,221011,0,1424004,5f59abb119722b67,2358d14e31384f4d,confirmation_occ010_path03_phase03_static_only,-3.1341165103787216,-4.132214965166132,0.9227272727272726,1.4,21.0,32.0,0.2906036670319736,90af02170d880284
stage5c2d,confirmation,3x3x3,27,mobile_plus_spin_density,10,3,3,221011,331004,1424004,5f59abb119722b67,d64c21d744953938,confirmation_occ010_path03_phase03_mobile_plus_spin_density,-2.266407895476228,-3.302483026587782,0.9227272727272726,1.368181818181818,21.0,32.0,0.2919644999783486,90af02170d880284
stage5c2d,confirmation,3x3x3,27,static_only,11,0,0,221012,0,1521001,65d9e4ce438b8f33,3d269355ed300c69,confirmation_occ011_path00_phase00_static_only,-2.844449596583603,-4.062916947846471,0.9227272727272726,1.4,21.0,31.0,0.2861404169816524,90af02170d880284
stage5c2d,confirmation,3x3x3,27,mobile_plus_spin_density,11,0,0,221012,332001,1521001,65d9e4ce438b8f33,a5928d4b00a7b628,confirmation_occ011_path00_phase00_mobile_plus_spin_density,-2.4336810925867307,-2.5303922208594036,0.9227272727272726,1.4,21.0,31.0,0.2857339999754913,90af02170d880284
stage5c2d,confirmation,3x3x3,27,static_only,11,0,1,221012,0,1521002,65d9e4ce438b8f33,3d269355ed300c69,confirmation_occ011_path00_phase01_static_only,-2.865252820254654,-4.029174371794461,0.9227272727272726,1.4,21.0,31.0,0.284992125001736,90af02170d880284
stage5c2d,confirmation,3x3x3,27,mobile_plus_spin_density,11,0,1,221012,332001,1521002,65d9e4ce438b8f33,a5928d4b00a7b628,confirmation_occ011_path00_phase01_mobile_plus_spin_density,-2.5337136004007084,-2.627400254241137,0.9227272727272726,1.4,21.0,31.0,0.28445858298800886,90af02170d880284
stage5c2d,confirmation,3x3x3,27,static_only,11,0,2,221012,0,1521003,65d9e4ce438b8f33,3d269355ed300c69,confirmation_occ011_path00_phase02_static_only,-3.1283572839155553,-4.253514390976819,0.9227272727272726,1.4,21.0,31.0,0.2855368339805864,90af02170d880284
stage5c2d,confirmation,3x3x3,27,mobile_plus_spin_density,11,0,2,221012,332001,1521003,65d9e4ce438b8f33,a5928d4b00a7b628,confirmation_occ011_path00_phase02_mobile_plus_spin_density,-2.899697055992943,-3.1910725795159816,0.9227272727272726,1.4,21.0,31.0,0.28888154099695385,90af02170d880284
stage5c2d,confirmation,3x3x3,27,static_only,11,0,3,221012,0,1521004,65d9e4ce438b8f33,3d269355ed300c69,confirmation_occ011_path00_phase03_static_only,-2.8598433567760257,-3.9403027423904353,0.9227272727272726,1.4,21.0,31.0,0.2883929170202464,90af02170d880284
stage5c2d,confirmation,3x3x3,27,mobile_plus_spin_density,11,0,3,221012,332001,1521004,65d9e4ce438b8f33,a5928d4b00a7b628,confirmation_occ011_path00_phase03_mobile_plus_spin_density,-2.2635544931122493,-2.4120997542387377,0.9227272727272726,1.4,21.0,31.0,0.28767608397174627,90af02170d880284
stage5c2d,confirmation,3x3x3,27,static_only,11,1,0,221012,0,1522001,65d9e4ce438b8f33,3d269355ed300c69,confirmation_occ011_path01_phase00_static_only,-3.124184606144758,-4.28177104298859,0.9227272727272726,1.4,21.0,31.0,0.2877105830120854,90af02170d880284
stage5c2d,confirmation,3x3x3,27,mobile_plus_spin_density,11,1,0,221012,332002,1522001,65d9e4ce438b8f33,21c70d37699a0286,confirmation_occ011_path01_phase00_mobile_plus_spin_density,-2.5721520019916673,-3.5606953464316744,0.9227272727272726,1.1772727272727272,21.0,32.0,0.29411845898721367,90af02170d880284
stage5c2d,confirmation,3x3x3,27,static_only,11,1,1,221012,0,1522002,65d9e4ce438b8f33,3d269355ed300c69,confirmation_occ011_path01_phase01_static_only,-3.1867143223860346,-4.371324753999915,0.9227272727272726,1.4,21.0,31.0,0.2871707919985056,90af02170d880284
stage5c2d,confirmation,3x3x3,27,mobile_plus_spin_density,11,1,1,221012,332002,1522002,65d9e4ce438b8f33,21c70d37699a0286,confirmation_occ011_path01_phase01_mobile_plus_spin_density,-2.5563980647889286,-3.7353654872952275,0.9227272727272726,1.1772727272727272,21.0,32.0,0.2939296249533072,90af02170d880284
stage5c2d,confirmation,3x3x3,27,static_only,11,1,2,221012,0,1522003,65d9e4ce438b8f33,3d269355ed300c69,confirmation_occ011_path01_phase02_static_only,-3.1923742815911345,-4.280839771828418,0.9227272727272726,1.4,21.0,31.0,0.28796383301960304,90af02170d880284
stage5c2d,confirmation,3x3x3,27,mobile_plus_spin_density,11,1,2,221012,332002,1522003,65d9e4ce438b8f33,21c70d37699a0286,confirmation_occ011_path01_phase02_mobile_plus_spin_density,-2.787636736450291,-3.7843983297786474,0.9227272727272726,1.1772727272727272,21.0,32.0,0.2948297089897096,90af02170d880284
stage5c2d,confirmation,3x3x3,27,static_only,11,1,3,221012,0,1522004,65d9e4ce438b8f33,3d269355ed300c69,confirmation_occ011_path01_phase03_static_only,-3.1008024992499985,-4.234773886281973,0.9227272727272726,1.4,21.0,31.0,0.2861870000488125,90af02170d880284
stage5c2d,confirmation,3x3x3,27,mobile_plus_spin_density,11,1,3,221012,332002,1522004,65d9e4ce438b8f33,21c70d37699a0286,confirmation_occ011_path01_phase03_mobile_plus_spin_density,-2.7158096885854563,-3.5580164695811844,0.9227272727272726,1.1772727272727272,21.0,32.0,0.29247045901138335,90af02170d880284
stage5c2d,confirmation,3x3x3,27,static_only,11,2,0,221012,0,1523001,65d9e4ce438b8f33,3d269355ed300c69,confirmation_occ011_path02_phase00_static_only,-3.4651208285591615,-4.5169796850065245,0.9227272727272726,1.4,21.0,31.0,0.28671616700012237,90af02170d880284
stage5c2d,confirmation,3x3x3,27,mobile_plus_spin_density,11,2,0,221012,332003,1523001,65d9e4ce438b8f33,970110a80cf13428,confirmation_occ011_path02_phase00_mobile_plus_spin_density,-3.0877230533656492,-4.312202387100993,0.9227272727272726,1.368181818181818,21.0,34.0,0.29950083303265274,90af02170d880284
stage5c2d,confirmation,3x3x3,27,static_only,11,2,1,221012,0,1523002,65d9e4ce438b8f33,3d269355ed300c69,confirmation_occ011_path02_phase01_static_only,-2.975401991861688,-4.153461492697929,0.9227272727272726,1.4,21.0,31.0,0.2841506670229137,90af02170d880284
stage5c2d,confirmation,3x3x3,27,mobile_plus_spin_density,11,2,1,221012,332003,1523002,65d9e4ce438b8f33,970110a80cf13428,confirmation_occ011_path02_phase01_mobile_plus_spin_density,-2.7925112634078793,-3.982424639477272,0.9227272727272726,1.368181818181818,21.0,34.0,0.29453858302440494,90af02170d880284
stage5c2d,confirmation,3x3x3,27,static_only,11,2,2,221012,0,1523003,65d9e4ce438b8f33,3d269355ed300c69,confirmation_occ011_path02_phase02_static_only,-3.3305888148785607,-4.490241888726157,0.9227272727272726,1.4,21.0,31.0,0.29190083395224065,90af02170d880284
stage5c2d,confirmation,3x3x3,27,mobile_plus_spin_density,11,2,2,221012,332003,1523003,65d9e4ce438b8f33,970110a80cf13428,confirmation_occ011_path02_phase02_mobile_plus_spin_density,-2.9442562233240626,-4.21810582357036,0.9227272727272726,1.368181818181818,21.0,34.0,0.3004455409827642,90af02170d880284
stage5c2d,confirmation,3x3x3,27,static_only,11,2,3,221012,0,1523004,65d9e4ce438b8f33,3d269355ed300c69,confirmation_occ011_path02_phase03_static_only,-2.9509343594294073,-4.09128086269834,0.9227272727272726,1.4,21.0,31.0,0.2866586659802124,90af02170d880284
stage5c2d,confirmation,3x3x3,27,mobile_plus_spin_density,11,2,3,221012,332003,1523004,65d9e4ce438b8f33,970110a80cf13428,confirmation_occ011_path02_phase03_mobile_plus_spin_density,-2.837509245123682,-4.076348588813906,0.9227272727272726,1.368181818181818,21.0,34.0,0.2957958329934627,90af02170d880284
stage5c2d,confirmation,3x3x3,27,static_only,11,3,0,221012,0,1524001,65d9e4ce438b8f33,3d269355ed300c69,confirmation_occ011_path03_phase00_static_only,-3.1105860789428688,-4.218459952844752,0.9227272727272726,1.4,21.0,31.0,0.2843652080046013,90af02170d880284
stage5c2d,confirmation,3x3x3,27,mobile_plus_spin_density,11,3,0,221012,332004,1524001,65d9e4ce438b8f33,adf2b36d330cd998,confirmation_occ011_path03_phase00_mobile_plus_spin_density,-2.397698868211857,-2.9075492643960232,0.9227272727272726,1.209090909090909,21.0,30.0,0.2800615830346942,90af02170d880284
stage5c2d,confirmation,3x3x3,27,static_only,11,3,1,221012,0,1524002,65d9e4ce438b8f33,3d269355ed300c69,confirmation_occ011_path03_phase01_static_only,-2.9825898186382753,-4.073807421197278,0.9227272727272726,1.4,21.0,31.0,0.28511462500318885,90af02170d880284
stage5c2d,confirmation,3x3x3,27,mobile_plus_spin_density,11,3,1,221012,332004,1524002,65d9e4ce438b8f33,adf2b36d330cd998,confirmation_occ011_path03_phase01_mobile_plus_spin_density,-2.1490131313349674,-2.6940871109396625,0.9227272727272726,1.209090909090909,21.0,30.0,0.28004920802777633,90af02170d880284
stage5c2d,confirmation,3x3x3,27,static_only,11,3,2,221012,0,1524003,65d9e4ce438b8f33,3d269355ed300c69,confirmation_occ011_path03_phase02_static_only,-3.0316306883344346,-4.174991693499644,0.9227272727272726,1.4,21.0,31.0,0.2845742499921471,90af02170d880284
stage5c2d,confirmation,3x3x3,27,mobile_plus_spin_density,11,3,2,221012,332004,1524003,65d9e4ce438b8f33,adf2b36d330cd998,confirmation_occ011_path03_phase02_mobile_plus_spin_density,-2.408355206880422,-2.9175763494698277,0.9227272727272726,1.209090909090909,21.0,30.0,0.2807222920237109,90af02170d880284
stage5c2d,confirmation,3x3x3,27,static_only,11,3,3,221012,0,1524004,65d9e4ce438b8f33,3d269355ed300c69,confirmation_occ011_path03_phase03_static_only,-3.1864898785393447,-4.326919958342766,0.9227272727272726,1.4,21.0,31.0,0.28389616700587794,90af02170d880284
stage5c2d,confirmation,3x3x3,27,mobile_plus_spin_density,11,3,3,221012,332004,1524004,65d9e4ce438b8f33,adf2b36d330cd998,confirmation_occ011_path03_phase03_mobile_plus_spin_density,-2.3236487890499262,-2.80365353518785,0.9227272727272726,1.209090909090909,21.0,30.0,0.28037858300376683,90af02170d880284
