block,sampling,trajectories,family_index,global_false_reject,global_simultaneous_coverage,global_binding_sesoi_detect,global_max_standardized_excess,case_false_reject::limit_hopping_zero_chain6,case_simultaneous_coverage::limit_hopping_zero_chain6,case_binding_sesoi_detect::limit_hopping_zero_chain6,case_false_reject::limit_spin_density_zero_rect2x3,case_simultaneous_coverage::limit_spin_density_zero_rect2x3,case_binding_sesoi_detect::limit_spin_density_zero_rect2x3,unit_binding_sesoi_detect::8d9f57771b025ad2b6da9e578278aa6a,unit_binding_sesoi_detect::db87e6c265d45773bb6297db5af0c11f,unit_binding_sesoi_detect::fb5214d8d1bf5caa839f81a965024f62,unit_binding_sesoi_detect::89bd5e9b58115b60bdad35f43f6437be
DEVELOPMENT,iid,1024,0,False,True,True,0.5123722293778115,False,True,True,False,True,True,True,True,True,True
DEVELOPMENT,iid,1024,1,False,True,True,0.5354923202279281,False,True,True,False,True,True,True,True,True,True
DEVELOPMENT,iid,1024,2,False,True,True,1.4275938419535699,False,True,True,False,True,True,True,True,True,True
DEVELOPMENT,iid,1024,3,False,True,True,0.589720573206793,False,True,True,False,True,True,True,True,True,True
DEVELOPMENT,iid,1024,4,False,True,True,0.35207950560443596,False,True,True,False,True,True,True,True,True,True
DEVELOPMENT,iid,1024,5,False,True,True,0.7997217434644395,False,True,True,False,True,True,True,True,True,True
DEVELOPMENT,iid,1024,6,False,True,True,0.5055234937576603,False,True,True,False,True,True,True,True,True,True
DEVELOPMENT,iid,1024,7,False,True,True,0.8535241664511498,False,True,True,False,True,True,True,True,True,True
DEVELOPMENT,iid,1024,8,False,True,True,1.1419985254049536,False,True,True,False,True,True,True,True,True,True
DEVELOPMENT,iid,1024,9,False,True,True,-0.00829303233061198,False,True,True,False,True,True,True,True,True,True
DEVELOPMENT,iid,1024,10,False,True,True,0.8991332178676037,False,True,True,False,True,True,True,True,True,True
DEVELOPMENT,iid,1024,11,False,True,True,-0.1951621994290177,False,True,True,False,True,True,True,True,True,True
DEVELOPMENT,iid,1024,12,False,True,True,-0.08578502926362144,False,True,True,False,True,True,True,True,True,True
DEVELOPMENT,iid,1024,13,False,True,True,-0.11199093891066625,False,True,True,False,True,True,True,True,True,True
DEVELOPMENT,iid,1024,14,False,True,True,0.9232729479639755,False,True,True,False,True,True,True,True,True,True
DEVELOPMENT,iid,1024,15,False,True,True,3.0119391548004075,False,True,True,False,True,True,True,True,True,True
DEVELOPMENT,iid,1024,16,False,True,True,1.51462142973136,False,True,True,False,True,True,True,True,True,True
DEVELOPMENT,iid,1024,17,False,True,True,0.3486303760013192,False,True,True,False,True,True,True,True,True,True
DEVELOPMENT,iid,1024,18,False,True,True,1.3039973647007532,False,True,True,False,True,True,True,True,True,True
DEVELOPMENT,iid,1024,19,False,True,True,1.0711283591508574,False,True,True,False,True,True,True,True,True,True
DEVELOPMENT,iid,1024,20,False,True,True,0.8884199533913703,False,True,True,False,True,True,True,True,True,True
DEVELOPMENT,iid,1024,21,False,True,True,0.25356335241806544,False,True,True,False,True,True,True,True,True,True
DEVELOPMENT,iid,1024,22,False,True,True,0.5103682846287193,False,True,True,False,True,True,True,True,True,True
DEVELOPMENT,iid,1024,23,False,True,True,1.0630168870818726,False,True,True,False,True,True,True,True,True,True
DEVELOPMENT,iid,1024,24,False,True,True,-0.1489310804458425,False,True,True,False,True,True,True,True,True,True
DEVELOPMENT,iid,1024,25,False,True,True,0.33654166386515394,False,True,True,False,True,True,True,True,True,True
DEVELOPMENT,iid,1024,26,False,True,True,0.37188312143501523,False,True,True,False,True,True,True,True,True,True
DEVELOPMENT,iid,1024,27,False,True,True,0.6715453635876858,False,True,True,False,True,True,True,True,True,True
DEVELOPMENT,iid,1024,28,False,True,True,0.3066441245560324,False,True,True,False,True,True,True,True,True,True
DEVELOPMENT,iid,1024,29,False,True,True,-0.029096724990773,False,True,True,False,True,True,True,True,True,True
DEVELOPMENT,iid,1024,30,False,True,True,0.6421784848888356,False,True,True,False,True,True,True,True,True,True
DEVELOPMENT,iid,1024,31,False,True,True,1.4306354203442817,False,True,True,False,True,True,True,True,True,True
DEVELOPMENT,iid,1024,32,False,True,True,-0.5279333141693366,False,True,True,False,True,True,True,True,True,True
DEVELOPMENT,iid,1024,33,False,True,True,0.7421519158470042,False,True,True,False,True,True,True,True,True,True
DEVELOPMENT,iid,1024,34,False,True,True,0.18931764609031485,False,True,True,False,True,True,True,True,True,True
DEVELOPMENT,iid,1024,35,False,True,True,0.6168799842152611,False,True,True,False,True,True,True,True,True,True
DEVELOPMENT,iid,1024,36,False,True,True,0.7568551411829806,False,True,True,False,True,True,True,True,True,True
DEVELOPMENT,iid,1024,37,False,True,True,0.5536070043645139,False,True,True,False,True,True,True,True,True,True
DEVELOPMENT,iid,1024,38,False,True,True,0.5478407449565451,False,True,True,False,True,True,True,True,True,True
DEVELOPMENT,iid,1024,39,False,True,True,0.5769046449980593,False,True,True,False,True,True,True,True,True,True
DEVELOPMENT,iid,1024,40,False,True,True,1.0597849368719727,False,True,True,False,True,True,True,True,True,True
DEVELOPMENT,iid,1024,41,False,True,True,0.9263793819112436,False,True,True,False,True,True,True,True,True,True
DEVELOPMENT,iid,1024,42,False,True,True,1.89909556234154,False,True,True,False,True,True,True,True,True,True
DEVELOPMENT,iid,1024,43,False,True,True,0.2191054783071068,False,True,True,False,True,True,True,True,True,True
DEVELOPMENT,iid,1024,44,False,True,True,0.03139376048986933,False,True,True,False,True,True,True,True,True,True
DEVELOPMENT,iid,1024,45,False,True,True,-0.006742572722966688,False,True,True,False,True,True,True,True,True,True
DEVELOPMENT,iid,1024,46,False,True,True,1.5160361042727513,False,True,True,False,True,True,True,True,True,True
DEVELOPMENT,iid,1024,47,False,True,True,-0.7419234555652595,False,True,True,False,True,True,True,True,True,True
DEVELOPMENT,iid,1024,48,False,True,True,0.7502621654978151,False,True,True,False,True,True,True,True,True,True
DEVELOPMENT,iid,1024,49,False,True,True,1.060899248853158,False,True,True,False,True,True,True,True,True,True
DEVELOPMENT,iid,1024,50,False,True,True,1.8383547127543014,False,True,True,False,True,True,True,True,True,True
DEVELOPMENT,iid,1024,51,False,True,True,1.4903118605928398,False,True,True,False,True,True,True,True,True,True
DEVELOPMENT,iid,1024,52,False,True,True,-0.5125625286993125,False,True,True,False,True,True,True,True,True,True
DEVELOPMENT,iid,1024,53,False,True,True,1.4360461612395126,False,True,True,False,True,True,True,True,True,True
DEVELOPMENT,iid,1024,54,False,True,True,1.1419285044453433,False,True,True,False,True,True,True,True,True,True
DEVELOPMENT,iid,1024,55,False,True,True,0.8970972753051724,False,True,True,False,True,True,True,True,True,True
DEVELOPMENT,iid,1024,56,False,True,True,-0.28852378465461753,False,True,True,False,True,True,True,True,True,True
DEVELOPMENT,iid,1024,57,False,True,True,-0.8150396610937471,False,True,True,False,True,True,True,True,True,True
DEVELOPMENT,iid,1024,58,False,True,True,0.4927334916272314,False,True,True,False,True,True,True,True,True,True
DEVELOPMENT,iid,1024,59,False,True,True,-0.00526920037036989,False,True,True,False,True,True,True,True,True,True
DEVELOPMENT,iid,1024,60,False,True,True,0.751917076105049,False,True,True,False,True,True,True,True,True,True
DEVELOPMENT,iid,1024,61,False,True,True,0.4613355988152701,False,True,True,False,True,True,True,True,True,True
DEVELOPMENT,iid,1024,62,False,True,True,0.7506871709442849,False,True,True,False,True,True,True,True,True,True
DEVELOPMENT,iid,1024,63,False,True,True,-0.4800996156028117,False,True,True,False,True,True,True,True,True,True
DEVELOPMENT,iid,1024,64,False,True,True,0.41454152906551534,False,True,True,False,True,True,True,True,True,True
DEVELOPMENT,iid,1024,65,False,True,True,-0.5687959356712374,False,True,True,False,True,True,True,True,True,True
DEVELOPMENT,iid,1024,66,False,True,True,0.5345997702434092,False,True,True,False,True,True,True,True,True,True
DEVELOPMENT,iid,1024,67,False,True,True,1.6835920903407067,False,True,True,False,True,True,True,True,True,True
DEVELOPMENT,iid,1024,68,False,True,True,0.2979757278187505,False,True,True,False,True,True,True,True,True,True
DEVELOPMENT,iid,1024,69,False,True,True,0.5224132334054797,False,True,True,False,True,True,True,True,True,True
DEVELOPMENT,iid,1024,70,False,True,True,0.4430630069865057,False,True,True,False,True,True,True,True,True,True
DEVELOPMENT,iid,1024,71,False,True,True,-1.0743838082435473,False,True,True,False,True,True,True,True,True,True
DEVELOPMENT,iid,1024,72,False,True,True,1.433159743783148,False,True,True,False,True,True,True,True,True,True
DEVELOPMENT,iid,1024,73,False,True,True,0.548891201915691,False,True,True,False,True,True,True,True,True,True
DEVELOPMENT,iid,1024,74,False,True,True,0.9663259377950553,False,True,True,False,True,True,True,True,True,True
DEVELOPMENT,iid,1024,75,False,True,True,1.6620463955489135,False,True,True,False,True,True,True,True,True,True
DEVELOPMENT,iid,1024,76,False,True,True,0.5253794672446043,False,True,True,False,True,True,True,True,True,True
DEVELOPMENT,iid,1024,77,False,True,True,1.4602562111428425,False,True,True,False,True,True,True,True,True,True
DEVELOPMENT,iid,1024,78,False,True,True,1.6841712554670043,False,True,True,False,True,True,True,True,True,True
DEVELOPMENT,iid,1024,79,False,True,True,1.327527022844222,False,True,True,False,True,True,True,True,True,True
DEVELOPMENT,iid,1024,80,False,True,True,1.1302503851026242,False,True,True,False,True,True,True,True,True,True
DEVELOPMENT,iid,1024,81,False,True,True,0.3569126240137852,False,True,True,False,True,True,True,True,True,True
DEVELOPMENT,iid,1024,82,False,True,True,0.465041227560142,False,True,True,False,True,True,True,True,True,True
DEVELOPMENT,iid,1024,83,False,True,True,1.1098003223437982,False,True,True,False,True,True,True,True,True,True
DEVELOPMENT,iid,1024,84,False,True,True,0.3935093401095683,False,True,True,False,True,True,True,True,True,True
DEVELOPMENT,iid,1024,85,False,True,True,1.7087090071064932,False,True,True,False,True,True,True,True,True,True
DEVELOPMENT,iid,1024,86,False,True,True,1.1126218704932929,False,True,True,False,True,True,True,True,True,True
DEVELOPMENT,iid,1024,87,False,True,True,0.7336251764974263,False,True,True,False,True,True,True,True,True,True
DEVELOPMENT,iid,1024,88,False,True,True,1.477400194041474,False,True,True,False,True,True,True,True,True,True
DEVELOPMENT,iid,1024,89,False,True,True,-0.9336829071815621,False,True,True,False,True,True,True,True,True,True
DEVELOPMENT,iid,1024,90,False,True,True,1.668330254334758,False,True,True,False,True,True,True,True,True,True
DEVELOPMENT,iid,1024,91,False,True,True,1.4190340624864506,False,True,True,False,True,True,True,True,True,True
DEVELOPMENT,iid,1024,92,False,True,True,-0.9094763287810176,False,True,True,False,True,True,True,True,True,True
DEVELOPMENT,iid,1024,93,False,True,True,0.7174961183456439,False,True,True,False,True,True,True,True,True,True
DEVELOPMENT,iid,1024,94,False,True,True,-0.012216845628090002,False,True,True,False,True,True,True,True,True,True
DEVELOPMENT,iid,1024,95,False,True,True,0.9567704390756281,False,True,True,False,True,True,True,True,True,True
DEVELOPMENT,iid,1024,96,False,True,True,0.2506352339768742,False,True,True,False,True,True,True,True,True,True
DEVELOPMENT,iid,1024,97,False,True,True,0.5041808425739206,False,True,True,False,True,True,True,True,True,True
DEVELOPMENT,iid,1024,98,False,True,True,0.058641430113207056,False,True,True,False,True,True,True,True,True,True
DEVELOPMENT,iid,1024,99,False,True,True,-0.30297543703926877,False,True,True,False,True,True,True,True,True,True
DEVELOPMENT,iid,1024,100,False,True,True,0.8493719678942078,False,True,True,False,True,True,True,True,True,True
DEVELOPMENT,iid,1024,101,False,True,True,-0.8958528422002289,False,True,True,False,True,True,True,True,True,True
DEVELOPMENT,iid,1024,102,False,True,True,0.6299999392879113,False,True,True,False,True,True,True,True,True,True
DEVELOPMENT,iid,1024,103,False,True,True,0.34527885233863304,False,True,True,False,True,True,True,True,True,True
DEVELOPMENT,iid,1024,104,False,True,True,1.2454695091906387,False,True,True,False,True,True,True,True,True,True
DEVELOPMENT,iid,1024,105,False,True,True,1.0230169569561285,False,True,True,False,True,True,True,True,True,True
DEVELOPMENT,iid,1024,106,False,True,True,-0.44596310377426895,False,True,True,False,True,True,True,True,True,True
DEVELOPMENT,iid,1024,107,False,True,True,0.5917545295627257,False,True,True,False,True,True,True,True,True,True
DEVELOPMENT,iid,1024,108,False,True,True,0.9882224688721156,False,True,True,False,True,True,True,True,True,True
DEVELOPMENT,iid,1024,109,False,True,True,0.9196788668885133,False,True,True,False,True,True,True,True,True,True
DEVELOPMENT,iid,1024,110,False,True,True,-0.26813146303254337,False,True,True,False,True,True,True,True,True,True
DEVELOPMENT,iid,1024,111,False,True,True,1.4367064906195903,False,True,True,False,True,True,True,True,True,True
DEVELOPMENT,iid,1024,112,False,True,True,0.6771922828907387,False,True,True,False,True,True,True,True,True,True
DEVELOPMENT,iid,1024,113,False,True,True,-0.06830118965384989,False,True,True,False,True,True,True,True,True,True
DEVELOPMENT,iid,1024,114,False,True,True,0.4511140258157727,False,True,True,False,True,True,True,True,True,True
DEVELOPMENT,iid,1024,115,False,True,True,0.8284807469699688,False,True,True,False,True,True,True,True,True,True
DEVELOPMENT,iid,1024,116,False,True,True,0.9522809741535979,False,True,True,False,True,True,True,True,True,True
DEVELOPMENT,iid,1024,117,False,True,True,2.016704337313802,False,True,True,False,True,True,True,True,True,True
DEVELOPMENT,iid,1024,118,False,True,True,0.9534945622355081,False,True,True,False,True,True,True,True,True,True
DEVELOPMENT,iid,1024,119,False,True,True,0.22200201078460413,False,True,True,False,True,True,True,True,True,True
DEVELOPMENT,iid,1024,120,False,True,True,0.3701833702163044,False,True,True,False,True,True,True,True,True,True
DEVELOPMENT,iid,1024,121,False,True,True,-0.2561564797141207,False,True,True,False,True,True,True,True,True,True
DEVELOPMENT,iid,1024,122,False,True,True,1.2676176417500835,False,True,True,False,True,True,True,True,True,True
DEVELOPMENT,iid,1024,123,False,True,True,0.3542254328212604,False,True,True,False,True,True,True,True,True,True
DEVELOPMENT,iid,1024,124,False,True,True,0.5072709753418727,False,True,True,False,True,True,True,True,True,True
DEVELOPMENT,iid,1024,125,False,True,True,0.3081664963967253,False,True,True,False,True,True,True,True,True,True
DEVELOPMENT,iid,1024,126,False,True,True,1.2560384205515998,False,True,True,False,True,True,True,True,True,True
DEVELOPMENT,iid,1024,127,False,True,True,0.27391109198960767,False,True,True,False,True,True,True,True,True,True
DEVELOPMENT,iid,2048,0,False,True,True,-0.26365356357871517,False,True,True,False,True,True,True,True,True,True
DEVELOPMENT,iid,2048,1,False,True,True,0.6211999836164231,False,True,True,False,True,True,True,True,True,True
DEVELOPMENT,iid,2048,2,False,True,True,0.8037865602734882,False,True,True,False,True,True,True,True,True,True
DEVELOPMENT,iid,2048,3,False,True,True,0.23656674473470723,False,True,True,False,True,True,True,True,True,True
DEVELOPMENT,iid,2048,4,False,True,True,0.5584552312979423,False,True,True,False,True,True,True,True,True,True
DEVELOPMENT,iid,2048,5,False,True,True,0.6801144856372084,False,True,True,False,True,True,True,True,True,True
DEVELOPMENT,iid,2048,6,False,True,True,0.23209483653088067,False,True,True,False,True,True,True,True,True,True
DEVELOPMENT,iid,2048,7,False,True,True,0.9301812055572254,False,True,True,False,True,True,True,True,True,True
DEVELOPMENT,iid,2048,8,False,True,True,0.38089006462523256,False,True,True,False,True,True,True,True,True,True
DEVELOPMENT,iid,2048,9,False,True,True,-0.4752133659656526,False,True,True,False,True,True,True,True,True,True
DEVELOPMENT,iid,2048,10,False,True,True,0.8677072266825682,False,True,True,False,True,True,True,True,True,True
DEVELOPMENT,iid,2048,11,False,True,True,-0.6531807456441217,False,True,True,False,True,True,True,True,True,True
DEVELOPMENT,iid,2048,12,False,True,True,-1.0315148336729882,False,True,True,False,True,True,True,True,True,True
DEVELOPMENT,iid,2048,13,False,True,True,-0.12083703739577319,False,True,True,False,True,True,True,True,True,True
DEVELOPMENT,iid,2048,14,False,True,True,0.9772705527648169,False,True,True,False,True,True,True,True,True,True
DEVELOPMENT,iid,2048,15,False,True,True,2.2635382121650425,False,True,True,False,True,True,True,True,True,True
DEVELOPMENT,iid,2048,16,False,True,True,1.026940512082692,False,True,True,False,True,True,True,True,True,True
DEVELOPMENT,iid,2048,17,False,True,True,-0.021318660553095215,False,True,True,False,True,True,True,True,True,True
DEVELOPMENT,iid,2048,18,False,True,True,1.397237388671214,False,True,True,False,True,True,True,True,True,True
DEVELOPMENT,iid,2048,19,False,True,True,0.35605508624443905,False,True,True,False,True,True,True,True,True,True
DEVELOPMENT,iid,2048,20,False,True,True,0.22208542286364577,False,True,True,False,True,True,True,True,True,True
DEVELOPMENT,iid,2048,21,False,True,True,-0.3100336650881542,False,True,True,False,True,True,True,True,True,True
DEVELOPMENT,iid,2048,22,False,True,True,0.22400511596785397,False,True,True,False,True,True,True,True,True,True
DEVELOPMENT,iid,2048,23,False,True,True,1.1375947912263533,False,True,True,False,True,True,True,True,True,True
DEVELOPMENT,iid,2048,24,False,True,True,0.055307047383226546,False,True,True,False,True,True,True,True,True,True
DEVELOPMENT,iid,2048,25,False,True,True,-0.03908706004912564,False,True,True,False,True,True,True,True,True,True
DEVELOPMENT,iid,2048,26,False,True,True,-0.33941782699299594,False,True,True,False,True,True,True,True,True,True
DEVELOPMENT,iid,2048,27,False,True,True,0.4515573917992697,False,True,True,False,True,True,True,True,True,True
DEVELOPMENT,iid,2048,28,False,True,True,-0.10994878656140729,False,True,True,False,True,True,True,True,True,True
DEVELOPMENT,iid,2048,29,False,True,True,-0.2837047602828642,False,True,True,False,True,True,True,True,True,True
DEVELOPMENT,iid,2048,30,False,True,True,-0.04479671598953272,False,True,True,False,True,True,True,True,True,True
DEVELOPMENT,iid,2048,31,False,True,True,0.7964501863896665,False,True,True,False,True,True,True,True,True,True
DEVELOPMENT,iid,2048,32,False,True,True,-0.5689586610049958,False,True,True,False,True,True,True,True,True,True
DEVELOPMENT,iid,2048,33,False,True,True,0.2434726499584541,False,True,True,False,True,True,True,True,True,True
DEVELOPMENT,iid,2048,34,False,True,True,-0.24560875303655305,False,True,True,False,True,True,True,True,True,True
DEVELOPMENT,iid,2048,35,False,True,True,0.1505487013557452,False,True,True,False,True,True,True,True,True,True
DEVELOPMENT,iid,2048,36,False,True,True,0.30957013261586663,False,True,True,False,True,True,True,True,True,True
DEVELOPMENT,iid,2048,37,False,True,True,0.4719715382283921,False,True,True,False,True,True,True,True,True,True
DEVELOPMENT,iid,2048,38,False,True,True,-0.003459282453334184,False,True,True,False,True,True,True,True,True,True
DEVELOPMENT,iid,2048,39,False,True,True,0.998201017894923,False,True,True,False,True,True,True,True,True,True
DEVELOPMENT,iid,2048,40,False,True,True,0.4395171512872189,False,True,True,False,True,True,True,True,True,True
DEVELOPMENT,iid,2048,41,False,True,True,0.1520604110709033,False,True,True,False,True,True,True,True,True,True
DEVELOPMENT,iid,2048,42,False,True,True,1.5402257357303564,False,True,True,False,True,True,True,True,True,True
DEVELOPMENT,iid,2048,43,False,True,True,-0.17690415298187306,False,True,True,False,True,True,True,True,True,True
DEVELOPMENT,iid,2048,44,False,True,True,0.16918419058132417,False,True,True,False,True,True,True,True,True,True
DEVELOPMENT,iid,2048,45,False,True,True,-0.07877001622034349,False,True,True,False,True,True,True,True,True,True
DEVELOPMENT,iid,2048,46,False,True,True,1.0109709780024096,False,True,True,False,True,True,True,True,True,True
DEVELOPMENT,iid,2048,47,False,True,True,-0.8908805191177764,False,True,True,False,True,True,True,True,True,True
DEVELOPMENT,iid,2048,48,False,True,True,0.5567704128480049,False,True,True,False,True,True,True,True,True,True
DEVELOPMENT,iid,2048,49,False,True,True,1.0652400638218742,False,True,True,False,True,True,True,True,True,True
DEVELOPMENT,iid,2048,50,False,True,True,1.8392025691009848,False,True,True,False,True,True,True,True,True,True
DEVELOPMENT,iid,2048,51,False,True,True,1.050401312898201,False,True,True,False,True,True,True,True,True,True
DEVELOPMENT,iid,2048,52,False,True,True,-0.3721618193955185,False,True,True,False,True,True,True,True,True,True
DEVELOPMENT,iid,2048,53,False,True,True,0.6760993854897815,False,True,True,False,True,True,True,True,True,True
DEVELOPMENT,iid,2048,54,False,True,True,1.5184167039579628,False,True,True,False,True,True,True,True,True,True
DEVELOPMENT,iid,2048,55,False,True,True,0.05599018535165248,False,True,True,False,True,True,True,True,True,True
DEVELOPMENT,iid,2048,56,False,True,True,-0.7420691607784113,False,True,True,False,True,True,True,True,True,True
DEVELOPMENT,iid,2048,57,False,True,True,-0.6098247081182195,False,True,True,False,True,True,True,True,True,True
DEVELOPMENT,iid,2048,58,False,True,True,0.34845070296821573,False,True,True,False,True,True,True,True,True,True
DEVELOPMENT,iid,2048,59,False,True,True,-0.335940256923904,False,True,True,False,True,True,True,True,True,True
DEVELOPMENT,iid,2048,60,False,True,True,0.9472130689801928,False,True,True,False,True,True,True,True,True,True
DEVELOPMENT,iid,2048,61,False,True,True,0.07078851841151321,False,True,True,False,True,True,True,True,True,True
DEVELOPMENT,iid,2048,62,False,True,True,0.1366200664664307,False,True,True,False,True,True,True,True,True,True
DEVELOPMENT,iid,2048,63,False,True,True,-0.6807372320872364,False,True,True,False,True,True,True,True,True,True
DEVELOPMENT,iid,2048,64,False,True,True,0.4560220561651952,False,True,True,False,True,True,True,True,True,True
DEVELOPMENT,iid,2048,65,False,True,True,-0.7785623597533873,False,True,True,False,True,True,True,True,True,True
DEVELOPMENT,iid,2048,66,False,True,True,0.7094993537255603,False,True,True,False,True,True,True,True,True,True
DEVELOPMENT,iid,2048,67,False,True,True,1.6460872911961797,False,True,True,False,True,True,True,True,True,True
DEVELOPMENT,iid,2048,68,False,True,True,0.27977034617466634,False,True,True,False,True,True,True,True,True,True
DEVELOPMENT,iid,2048,69,False,True,True,0.06388189014028171,False,True,True,False,True,True,True,True,True,True
DEVELOPMENT,iid,2048,70,False,True,True,0.09295565543374743,False,True,True,False,True,True,True,True,True,True
DEVELOPMENT,iid,2048,71,False,True,True,-1.4609715482820036,False,True,True,False,True,True,True,True,True,True
DEVELOPMENT,iid,2048,72,False,True,True,1.3496273664687124,False,True,True,False,True,True,True,True,True,True
DEVELOPMENT,iid,2048,73,False,True,True,0.529973238837245,False,True,True,False,True,True,True,True,True,True
DEVELOPMENT,iid,2048,74,False,True,True,0.6695829787011643,False,True,True,False,True,True,True,True,True,True
DEVELOPMENT,iid,2048,75,False,True,True,1.5548247993333615,False,True,True,False,True,True,True,True,True,True
DEVELOPMENT,iid,2048,76,False,True,True,0.7323965540348081,False,True,True,False,True,True,True,True,True,True
DEVELOPMENT,iid,2048,77,False,True,True,1.7555918127874357,False,True,True,False,True,True,True,True,True,True
DEVELOPMENT,iid,2048,78,False,True,True,1.1804256395171457,False,True,True,False,True,True,True,True,True,True
DEVELOPMENT,iid,2048,79,False,True,True,1.9254974148519985,False,True,True,False,True,True,True,True,True,True
DEVELOPMENT,iid,2048,80,False,True,True,0.2392244072580244,False,True,True,False,True,True,True,True,True,True
DEVELOPMENT,iid,2048,81,False,True,True,0.2937763474339806,False,True,True,False,True,True,True,True,True,True
DEVELOPMENT,iid,2048,82,False,True,True,0.05739224277694539,False,True,True,False,True,True,True,True,True,True
DEVELOPMENT,iid,2048,83,False,True,True,0.541870026088424,False,True,True,False,True,True,True,True,True,True
DEVELOPMENT,iid,2048,84,False,True,True,0.20523593621619363,False,True,True,False,True,True,True,True,True,True
DEVELOPMENT,iid,2048,85,False,True,True,1.5909547533451471,False,True,True,False,True,True,True,True,True,True
DEVELOPMENT,iid,2048,86,False,True,True,1.1718514170945529,False,True,True,False,True,True,True,True,True,True
DEVELOPMENT,iid,2048,87,False,True,True,0.9023603238430342,False,True,True,False,True,True,True,True,True,True
DEVELOPMENT,iid,2048,88,False,True,True,0.8715193798960199,False,True,True,False,True,True,True,True,True,True
DEVELOPMENT,iid,2048,89,False,True,True,-1.1441640453342272,False,True,True,False,True,True,True,True,True,True
DEVELOPMENT,iid,2048,90,False,True,True,1.3208864097300568,False,True,True,False,True,True,True,True,True,True
DEVELOPMENT,iid,2048,91,False,True,True,0.9172034927730068,False,True,True,False,True,True,True,True,True,True
DEVELOPMENT,iid,2048,92,False,True,True,-0.9841826566835723,False,True,True,False,True,True,True,True,True,True
DEVELOPMENT,iid,2048,93,False,True,True,0.9195700496300567,False,True,True,False,True,True,True,True,True,True
DEVELOPMENT,iid,2048,94,False,True,True,-0.3436159923257008,False,True,True,False,True,True,True,True,True,True
DEVELOPMENT,iid,2048,95,False,True,True,0.6217870136671483,False,True,True,False,True,True,True,True,True,True
DEVELOPMENT,iid,2048,96,False,True,True,0.9767041413567058,False,True,True,False,True,True,True,True,True,True
DEVELOPMENT,iid,2048,97,False,True,True,0.4863516584133183,False,True,True,False,True,True,True,True,True,True
DEVELOPMENT,iid,2048,98,False,True,True,0.64079234174571,False,True,True,False,True,True,True,True,True,True
DEVELOPMENT,iid,2048,99,False,True,True,0.04156800315028815,False,True,True,False,True,True,True,True,True,True
DEVELOPMENT,iid,2048,100,False,True,True,0.011189377003083584,False,True,True,False,True,True,True,True,True,True
DEVELOPMENT,iid,2048,101,False,True,True,-1.1494857102049791,False,True,True,False,True,True,True,True,True,True
DEVELOPMENT,iid,2048,102,False,True,True,0.35032043483412234,False,True,True,False,True,True,True,True,True,True
DEVELOPMENT,iid,2048,103,False,True,True,0.052974334177336845,False,True,True,False,True,True,True,True,True,True
DEVELOPMENT,iid,2048,104,False,True,True,1.2670450563962508,False,True,True,False,True,True,True,True,True,True
DEVELOPMENT,iid,2048,105,False,True,True,0.2284065936000012,False,True,True,False,True,True,True,True,True,True
DEVELOPMENT,iid,2048,106,False,True,True,-0.5172947354193763,False,True,True,False,True,True,True,True,True,True
DEVELOPMENT,iid,2048,107,False,True,True,0.542361084663839,False,True,True,False,True,True,True,True,True,True
DEVELOPMENT,iid,2048,108,False,True,True,0.572612541781517,False,True,True,False,True,True,True,True,True,True
DEVELOPMENT,iid,2048,109,False,True,True,0.969046506225959,False,True,True,False,True,True,True,True,True,True
DEVELOPMENT,iid,2048,110,False,True,True,-0.2153130758928565,False,True,True,False,True,True,True,True,True,True
DEVELOPMENT,iid,2048,111,False,True,True,1.0896377352167215,False,True,True,False,True,True,True,True,True,True
DEVELOPMENT,iid,2048,112,False,True,True,0.17212870696727636,False,True,True,False,True,True,True,True,True,True
DEVELOPMENT,iid,2048,113,False,True,True,-0.43711672254689904,False,True,True,False,True,True,True,True,True,True
DEVELOPMENT,iid,2048,114,False,True,True,0.19171352098343722,False,True,True,False,True,True,True,True,True,True
DEVELOPMENT,iid,2048,115,False,True,True,0.39532394346212146,False,True,True,False,True,True,True,True,True,True
DEVELOPMENT,iid,2048,116,False,True,True,0.9686942765769804,False,True,True,False,True,True,True,True,True,True
DEVELOPMENT,iid,2048,117,False,True,True,2.062998835916411,False,True,True,False,True,True,True,True,True,True
DEVELOPMENT,iid,2048,118,False,True,True,0.29922284521767595,False,True,True,False,True,True,True,True,True,True
DEVELOPMENT,iid,2048,119,False,True,True,-0.31895636986926473,False,True,True,False,True,True,True,True,True,True
DEVELOPMENT,iid,2048,120,False,True,True,-0.21567804047964223,False,True,True,False,True,True,True,True,True,True
DEVELOPMENT,iid,2048,121,False,True,True,-0.2055460970374006,False,True,True,False,True,True,True,True,True,True
DEVELOPMENT,iid,2048,122,False,True,True,1.0906361248929544,False,True,True,False,True,True,True,True,True,True
DEVELOPMENT,iid,2048,123,False,True,True,-0.010009283863066903,False,True,True,False,True,True,True,True,True,True
DEVELOPMENT,iid,2048,124,False,True,True,0.61648246667792,False,True,True,False,True,True,True,True,True,True
DEVELOPMENT,iid,2048,125,False,True,True,0.1907016651773571,False,True,True,False,True,True,True,True,True,True
DEVELOPMENT,iid,2048,126,False,True,True,0.6765890112771906,False,True,True,False,True,True,True,True,True,True
DEVELOPMENT,iid,2048,127,False,True,True,0.4437083500275124,False,True,True,False,True,True,True,True,True,True
DEVELOPMENT,iid,4096,0,False,True,True,-0.5698180382008057,False,True,True,False,True,True,True,True,True,True
DEVELOPMENT,iid,4096,1,False,True,True,0.041164209881588934,False,True,True,False,True,True,True,True,True,True
DEVELOPMENT,iid,4096,2,False,True,True,0.8609458884132015,False,True,True,False,True,True,True,True,True,True
DEVELOPMENT,iid,4096,3,False,True,True,-0.07970341269195907,False,True,True,False,True,True,True,True,True,True
DEVELOPMENT,iid,4096,4,False,True,True,0.6177597465443688,False,True,True,False,True,True,True,True,True,True
DEVELOPMENT,iid,4096,5,False,True,True,0.6218487155255175,False,True,True,False,True,True,True,True,True,True
DEVELOPMENT,iid,4096,6,False,True,True,-0.46655473168048806,False,True,True,False,True,True,True,True,True,True
DEVELOPMENT,iid,4096,7,False,True,True,0.4777366950478789,False,True,True,False,True,True,True,True,True,True
DEVELOPMENT,iid,4096,8,False,True,True,0.36091974967740736,False,True,True,False,True,True,True,True,True,True
DEVELOPMENT,iid,4096,9,False,True,True,-0.9663925403289503,False,True,True,False,True,True,True,True,True,True
DEVELOPMENT,iid,4096,10,False,True,True,0.001163811994013889,False,True,True,False,True,True,True,True,True,True
DEVELOPMENT,iid,4096,11,False,True,True,-0.48202721429991224,False,True,True,False,True,True,True,True,True,True
DEVELOPMENT,iid,4096,12,False,True,True,-1.0752309328880705,False,True,True,False,True,True,True,True,True,True
DEVELOPMENT,iid,4096,13,False,True,True,-0.5615392840434322,False,True,True,False,True,True,True,True,True,True
DEVELOPMENT,iid,4096,14,False,True,True,0.795820164538614,False,True,True,False,True,True,True,True,True,True
DEVELOPMENT,iid,4096,15,False,True,True,2.32743468566301,False,True,True,False,True,True,True,True,True,True
DEVELOPMENT,iid,4096,16,False,True,True,0.7333058629578015,False,True,True,False,True,True,True,True,True,True
DEVELOPMENT,iid,4096,17,False,True,True,-0.3753668038284166,False,True,True,False,True,True,True,True,True,True
DEVELOPMENT,iid,4096,18,False,True,True,1.032455474967685,False,True,True,False,True,True,True,True,True,True
DEVELOPMENT,iid,4096,19,False,True,True,-0.02832579198122099,False,True,True,False,True,True,True,True,True,True
DEVELOPMENT,iid,4096,20,False,True,True,-0.1915486865495826,False,True,True,False,True,True,True,True,True,True
DEVELOPMENT,iid,4096,21,False,True,True,-0.16367226642622731,False,True,True,False,True,True,True,True,True,True
DEVELOPMENT,iid,4096,22,False,True,True,0.2128394676878804,False,True,True,False,True,True,True,True,True,True
DEVELOPMENT,iid,4096,23,False,True,True,0.7559551500214339,False,True,True,False,True,True,True,True,True,True
DEVELOPMENT,iid,4096,24,False,True,True,-0.23597990870053012,False,True,True,False,True,True,True,True,True,True
DEVELOPMENT,iid,4096,25,False,True,True,-0.19777909927541243,False,True,True,False,True,True,True,True,True,True
DEVELOPMENT,iid,4096,26,False,True,True,-0.9168172381502073,False,True,True,False,True,True,True,True,True,True
DEVELOPMENT,iid,4096,27,False,True,True,-0.5214130430508839,False,True,True,False,True,True,True,True,True,True
DEVELOPMENT,iid,4096,28,False,True,True,-0.6417891888651367,False,True,True,False,True,True,True,True,True,True
DEVELOPMENT,iid,4096,29,False,True,True,-0.9493293465628512,False,True,True,False,True,True,True,True,True,True
DEVELOPMENT,iid,4096,30,False,True,True,0.19402125218050284,False,True,True,False,True,True,True,True,True,True
DEVELOPMENT,iid,4096,31,False,True,True,0.6396527256246979,False,True,True,False,True,True,True,True,True,True
DEVELOPMENT,iid,4096,32,False,True,True,-0.8693265930153414,False,True,True,False,True,True,True,True,True,True
DEVELOPMENT,iid,4096,33,False,True,True,0.12533744219706264,False,True,True,False,True,True,True,True,True,True
DEVELOPMENT,iid,4096,34,False,True,True,-0.6472569378223226,False,True,True,False,True,True,True,True,True,True
DEVELOPMENT,iid,4096,35,False,True,True,0.49665485340137944,False,True,True,False,True,True,True,True,True,True
DEVELOPMENT,iid,4096,36,False,True,True,-0.18597083126301014,False,True,True,False,True,True,True,True,True,True
DEVELOPMENT,iid,4096,37,False,True,True,0.22031965168442819,False,True,True,False,True,True,True,True,True,True
DEVELOPMENT,iid,4096,38,False,True,True,-0.16601454938440652,False,True,True,False,True,True,True,True,True,True
DEVELOPMENT,iid,4096,39,False,True,True,0.4479278900286373,False,True,True,False,True,True,True,True,True,True
DEVELOPMENT,iid,4096,40,False,True,True,0.3492694202496116,False,True,True,False,True,True,True,True,True,True
DEVELOPMENT,iid,4096,41,False,True,True,0.09258514558745697,False,True,True,False,True,True,True,True,True,True
DEVELOPMENT,iid,4096,42,False,True,True,1.0871955064195629,False,True,True,False,True,True,True,True,True,True
DEVELOPMENT,iid,4096,43,False,True,True,-0.5796249058892723,False,True,True,False,True,True,True,True,True,True
DEVELOPMENT,iid,4096,44,False,True,True,-0.5851139854095079,False,True,True,False,True,True,True,True,True,True
DEVELOPMENT,iid,4096,45,False,True,True,-0.4093698530521555,False,True,True,False,True,True,True,True,True,True
DEVELOPMENT,iid,4096,46,False,True,True,0.5045212039409598,False,True,True,False,True,True,True,True,True,True
DEVELOPMENT,iid,4096,47,False,True,True,-1.1593077774305929,False,True,True,False,True,True,True,True,True,True
DEVELOPMENT,iid,4096,48,False,True,True,-0.27664440081531055,False,True,True,False,True,True,True,True,True,True
DEVELOPMENT,iid,4096,49,False,True,True,0.4699562572519367,False,True,True,False,True,True,True,True,True,True
DEVELOPMENT,iid,4096,50,False,True,True,1.4173216007635807,False,True,True,False,True,True,True,True,True,True
DEVELOPMENT,iid,4096,51,False,True,True,0.9049378654519773,False,True,True,False,True,True,True,True,True,True
DEVELOPMENT,iid,4096,52,False,True,True,-0.46830111684900594,False,True,True,False,True,True,True,True,True,True
DEVELOPMENT,iid,4096,53,False,True,True,0.17709899870691595,False,True,True,False,True,True,True,True,True,True
DEVELOPMENT,iid,4096,54,False,True,True,1.2440591929993092,False,True,True,False,True,True,True,True,True,True
DEVELOPMENT,iid,4096,55,False,True,True,-0.22986021840240134,False,True,True,False,True,True,True,True,True,True
DEVELOPMENT,iid,4096,56,False,True,True,-1.4325666248904565,False,True,True,False,True,True,True,True,True,True
DEVELOPMENT,iid,4096,57,False,True,True,-1.0994165284108843,False,True,True,False,True,True,True,True,True,True
DEVELOPMENT,iid,4096,58,False,True,True,-0.09143323608601177,False,True,True,False,True,True,True,True,True,True
DEVELOPMENT,iid,4096,59,False,True,True,-0.4991899153658956,False,True,True,False,True,True,True,True,True,True
DEVELOPMENT,iid,4096,60,False,True,True,0.3764771830553982,False,True,True,False,True,True,True,True,True,True
DEVELOPMENT,iid,4096,61,False,True,True,-0.8608569128453329,False,True,True,False,True,True,True,True,True,True
DEVELOPMENT,iid,4096,62,False,True,True,-0.2533505663043897,False,True,True,False,True,True,True,True,True,True
DEVELOPMENT,iid,4096,63,False,True,True,-1.122434815599647,False,True,True,False,True,True,True,True,True,True
DEVELOPMENT,iid,4096,64,False,True,True,-0.0787065552786199,False,True,True,False,True,True,True,True,True,True
DEVELOPMENT,iid,4096,65,False,True,True,-1.2638860358901478,False,True,True,False,True,True,True,True,True,True
DEVELOPMENT,iid,4096,66,False,True,True,0.2402941433100172,False,True,True,False,True,True,True,True,True,True
DEVELOPMENT,iid,4096,67,False,True,True,1.5062689619071135,False,True,True,False,True,True,True,True,True,True
DEVELOPMENT,iid,4096,68,False,True,True,-0.21501038573183417,False,True,True,False,True,True,True,True,True,True
DEVELOPMENT,iid,4096,69,False,True,True,-0.23271537484533672,False,True,True,False,True,True,True,True,True,True
DEVELOPMENT,iid,4096,70,False,True,True,-0.16566062427642214,False,True,True,False,True,True,True,True,True,True
DEVELOPMENT,iid,4096,71,False,True,True,-1.267931893725896,False,True,True,False,True,True,True,True,True,True
DEVELOPMENT,iid,4096,72,False,True,True,1.1637743153769309,False,True,True,False,True,True,True,True,True,True
DEVELOPMENT,iid,4096,73,False,True,True,0.18151402698852007,False,True,True,False,True,True,True,True,True,True
DEVELOPMENT,iid,4096,74,False,True,True,0.03731612248223948,False,True,True,False,True,True,True,True,True,True
DEVELOPMENT,iid,4096,75,False,True,True,1.273143958813871,False,True,True,False,True,True,True,True,True,True
DEVELOPMENT,iid,4096,76,False,True,True,0.6146438528122263,False,True,True,False,True,True,True,True,True,True
DEVELOPMENT,iid,4096,77,False,True,True,1.62918265155798,False,True,True,False,True,True,True,True,True,True
DEVELOPMENT,iid,4096,78,False,True,True,1.0443658715589412,False,True,True,False,True,True,True,True,True,True
DEVELOPMENT,iid,4096,79,False,True,True,1.6935686904173588,False,True,True,False,True,True,True,True,True,True
DEVELOPMENT,iid,4096,80,False,True,True,0.051078515455706346,False,True,True,False,True,True,True,True,True,True
DEVELOPMENT,iid,4096,81,False,True,True,-0.24806165055691004,False,True,True,False,True,True,True,True,True,True
DEVELOPMENT,iid,4096,82,False,True,True,0.08167800249212516,False,True,True,False,True,True,True,True,True,True
DEVELOPMENT,iid,4096,83,False,True,True,-0.07795876969878833,False,True,True,False,True,True,True,True,True,True
DEVELOPMENT,iid,4096,84,False,True,True,0.2634450399338313,False,True,True,False,True,True,True,True,True,True
DEVELOPMENT,iid,4096,85,False,True,True,1.084592399895108,False,True,True,False,True,True,True,True,True,True
DEVELOPMENT,iid,4096,86,False,True,True,0.6667530799331365,False,True,True,False,True,True,True,True,True,True
DEVELOPMENT,iid,4096,87,False,True,True,0.374755503454024,False,True,True,False,True,True,True,True,True,True
DEVELOPMENT,iid,4096,88,False,True,True,0.3717368901720787,False,True,True,False,True,True,True,True,True,True
DEVELOPMENT,iid,4096,89,False,True,True,-1.2038101056437758,False,True,True,False,True,True,True,True,True,True
DEVELOPMENT,iid,4096,90,False,True,True,1.0742893236447284,False,True,True,False,True,True,True,True,True,True
DEVELOPMENT,iid,4096,91,False,True,True,0.8735374570619743,False,True,True,False,True,True,True,True,True,True
DEVELOPMENT,iid,4096,92,False,True,True,-1.0771013143732713,False,True,True,False,True,True,True,True,True,True
DEVELOPMENT,iid,4096,93,False,True,True,0.8426495603601443,False,True,True,False,True,True,True,True,True,True
DEVELOPMENT,iid,4096,94,False,True,True,-0.4003457376974942,False,True,True,False,True,True,True,True,True,True
DEVELOPMENT,iid,4096,95,False,True,True,0.3059939332740328,False,True,True,False,True,True,True,True,True,True
DEVELOPMENT,iid,4096,96,False,True,True,0.34629979127242555,False,True,True,False,True,True,True,True,True,True
DEVELOPMENT,iid,4096,97,False,True,True,0.4730546132530783,False,True,True,False,True,True,True,True,True,True
DEVELOPMENT,iid,4096,98,False,True,True,0.31582976377211114,False,True,True,False,True,True,True,True,True,True
DEVELOPMENT,iid,4096,99,False,True,True,-0.4386558805774636,False,True,True,False,True,True,True,True,True,True
DEVELOPMENT,iid,4096,100,False,True,True,0.2307674746852227,False,True,True,False,True,True,True,True,True,True
DEVELOPMENT,iid,4096,101,False,True,True,-1.5689813211271764,False,True,True,False,True,True,True,True,True,True
DEVELOPMENT,iid,4096,102,False,True,True,-0.0649546645596771,False,True,True,False,True,True,True,True,True,True
DEVELOPMENT,iid,4096,103,False,True,True,0.47180261733674445,False,True,True,False,True,True,True,True,True,True
DEVELOPMENT,iid,4096,104,False,True,True,1.207173336100042,False,True,True,False,True,True,True,True,True,True
DEVELOPMENT,iid,4096,105,False,True,True,0.17294348467799484,False,True,True,False,True,True,True,True,True,True
DEVELOPMENT,iid,4096,106,False,True,True,-0.7583243819219996,False,True,True,False,True,True,True,True,True,True
DEVELOPMENT,iid,4096,107,False,True,True,0.2298824624851625,False,True,True,False,True,True,True,True,True,True
DEVELOPMENT,iid,4096,108,False,True,True,-0.18884833585055125,False,True,True,False,True,True,True,True,True,True
DEVELOPMENT,iid,4096,109,False,True,True,0.8298351189142866,False,True,True,False,True,True,True,True,True,True
DEVELOPMENT,iid,4096,110,False,True,True,-0.8662489677915373,False,True,True,False,True,True,True,True,True,True
DEVELOPMENT,iid,4096,111,False,True,True,0.601524794952989,False,True,True,False,True,True,True,True,True,True
DEVELOPMENT,iid,4096,112,False,True,True,-0.24849202207626414,False,True,True,False,True,True,True,True,True,True
DEVELOPMENT,iid,4096,113,False,True,True,-0.7454766307799644,False,True,True,False,True,True,True,True,True,True
DEVELOPMENT,iid,4096,114,False,True,True,0.23411073133537422,False,True,True,False,True,True,True,True,True,True
DEVELOPMENT,iid,4096,115,False,True,True,0.17833270749118393,False,True,True,False,True,True,True,True,True,True
DEVELOPMENT,iid,4096,116,False,True,True,0.30716830162867664,False,True,True,False,True,True,True,True,True,True
DEVELOPMENT,iid,4096,117,False,True,True,1.6790725686528658,False,True,True,False,True,True,True,True,True,True
DEVELOPMENT,iid,4096,118,False,True,True,0.13546576968673438,False,True,True,False,True,True,True,True,True,True
DEVELOPMENT,iid,4096,119,False,True,True,-0.6806078576304041,False,True,True,False,True,True,True,True,True,True
DEVELOPMENT,iid,4096,120,False,True,True,-0.44576757801304145,False,True,True,False,True,True,True,True,True,True
DEVELOPMENT,iid,4096,121,False,True,True,-0.2295656976463914,False,True,True,False,True,True,True,True,True,True
DEVELOPMENT,iid,4096,122,False,True,True,0.819951427086134,False,True,True,False,True,True,True,True,True,True
DEVELOPMENT,iid,4096,123,False,True,True,-0.10080182901661032,False,True,True,False,True,True,True,True,True,True
DEVELOPMENT,iid,4096,124,False,True,True,-0.08259049285565813,False,True,True,False,True,True,True,True,True,True
DEVELOPMENT,iid,4096,125,False,True,True,-0.18567996591948638,False,True,True,False,True,True,True,True,True,True
DEVELOPMENT,iid,4096,126,False,True,True,0.16630602924713309,False,True,True,False,True,True,True,True,True,True
DEVELOPMENT,iid,4096,127,False,True,True,0.3639952247060053,False,True,True,False,True,True,True,True,True,True
DEVELOPMENT,antithetic,1024,0,False,True,True,0.5868751410893982,False,True,True,False,True,True,True,True,True,True
DEVELOPMENT,antithetic,1024,1,False,True,True,0.9731199027144609,False,True,True,False,True,True,True,True,True,True
DEVELOPMENT,antithetic,1024,2,False,True,True,0.6050511762077806,False,True,True,False,True,True,True,True,True,True
DEVELOPMENT,antithetic,1024,3,False,True,True,1.8472080431311182,False,True,True,False,True,True,True,True,True,True
DEVELOPMENT,antithetic,1024,4,False,True,True,-1.440144985497303,False,True,True,False,True,True,True,True,True,True
DEVELOPMENT,antithetic,1024,5,False,True,True,0.38642657190817925,False,True,True,False,True,True,True,True,True,True
DEVELOPMENT,antithetic,1024,6,False,True,True,0.7028256052124856,False,True,True,False,True,True,True,True,True,True
DEVELOPMENT,antithetic,1024,7,False,True,True,3.351610699395323,False,True,True,False,True,True,True,True,True,True
DEVELOPMENT,antithetic,1024,8,False,True,True,1.218657948578939,False,True,True,False,True,True,True,True,True,True
DEVELOPMENT,antithetic,1024,9,False,True,True,1.0596347926432164,False,True,True,False,True,True,True,True,True,True
DEVELOPMENT,antithetic,1024,10,False,True,True,3.090977324539664,False,True,True,False,True,True,True,True,True,True
DEVELOPMENT,antithetic,1024,11,False,True,True,1.0912753153335406,False,True,True,False,True,True,True,True,True,True
DEVELOPMENT,antithetic,1024,12,False,True,True,1.9094609256629127,False,True,True,False,True,True,True,True,True,True
DEVELOPMENT,antithetic,1024,13,False,True,True,1.875799836647122,False,True,True,False,True,True,True,True,True,True
DEVELOPMENT,antithetic,1024,14,False,True,True,-0.44948847463811953,False,True,True,False,True,True,True,True,True,True
DEVELOPMENT,antithetic,1024,15,False,True,True,1.3053747419027797,False,True,True,False,True,True,True,True,True,True
DEVELOPMENT,antithetic,1024,16,False,True,True,3.2784211778259373,False,True,True,False,True,True,True,True,True,True
DEVELOPMENT,antithetic,1024,17,False,True,True,-0.08242363606431742,False,True,True,False,True,True,True,True,True,True
DEVELOPMENT,antithetic,1024,18,False,True,True,1.540045459977903,False,True,True,False,True,True,True,True,True,True
DEVELOPMENT,antithetic,1024,19,False,True,True,-0.500277695018186,False,True,True,False,True,True,True,True,True,True
DEVELOPMENT,antithetic,1024,20,False,True,True,1.55509204537579,False,True,True,False,True,True,True,True,True,True
DEVELOPMENT,antithetic,1024,21,False,True,True,1.8178406550563593,False,True,True,False,True,True,True,True,True,True
DEVELOPMENT,antithetic,1024,22,False,True,True,-0.23053348971959933,False,True,True,False,True,True,True,True,True,True
DEVELOPMENT,antithetic,1024,23,False,True,True,0.16634164083343583,False,True,True,False,True,True,True,True,True,True
DEVELOPMENT,antithetic,1024,24,False,True,True,-0.656727413532755,False,True,True,False,True,True,True,True,True,True
DEVELOPMENT,antithetic,1024,25,False,True,True,1.0630129756228652,False,True,True,False,True,True,True,True,True,True
DEVELOPMENT,antithetic,1024,26,False,True,True,3.373487406281698,False,True,True,False,True,True,True,True,True,True
DEVELOPMENT,antithetic,1024,27,False,True,True,0.24514965587998072,False,True,True,False,True,True,True,True,True,True
DEVELOPMENT,antithetic,1024,28,False,True,True,1.3673390751448917,False,True,True,False,True,True,True,True,True,True
DEVELOPMENT,antithetic,1024,29,False,True,True,1.7096468380437246,False,True,True,False,True,True,True,True,True,True
DEVELOPMENT,antithetic,1024,30,False,False,True,1.6042843374475297,False,True,True,False,False,True,True,True,True,True
DEVELOPMENT,antithetic,1024,31,False,True,True,1.627287206300476,False,True,True,False,True,True,True,True,True,True
DEVELOPMENT,antithetic,1024,32,False,True,True,1.2228600396637068,False,True,True,False,True,True,True,True,True,True
DEVELOPMENT,antithetic,1024,33,False,True,True,2.0276273702642222,False,True,True,False,True,True,True,True,True,True
DEVELOPMENT,antithetic,1024,34,False,True,True,-0.7583017592140988,False,True,True,False,True,True,True,True,True,True
DEVELOPMENT,antithetic,1024,35,False,True,True,1.0025485153756302,False,True,True,False,True,True,True,True,True,True
DEVELOPMENT,antithetic,1024,36,False,True,True,2.8912483175370287,False,True,True,False,True,True,True,True,True,True
DEVELOPMENT,antithetic,1024,37,False,True,True,2.6101831400687723,False,True,True,False,True,True,True,True,True,True
DEVELOPMENT,antithetic,1024,38,False,True,True,-0.602369160953097,False,True,True,False,True,True,True,True,True,True
DEVELOPMENT,antithetic,1024,39,False,True,True,1.22633886377115,False,True,True,False,True,True,True,True,True,True
DEVELOPMENT,antithetic,1024,40,False,True,True,-0.11455702496339933,False,True,True,False,True,True,True,True,True,True
DEVELOPMENT,antithetic,1024,41,False,True,True,1.3758805993082777,False,True,True,False,True,True,True,True,True,True
DEVELOPMENT,antithetic,1024,42,False,True,True,1.3216127726764189,False,True,True,False,True,True,True,True,True,True
DEVELOPMENT,antithetic,1024,43,False,True,True,1.681459484778623,False,True,True,False,True,True,True,True,True,True
DEVELOPMENT,antithetic,1024,44,False,True,True,1.8581412715312942,False,True,True,False,True,True,True,True,True,True
DEVELOPMENT,antithetic,1024,45,False,True,True,0.7634337464345815,False,True,True,False,True,True,True,True,True,True
DEVELOPMENT,antithetic,1024,46,False,True,True,1.5525117356789169,False,True,True,False,True,True,True,True,True,True
DEVELOPMENT,antithetic,1024,47,False,True,True,1.1825650317794898,False,True,True,False,True,True,True,True,True,True
DEVELOPMENT,antithetic,1024,48,False,True,True,-0.6719561715475131,False,True,True,False,True,True,True,True,True,True
DEVELOPMENT,antithetic,1024,49,False,True,True,3.0752416730567687,False,True,True,False,True,True,True,True,True,True
DEVELOPMENT,antithetic,1024,50,False,True,True,0.5442605731925693,False,True,True,False,True,True,True,True,True,True
DEVELOPMENT,antithetic,1024,51,False,True,True,0.31843880367513094,False,True,True,False,True,True,True,True,True,True
DEVELOPMENT,antithetic,1024,52,False,True,True,2.421166406457302,False,True,True,False,True,True,True,True,True,True
DEVELOPMENT,antithetic,1024,53,False,True,True,1.4055594146780972,False,True,True,False,True,True,True,True,True,True
DEVELOPMENT,antithetic,1024,54,False,True,True,0.2507222352803129,False,True,True,False,True,True,True,True,True,True
DEVELOPMENT,antithetic,1024,55,False,True,True,-0.23400911892476906,False,True,True,False,True,True,True,True,True,True
DEVELOPMENT,antithetic,1024,56,False,True,True,1.6947417081704639,False,True,True,False,True,True,True,True,True,True
DEVELOPMENT,antithetic,1024,57,False,True,True,2.024053575599313,False,True,True,False,True,True,True,True,True,True
DEVELOPMENT,antithetic,1024,58,False,True,True,0.7903011547668242,False,True,True,False,True,True,True,True,True,True
DEVELOPMENT,antithetic,1024,59,False,True,True,0.13999966372325345,False,True,True,False,True,True,True,True,True,True
DEVELOPMENT,antithetic,1024,60,False,True,True,1.195370225142997,False,True,True,False,True,True,True,True,True,True
DEVELOPMENT,antithetic,1024,61,False,True,True,3.341658308960689,False,True,True,False,True,True,True,True,True,True
DEVELOPMENT,antithetic,1024,62,False,True,True,-0.5338068127804132,False,True,True,False,True,True,True,True,True,True
DEVELOPMENT,antithetic,1024,63,False,True,True,0.22612201488719055,False,True,True,False,True,True,True,True,True,True
DEVELOPMENT,antithetic,1024,64,False,True,True,0.5439664104942691,False,True,True,False,True,True,True,True,True,True
DEVELOPMENT,antithetic,1024,65,False,True,True,2.761293295506061,False,True,True,False,True,True,True,True,True,True
DEVELOPMENT,antithetic,1024,66,False,True,True,2.342480788480065,False,True,True,False,True,True,True,True,True,True
DEVELOPMENT,antithetic,1024,67,False,True,True,1.165074577806343,False,True,True,False,True,True,True,True,True,True
DEVELOPMENT,antithetic,1024,68,False,True,True,1.1273868076199605,False,True,True,False,True,True,True,True,True,True
DEVELOPMENT,antithetic,1024,69,False,True,True,0.9263655456308884,False,True,True,False,True,True,True,True,True,True
DEVELOPMENT,antithetic,1024,70,False,True,True,1.267101015964183,False,True,True,False,True,True,True,True,True,True
DEVELOPMENT,antithetic,1024,71,False,True,True,-0.8440973316951894,False,True,True,False,True,True,True,True,True,True
DEVELOPMENT,antithetic,1024,72,False,True,True,2.0130983140559935,False,True,True,False,True,True,True,True,True,True
DEVELOPMENT,antithetic,1024,73,False,True,True,0.868614385270417,False,True,True,False,True,True,True,True,True,True
DEVELOPMENT,antithetic,1024,74,False,True,True,-0.2568707677378316,False,True,True,False,True,True,True,True,True,True
DEVELOPMENT,antithetic,1024,75,False,True,True,1.1604303878224336,False,True,True,False,True,True,True,True,True,True
DEVELOPMENT,antithetic,1024,76,False,True,True,1.4700802122060568,False,True,True,False,True,True,True,True,True,True
DEVELOPMENT,antithetic,1024,77,False,True,True,1.4944760955737832,False,True,True,False,True,True,True,True,True,True
DEVELOPMENT,antithetic,1024,78,False,True,True,-0.25131607841990494,False,True,True,False,True,True,True,True,True,True
DEVELOPMENT,antithetic,1024,79,False,True,True,1.2663489772933434,False,True,True,False,True,True,True,True,True,True
DEVELOPMENT,antithetic,1024,80,False,True,True,-0.8391250849346651,False,True,True,False,True,True,True,True,True,True
DEVELOPMENT,antithetic,1024,81,False,True,True,1.5464524387108316,False,True,True,False,True,True,True,True,True,True
DEVELOPMENT,antithetic,1024,82,False,True,True,1.3759294550781125,False,True,True,False,True,True,True,True,True,True
DEVELOPMENT,antithetic,1024,83,False,True,True,-0.7497360229749477,False,True,True,False,True,True,True,True,True,True
DEVELOPMENT,antithetic,1024,84,False,True,True,0.5939626725231915,False,True,True,False,True,True,True,True,True,True
DEVELOPMENT,antithetic,1024,85,False,True,True,2.4966836390286917,False,True,True,False,True,True,True,True,True,True
DEVELOPMENT,antithetic,1024,86,False,True,True,1.2066496769050434,False,True,True,False,True,True,True,True,True,True
DEVELOPMENT,antithetic,1024,87,False,True,True,0.20670218094468926,False,True,True,False,True,True,True,True,True,True
DEVELOPMENT,antithetic,1024,88,False,True,True,2.8563116750603186,False,True,True,False,True,True,True,True,True,True
DEVELOPMENT,antithetic,1024,89,False,True,True,2.6271691809998474,False,True,True,False,True,True,True,True,True,True
DEVELOPMENT,antithetic,1024,90,False,True,True,0.9438765698755309,False,True,True,False,True,True,True,True,True,True
DEVELOPMENT,antithetic,1024,91,False,True,True,1.7267881412853623,False,True,True,False,True,True,True,True,True,True
DEVELOPMENT,antithetic,1024,92,False,True,True,3.3379281289444176,False,True,True,False,True,True,True,True,True,True
DEVELOPMENT,antithetic,1024,93,False,True,True,0.29637973475557516,False,True,True,False,True,True,True,True,True,True
DEVELOPMENT,antithetic,1024,94,False,True,True,0.8253431644070047,False,True,True,False,True,True,True,True,True,True
DEVELOPMENT,antithetic,1024,95,False,True,True,1.8156725628069614,False,True,True,False,True,True,True,True,True,True
DEVELOPMENT,antithetic,1024,96,False,True,True,1.8196344713944874,False,True,True,False,True,True,True,True,True,True
DEVELOPMENT,antithetic,1024,97,False,True,True,0.16747371622876903,False,True,True,False,True,True,True,True,True,True
DEVELOPMENT,antithetic,1024,98,False,True,True,1.4975785958275936,False,True,True,False,True,True,True,True,True,True
DEVELOPMENT,antithetic,1024,99,False,True,True,1.02418520632245,False,True,True,False,True,True,True,True,True,True
DEVELOPMENT,antithetic,1024,100,False,True,True,1.0021299802039603,False,True,True,False,True,True,True,True,True,True
DEVELOPMENT,antithetic,1024,101,False,True,True,0.853820956584235,False,True,True,False,True,True,True,True,True,True
DEVELOPMENT,antithetic,1024,102,False,True,True,0.7849034729840566,False,True,True,False,True,True,True,True,True,True
DEVELOPMENT,antithetic,1024,103,False,True,True,0.2742706868383458,False,True,True,False,True,True,True,True,True,True
DEVELOPMENT,antithetic,1024,104,False,False,True,3.9127657906514406,False,True,True,False,False,True,True,True,True,True
DEVELOPMENT,antithetic,1024,105,False,True,True,2.4041453108925417,False,True,True,False,True,True,True,True,True,True
DEVELOPMENT,antithetic,1024,106,False,True,True,1.177053765696765,False,True,True,False,True,True,True,True,True,True
DEVELOPMENT,antithetic,1024,107,False,False,True,3.676150230543685,False,True,True,False,False,True,True,True,True,True
DEVELOPMENT,antithetic,1024,108,False,True,True,1.5479476996149282,False,True,True,False,True,True,True,True,True,True
DEVELOPMENT,antithetic,1024,109,False,True,True,0.3940863080446331,False,True,True,False,True,True,True,True,True,True
DEVELOPMENT,antithetic,1024,110,False,True,True,0.7312795493189326,False,True,True,False,True,True,True,True,True,True
DEVELOPMENT,antithetic,1024,111,False,True,True,3.660645221347967,False,True,True,False,False,True,True,True,True,True
DEVELOPMENT,antithetic,1024,112,False,True,True,0.5436381885818354,False,True,True,False,True,True,True,True,True,True
DEVELOPMENT,antithetic,1024,113,False,True,True,2.4208048214663993,False,True,True,False,True,True,True,True,True,True
DEVELOPMENT,antithetic,1024,114,False,True,True,1.1920122171040406,False,True,True,False,True,True,True,True,True,True
DEVELOPMENT,antithetic,1024,115,False,True,True,1.1212349701875042,False,True,True,False,True,True,True,True,True,True
DEVELOPMENT,antithetic,1024,116,False,True,True,1.283016445867773,False,True,True,False,True,True,True,True,True,True
DEVELOPMENT,antithetic,1024,117,False,True,True,0.8295186432359388,False,True,True,False,True,True,True,True,True,True
DEVELOPMENT,antithetic,1024,118,False,True,True,0.5376433751857248,False,True,True,False,True,True,True,True,True,True
DEVELOPMENT,antithetic,1024,119,False,True,True,2.482417270540598,False,True,True,False,True,True,True,True,True,True
DEVELOPMENT,antithetic,1024,120,False,True,True,1.8239358140683855,False,True,True,False,True,True,True,True,True,True
DEVELOPMENT,antithetic,1024,121,False,True,True,-0.32164546521078063,False,True,True,False,True,True,True,True,True,True
DEVELOPMENT,antithetic,1024,122,False,True,True,1.2794898646958865,False,True,True,False,True,True,True,True,True,True
DEVELOPMENT,antithetic,1024,123,False,True,True,0.8251015677400005,False,True,True,False,True,True,True,True,True,True
DEVELOPMENT,antithetic,1024,124,False,True,True,1.4080707861668034,False,True,True,False,True,True,True,True,True,True
DEVELOPMENT,antithetic,1024,125,False,True,True,-0.48097336973999577,False,True,True,False,True,True,True,True,True,True
DEVELOPMENT,antithetic,1024,126,False,True,True,1.717266524868921,False,True,True,False,True,True,True,True,True,True
DEVELOPMENT,antithetic,1024,127,False,True,True,1.0529300162496331,False,True,True,False,True,True,True,True,True,True
DEVELOPMENT,antithetic,2048,0,False,True,True,1.5129345487810282,False,True,True,False,True,True,True,True,True,True
DEVELOPMENT,antithetic,2048,1,False,True,True,-0.17346113835097626,False,True,True,False,True,True,True,True,True,True
DEVELOPMENT,antithetic,2048,2,False,True,True,2.8307467909062503,False,True,True,False,True,True,True,True,True,True
DEVELOPMENT,antithetic,2048,3,False,True,True,1.7623400265404419,False,True,True,False,True,True,True,True,True,True
DEVELOPMENT,antithetic,2048,4,False,True,True,-0.6508182571536268,False,True,True,False,True,True,True,True,True,True
DEVELOPMENT,antithetic,2048,5,False,True,True,0.4150582016873882,False,True,True,False,True,True,True,True,True,True
DEVELOPMENT,antithetic,2048,6,False,True,True,-0.39660845763089786,False,True,True,False,True,True,True,True,True,True
DEVELOPMENT,antithetic,2048,7,False,True,True,1.7633533985756367,False,True,True,False,True,True,True,True,True,True
DEVELOPMENT,antithetic,2048,8,False,True,True,1.050620067212102,False,True,True,False,True,True,True,True,True,True
DEVELOPMENT,antithetic,2048,9,False,True,True,-0.0547967115934823,False,True,True,False,True,True,True,True,True,True
DEVELOPMENT,antithetic,2048,10,False,False,True,3.927992773812883,False,False,True,False,True,True,True,True,True,True
DEVELOPMENT,antithetic,2048,11,False,True,True,2.0436019963553167,False,True,True,False,True,True,True,True,True,True
DEVELOPMENT,antithetic,2048,12,False,True,True,1.4138933067150878,False,True,True,False,True,True,True,True,True,True
DEVELOPMENT,antithetic,2048,13,False,True,True,2.321360716114144,False,True,True,False,True,True,True,True,True,True
DEVELOPMENT,antithetic,2048,14,False,True,True,-0.5905881208211422,False,True,True,False,True,True,True,True,True,True
DEVELOPMENT,antithetic,2048,15,False,True,True,0.6217513809483024,False,True,True,False,True,True,True,True,True,True
DEVELOPMENT,antithetic,2048,16,False,True,True,3.3785027923843023,False,True,True,False,True,True,True,True,True,True
DEVELOPMENT,antithetic,2048,17,False,True,True,-0.5485352879869133,False,True,True,False,True,True,True,True,True,True
DEVELOPMENT,antithetic,2048,18,False,True,True,0.08932701835679584,False,True,True,False,True,True,True,True,True,True
DEVELOPMENT,antithetic,2048,19,False,True,True,-0.4007397841424208,False,True,True,False,True,True,True,True,True,True
DEVELOPMENT,antithetic,2048,20,False,True,True,1.7375472615635292,False,True,True,False,True,True,True,True,True,True
DEVELOPMENT,antithetic,2048,21,False,True,True,0.8821140443354816,False,True,True,False,True,True,True,True,True,True
DEVELOPMENT,antithetic,2048,22,False,True,True,-0.1919200105578234,False,True,True,False,True,True,True,True,True,True
DEVELOPMENT,antithetic,2048,23,False,True,True,1.5099597010232626,False,True,True,False,True,True,True,True,True,True
DEVELOPMENT,antithetic,2048,24,False,True,True,0.6589367890027216,False,True,True,False,True,True,True,True,True,True
DEVELOPMENT,antithetic,2048,25,False,True,True,1.6593307530050645,False,True,True,False,True,True,True,True,True,True
DEVELOPMENT,antithetic,2048,26,False,True,True,0.7597328966643061,False,True,True,False,True,True,True,True,True,True
DEVELOPMENT,antithetic,2048,27,False,True,True,0.3526885058217829,False,True,True,False,True,True,True,True,True,True
DEVELOPMENT,antithetic,2048,28,False,True,True,1.896580700614105,False,True,True,False,True,True,True,True,True,True
DEVELOPMENT,antithetic,2048,29,False,True,True,2.22010310694095,False,True,True,False,True,True,True,True,True,True
DEVELOPMENT,antithetic,2048,30,False,True,True,2.0301451798976053,False,True,True,False,False,True,True,True,True,True
DEVELOPMENT,antithetic,2048,31,False,True,True,0.9339358847119118,False,True,True,False,True,True,True,True,True,True
DEVELOPMENT,antithetic,2048,32,False,True,True,0.4643015965007681,False,True,True,False,True,True,True,True,True,True
DEVELOPMENT,antithetic,2048,33,False,True,True,-0.0011962097258678545,False,True,True,False,True,True,True,True,True,True
DEVELOPMENT,antithetic,2048,34,False,True,True,0.724222950501912,False,True,True,False,True,True,True,True,True,True
DEVELOPMENT,antithetic,2048,35,False,True,True,1.9632790452111195,False,True,True,False,True,True,True,True,True,True
DEVELOPMENT,antithetic,2048,36,False,True,True,2.4883481174937465,False,True,True,False,True,True,True,True,True,True
DEVELOPMENT,antithetic,2048,37,False,True,True,1.0785879823112632,False,True,True,False,True,True,True,True,True,True
DEVELOPMENT,antithetic,2048,38,False,True,True,0.956827949649178,False,True,True,False,True,True,True,True,True,True
DEVELOPMENT,antithetic,2048,39,False,True,True,0.16428067178386743,False,True,True,False,True,True,True,True,True,True
DEVELOPMENT,antithetic,2048,40,False,True,True,0.07131587349033743,False,True,True,False,True,True,True,True,True,True
DEVELOPMENT,antithetic,2048,41,False,True,True,0.7972411614928385,False,True,True,False,True,True,True,True,True,True
DEVELOPMENT,antithetic,2048,42,False,True,True,2.0272933601385974,False,True,True,False,True,True,True,True,True,True
DEVELOPMENT,antithetic,2048,43,False,True,True,1.522532455211184,False,True,True,False,True,True,True,True,True,True
DEVELOPMENT,antithetic,2048,44,False,True,True,1.5655230334347594,False,True,True,False,True,True,True,True,True,True
DEVELOPMENT,antithetic,2048,45,False,True,True,0.39066757600623286,False,True,True,False,True,True,True,True,True,True
DEVELOPMENT,antithetic,2048,46,False,True,True,0.753194983988573,False,True,True,False,True,True,True,True,True,True
DEVELOPMENT,antithetic,2048,47,False,True,True,1.39508742506572,False,True,True,False,True,True,True,True,True,True
DEVELOPMENT,antithetic,2048,48,False,True,True,0.11077475195351373,False,True,True,False,True,True,True,True,True,True
DEVELOPMENT,antithetic,2048,49,False,True,True,0.8742723520329888,False,True,True,False,True,True,True,True,True,True
DEVELOPMENT,antithetic,2048,50,False,True,True,1.7031049446092854,False,True,True,False,True,True,True,True,True,True
DEVELOPMENT,antithetic,2048,51,False,True,True,1.570162782903063,False,True,True,False,True,True,True,True,True,True
DEVELOPMENT,antithetic,2048,52,False,False,True,3.2190398035596655,False,False,True,False,True,True,True,True,True,True
DEVELOPMENT,antithetic,2048,53,False,True,True,1.3154008248450366,False,True,True,False,True,True,True,True,True,True
DEVELOPMENT,antithetic,2048,54,False,True,True,1.1164002724992186,False,True,True,False,True,True,True,True,True,True
DEVELOPMENT,antithetic,2048,55,False,True,True,0.2941968808788721,False,True,True,False,True,True,True,True,True,True
DEVELOPMENT,antithetic,2048,56,False,True,True,0.4300098246172461,False,True,True,False,True,True,True,True,True,True
DEVELOPMENT,antithetic,2048,57,False,True,True,1.2989967560497746,False,True,True,False,True,True,True,True,True,True
DEVELOPMENT,antithetic,2048,58,False,True,True,2.1762493646084846,False,True,True,False,True,True,True,True,True,True
DEVELOPMENT,antithetic,2048,59,False,True,True,-0.1882971991406612,False,True,True,False,True,True,True,True,True,True
DEVELOPMENT,antithetic,2048,60,False,True,True,1.8536699177254305,False,True,True,False,True,True,True,True,True,True
DEVELOPMENT,antithetic,2048,61,False,True,True,0.9290083862080493,False,True,True,False,True,True,True,True,True,True
DEVELOPMENT,antithetic,2048,62,False,True,True,0.7375303083802444,False,True,True,False,True,True,True,True,True,True
DEVELOPMENT,antithetic,2048,63,False,True,True,1.281143205478394,False,True,True,False,True,True,True,True,True,True
DEVELOPMENT,antithetic,2048,64,False,True,True,0.3589314696018556,False,True,True,False,True,True,True,True,True,True
DEVELOPMENT,antithetic,2048,65,False,True,True,1.8174060469662534,False,True,True,False,True,True,True,True,True,True
DEVELOPMENT,antithetic,2048,66,False,True,True,0.5155625063844479,False,True,True,False,True,True,True,True,True,True
DEVELOPMENT,antithetic,2048,67,False,True,True,0.5450112347760201,False,True,True,False,True,True,True,True,True,True
DEVELOPMENT,antithetic,2048,68,False,True,True,0.8436839225894375,False,True,True,False,False,True,True,True,True,True
DEVELOPMENT,antithetic,2048,69,False,True,True,0.6453956918191865,False,True,True,False,True,True,True,True,True,True
DEVELOPMENT,antithetic,2048,70,False,True,True,2.4262684748725376,False,True,True,False,True,True,True,True,True,True
DEVELOPMENT,antithetic,2048,71,False,True,True,0.413931777807368,False,True,True,False,True,True,True,True,True,True
DEVELOPMENT,antithetic,2048,72,False,True,True,1.0165363307882938,False,True,True,False,True,True,True,True,True,True
DEVELOPMENT,antithetic,2048,73,False,True,True,2.118041342586395,False,True,True,False,True,True,True,True,True,True
DEVELOPMENT,antithetic,2048,74,False,True,True,0.9056346818264919,False,True,True,False,True,True,True,True,True,True
DEVELOPMENT,antithetic,2048,75,False,True,True,2.1612955332328605,False,True,True,False,True,True,True,True,True,True
DEVELOPMENT,antithetic,2048,76,False,True,True,-0.38240341724585475,False,True,True,False,True,True,True,True,True,True
DEVELOPMENT,antithetic,2048,77,False,True,True,1.9227137980058917,False,True,True,False,True,True,True,True,True,True
DEVELOPMENT,antithetic,2048,78,False,True,True,0.9312387429694715,False,True,True,False,True,True,True,True,True,True
DEVELOPMENT,antithetic,2048,79,False,True,True,1.1882700984039807,False,True,True,False,True,True,True,True,True,True
DEVELOPMENT,antithetic,2048,80,False,True,True,-0.5706263186114133,False,True,True,False,True,True,True,True,True,True
DEVELOPMENT,antithetic,2048,81,False,True,True,2.0296141749072527,False,True,True,False,True,True,True,True,True,True
DEVELOPMENT,antithetic,2048,82,False,True,True,0.07457526859220065,False,True,True,False,True,True,True,True,True,True
DEVELOPMENT,antithetic,2048,83,False,True,True,-1.2015880662473992,False,True,True,False,True,True,True,True,True,True
DEVELOPMENT,antithetic,2048,84,False,True,True,1.70379771016382,False,True,True,False,True,True,True,True,True,True
DEVELOPMENT,antithetic,2048,85,False,True,True,2.7558018832836537,False,True,True,False,True,True,True,True,True,True
DEVELOPMENT,antithetic,2048,86,False,True,True,0.44729613486774955,False,True,True,False,True,True,True,True,True,True
DEVELOPMENT,antithetic,2048,87,False,True,True,0.38311302371826883,False,True,True,False,True,True,True,True,True,True
DEVELOPMENT,antithetic,2048,88,False,True,True,1.6810552987206175,False,True,True,False,True,True,True,True,True,True
DEVELOPMENT,antithetic,2048,89,False,True,True,2.24173762854192,False,True,True,False,True,True,True,True,True,True
DEVELOPMENT,antithetic,2048,90,False,True,True,1.1536505914231499,False,True,True,False,True,True,True,True,True,True
DEVELOPMENT,antithetic,2048,91,False,True,True,-0.3056916541668502,False,True,True,False,True,True,True,True,True,True
DEVELOPMENT,antithetic,2048,92,False,True,True,0.778557322312219,False,True,True,False,True,True,True,True,True,True
DEVELOPMENT,antithetic,2048,93,False,True,True,0.7516107594322782,False,True,True,False,True,True,True,True,True,True
DEVELOPMENT,antithetic,2048,94,False,True,True,-0.4495169082947754,False,True,True,False,True,True,True,True,True,True
DEVELOPMENT,antithetic,2048,95,False,True,True,1.8421161110111102,False,True,True,False,True,True,True,True,True,True
DEVELOPMENT,antithetic,2048,96,False,True,True,0.33416055187654187,False,True,True,False,True,True,True,True,True,True
DEVELOPMENT,antithetic,2048,97,False,True,True,-0.3221059725250168,False,True,True,False,True,True,True,True,True,True
DEVELOPMENT,antithetic,2048,98,False,True,True,0.8494744430395573,False,True,True,False,True,True,True,True,True,True
DEVELOPMENT,antithetic,2048,99,False,True,True,-0.09134757522176934,False,True,True,False,True,True,True,True,True,True
DEVELOPMENT,antithetic,2048,100,False,True,True,2.1436349164213193,False,True,True,False,True,True,True,True,True,True
DEVELOPMENT,antithetic,2048,101,False,True,True,0.6290992558580975,False,True,True,False,True,True,True,True,True,True
DEVELOPMENT,antithetic,2048,102,False,True,True,1.6655790125561507,False,True,True,False,True,True,True,True,True,True
DEVELOPMENT,antithetic,2048,103,False,True,True,1.4545378725360296,False,True,True,False,True,True,True,True,True,True
DEVELOPMENT,antithetic,2048,104,False,True,True,2.384241503998071,False,True,True,False,True,True,True,True,True,True
DEVELOPMENT,antithetic,2048,105,False,True,True,2.2349239510970054,False,True,True,False,True,True,True,True,True,True
DEVELOPMENT,antithetic,2048,106,False,True,True,0.7452275231133317,False,True,True,False,True,True,True,True,True,True
DEVELOPMENT,antithetic,2048,107,False,False,True,3.4536192684235067,False,True,True,False,False,True,True,True,True,True
DEVELOPMENT,antithetic,2048,108,False,True,True,2.700905651516359,False,True,True,False,True,True,True,True,True,True
DEVELOPMENT,antithetic,2048,109,False,True,True,1.1019881981253272,False,True,True,False,True,True,True,True,True,True
DEVELOPMENT,antithetic,2048,110,False,True,True,1.402763212612235,False,True,True,False,True,True,True,True,True,True
DEVELOPMENT,antithetic,2048,111,False,True,True,1.3977750038365007,False,True,True,False,True,True,True,True,True,True
DEVELOPMENT,antithetic,2048,112,False,True,True,0.5177580524503984,False,True,True,False,True,True,True,True,True,True
DEVELOPMENT,antithetic,2048,113,False,True,True,2.083020983102066,False,True,True,False,True,True,True,True,True,True
DEVELOPMENT,antithetic,2048,114,False,True,True,1.0325291696982437,False,True,True,False,True,True,True,True,True,True
DEVELOPMENT,antithetic,2048,115,False,True,True,0.5299243594978935,False,True,True,False,True,True,True,True,True,True
DEVELOPMENT,antithetic,2048,116,False,True,True,0.6584354453158915,False,True,True,False,True,True,True,True,True,True
DEVELOPMENT,antithetic,2048,117,False,True,True,0.3875505845403693,False,True,True,False,True,True,True,True,True,True
DEVELOPMENT,antithetic,2048,118,False,True,True,0.9282012830616885,False,True,True,False,True,True,True,True,True,True
DEVELOPMENT,antithetic,2048,119,False,True,True,0.23814162048334894,False,True,True,False,True,True,True,True,True,True
DEVELOPMENT,antithetic,2048,120,False,True,True,1.2039552096007855,False,True,True,False,True,True,True,True,True,True
DEVELOPMENT,antithetic,2048,121,False,True,True,-1.6210959713813493,False,True,True,False,True,True,True,True,True,True
DEVELOPMENT,antithetic,2048,122,False,True,True,1.1358244697874458,False,True,True,False,True,True,True,True,True,True
DEVELOPMENT,antithetic,2048,123,False,True,True,0.853151508025529,False,True,True,False,True,True,True,True,True,True
DEVELOPMENT,antithetic,2048,124,False,True,True,1.5848051580520766,False,True,True,False,True,True,True,True,True,True
DEVELOPMENT,antithetic,2048,125,False,True,True,1.1701894111630167,False,True,True,False,True,True,True,True,True,True
DEVELOPMENT,antithetic,2048,126,False,True,True,2.0097703269973883,False,True,True,False,True,True,True,True,True,True
DEVELOPMENT,antithetic,2048,127,False,True,True,-0.021511747398598423,False,True,True,False,True,True,True,True,True,True
DEVELOPMENT,antithetic,4096,0,False,True,True,1.88156601818192,False,True,True,False,True,True,True,True,True,True
DEVELOPMENT,antithetic,4096,1,False,True,True,-1.7404488244671985,False,True,True,False,True,True,True,True,True,True
DEVELOPMENT,antithetic,4096,2,False,True,True,0.38917212188836614,False,True,True,False,True,True,True,True,True,True
DEVELOPMENT,antithetic,4096,3,False,True,True,0.728754483132568,False,True,True,False,True,True,True,True,True,True
DEVELOPMENT,antithetic,4096,4,False,True,True,-0.9201019607713378,False,True,True,False,True,True,True,True,True,True
DEVELOPMENT,antithetic,4096,5,False,True,True,-0.14734041467769077,False,True,True,False,True,True,True,True,True,True
DEVELOPMENT,antithetic,4096,6,False,True,True,1.6205840566573202,False,True,True,False,True,True,True,True,True,True
DEVELOPMENT,antithetic,4096,7,False,True,True,2.94734706863311,False,True,True,False,False,True,True,True,True,True
DEVELOPMENT,antithetic,4096,8,False,True,True,0.2749451854853159,False,True,True,False,True,True,True,True,True,True
DEVELOPMENT,antithetic,4096,9,False,True,True,-0.44899443197398914,False,True,True,False,True,True,True,True,True,True
DEVELOPMENT,antithetic,4096,10,False,True,True,2.839287259075923,False,True,True,False,True,True,True,True,True,True
DEVELOPMENT,antithetic,4096,11,False,True,True,2.8651223742120533,False,True,True,False,True,True,True,True,True,True
DEVELOPMENT,antithetic,4096,12,False,True,True,1.1827032573552185,False,True,True,False,True,True,True,True,True,True
DEVELOPMENT,antithetic,4096,13,False,True,True,0.9203374758608033,False,True,True,False,True,True,True,True,True,True
DEVELOPMENT,antithetic,4096,14,False,True,True,0.6564332747953101,False,True,True,False,True,True,True,True,True,True
DEVELOPMENT,antithetic,4096,15,False,True,True,-0.27829384651325373,False,True,True,False,True,True,True,True,True,True
DEVELOPMENT,antithetic,4096,16,False,True,True,2.512691093952531,False,True,True,False,True,True,True,True,True,True
DEVELOPMENT,antithetic,4096,17,False,True,True,-0.1700650908066165,False,True,True,False,True,True,True,True,True,True
DEVELOPMENT,antithetic,4096,18,False,True,True,-0.24250393096815973,False,True,True,False,True,True,True,True,True,True
DEVELOPMENT,antithetic,4096,19,False,True,True,-0.09757076438149936,False,True,True,False,True,True,True,True,True,True
DEVELOPMENT,antithetic,4096,20,False,True,True,-0.21158898614350488,False,True,True,False,True,True,True,True,True,True
DEVELOPMENT,antithetic,4096,21,False,True,True,0.44176742942973424,False,True,True,False,True,True,True,True,True,True
DEVELOPMENT,antithetic,4096,22,False,True,True,0.5694644373862349,False,True,True,False,True,True,True,True,True,True
DEVELOPMENT,antithetic,4096,23,False,True,True,0.8844541251936426,False,True,True,False,True,True,True,True,True,True
DEVELOPMENT,antithetic,4096,24,False,True,True,0.7800006826782282,False,True,True,False,True,True,True,True,True,True
DEVELOPMENT,antithetic,4096,25,False,True,True,2.596039140533945,False,True,True,False,True,True,True,True,True,True
DEVELOPMENT,antithetic,4096,26,False,True,True,0.3044203480895215,False,True,True,False,True,True,True,True,True,True
DEVELOPMENT,antithetic,4096,27,False,True,True,-0.7144033607441467,False,True,True,False,True,True,True,True,True,True
DEVELOPMENT,antithetic,4096,28,False,True,True,1.8613473101201277,False,True,True,False,True,True,True,True,True,True
DEVELOPMENT,antithetic,4096,29,False,True,True,1.1689103815671782,False,True,True,False,True,True,True,True,True,True
DEVELOPMENT,antithetic,4096,30,False,True,True,0.09640941438687466,False,True,True,False,True,True,True,True,True,True
DEVELOPMENT,antithetic,4096,31,False,True,True,2.6892372128863435,False,True,True,False,True,True,True,True,True,True
DEVELOPMENT,antithetic,4096,32,False,True,True,0.15191209713937265,False,True,True,False,True,True,True,True,True,True
DEVELOPMENT,antithetic,4096,33,False,True,True,-0.290667568143301,False,True,True,False,True,True,True,True,True,True
DEVELOPMENT,antithetic,4096,34,False,True,True,-0.46336117723371417,False,True,True,False,True,True,True,True,True,True
DEVELOPMENT,antithetic,4096,35,False,True,True,1.6181946465161756,False,True,True,False,True,True,True,True,True,True
DEVELOPMENT,antithetic,4096,36,False,True,True,1.0089161977245795,False,True,True,False,True,True,True,True,True,True
DEVELOPMENT,antithetic,4096,37,False,True,True,0.1083020823499492,False,True,True,False,True,True,True,True,True,True
DEVELOPMENT,antithetic,4096,38,False,True,True,2.2876701580634227,False,True,True,False,True,True,True,True,True,True
DEVELOPMENT,antithetic,4096,39,False,True,True,1.199376024996546,False,True,True,False,True,True,True,True,True,True
DEVELOPMENT,antithetic,4096,40,False,True,True,-0.23452973135183253,False,True,True,False,True,True,True,True,True,True
DEVELOPMENT,antithetic,4096,41,False,True,True,1.1132444912695174,False,True,True,False,True,True,True,True,True,True
DEVELOPMENT,antithetic,4096,42,False,True,True,2.5772756848411955,False,True,True,False,True,True,True,True,True,True
DEVELOPMENT,antithetic,4096,43,False,True,True,0.25049957998825484,False,True,True,False,True,True,True,True,True,True
DEVELOPMENT,antithetic,4096,44,False,True,True,1.5317611093244015,False,True,True,False,True,True,True,True,True,True
DEVELOPMENT,antithetic,4096,45,False,True,True,0.8361596962946276,False,True,True,False,True,True,True,True,True,True
DEVELOPMENT,antithetic,4096,46,False,True,True,-0.04386922232247001,False,True,True,False,True,True,True,True,True,True
DEVELOPMENT,antithetic,4096,47,False,True,True,0.47176152824740664,False,True,True,False,True,True,True,True,True,True
DEVELOPMENT,antithetic,4096,48,False,True,True,0.8280151124949154,False,True,True,False,True,True,True,True,True,True
DEVELOPMENT,antithetic,4096,49,False,True,True,1.441334568106893,False,True,True,False,True,True,True,True,True,True
DEVELOPMENT,antithetic,4096,50,False,True,True,1.3112907156622444,False,True,True,False,True,True,True,True,True,True
DEVELOPMENT,antithetic,4096,51,False,True,True,1.1906241334226844,False,True,True,False,True,True,True,True,True,True
DEVELOPMENT,antithetic,4096,52,False,True,True,2.4213664772488124,False,True,True,False,True,True,True,True,True,True
DEVELOPMENT,antithetic,4096,53,False,True,True,0.6315955165936346,False,True,True,False,True,True,True,True,True,True
DEVELOPMENT,antithetic,4096,54,False,True,True,0.8371493091319727,False,True,True,False,True,True,True,True,True,True
DEVELOPMENT,antithetic,4096,55,False,True,True,-0.21386120777860954,False,True,True,False,True,True,True,True,True,True
DEVELOPMENT,antithetic,4096,56,False,True,True,1.9916539043772241,False,True,True,False,True,True,True,True,True,True
DEVELOPMENT,antithetic,4096,57,False,True,True,1.9647329415667771,False,True,True,False,True,True,True,True,True,True
DEVELOPMENT,antithetic,4096,58,False,True,True,2.074591763942779,False,True,True,False,True,True,True,True,True,True
DEVELOPMENT,antithetic,4096,59,False,True,True,0.33843004157428314,False,True,True,False,True,True,True,True,True,True
DEVELOPMENT,antithetic,4096,60,False,True,True,2.310573452155803,False,True,True,False,True,True,True,True,True,True
DEVELOPMENT,antithetic,4096,61,False,True,True,0.18829122881421187,False,True,True,False,True,True,True,True,True,True
DEVELOPMENT,antithetic,4096,62,False,True,True,0.34960908015970704,False,True,True,False,True,True,True,True,True,True
DEVELOPMENT,antithetic,4096,63,False,True,True,0.12181365462618318,False,True,True,False,True,True,True,True,True,True
DEVELOPMENT,antithetic,4096,64,False,True,True,-0.7413204039001177,False,True,True,False,True,True,True,True,True,True
DEVELOPMENT,antithetic,4096,65,False,True,True,2.1722882932579655,False,True,True,False,True,True,True,True,True,True
DEVELOPMENT,antithetic,4096,66,False,True,True,0.2979404497028452,False,True,True,False,True,True,True,True,True,True
DEVELOPMENT,antithetic,4096,67,False,True,True,0.09695018651993005,False,True,True,False,True,True,True,True,True,True
DEVELOPMENT,antithetic,4096,68,False,True,True,0.5440990702453147,False,True,True,False,True,True,True,True,True,True
DEVELOPMENT,antithetic,4096,69,False,False,True,2.288716119822235,False,True,True,False,False,True,True,True,True,True
DEVELOPMENT,antithetic,4096,70,False,True,True,1.8919011393262193,False,True,True,False,True,True,True,True,True,True
DEVELOPMENT,antithetic,4096,71,False,True,True,-0.8100764029566855,False,True,True,False,True,True,True,True,True,True
DEVELOPMENT,antithetic,4096,72,False,True,True,1.7864727853511349,False,True,True,False,True,True,True,True,True,True
DEVELOPMENT,antithetic,4096,73,False,True,True,0.1627589480355453,False,True,True,False,True,True,True,True,True,True
DEVELOPMENT,antithetic,4096,74,False,True,True,0.2008902582691729,False,True,True,False,True,True,True,True,True,True
DEVELOPMENT,antithetic,4096,75,False,True,True,-0.43443443314845137,False,True,True,False,True,True,True,True,True,True
DEVELOPMENT,antithetic,4096,76,False,True,True,1.5042130853413158,False,True,True,False,True,True,True,True,True,True
DEVELOPMENT,antithetic,4096,77,False,True,True,1.2241398776008314,False,True,True,False,True,True,True,True,True,True
DEVELOPMENT,antithetic,4096,78,False,True,True,0.8835625493965105,False,True,True,False,True,True,True,True,True,True
DEVELOPMENT,antithetic,4096,79,False,True,True,1.0607299202289384,False,True,True,False,True,True,True,True,True,True
DEVELOPMENT,antithetic,4096,80,False,True,True,0.8325413790135985,False,True,True,False,True,True,True,True,True,True
DEVELOPMENT,antithetic,4096,81,False,True,True,1.9293319618588596,False,True,True,False,True,True,True,True,True,True
DEVELOPMENT,antithetic,4096,82,False,True,True,0.2991328959069839,False,True,True,False,True,True,True,True,True,True
DEVELOPMENT,antithetic,4096,83,False,True,True,-1.3463208326692935,False,True,True,False,True,True,True,True,True,True
DEVELOPMENT,antithetic,4096,84,False,True,True,1.64490033024117,False,True,True,False,True,True,True,True,True,True
DEVELOPMENT,antithetic,4096,85,False,True,True,2.2043375888968497,False,True,True,False,True,True,True,True,True,True
DEVELOPMENT,antithetic,4096,86,False,True,True,0.1311715760135981,False,True,True,False,True,True,True,True,True,True
DEVELOPMENT,antithetic,4096,87,False,True,True,0.9518755878177503,False,True,True,False,True,True,True,True,True,True
DEVELOPMENT,antithetic,4096,88,False,True,True,2.1334506968233526,False,True,True,False,True,True,True,True,True,True
DEVELOPMENT,antithetic,4096,89,False,True,True,0.8597723832801099,False,True,True,False,True,True,True,True,True,True
DEVELOPMENT,antithetic,4096,90,False,True,True,0.5830195457352265,False,True,True,False,True,True,True,True,True,True
DEVELOPMENT,antithetic,4096,91,False,True,True,-0.23315249991314757,False,True,True,False,True,True,True,True,True,True
DEVELOPMENT,antithetic,4096,92,False,True,True,1.5430106404163932,False,True,True,False,True,True,True,True,True,True
DEVELOPMENT,antithetic,4096,93,False,True,True,0.3223235855247209,False,True,True,False,True,True,True,True,True,True
DEVELOPMENT,antithetic,4096,94,False,True,True,-0.036238920602403316,False,True,True,False,True,True,True,True,True,True
DEVELOPMENT,antithetic,4096,95,False,True,True,0.2181132251087508,False,True,True,False,True,True,True,True,True,True
DEVELOPMENT,antithetic,4096,96,False,True,True,1.1854610292795933,False,True,True,False,True,True,True,True,True,True
DEVELOPMENT,antithetic,4096,97,False,True,True,-1.1922754682546688,False,True,True,False,True,True,True,True,True,True
DEVELOPMENT,antithetic,4096,98,False,True,True,-0.19066286760955725,False,True,True,False,True,True,True,True,True,True
DEVELOPMENT,antithetic,4096,99,False,True,True,0.3186291382008858,False,True,True,False,True,True,True,True,True,True
DEVELOPMENT,antithetic,4096,100,False,True,True,1.1839064781629831,False,True,True,False,True,True,True,True,True,True
DEVELOPMENT,antithetic,4096,101,False,True,True,-0.13835828265440175,False,True,True,False,True,True,True,True,True,True
DEVELOPMENT,antithetic,4096,102,False,True,True,0.16114714141937278,False,True,True,False,True,True,True,True,True,True
DEVELOPMENT,antithetic,4096,103,False,True,True,1.4663588752961734,False,True,True,False,True,True,True,True,True,True
DEVELOPMENT,antithetic,4096,104,False,True,True,1.9528296450382703,False,True,True,False,True,True,True,True,True,True
DEVELOPMENT,antithetic,4096,105,False,True,True,0.4984680906784462,False,True,True,False,True,True,True,True,True,True
DEVELOPMENT,antithetic,4096,106,False,True,True,1.2482270121647605,False,True,True,False,True,True,True,True,True,True
DEVELOPMENT,antithetic,4096,107,False,True,True,1.303058852340798,False,True,True,False,True,True,True,True,True,True
DEVELOPMENT,antithetic,4096,108,False,True,True,1.555118744350701,False,True,True,False,True,True,True,True,True,True
DEVELOPMENT,antithetic,4096,109,False,True,True,-0.6742575240197363,False,True,True,False,True,True,True,True,True,True
DEVELOPMENT,antithetic,4096,110,False,True,True,-0.03270328845911553,False,True,True,False,True,True,True,True,True,True
DEVELOPMENT,antithetic,4096,111,False,True,True,-0.5389295777422196,False,True,True,False,True,True,True,True,True,True
DEVELOPMENT,antithetic,4096,112,False,True,True,0.5809423506540277,False,True,True,False,True,True,True,True,True,True
DEVELOPMENT,antithetic,4096,113,False,True,True,2.195850983298073,False,True,True,False,True,True,True,True,True,True
DEVELOPMENT,antithetic,4096,114,False,True,True,0.1872609914787573,False,True,True,False,True,True,True,True,True,True
DEVELOPMENT,antithetic,4096,115,False,True,True,-0.796660831191877,False,True,True,False,True,True,True,True,True,True
DEVELOPMENT,antithetic,4096,116,False,True,True,1.2674053717503895,False,True,True,False,True,True,True,True,True,True
DEVELOPMENT,antithetic,4096,117,False,True,True,0.00871630770651713,False,True,True,False,True,True,True,True,True,True
DEVELOPMENT,antithetic,4096,118,False,True,True,0.43830317242777533,False,True,True,False,True,True,True,True,True,True
DEVELOPMENT,antithetic,4096,119,False,True,True,1.1364113123746975,False,True,True,False,True,True,True,True,True,True
DEVELOPMENT,antithetic,4096,120,False,True,True,0.5160041603312643,False,True,True,False,True,True,True,True,True,True
DEVELOPMENT,antithetic,4096,121,False,True,True,-1.4417031615951652,False,True,True,False,True,True,True,True,True,True
DEVELOPMENT,antithetic,4096,122,False,True,True,0.6502769356877685,False,True,True,False,True,True,True,True,True,True
DEVELOPMENT,antithetic,4096,123,False,True,True,-0.64618589549349,False,True,True,False,True,True,True,True,True,True
DEVELOPMENT,antithetic,4096,124,False,True,True,0.6746253041164834,False,True,True,False,True,True,True,True,True,True
DEVELOPMENT,antithetic,4096,125,False,True,True,1.039265796549899,False,True,True,False,True,True,True,True,True,True
DEVELOPMENT,antithetic,4096,126,False,True,True,0.16450928539694115,False,True,True,False,True,True,True,True,True,True
DEVELOPMENT,antithetic,4096,127,False,True,True,1.0196209418308195,False,True,True,False,True,True,True,True,True,True
DEVELOPMENT,randomized_qmc,1024,0,False,True,True,-0.4051389695820515,False,True,True,False,True,True,True,True,True,True
DEVELOPMENT,randomized_qmc,1024,1,False,True,True,-0.4051389695820515,False,True,True,False,True,True,True,True,True,True
DEVELOPMENT,randomized_qmc,1024,2,False,True,True,-0.4051389695820515,False,True,True,False,True,True,True,True,True,True
DEVELOPMENT,randomized_qmc,1024,3,False,True,True,-0.4051389695820515,False,True,True,False,True,True,True,True,True,True
DEVELOPMENT,randomized_qmc,1024,4,False,True,True,-0.4051389695820515,False,True,True,False,True,True,True,True,True,True
DEVELOPMENT,randomized_qmc,1024,5,False,True,True,-0.4051389695820515,False,True,True,False,True,True,True,True,True,True
DEVELOPMENT,randomized_qmc,1024,6,False,True,True,-0.4051389695820515,False,True,True,False,True,True,True,True,True,True
DEVELOPMENT,randomized_qmc,1024,7,False,True,True,-0.4051389695820515,False,True,True,False,True,True,True,True,True,True
DEVELOPMENT,randomized_qmc,1024,8,False,True,True,-0.4051389695820515,False,True,True,False,True,True,True,True,True,True
DEVELOPMENT,randomized_qmc,1024,9,False,True,True,-0.4051389695820515,False,True,True,False,True,True,True,True,True,True
DEVELOPMENT,randomized_qmc,1024,10,False,True,True,-0.4051389695820515,False,True,True,False,True,True,True,True,True,True
DEVELOPMENT,randomized_qmc,1024,11,False,True,True,-0.4051389695820515,False,True,True,False,True,True,True,True,True,True
DEVELOPMENT,randomized_qmc,1024,12,False,True,True,-0.4051389695820515,False,True,True,False,True,True,True,True,True,True
DEVELOPMENT,randomized_qmc,1024,13,False,True,True,-0.4051389695820515,False,True,True,False,True,True,True,True,True,True
DEVELOPMENT,randomized_qmc,1024,14,False,True,True,-0.4051389695820515,False,True,True,False,True,True,True,True,True,True
DEVELOPMENT,randomized_qmc,1024,15,False,True,True,-0.4051389695820515,False,True,True,False,True,True,True,True,True,True
DEVELOPMENT,randomized_qmc,1024,16,False,True,True,-0.4051389695820515,False,True,True,False,True,True,True,True,True,True
DEVELOPMENT,randomized_qmc,1024,17,False,True,True,-0.4051389695820515,False,True,True,False,True,True,True,True,True,True
DEVELOPMENT,randomized_qmc,1024,18,False,True,True,-0.4051389695820515,False,True,True,False,True,True,True,True,True,True
DEVELOPMENT,randomized_qmc,1024,19,False,True,True,-0.4051389695820515,False,True,True,False,True,True,True,True,True,True
DEVELOPMENT,randomized_qmc,1024,20,False,True,True,-0.4051389695820515,False,True,True,False,True,True,True,True,True,True
DEVELOPMENT,randomized_qmc,1024,21,False,True,True,-0.4051389695820515,False,True,True,False,True,True,True,True,True,True
DEVELOPMENT,randomized_qmc,1024,22,False,True,True,-0.4051389695820515,False,True,True,False,True,True,True,True,True,True
DEVELOPMENT,randomized_qmc,1024,23,False,True,True,-0.4051389695820515,False,True,True,False,True,True,True,True,True,True
DEVELOPMENT,randomized_qmc,1024,24,False,True,True,-0.4051389695820515,False,True,True,False,True,True,True,True,True,True
DEVELOPMENT,randomized_qmc,1024,25,False,True,True,-0.4051389695820515,False,True,True,False,True,True,True,True,True,True
DEVELOPMENT,randomized_qmc,1024,26,False,True,True,-0.4051389695820515,False,True,True,False,True,True,True,True,True,True
DEVELOPMENT,randomized_qmc,1024,27,False,True,True,-0.4051389695820515,False,True,True,False,True,True,True,True,True,True
DEVELOPMENT,randomized_qmc,1024,28,False,True,True,-0.4051389695820515,False,True,True,False,True,True,True,True,True,True
DEVELOPMENT,randomized_qmc,1024,29,False,True,True,-0.4051389695820515,False,True,True,False,True,True,True,True,True,True
DEVELOPMENT,randomized_qmc,1024,30,False,True,True,-0.4051389695820515,False,True,True,False,True,True,True,True,True,True
DEVELOPMENT,randomized_qmc,1024,31,False,True,True,-0.4051389695820515,False,True,True,False,True,True,True,True,True,True
DEVELOPMENT,randomized_qmc,1024,32,False,True,True,-0.4051389695820515,False,True,True,False,True,True,True,True,True,True
DEVELOPMENT,randomized_qmc,1024,33,False,True,True,-0.4051389695820515,False,True,True,False,True,True,True,True,True,True
DEVELOPMENT,randomized_qmc,1024,34,False,True,True,-0.4051389695820515,False,True,True,False,True,True,True,True,True,True
DEVELOPMENT,randomized_qmc,1024,35,False,True,True,-0.4051389695820515,False,True,True,False,True,True,True,True,True,True
DEVELOPMENT,randomized_qmc,1024,36,False,True,True,-0.4051389695820515,False,True,True,False,True,True,True,True,True,True
DEVELOPMENT,randomized_qmc,1024,37,False,True,True,-0.4051389695820515,False,True,True,False,True,True,True,True,True,True
DEVELOPMENT,randomized_qmc,1024,38,False,True,True,-0.4051389695820515,False,True,True,False,True,True,True,True,True,True
DEVELOPMENT,randomized_qmc,1024,39,False,True,True,-0.4051389695820515,False,True,True,False,True,True,True,True,True,True
DEVELOPMENT,randomized_qmc,1024,40,False,True,True,-0.4051389695820515,False,True,True,False,True,True,True,True,True,True
DEVELOPMENT,randomized_qmc,1024,41,False,True,True,-0.4051389695820515,False,True,True,False,True,True,True,True,True,True
DEVELOPMENT,randomized_qmc,1024,42,False,True,True,-0.4051389695820515,False,True,True,False,True,True,True,True,True,True
DEVELOPMENT,randomized_qmc,1024,43,False,True,True,-0.4051389695820515,False,True,True,False,True,True,True,True,True,True
DEVELOPMENT,randomized_qmc,1024,44,False,True,True,-0.4051389695820515,False,True,True,False,True,True,True,True,True,True
DEVELOPMENT,randomized_qmc,1024,45,False,True,True,-0.4051389695820515,False,True,True,False,True,True,True,True,True,True
DEVELOPMENT,randomized_qmc,1024,46,False,True,True,-0.4051389695820515,False,True,True,False,True,True,True,True,True,True
DEVELOPMENT,randomized_qmc,1024,47,False,True,True,-0.4051389695820515,False,True,True,False,True,True,True,True,True,True
DEVELOPMENT,randomized_qmc,1024,48,False,True,True,-0.4051389695820515,False,True,True,False,True,True,True,True,True,True
DEVELOPMENT,randomized_qmc,1024,49,False,True,True,-0.4051389695820515,False,True,True,False,True,True,True,True,True,True
DEVELOPMENT,randomized_qmc,1024,50,False,True,True,-0.4051389695820515,False,True,True,False,True,True,True,True,True,True
DEVELOPMENT,randomized_qmc,1024,51,False,True,True,-0.4051389695820515,False,True,True,False,True,True,True,True,True,True
DEVELOPMENT,randomized_qmc,1024,52,False,True,True,-0.4051389695820515,False,True,True,False,True,True,True,True,True,True
DEVELOPMENT,randomized_qmc,1024,53,False,True,True,-0.4051389695820515,False,True,True,False,True,True,True,True,True,True
DEVELOPMENT,randomized_qmc,1024,54,False,True,True,-0.4051389695820515,False,True,True,False,True,True,True,True,True,True
DEVELOPMENT,randomized_qmc,1024,55,False,True,True,-0.4051389695820515,False,True,True,False,True,True,True,True,True,True
DEVELOPMENT,randomized_qmc,1024,56,False,True,True,-0.4051389695820515,False,True,True,False,True,True,True,True,True,True
DEVELOPMENT,randomized_qmc,1024,57,False,True,True,-0.4051389695820515,False,True,True,False,True,True,True,True,True,True
DEVELOPMENT,randomized_qmc,1024,58,False,True,True,-0.4051389695820515,False,True,True,False,True,True,True,True,True,True
DEVELOPMENT,randomized_qmc,1024,59,False,True,True,-0.4051389695820515,False,True,True,False,True,True,True,True,True,True
DEVELOPMENT,randomized_qmc,1024,60,False,True,True,-0.4051389695820515,False,True,True,False,True,True,True,True,True,True
DEVELOPMENT,randomized_qmc,1024,61,False,True,True,-0.4051389695820515,False,True,True,False,True,True,True,True,True,True
DEVELOPMENT,randomized_qmc,1024,62,False,True,True,-0.4051389695820515,False,True,True,False,True,True,True,True,True,True
DEVELOPMENT,randomized_qmc,1024,63,False,True,True,-0.4051389695820515,False,True,True,False,True,True,True,True,True,True
DEVELOPMENT,randomized_qmc,1024,64,False,True,True,-0.4051389695820515,False,True,True,False,True,True,True,True,True,True
DEVELOPMENT,randomized_qmc,1024,65,False,True,True,-0.4051389695820515,False,True,True,False,True,True,True,True,True,True
DEVELOPMENT,randomized_qmc,1024,66,False,True,True,-0.4051389695820515,False,True,True,False,True,True,True,True,True,True
DEVELOPMENT,randomized_qmc,1024,67,False,True,True,-0.4051389695820515,False,True,True,False,True,True,True,True,True,True
DEVELOPMENT,randomized_qmc,1024,68,False,True,True,-0.4051389695820515,False,True,True,False,True,True,True,True,True,True
DEVELOPMENT,randomized_qmc,1024,69,False,True,True,-0.4051389695820515,False,True,True,False,True,True,True,True,True,True
DEVELOPMENT,randomized_qmc,1024,70,False,True,True,-0.4051389695820515,False,True,True,False,True,True,True,True,True,True
DEVELOPMENT,randomized_qmc,1024,71,False,True,True,-0.4051389695820515,False,True,True,False,True,True,True,True,True,True
DEVELOPMENT,randomized_qmc,1024,72,False,True,True,-0.4051389695820515,False,True,True,False,True,True,True,True,True,True
DEVELOPMENT,randomized_qmc,1024,73,False,True,True,-0.4051389695820515,False,True,True,False,True,True,True,True,True,True
DEVELOPMENT,randomized_qmc,1024,74,False,True,True,-0.4051389695820515,False,True,True,False,True,True,True,True,True,True
DEVELOPMENT,randomized_qmc,1024,75,False,True,True,-0.4051389695820515,False,True,True,False,True,True,True,True,True,True
DEVELOPMENT,randomized_qmc,1024,76,False,True,True,-0.4051389695820515,False,True,True,False,True,True,True,True,True,True
DEVELOPMENT,randomized_qmc,1024,77,False,True,True,-0.4051389695820515,False,True,True,False,True,True,True,True,True,True
DEVELOPMENT,randomized_qmc,1024,78,False,True,True,-0.4051389695820515,False,True,True,False,True,True,True,True,True,True
DEVELOPMENT,randomized_qmc,1024,79,False,True,True,-0.4051389695820515,False,True,True,False,True,True,True,True,True,True
DEVELOPMENT,randomized_qmc,1024,80,False,True,True,-0.4051389695820515,False,True,True,False,True,True,True,True,True,True
DEVELOPMENT,randomized_qmc,1024,81,False,True,True,-0.4051389695820515,False,True,True,False,True,True,True,True,True,True
DEVELOPMENT,randomized_qmc,1024,82,False,True,True,-0.4051389695820515,False,True,True,False,True,True,True,True,True,True
DEVELOPMENT,randomized_qmc,1024,83,False,True,True,-0.4051389695820515,False,True,True,False,True,True,True,True,True,True
DEVELOPMENT,randomized_qmc,1024,84,False,True,True,-0.4051389695820515,False,True,True,False,True,True,True,True,True,True
DEVELOPMENT,randomized_qmc,1024,85,False,True,True,-0.4051389695820515,False,True,True,False,True,True,True,True,True,True
DEVELOPMENT,randomized_qmc,1024,86,False,True,True,-0.4051389695820515,False,True,True,False,True,True,True,True,True,True
DEVELOPMENT,randomized_qmc,1024,87,False,True,True,-0.4051389695820515,False,True,True,False,True,True,True,True,True,True
DEVELOPMENT,randomized_qmc,1024,88,False,True,True,-0.4051389695820515,False,True,True,False,True,True,True,True,True,True
DEVELOPMENT,randomized_qmc,1024,89,False,True,True,-0.4051389695820515,False,True,True,False,True,True,True,True,True,True
DEVELOPMENT,randomized_qmc,1024,90,False,True,True,-0.4051389695820515,False,True,True,False,True,True,True,True,True,True
DEVELOPMENT,randomized_qmc,1024,91,False,True,True,-0.4051389695820515,False,True,True,False,True,True,True,True,True,True
DEVELOPMENT,randomized_qmc,1024,92,False,True,True,-0.4051389695820515,False,True,True,False,True,True,True,True,True,True
DEVELOPMENT,randomized_qmc,1024,93,False,True,True,-0.4051389695820515,False,True,True,False,True,True,True,True,True,True
DEVELOPMENT,randomized_qmc,1024,94,False,True,True,-0.4051389695820515,False,True,True,False,True,True,True,True,True,True
DEVELOPMENT,randomized_qmc,1024,95,False,True,True,-0.4051389695820515,False,True,True,False,True,True,True,True,True,True
DEVELOPMENT,randomized_qmc,1024,96,False,True,True,-0.4051389695820515,False,True,True,False,True,True,True,True,True,True
DEVELOPMENT,randomized_qmc,1024,97,False,True,True,-0.4051389695820515,False,True,True,False,True,True,True,True,True,True
DEVELOPMENT,randomized_qmc,1024,98,False,True,True,-0.4051389695820515,False,True,True,False,True,True,True,True,True,True
DEVELOPMENT,randomized_qmc,1024,99,False,True,True,-0.4051389695820515,False,True,True,False,True,True,True,True,True,True
DEVELOPMENT,randomized_qmc,1024,100,False,True,True,-0.4051389695820515,False,True,True,False,True,True,True,True,True,True
DEVELOPMENT,randomized_qmc,1024,101,False,True,True,-0.4051389695820515,False,True,True,False,True,True,True,True,True,True
DEVELOPMENT,randomized_qmc,1024,102,False,True,True,-0.4051389695820515,False,True,True,False,True,True,True,True,True,True
DEVELOPMENT,randomized_qmc,1024,103,False,True,True,-0.4051389695820515,False,True,True,False,True,True,True,True,True,True
DEVELOPMENT,randomized_qmc,1024,104,False,True,True,-0.4051389695820515,False,True,True,False,True,True,True,True,True,True
DEVELOPMENT,randomized_qmc,1024,105,False,True,True,-0.4051389695820515,False,True,True,False,True,True,True,True,True,True
DEVELOPMENT,randomized_qmc,1024,106,False,True,True,-0.4051389695820515,False,True,True,False,True,True,True,True,True,True
DEVELOPMENT,randomized_qmc,1024,107,False,True,True,-0.4051389695820515,False,True,True,False,True,True,True,True,True,True
DEVELOPMENT,randomized_qmc,1024,108,False,True,True,-0.4051389695820515,False,True,True,False,True,True,True,True,True,True
DEVELOPMENT,randomized_qmc,1024,109,False,True,True,-0.4051389695820515,False,True,True,False,True,True,True,True,True,True
DEVELOPMENT,randomized_qmc,1024,110,False,True,True,-0.4051389695820515,False,True,True,False,True,True,True,True,True,True
DEVELOPMENT,randomized_qmc,1024,111,False,True,True,-0.4051389695820515,False,True,True,False,True,True,True,True,True,True
DEVELOPMENT,randomized_qmc,1024,112,False,True,True,-0.4051389695820515,False,True,True,False,True,True,True,True,True,True
DEVELOPMENT,randomized_qmc,1024,113,False,True,True,-0.4051389695820515,False,True,True,False,True,True,True,True,True,True
DEVELOPMENT,randomized_qmc,1024,114,False,True,True,-0.4051389695820515,False,True,True,False,True,True,True,True,True,True
DEVELOPMENT,randomized_qmc,1024,115,False,True,True,-0.4051389695820515,False,True,True,False,True,True,True,True,True,True
DEVELOPMENT,randomized_qmc,1024,116,False,True,True,-0.4051389695820515,False,True,True,False,True,True,True,True,True,True
DEVELOPMENT,randomized_qmc,1024,117,False,True,True,-0.4051389695820515,False,True,True,False,True,True,True,True,True,True
DEVELOPMENT,randomized_qmc,1024,118,False,True,True,-0.4051389695820515,False,True,True,False,True,True,True,True,True,True
DEVELOPMENT,randomized_qmc,1024,119,False,True,True,-0.4051389695820515,False,True,True,False,True,True,True,True,True,True
DEVELOPMENT,randomized_qmc,1024,120,False,True,True,-0.4051389695820515,False,True,True,False,True,True,True,True,True,True
DEVELOPMENT,randomized_qmc,1024,121,False,True,True,-0.4051389695820515,False,True,True,False,True,True,True,True,True,True
DEVELOPMENT,randomized_qmc,1024,122,False,True,True,-0.4051389695820515,False,True,True,False,True,True,True,True,True,True
DEVELOPMENT,randomized_qmc,1024,123,False,True,True,-0.4051389695820515,False,True,True,False,True,True,True,True,True,True
DEVELOPMENT,randomized_qmc,1024,124,False,True,True,-0.4051389695820515,False,True,True,False,True,True,True,True,True,True
DEVELOPMENT,randomized_qmc,1024,125,False,True,True,-0.4051389695820515,False,True,True,False,True,True,True,True,True,True
DEVELOPMENT,randomized_qmc,1024,126,False,True,True,-0.4051389695820515,False,True,True,False,True,True,True,True,True,True
DEVELOPMENT,randomized_qmc,1024,127,False,True,True,-0.4051389695820515,False,True,True,False,True,True,True,True,True,True
DEVELOPMENT,randomized_qmc,2048,0,False,True,True,-0.5730930261701493,False,True,True,False,True,True,True,True,True,True
DEVELOPMENT,randomized_qmc,2048,1,False,True,True,-0.5730930261701493,False,True,True,False,True,True,True,True,True,True
DEVELOPMENT,randomized_qmc,2048,2,False,True,True,-0.5730930261701493,False,True,True,False,True,True,True,True,True,True
DEVELOPMENT,randomized_qmc,2048,3,False,True,True,-0.5730930261701493,False,True,True,False,True,True,True,True,True,True
DEVELOPMENT,randomized_qmc,2048,4,False,True,True,-0.5730930261701493,False,True,True,False,True,True,True,True,True,True
DEVELOPMENT,randomized_qmc,2048,5,False,True,True,-0.5730930261701493,False,True,True,False,True,True,True,True,True,True
DEVELOPMENT,randomized_qmc,2048,6,False,True,True,-0.5730930261701493,False,True,True,False,True,True,True,True,True,True
DEVELOPMENT,randomized_qmc,2048,7,False,True,True,-0.5730930261701493,False,True,True,False,True,True,True,True,True,True
DEVELOPMENT,randomized_qmc,2048,8,False,True,True,-0.5730930261701493,False,True,True,False,True,True,True,True,True,True
DEVELOPMENT,randomized_qmc,2048,9,False,True,True,-0.5730930261701493,False,True,True,False,True,True,True,True,True,True
DEVELOPMENT,randomized_qmc,2048,10,False,True,True,-0.5730930261701493,False,True,True,False,True,True,True,True,True,True
DEVELOPMENT,randomized_qmc,2048,11,False,True,True,-0.5730930261701493,False,True,True,False,True,True,True,True,True,True
DEVELOPMENT,randomized_qmc,2048,12,False,True,True,-0.5730930261701493,False,True,True,False,True,True,True,True,True,True
DEVELOPMENT,randomized_qmc,2048,13,False,True,True,-0.5730930261701493,False,True,True,False,True,True,True,True,True,True
DEVELOPMENT,randomized_qmc,2048,14,False,True,True,-0.5730930261701493,False,True,True,False,True,True,True,True,True,True
DEVELOPMENT,randomized_qmc,2048,15,False,True,True,-0.5730930261701493,False,True,True,False,True,True,True,True,True,True
DEVELOPMENT,randomized_qmc,2048,16,False,True,True,-0.5730930261701493,False,True,True,False,True,True,True,True,True,True
DEVELOPMENT,randomized_qmc,2048,17,False,True,True,-0.5730930261701493,False,True,True,False,True,True,True,True,True,True
DEVELOPMENT,randomized_qmc,2048,18,False,True,True,-0.5730930261701493,False,True,True,False,True,True,True,True,True,True
DEVELOPMENT,randomized_qmc,2048,19,False,True,True,-0.5730930261701493,False,True,True,False,True,True,True,True,True,True
DEVELOPMENT,randomized_qmc,2048,20,False,True,True,-0.5730930261701493,False,True,True,False,True,True,True,True,True,True
DEVELOPMENT,randomized_qmc,2048,21,False,True,True,-0.5730930261701493,False,True,True,False,True,True,True,True,True,True
DEVELOPMENT,randomized_qmc,2048,22,False,True,True,-0.5730930261701493,False,True,True,False,True,True,True,True,True,True
DEVELOPMENT,randomized_qmc,2048,23,False,True,True,-0.5730930261701493,False,True,True,False,True,True,True,True,True,True
DEVELOPMENT,randomized_qmc,2048,24,False,True,True,-0.5730930261701493,False,True,True,False,True,True,True,True,True,True
DEVELOPMENT,randomized_qmc,2048,25,False,True,True,-0.5730930261701493,False,True,True,False,True,True,True,True,True,True
DEVELOPMENT,randomized_qmc,2048,26,False,True,True,-0.5730930261701493,False,True,True,False,True,True,True,True,True,True
DEVELOPMENT,randomized_qmc,2048,27,False,True,True,-0.5730930261701493,False,True,True,False,True,True,True,True,True,True
DEVELOPMENT,randomized_qmc,2048,28,False,True,True,-0.5730930261701493,False,True,True,False,True,True,True,True,True,True
DEVELOPMENT,randomized_qmc,2048,29,False,True,True,-0.5730930261701493,False,True,True,False,True,True,True,True,True,True
DEVELOPMENT,randomized_qmc,2048,30,False,True,True,-0.5730930261701493,False,True,True,False,True,True,True,True,True,True
DEVELOPMENT,randomized_qmc,2048,31,False,True,True,-0.5730930261701493,False,True,True,False,True,True,True,True,True,True
DEVELOPMENT,randomized_qmc,2048,32,False,True,True,-0.5730930261701493,False,True,True,False,True,True,True,True,True,True
DEVELOPMENT,randomized_qmc,2048,33,False,True,True,-0.5730930261701493,False,True,True,False,True,True,True,True,True,True
DEVELOPMENT,randomized_qmc,2048,34,False,True,True,-0.5730930261701493,False,True,True,False,True,True,True,True,True,True
DEVELOPMENT,randomized_qmc,2048,35,False,True,True,-0.5730930261701493,False,True,True,False,True,True,True,True,True,True
DEVELOPMENT,randomized_qmc,2048,36,False,True,True,-0.5730930261701493,False,True,True,False,True,True,True,True,True,True
DEVELOPMENT,randomized_qmc,2048,37,False,True,True,-0.5730930261701493,False,True,True,False,True,True,True,True,True,True
DEVELOPMENT,randomized_qmc,2048,38,False,True,True,-0.5730930261701493,False,True,True,False,True,True,True,True,True,True
DEVELOPMENT,randomized_qmc,2048,39,False,True,True,-0.5730930261701493,False,True,True,False,True,True,True,True,True,True
DEVELOPMENT,randomized_qmc,2048,40,False,True,True,-0.5730930261701493,False,True,True,False,True,True,True,True,True,True
DEVELOPMENT,randomized_qmc,2048,41,False,True,True,-0.5730930261701493,False,True,True,False,True,True,True,True,True,True
DEVELOPMENT,randomized_qmc,2048,42,False,True,True,-0.5730930261701493,False,True,True,False,True,True,True,True,True,True
DEVELOPMENT,randomized_qmc,2048,43,False,True,True,-0.5730930261701493,False,True,True,False,True,True,True,True,True,True
DEVELOPMENT,randomized_qmc,2048,44,False,True,True,-0.5730930261701493,False,True,True,False,True,True,True,True,True,True
DEVELOPMENT,randomized_qmc,2048,45,False,True,True,-0.5730930261701493,False,True,True,False,True,True,True,True,True,True
DEVELOPMENT,randomized_qmc,2048,46,False,True,True,-0.5730930261701493,False,True,True,False,True,True,True,True,True,True
DEVELOPMENT,randomized_qmc,2048,47,False,True,True,-0.5730930261701493,False,True,True,False,True,True,True,True,True,True
DEVELOPMENT,randomized_qmc,2048,48,False,True,True,-0.5730930261701493,False,True,True,False,True,True,True,True,True,True
DEVELOPMENT,randomized_qmc,2048,49,False,True,True,-0.5730930261701493,False,True,True,False,True,True,True,True,True,True
DEVELOPMENT,randomized_qmc,2048,50,False,True,True,-0.5730930261701493,False,True,True,False,True,True,True,True,True,True
DEVELOPMENT,randomized_qmc,2048,51,False,True,True,-0.5730930261701493,False,True,True,False,True,True,True,True,True,True
DEVELOPMENT,randomized_qmc,2048,52,False,True,True,-0.5730930261701493,False,True,True,False,True,True,True,True,True,True
DEVELOPMENT,randomized_qmc,2048,53,False,True,True,-0.5730930261701493,False,True,True,False,True,True,True,True,True,True
DEVELOPMENT,randomized_qmc,2048,54,False,True,True,-0.5730930261701493,False,True,True,False,True,True,True,True,True,True
DEVELOPMENT,randomized_qmc,2048,55,False,True,True,-0.5730930261701493,False,True,True,False,True,True,True,True,True,True
DEVELOPMENT,randomized_qmc,2048,56,False,True,True,-0.5730930261701493,False,True,True,False,True,True,True,True,True,True
DEVELOPMENT,randomized_qmc,2048,57,False,True,True,-0.5730930261701493,False,True,True,False,True,True,True,True,True,True
DEVELOPMENT,randomized_qmc,2048,58,False,True,True,-0.5730930261701493,False,True,True,False,True,True,True,True,True,True
DEVELOPMENT,randomized_qmc,2048,59,False,True,True,-0.5730930261701493,False,True,True,False,True,True,True,True,True,True
DEVELOPMENT,randomized_qmc,2048,60,False,True,True,-0.5730930261701493,False,True,True,False,True,True,True,True,True,True
DEVELOPMENT,randomized_qmc,2048,61,False,True,True,-0.5730930261701493,False,True,True,False,True,True,True,True,True,True
DEVELOPMENT,randomized_qmc,2048,62,False,True,True,-0.5730930261701493,False,True,True,False,True,True,True,True,True,True
DEVELOPMENT,randomized_qmc,2048,63,False,True,True,-0.5730930261701493,False,True,True,False,True,True,True,True,True,True
DEVELOPMENT,randomized_qmc,2048,64,False,True,True,-0.5730930261701493,False,True,True,False,True,True,True,True,True,True
DEVELOPMENT,randomized_qmc,2048,65,False,True,True,-0.5730930261701493,False,True,True,False,True,True,True,True,True,True
DEVELOPMENT,randomized_qmc,2048,66,False,True,True,-0.5730930261701493,False,True,True,False,True,True,True,True,True,True
DEVELOPMENT,randomized_qmc,2048,67,False,True,True,-0.5730930261701493,False,True,True,False,True,True,True,True,True,True
DEVELOPMENT,randomized_qmc,2048,68,False,True,True,-0.5730930261701493,False,True,True,False,True,True,True,True,True,True
DEVELOPMENT,randomized_qmc,2048,69,False,True,True,-0.5730930261701493,False,True,True,False,True,True,True,True,True,True
DEVELOPMENT,randomized_qmc,2048,70,False,True,True,-0.5730930261701493,False,True,True,False,True,True,True,True,True,True
DEVELOPMENT,randomized_qmc,2048,71,False,True,True,-0.5730930261701493,False,True,True,False,True,True,True,True,True,True
DEVELOPMENT,randomized_qmc,2048,72,False,True,True,-0.5730930261701493,False,True,True,False,True,True,True,True,True,True
DEVELOPMENT,randomized_qmc,2048,73,False,True,True,-0.5730930261701493,False,True,True,False,True,True,True,True,True,True
DEVELOPMENT,randomized_qmc,2048,74,False,True,True,-0.5730930261701493,False,True,True,False,True,True,True,True,True,True
DEVELOPMENT,randomized_qmc,2048,75,False,True,True,-0.5730930261701493,False,True,True,False,True,True,True,True,True,True
DEVELOPMENT,randomized_qmc,2048,76,False,True,True,-0.5730930261701493,False,True,True,False,True,True,True,True,True,True
DEVELOPMENT,randomized_qmc,2048,77,False,True,True,-0.5730930261701493,False,True,True,False,True,True,True,True,True,True
DEVELOPMENT,randomized_qmc,2048,78,False,True,True,-0.5730930261701493,False,True,True,False,True,True,True,True,True,True
DEVELOPMENT,randomized_qmc,2048,79,False,True,True,-0.5730930261701493,False,True,True,False,True,True,True,True,True,True
DEVELOPMENT,randomized_qmc,2048,80,False,True,True,-0.5730930261701493,False,True,True,False,True,True,True,True,True,True
DEVELOPMENT,randomized_qmc,2048,81,False,True,True,-0.5730930261701493,False,True,True,False,True,True,True,True,True,True
DEVELOPMENT,randomized_qmc,2048,82,False,True,True,-0.5730930261701493,False,True,True,False,True,True,True,True,True,True
DEVELOPMENT,randomized_qmc,2048,83,False,True,True,-0.5730930261701493,False,True,True,False,True,True,True,True,True,True
DEVELOPMENT,randomized_qmc,2048,84,False,True,True,-0.5730930261701493,False,True,True,False,True,True,True,True,True,True
DEVELOPMENT,randomized_qmc,2048,85,False,True,True,-0.5730930261701493,False,True,True,False,True,True,True,True,True,True
DEVELOPMENT,randomized_qmc,2048,86,False,True,True,-0.5730930261701493,False,True,True,False,True,True,True,True,True,True
DEVELOPMENT,randomized_qmc,2048,87,False,True,True,-0.5730930261701493,False,True,True,False,True,True,True,True,True,True
DEVELOPMENT,randomized_qmc,2048,88,False,True,True,-0.5730930261701493,False,True,True,False,True,True,True,True,True,True
DEVELOPMENT,randomized_qmc,2048,89,False,True,True,-0.5730930261701493,False,True,True,False,True,True,True,True,True,True
DEVELOPMENT,randomized_qmc,2048,90,False,True,True,-0.5730930261701493,False,True,True,False,True,True,True,True,True,True
DEVELOPMENT,randomized_qmc,2048,91,False,True,True,-0.5730930261701493,False,True,True,False,True,True,True,True,True,True
DEVELOPMENT,randomized_qmc,2048,92,False,True,True,-0.5730930261701493,False,True,True,False,True,True,True,True,True,True
DEVELOPMENT,randomized_qmc,2048,93,False,True,True,-0.5730930261701493,False,True,True,False,True,True,True,True,True,True
DEVELOPMENT,randomized_qmc,2048,94,False,True,True,-0.5730930261701493,False,True,True,False,True,True,True,True,True,True
DEVELOPMENT,randomized_qmc,2048,95,False,True,True,-0.5730930261701493,False,True,True,False,True,True,True,True,True,True
DEVELOPMENT,randomized_qmc,2048,96,False,True,True,-0.5730930261701493,False,True,True,False,True,True,True,True,True,True
DEVELOPMENT,randomized_qmc,2048,97,False,True,True,-0.5730930261701493,False,True,True,False,True,True,True,True,True,True
DEVELOPMENT,randomized_qmc,2048,98,False,True,True,-0.5730930261701493,False,True,True,False,True,True,True,True,True,True
DEVELOPMENT,randomized_qmc,2048,99,False,True,True,-0.5730930261701493,False,True,True,False,True,True,True,True,True,True
DEVELOPMENT,randomized_qmc,2048,100,False,True,True,-0.5730930261701493,False,True,True,False,True,True,True,True,True,True
DEVELOPMENT,randomized_qmc,2048,101,False,True,True,-0.5730930261701493,False,True,True,False,True,True,True,True,True,True
DEVELOPMENT,randomized_qmc,2048,102,False,True,True,-0.5730930261701493,False,True,True,False,True,True,True,True,True,True
DEVELOPMENT,randomized_qmc,2048,103,False,True,True,-0.5730930261701493,False,True,True,False,True,True,True,True,True,True
DEVELOPMENT,randomized_qmc,2048,104,False,True,True,-0.5730930261701493,False,True,True,False,True,True,True,True,True,True
DEVELOPMENT,randomized_qmc,2048,105,False,True,True,-0.5730930261701493,False,True,True,False,True,True,True,True,True,True
DEVELOPMENT,randomized_qmc,2048,106,False,True,True,-0.5730930261701493,False,True,True,False,True,True,True,True,True,True
DEVELOPMENT,randomized_qmc,2048,107,False,True,True,-0.5730930261701493,False,True,True,False,True,True,True,True,True,True
DEVELOPMENT,randomized_qmc,2048,108,False,True,True,-0.5730930261701493,False,True,True,False,True,True,True,True,True,True
DEVELOPMENT,randomized_qmc,2048,109,False,True,True,-0.5730930261701493,False,True,True,False,True,True,True,True,True,True
DEVELOPMENT,randomized_qmc,2048,110,False,True,True,-0.5730930261701493,False,True,True,False,True,True,True,True,True,True
DEVELOPMENT,randomized_qmc,2048,111,False,True,True,-0.5730930261701493,False,True,True,False,True,True,True,True,True,True
DEVELOPMENT,randomized_qmc,2048,112,False,True,True,-0.5730930261701493,False,True,True,False,True,True,True,True,True,True
DEVELOPMENT,randomized_qmc,2048,113,False,True,True,-0.5730930261701493,False,True,True,False,True,True,True,True,True,True
DEVELOPMENT,randomized_qmc,2048,114,False,True,True,-0.5730930261701493,False,True,True,False,True,True,True,True,True,True
DEVELOPMENT,randomized_qmc,2048,115,False,True,True,-0.5730930261701493,False,True,True,False,True,True,True,True,True,True
DEVELOPMENT,randomized_qmc,2048,116,False,True,True,-0.5730930261701493,False,True,True,False,True,True,True,True,True,True
DEVELOPMENT,randomized_qmc,2048,117,False,True,True,-0.5730930261701493,False,True,True,False,True,True,True,True,True,True
DEVELOPMENT,randomized_qmc,2048,118,False,True,True,-0.5730930261701493,False,True,True,False,True,True,True,True,True,True
DEVELOPMENT,randomized_qmc,2048,119,False,True,True,-0.5730930261701493,False,True,True,False,True,True,True,True,True,True
DEVELOPMENT,randomized_qmc,2048,120,False,True,True,-0.5730930261701493,False,True,True,False,True,True,True,True,True,True
DEVELOPMENT,randomized_qmc,2048,121,False,True,True,-0.5730930261701493,False,True,True,False,True,True,True,True,True,True
DEVELOPMENT,randomized_qmc,2048,122,False,True,True,-0.5730930261701493,False,True,True,False,True,True,True,True,True,True
DEVELOPMENT,randomized_qmc,2048,123,False,True,True,-0.5730930261701493,False,True,True,False,True,True,True,True,True,True
DEVELOPMENT,randomized_qmc,2048,124,False,True,True,-0.5730930261701493,False,True,True,False,True,True,True,True,True,True
DEVELOPMENT,randomized_qmc,2048,125,False,True,True,-0.5730930261701493,False,True,True,False,True,True,True,True,True,True
DEVELOPMENT,randomized_qmc,2048,126,False,True,True,-0.5730930261701493,False,True,True,False,True,True,True,True,True,True
DEVELOPMENT,randomized_qmc,2048,127,False,True,True,-0.5730930261701493,False,True,True,False,True,True,True,True,True,True
DEVELOPMENT,randomized_qmc,4096,0,False,True,True,-0.8105749074493765,False,True,True,False,True,True,True,True,True,True
DEVELOPMENT,randomized_qmc,4096,1,False,True,True,-0.8105749074493765,False,True,True,False,True,True,True,True,True,True
DEVELOPMENT,randomized_qmc,4096,2,False,True,True,-0.8105749074493765,False,True,True,False,True,True,True,True,True,True
DEVELOPMENT,randomized_qmc,4096,3,False,True,True,-0.8105749074493765,False,True,True,False,True,True,True,True,True,True
DEVELOPMENT,randomized_qmc,4096,4,False,True,True,-0.8105749074493765,False,True,True,False,True,True,True,True,True,True
DEVELOPMENT,randomized_qmc,4096,5,False,True,True,-0.8105749074493765,False,True,True,False,True,True,True,True,True,True
DEVELOPMENT,randomized_qmc,4096,6,False,True,True,-0.8105749074493765,False,True,True,False,True,True,True,True,True,True
DEVELOPMENT,randomized_qmc,4096,7,False,True,True,-0.8105749074493765,False,True,True,False,True,True,True,True,True,True
DEVELOPMENT,randomized_qmc,4096,8,False,True,True,-0.8105749074493765,False,True,True,False,True,True,True,True,True,True
DEVELOPMENT,randomized_qmc,4096,9,False,True,True,-0.8105749074493765,False,True,True,False,True,True,True,True,True,True
DEVELOPMENT,randomized_qmc,4096,10,False,True,True,-0.8105749074493765,False,True,True,False,True,True,True,True,True,True
DEVELOPMENT,randomized_qmc,4096,11,False,True,True,-0.8105749074493765,False,True,True,False,True,True,True,True,True,True
DEVELOPMENT,randomized_qmc,4096,12,False,True,True,-0.8105749074493765,False,True,True,False,True,True,True,True,True,True
DEVELOPMENT,randomized_qmc,4096,13,False,True,True,-0.8105749074493765,False,True,True,False,True,True,True,True,True,True
DEVELOPMENT,randomized_qmc,4096,14,False,True,True,-0.8105749074493765,False,True,True,False,True,True,True,True,True,True
DEVELOPMENT,randomized_qmc,4096,15,False,True,True,-0.8105749074493765,False,True,True,False,True,True,True,True,True,True
DEVELOPMENT,randomized_qmc,4096,16,False,True,True,-0.8105749074493765,False,True,True,False,True,True,True,True,True,True
DEVELOPMENT,randomized_qmc,4096,17,False,True,True,-0.8105749074493765,False,True,True,False,True,True,True,True,True,True
DEVELOPMENT,randomized_qmc,4096,18,False,True,True,-0.8105749074493765,False,True,True,False,True,True,True,True,True,True
DEVELOPMENT,randomized_qmc,4096,19,False,True,True,-0.8105749074493765,False,True,True,False,True,True,True,True,True,True
DEVELOPMENT,randomized_qmc,4096,20,False,True,True,-0.8105749074493765,False,True,True,False,True,True,True,True,True,True
DEVELOPMENT,randomized_qmc,4096,21,False,True,True,-0.8105749074493765,False,True,True,False,True,True,True,True,True,True
DEVELOPMENT,randomized_qmc,4096,22,False,True,True,-0.8105749074493765,False,True,True,False,True,True,True,True,True,True
DEVELOPMENT,randomized_qmc,4096,23,False,True,True,-0.8105749074493765,False,True,True,False,True,True,True,True,True,True
DEVELOPMENT,randomized_qmc,4096,24,False,True,True,-0.8105749074493765,False,True,True,False,True,True,True,True,True,True
DEVELOPMENT,randomized_qmc,4096,25,False,True,True,-0.8105749074493765,False,True,True,False,True,True,True,True,True,True
DEVELOPMENT,randomized_qmc,4096,26,False,True,True,-0.8105749074493765,False,True,True,False,True,True,True,True,True,True
DEVELOPMENT,randomized_qmc,4096,27,False,True,True,-0.8105749074493765,False,True,True,False,True,True,True,True,True,True
DEVELOPMENT,randomized_qmc,4096,28,False,True,True,-0.8105749074493765,False,True,True,False,True,True,True,True,True,True
DEVELOPMENT,randomized_qmc,4096,29,False,True,True,-0.8105749074493765,False,True,True,False,True,True,True,True,True,True
DEVELOPMENT,randomized_qmc,4096,30,False,True,True,-0.8105749074493765,False,True,True,False,True,True,True,True,True,True
DEVELOPMENT,randomized_qmc,4096,31,False,True,True,-0.8105749074493765,False,True,True,False,True,True,True,True,True,True
DEVELOPMENT,randomized_qmc,4096,32,False,True,True,-0.8105749074493765,False,True,True,False,True,True,True,True,True,True
DEVELOPMENT,randomized_qmc,4096,33,False,True,True,-0.8105749074493765,False,True,True,False,True,True,True,True,True,True
DEVELOPMENT,randomized_qmc,4096,34,False,True,True,-0.8105749074493765,False,True,True,False,True,True,True,True,True,True
DEVELOPMENT,randomized_qmc,4096,35,False,True,True,-0.8105749074493765,False,True,True,False,True,True,True,True,True,True
DEVELOPMENT,randomized_qmc,4096,36,False,True,True,-0.8105749074493765,False,True,True,False,True,True,True,True,True,True
DEVELOPMENT,randomized_qmc,4096,37,False,True,True,-0.8105749074493765,False,True,True,False,True,True,True,True,True,True
DEVELOPMENT,randomized_qmc,4096,38,False,True,True,-0.8105749074493765,False,True,True,False,True,True,True,True,True,True
DEVELOPMENT,randomized_qmc,4096,39,False,True,True,-0.8105749074493765,False,True,True,False,True,True,True,True,True,True
DEVELOPMENT,randomized_qmc,4096,40,False,True,True,-0.8105749074493765,False,True,True,False,True,True,True,True,True,True
DEVELOPMENT,randomized_qmc,4096,41,False,True,True,-0.8105749074493765,False,True,True,False,True,True,True,True,True,True
DEVELOPMENT,randomized_qmc,4096,42,False,True,True,-0.8105749074493765,False,True,True,False,True,True,True,True,True,True
DEVELOPMENT,randomized_qmc,4096,43,False,True,True,-0.8105749074493765,False,True,True,False,True,True,True,True,True,True
DEVELOPMENT,randomized_qmc,4096,44,False,True,True,-0.8105749074493765,False,True,True,False,True,True,True,True,True,True
DEVELOPMENT,randomized_qmc,4096,45,False,True,True,-0.8105749074493765,False,True,True,False,True,True,True,True,True,True
DEVELOPMENT,randomized_qmc,4096,46,False,True,True,-0.8105749074493765,False,True,True,False,True,True,True,True,True,True
DEVELOPMENT,randomized_qmc,4096,47,False,True,True,-0.8105749074493765,False,True,True,False,True,True,True,True,True,True
DEVELOPMENT,randomized_qmc,4096,48,False,True,True,-0.8105749074493765,False,True,True,False,True,True,True,True,True,True
DEVELOPMENT,randomized_qmc,4096,49,False,True,True,-0.8105749074493765,False,True,True,False,True,True,True,True,True,True
DEVELOPMENT,randomized_qmc,4096,50,False,True,True,-0.8105749074493765,False,True,True,False,True,True,True,True,True,True
DEVELOPMENT,randomized_qmc,4096,51,False,True,True,-0.8105749074493765,False,True,True,False,True,True,True,True,True,True
DEVELOPMENT,randomized_qmc,4096,52,False,True,True,-0.8105749074493765,False,True,True,False,True,True,True,True,True,True
DEVELOPMENT,randomized_qmc,4096,53,False,True,True,-0.8105749074493765,False,True,True,False,True,True,True,True,True,True
DEVELOPMENT,randomized_qmc,4096,54,False,True,True,-0.8105749074493765,False,True,True,False,True,True,True,True,True,True
DEVELOPMENT,randomized_qmc,4096,55,False,True,True,-0.8105749074493765,False,True,True,False,True,True,True,True,True,True
DEVELOPMENT,randomized_qmc,4096,56,False,True,True,-0.8105749074493765,False,True,True,False,True,True,True,True,True,True
DEVELOPMENT,randomized_qmc,4096,57,False,True,True,-0.8105749074493765,False,True,True,False,True,True,True,True,True,True
DEVELOPMENT,randomized_qmc,4096,58,False,True,True,-0.8105749074493765,False,True,True,False,True,True,True,True,True,True
DEVELOPMENT,randomized_qmc,4096,59,False,True,True,-0.8105749074493765,False,True,True,False,True,True,True,True,True,True
DEVELOPMENT,randomized_qmc,4096,60,False,True,True,-0.8105749074493765,False,True,True,False,True,True,True,True,True,True
DEVELOPMENT,randomized_qmc,4096,61,False,True,True,-0.8105749074493765,False,True,True,False,True,True,True,True,True,True
DEVELOPMENT,randomized_qmc,4096,62,False,True,True,-0.8105749074493765,False,True,True,False,True,True,True,True,True,True
DEVELOPMENT,randomized_qmc,4096,63,False,True,True,-0.8105749074493765,False,True,True,False,True,True,True,True,True,True
DEVELOPMENT,randomized_qmc,4096,64,False,True,True,-0.8105749074493765,False,True,True,False,True,True,True,True,True,True
DEVELOPMENT,randomized_qmc,4096,65,False,True,True,-0.8105749074493765,False,True,True,False,True,True,True,True,True,True
DEVELOPMENT,randomized_qmc,4096,66,False,True,True,-0.8105749074493765,False,True,True,False,True,True,True,True,True,True
DEVELOPMENT,randomized_qmc,4096,67,False,True,True,-0.8105749074493765,False,True,True,False,True,True,True,True,True,True
DEVELOPMENT,randomized_qmc,4096,68,False,True,True,-0.8105749074493765,False,True,True,False,True,True,True,True,True,True
DEVELOPMENT,randomized_qmc,4096,69,False,True,True,-0.8105749074493765,False,True,True,False,True,True,True,True,True,True
DEVELOPMENT,randomized_qmc,4096,70,False,True,True,-0.8105749074493765,False,True,True,False,True,True,True,True,True,True
DEVELOPMENT,randomized_qmc,4096,71,False,True,True,-0.8105749074493765,False,True,True,False,True,True,True,True,True,True
DEVELOPMENT,randomized_qmc,4096,72,False,True,True,-0.8105749074493765,False,True,True,False,True,True,True,True,True,True
DEVELOPMENT,randomized_qmc,4096,73,False,True,True,-0.8105749074493765,False,True,True,False,True,True,True,True,True,True
DEVELOPMENT,randomized_qmc,4096,74,False,True,True,-0.8105749074493765,False,True,True,False,True,True,True,True,True,True
DEVELOPMENT,randomized_qmc,4096,75,False,True,True,-0.8105749074493765,False,True,True,False,True,True,True,True,True,True
DEVELOPMENT,randomized_qmc,4096,76,False,True,True,-0.8105749074493765,False,True,True,False,True,True,True,True,True,True
DEVELOPMENT,randomized_qmc,4096,77,False,True,True,-0.8105749074493765,False,True,True,False,True,True,True,True,True,True
DEVELOPMENT,randomized_qmc,4096,78,False,True,True,-0.8105749074493765,False,True,True,False,True,True,True,True,True,True
DEVELOPMENT,randomized_qmc,4096,79,False,True,True,-0.8105749074493765,False,True,True,False,True,True,True,True,True,True
DEVELOPMENT,randomized_qmc,4096,80,False,True,True,-0.8105749074493765,False,True,True,False,True,True,True,True,True,True
DEVELOPMENT,randomized_qmc,4096,81,False,True,True,-0.8105749074493765,False,True,True,False,True,True,True,True,True,True
DEVELOPMENT,randomized_qmc,4096,82,False,True,True,-0.8105749074493765,False,True,True,False,True,True,True,True,True,True
DEVELOPMENT,randomized_qmc,4096,83,False,True,True,-0.8105749074493765,False,True,True,False,True,True,True,True,True,True
DEVELOPMENT,randomized_qmc,4096,84,False,True,True,-0.8105749074493765,False,True,True,False,True,True,True,True,True,True
DEVELOPMENT,randomized_qmc,4096,85,False,True,True,-0.8105749074493765,False,True,True,False,True,True,True,True,True,True
DEVELOPMENT,randomized_qmc,4096,86,False,True,True,-0.8105749074493765,False,True,True,False,True,True,True,True,True,True
DEVELOPMENT,randomized_qmc,4096,87,False,True,True,-0.8105749074493765,False,True,True,False,True,True,True,True,True,True
DEVELOPMENT,randomized_qmc,4096,88,False,True,True,-0.8105749074493765,False,True,True,False,True,True,True,True,True,True
DEVELOPMENT,randomized_qmc,4096,89,False,True,True,-0.8105749074493765,False,True,True,False,True,True,True,True,True,True
DEVELOPMENT,randomized_qmc,4096,90,False,True,True,-0.8105749074493765,False,True,True,False,True,True,True,True,True,True
DEVELOPMENT,randomized_qmc,4096,91,False,True,True,-0.8105749074493765,False,True,True,False,True,True,True,True,True,True
DEVELOPMENT,randomized_qmc,4096,92,False,True,True,-0.8105749074493765,False,True,True,False,True,True,True,True,True,True
DEVELOPMENT,randomized_qmc,4096,93,False,True,True,-0.8105749074493765,False,True,True,False,True,True,True,True,True,True
DEVELOPMENT,randomized_qmc,4096,94,False,True,True,-0.8105749074493765,False,True,True,False,True,True,True,True,True,True
DEVELOPMENT,randomized_qmc,4096,95,False,True,True,-0.8105749074493765,False,True,True,False,True,True,True,True,True,True
DEVELOPMENT,randomized_qmc,4096,96,False,True,True,-0.8105749074493765,False,True,True,False,True,True,True,True,True,True
DEVELOPMENT,randomized_qmc,4096,97,False,True,True,-0.8105749074493765,False,True,True,False,True,True,True,True,True,True
DEVELOPMENT,randomized_qmc,4096,98,False,True,True,-0.8105749074493765,False,True,True,False,True,True,True,True,True,True
DEVELOPMENT,randomized_qmc,4096,99,False,True,True,-0.8105749074493765,False,True,True,False,True,True,True,True,True,True
DEVELOPMENT,randomized_qmc,4096,100,False,True,True,-0.8105749074493765,False,True,True,False,True,True,True,True,True,True
DEVELOPMENT,randomized_qmc,4096,101,False,True,True,-0.8105749074493765,False,True,True,False,True,True,True,True,True,True
DEVELOPMENT,randomized_qmc,4096,102,False,True,True,-0.8105749074493765,False,True,True,False,True,True,True,True,True,True
DEVELOPMENT,randomized_qmc,4096,103,False,True,True,-0.8105749074493765,False,True,True,False,True,True,True,True,True,True
DEVELOPMENT,randomized_qmc,4096,104,False,True,True,-0.8105749074493765,False,True,True,False,True,True,True,True,True,True
DEVELOPMENT,randomized_qmc,4096,105,False,True,True,-0.8105749074493765,False,True,True,False,True,True,True,True,True,True
DEVELOPMENT,randomized_qmc,4096,106,False,True,True,-0.8105749074493765,False,True,True,False,True,True,True,True,True,True
DEVELOPMENT,randomized_qmc,4096,107,False,True,True,-0.8105749074493765,False,True,True,False,True,True,True,True,True,True
DEVELOPMENT,randomized_qmc,4096,108,False,True,True,-0.8105749074493765,False,True,True,False,True,True,True,True,True,True
DEVELOPMENT,randomized_qmc,4096,109,False,True,True,-0.8105749074493765,False,True,True,False,True,True,True,True,True,True
DEVELOPMENT,randomized_qmc,4096,110,False,True,True,-0.8105749074493765,False,True,True,False,True,True,True,True,True,True
DEVELOPMENT,randomized_qmc,4096,111,False,True,True,-0.8105749074493765,False,True,True,False,True,True,True,True,True,True
DEVELOPMENT,randomized_qmc,4096,112,False,True,True,-0.8105749074493765,False,True,True,False,True,True,True,True,True,True
DEVELOPMENT,randomized_qmc,4096,113,False,True,True,-0.8105749074493765,False,True,True,False,True,True,True,True,True,True
DEVELOPMENT,randomized_qmc,4096,114,False,True,True,-0.8105749074493765,False,True,True,False,True,True,True,True,True,True
DEVELOPMENT,randomized_qmc,4096,115,False,True,True,-0.8105749074493765,False,True,True,False,True,True,True,True,True,True
DEVELOPMENT,randomized_qmc,4096,116,False,True,True,-0.8105749074493765,False,True,True,False,True,True,True,True,True,True
DEVELOPMENT,randomized_qmc,4096,117,False,True,True,-0.8105749074493765,False,True,True,False,True,True,True,True,True,True
DEVELOPMENT,randomized_qmc,4096,118,False,True,True,-0.8105749074493765,False,True,True,False,True,True,True,True,True,True
DEVELOPMENT,randomized_qmc,4096,119,False,True,True,-0.8105749074493765,False,True,True,False,True,True,True,True,True,True
DEVELOPMENT,randomized_qmc,4096,120,False,True,True,-0.8105749074493765,False,True,True,False,True,True,True,True,True,True
DEVELOPMENT,randomized_qmc,4096,121,False,True,True,-0.8105749074493765,False,True,True,False,True,True,True,True,True,True
DEVELOPMENT,randomized_qmc,4096,122,False,True,True,-0.8105749074493765,False,True,True,False,True,True,True,True,True,True
DEVELOPMENT,randomized_qmc,4096,123,False,True,True,-0.8105749074493765,False,True,True,False,True,True,True,True,True,True
DEVELOPMENT,randomized_qmc,4096,124,False,True,True,-0.8105749074493765,False,True,True,False,True,True,True,True,True,True
DEVELOPMENT,randomized_qmc,4096,125,False,True,True,-0.8105749074493765,False,True,True,False,True,True,True,True,True,True
DEVELOPMENT,randomized_qmc,4096,126,False,True,True,-0.8105749074493765,False,True,True,False,True,True,True,True,True,True
DEVELOPMENT,randomized_qmc,4096,127,False,True,True,-0.8105749074493765,False,True,True,False,True,True,True,True,True,True
