block,family_index,unit_id,case_id,occupancy_id,sampling,trajectories,phase_seed
DEVELOPMENT,0,8d9f57771b025ad2b6da9e578278aa6a,limit_hopping_zero_chain6,chain6_hole_2,iid,1024,132816119
DEVELOPMENT,0,db87e6c265d45773bb6297db5af0c11f,limit_hopping_zero_chain6,chain6_hole_4,iid,1024,2597322992
DEVELOPMENT,0,fb5214d8d1bf5caa839f81a965024f62,limit_spin_density_zero_rect2x3,rect2x3_hole_2,iid,1024,1396147516
DEVELOPMENT,0,89bd5e9b58115b60bdad35f43f6437be,limit_spin_density_zero_rect2x3,rect2x3_hole_3,iid,1024,1909222343
DEVELOPMENT,1,8d9f57771b025ad2b6da9e578278aa6a,limit_hopping_zero_chain6,chain6_hole_2,iid,1024,1536922981
DEVELOPMENT,1,db87e6c265d45773bb6297db5af0c11f,limit_hopping_zero_chain6,chain6_hole_4,iid,1024,3652567232
DEVELOPMENT,1,fb5214d8d1bf5caa839f81a965024f62,limit_spin_density_zero_rect2x3,rect2x3_hole_2,iid,1024,2892102612
DEVELOPMENT,1,89bd5e9b58115b60bdad35f43f6437be,limit_spin_density_zero_rect2x3,rect2x3_hole_3,iid,1024,2892766671
DEVELOPMENT,2,8d9f57771b025ad2b6da9e578278aa6a,limit_hopping_zero_chain6,chain6_hole_2,iid,1024,1599263139
DEVELOPMENT,2,db87e6c265d45773bb6297db5af0c11f,limit_hopping_zero_chain6,chain6_hole_4,iid,1024,2981462805
DEVELOPMENT,2,fb5214d8d1bf5caa839f81a965024f62,limit_spin_density_zero_rect2x3,rect2x3_hole_2,iid,1024,124239130
DEVELOPMENT,2,89bd5e9b58115b60bdad35f43f6437be,limit_spin_density_zero_rect2x3,rect2x3_hole_3,iid,1024,1973440786
DEVELOPMENT,3,8d9f57771b025ad2b6da9e578278aa6a,limit_hopping_zero_chain6,chain6_hole_2,iid,1024,462889664
DEVELOPMENT,3,db87e6c265d45773bb6297db5af0c11f,limit_hopping_zero_chain6,chain6_hole_4,iid,1024,2992590618
DEVELOPMENT,3,fb5214d8d1bf5caa839f81a965024f62,limit_spin_density_zero_rect2x3,rect2x3_hole_2,iid,1024,1244671499
DEVELOPMENT,3,89bd5e9b58115b60bdad35f43f6437be,limit_spin_density_zero_rect2x3,rect2x3_hole_3,iid,1024,2802190597
DEVELOPMENT,4,8d9f57771b025ad2b6da9e578278aa6a,limit_hopping_zero_chain6,chain6_hole_2,iid,1024,664778243
DEVELOPMENT,4,db87e6c265d45773bb6297db5af0c11f,limit_hopping_zero_chain6,chain6_hole_4,iid,1024,2842245543
DEVELOPMENT,4,fb5214d8d1bf5caa839f81a965024f62,limit_spin_density_zero_rect2x3,rect2x3_hole_2,iid,1024,2706319818
DEVELOPMENT,4,89bd5e9b58115b60bdad35f43f6437be,limit_spin_density_zero_rect2x3,rect2x3_hole_3,iid,1024,1543077446
DEVELOPMENT,5,8d9f57771b025ad2b6da9e578278aa6a,limit_hopping_zero_chain6,chain6_hole_2,iid,1024,3452004417
DEVELOPMENT,5,db87e6c265d45773bb6297db5af0c11f,limit_hopping_zero_chain6,chain6_hole_4,iid,1024,1827878696
DEVELOPMENT,5,fb5214d8d1bf5caa839f81a965024f62,limit_spin_density_zero_rect2x3,rect2x3_hole_2,iid,1024,1858904892
DEVELOPMENT,5,89bd5e9b58115b60bdad35f43f6437be,limit_spin_density_zero_rect2x3,rect2x3_hole_3,iid,1024,2663811190
DEVELOPMENT,6,8d9f57771b025ad2b6da9e578278aa6a,limit_hopping_zero_chain6,chain6_hole_2,iid,1024,1522309378
DEVELOPMENT,6,db87e6c265d45773bb6297db5af0c11f,limit_hopping_zero_chain6,chain6_hole_4,iid,1024,2190922207
DEVELOPMENT,6,fb5214d8d1bf5caa839f81a965024f62,limit_spin_density_zero_rect2x3,rect2x3_hole_2,iid,1024,3122594137
DEVELOPMENT,6,89bd5e9b58115b60bdad35f43f6437be,limit_spin_density_zero_rect2x3,rect2x3_hole_3,iid,1024,1822220944
DEVELOPMENT,7,8d9f57771b025ad2b6da9e578278aa6a,limit_hopping_zero_chain6,chain6_hole_2,iid,1024,119148710
DEVELOPMENT,7,db87e6c265d45773bb6297db5af0c11f,limit_hopping_zero_chain6,chain6_hole_4,iid,1024,479325671
DEVELOPMENT,7,fb5214d8d1bf5caa839f81a965024f62,limit_spin_density_zero_rect2x3,rect2x3_hole_2,iid,1024,280224188
DEVELOPMENT,7,89bd5e9b58115b60bdad35f43f6437be,limit_spin_density_zero_rect2x3,rect2x3_hole_3,iid,1024,2311522182
DEVELOPMENT,8,8d9f57771b025ad2b6da9e578278aa6a,limit_hopping_zero_chain6,chain6_hole_2,iid,1024,2160278104
DEVELOPMENT,8,db87e6c265d45773bb6297db5af0c11f,limit_hopping_zero_chain6,chain6_hole_4,iid,1024,3097810125
DEVELOPMENT,8,fb5214d8d1bf5caa839f81a965024f62,limit_spin_density_zero_rect2x3,rect2x3_hole_2,iid,1024,835778090
DEVELOPMENT,8,89bd5e9b58115b60bdad35f43f6437be,limit_spin_density_zero_rect2x3,rect2x3_hole_3,iid,1024,1560438365
DEVELOPMENT,9,8d9f57771b025ad2b6da9e578278aa6a,limit_hopping_zero_chain6,chain6_hole_2,iid,1024,2723721134
DEVELOPMENT,9,db87e6c265d45773bb6297db5af0c11f,limit_hopping_zero_chain6,chain6_hole_4,iid,1024,800850657
DEVELOPMENT,9,fb5214d8d1bf5caa839f81a965024f62,limit_spin_density_zero_rect2x3,rect2x3_hole_2,iid,1024,2804252490
DEVELOPMENT,9,89bd5e9b58115b60bdad35f43f6437be,limit_spin_density_zero_rect2x3,rect2x3_hole_3,iid,1024,3461574198
DEVELOPMENT,10,8d9f57771b025ad2b6da9e578278aa6a,limit_hopping_zero_chain6,chain6_hole_2,iid,1024,1029489552
DEVELOPMENT,10,db87e6c265d45773bb6297db5af0c11f,limit_hopping_zero_chain6,chain6_hole_4,iid,1024,1627447446
DEVELOPMENT,10,fb5214d8d1bf5caa839f81a965024f62,limit_spin_density_zero_rect2x3,rect2x3_hole_2,iid,1024,2902190916
DEVELOPMENT,10,89bd5e9b58115b60bdad35f43f6437be,limit_spin_density_zero_rect2x3,rect2x3_hole_3,iid,1024,1813143810
DEVELOPMENT,11,8d9f57771b025ad2b6da9e578278aa6a,limit_hopping_zero_chain6,chain6_hole_2,iid,1024,970099799
DEVELOPMENT,11,db87e6c265d45773bb6297db5af0c11f,limit_hopping_zero_chain6,chain6_hole_4,iid,1024,2714186461
DEVELOPMENT,11,fb5214d8d1bf5caa839f81a965024f62,limit_spin_density_zero_rect2x3,rect2x3_hole_2,iid,1024,3256816759
DEVELOPMENT,11,89bd5e9b58115b60bdad35f43f6437be,limit_spin_density_zero_rect2x3,rect2x3_hole_3,iid,1024,1762551533
DEVELOPMENT,12,8d9f57771b025ad2b6da9e578278aa6a,limit_hopping_zero_chain6,chain6_hole_2,iid,1024,2429812644
DEVELOPMENT,12,db87e6c265d45773bb6297db5af0c11f,limit_hopping_zero_chain6,chain6_hole_4,iid,1024,2760976717
DEVELOPMENT,12,fb5214d8d1bf5caa839f81a965024f62,limit_spin_density_zero_rect2x3,rect2x3_hole_2,iid,1024,2197176683
DEVELOPMENT,12,89bd5e9b58115b60bdad35f43f6437be,limit_spin_density_zero_rect2x3,rect2x3_hole_3,iid,1024,2180514422
DEVELOPMENT,13,8d9f57771b025ad2b6da9e578278aa6a,limit_hopping_zero_chain6,chain6_hole_2,iid,1024,2110598030
DEVELOPMENT,13,db87e6c265d45773bb6297db5af0c11f,limit_hopping_zero_chain6,chain6_hole_4,iid,1024,2429761524
DEVELOPMENT,13,fb5214d8d1bf5caa839f81a965024f62,limit_spin_density_zero_rect2x3,rect2x3_hole_2,iid,1024,3953274843
DEVELOPMENT,13,89bd5e9b58115b60bdad35f43f6437be,limit_spin_density_zero_rect2x3,rect2x3_hole_3,iid,1024,2698841219
DEVELOPMENT,14,8d9f57771b025ad2b6da9e578278aa6a,limit_hopping_zero_chain6,chain6_hole_2,iid,1024,4206273044
DEVELOPMENT,14,db87e6c265d45773bb6297db5af0c11f,limit_hopping_zero_chain6,chain6_hole_4,iid,1024,3348236315
DEVELOPMENT,14,fb5214d8d1bf5caa839f81a965024f62,limit_spin_density_zero_rect2x3,rect2x3_hole_2,iid,1024,757300353
DEVELOPMENT,14,89bd5e9b58115b60bdad35f43f6437be,limit_spin_density_zero_rect2x3,rect2x3_hole_3,iid,1024,2856883059
DEVELOPMENT,15,8d9f57771b025ad2b6da9e578278aa6a,limit_hopping_zero_chain6,chain6_hole_2,iid,1024,2476112580
DEVELOPMENT,15,db87e6c265d45773bb6297db5af0c11f,limit_hopping_zero_chain6,chain6_hole_4,iid,1024,2103454148
DEVELOPMENT,15,fb5214d8d1bf5caa839f81a965024f62,limit_spin_density_zero_rect2x3,rect2x3_hole_2,iid,1024,3383099949
DEVELOPMENT,15,89bd5e9b58115b60bdad35f43f6437be,limit_spin_density_zero_rect2x3,rect2x3_hole_3,iid,1024,1798035945
DEVELOPMENT,16,8d9f57771b025ad2b6da9e578278aa6a,limit_hopping_zero_chain6,chain6_hole_2,iid,1024,2186259937
DEVELOPMENT,16,db87e6c265d45773bb6297db5af0c11f,limit_hopping_zero_chain6,chain6_hole_4,iid,1024,4163448236
DEVELOPMENT,16,fb5214d8d1bf5caa839f81a965024f62,limit_spin_density_zero_rect2x3,rect2x3_hole_2,iid,1024,3145639162
DEVELOPMENT,16,89bd5e9b58115b60bdad35f43f6437be,limit_spin_density_zero_rect2x3,rect2x3_hole_3,iid,1024,3779657642
DEVELOPMENT,17,8d9f57771b025ad2b6da9e578278aa6a,limit_hopping_zero_chain6,chain6_hole_2,iid,1024,745453728
DEVELOPMENT,17,db87e6c265d45773bb6297db5af0c11f,limit_hopping_zero_chain6,chain6_hole_4,iid,1024,3746790455
DEVELOPMENT,17,fb5214d8d1bf5caa839f81a965024f62,limit_spin_density_zero_rect2x3,rect2x3_hole_2,iid,1024,1961109646
DEVELOPMENT,17,89bd5e9b58115b60bdad35f43f6437be,limit_spin_density_zero_rect2x3,rect2x3_hole_3,iid,1024,1050165937
DEVELOPMENT,18,8d9f57771b025ad2b6da9e578278aa6a,limit_hopping_zero_chain6,chain6_hole_2,iid,1024,2456650183
DEVELOPMENT,18,db87e6c265d45773bb6297db5af0c11f,limit_hopping_zero_chain6,chain6_hole_4,iid,1024,250517543
DEVELOPMENT,18,fb5214d8d1bf5caa839f81a965024f62,limit_spin_density_zero_rect2x3,rect2x3_hole_2,iid,1024,3449756057
DEVELOPMENT,18,89bd5e9b58115b60bdad35f43f6437be,limit_spin_density_zero_rect2x3,rect2x3_hole_3,iid,1024,1147112533
DEVELOPMENT,19,8d9f57771b025ad2b6da9e578278aa6a,limit_hopping_zero_chain6,chain6_hole_2,iid,1024,4211155456
DEVELOPMENT,19,db87e6c265d45773bb6297db5af0c11f,limit_hopping_zero_chain6,chain6_hole_4,iid,1024,3541442854
DEVELOPMENT,19,fb5214d8d1bf5caa839f81a965024f62,limit_spin_density_zero_rect2x3,rect2x3_hole_2,iid,1024,4204541749
DEVELOPMENT,19,89bd5e9b58115b60bdad35f43f6437be,limit_spin_density_zero_rect2x3,rect2x3_hole_3,iid,1024,2359199007
DEVELOPMENT,20,8d9f57771b025ad2b6da9e578278aa6a,limit_hopping_zero_chain6,chain6_hole_2,iid,1024,976618937
DEVELOPMENT,20,db87e6c265d45773bb6297db5af0c11f,limit_hopping_zero_chain6,chain6_hole_4,iid,1024,1024436417
DEVELOPMENT,20,fb5214d8d1bf5caa839f81a965024f62,limit_spin_density_zero_rect2x3,rect2x3_hole_2,iid,1024,3028903582
DEVELOPMENT,20,89bd5e9b58115b60bdad35f43f6437be,limit_spin_density_zero_rect2x3,rect2x3_hole_3,iid,1024,3626926200
DEVELOPMENT,21,8d9f57771b025ad2b6da9e578278aa6a,limit_hopping_zero_chain6,chain6_hole_2,iid,1024,2703550757
DEVELOPMENT,21,db87e6c265d45773bb6297db5af0c11f,limit_hopping_zero_chain6,chain6_hole_4,iid,1024,2427838770
DEVELOPMENT,21,fb5214d8d1bf5caa839f81a965024f62,limit_spin_density_zero_rect2x3,rect2x3_hole_2,iid,1024,2229010231
DEVELOPMENT,21,89bd5e9b58115b60bdad35f43f6437be,limit_spin_density_zero_rect2x3,rect2x3_hole_3,iid,1024,413495527
DEVELOPMENT,22,8d9f57771b025ad2b6da9e578278aa6a,limit_hopping_zero_chain6,chain6_hole_2,iid,1024,3134970808
DEVELOPMENT,22,db87e6c265d45773bb6297db5af0c11f,limit_hopping_zero_chain6,chain6_hole_4,iid,1024,3209016241
DEVELOPMENT,22,fb5214d8d1bf5caa839f81a965024f62,limit_spin_density_zero_rect2x3,rect2x3_hole_2,iid,1024,2898051415
DEVELOPMENT,22,89bd5e9b58115b60bdad35f43f6437be,limit_spin_density_zero_rect2x3,rect2x3_hole_3,iid,1024,2145106455
DEVELOPMENT,23,8d9f57771b025ad2b6da9e578278aa6a,limit_hopping_zero_chain6,chain6_hole_2,iid,1024,3649215295
DEVELOPMENT,23,db87e6c265d45773bb6297db5af0c11f,limit_hopping_zero_chain6,chain6_hole_4,iid,1024,4015219383
DEVELOPMENT,23,fb5214d8d1bf5caa839f81a965024f62,limit_spin_density_zero_rect2x3,rect2x3_hole_2,iid,1024,1975641987
DEVELOPMENT,23,89bd5e9b58115b60bdad35f43f6437be,limit_spin_density_zero_rect2x3,rect2x3_hole_3,iid,1024,1205068862
DEVELOPMENT,24,8d9f57771b025ad2b6da9e578278aa6a,limit_hopping_zero_chain6,chain6_hole_2,iid,1024,3859589812
DEVELOPMENT,24,db87e6c265d45773bb6297db5af0c11f,limit_hopping_zero_chain6,chain6_hole_4,iid,1024,1610145820
DEVELOPMENT,24,fb5214d8d1bf5caa839f81a965024f62,limit_spin_density_zero_rect2x3,rect2x3_hole_2,iid,1024,2405595525
DEVELOPMENT,24,89bd5e9b58115b60bdad35f43f6437be,limit_spin_density_zero_rect2x3,rect2x3_hole_3,iid,1024,3497822726
DEVELOPMENT,25,8d9f57771b025ad2b6da9e578278aa6a,limit_hopping_zero_chain6,chain6_hole_2,iid,1024,1026033542
DEVELOPMENT,25,db87e6c265d45773bb6297db5af0c11f,limit_hopping_zero_chain6,chain6_hole_4,iid,1024,2946514481
DEVELOPMENT,25,fb5214d8d1bf5caa839f81a965024f62,limit_spin_density_zero_rect2x3,rect2x3_hole_2,iid,1024,2610389993
DEVELOPMENT,25,89bd5e9b58115b60bdad35f43f6437be,limit_spin_density_zero_rect2x3,rect2x3_hole_3,iid,1024,1526568566
DEVELOPMENT,26,8d9f57771b025ad2b6da9e578278aa6a,limit_hopping_zero_chain6,chain6_hole_2,iid,1024,742132267
DEVELOPMENT,26,db87e6c265d45773bb6297db5af0c11f,limit_hopping_zero_chain6,chain6_hole_4,iid,1024,2103645570
DEVELOPMENT,26,fb5214d8d1bf5caa839f81a965024f62,limit_spin_density_zero_rect2x3,rect2x3_hole_2,iid,1024,2291517854
DEVELOPMENT,26,89bd5e9b58115b60bdad35f43f6437be,limit_spin_density_zero_rect2x3,rect2x3_hole_3,iid,1024,3046167385
DEVELOPMENT,27,8d9f57771b025ad2b6da9e578278aa6a,limit_hopping_zero_chain6,chain6_hole_2,iid,1024,3940038708
DEVELOPMENT,27,db87e6c265d45773bb6297db5af0c11f,limit_hopping_zero_chain6,chain6_hole_4,iid,1024,2594652732
DEVELOPMENT,27,fb5214d8d1bf5caa839f81a965024f62,limit_spin_density_zero_rect2x3,rect2x3_hole_2,iid,1024,2496427431
DEVELOPMENT,27,89bd5e9b58115b60bdad35f43f6437be,limit_spin_density_zero_rect2x3,rect2x3_hole_3,iid,1024,1084720814
DEVELOPMENT,28,8d9f57771b025ad2b6da9e578278aa6a,limit_hopping_zero_chain6,chain6_hole_2,iid,1024,3440302750
DEVELOPMENT,28,db87e6c265d45773bb6297db5af0c11f,limit_hopping_zero_chain6,chain6_hole_4,iid,1024,519762774
DEVELOPMENT,28,fb5214d8d1bf5caa839f81a965024f62,limit_spin_density_zero_rect2x3,rect2x3_hole_2,iid,1024,308316957
DEVELOPMENT,28,89bd5e9b58115b60bdad35f43f6437be,limit_spin_density_zero_rect2x3,rect2x3_hole_3,iid,1024,308877755
DEVELOPMENT,29,8d9f57771b025ad2b6da9e578278aa6a,limit_hopping_zero_chain6,chain6_hole_2,iid,1024,772306535
DEVELOPMENT,29,db87e6c265d45773bb6297db5af0c11f,limit_hopping_zero_chain6,chain6_hole_4,iid,1024,1322140654
DEVELOPMENT,29,fb5214d8d1bf5caa839f81a965024f62,limit_spin_density_zero_rect2x3,rect2x3_hole_2,iid,1024,3249483148
DEVELOPMENT,29,89bd5e9b58115b60bdad35f43f6437be,limit_spin_density_zero_rect2x3,rect2x3_hole_3,iid,1024,3408989552
DEVELOPMENT,30,8d9f57771b025ad2b6da9e578278aa6a,limit_hopping_zero_chain6,chain6_hole_2,iid,1024,4109096915
DEVELOPMENT,30,db87e6c265d45773bb6297db5af0c11f,limit_hopping_zero_chain6,chain6_hole_4,iid,1024,3552208153
DEVELOPMENT,30,fb5214d8d1bf5caa839f81a965024f62,limit_spin_density_zero_rect2x3,rect2x3_hole_2,iid,1024,2437851870
DEVELOPMENT,30,89bd5e9b58115b60bdad35f43f6437be,limit_spin_density_zero_rect2x3,rect2x3_hole_3,iid,1024,1700496762
DEVELOPMENT,31,8d9f57771b025ad2b6da9e578278aa6a,limit_hopping_zero_chain6,chain6_hole_2,iid,1024,4263247643
DEVELOPMENT,31,db87e6c265d45773bb6297db5af0c11f,limit_hopping_zero_chain6,chain6_hole_4,iid,1024,957794754
DEVELOPMENT,31,fb5214d8d1bf5caa839f81a965024f62,limit_spin_density_zero_rect2x3,rect2x3_hole_2,iid,1024,32863941
DEVELOPMENT,31,89bd5e9b58115b60bdad35f43f6437be,limit_spin_density_zero_rect2x3,rect2x3_hole_3,iid,1024,2350500255
DEVELOPMENT,32,8d9f57771b025ad2b6da9e578278aa6a,limit_hopping_zero_chain6,chain6_hole_2,iid,1024,3899892442
DEVELOPMENT,32,db87e6c265d45773bb6297db5af0c11f,limit_hopping_zero_chain6,chain6_hole_4,iid,1024,1007181793
DEVELOPMENT,32,fb5214d8d1bf5caa839f81a965024f62,limit_spin_density_zero_rect2x3,rect2x3_hole_2,iid,1024,2705941033
DEVELOPMENT,32,89bd5e9b58115b60bdad35f43f6437be,limit_spin_density_zero_rect2x3,rect2x3_hole_3,iid,1024,4011747131
DEVELOPMENT,33,8d9f57771b025ad2b6da9e578278aa6a,limit_hopping_zero_chain6,chain6_hole_2,iid,1024,845491822
DEVELOPMENT,33,db87e6c265d45773bb6297db5af0c11f,limit_hopping_zero_chain6,chain6_hole_4,iid,1024,3007862402
DEVELOPMENT,33,fb5214d8d1bf5caa839f81a965024f62,limit_spin_density_zero_rect2x3,rect2x3_hole_2,iid,1024,319767451
DEVELOPMENT,33,89bd5e9b58115b60bdad35f43f6437be,limit_spin_density_zero_rect2x3,rect2x3_hole_3,iid,1024,366119612
DEVELOPMENT,34,8d9f57771b025ad2b6da9e578278aa6a,limit_hopping_zero_chain6,chain6_hole_2,iid,1024,1076764095
DEVELOPMENT,34,db87e6c265d45773bb6297db5af0c11f,limit_hopping_zero_chain6,chain6_hole_4,iid,1024,3405328889
DEVELOPMENT,34,fb5214d8d1bf5caa839f81a965024f62,limit_spin_density_zero_rect2x3,rect2x3_hole_2,iid,1024,3552580165
DEVELOPMENT,34,89bd5e9b58115b60bdad35f43f6437be,limit_spin_density_zero_rect2x3,rect2x3_hole_3,iid,1024,1409008110
DEVELOPMENT,35,8d9f57771b025ad2b6da9e578278aa6a,limit_hopping_zero_chain6,chain6_hole_2,iid,1024,3073583927
DEVELOPMENT,35,db87e6c265d45773bb6297db5af0c11f,limit_hopping_zero_chain6,chain6_hole_4,iid,1024,3829413538
DEVELOPMENT,35,fb5214d8d1bf5caa839f81a965024f62,limit_spin_density_zero_rect2x3,rect2x3_hole_2,iid,1024,1889505430
DEVELOPMENT,35,89bd5e9b58115b60bdad35f43f6437be,limit_spin_density_zero_rect2x3,rect2x3_hole_3,iid,1024,3411386721
DEVELOPMENT,36,8d9f57771b025ad2b6da9e578278aa6a,limit_hopping_zero_chain6,chain6_hole_2,iid,1024,2155592378
DEVELOPMENT,36,db87e6c265d45773bb6297db5af0c11f,limit_hopping_zero_chain6,chain6_hole_4,iid,1024,136487456
DEVELOPMENT,36,fb5214d8d1bf5caa839f81a965024f62,limit_spin_density_zero_rect2x3,rect2x3_hole_2,iid,1024,318983910
DEVELOPMENT,36,89bd5e9b58115b60bdad35f43f6437be,limit_spin_density_zero_rect2x3,rect2x3_hole_3,iid,1024,1191689494
DEVELOPMENT,37,8d9f57771b025ad2b6da9e578278aa6a,limit_hopping_zero_chain6,chain6_hole_2,iid,1024,3536086124
DEVELOPMENT,37,db87e6c265d45773bb6297db5af0c11f,limit_hopping_zero_chain6,chain6_hole_4,iid,1024,2643989536
DEVELOPMENT,37,fb5214d8d1bf5caa839f81a965024f62,limit_spin_density_zero_rect2x3,rect2x3_hole_2,iid,1024,3383911321
DEVELOPMENT,37,89bd5e9b58115b60bdad35f43f6437be,limit_spin_density_zero_rect2x3,rect2x3_hole_3,iid,1024,1518406973
DEVELOPMENT,38,8d9f57771b025ad2b6da9e578278aa6a,limit_hopping_zero_chain6,chain6_hole_2,iid,1024,249211295
DEVELOPMENT,38,db87e6c265d45773bb6297db5af0c11f,limit_hopping_zero_chain6,chain6_hole_4,iid,1024,220521239
DEVELOPMENT,38,fb5214d8d1bf5caa839f81a965024f62,limit_spin_density_zero_rect2x3,rect2x3_hole_2,iid,1024,2749390674
DEVELOPMENT,38,89bd5e9b58115b60bdad35f43f6437be,limit_spin_density_zero_rect2x3,rect2x3_hole_3,iid,1024,2130512247
DEVELOPMENT,39,8d9f57771b025ad2b6da9e578278aa6a,limit_hopping_zero_chain6,chain6_hole_2,iid,1024,1324042092
DEVELOPMENT,39,db87e6c265d45773bb6297db5af0c11f,limit_hopping_zero_chain6,chain6_hole_4,iid,1024,4152684394
DEVELOPMENT,39,fb5214d8d1bf5caa839f81a965024f62,limit_spin_density_zero_rect2x3,rect2x3_hole_2,iid,1024,1938305740
DEVELOPMENT,39,89bd5e9b58115b60bdad35f43f6437be,limit_spin_density_zero_rect2x3,rect2x3_hole_3,iid,1024,652885281
DEVELOPMENT,40,8d9f57771b025ad2b6da9e578278aa6a,limit_hopping_zero_chain6,chain6_hole_2,iid,1024,299038360
DEVELOPMENT,40,db87e6c265d45773bb6297db5af0c11f,limit_hopping_zero_chain6,chain6_hole_4,iid,1024,3746853052
DEVELOPMENT,40,fb5214d8d1bf5caa839f81a965024f62,limit_spin_density_zero_rect2x3,rect2x3_hole_2,iid,1024,592589980
DEVELOPMENT,40,89bd5e9b58115b60bdad35f43f6437be,limit_spin_density_zero_rect2x3,rect2x3_hole_3,iid,1024,3200383401
DEVELOPMENT,41,8d9f57771b025ad2b6da9e578278aa6a,limit_hopping_zero_chain6,chain6_hole_2,iid,1024,233369211
DEVELOPMENT,41,db87e6c265d45773bb6297db5af0c11f,limit_hopping_zero_chain6,chain6_hole_4,iid,1024,637072238
DEVELOPMENT,41,fb5214d8d1bf5caa839f81a965024f62,limit_spin_density_zero_rect2x3,rect2x3_hole_2,iid,1024,3084393538
DEVELOPMENT,41,89bd5e9b58115b60bdad35f43f6437be,limit_spin_density_zero_rect2x3,rect2x3_hole_3,iid,1024,3150759276
DEVELOPMENT,42,8d9f57771b025ad2b6da9e578278aa6a,limit_hopping_zero_chain6,chain6_hole_2,iid,1024,1108161993
DEVELOPMENT,42,db87e6c265d45773bb6297db5af0c11f,limit_hopping_zero_chain6,chain6_hole_4,iid,1024,3304938173
DEVELOPMENT,42,fb5214d8d1bf5caa839f81a965024f62,limit_spin_density_zero_rect2x3,rect2x3_hole_2,iid,1024,2824928413
DEVELOPMENT,42,89bd5e9b58115b60bdad35f43f6437be,limit_spin_density_zero_rect2x3,rect2x3_hole_3,iid,1024,106665866
DEVELOPMENT,43,8d9f57771b025ad2b6da9e578278aa6a,limit_hopping_zero_chain6,chain6_hole_2,iid,1024,36466758
DEVELOPMENT,43,db87e6c265d45773bb6297db5af0c11f,limit_hopping_zero_chain6,chain6_hole_4,iid,1024,2861867034
DEVELOPMENT,43,fb5214d8d1bf5caa839f81a965024f62,limit_spin_density_zero_rect2x3,rect2x3_hole_2,iid,1024,4136707471
DEVELOPMENT,43,89bd5e9b58115b60bdad35f43f6437be,limit_spin_density_zero_rect2x3,rect2x3_hole_3,iid,1024,1007606401
DEVELOPMENT,44,8d9f57771b025ad2b6da9e578278aa6a,limit_hopping_zero_chain6,chain6_hole_2,iid,1024,1978154634
DEVELOPMENT,44,db87e6c265d45773bb6297db5af0c11f,limit_hopping_zero_chain6,chain6_hole_4,iid,1024,3777449469
DEVELOPMENT,44,fb5214d8d1bf5caa839f81a965024f62,limit_spin_density_zero_rect2x3,rect2x3_hole_2,iid,1024,3038931646
DEVELOPMENT,44,89bd5e9b58115b60bdad35f43f6437be,limit_spin_density_zero_rect2x3,rect2x3_hole_3,iid,1024,2428793728
DEVELOPMENT,45,8d9f57771b025ad2b6da9e578278aa6a,limit_hopping_zero_chain6,chain6_hole_2,iid,1024,1684300674
DEVELOPMENT,45,db87e6c265d45773bb6297db5af0c11f,limit_hopping_zero_chain6,chain6_hole_4,iid,1024,2680428610
DEVELOPMENT,45,fb5214d8d1bf5caa839f81a965024f62,limit_spin_density_zero_rect2x3,rect2x3_hole_2,iid,1024,3235247950
DEVELOPMENT,45,89bd5e9b58115b60bdad35f43f6437be,limit_spin_density_zero_rect2x3,rect2x3_hole_3,iid,1024,3076803446
DEVELOPMENT,46,8d9f57771b025ad2b6da9e578278aa6a,limit_hopping_zero_chain6,chain6_hole_2,iid,1024,878729759
DEVELOPMENT,46,db87e6c265d45773bb6297db5af0c11f,limit_hopping_zero_chain6,chain6_hole_4,iid,1024,982923757
DEVELOPMENT,46,fb5214d8d1bf5caa839f81a965024f62,limit_spin_density_zero_rect2x3,rect2x3_hole_2,iid,1024,1497968522
DEVELOPMENT,46,89bd5e9b58115b60bdad35f43f6437be,limit_spin_density_zero_rect2x3,rect2x3_hole_3,iid,1024,2735776365
DEVELOPMENT,47,8d9f57771b025ad2b6da9e578278aa6a,limit_hopping_zero_chain6,chain6_hole_2,iid,1024,1965359315
DEVELOPMENT,47,db87e6c265d45773bb6297db5af0c11f,limit_hopping_zero_chain6,chain6_hole_4,iid,1024,636902121
DEVELOPMENT,47,fb5214d8d1bf5caa839f81a965024f62,limit_spin_density_zero_rect2x3,rect2x3_hole_2,iid,1024,2384630419
DEVELOPMENT,47,89bd5e9b58115b60bdad35f43f6437be,limit_spin_density_zero_rect2x3,rect2x3_hole_3,iid,1024,1173154770
DEVELOPMENT,48,8d9f57771b025ad2b6da9e578278aa6a,limit_hopping_zero_chain6,chain6_hole_2,iid,1024,4283545212
DEVELOPMENT,48,db87e6c265d45773bb6297db5af0c11f,limit_hopping_zero_chain6,chain6_hole_4,iid,1024,3795970593
DEVELOPMENT,48,fb5214d8d1bf5caa839f81a965024f62,limit_spin_density_zero_rect2x3,rect2x3_hole_2,iid,1024,3429572936
DEVELOPMENT,48,89bd5e9b58115b60bdad35f43f6437be,limit_spin_density_zero_rect2x3,rect2x3_hole_3,iid,1024,1642344882
DEVELOPMENT,49,8d9f57771b025ad2b6da9e578278aa6a,limit_hopping_zero_chain6,chain6_hole_2,iid,1024,1740357245
DEVELOPMENT,49,db87e6c265d45773bb6297db5af0c11f,limit_hopping_zero_chain6,chain6_hole_4,iid,1024,1115599951
DEVELOPMENT,49,fb5214d8d1bf5caa839f81a965024f62,limit_spin_density_zero_rect2x3,rect2x3_hole_2,iid,1024,3993485429
DEVELOPMENT,49,89bd5e9b58115b60bdad35f43f6437be,limit_spin_density_zero_rect2x3,rect2x3_hole_3,iid,1024,3878946461
DEVELOPMENT,50,8d9f57771b025ad2b6da9e578278aa6a,limit_hopping_zero_chain6,chain6_hole_2,iid,1024,4097791429
DEVELOPMENT,50,db87e6c265d45773bb6297db5af0c11f,limit_hopping_zero_chain6,chain6_hole_4,iid,1024,2522480478
DEVELOPMENT,50,fb5214d8d1bf5caa839f81a965024f62,limit_spin_density_zero_rect2x3,rect2x3_hole_2,iid,1024,1519894613
DEVELOPMENT,50,89bd5e9b58115b60bdad35f43f6437be,limit_spin_density_zero_rect2x3,rect2x3_hole_3,iid,1024,1967868970
DEVELOPMENT,51,8d9f57771b025ad2b6da9e578278aa6a,limit_hopping_zero_chain6,chain6_hole_2,iid,1024,757774937
DEVELOPMENT,51,db87e6c265d45773bb6297db5af0c11f,limit_hopping_zero_chain6,chain6_hole_4,iid,1024,1436306192
DEVELOPMENT,51,fb5214d8d1bf5caa839f81a965024f62,limit_spin_density_zero_rect2x3,rect2x3_hole_2,iid,1024,1865402493
DEVELOPMENT,51,89bd5e9b58115b60bdad35f43f6437be,limit_spin_density_zero_rect2x3,rect2x3_hole_3,iid,1024,860972121
DEVELOPMENT,52,8d9f57771b025ad2b6da9e578278aa6a,limit_hopping_zero_chain6,chain6_hole_2,iid,1024,718547861
DEVELOPMENT,52,db87e6c265d45773bb6297db5af0c11f,limit_hopping_zero_chain6,chain6_hole_4,iid,1024,3172239544
DEVELOPMENT,52,fb5214d8d1bf5caa839f81a965024f62,limit_spin_density_zero_rect2x3,rect2x3_hole_2,iid,1024,2443230131
DEVELOPMENT,52,89bd5e9b58115b60bdad35f43f6437be,limit_spin_density_zero_rect2x3,rect2x3_hole_3,iid,1024,1329113666
DEVELOPMENT,53,8d9f57771b025ad2b6da9e578278aa6a,limit_hopping_zero_chain6,chain6_hole_2,iid,1024,1238712078
DEVELOPMENT,53,db87e6c265d45773bb6297db5af0c11f,limit_hopping_zero_chain6,chain6_hole_4,iid,1024,1265056932
DEVELOPMENT,53,fb5214d8d1bf5caa839f81a965024f62,limit_spin_density_zero_rect2x3,rect2x3_hole_2,iid,1024,249887010
DEVELOPMENT,53,89bd5e9b58115b60bdad35f43f6437be,limit_spin_density_zero_rect2x3,rect2x3_hole_3,iid,1024,3413943205
DEVELOPMENT,54,8d9f57771b025ad2b6da9e578278aa6a,limit_hopping_zero_chain6,chain6_hole_2,iid,1024,2807905460
DEVELOPMENT,54,db87e6c265d45773bb6297db5af0c11f,limit_hopping_zero_chain6,chain6_hole_4,iid,1024,3759803410
DEVELOPMENT,54,fb5214d8d1bf5caa839f81a965024f62,limit_spin_density_zero_rect2x3,rect2x3_hole_2,iid,1024,2548295510
DEVELOPMENT,54,89bd5e9b58115b60bdad35f43f6437be,limit_spin_density_zero_rect2x3,rect2x3_hole_3,iid,1024,1812479865
DEVELOPMENT,55,8d9f57771b025ad2b6da9e578278aa6a,limit_hopping_zero_chain6,chain6_hole_2,iid,1024,3110607635
DEVELOPMENT,55,db87e6c265d45773bb6297db5af0c11f,limit_hopping_zero_chain6,chain6_hole_4,iid,1024,2054688214
DEVELOPMENT,55,fb5214d8d1bf5caa839f81a965024f62,limit_spin_density_zero_rect2x3,rect2x3_hole_2,iid,1024,783949014
DEVELOPMENT,55,89bd5e9b58115b60bdad35f43f6437be,limit_spin_density_zero_rect2x3,rect2x3_hole_3,iid,1024,3771801130
DEVELOPMENT,56,8d9f57771b025ad2b6da9e578278aa6a,limit_hopping_zero_chain6,chain6_hole_2,iid,1024,3850695101
DEVELOPMENT,56,db87e6c265d45773bb6297db5af0c11f,limit_hopping_zero_chain6,chain6_hole_4,iid,1024,2328376411
DEVELOPMENT,56,fb5214d8d1bf5caa839f81a965024f62,limit_spin_density_zero_rect2x3,rect2x3_hole_2,iid,1024,2670126056
DEVELOPMENT,56,89bd5e9b58115b60bdad35f43f6437be,limit_spin_density_zero_rect2x3,rect2x3_hole_3,iid,1024,3048395362
DEVELOPMENT,57,8d9f57771b025ad2b6da9e578278aa6a,limit_hopping_zero_chain6,chain6_hole_2,iid,1024,544136190
DEVELOPMENT,57,db87e6c265d45773bb6297db5af0c11f,limit_hopping_zero_chain6,chain6_hole_4,iid,1024,1337273765
DEVELOPMENT,57,fb5214d8d1bf5caa839f81a965024f62,limit_spin_density_zero_rect2x3,rect2x3_hole_2,iid,1024,52224047
DEVELOPMENT,57,89bd5e9b58115b60bdad35f43f6437be,limit_spin_density_zero_rect2x3,rect2x3_hole_3,iid,1024,3184167927
DEVELOPMENT,58,8d9f57771b025ad2b6da9e578278aa6a,limit_hopping_zero_chain6,chain6_hole_2,iid,1024,32757692
DEVELOPMENT,58,db87e6c265d45773bb6297db5af0c11f,limit_hopping_zero_chain6,chain6_hole_4,iid,1024,954432596
DEVELOPMENT,58,fb5214d8d1bf5caa839f81a965024f62,limit_spin_density_zero_rect2x3,rect2x3_hole_2,iid,1024,1181203349
DEVELOPMENT,58,89bd5e9b58115b60bdad35f43f6437be,limit_spin_density_zero_rect2x3,rect2x3_hole_3,iid,1024,1509048106
DEVELOPMENT,59,8d9f57771b025ad2b6da9e578278aa6a,limit_hopping_zero_chain6,chain6_hole_2,iid,1024,2717625292
DEVELOPMENT,59,db87e6c265d45773bb6297db5af0c11f,limit_hopping_zero_chain6,chain6_hole_4,iid,1024,693998457
DEVELOPMENT,59,fb5214d8d1bf5caa839f81a965024f62,limit_spin_density_zero_rect2x3,rect2x3_hole_2,iid,1024,810218799
DEVELOPMENT,59,89bd5e9b58115b60bdad35f43f6437be,limit_spin_density_zero_rect2x3,rect2x3_hole_3,iid,1024,935168101
DEVELOPMENT,60,8d9f57771b025ad2b6da9e578278aa6a,limit_hopping_zero_chain6,chain6_hole_2,iid,1024,75909636
DEVELOPMENT,60,db87e6c265d45773bb6297db5af0c11f,limit_hopping_zero_chain6,chain6_hole_4,iid,1024,4076494012
DEVELOPMENT,60,fb5214d8d1bf5caa839f81a965024f62,limit_spin_density_zero_rect2x3,rect2x3_hole_2,iid,1024,263191158
DEVELOPMENT,60,89bd5e9b58115b60bdad35f43f6437be,limit_spin_density_zero_rect2x3,rect2x3_hole_3,iid,1024,471533490
DEVELOPMENT,61,8d9f57771b025ad2b6da9e578278aa6a,limit_hopping_zero_chain6,chain6_hole_2,iid,1024,1959089035
DEVELOPMENT,61,db87e6c265d45773bb6297db5af0c11f,limit_hopping_zero_chain6,chain6_hole_4,iid,1024,1060993384
DEVELOPMENT,61,fb5214d8d1bf5caa839f81a965024f62,limit_spin_density_zero_rect2x3,rect2x3_hole_2,iid,1024,1601663881
DEVELOPMENT,61,89bd5e9b58115b60bdad35f43f6437be,limit_spin_density_zero_rect2x3,rect2x3_hole_3,iid,1024,1472223458
DEVELOPMENT,62,8d9f57771b025ad2b6da9e578278aa6a,limit_hopping_zero_chain6,chain6_hole_2,iid,1024,2872272546
DEVELOPMENT,62,db87e6c265d45773bb6297db5af0c11f,limit_hopping_zero_chain6,chain6_hole_4,iid,1024,2290612444
DEVELOPMENT,62,fb5214d8d1bf5caa839f81a965024f62,limit_spin_density_zero_rect2x3,rect2x3_hole_2,iid,1024,412440997
DEVELOPMENT,62,89bd5e9b58115b60bdad35f43f6437be,limit_spin_density_zero_rect2x3,rect2x3_hole_3,iid,1024,2388025954
DEVELOPMENT,63,8d9f57771b025ad2b6da9e578278aa6a,limit_hopping_zero_chain6,chain6_hole_2,iid,1024,823301481
DEVELOPMENT,63,db87e6c265d45773bb6297db5af0c11f,limit_hopping_zero_chain6,chain6_hole_4,iid,1024,1973381760
DEVELOPMENT,63,fb5214d8d1bf5caa839f81a965024f62,limit_spin_density_zero_rect2x3,rect2x3_hole_2,iid,1024,1215711835
DEVELOPMENT,63,89bd5e9b58115b60bdad35f43f6437be,limit_spin_density_zero_rect2x3,rect2x3_hole_3,iid,1024,1180247633
DEVELOPMENT,64,8d9f57771b025ad2b6da9e578278aa6a,limit_hopping_zero_chain6,chain6_hole_2,iid,1024,2186467486
DEVELOPMENT,64,db87e6c265d45773bb6297db5af0c11f,limit_hopping_zero_chain6,chain6_hole_4,iid,1024,3462271742
DEVELOPMENT,64,fb5214d8d1bf5caa839f81a965024f62,limit_spin_density_zero_rect2x3,rect2x3_hole_2,iid,1024,593260131
DEVELOPMENT,64,89bd5e9b58115b60bdad35f43f6437be,limit_spin_density_zero_rect2x3,rect2x3_hole_3,iid,1024,3800628728
DEVELOPMENT,65,8d9f57771b025ad2b6da9e578278aa6a,limit_hopping_zero_chain6,chain6_hole_2,iid,1024,319677337
DEVELOPMENT,65,db87e6c265d45773bb6297db5af0c11f,limit_hopping_zero_chain6,chain6_hole_4,iid,1024,2709011439
DEVELOPMENT,65,fb5214d8d1bf5caa839f81a965024f62,limit_spin_density_zero_rect2x3,rect2x3_hole_2,iid,1024,40615390
DEVELOPMENT,65,89bd5e9b58115b60bdad35f43f6437be,limit_spin_density_zero_rect2x3,rect2x3_hole_3,iid,1024,3137524872
DEVELOPMENT,66,8d9f57771b025ad2b6da9e578278aa6a,limit_hopping_zero_chain6,chain6_hole_2,iid,1024,3593277747
DEVELOPMENT,66,db87e6c265d45773bb6297db5af0c11f,limit_hopping_zero_chain6,chain6_hole_4,iid,1024,337304286
DEVELOPMENT,66,fb5214d8d1bf5caa839f81a965024f62,limit_spin_density_zero_rect2x3,rect2x3_hole_2,iid,1024,219430519
DEVELOPMENT,66,89bd5e9b58115b60bdad35f43f6437be,limit_spin_density_zero_rect2x3,rect2x3_hole_3,iid,1024,3103219370
DEVELOPMENT,67,8d9f57771b025ad2b6da9e578278aa6a,limit_hopping_zero_chain6,chain6_hole_2,iid,1024,169190135
DEVELOPMENT,67,db87e6c265d45773bb6297db5af0c11f,limit_hopping_zero_chain6,chain6_hole_4,iid,1024,3476249975
DEVELOPMENT,67,fb5214d8d1bf5caa839f81a965024f62,limit_spin_density_zero_rect2x3,rect2x3_hole_2,iid,1024,3402580846
DEVELOPMENT,67,89bd5e9b58115b60bdad35f43f6437be,limit_spin_density_zero_rect2x3,rect2x3_hole_3,iid,1024,1378370089
DEVELOPMENT,68,8d9f57771b025ad2b6da9e578278aa6a,limit_hopping_zero_chain6,chain6_hole_2,iid,1024,3573388039
DEVELOPMENT,68,db87e6c265d45773bb6297db5af0c11f,limit_hopping_zero_chain6,chain6_hole_4,iid,1024,3821354783
DEVELOPMENT,68,fb5214d8d1bf5caa839f81a965024f62,limit_spin_density_zero_rect2x3,rect2x3_hole_2,iid,1024,1884066899
DEVELOPMENT,68,89bd5e9b58115b60bdad35f43f6437be,limit_spin_density_zero_rect2x3,rect2x3_hole_3,iid,1024,3244492737
DEVELOPMENT,69,8d9f57771b025ad2b6da9e578278aa6a,limit_hopping_zero_chain6,chain6_hole_2,iid,1024,3029153290
DEVELOPMENT,69,db87e6c265d45773bb6297db5af0c11f,limit_hopping_zero_chain6,chain6_hole_4,iid,1024,3973388171
DEVELOPMENT,69,fb5214d8d1bf5caa839f81a965024f62,limit_spin_density_zero_rect2x3,rect2x3_hole_2,iid,1024,962882802
DEVELOPMENT,69,89bd5e9b58115b60bdad35f43f6437be,limit_spin_density_zero_rect2x3,rect2x3_hole_3,iid,1024,3538830044
DEVELOPMENT,70,8d9f57771b025ad2b6da9e578278aa6a,limit_hopping_zero_chain6,chain6_hole_2,iid,1024,3478664306
DEVELOPMENT,70,db87e6c265d45773bb6297db5af0c11f,limit_hopping_zero_chain6,chain6_hole_4,iid,1024,4241326871
DEVELOPMENT,70,fb5214d8d1bf5caa839f81a965024f62,limit_spin_density_zero_rect2x3,rect2x3_hole_2,iid,1024,263541516
DEVELOPMENT,70,89bd5e9b58115b60bdad35f43f6437be,limit_spin_density_zero_rect2x3,rect2x3_hole_3,iid,1024,2438949097
DEVELOPMENT,71,8d9f57771b025ad2b6da9e578278aa6a,limit_hopping_zero_chain6,chain6_hole_2,iid,1024,1592128779
DEVELOPMENT,71,db87e6c265d45773bb6297db5af0c11f,limit_hopping_zero_chain6,chain6_hole_4,iid,1024,762546678
DEVELOPMENT,71,fb5214d8d1bf5caa839f81a965024f62,limit_spin_density_zero_rect2x3,rect2x3_hole_2,iid,1024,1831932700
DEVELOPMENT,71,89bd5e9b58115b60bdad35f43f6437be,limit_spin_density_zero_rect2x3,rect2x3_hole_3,iid,1024,2133919197
DEVELOPMENT,72,8d9f57771b025ad2b6da9e578278aa6a,limit_hopping_zero_chain6,chain6_hole_2,iid,1024,1506640999
DEVELOPMENT,72,db87e6c265d45773bb6297db5af0c11f,limit_hopping_zero_chain6,chain6_hole_4,iid,1024,295424916
DEVELOPMENT,72,fb5214d8d1bf5caa839f81a965024f62,limit_spin_density_zero_rect2x3,rect2x3_hole_2,iid,1024,4173960155
DEVELOPMENT,72,89bd5e9b58115b60bdad35f43f6437be,limit_spin_density_zero_rect2x3,rect2x3_hole_3,iid,1024,3400539120
DEVELOPMENT,73,8d9f57771b025ad2b6da9e578278aa6a,limit_hopping_zero_chain6,chain6_hole_2,iid,1024,723074999
DEVELOPMENT,73,db87e6c265d45773bb6297db5af0c11f,limit_hopping_zero_chain6,chain6_hole_4,iid,1024,1833566085
DEVELOPMENT,73,fb5214d8d1bf5caa839f81a965024f62,limit_spin_density_zero_rect2x3,rect2x3_hole_2,iid,1024,2350592909
DEVELOPMENT,73,89bd5e9b58115b60bdad35f43f6437be,limit_spin_density_zero_rect2x3,rect2x3_hole_3,iid,1024,1332504719
DEVELOPMENT,74,8d9f57771b025ad2b6da9e578278aa6a,limit_hopping_zero_chain6,chain6_hole_2,iid,1024,2396560686
DEVELOPMENT,74,db87e6c265d45773bb6297db5af0c11f,limit_hopping_zero_chain6,chain6_hole_4,iid,1024,703568073
DEVELOPMENT,74,fb5214d8d1bf5caa839f81a965024f62,limit_spin_density_zero_rect2x3,rect2x3_hole_2,iid,1024,3748961987
DEVELOPMENT,74,89bd5e9b58115b60bdad35f43f6437be,limit_spin_density_zero_rect2x3,rect2x3_hole_3,iid,1024,1828516750
DEVELOPMENT,75,8d9f57771b025ad2b6da9e578278aa6a,limit_hopping_zero_chain6,chain6_hole_2,iid,1024,2367361017
DEVELOPMENT,75,db87e6c265d45773bb6297db5af0c11f,limit_hopping_zero_chain6,chain6_hole_4,iid,1024,389878804
DEVELOPMENT,75,fb5214d8d1bf5caa839f81a965024f62,limit_spin_density_zero_rect2x3,rect2x3_hole_2,iid,1024,1573011803
DEVELOPMENT,75,89bd5e9b58115b60bdad35f43f6437be,limit_spin_density_zero_rect2x3,rect2x3_hole_3,iid,1024,25901979
DEVELOPMENT,76,8d9f57771b025ad2b6da9e578278aa6a,limit_hopping_zero_chain6,chain6_hole_2,iid,1024,317332635
DEVELOPMENT,76,db87e6c265d45773bb6297db5af0c11f,limit_hopping_zero_chain6,chain6_hole_4,iid,1024,4164579287
DEVELOPMENT,76,fb5214d8d1bf5caa839f81a965024f62,limit_spin_density_zero_rect2x3,rect2x3_hole_2,iid,1024,3395965137
DEVELOPMENT,76,89bd5e9b58115b60bdad35f43f6437be,limit_spin_density_zero_rect2x3,rect2x3_hole_3,iid,1024,2197207452
DEVELOPMENT,77,8d9f57771b025ad2b6da9e578278aa6a,limit_hopping_zero_chain6,chain6_hole_2,iid,1024,1894901453
DEVELOPMENT,77,db87e6c265d45773bb6297db5af0c11f,limit_hopping_zero_chain6,chain6_hole_4,iid,1024,2525495077
DEVELOPMENT,77,fb5214d8d1bf5caa839f81a965024f62,limit_spin_density_zero_rect2x3,rect2x3_hole_2,iid,1024,1143693815
DEVELOPMENT,77,89bd5e9b58115b60bdad35f43f6437be,limit_spin_density_zero_rect2x3,rect2x3_hole_3,iid,1024,1811787983
DEVELOPMENT,78,8d9f57771b025ad2b6da9e578278aa6a,limit_hopping_zero_chain6,chain6_hole_2,iid,1024,3568963541
DEVELOPMENT,78,db87e6c265d45773bb6297db5af0c11f,limit_hopping_zero_chain6,chain6_hole_4,iid,1024,3024103428
DEVELOPMENT,78,fb5214d8d1bf5caa839f81a965024f62,limit_spin_density_zero_rect2x3,rect2x3_hole_2,iid,1024,3789801617
DEVELOPMENT,78,89bd5e9b58115b60bdad35f43f6437be,limit_spin_density_zero_rect2x3,rect2x3_hole_3,iid,1024,1433199423
DEVELOPMENT,79,8d9f57771b025ad2b6da9e578278aa6a,limit_hopping_zero_chain6,chain6_hole_2,iid,1024,3777413259
DEVELOPMENT,79,db87e6c265d45773bb6297db5af0c11f,limit_hopping_zero_chain6,chain6_hole_4,iid,1024,3014967553
DEVELOPMENT,79,fb5214d8d1bf5caa839f81a965024f62,limit_spin_density_zero_rect2x3,rect2x3_hole_2,iid,1024,3483888535
DEVELOPMENT,79,89bd5e9b58115b60bdad35f43f6437be,limit_spin_density_zero_rect2x3,rect2x3_hole_3,iid,1024,806359653
DEVELOPMENT,80,8d9f57771b025ad2b6da9e578278aa6a,limit_hopping_zero_chain6,chain6_hole_2,iid,1024,1656701125
DEVELOPMENT,80,db87e6c265d45773bb6297db5af0c11f,limit_hopping_zero_chain6,chain6_hole_4,iid,1024,2560708441
DEVELOPMENT,80,fb5214d8d1bf5caa839f81a965024f62,limit_spin_density_zero_rect2x3,rect2x3_hole_2,iid,1024,3818821993
DEVELOPMENT,80,89bd5e9b58115b60bdad35f43f6437be,limit_spin_density_zero_rect2x3,rect2x3_hole_3,iid,1024,31310838
DEVELOPMENT,81,8d9f57771b025ad2b6da9e578278aa6a,limit_hopping_zero_chain6,chain6_hole_2,iid,1024,3688710968
DEVELOPMENT,81,db87e6c265d45773bb6297db5af0c11f,limit_hopping_zero_chain6,chain6_hole_4,iid,1024,665532078
DEVELOPMENT,81,fb5214d8d1bf5caa839f81a965024f62,limit_spin_density_zero_rect2x3,rect2x3_hole_2,iid,1024,1568700713
DEVELOPMENT,81,89bd5e9b58115b60bdad35f43f6437be,limit_spin_density_zero_rect2x3,rect2x3_hole_3,iid,1024,1576344239
DEVELOPMENT,82,8d9f57771b025ad2b6da9e578278aa6a,limit_hopping_zero_chain6,chain6_hole_2,iid,1024,209636514
DEVELOPMENT,82,db87e6c265d45773bb6297db5af0c11f,limit_hopping_zero_chain6,chain6_hole_4,iid,1024,3168779503
DEVELOPMENT,82,fb5214d8d1bf5caa839f81a965024f62,limit_spin_density_zero_rect2x3,rect2x3_hole_2,iid,1024,1191026403
DEVELOPMENT,82,89bd5e9b58115b60bdad35f43f6437be,limit_spin_density_zero_rect2x3,rect2x3_hole_3,iid,1024,4157984734
DEVELOPMENT,83,8d9f57771b025ad2b6da9e578278aa6a,limit_hopping_zero_chain6,chain6_hole_2,iid,1024,2141140169
DEVELOPMENT,83,db87e6c265d45773bb6297db5af0c11f,limit_hopping_zero_chain6,chain6_hole_4,iid,1024,3728359043
DEVELOPMENT,83,fb5214d8d1bf5caa839f81a965024f62,limit_spin_density_zero_rect2x3,rect2x3_hole_2,iid,1024,3405449278
DEVELOPMENT,83,89bd5e9b58115b60bdad35f43f6437be,limit_spin_density_zero_rect2x3,rect2x3_hole_3,iid,1024,1009336270
DEVELOPMENT,84,8d9f57771b025ad2b6da9e578278aa6a,limit_hopping_zero_chain6,chain6_hole_2,iid,1024,1990589372
DEVELOPMENT,84,db87e6c265d45773bb6297db5af0c11f,limit_hopping_zero_chain6,chain6_hole_4,iid,1024,2351005150
DEVELOPMENT,84,fb5214d8d1bf5caa839f81a965024f62,limit_spin_density_zero_rect2x3,rect2x3_hole_2,iid,1024,2380353081
DEVELOPMENT,84,89bd5e9b58115b60bdad35f43f6437be,limit_spin_density_zero_rect2x3,rect2x3_hole_3,iid,1024,748847419
DEVELOPMENT,85,8d9f57771b025ad2b6da9e578278aa6a,limit_hopping_zero_chain6,chain6_hole_2,iid,1024,3053139546
DEVELOPMENT,85,db87e6c265d45773bb6297db5af0c11f,limit_hopping_zero_chain6,chain6_hole_4,iid,1024,601834003
DEVELOPMENT,85,fb5214d8d1bf5caa839f81a965024f62,limit_spin_density_zero_rect2x3,rect2x3_hole_2,iid,1024,1950924757
DEVELOPMENT,85,89bd5e9b58115b60bdad35f43f6437be,limit_spin_density_zero_rect2x3,rect2x3_hole_3,iid,1024,190200202
DEVELOPMENT,86,8d9f57771b025ad2b6da9e578278aa6a,limit_hopping_zero_chain6,chain6_hole_2,iid,1024,1720550945
DEVELOPMENT,86,db87e6c265d45773bb6297db5af0c11f,limit_hopping_zero_chain6,chain6_hole_4,iid,1024,2045179659
DEVELOPMENT,86,fb5214d8d1bf5caa839f81a965024f62,limit_spin_density_zero_rect2x3,rect2x3_hole_2,iid,1024,4169225252
DEVELOPMENT,86,89bd5e9b58115b60bdad35f43f6437be,limit_spin_density_zero_rect2x3,rect2x3_hole_3,iid,1024,2736461644
DEVELOPMENT,87,8d9f57771b025ad2b6da9e578278aa6a,limit_hopping_zero_chain6,chain6_hole_2,iid,1024,3772163754
DEVELOPMENT,87,db87e6c265d45773bb6297db5af0c11f,limit_hopping_zero_chain6,chain6_hole_4,iid,1024,2606096379
DEVELOPMENT,87,fb5214d8d1bf5caa839f81a965024f62,limit_spin_density_zero_rect2x3,rect2x3_hole_2,iid,1024,22303155
DEVELOPMENT,87,89bd5e9b58115b60bdad35f43f6437be,limit_spin_density_zero_rect2x3,rect2x3_hole_3,iid,1024,2502496059
DEVELOPMENT,88,8d9f57771b025ad2b6da9e578278aa6a,limit_hopping_zero_chain6,chain6_hole_2,iid,1024,2191158434
DEVELOPMENT,88,db87e6c265d45773bb6297db5af0c11f,limit_hopping_zero_chain6,chain6_hole_4,iid,1024,363082052
DEVELOPMENT,88,fb5214d8d1bf5caa839f81a965024f62,limit_spin_density_zero_rect2x3,rect2x3_hole_2,iid,1024,3940066272
DEVELOPMENT,88,89bd5e9b58115b60bdad35f43f6437be,limit_spin_density_zero_rect2x3,rect2x3_hole_3,iid,1024,3256919740
DEVELOPMENT,89,8d9f57771b025ad2b6da9e578278aa6a,limit_hopping_zero_chain6,chain6_hole_2,iid,1024,1617891030
DEVELOPMENT,89,db87e6c265d45773bb6297db5af0c11f,limit_hopping_zero_chain6,chain6_hole_4,iid,1024,2476335597
DEVELOPMENT,89,fb5214d8d1bf5caa839f81a965024f62,limit_spin_density_zero_rect2x3,rect2x3_hole_2,iid,1024,2014758851
DEVELOPMENT,89,89bd5e9b58115b60bdad35f43f6437be,limit_spin_density_zero_rect2x3,rect2x3_hole_3,iid,1024,636725455
DEVELOPMENT,90,8d9f57771b025ad2b6da9e578278aa6a,limit_hopping_zero_chain6,chain6_hole_2,iid,1024,4087284861
DEVELOPMENT,90,db87e6c265d45773bb6297db5af0c11f,limit_hopping_zero_chain6,chain6_hole_4,iid,1024,2899635247
DEVELOPMENT,90,fb5214d8d1bf5caa839f81a965024f62,limit_spin_density_zero_rect2x3,rect2x3_hole_2,iid,1024,2825760384
DEVELOPMENT,90,89bd5e9b58115b60bdad35f43f6437be,limit_spin_density_zero_rect2x3,rect2x3_hole_3,iid,1024,622240066
DEVELOPMENT,91,8d9f57771b025ad2b6da9e578278aa6a,limit_hopping_zero_chain6,chain6_hole_2,iid,1024,2453575932
DEVELOPMENT,91,db87e6c265d45773bb6297db5af0c11f,limit_hopping_zero_chain6,chain6_hole_4,iid,1024,1340480958
DEVELOPMENT,91,fb5214d8d1bf5caa839f81a965024f62,limit_spin_density_zero_rect2x3,rect2x3_hole_2,iid,1024,3784602407
DEVELOPMENT,91,89bd5e9b58115b60bdad35f43f6437be,limit_spin_density_zero_rect2x3,rect2x3_hole_3,iid,1024,3644194862
DEVELOPMENT,92,8d9f57771b025ad2b6da9e578278aa6a,limit_hopping_zero_chain6,chain6_hole_2,iid,1024,3411862260
DEVELOPMENT,92,db87e6c265d45773bb6297db5af0c11f,limit_hopping_zero_chain6,chain6_hole_4,iid,1024,1096842813
DEVELOPMENT,92,fb5214d8d1bf5caa839f81a965024f62,limit_spin_density_zero_rect2x3,rect2x3_hole_2,iid,1024,2638262032
DEVELOPMENT,92,89bd5e9b58115b60bdad35f43f6437be,limit_spin_density_zero_rect2x3,rect2x3_hole_3,iid,1024,27303352
DEVELOPMENT,93,8d9f57771b025ad2b6da9e578278aa6a,limit_hopping_zero_chain6,chain6_hole_2,iid,1024,2377425699
DEVELOPMENT,93,db87e6c265d45773bb6297db5af0c11f,limit_hopping_zero_chain6,chain6_hole_4,iid,1024,1707195952
DEVELOPMENT,93,fb5214d8d1bf5caa839f81a965024f62,limit_spin_density_zero_rect2x3,rect2x3_hole_2,iid,1024,2559860248
DEVELOPMENT,93,89bd5e9b58115b60bdad35f43f6437be,limit_spin_density_zero_rect2x3,rect2x3_hole_3,iid,1024,567067948
DEVELOPMENT,94,8d9f57771b025ad2b6da9e578278aa6a,limit_hopping_zero_chain6,chain6_hole_2,iid,1024,3900955827
DEVELOPMENT,94,db87e6c265d45773bb6297db5af0c11f,limit_hopping_zero_chain6,chain6_hole_4,iid,1024,1966554733
DEVELOPMENT,94,fb5214d8d1bf5caa839f81a965024f62,limit_spin_density_zero_rect2x3,rect2x3_hole_2,iid,1024,3143385242
DEVELOPMENT,94,89bd5e9b58115b60bdad35f43f6437be,limit_spin_density_zero_rect2x3,rect2x3_hole_3,iid,1024,1492892670
DEVELOPMENT,95,8d9f57771b025ad2b6da9e578278aa6a,limit_hopping_zero_chain6,chain6_hole_2,iid,1024,1077739814
DEVELOPMENT,95,db87e6c265d45773bb6297db5af0c11f,limit_hopping_zero_chain6,chain6_hole_4,iid,1024,2487292903
DEVELOPMENT,95,fb5214d8d1bf5caa839f81a965024f62,limit_spin_density_zero_rect2x3,rect2x3_hole_2,iid,1024,4048349980
DEVELOPMENT,95,89bd5e9b58115b60bdad35f43f6437be,limit_spin_density_zero_rect2x3,rect2x3_hole_3,iid,1024,298389466
DEVELOPMENT,96,8d9f57771b025ad2b6da9e578278aa6a,limit_hopping_zero_chain6,chain6_hole_2,iid,1024,1666527912
DEVELOPMENT,96,db87e6c265d45773bb6297db5af0c11f,limit_hopping_zero_chain6,chain6_hole_4,iid,1024,926024662
DEVELOPMENT,96,fb5214d8d1bf5caa839f81a965024f62,limit_spin_density_zero_rect2x3,rect2x3_hole_2,iid,1024,2415710174
DEVELOPMENT,96,89bd5e9b58115b60bdad35f43f6437be,limit_spin_density_zero_rect2x3,rect2x3_hole_3,iid,1024,1148389276
DEVELOPMENT,97,8d9f57771b025ad2b6da9e578278aa6a,limit_hopping_zero_chain6,chain6_hole_2,iid,1024,828359199
DEVELOPMENT,97,db87e6c265d45773bb6297db5af0c11f,limit_hopping_zero_chain6,chain6_hole_4,iid,1024,406493035
DEVELOPMENT,97,fb5214d8d1bf5caa839f81a965024f62,limit_spin_density_zero_rect2x3,rect2x3_hole_2,iid,1024,3154680298
DEVELOPMENT,97,89bd5e9b58115b60bdad35f43f6437be,limit_spin_density_zero_rect2x3,rect2x3_hole_3,iid,1024,807090407
DEVELOPMENT,98,8d9f57771b025ad2b6da9e578278aa6a,limit_hopping_zero_chain6,chain6_hole_2,iid,1024,415785578
DEVELOPMENT,98,db87e6c265d45773bb6297db5af0c11f,limit_hopping_zero_chain6,chain6_hole_4,iid,1024,2180913370
DEVELOPMENT,98,fb5214d8d1bf5caa839f81a965024f62,limit_spin_density_zero_rect2x3,rect2x3_hole_2,iid,1024,3753032995
DEVELOPMENT,98,89bd5e9b58115b60bdad35f43f6437be,limit_spin_density_zero_rect2x3,rect2x3_hole_3,iid,1024,241095004
DEVELOPMENT,99,8d9f57771b025ad2b6da9e578278aa6a,limit_hopping_zero_chain6,chain6_hole_2,iid,1024,2174385235
DEVELOPMENT,99,db87e6c265d45773bb6297db5af0c11f,limit_hopping_zero_chain6,chain6_hole_4,iid,1024,2020652909
DEVELOPMENT,99,fb5214d8d1bf5caa839f81a965024f62,limit_spin_density_zero_rect2x3,rect2x3_hole_2,iid,1024,3906046668
DEVELOPMENT,99,89bd5e9b58115b60bdad35f43f6437be,limit_spin_density_zero_rect2x3,rect2x3_hole_3,iid,1024,28929385
DEVELOPMENT,100,8d9f57771b025ad2b6da9e578278aa6a,limit_hopping_zero_chain6,chain6_hole_2,iid,1024,2848517681
DEVELOPMENT,100,db87e6c265d45773bb6297db5af0c11f,limit_hopping_zero_chain6,chain6_hole_4,iid,1024,3243335256
DEVELOPMENT,100,fb5214d8d1bf5caa839f81a965024f62,limit_spin_density_zero_rect2x3,rect2x3_hole_2,iid,1024,3081430126
DEVELOPMENT,100,89bd5e9b58115b60bdad35f43f6437be,limit_spin_density_zero_rect2x3,rect2x3_hole_3,iid,1024,91804188
DEVELOPMENT,101,8d9f57771b025ad2b6da9e578278aa6a,limit_hopping_zero_chain6,chain6_hole_2,iid,1024,2928741419
DEVELOPMENT,101,db87e6c265d45773bb6297db5af0c11f,limit_hopping_zero_chain6,chain6_hole_4,iid,1024,2594502506
DEVELOPMENT,101,fb5214d8d1bf5caa839f81a965024f62,limit_spin_density_zero_rect2x3,rect2x3_hole_2,iid,1024,906692319
DEVELOPMENT,101,89bd5e9b58115b60bdad35f43f6437be,limit_spin_density_zero_rect2x3,rect2x3_hole_3,iid,1024,2093804629
DEVELOPMENT,102,8d9f57771b025ad2b6da9e578278aa6a,limit_hopping_zero_chain6,chain6_hole_2,iid,1024,550759434
DEVELOPMENT,102,db87e6c265d45773bb6297db5af0c11f,limit_hopping_zero_chain6,chain6_hole_4,iid,1024,879135658
DEVELOPMENT,102,fb5214d8d1bf5caa839f81a965024f62,limit_spin_density_zero_rect2x3,rect2x3_hole_2,iid,1024,1959713367
DEVELOPMENT,102,89bd5e9b58115b60bdad35f43f6437be,limit_spin_density_zero_rect2x3,rect2x3_hole_3,iid,1024,969017408
DEVELOPMENT,103,8d9f57771b025ad2b6da9e578278aa6a,limit_hopping_zero_chain6,chain6_hole_2,iid,1024,3362842377
DEVELOPMENT,103,db87e6c265d45773bb6297db5af0c11f,limit_hopping_zero_chain6,chain6_hole_4,iid,1024,4138426728
DEVELOPMENT,103,fb5214d8d1bf5caa839f81a965024f62,limit_spin_density_zero_rect2x3,rect2x3_hole_2,iid,1024,262266968
DEVELOPMENT,103,89bd5e9b58115b60bdad35f43f6437be,limit_spin_density_zero_rect2x3,rect2x3_hole_3,iid,1024,508793420
DEVELOPMENT,104,8d9f57771b025ad2b6da9e578278aa6a,limit_hopping_zero_chain6,chain6_hole_2,iid,1024,417606535
DEVELOPMENT,104,db87e6c265d45773bb6297db5af0c11f,limit_hopping_zero_chain6,chain6_hole_4,iid,1024,8954496
DEVELOPMENT,104,fb5214d8d1bf5caa839f81a965024f62,limit_spin_density_zero_rect2x3,rect2x3_hole_2,iid,1024,2907569159
DEVELOPMENT,104,89bd5e9b58115b60bdad35f43f6437be,limit_spin_density_zero_rect2x3,rect2x3_hole_3,iid,1024,2042469233
DEVELOPMENT,105,8d9f57771b025ad2b6da9e578278aa6a,limit_hopping_zero_chain6,chain6_hole_2,iid,1024,2433131047
DEVELOPMENT,105,db87e6c265d45773bb6297db5af0c11f,limit_hopping_zero_chain6,chain6_hole_4,iid,1024,2758615847
DEVELOPMENT,105,fb5214d8d1bf5caa839f81a965024f62,limit_spin_density_zero_rect2x3,rect2x3_hole_2,iid,1024,2789183472
DEVELOPMENT,105,89bd5e9b58115b60bdad35f43f6437be,limit_spin_density_zero_rect2x3,rect2x3_hole_3,iid,1024,2219446238
DEVELOPMENT,106,8d9f57771b025ad2b6da9e578278aa6a,limit_hopping_zero_chain6,chain6_hole_2,iid,1024,3887713065
DEVELOPMENT,106,db87e6c265d45773bb6297db5af0c11f,limit_hopping_zero_chain6,chain6_hole_4,iid,1024,327206240
DEVELOPMENT,106,fb5214d8d1bf5caa839f81a965024f62,limit_spin_density_zero_rect2x3,rect2x3_hole_2,iid,1024,2989655657
DEVELOPMENT,106,89bd5e9b58115b60bdad35f43f6437be,limit_spin_density_zero_rect2x3,rect2x3_hole_3,iid,1024,553194374
DEVELOPMENT,107,8d9f57771b025ad2b6da9e578278aa6a,limit_hopping_zero_chain6,chain6_hole_2,iid,1024,2061059148
DEVELOPMENT,107,db87e6c265d45773bb6297db5af0c11f,limit_hopping_zero_chain6,chain6_hole_4,iid,1024,2369738509
DEVELOPMENT,107,fb5214d8d1bf5caa839f81a965024f62,limit_spin_density_zero_rect2x3,rect2x3_hole_2,iid,1024,2714344202
DEVELOPMENT,107,89bd5e9b58115b60bdad35f43f6437be,limit_spin_density_zero_rect2x3,rect2x3_hole_3,iid,1024,2224683784
DEVELOPMENT,108,8d9f57771b025ad2b6da9e578278aa6a,limit_hopping_zero_chain6,chain6_hole_2,iid,1024,3724124811
DEVELOPMENT,108,db87e6c265d45773bb6297db5af0c11f,limit_hopping_zero_chain6,chain6_hole_4,iid,1024,1111016767
DEVELOPMENT,108,fb5214d8d1bf5caa839f81a965024f62,limit_spin_density_zero_rect2x3,rect2x3_hole_2,iid,1024,2783558560
DEVELOPMENT,108,89bd5e9b58115b60bdad35f43f6437be,limit_spin_density_zero_rect2x3,rect2x3_hole_3,iid,1024,456203269
DEVELOPMENT,109,8d9f57771b025ad2b6da9e578278aa6a,limit_hopping_zero_chain6,chain6_hole_2,iid,1024,1405754098
DEVELOPMENT,109,db87e6c265d45773bb6297db5af0c11f,limit_hopping_zero_chain6,chain6_hole_4,iid,1024,479667184
DEVELOPMENT,109,fb5214d8d1bf5caa839f81a965024f62,limit_spin_density_zero_rect2x3,rect2x3_hole_2,iid,1024,3838559678
DEVELOPMENT,109,89bd5e9b58115b60bdad35f43f6437be,limit_spin_density_zero_rect2x3,rect2x3_hole_3,iid,1024,3588451997
DEVELOPMENT,110,8d9f57771b025ad2b6da9e578278aa6a,limit_hopping_zero_chain6,chain6_hole_2,iid,1024,3766645748
DEVELOPMENT,110,db87e6c265d45773bb6297db5af0c11f,limit_hopping_zero_chain6,chain6_hole_4,iid,1024,1903080365
DEVELOPMENT,110,fb5214d8d1bf5caa839f81a965024f62,limit_spin_density_zero_rect2x3,rect2x3_hole_2,iid,1024,280716430
DEVELOPMENT,110,89bd5e9b58115b60bdad35f43f6437be,limit_spin_density_zero_rect2x3,rect2x3_hole_3,iid,1024,3752039547
DEVELOPMENT,111,8d9f57771b025ad2b6da9e578278aa6a,limit_hopping_zero_chain6,chain6_hole_2,iid,1024,1778220946
DEVELOPMENT,111,db87e6c265d45773bb6297db5af0c11f,limit_hopping_zero_chain6,chain6_hole_4,iid,1024,2887047471
DEVELOPMENT,111,fb5214d8d1bf5caa839f81a965024f62,limit_spin_density_zero_rect2x3,rect2x3_hole_2,iid,1024,2687762991
DEVELOPMENT,111,89bd5e9b58115b60bdad35f43f6437be,limit_spin_density_zero_rect2x3,rect2x3_hole_3,iid,1024,3947519607
DEVELOPMENT,112,8d9f57771b025ad2b6da9e578278aa6a,limit_hopping_zero_chain6,chain6_hole_2,iid,1024,788026871
DEVELOPMENT,112,db87e6c265d45773bb6297db5af0c11f,limit_hopping_zero_chain6,chain6_hole_4,iid,1024,1102665839
DEVELOPMENT,112,fb5214d8d1bf5caa839f81a965024f62,limit_spin_density_zero_rect2x3,rect2x3_hole_2,iid,1024,4080017517
DEVELOPMENT,112,89bd5e9b58115b60bdad35f43f6437be,limit_spin_density_zero_rect2x3,rect2x3_hole_3,iid,1024,3749066364
DEVELOPMENT,113,8d9f57771b025ad2b6da9e578278aa6a,limit_hopping_zero_chain6,chain6_hole_2,iid,1024,4135474750
DEVELOPMENT,113,db87e6c265d45773bb6297db5af0c11f,limit_hopping_zero_chain6,chain6_hole_4,iid,1024,1285771381
DEVELOPMENT,113,fb5214d8d1bf5caa839f81a965024f62,limit_spin_density_zero_rect2x3,rect2x3_hole_2,iid,1024,3425612620
DEVELOPMENT,113,89bd5e9b58115b60bdad35f43f6437be,limit_spin_density_zero_rect2x3,rect2x3_hole_3,iid,1024,3419967128
DEVELOPMENT,114,8d9f57771b025ad2b6da9e578278aa6a,limit_hopping_zero_chain6,chain6_hole_2,iid,1024,3584803379
DEVELOPMENT,114,db87e6c265d45773bb6297db5af0c11f,limit_hopping_zero_chain6,chain6_hole_4,iid,1024,3734343325
DEVELOPMENT,114,fb5214d8d1bf5caa839f81a965024f62,limit_spin_density_zero_rect2x3,rect2x3_hole_2,iid,1024,2387700716
DEVELOPMENT,114,89bd5e9b58115b60bdad35f43f6437be,limit_spin_density_zero_rect2x3,rect2x3_hole_3,iid,1024,38806499
DEVELOPMENT,115,8d9f57771b025ad2b6da9e578278aa6a,limit_hopping_zero_chain6,chain6_hole_2,iid,1024,1826811589
DEVELOPMENT,115,db87e6c265d45773bb6297db5af0c11f,limit_hopping_zero_chain6,chain6_hole_4,iid,1024,1957699746
DEVELOPMENT,115,fb5214d8d1bf5caa839f81a965024f62,limit_spin_density_zero_rect2x3,rect2x3_hole_2,iid,1024,2444776413
DEVELOPMENT,115,89bd5e9b58115b60bdad35f43f6437be,limit_spin_density_zero_rect2x3,rect2x3_hole_3,iid,1024,2707942653
DEVELOPMENT,116,8d9f57771b025ad2b6da9e578278aa6a,limit_hopping_zero_chain6,chain6_hole_2,iid,1024,52587795
DEVELOPMENT,116,db87e6c265d45773bb6297db5af0c11f,limit_hopping_zero_chain6,chain6_hole_4,iid,1024,1992347427
DEVELOPMENT,116,fb5214d8d1bf5caa839f81a965024f62,limit_spin_density_zero_rect2x3,rect2x3_hole_2,iid,1024,1649102000
DEVELOPMENT,116,89bd5e9b58115b60bdad35f43f6437be,limit_spin_density_zero_rect2x3,rect2x3_hole_3,iid,1024,4286641317
DEVELOPMENT,117,8d9f57771b025ad2b6da9e578278aa6a,limit_hopping_zero_chain6,chain6_hole_2,iid,1024,1789739449
DEVELOPMENT,117,db87e6c265d45773bb6297db5af0c11f,limit_hopping_zero_chain6,chain6_hole_4,iid,1024,115034727
DEVELOPMENT,117,fb5214d8d1bf5caa839f81a965024f62,limit_spin_density_zero_rect2x3,rect2x3_hole_2,iid,1024,2401207145
DEVELOPMENT,117,89bd5e9b58115b60bdad35f43f6437be,limit_spin_density_zero_rect2x3,rect2x3_hole_3,iid,1024,960374740
DEVELOPMENT,118,8d9f57771b025ad2b6da9e578278aa6a,limit_hopping_zero_chain6,chain6_hole_2,iid,1024,3589173610
DEVELOPMENT,118,db87e6c265d45773bb6297db5af0c11f,limit_hopping_zero_chain6,chain6_hole_4,iid,1024,1310031779
DEVELOPMENT,118,fb5214d8d1bf5caa839f81a965024f62,limit_spin_density_zero_rect2x3,rect2x3_hole_2,iid,1024,1442140789
DEVELOPMENT,118,89bd5e9b58115b60bdad35f43f6437be,limit_spin_density_zero_rect2x3,rect2x3_hole_3,iid,1024,2956394840
DEVELOPMENT,119,8d9f57771b025ad2b6da9e578278aa6a,limit_hopping_zero_chain6,chain6_hole_2,iid,1024,3469679645
DEVELOPMENT,119,db87e6c265d45773bb6297db5af0c11f,limit_hopping_zero_chain6,chain6_hole_4,iid,1024,3460999795
DEVELOPMENT,119,fb5214d8d1bf5caa839f81a965024f62,limit_spin_density_zero_rect2x3,rect2x3_hole_2,iid,1024,3157796670
DEVELOPMENT,119,89bd5e9b58115b60bdad35f43f6437be,limit_spin_density_zero_rect2x3,rect2x3_hole_3,iid,1024,3320909671
DEVELOPMENT,120,8d9f57771b025ad2b6da9e578278aa6a,limit_hopping_zero_chain6,chain6_hole_2,iid,1024,327547566
DEVELOPMENT,120,db87e6c265d45773bb6297db5af0c11f,limit_hopping_zero_chain6,chain6_hole_4,iid,1024,2182066524
DEVELOPMENT,120,fb5214d8d1bf5caa839f81a965024f62,limit_spin_density_zero_rect2x3,rect2x3_hole_2,iid,1024,25068653
DEVELOPMENT,120,89bd5e9b58115b60bdad35f43f6437be,limit_spin_density_zero_rect2x3,rect2x3_hole_3,iid,1024,4214951873
DEVELOPMENT,121,8d9f57771b025ad2b6da9e578278aa6a,limit_hopping_zero_chain6,chain6_hole_2,iid,1024,3346981287
DEVELOPMENT,121,db87e6c265d45773bb6297db5af0c11f,limit_hopping_zero_chain6,chain6_hole_4,iid,1024,2121314135
DEVELOPMENT,121,fb5214d8d1bf5caa839f81a965024f62,limit_spin_density_zero_rect2x3,rect2x3_hole_2,iid,1024,3954580786
DEVELOPMENT,121,89bd5e9b58115b60bdad35f43f6437be,limit_spin_density_zero_rect2x3,rect2x3_hole_3,iid,1024,1365988209
DEVELOPMENT,122,8d9f57771b025ad2b6da9e578278aa6a,limit_hopping_zero_chain6,chain6_hole_2,iid,1024,1364337720
DEVELOPMENT,122,db87e6c265d45773bb6297db5af0c11f,limit_hopping_zero_chain6,chain6_hole_4,iid,1024,3110199285
DEVELOPMENT,122,fb5214d8d1bf5caa839f81a965024f62,limit_spin_density_zero_rect2x3,rect2x3_hole_2,iid,1024,2196071421
DEVELOPMENT,122,89bd5e9b58115b60bdad35f43f6437be,limit_spin_density_zero_rect2x3,rect2x3_hole_3,iid,1024,259507892
DEVELOPMENT,123,8d9f57771b025ad2b6da9e578278aa6a,limit_hopping_zero_chain6,chain6_hole_2,iid,1024,1701047362
DEVELOPMENT,123,db87e6c265d45773bb6297db5af0c11f,limit_hopping_zero_chain6,chain6_hole_4,iid,1024,1942080110
DEVELOPMENT,123,fb5214d8d1bf5caa839f81a965024f62,limit_spin_density_zero_rect2x3,rect2x3_hole_2,iid,1024,3828932014
DEVELOPMENT,123,89bd5e9b58115b60bdad35f43f6437be,limit_spin_density_zero_rect2x3,rect2x3_hole_3,iid,1024,685972526
DEVELOPMENT,124,8d9f57771b025ad2b6da9e578278aa6a,limit_hopping_zero_chain6,chain6_hole_2,iid,1024,2032178297
DEVELOPMENT,124,db87e6c265d45773bb6297db5af0c11f,limit_hopping_zero_chain6,chain6_hole_4,iid,1024,401520345
DEVELOPMENT,124,fb5214d8d1bf5caa839f81a965024f62,limit_spin_density_zero_rect2x3,rect2x3_hole_2,iid,1024,3257795867
DEVELOPMENT,124,89bd5e9b58115b60bdad35f43f6437be,limit_spin_density_zero_rect2x3,rect2x3_hole_3,iid,1024,4044262673
DEVELOPMENT,125,8d9f57771b025ad2b6da9e578278aa6a,limit_hopping_zero_chain6,chain6_hole_2,iid,1024,2179839442
DEVELOPMENT,125,db87e6c265d45773bb6297db5af0c11f,limit_hopping_zero_chain6,chain6_hole_4,iid,1024,1321986356
DEVELOPMENT,125,fb5214d8d1bf5caa839f81a965024f62,limit_spin_density_zero_rect2x3,rect2x3_hole_2,iid,1024,1984232435
DEVELOPMENT,125,89bd5e9b58115b60bdad35f43f6437be,limit_spin_density_zero_rect2x3,rect2x3_hole_3,iid,1024,822191058
DEVELOPMENT,126,8d9f57771b025ad2b6da9e578278aa6a,limit_hopping_zero_chain6,chain6_hole_2,iid,1024,1357194362
DEVELOPMENT,126,db87e6c265d45773bb6297db5af0c11f,limit_hopping_zero_chain6,chain6_hole_4,iid,1024,1427228594
DEVELOPMENT,126,fb5214d8d1bf5caa839f81a965024f62,limit_spin_density_zero_rect2x3,rect2x3_hole_2,iid,1024,1923953348
DEVELOPMENT,126,89bd5e9b58115b60bdad35f43f6437be,limit_spin_density_zero_rect2x3,rect2x3_hole_3,iid,1024,3942242351
DEVELOPMENT,127,8d9f57771b025ad2b6da9e578278aa6a,limit_hopping_zero_chain6,chain6_hole_2,iid,1024,3314906415
DEVELOPMENT,127,db87e6c265d45773bb6297db5af0c11f,limit_hopping_zero_chain6,chain6_hole_4,iid,1024,4274158758
DEVELOPMENT,127,fb5214d8d1bf5caa839f81a965024f62,limit_spin_density_zero_rect2x3,rect2x3_hole_2,iid,1024,1769225045
DEVELOPMENT,127,89bd5e9b58115b60bdad35f43f6437be,limit_spin_density_zero_rect2x3,rect2x3_hole_3,iid,1024,63648690
DEVELOPMENT,0,8d9f57771b025ad2b6da9e578278aa6a,limit_hopping_zero_chain6,chain6_hole_2,iid,2048,132816119
DEVELOPMENT,0,db87e6c265d45773bb6297db5af0c11f,limit_hopping_zero_chain6,chain6_hole_4,iid,2048,2597322992
DEVELOPMENT,0,fb5214d8d1bf5caa839f81a965024f62,limit_spin_density_zero_rect2x3,rect2x3_hole_2,iid,2048,1396147516
DEVELOPMENT,0,89bd5e9b58115b60bdad35f43f6437be,limit_spin_density_zero_rect2x3,rect2x3_hole_3,iid,2048,1909222343
DEVELOPMENT,1,8d9f57771b025ad2b6da9e578278aa6a,limit_hopping_zero_chain6,chain6_hole_2,iid,2048,1536922981
DEVELOPMENT,1,db87e6c265d45773bb6297db5af0c11f,limit_hopping_zero_chain6,chain6_hole_4,iid,2048,3652567232
DEVELOPMENT,1,fb5214d8d1bf5caa839f81a965024f62,limit_spin_density_zero_rect2x3,rect2x3_hole_2,iid,2048,2892102612
DEVELOPMENT,1,89bd5e9b58115b60bdad35f43f6437be,limit_spin_density_zero_rect2x3,rect2x3_hole_3,iid,2048,2892766671
DEVELOPMENT,2,8d9f57771b025ad2b6da9e578278aa6a,limit_hopping_zero_chain6,chain6_hole_2,iid,2048,1599263139
DEVELOPMENT,2,db87e6c265d45773bb6297db5af0c11f,limit_hopping_zero_chain6,chain6_hole_4,iid,2048,2981462805
DEVELOPMENT,2,fb5214d8d1bf5caa839f81a965024f62,limit_spin_density_zero_rect2x3,rect2x3_hole_2,iid,2048,124239130
DEVELOPMENT,2,89bd5e9b58115b60bdad35f43f6437be,limit_spin_density_zero_rect2x3,rect2x3_hole_3,iid,2048,1973440786
DEVELOPMENT,3,8d9f57771b025ad2b6da9e578278aa6a,limit_hopping_zero_chain6,chain6_hole_2,iid,2048,462889664
DEVELOPMENT,3,db87e6c265d45773bb6297db5af0c11f,limit_hopping_zero_chain6,chain6_hole_4,iid,2048,2992590618
DEVELOPMENT,3,fb5214d8d1bf5caa839f81a965024f62,limit_spin_density_zero_rect2x3,rect2x3_hole_2,iid,2048,1244671499
DEVELOPMENT,3,89bd5e9b58115b60bdad35f43f6437be,limit_spin_density_zero_rect2x3,rect2x3_hole_3,iid,2048,2802190597
DEVELOPMENT,4,8d9f57771b025ad2b6da9e578278aa6a,limit_hopping_zero_chain6,chain6_hole_2,iid,2048,664778243
DEVELOPMENT,4,db87e6c265d45773bb6297db5af0c11f,limit_hopping_zero_chain6,chain6_hole_4,iid,2048,2842245543
DEVELOPMENT,4,fb5214d8d1bf5caa839f81a965024f62,limit_spin_density_zero_rect2x3,rect2x3_hole_2,iid,2048,2706319818
DEVELOPMENT,4,89bd5e9b58115b60bdad35f43f6437be,limit_spin_density_zero_rect2x3,rect2x3_hole_3,iid,2048,1543077446
DEVELOPMENT,5,8d9f57771b025ad2b6da9e578278aa6a,limit_hopping_zero_chain6,chain6_hole_2,iid,2048,3452004417
DEVELOPMENT,5,db87e6c265d45773bb6297db5af0c11f,limit_hopping_zero_chain6,chain6_hole_4,iid,2048,1827878696
DEVELOPMENT,5,fb5214d8d1bf5caa839f81a965024f62,limit_spin_density_zero_rect2x3,rect2x3_hole_2,iid,2048,1858904892
DEVELOPMENT,5,89bd5e9b58115b60bdad35f43f6437be,limit_spin_density_zero_rect2x3,rect2x3_hole_3,iid,2048,2663811190
DEVELOPMENT,6,8d9f57771b025ad2b6da9e578278aa6a,limit_hopping_zero_chain6,chain6_hole_2,iid,2048,1522309378
DEVELOPMENT,6,db87e6c265d45773bb6297db5af0c11f,limit_hopping_zero_chain6,chain6_hole_4,iid,2048,2190922207
DEVELOPMENT,6,fb5214d8d1bf5caa839f81a965024f62,limit_spin_density_zero_rect2x3,rect2x3_hole_2,iid,2048,3122594137
DEVELOPMENT,6,89bd5e9b58115b60bdad35f43f6437be,limit_spin_density_zero_rect2x3,rect2x3_hole_3,iid,2048,1822220944
DEVELOPMENT,7,8d9f57771b025ad2b6da9e578278aa6a,limit_hopping_zero_chain6,chain6_hole_2,iid,2048,119148710
DEVELOPMENT,7,db87e6c265d45773bb6297db5af0c11f,limit_hopping_zero_chain6,chain6_hole_4,iid,2048,479325671
DEVELOPMENT,7,fb5214d8d1bf5caa839f81a965024f62,limit_spin_density_zero_rect2x3,rect2x3_hole_2,iid,2048,280224188
DEVELOPMENT,7,89bd5e9b58115b60bdad35f43f6437be,limit_spin_density_zero_rect2x3,rect2x3_hole_3,iid,2048,2311522182
DEVELOPMENT,8,8d9f57771b025ad2b6da9e578278aa6a,limit_hopping_zero_chain6,chain6_hole_2,iid,2048,2160278104
DEVELOPMENT,8,db87e6c265d45773bb6297db5af0c11f,limit_hopping_zero_chain6,chain6_hole_4,iid,2048,3097810125
DEVELOPMENT,8,fb5214d8d1bf5caa839f81a965024f62,limit_spin_density_zero_rect2x3,rect2x3_hole_2,iid,2048,835778090
DEVELOPMENT,8,89bd5e9b58115b60bdad35f43f6437be,limit_spin_density_zero_rect2x3,rect2x3_hole_3,iid,2048,1560438365
DEVELOPMENT,9,8d9f57771b025ad2b6da9e578278aa6a,limit_hopping_zero_chain6,chain6_hole_2,iid,2048,2723721134
DEVELOPMENT,9,db87e6c265d45773bb6297db5af0c11f,limit_hopping_zero_chain6,chain6_hole_4,iid,2048,800850657
DEVELOPMENT,9,fb5214d8d1bf5caa839f81a965024f62,limit_spin_density_zero_rect2x3,rect2x3_hole_2,iid,2048,2804252490
DEVELOPMENT,9,89bd5e9b58115b60bdad35f43f6437be,limit_spin_density_zero_rect2x3,rect2x3_hole_3,iid,2048,3461574198
DEVELOPMENT,10,8d9f57771b025ad2b6da9e578278aa6a,limit_hopping_zero_chain6,chain6_hole_2,iid,2048,1029489552
DEVELOPMENT,10,db87e6c265d45773bb6297db5af0c11f,limit_hopping_zero_chain6,chain6_hole_4,iid,2048,1627447446
DEVELOPMENT,10,fb5214d8d1bf5caa839f81a965024f62,limit_spin_density_zero_rect2x3,rect2x3_hole_2,iid,2048,2902190916
DEVELOPMENT,10,89bd5e9b58115b60bdad35f43f6437be,limit_spin_density_zero_rect2x3,rect2x3_hole_3,iid,2048,1813143810
DEVELOPMENT,11,8d9f57771b025ad2b6da9e578278aa6a,limit_hopping_zero_chain6,chain6_hole_2,iid,2048,970099799
DEVELOPMENT,11,db87e6c265d45773bb6297db5af0c11f,limit_hopping_zero_chain6,chain6_hole_4,iid,2048,2714186461
DEVELOPMENT,11,fb5214d8d1bf5caa839f81a965024f62,limit_spin_density_zero_rect2x3,rect2x3_hole_2,iid,2048,3256816759
DEVELOPMENT,11,89bd5e9b58115b60bdad35f43f6437be,limit_spin_density_zero_rect2x3,rect2x3_hole_3,iid,2048,1762551533
DEVELOPMENT,12,8d9f57771b025ad2b6da9e578278aa6a,limit_hopping_zero_chain6,chain6_hole_2,iid,2048,2429812644
DEVELOPMENT,12,db87e6c265d45773bb6297db5af0c11f,limit_hopping_zero_chain6,chain6_hole_4,iid,2048,2760976717
DEVELOPMENT,12,fb5214d8d1bf5caa839f81a965024f62,limit_spin_density_zero_rect2x3,rect2x3_hole_2,iid,2048,2197176683
DEVELOPMENT,12,89bd5e9b58115b60bdad35f43f6437be,limit_spin_density_zero_rect2x3,rect2x3_hole_3,iid,2048,2180514422
DEVELOPMENT,13,8d9f57771b025ad2b6da9e578278aa6a,limit_hopping_zero_chain6,chain6_hole_2,iid,2048,2110598030
DEVELOPMENT,13,db87e6c265d45773bb6297db5af0c11f,limit_hopping_zero_chain6,chain6_hole_4,iid,2048,2429761524
DEVELOPMENT,13,fb5214d8d1bf5caa839f81a965024f62,limit_spin_density_zero_rect2x3,rect2x3_hole_2,iid,2048,3953274843
DEVELOPMENT,13,89bd5e9b58115b60bdad35f43f6437be,limit_spin_density_zero_rect2x3,rect2x3_hole_3,iid,2048,2698841219
DEVELOPMENT,14,8d9f57771b025ad2b6da9e578278aa6a,limit_hopping_zero_chain6,chain6_hole_2,iid,2048,4206273044
DEVELOPMENT,14,db87e6c265d45773bb6297db5af0c11f,limit_hopping_zero_chain6,chain6_hole_4,iid,2048,3348236315
DEVELOPMENT,14,fb5214d8d1bf5caa839f81a965024f62,limit_spin_density_zero_rect2x3,rect2x3_hole_2,iid,2048,757300353
DEVELOPMENT,14,89bd5e9b58115b60bdad35f43f6437be,limit_spin_density_zero_rect2x3,rect2x3_hole_3,iid,2048,2856883059
DEVELOPMENT,15,8d9f57771b025ad2b6da9e578278aa6a,limit_hopping_zero_chain6,chain6_hole_2,iid,2048,2476112580
DEVELOPMENT,15,db87e6c265d45773bb6297db5af0c11f,limit_hopping_zero_chain6,chain6_hole_4,iid,2048,2103454148
DEVELOPMENT,15,fb5214d8d1bf5caa839f81a965024f62,limit_spin_density_zero_rect2x3,rect2x3_hole_2,iid,2048,3383099949
DEVELOPMENT,15,89bd5e9b58115b60bdad35f43f6437be,limit_spin_density_zero_rect2x3,rect2x3_hole_3,iid,2048,1798035945
DEVELOPMENT,16,8d9f57771b025ad2b6da9e578278aa6a,limit_hopping_zero_chain6,chain6_hole_2,iid,2048,2186259937
DEVELOPMENT,16,db87e6c265d45773bb6297db5af0c11f,limit_hopping_zero_chain6,chain6_hole_4,iid,2048,4163448236
DEVELOPMENT,16,fb5214d8d1bf5caa839f81a965024f62,limit_spin_density_zero_rect2x3,rect2x3_hole_2,iid,2048,3145639162
DEVELOPMENT,16,89bd5e9b58115b60bdad35f43f6437be,limit_spin_density_zero_rect2x3,rect2x3_hole_3,iid,2048,3779657642
DEVELOPMENT,17,8d9f57771b025ad2b6da9e578278aa6a,limit_hopping_zero_chain6,chain6_hole_2,iid,2048,745453728
DEVELOPMENT,17,db87e6c265d45773bb6297db5af0c11f,limit_hopping_zero_chain6,chain6_hole_4,iid,2048,3746790455
DEVELOPMENT,17,fb5214d8d1bf5caa839f81a965024f62,limit_spin_density_zero_rect2x3,rect2x3_hole_2,iid,2048,1961109646
DEVELOPMENT,17,89bd5e9b58115b60bdad35f43f6437be,limit_spin_density_zero_rect2x3,rect2x3_hole_3,iid,2048,1050165937
DEVELOPMENT,18,8d9f57771b025ad2b6da9e578278aa6a,limit_hopping_zero_chain6,chain6_hole_2,iid,2048,2456650183
DEVELOPMENT,18,db87e6c265d45773bb6297db5af0c11f,limit_hopping_zero_chain6,chain6_hole_4,iid,2048,250517543
DEVELOPMENT,18,fb5214d8d1bf5caa839f81a965024f62,limit_spin_density_zero_rect2x3,rect2x3_hole_2,iid,2048,3449756057
DEVELOPMENT,18,89bd5e9b58115b60bdad35f43f6437be,limit_spin_density_zero_rect2x3,rect2x3_hole_3,iid,2048,1147112533
DEVELOPMENT,19,8d9f57771b025ad2b6da9e578278aa6a,limit_hopping_zero_chain6,chain6_hole_2,iid,2048,4211155456
DEVELOPMENT,19,db87e6c265d45773bb6297db5af0c11f,limit_hopping_zero_chain6,chain6_hole_4,iid,2048,3541442854
DEVELOPMENT,19,fb5214d8d1bf5caa839f81a965024f62,limit_spin_density_zero_rect2x3,rect2x3_hole_2,iid,2048,4204541749
DEVELOPMENT,19,89bd5e9b58115b60bdad35f43f6437be,limit_spin_density_zero_rect2x3,rect2x3_hole_3,iid,2048,2359199007
DEVELOPMENT,20,8d9f57771b025ad2b6da9e578278aa6a,limit_hopping_zero_chain6,chain6_hole_2,iid,2048,976618937
DEVELOPMENT,20,db87e6c265d45773bb6297db5af0c11f,limit_hopping_zero_chain6,chain6_hole_4,iid,2048,1024436417
DEVELOPMENT,20,fb5214d8d1bf5caa839f81a965024f62,limit_spin_density_zero_rect2x3,rect2x3_hole_2,iid,2048,3028903582
DEVELOPMENT,20,89bd5e9b58115b60bdad35f43f6437be,limit_spin_density_zero_rect2x3,rect2x3_hole_3,iid,2048,3626926200
DEVELOPMENT,21,8d9f57771b025ad2b6da9e578278aa6a,limit_hopping_zero_chain6,chain6_hole_2,iid,2048,2703550757
DEVELOPMENT,21,db87e6c265d45773bb6297db5af0c11f,limit_hopping_zero_chain6,chain6_hole_4,iid,2048,2427838770
DEVELOPMENT,21,fb5214d8d1bf5caa839f81a965024f62,limit_spin_density_zero_rect2x3,rect2x3_hole_2,iid,2048,2229010231
DEVELOPMENT,21,89bd5e9b58115b60bdad35f43f6437be,limit_spin_density_zero_rect2x3,rect2x3_hole_3,iid,2048,413495527
DEVELOPMENT,22,8d9f57771b025ad2b6da9e578278aa6a,limit_hopping_zero_chain6,chain6_hole_2,iid,2048,3134970808
DEVELOPMENT,22,db87e6c265d45773bb6297db5af0c11f,limit_hopping_zero_chain6,chain6_hole_4,iid,2048,3209016241
DEVELOPMENT,22,fb5214d8d1bf5caa839f81a965024f62,limit_spin_density_zero_rect2x3,rect2x3_hole_2,iid,2048,2898051415
DEVELOPMENT,22,89bd5e9b58115b60bdad35f43f6437be,limit_spin_density_zero_rect2x3,rect2x3_hole_3,iid,2048,2145106455
DEVELOPMENT,23,8d9f57771b025ad2b6da9e578278aa6a,limit_hopping_zero_chain6,chain6_hole_2,iid,2048,3649215295
DEVELOPMENT,23,db87e6c265d45773bb6297db5af0c11f,limit_hopping_zero_chain6,chain6_hole_4,iid,2048,4015219383
DEVELOPMENT,23,fb5214d8d1bf5caa839f81a965024f62,limit_spin_density_zero_rect2x3,rect2x3_hole_2,iid,2048,1975641987
DEVELOPMENT,23,89bd5e9b58115b60bdad35f43f6437be,limit_spin_density_zero_rect2x3,rect2x3_hole_3,iid,2048,1205068862
DEVELOPMENT,24,8d9f57771b025ad2b6da9e578278aa6a,limit_hopping_zero_chain6,chain6_hole_2,iid,2048,3859589812
DEVELOPMENT,24,db87e6c265d45773bb6297db5af0c11f,limit_hopping_zero_chain6,chain6_hole_4,iid,2048,1610145820
DEVELOPMENT,24,fb5214d8d1bf5caa839f81a965024f62,limit_spin_density_zero_rect2x3,rect2x3_hole_2,iid,2048,2405595525
DEVELOPMENT,24,89bd5e9b58115b60bdad35f43f6437be,limit_spin_density_zero_rect2x3,rect2x3_hole_3,iid,2048,3497822726
DEVELOPMENT,25,8d9f57771b025ad2b6da9e578278aa6a,limit_hopping_zero_chain6,chain6_hole_2,iid,2048,1026033542
DEVELOPMENT,25,db87e6c265d45773bb6297db5af0c11f,limit_hopping_zero_chain6,chain6_hole_4,iid,2048,2946514481
DEVELOPMENT,25,fb5214d8d1bf5caa839f81a965024f62,limit_spin_density_zero_rect2x3,rect2x3_hole_2,iid,2048,2610389993
DEVELOPMENT,25,89bd5e9b58115b60bdad35f43f6437be,limit_spin_density_zero_rect2x3,rect2x3_hole_3,iid,2048,1526568566
DEVELOPMENT,26,8d9f57771b025ad2b6da9e578278aa6a,limit_hopping_zero_chain6,chain6_hole_2,iid,2048,742132267
DEVELOPMENT,26,db87e6c265d45773bb6297db5af0c11f,limit_hopping_zero_chain6,chain6_hole_4,iid,2048,2103645570
DEVELOPMENT,26,fb5214d8d1bf5caa839f81a965024f62,limit_spin_density_zero_rect2x3,rect2x3_hole_2,iid,2048,2291517854
DEVELOPMENT,26,89bd5e9b58115b60bdad35f43f6437be,limit_spin_density_zero_rect2x3,rect2x3_hole_3,iid,2048,3046167385
DEVELOPMENT,27,8d9f57771b025ad2b6da9e578278aa6a,limit_hopping_zero_chain6,chain6_hole_2,iid,2048,3940038708
DEVELOPMENT,27,db87e6c265d45773bb6297db5af0c11f,limit_hopping_zero_chain6,chain6_hole_4,iid,2048,2594652732
DEVELOPMENT,27,fb5214d8d1bf5caa839f81a965024f62,limit_spin_density_zero_rect2x3,rect2x3_hole_2,iid,2048,2496427431
DEVELOPMENT,27,89bd5e9b58115b60bdad35f43f6437be,limit_spin_density_zero_rect2x3,rect2x3_hole_3,iid,2048,1084720814
DEVELOPMENT,28,8d9f57771b025ad2b6da9e578278aa6a,limit_hopping_zero_chain6,chain6_hole_2,iid,2048,3440302750
DEVELOPMENT,28,db87e6c265d45773bb6297db5af0c11f,limit_hopping_zero_chain6,chain6_hole_4,iid,2048,519762774
DEVELOPMENT,28,fb5214d8d1bf5caa839f81a965024f62,limit_spin_density_zero_rect2x3,rect2x3_hole_2,iid,2048,308316957
DEVELOPMENT,28,89bd5e9b58115b60bdad35f43f6437be,limit_spin_density_zero_rect2x3,rect2x3_hole_3,iid,2048,308877755
DEVELOPMENT,29,8d9f57771b025ad2b6da9e578278aa6a,limit_hopping_zero_chain6,chain6_hole_2,iid,2048,772306535
DEVELOPMENT,29,db87e6c265d45773bb6297db5af0c11f,limit_hopping_zero_chain6,chain6_hole_4,iid,2048,1322140654
DEVELOPMENT,29,fb5214d8d1bf5caa839f81a965024f62,limit_spin_density_zero_rect2x3,rect2x3_hole_2,iid,2048,3249483148
DEVELOPMENT,29,89bd5e9b58115b60bdad35f43f6437be,limit_spin_density_zero_rect2x3,rect2x3_hole_3,iid,2048,3408989552
DEVELOPMENT,30,8d9f57771b025ad2b6da9e578278aa6a,limit_hopping_zero_chain6,chain6_hole_2,iid,2048,4109096915
DEVELOPMENT,30,db87e6c265d45773bb6297db5af0c11f,limit_hopping_zero_chain6,chain6_hole_4,iid,2048,3552208153
DEVELOPMENT,30,fb5214d8d1bf5caa839f81a965024f62,limit_spin_density_zero_rect2x3,rect2x3_hole_2,iid,2048,2437851870
DEVELOPMENT,30,89bd5e9b58115b60bdad35f43f6437be,limit_spin_density_zero_rect2x3,rect2x3_hole_3,iid,2048,1700496762
DEVELOPMENT,31,8d9f57771b025ad2b6da9e578278aa6a,limit_hopping_zero_chain6,chain6_hole_2,iid,2048,4263247643
DEVELOPMENT,31,db87e6c265d45773bb6297db5af0c11f,limit_hopping_zero_chain6,chain6_hole_4,iid,2048,957794754
DEVELOPMENT,31,fb5214d8d1bf5caa839f81a965024f62,limit_spin_density_zero_rect2x3,rect2x3_hole_2,iid,2048,32863941
DEVELOPMENT,31,89bd5e9b58115b60bdad35f43f6437be,limit_spin_density_zero_rect2x3,rect2x3_hole_3,iid,2048,2350500255
DEVELOPMENT,32,8d9f57771b025ad2b6da9e578278aa6a,limit_hopping_zero_chain6,chain6_hole_2,iid,2048,3899892442
DEVELOPMENT,32,db87e6c265d45773bb6297db5af0c11f,limit_hopping_zero_chain6,chain6_hole_4,iid,2048,1007181793
DEVELOPMENT,32,fb5214d8d1bf5caa839f81a965024f62,limit_spin_density_zero_rect2x3,rect2x3_hole_2,iid,2048,2705941033
DEVELOPMENT,32,89bd5e9b58115b60bdad35f43f6437be,limit_spin_density_zero_rect2x3,rect2x3_hole_3,iid,2048,4011747131
DEVELOPMENT,33,8d9f57771b025ad2b6da9e578278aa6a,limit_hopping_zero_chain6,chain6_hole_2,iid,2048,845491822
DEVELOPMENT,33,db87e6c265d45773bb6297db5af0c11f,limit_hopping_zero_chain6,chain6_hole_4,iid,2048,3007862402
DEVELOPMENT,33,fb5214d8d1bf5caa839f81a965024f62,limit_spin_density_zero_rect2x3,rect2x3_hole_2,iid,2048,319767451
DEVELOPMENT,33,89bd5e9b58115b60bdad35f43f6437be,limit_spin_density_zero_rect2x3,rect2x3_hole_3,iid,2048,366119612
DEVELOPMENT,34,8d9f57771b025ad2b6da9e578278aa6a,limit_hopping_zero_chain6,chain6_hole_2,iid,2048,1076764095
DEVELOPMENT,34,db87e6c265d45773bb6297db5af0c11f,limit_hopping_zero_chain6,chain6_hole_4,iid,2048,3405328889
DEVELOPMENT,34,fb5214d8d1bf5caa839f81a965024f62,limit_spin_density_zero_rect2x3,rect2x3_hole_2,iid,2048,3552580165
DEVELOPMENT,34,89bd5e9b58115b60bdad35f43f6437be,limit_spin_density_zero_rect2x3,rect2x3_hole_3,iid,2048,1409008110
DEVELOPMENT,35,8d9f57771b025ad2b6da9e578278aa6a,limit_hopping_zero_chain6,chain6_hole_2,iid,2048,3073583927
DEVELOPMENT,35,db87e6c265d45773bb6297db5af0c11f,limit_hopping_zero_chain6,chain6_hole_4,iid,2048,3829413538
DEVELOPMENT,35,fb5214d8d1bf5caa839f81a965024f62,limit_spin_density_zero_rect2x3,rect2x3_hole_2,iid,2048,1889505430
DEVELOPMENT,35,89bd5e9b58115b60bdad35f43f6437be,limit_spin_density_zero_rect2x3,rect2x3_hole_3,iid,2048,3411386721
DEVELOPMENT,36,8d9f57771b025ad2b6da9e578278aa6a,limit_hopping_zero_chain6,chain6_hole_2,iid,2048,2155592378
DEVELOPMENT,36,db87e6c265d45773bb6297db5af0c11f,limit_hopping_zero_chain6,chain6_hole_4,iid,2048,136487456
DEVELOPMENT,36,fb5214d8d1bf5caa839f81a965024f62,limit_spin_density_zero_rect2x3,rect2x3_hole_2,iid,2048,318983910
DEVELOPMENT,36,89bd5e9b58115b60bdad35f43f6437be,limit_spin_density_zero_rect2x3,rect2x3_hole_3,iid,2048,1191689494
DEVELOPMENT,37,8d9f57771b025ad2b6da9e578278aa6a,limit_hopping_zero_chain6,chain6_hole_2,iid,2048,3536086124
DEVELOPMENT,37,db87e6c265d45773bb6297db5af0c11f,limit_hopping_zero_chain6,chain6_hole_4,iid,2048,2643989536
DEVELOPMENT,37,fb5214d8d1bf5caa839f81a965024f62,limit_spin_density_zero_rect2x3,rect2x3_hole_2,iid,2048,3383911321
DEVELOPMENT,37,89bd5e9b58115b60bdad35f43f6437be,limit_spin_density_zero_rect2x3,rect2x3_hole_3,iid,2048,1518406973
DEVELOPMENT,38,8d9f57771b025ad2b6da9e578278aa6a,limit_hopping_zero_chain6,chain6_hole_2,iid,2048,249211295
DEVELOPMENT,38,db87e6c265d45773bb6297db5af0c11f,limit_hopping_zero_chain6,chain6_hole_4,iid,2048,220521239
DEVELOPMENT,38,fb5214d8d1bf5caa839f81a965024f62,limit_spin_density_zero_rect2x3,rect2x3_hole_2,iid,2048,2749390674
DEVELOPMENT,38,89bd5e9b58115b60bdad35f43f6437be,limit_spin_density_zero_rect2x3,rect2x3_hole_3,iid,2048,2130512247
DEVELOPMENT,39,8d9f57771b025ad2b6da9e578278aa6a,limit_hopping_zero_chain6,chain6_hole_2,iid,2048,1324042092
DEVELOPMENT,39,db87e6c265d45773bb6297db5af0c11f,limit_hopping_zero_chain6,chain6_hole_4,iid,2048,4152684394
DEVELOPMENT,39,fb5214d8d1bf5caa839f81a965024f62,limit_spin_density_zero_rect2x3,rect2x3_hole_2,iid,2048,1938305740
DEVELOPMENT,39,89bd5e9b58115b60bdad35f43f6437be,limit_spin_density_zero_rect2x3,rect2x3_hole_3,iid,2048,652885281
DEVELOPMENT,40,8d9f57771b025ad2b6da9e578278aa6a,limit_hopping_zero_chain6,chain6_hole_2,iid,2048,299038360
DEVELOPMENT,40,db87e6c265d45773bb6297db5af0c11f,limit_hopping_zero_chain6,chain6_hole_4,iid,2048,3746853052
DEVELOPMENT,40,fb5214d8d1bf5caa839f81a965024f62,limit_spin_density_zero_rect2x3,rect2x3_hole_2,iid,2048,592589980
DEVELOPMENT,40,89bd5e9b58115b60bdad35f43f6437be,limit_spin_density_zero_rect2x3,rect2x3_hole_3,iid,2048,3200383401
DEVELOPMENT,41,8d9f57771b025ad2b6da9e578278aa6a,limit_hopping_zero_chain6,chain6_hole_2,iid,2048,233369211
DEVELOPMENT,41,db87e6c265d45773bb6297db5af0c11f,limit_hopping_zero_chain6,chain6_hole_4,iid,2048,637072238
DEVELOPMENT,41,fb5214d8d1bf5caa839f81a965024f62,limit_spin_density_zero_rect2x3,rect2x3_hole_2,iid,2048,3084393538
DEVELOPMENT,41,89bd5e9b58115b60bdad35f43f6437be,limit_spin_density_zero_rect2x3,rect2x3_hole_3,iid,2048,3150759276
DEVELOPMENT,42,8d9f57771b025ad2b6da9e578278aa6a,limit_hopping_zero_chain6,chain6_hole_2,iid,2048,1108161993
DEVELOPMENT,42,db87e6c265d45773bb6297db5af0c11f,limit_hopping_zero_chain6,chain6_hole_4,iid,2048,3304938173
DEVELOPMENT,42,fb5214d8d1bf5caa839f81a965024f62,limit_spin_density_zero_rect2x3,rect2x3_hole_2,iid,2048,2824928413
DEVELOPMENT,42,89bd5e9b58115b60bdad35f43f6437be,limit_spin_density_zero_rect2x3,rect2x3_hole_3,iid,2048,106665866
DEVELOPMENT,43,8d9f57771b025ad2b6da9e578278aa6a,limit_hopping_zero_chain6,chain6_hole_2,iid,2048,36466758
DEVELOPMENT,43,db87e6c265d45773bb6297db5af0c11f,limit_hopping_zero_chain6,chain6_hole_4,iid,2048,2861867034
DEVELOPMENT,43,fb5214d8d1bf5caa839f81a965024f62,limit_spin_density_zero_rect2x3,rect2x3_hole_2,iid,2048,4136707471
DEVELOPMENT,43,89bd5e9b58115b60bdad35f43f6437be,limit_spin_density_zero_rect2x3,rect2x3_hole_3,iid,2048,1007606401
DEVELOPMENT,44,8d9f57771b025ad2b6da9e578278aa6a,limit_hopping_zero_chain6,chain6_hole_2,iid,2048,1978154634
DEVELOPMENT,44,db87e6c265d45773bb6297db5af0c11f,limit_hopping_zero_chain6,chain6_hole_4,iid,2048,3777449469
DEVELOPMENT,44,fb5214d8d1bf5caa839f81a965024f62,limit_spin_density_zero_rect2x3,rect2x3_hole_2,iid,2048,3038931646
DEVELOPMENT,44,89bd5e9b58115b60bdad35f43f6437be,limit_spin_density_zero_rect2x3,rect2x3_hole_3,iid,2048,2428793728
DEVELOPMENT,45,8d9f57771b025ad2b6da9e578278aa6a,limit_hopping_zero_chain6,chain6_hole_2,iid,2048,1684300674
DEVELOPMENT,45,db87e6c265d45773bb6297db5af0c11f,limit_hopping_zero_chain6,chain6_hole_4,iid,2048,2680428610
DEVELOPMENT,45,fb5214d8d1bf5caa839f81a965024f62,limit_spin_density_zero_rect2x3,rect2x3_hole_2,iid,2048,3235247950
DEVELOPMENT,45,89bd5e9b58115b60bdad35f43f6437be,limit_spin_density_zero_rect2x3,rect2x3_hole_3,iid,2048,3076803446
DEVELOPMENT,46,8d9f57771b025ad2b6da9e578278aa6a,limit_hopping_zero_chain6,chain6_hole_2,iid,2048,878729759
DEVELOPMENT,46,db87e6c265d45773bb6297db5af0c11f,limit_hopping_zero_chain6,chain6_hole_4,iid,2048,982923757
DEVELOPMENT,46,fb5214d8d1bf5caa839f81a965024f62,limit_spin_density_zero_rect2x3,rect2x3_hole_2,iid,2048,1497968522
DEVELOPMENT,46,89bd5e9b58115b60bdad35f43f6437be,limit_spin_density_zero_rect2x3,rect2x3_hole_3,iid,2048,2735776365
DEVELOPMENT,47,8d9f57771b025ad2b6da9e578278aa6a,limit_hopping_zero_chain6,chain6_hole_2,iid,2048,1965359315
DEVELOPMENT,47,db87e6c265d45773bb6297db5af0c11f,limit_hopping_zero_chain6,chain6_hole_4,iid,2048,636902121
DEVELOPMENT,47,fb5214d8d1bf5caa839f81a965024f62,limit_spin_density_zero_rect2x3,rect2x3_hole_2,iid,2048,2384630419
DEVELOPMENT,47,89bd5e9b58115b60bdad35f43f6437be,limit_spin_density_zero_rect2x3,rect2x3_hole_3,iid,2048,1173154770
DEVELOPMENT,48,8d9f57771b025ad2b6da9e578278aa6a,limit_hopping_zero_chain6,chain6_hole_2,iid,2048,4283545212
DEVELOPMENT,48,db87e6c265d45773bb6297db5af0c11f,limit_hopping_zero_chain6,chain6_hole_4,iid,2048,3795970593
DEVELOPMENT,48,fb5214d8d1bf5caa839f81a965024f62,limit_spin_density_zero_rect2x3,rect2x3_hole_2,iid,2048,3429572936
DEVELOPMENT,48,89bd5e9b58115b60bdad35f43f6437be,limit_spin_density_zero_rect2x3,rect2x3_hole_3,iid,2048,1642344882
DEVELOPMENT,49,8d9f57771b025ad2b6da9e578278aa6a,limit_hopping_zero_chain6,chain6_hole_2,iid,2048,1740357245
DEVELOPMENT,49,db87e6c265d45773bb6297db5af0c11f,limit_hopping_zero_chain6,chain6_hole_4,iid,2048,1115599951
DEVELOPMENT,49,fb5214d8d1bf5caa839f81a965024f62,limit_spin_density_zero_rect2x3,rect2x3_hole_2,iid,2048,3993485429
DEVELOPMENT,49,89bd5e9b58115b60bdad35f43f6437be,limit_spin_density_zero_rect2x3,rect2x3_hole_3,iid,2048,3878946461
DEVELOPMENT,50,8d9f57771b025ad2b6da9e578278aa6a,limit_hopping_zero_chain6,chain6_hole_2,iid,2048,4097791429
DEVELOPMENT,50,db87e6c265d45773bb6297db5af0c11f,limit_hopping_zero_chain6,chain6_hole_4,iid,2048,2522480478
DEVELOPMENT,50,fb5214d8d1bf5caa839f81a965024f62,limit_spin_density_zero_rect2x3,rect2x3_hole_2,iid,2048,1519894613
DEVELOPMENT,50,89bd5e9b58115b60bdad35f43f6437be,limit_spin_density_zero_rect2x3,rect2x3_hole_3,iid,2048,1967868970
DEVELOPMENT,51,8d9f57771b025ad2b6da9e578278aa6a,limit_hopping_zero_chain6,chain6_hole_2,iid,2048,757774937
DEVELOPMENT,51,db87e6c265d45773bb6297db5af0c11f,limit_hopping_zero_chain6,chain6_hole_4,iid,2048,1436306192
DEVELOPMENT,51,fb5214d8d1bf5caa839f81a965024f62,limit_spin_density_zero_rect2x3,rect2x3_hole_2,iid,2048,1865402493
DEVELOPMENT,51,89bd5e9b58115b60bdad35f43f6437be,limit_spin_density_zero_rect2x3,rect2x3_hole_3,iid,2048,860972121
DEVELOPMENT,52,8d9f57771b025ad2b6da9e578278aa6a,limit_hopping_zero_chain6,chain6_hole_2,iid,2048,718547861
DEVELOPMENT,52,db87e6c265d45773bb6297db5af0c11f,limit_hopping_zero_chain6,chain6_hole_4,iid,2048,3172239544
DEVELOPMENT,52,fb5214d8d1bf5caa839f81a965024f62,limit_spin_density_zero_rect2x3,rect2x3_hole_2,iid,2048,2443230131
DEVELOPMENT,52,89bd5e9b58115b60bdad35f43f6437be,limit_spin_density_zero_rect2x3,rect2x3_hole_3,iid,2048,1329113666
DEVELOPMENT,53,8d9f57771b025ad2b6da9e578278aa6a,limit_hopping_zero_chain6,chain6_hole_2,iid,2048,1238712078
DEVELOPMENT,53,db87e6c265d45773bb6297db5af0c11f,limit_hopping_zero_chain6,chain6_hole_4,iid,2048,1265056932
DEVELOPMENT,53,fb5214d8d1bf5caa839f81a965024f62,limit_spin_density_zero_rect2x3,rect2x3_hole_2,iid,2048,249887010
DEVELOPMENT,53,89bd5e9b58115b60bdad35f43f6437be,limit_spin_density_zero_rect2x3,rect2x3_hole_3,iid,2048,3413943205
DEVELOPMENT,54,8d9f57771b025ad2b6da9e578278aa6a,limit_hopping_zero_chain6,chain6_hole_2,iid,2048,2807905460
DEVELOPMENT,54,db87e6c265d45773bb6297db5af0c11f,limit_hopping_zero_chain6,chain6_hole_4,iid,2048,3759803410
DEVELOPMENT,54,fb5214d8d1bf5caa839f81a965024f62,limit_spin_density_zero_rect2x3,rect2x3_hole_2,iid,2048,2548295510
DEVELOPMENT,54,89bd5e9b58115b60bdad35f43f6437be,limit_spin_density_zero_rect2x3,rect2x3_hole_3,iid,2048,1812479865
DEVELOPMENT,55,8d9f57771b025ad2b6da9e578278aa6a,limit_hopping_zero_chain6,chain6_hole_2,iid,2048,3110607635
DEVELOPMENT,55,db87e6c265d45773bb6297db5af0c11f,limit_hopping_zero_chain6,chain6_hole_4,iid,2048,2054688214
DEVELOPMENT,55,fb5214d8d1bf5caa839f81a965024f62,limit_spin_density_zero_rect2x3,rect2x3_hole_2,iid,2048,783949014
DEVELOPMENT,55,89bd5e9b58115b60bdad35f43f6437be,limit_spin_density_zero_rect2x3,rect2x3_hole_3,iid,2048,3771801130
DEVELOPMENT,56,8d9f57771b025ad2b6da9e578278aa6a,limit_hopping_zero_chain6,chain6_hole_2,iid,2048,3850695101
DEVELOPMENT,56,db87e6c265d45773bb6297db5af0c11f,limit_hopping_zero_chain6,chain6_hole_4,iid,2048,2328376411
DEVELOPMENT,56,fb5214d8d1bf5caa839f81a965024f62,limit_spin_density_zero_rect2x3,rect2x3_hole_2,iid,2048,2670126056
DEVELOPMENT,56,89bd5e9b58115b60bdad35f43f6437be,limit_spin_density_zero_rect2x3,rect2x3_hole_3,iid,2048,3048395362
DEVELOPMENT,57,8d9f57771b025ad2b6da9e578278aa6a,limit_hopping_zero_chain6,chain6_hole_2,iid,2048,544136190
DEVELOPMENT,57,db87e6c265d45773bb6297db5af0c11f,limit_hopping_zero_chain6,chain6_hole_4,iid,2048,1337273765
DEVELOPMENT,57,fb5214d8d1bf5caa839f81a965024f62,limit_spin_density_zero_rect2x3,rect2x3_hole_2,iid,2048,52224047
DEVELOPMENT,57,89bd5e9b58115b60bdad35f43f6437be,limit_spin_density_zero_rect2x3,rect2x3_hole_3,iid,2048,3184167927
DEVELOPMENT,58,8d9f57771b025ad2b6da9e578278aa6a,limit_hopping_zero_chain6,chain6_hole_2,iid,2048,32757692
DEVELOPMENT,58,db87e6c265d45773bb6297db5af0c11f,limit_hopping_zero_chain6,chain6_hole_4,iid,2048,954432596
DEVELOPMENT,58,fb5214d8d1bf5caa839f81a965024f62,limit_spin_density_zero_rect2x3,rect2x3_hole_2,iid,2048,1181203349
DEVELOPMENT,58,89bd5e9b58115b60bdad35f43f6437be,limit_spin_density_zero_rect2x3,rect2x3_hole_3,iid,2048,1509048106
DEVELOPMENT,59,8d9f57771b025ad2b6da9e578278aa6a,limit_hopping_zero_chain6,chain6_hole_2,iid,2048,2717625292
DEVELOPMENT,59,db87e6c265d45773bb6297db5af0c11f,limit_hopping_zero_chain6,chain6_hole_4,iid,2048,693998457
DEVELOPMENT,59,fb5214d8d1bf5caa839f81a965024f62,limit_spin_density_zero_rect2x3,rect2x3_hole_2,iid,2048,810218799
DEVELOPMENT,59,89bd5e9b58115b60bdad35f43f6437be,limit_spin_density_zero_rect2x3,rect2x3_hole_3,iid,2048,935168101
DEVELOPMENT,60,8d9f57771b025ad2b6da9e578278aa6a,limit_hopping_zero_chain6,chain6_hole_2,iid,2048,75909636
DEVELOPMENT,60,db87e6c265d45773bb6297db5af0c11f,limit_hopping_zero_chain6,chain6_hole_4,iid,2048,4076494012
DEVELOPMENT,60,fb5214d8d1bf5caa839f81a965024f62,limit_spin_density_zero_rect2x3,rect2x3_hole_2,iid,2048,263191158
DEVELOPMENT,60,89bd5e9b58115b60bdad35f43f6437be,limit_spin_density_zero_rect2x3,rect2x3_hole_3,iid,2048,471533490
DEVELOPMENT,61,8d9f57771b025ad2b6da9e578278aa6a,limit_hopping_zero_chain6,chain6_hole_2,iid,2048,1959089035
DEVELOPMENT,61,db87e6c265d45773bb6297db5af0c11f,limit_hopping_zero_chain6,chain6_hole_4,iid,2048,1060993384
DEVELOPMENT,61,fb5214d8d1bf5caa839f81a965024f62,limit_spin_density_zero_rect2x3,rect2x3_hole_2,iid,2048,1601663881
DEVELOPMENT,61,89bd5e9b58115b60bdad35f43f6437be,limit_spin_density_zero_rect2x3,rect2x3_hole_3,iid,2048,1472223458
DEVELOPMENT,62,8d9f57771b025ad2b6da9e578278aa6a,limit_hopping_zero_chain6,chain6_hole_2,iid,2048,2872272546
DEVELOPMENT,62,db87e6c265d45773bb6297db5af0c11f,limit_hopping_zero_chain6,chain6_hole_4,iid,2048,2290612444
DEVELOPMENT,62,fb5214d8d1bf5caa839f81a965024f62,limit_spin_density_zero_rect2x3,rect2x3_hole_2,iid,2048,412440997
DEVELOPMENT,62,89bd5e9b58115b60bdad35f43f6437be,limit_spin_density_zero_rect2x3,rect2x3_hole_3,iid,2048,2388025954
DEVELOPMENT,63,8d9f57771b025ad2b6da9e578278aa6a,limit_hopping_zero_chain6,chain6_hole_2,iid,2048,823301481
DEVELOPMENT,63,db87e6c265d45773bb6297db5af0c11f,limit_hopping_zero_chain6,chain6_hole_4,iid,2048,1973381760
DEVELOPMENT,63,fb5214d8d1bf5caa839f81a965024f62,limit_spin_density_zero_rect2x3,rect2x3_hole_2,iid,2048,1215711835
DEVELOPMENT,63,89bd5e9b58115b60bdad35f43f6437be,limit_spin_density_zero_rect2x3,rect2x3_hole_3,iid,2048,1180247633
DEVELOPMENT,64,8d9f57771b025ad2b6da9e578278aa6a,limit_hopping_zero_chain6,chain6_hole_2,iid,2048,2186467486
DEVELOPMENT,64,db87e6c265d45773bb6297db5af0c11f,limit_hopping_zero_chain6,chain6_hole_4,iid,2048,3462271742
DEVELOPMENT,64,fb5214d8d1bf5caa839f81a965024f62,limit_spin_density_zero_rect2x3,rect2x3_hole_2,iid,2048,593260131
DEVELOPMENT,64,89bd5e9b58115b60bdad35f43f6437be,limit_spin_density_zero_rect2x3,rect2x3_hole_3,iid,2048,3800628728
DEVELOPMENT,65,8d9f57771b025ad2b6da9e578278aa6a,limit_hopping_zero_chain6,chain6_hole_2,iid,2048,319677337
DEVELOPMENT,65,db87e6c265d45773bb6297db5af0c11f,limit_hopping_zero_chain6,chain6_hole_4,iid,2048,2709011439
DEVELOPMENT,65,fb5214d8d1bf5caa839f81a965024f62,limit_spin_density_zero_rect2x3,rect2x3_hole_2,iid,2048,40615390
DEVELOPMENT,65,89bd5e9b58115b60bdad35f43f6437be,limit_spin_density_zero_rect2x3,rect2x3_hole_3,iid,2048,3137524872
DEVELOPMENT,66,8d9f57771b025ad2b6da9e578278aa6a,limit_hopping_zero_chain6,chain6_hole_2,iid,2048,3593277747
DEVELOPMENT,66,db87e6c265d45773bb6297db5af0c11f,limit_hopping_zero_chain6,chain6_hole_4,iid,2048,337304286
DEVELOPMENT,66,fb5214d8d1bf5caa839f81a965024f62,limit_spin_density_zero_rect2x3,rect2x3_hole_2,iid,2048,219430519
DEVELOPMENT,66,89bd5e9b58115b60bdad35f43f6437be,limit_spin_density_zero_rect2x3,rect2x3_hole_3,iid,2048,3103219370
DEVELOPMENT,67,8d9f57771b025ad2b6da9e578278aa6a,limit_hopping_zero_chain6,chain6_hole_2,iid,2048,169190135
DEVELOPMENT,67,db87e6c265d45773bb6297db5af0c11f,limit_hopping_zero_chain6,chain6_hole_4,iid,2048,3476249975
DEVELOPMENT,67,fb5214d8d1bf5caa839f81a965024f62,limit_spin_density_zero_rect2x3,rect2x3_hole_2,iid,2048,3402580846
DEVELOPMENT,67,89bd5e9b58115b60bdad35f43f6437be,limit_spin_density_zero_rect2x3,rect2x3_hole_3,iid,2048,1378370089
DEVELOPMENT,68,8d9f57771b025ad2b6da9e578278aa6a,limit_hopping_zero_chain6,chain6_hole_2,iid,2048,3573388039
DEVELOPMENT,68,db87e6c265d45773bb6297db5af0c11f,limit_hopping_zero_chain6,chain6_hole_4,iid,2048,3821354783
DEVELOPMENT,68,fb5214d8d1bf5caa839f81a965024f62,limit_spin_density_zero_rect2x3,rect2x3_hole_2,iid,2048,1884066899
DEVELOPMENT,68,89bd5e9b58115b60bdad35f43f6437be,limit_spin_density_zero_rect2x3,rect2x3_hole_3,iid,2048,3244492737
DEVELOPMENT,69,8d9f57771b025ad2b6da9e578278aa6a,limit_hopping_zero_chain6,chain6_hole_2,iid,2048,3029153290
DEVELOPMENT,69,db87e6c265d45773bb6297db5af0c11f,limit_hopping_zero_chain6,chain6_hole_4,iid,2048,3973388171
DEVELOPMENT,69,fb5214d8d1bf5caa839f81a965024f62,limit_spin_density_zero_rect2x3,rect2x3_hole_2,iid,2048,962882802
DEVELOPMENT,69,89bd5e9b58115b60bdad35f43f6437be,limit_spin_density_zero_rect2x3,rect2x3_hole_3,iid,2048,3538830044
DEVELOPMENT,70,8d9f57771b025ad2b6da9e578278aa6a,limit_hopping_zero_chain6,chain6_hole_2,iid,2048,3478664306
DEVELOPMENT,70,db87e6c265d45773bb6297db5af0c11f,limit_hopping_zero_chain6,chain6_hole_4,iid,2048,4241326871
DEVELOPMENT,70,fb5214d8d1bf5caa839f81a965024f62,limit_spin_density_zero_rect2x3,rect2x3_hole_2,iid,2048,263541516
DEVELOPMENT,70,89bd5e9b58115b60bdad35f43f6437be,limit_spin_density_zero_rect2x3,rect2x3_hole_3,iid,2048,2438949097
DEVELOPMENT,71,8d9f57771b025ad2b6da9e578278aa6a,limit_hopping_zero_chain6,chain6_hole_2,iid,2048,1592128779
DEVELOPMENT,71,db87e6c265d45773bb6297db5af0c11f,limit_hopping_zero_chain6,chain6_hole_4,iid,2048,762546678
DEVELOPMENT,71,fb5214d8d1bf5caa839f81a965024f62,limit_spin_density_zero_rect2x3,rect2x3_hole_2,iid,2048,1831932700
DEVELOPMENT,71,89bd5e9b58115b60bdad35f43f6437be,limit_spin_density_zero_rect2x3,rect2x3_hole_3,iid,2048,2133919197
DEVELOPMENT,72,8d9f57771b025ad2b6da9e578278aa6a,limit_hopping_zero_chain6,chain6_hole_2,iid,2048,1506640999
DEVELOPMENT,72,db87e6c265d45773bb6297db5af0c11f,limit_hopping_zero_chain6,chain6_hole_4,iid,2048,295424916
DEVELOPMENT,72,fb5214d8d1bf5caa839f81a965024f62,limit_spin_density_zero_rect2x3,rect2x3_hole_2,iid,2048,4173960155
DEVELOPMENT,72,89bd5e9b58115b60bdad35f43f6437be,limit_spin_density_zero_rect2x3,rect2x3_hole_3,iid,2048,3400539120
DEVELOPMENT,73,8d9f57771b025ad2b6da9e578278aa6a,limit_hopping_zero_chain6,chain6_hole_2,iid,2048,723074999
DEVELOPMENT,73,db87e6c265d45773bb6297db5af0c11f,limit_hopping_zero_chain6,chain6_hole_4,iid,2048,1833566085
DEVELOPMENT,73,fb5214d8d1bf5caa839f81a965024f62,limit_spin_density_zero_rect2x3,rect2x3_hole_2,iid,2048,2350592909
DEVELOPMENT,73,89bd5e9b58115b60bdad35f43f6437be,limit_spin_density_zero_rect2x3,rect2x3_hole_3,iid,2048,1332504719
DEVELOPMENT,74,8d9f57771b025ad2b6da9e578278aa6a,limit_hopping_zero_chain6,chain6_hole_2,iid,2048,2396560686
DEVELOPMENT,74,db87e6c265d45773bb6297db5af0c11f,limit_hopping_zero_chain6,chain6_hole_4,iid,2048,703568073
DEVELOPMENT,74,fb5214d8d1bf5caa839f81a965024f62,limit_spin_density_zero_rect2x3,rect2x3_hole_2,iid,2048,3748961987
DEVELOPMENT,74,89bd5e9b58115b60bdad35f43f6437be,limit_spin_density_zero_rect2x3,rect2x3_hole_3,iid,2048,1828516750
DEVELOPMENT,75,8d9f57771b025ad2b6da9e578278aa6a,limit_hopping_zero_chain6,chain6_hole_2,iid,2048,2367361017
DEVELOPMENT,75,db87e6c265d45773bb6297db5af0c11f,limit_hopping_zero_chain6,chain6_hole_4,iid,2048,389878804
DEVELOPMENT,75,fb5214d8d1bf5caa839f81a965024f62,limit_spin_density_zero_rect2x3,rect2x3_hole_2,iid,2048,1573011803
DEVELOPMENT,75,89bd5e9b58115b60bdad35f43f6437be,limit_spin_density_zero_rect2x3,rect2x3_hole_3,iid,2048,25901979
DEVELOPMENT,76,8d9f57771b025ad2b6da9e578278aa6a,limit_hopping_zero_chain6,chain6_hole_2,iid,2048,317332635
DEVELOPMENT,76,db87e6c265d45773bb6297db5af0c11f,limit_hopping_zero_chain6,chain6_hole_4,iid,2048,4164579287
DEVELOPMENT,76,fb5214d8d1bf5caa839f81a965024f62,limit_spin_density_zero_rect2x3,rect2x3_hole_2,iid,2048,3395965137
DEVELOPMENT,76,89bd5e9b58115b60bdad35f43f6437be,limit_spin_density_zero_rect2x3,rect2x3_hole_3,iid,2048,2197207452
DEVELOPMENT,77,8d9f57771b025ad2b6da9e578278aa6a,limit_hopping_zero_chain6,chain6_hole_2,iid,2048,1894901453
DEVELOPMENT,77,db87e6c265d45773bb6297db5af0c11f,limit_hopping_zero_chain6,chain6_hole_4,iid,2048,2525495077
DEVELOPMENT,77,fb5214d8d1bf5caa839f81a965024f62,limit_spin_density_zero_rect2x3,rect2x3_hole_2,iid,2048,1143693815
DEVELOPMENT,77,89bd5e9b58115b60bdad35f43f6437be,limit_spin_density_zero_rect2x3,rect2x3_hole_3,iid,2048,1811787983
DEVELOPMENT,78,8d9f57771b025ad2b6da9e578278aa6a,limit_hopping_zero_chain6,chain6_hole_2,iid,2048,3568963541
DEVELOPMENT,78,db87e6c265d45773bb6297db5af0c11f,limit_hopping_zero_chain6,chain6_hole_4,iid,2048,3024103428
DEVELOPMENT,78,fb5214d8d1bf5caa839f81a965024f62,limit_spin_density_zero_rect2x3,rect2x3_hole_2,iid,2048,3789801617
DEVELOPMENT,78,89bd5e9b58115b60bdad35f43f6437be,limit_spin_density_zero_rect2x3,rect2x3_hole_3,iid,2048,1433199423
DEVELOPMENT,79,8d9f57771b025ad2b6da9e578278aa6a,limit_hopping_zero_chain6,chain6_hole_2,iid,2048,3777413259
DEVELOPMENT,79,db87e6c265d45773bb6297db5af0c11f,limit_hopping_zero_chain6,chain6_hole_4,iid,2048,3014967553
DEVELOPMENT,79,fb5214d8d1bf5caa839f81a965024f62,limit_spin_density_zero_rect2x3,rect2x3_hole_2,iid,2048,3483888535
DEVELOPMENT,79,89bd5e9b58115b60bdad35f43f6437be,limit_spin_density_zero_rect2x3,rect2x3_hole_3,iid,2048,806359653
DEVELOPMENT,80,8d9f57771b025ad2b6da9e578278aa6a,limit_hopping_zero_chain6,chain6_hole_2,iid,2048,1656701125
DEVELOPMENT,80,db87e6c265d45773bb6297db5af0c11f,limit_hopping_zero_chain6,chain6_hole_4,iid,2048,2560708441
DEVELOPMENT,80,fb5214d8d1bf5caa839f81a965024f62,limit_spin_density_zero_rect2x3,rect2x3_hole_2,iid,2048,3818821993
DEVELOPMENT,80,89bd5e9b58115b60bdad35f43f6437be,limit_spin_density_zero_rect2x3,rect2x3_hole_3,iid,2048,31310838
DEVELOPMENT,81,8d9f57771b025ad2b6da9e578278aa6a,limit_hopping_zero_chain6,chain6_hole_2,iid,2048,3688710968
DEVELOPMENT,81,db87e6c265d45773bb6297db5af0c11f,limit_hopping_zero_chain6,chain6_hole_4,iid,2048,665532078
DEVELOPMENT,81,fb5214d8d1bf5caa839f81a965024f62,limit_spin_density_zero_rect2x3,rect2x3_hole_2,iid,2048,1568700713
DEVELOPMENT,81,89bd5e9b58115b60bdad35f43f6437be,limit_spin_density_zero_rect2x3,rect2x3_hole_3,iid,2048,1576344239
DEVELOPMENT,82,8d9f57771b025ad2b6da9e578278aa6a,limit_hopping_zero_chain6,chain6_hole_2,iid,2048,209636514
DEVELOPMENT,82,db87e6c265d45773bb6297db5af0c11f,limit_hopping_zero_chain6,chain6_hole_4,iid,2048,3168779503
DEVELOPMENT,82,fb5214d8d1bf5caa839f81a965024f62,limit_spin_density_zero_rect2x3,rect2x3_hole_2,iid,2048,1191026403
DEVELOPMENT,82,89bd5e9b58115b60bdad35f43f6437be,limit_spin_density_zero_rect2x3,rect2x3_hole_3,iid,2048,4157984734
DEVELOPMENT,83,8d9f57771b025ad2b6da9e578278aa6a,limit_hopping_zero_chain6,chain6_hole_2,iid,2048,2141140169
DEVELOPMENT,83,db87e6c265d45773bb6297db5af0c11f,limit_hopping_zero_chain6,chain6_hole_4,iid,2048,3728359043
DEVELOPMENT,83,fb5214d8d1bf5caa839f81a965024f62,limit_spin_density_zero_rect2x3,rect2x3_hole_2,iid,2048,3405449278
DEVELOPMENT,83,89bd5e9b58115b60bdad35f43f6437be,limit_spin_density_zero_rect2x3,rect2x3_hole_3,iid,2048,1009336270
DEVELOPMENT,84,8d9f57771b025ad2b6da9e578278aa6a,limit_hopping_zero_chain6,chain6_hole_2,iid,2048,1990589372
DEVELOPMENT,84,db87e6c265d45773bb6297db5af0c11f,limit_hopping_zero_chain6,chain6_hole_4,iid,2048,2351005150
DEVELOPMENT,84,fb5214d8d1bf5caa839f81a965024f62,limit_spin_density_zero_rect2x3,rect2x3_hole_2,iid,2048,2380353081
DEVELOPMENT,84,89bd5e9b58115b60bdad35f43f6437be,limit_spin_density_zero_rect2x3,rect2x3_hole_3,iid,2048,748847419
DEVELOPMENT,85,8d9f57771b025ad2b6da9e578278aa6a,limit_hopping_zero_chain6,chain6_hole_2,iid,2048,3053139546
DEVELOPMENT,85,db87e6c265d45773bb6297db5af0c11f,limit_hopping_zero_chain6,chain6_hole_4,iid,2048,601834003
DEVELOPMENT,85,fb5214d8d1bf5caa839f81a965024f62,limit_spin_density_zero_rect2x3,rect2x3_hole_2,iid,2048,1950924757
DEVELOPMENT,85,89bd5e9b58115b60bdad35f43f6437be,limit_spin_density_zero_rect2x3,rect2x3_hole_3,iid,2048,190200202
DEVELOPMENT,86,8d9f57771b025ad2b6da9e578278aa6a,limit_hopping_zero_chain6,chain6_hole_2,iid,2048,1720550945
DEVELOPMENT,86,db87e6c265d45773bb6297db5af0c11f,limit_hopping_zero_chain6,chain6_hole_4,iid,2048,2045179659
DEVELOPMENT,86,fb5214d8d1bf5caa839f81a965024f62,limit_spin_density_zero_rect2x3,rect2x3_hole_2,iid,2048,4169225252
DEVELOPMENT,86,89bd5e9b58115b60bdad35f43f6437be,limit_spin_density_zero_rect2x3,rect2x3_hole_3,iid,2048,2736461644
DEVELOPMENT,87,8d9f57771b025ad2b6da9e578278aa6a,limit_hopping_zero_chain6,chain6_hole_2,iid,2048,3772163754
DEVELOPMENT,87,db87e6c265d45773bb6297db5af0c11f,limit_hopping_zero_chain6,chain6_hole_4,iid,2048,2606096379
DEVELOPMENT,87,fb5214d8d1bf5caa839f81a965024f62,limit_spin_density_zero_rect2x3,rect2x3_hole_2,iid,2048,22303155
DEVELOPMENT,87,89bd5e9b58115b60bdad35f43f6437be,limit_spin_density_zero_rect2x3,rect2x3_hole_3,iid,2048,2502496059
DEVELOPMENT,88,8d9f57771b025ad2b6da9e578278aa6a,limit_hopping_zero_chain6,chain6_hole_2,iid,2048,2191158434
DEVELOPMENT,88,db87e6c265d45773bb6297db5af0c11f,limit_hopping_zero_chain6,chain6_hole_4,iid,2048,363082052
DEVELOPMENT,88,fb5214d8d1bf5caa839f81a965024f62,limit_spin_density_zero_rect2x3,rect2x3_hole_2,iid,2048,3940066272
DEVELOPMENT,88,89bd5e9b58115b60bdad35f43f6437be,limit_spin_density_zero_rect2x3,rect2x3_hole_3,iid,2048,3256919740
DEVELOPMENT,89,8d9f57771b025ad2b6da9e578278aa6a,limit_hopping_zero_chain6,chain6_hole_2,iid,2048,1617891030
DEVELOPMENT,89,db87e6c265d45773bb6297db5af0c11f,limit_hopping_zero_chain6,chain6_hole_4,iid,2048,2476335597
DEVELOPMENT,89,fb5214d8d1bf5caa839f81a965024f62,limit_spin_density_zero_rect2x3,rect2x3_hole_2,iid,2048,2014758851
DEVELOPMENT,89,89bd5e9b58115b60bdad35f43f6437be,limit_spin_density_zero_rect2x3,rect2x3_hole_3,iid,2048,636725455
DEVELOPMENT,90,8d9f57771b025ad2b6da9e578278aa6a,limit_hopping_zero_chain6,chain6_hole_2,iid,2048,4087284861
DEVELOPMENT,90,db87e6c265d45773bb6297db5af0c11f,limit_hopping_zero_chain6,chain6_hole_4,iid,2048,2899635247
DEVELOPMENT,90,fb5214d8d1bf5caa839f81a965024f62,limit_spin_density_zero_rect2x3,rect2x3_hole_2,iid,2048,2825760384
DEVELOPMENT,90,89bd5e9b58115b60bdad35f43f6437be,limit_spin_density_zero_rect2x3,rect2x3_hole_3,iid,2048,622240066
DEVELOPMENT,91,8d9f57771b025ad2b6da9e578278aa6a,limit_hopping_zero_chain6,chain6_hole_2,iid,2048,2453575932
DEVELOPMENT,91,db87e6c265d45773bb6297db5af0c11f,limit_hopping_zero_chain6,chain6_hole_4,iid,2048,1340480958
DEVELOPMENT,91,fb5214d8d1bf5caa839f81a965024f62,limit_spin_density_zero_rect2x3,rect2x3_hole_2,iid,2048,3784602407
DEVELOPMENT,91,89bd5e9b58115b60bdad35f43f6437be,limit_spin_density_zero_rect2x3,rect2x3_hole_3,iid,2048,3644194862
DEVELOPMENT,92,8d9f57771b025ad2b6da9e578278aa6a,limit_hopping_zero_chain6,chain6_hole_2,iid,2048,3411862260
DEVELOPMENT,92,db87e6c265d45773bb6297db5af0c11f,limit_hopping_zero_chain6,chain6_hole_4,iid,2048,1096842813
DEVELOPMENT,92,fb5214d8d1bf5caa839f81a965024f62,limit_spin_density_zero_rect2x3,rect2x3_hole_2,iid,2048,2638262032
DEVELOPMENT,92,89bd5e9b58115b60bdad35f43f6437be,limit_spin_density_zero_rect2x3,rect2x3_hole_3,iid,2048,27303352
DEVELOPMENT,93,8d9f57771b025ad2b6da9e578278aa6a,limit_hopping_zero_chain6,chain6_hole_2,iid,2048,2377425699
DEVELOPMENT,93,db87e6c265d45773bb6297db5af0c11f,limit_hopping_zero_chain6,chain6_hole_4,iid,2048,1707195952
DEVELOPMENT,93,fb5214d8d1bf5caa839f81a965024f62,limit_spin_density_zero_rect2x3,rect2x3_hole_2,iid,2048,2559860248
DEVELOPMENT,93,89bd5e9b58115b60bdad35f43f6437be,limit_spin_density_zero_rect2x3,rect2x3_hole_3,iid,2048,567067948
DEVELOPMENT,94,8d9f57771b025ad2b6da9e578278aa6a,limit_hopping_zero_chain6,chain6_hole_2,iid,2048,3900955827
DEVELOPMENT,94,db87e6c265d45773bb6297db5af0c11f,limit_hopping_zero_chain6,chain6_hole_4,iid,2048,1966554733
DEVELOPMENT,94,fb5214d8d1bf5caa839f81a965024f62,limit_spin_density_zero_rect2x3,rect2x3_hole_2,iid,2048,3143385242
DEVELOPMENT,94,89bd5e9b58115b60bdad35f43f6437be,limit_spin_density_zero_rect2x3,rect2x3_hole_3,iid,2048,1492892670
DEVELOPMENT,95,8d9f57771b025ad2b6da9e578278aa6a,limit_hopping_zero_chain6,chain6_hole_2,iid,2048,1077739814
DEVELOPMENT,95,db87e6c265d45773bb6297db5af0c11f,limit_hopping_zero_chain6,chain6_hole_4,iid,2048,2487292903
DEVELOPMENT,95,fb5214d8d1bf5caa839f81a965024f62,limit_spin_density_zero_rect2x3,rect2x3_hole_2,iid,2048,4048349980
DEVELOPMENT,95,89bd5e9b58115b60bdad35f43f6437be,limit_spin_density_zero_rect2x3,rect2x3_hole_3,iid,2048,298389466
DEVELOPMENT,96,8d9f57771b025ad2b6da9e578278aa6a,limit_hopping_zero_chain6,chain6_hole_2,iid,2048,1666527912
DEVELOPMENT,96,db87e6c265d45773bb6297db5af0c11f,limit_hopping_zero_chain6,chain6_hole_4,iid,2048,926024662
DEVELOPMENT,96,fb5214d8d1bf5caa839f81a965024f62,limit_spin_density_zero_rect2x3,rect2x3_hole_2,iid,2048,2415710174
DEVELOPMENT,96,89bd5e9b58115b60bdad35f43f6437be,limit_spin_density_zero_rect2x3,rect2x3_hole_3,iid,2048,1148389276
DEVELOPMENT,97,8d9f57771b025ad2b6da9e578278aa6a,limit_hopping_zero_chain6,chain6_hole_2,iid,2048,828359199
DEVELOPMENT,97,db87e6c265d45773bb6297db5af0c11f,limit_hopping_zero_chain6,chain6_hole_4,iid,2048,406493035
DEVELOPMENT,97,fb5214d8d1bf5caa839f81a965024f62,limit_spin_density_zero_rect2x3,rect2x3_hole_2,iid,2048,3154680298
DEVELOPMENT,97,89bd5e9b58115b60bdad35f43f6437be,limit_spin_density_zero_rect2x3,rect2x3_hole_3,iid,2048,807090407
DEVELOPMENT,98,8d9f57771b025ad2b6da9e578278aa6a,limit_hopping_zero_chain6,chain6_hole_2,iid,2048,415785578
DEVELOPMENT,98,db87e6c265d45773bb6297db5af0c11f,limit_hopping_zero_chain6,chain6_hole_4,iid,2048,2180913370
DEVELOPMENT,98,fb5214d8d1bf5caa839f81a965024f62,limit_spin_density_zero_rect2x3,rect2x3_hole_2,iid,2048,3753032995
DEVELOPMENT,98,89bd5e9b58115b60bdad35f43f6437be,limit_spin_density_zero_rect2x3,rect2x3_hole_3,iid,2048,241095004
DEVELOPMENT,99,8d9f57771b025ad2b6da9e578278aa6a,limit_hopping_zero_chain6,chain6_hole_2,iid,2048,2174385235
DEVELOPMENT,99,db87e6c265d45773bb6297db5af0c11f,limit_hopping_zero_chain6,chain6_hole_4,iid,2048,2020652909
DEVELOPMENT,99,fb5214d8d1bf5caa839f81a965024f62,limit_spin_density_zero_rect2x3,rect2x3_hole_2,iid,2048,3906046668
DEVELOPMENT,99,89bd5e9b58115b60bdad35f43f6437be,limit_spin_density_zero_rect2x3,rect2x3_hole_3,iid,2048,28929385
DEVELOPMENT,100,8d9f57771b025ad2b6da9e578278aa6a,limit_hopping_zero_chain6,chain6_hole_2,iid,2048,2848517681
DEVELOPMENT,100,db87e6c265d45773bb6297db5af0c11f,limit_hopping_zero_chain6,chain6_hole_4,iid,2048,3243335256
DEVELOPMENT,100,fb5214d8d1bf5caa839f81a965024f62,limit_spin_density_zero_rect2x3,rect2x3_hole_2,iid,2048,3081430126
DEVELOPMENT,100,89bd5e9b58115b60bdad35f43f6437be,limit_spin_density_zero_rect2x3,rect2x3_hole_3,iid,2048,91804188
DEVELOPMENT,101,8d9f57771b025ad2b6da9e578278aa6a,limit_hopping_zero_chain6,chain6_hole_2,iid,2048,2928741419
DEVELOPMENT,101,db87e6c265d45773bb6297db5af0c11f,limit_hopping_zero_chain6,chain6_hole_4,iid,2048,2594502506
DEVELOPMENT,101,fb5214d8d1bf5caa839f81a965024f62,limit_spin_density_zero_rect2x3,rect2x3_hole_2,iid,2048,906692319
DEVELOPMENT,101,89bd5e9b58115b60bdad35f43f6437be,limit_spin_density_zero_rect2x3,rect2x3_hole_3,iid,2048,2093804629
DEVELOPMENT,102,8d9f57771b025ad2b6da9e578278aa6a,limit_hopping_zero_chain6,chain6_hole_2,iid,2048,550759434
DEVELOPMENT,102,db87e6c265d45773bb6297db5af0c11f,limit_hopping_zero_chain6,chain6_hole_4,iid,2048,879135658
DEVELOPMENT,102,fb5214d8d1bf5caa839f81a965024f62,limit_spin_density_zero_rect2x3,rect2x3_hole_2,iid,2048,1959713367
DEVELOPMENT,102,89bd5e9b58115b60bdad35f43f6437be,limit_spin_density_zero_rect2x3,rect2x3_hole_3,iid,2048,969017408
DEVELOPMENT,103,8d9f57771b025ad2b6da9e578278aa6a,limit_hopping_zero_chain6,chain6_hole_2,iid,2048,3362842377
DEVELOPMENT,103,db87e6c265d45773bb6297db5af0c11f,limit_hopping_zero_chain6,chain6_hole_4,iid,2048,4138426728
DEVELOPMENT,103,fb5214d8d1bf5caa839f81a965024f62,limit_spin_density_zero_rect2x3,rect2x3_hole_2,iid,2048,262266968
DEVELOPMENT,103,89bd5e9b58115b60bdad35f43f6437be,limit_spin_density_zero_rect2x3,rect2x3_hole_3,iid,2048,508793420
DEVELOPMENT,104,8d9f57771b025ad2b6da9e578278aa6a,limit_hopping_zero_chain6,chain6_hole_2,iid,2048,417606535
DEVELOPMENT,104,db87e6c265d45773bb6297db5af0c11f,limit_hopping_zero_chain6,chain6_hole_4,iid,2048,8954496
DEVELOPMENT,104,fb5214d8d1bf5caa839f81a965024f62,limit_spin_density_zero_rect2x3,rect2x3_hole_2,iid,2048,2907569159
DEVELOPMENT,104,89bd5e9b58115b60bdad35f43f6437be,limit_spin_density_zero_rect2x3,rect2x3_hole_3,iid,2048,2042469233
DEVELOPMENT,105,8d9f57771b025ad2b6da9e578278aa6a,limit_hopping_zero_chain6,chain6_hole_2,iid,2048,2433131047
DEVELOPMENT,105,db87e6c265d45773bb6297db5af0c11f,limit_hopping_zero_chain6,chain6_hole_4,iid,2048,2758615847
DEVELOPMENT,105,fb5214d8d1bf5caa839f81a965024f62,limit_spin_density_zero_rect2x3,rect2x3_hole_2,iid,2048,2789183472
DEVELOPMENT,105,89bd5e9b58115b60bdad35f43f6437be,limit_spin_density_zero_rect2x3,rect2x3_hole_3,iid,2048,2219446238
DEVELOPMENT,106,8d9f57771b025ad2b6da9e578278aa6a,limit_hopping_zero_chain6,chain6_hole_2,iid,2048,3887713065
DEVELOPMENT,106,db87e6c265d45773bb6297db5af0c11f,limit_hopping_zero_chain6,chain6_hole_4,iid,2048,327206240
DEVELOPMENT,106,fb5214d8d1bf5caa839f81a965024f62,limit_spin_density_zero_rect2x3,rect2x3_hole_2,iid,2048,2989655657
DEVELOPMENT,106,89bd5e9b58115b60bdad35f43f6437be,limit_spin_density_zero_rect2x3,rect2x3_hole_3,iid,2048,553194374
DEVELOPMENT,107,8d9f57771b025ad2b6da9e578278aa6a,limit_hopping_zero_chain6,chain6_hole_2,iid,2048,2061059148
DEVELOPMENT,107,db87e6c265d45773bb6297db5af0c11f,limit_hopping_zero_chain6,chain6_hole_4,iid,2048,2369738509
DEVELOPMENT,107,fb5214d8d1bf5caa839f81a965024f62,limit_spin_density_zero_rect2x3,rect2x3_hole_2,iid,2048,2714344202
DEVELOPMENT,107,89bd5e9b58115b60bdad35f43f6437be,limit_spin_density_zero_rect2x3,rect2x3_hole_3,iid,2048,2224683784
DEVELOPMENT,108,8d9f57771b025ad2b6da9e578278aa6a,limit_hopping_zero_chain6,chain6_hole_2,iid,2048,3724124811
DEVELOPMENT,108,db87e6c265d45773bb6297db5af0c11f,limit_hopping_zero_chain6,chain6_hole_4,iid,2048,1111016767
DEVELOPMENT,108,fb5214d8d1bf5caa839f81a965024f62,limit_spin_density_zero_rect2x3,rect2x3_hole_2,iid,2048,2783558560
DEVELOPMENT,108,89bd5e9b58115b60bdad35f43f6437be,limit_spin_density_zero_rect2x3,rect2x3_hole_3,iid,2048,456203269
DEVELOPMENT,109,8d9f57771b025ad2b6da9e578278aa6a,limit_hopping_zero_chain6,chain6_hole_2,iid,2048,1405754098
DEVELOPMENT,109,db87e6c265d45773bb6297db5af0c11f,limit_hopping_zero_chain6,chain6_hole_4,iid,2048,479667184
DEVELOPMENT,109,fb5214d8d1bf5caa839f81a965024f62,limit_spin_density_zero_rect2x3,rect2x3_hole_2,iid,2048,3838559678
DEVELOPMENT,109,89bd5e9b58115b60bdad35f43f6437be,limit_spin_density_zero_rect2x3,rect2x3_hole_3,iid,2048,3588451997
DEVELOPMENT,110,8d9f57771b025ad2b6da9e578278aa6a,limit_hopping_zero_chain6,chain6_hole_2,iid,2048,3766645748
DEVELOPMENT,110,db87e6c265d45773bb6297db5af0c11f,limit_hopping_zero_chain6,chain6_hole_4,iid,2048,1903080365
DEVELOPMENT,110,fb5214d8d1bf5caa839f81a965024f62,limit_spin_density_zero_rect2x3,rect2x3_hole_2,iid,2048,280716430
DEVELOPMENT,110,89bd5e9b58115b60bdad35f43f6437be,limit_spin_density_zero_rect2x3,rect2x3_hole_3,iid,2048,3752039547
DEVELOPMENT,111,8d9f57771b025ad2b6da9e578278aa6a,limit_hopping_zero_chain6,chain6_hole_2,iid,2048,1778220946
DEVELOPMENT,111,db87e6c265d45773bb6297db5af0c11f,limit_hopping_zero_chain6,chain6_hole_4,iid,2048,2887047471
DEVELOPMENT,111,fb5214d8d1bf5caa839f81a965024f62,limit_spin_density_zero_rect2x3,rect2x3_hole_2,iid,2048,2687762991
DEVELOPMENT,111,89bd5e9b58115b60bdad35f43f6437be,limit_spin_density_zero_rect2x3,rect2x3_hole_3,iid,2048,3947519607
DEVELOPMENT,112,8d9f57771b025ad2b6da9e578278aa6a,limit_hopping_zero_chain6,chain6_hole_2,iid,2048,788026871
DEVELOPMENT,112,db87e6c265d45773bb6297db5af0c11f,limit_hopping_zero_chain6,chain6_hole_4,iid,2048,1102665839
DEVELOPMENT,112,fb5214d8d1bf5caa839f81a965024f62,limit_spin_density_zero_rect2x3,rect2x3_hole_2,iid,2048,4080017517
DEVELOPMENT,112,89bd5e9b58115b60bdad35f43f6437be,limit_spin_density_zero_rect2x3,rect2x3_hole_3,iid,2048,3749066364
DEVELOPMENT,113,8d9f57771b025ad2b6da9e578278aa6a,limit_hopping_zero_chain6,chain6_hole_2,iid,2048,4135474750
DEVELOPMENT,113,db87e6c265d45773bb6297db5af0c11f,limit_hopping_zero_chain6,chain6_hole_4,iid,2048,1285771381
DEVELOPMENT,113,fb5214d8d1bf5caa839f81a965024f62,limit_spin_density_zero_rect2x3,rect2x3_hole_2,iid,2048,3425612620
DEVELOPMENT,113,89bd5e9b58115b60bdad35f43f6437be,limit_spin_density_zero_rect2x3,rect2x3_hole_3,iid,2048,3419967128
DEVELOPMENT,114,8d9f57771b025ad2b6da9e578278aa6a,limit_hopping_zero_chain6,chain6_hole_2,iid,2048,3584803379
DEVELOPMENT,114,db87e6c265d45773bb6297db5af0c11f,limit_hopping_zero_chain6,chain6_hole_4,iid,2048,3734343325
DEVELOPMENT,114,fb5214d8d1bf5caa839f81a965024f62,limit_spin_density_zero_rect2x3,rect2x3_hole_2,iid,2048,2387700716
DEVELOPMENT,114,89bd5e9b58115b60bdad35f43f6437be,limit_spin_density_zero_rect2x3,rect2x3_hole_3,iid,2048,38806499
DEVELOPMENT,115,8d9f57771b025ad2b6da9e578278aa6a,limit_hopping_zero_chain6,chain6_hole_2,iid,2048,1826811589
DEVELOPMENT,115,db87e6c265d45773bb6297db5af0c11f,limit_hopping_zero_chain6,chain6_hole_4,iid,2048,1957699746
DEVELOPMENT,115,fb5214d8d1bf5caa839f81a965024f62,limit_spin_density_zero_rect2x3,rect2x3_hole_2,iid,2048,2444776413
DEVELOPMENT,115,89bd5e9b58115b60bdad35f43f6437be,limit_spin_density_zero_rect2x3,rect2x3_hole_3,iid,2048,2707942653
DEVELOPMENT,116,8d9f57771b025ad2b6da9e578278aa6a,limit_hopping_zero_chain6,chain6_hole_2,iid,2048,52587795
DEVELOPMENT,116,db87e6c265d45773bb6297db5af0c11f,limit_hopping_zero_chain6,chain6_hole_4,iid,2048,1992347427
DEVELOPMENT,116,fb5214d8d1bf5caa839f81a965024f62,limit_spin_density_zero_rect2x3,rect2x3_hole_2,iid,2048,1649102000
DEVELOPMENT,116,89bd5e9b58115b60bdad35f43f6437be,limit_spin_density_zero_rect2x3,rect2x3_hole_3,iid,2048,4286641317
DEVELOPMENT,117,8d9f57771b025ad2b6da9e578278aa6a,limit_hopping_zero_chain6,chain6_hole_2,iid,2048,1789739449
DEVELOPMENT,117,db87e6c265d45773bb6297db5af0c11f,limit_hopping_zero_chain6,chain6_hole_4,iid,2048,115034727
DEVELOPMENT,117,fb5214d8d1bf5caa839f81a965024f62,limit_spin_density_zero_rect2x3,rect2x3_hole_2,iid,2048,2401207145
DEVELOPMENT,117,89bd5e9b58115b60bdad35f43f6437be,limit_spin_density_zero_rect2x3,rect2x3_hole_3,iid,2048,960374740
DEVELOPMENT,118,8d9f57771b025ad2b6da9e578278aa6a,limit_hopping_zero_chain6,chain6_hole_2,iid,2048,3589173610
DEVELOPMENT,118,db87e6c265d45773bb6297db5af0c11f,limit_hopping_zero_chain6,chain6_hole_4,iid,2048,1310031779
DEVELOPMENT,118,fb5214d8d1bf5caa839f81a965024f62,limit_spin_density_zero_rect2x3,rect2x3_hole_2,iid,2048,1442140789
DEVELOPMENT,118,89bd5e9b58115b60bdad35f43f6437be,limit_spin_density_zero_rect2x3,rect2x3_hole_3,iid,2048,2956394840
DEVELOPMENT,119,8d9f57771b025ad2b6da9e578278aa6a,limit_hopping_zero_chain6,chain6_hole_2,iid,2048,3469679645
DEVELOPMENT,119,db87e6c265d45773bb6297db5af0c11f,limit_hopping_zero_chain6,chain6_hole_4,iid,2048,3460999795
DEVELOPMENT,119,fb5214d8d1bf5caa839f81a965024f62,limit_spin_density_zero_rect2x3,rect2x3_hole_2,iid,2048,3157796670
DEVELOPMENT,119,89bd5e9b58115b60bdad35f43f6437be,limit_spin_density_zero_rect2x3,rect2x3_hole_3,iid,2048,3320909671
DEVELOPMENT,120,8d9f57771b025ad2b6da9e578278aa6a,limit_hopping_zero_chain6,chain6_hole_2,iid,2048,327547566
DEVELOPMENT,120,db87e6c265d45773bb6297db5af0c11f,limit_hopping_zero_chain6,chain6_hole_4,iid,2048,2182066524
DEVELOPMENT,120,fb5214d8d1bf5caa839f81a965024f62,limit_spin_density_zero_rect2x3,rect2x3_hole_2,iid,2048,25068653
DEVELOPMENT,120,89bd5e9b58115b60bdad35f43f6437be,limit_spin_density_zero_rect2x3,rect2x3_hole_3,iid,2048,4214951873
DEVELOPMENT,121,8d9f57771b025ad2b6da9e578278aa6a,limit_hopping_zero_chain6,chain6_hole_2,iid,2048,3346981287
DEVELOPMENT,121,db87e6c265d45773bb6297db5af0c11f,limit_hopping_zero_chain6,chain6_hole_4,iid,2048,2121314135
DEVELOPMENT,121,fb5214d8d1bf5caa839f81a965024f62,limit_spin_density_zero_rect2x3,rect2x3_hole_2,iid,2048,3954580786
DEVELOPMENT,121,89bd5e9b58115b60bdad35f43f6437be,limit_spin_density_zero_rect2x3,rect2x3_hole_3,iid,2048,1365988209
DEVELOPMENT,122,8d9f57771b025ad2b6da9e578278aa6a,limit_hopping_zero_chain6,chain6_hole_2,iid,2048,1364337720
DEVELOPMENT,122,db87e6c265d45773bb6297db5af0c11f,limit_hopping_zero_chain6,chain6_hole_4,iid,2048,3110199285
DEVELOPMENT,122,fb5214d8d1bf5caa839f81a965024f62,limit_spin_density_zero_rect2x3,rect2x3_hole_2,iid,2048,2196071421
DEVELOPMENT,122,89bd5e9b58115b60bdad35f43f6437be,limit_spin_density_zero_rect2x3,rect2x3_hole_3,iid,2048,259507892
DEVELOPMENT,123,8d9f57771b025ad2b6da9e578278aa6a,limit_hopping_zero_chain6,chain6_hole_2,iid,2048,1701047362
DEVELOPMENT,123,db87e6c265d45773bb6297db5af0c11f,limit_hopping_zero_chain6,chain6_hole_4,iid,2048,1942080110
DEVELOPMENT,123,fb5214d8d1bf5caa839f81a965024f62,limit_spin_density_zero_rect2x3,rect2x3_hole_2,iid,2048,3828932014
DEVELOPMENT,123,89bd5e9b58115b60bdad35f43f6437be,limit_spin_density_zero_rect2x3,rect2x3_hole_3,iid,2048,685972526
DEVELOPMENT,124,8d9f57771b025ad2b6da9e578278aa6a,limit_hopping_zero_chain6,chain6_hole_2,iid,2048,2032178297
DEVELOPMENT,124,db87e6c265d45773bb6297db5af0c11f,limit_hopping_zero_chain6,chain6_hole_4,iid,2048,401520345
DEVELOPMENT,124,fb5214d8d1bf5caa839f81a965024f62,limit_spin_density_zero_rect2x3,rect2x3_hole_2,iid,2048,3257795867
DEVELOPMENT,124,89bd5e9b58115b60bdad35f43f6437be,limit_spin_density_zero_rect2x3,rect2x3_hole_3,iid,2048,4044262673
DEVELOPMENT,125,8d9f57771b025ad2b6da9e578278aa6a,limit_hopping_zero_chain6,chain6_hole_2,iid,2048,2179839442
DEVELOPMENT,125,db87e6c265d45773bb6297db5af0c11f,limit_hopping_zero_chain6,chain6_hole_4,iid,2048,1321986356
DEVELOPMENT,125,fb5214d8d1bf5caa839f81a965024f62,limit_spin_density_zero_rect2x3,rect2x3_hole_2,iid,2048,1984232435
DEVELOPMENT,125,89bd5e9b58115b60bdad35f43f6437be,limit_spin_density_zero_rect2x3,rect2x3_hole_3,iid,2048,822191058
DEVELOPMENT,126,8d9f57771b025ad2b6da9e578278aa6a,limit_hopping_zero_chain6,chain6_hole_2,iid,2048,1357194362
DEVELOPMENT,126,db87e6c265d45773bb6297db5af0c11f,limit_hopping_zero_chain6,chain6_hole_4,iid,2048,1427228594
DEVELOPMENT,126,fb5214d8d1bf5caa839f81a965024f62,limit_spin_density_zero_rect2x3,rect2x3_hole_2,iid,2048,1923953348
DEVELOPMENT,126,89bd5e9b58115b60bdad35f43f6437be,limit_spin_density_zero_rect2x3,rect2x3_hole_3,iid,2048,3942242351
DEVELOPMENT,127,8d9f57771b025ad2b6da9e578278aa6a,limit_hopping_zero_chain6,chain6_hole_2,iid,2048,3314906415
DEVELOPMENT,127,db87e6c265d45773bb6297db5af0c11f,limit_hopping_zero_chain6,chain6_hole_4,iid,2048,4274158758
DEVELOPMENT,127,fb5214d8d1bf5caa839f81a965024f62,limit_spin_density_zero_rect2x3,rect2x3_hole_2,iid,2048,1769225045
DEVELOPMENT,127,89bd5e9b58115b60bdad35f43f6437be,limit_spin_density_zero_rect2x3,rect2x3_hole_3,iid,2048,63648690
DEVELOPMENT,0,8d9f57771b025ad2b6da9e578278aa6a,limit_hopping_zero_chain6,chain6_hole_2,iid,4096,132816119
DEVELOPMENT,0,db87e6c265d45773bb6297db5af0c11f,limit_hopping_zero_chain6,chain6_hole_4,iid,4096,2597322992
DEVELOPMENT,0,fb5214d8d1bf5caa839f81a965024f62,limit_spin_density_zero_rect2x3,rect2x3_hole_2,iid,4096,1396147516
DEVELOPMENT,0,89bd5e9b58115b60bdad35f43f6437be,limit_spin_density_zero_rect2x3,rect2x3_hole_3,iid,4096,1909222343
DEVELOPMENT,1,8d9f57771b025ad2b6da9e578278aa6a,limit_hopping_zero_chain6,chain6_hole_2,iid,4096,1536922981
DEVELOPMENT,1,db87e6c265d45773bb6297db5af0c11f,limit_hopping_zero_chain6,chain6_hole_4,iid,4096,3652567232
DEVELOPMENT,1,fb5214d8d1bf5caa839f81a965024f62,limit_spin_density_zero_rect2x3,rect2x3_hole_2,iid,4096,2892102612
DEVELOPMENT,1,89bd5e9b58115b60bdad35f43f6437be,limit_spin_density_zero_rect2x3,rect2x3_hole_3,iid,4096,2892766671
DEVELOPMENT,2,8d9f57771b025ad2b6da9e578278aa6a,limit_hopping_zero_chain6,chain6_hole_2,iid,4096,1599263139
DEVELOPMENT,2,db87e6c265d45773bb6297db5af0c11f,limit_hopping_zero_chain6,chain6_hole_4,iid,4096,2981462805
DEVELOPMENT,2,fb5214d8d1bf5caa839f81a965024f62,limit_spin_density_zero_rect2x3,rect2x3_hole_2,iid,4096,124239130
DEVELOPMENT,2,89bd5e9b58115b60bdad35f43f6437be,limit_spin_density_zero_rect2x3,rect2x3_hole_3,iid,4096,1973440786
DEVELOPMENT,3,8d9f57771b025ad2b6da9e578278aa6a,limit_hopping_zero_chain6,chain6_hole_2,iid,4096,462889664
DEVELOPMENT,3,db87e6c265d45773bb6297db5af0c11f,limit_hopping_zero_chain6,chain6_hole_4,iid,4096,2992590618
DEVELOPMENT,3,fb5214d8d1bf5caa839f81a965024f62,limit_spin_density_zero_rect2x3,rect2x3_hole_2,iid,4096,1244671499
DEVELOPMENT,3,89bd5e9b58115b60bdad35f43f6437be,limit_spin_density_zero_rect2x3,rect2x3_hole_3,iid,4096,2802190597
DEVELOPMENT,4,8d9f57771b025ad2b6da9e578278aa6a,limit_hopping_zero_chain6,chain6_hole_2,iid,4096,664778243
DEVELOPMENT,4,db87e6c265d45773bb6297db5af0c11f,limit_hopping_zero_chain6,chain6_hole_4,iid,4096,2842245543
DEVELOPMENT,4,fb5214d8d1bf5caa839f81a965024f62,limit_spin_density_zero_rect2x3,rect2x3_hole_2,iid,4096,2706319818
DEVELOPMENT,4,89bd5e9b58115b60bdad35f43f6437be,limit_spin_density_zero_rect2x3,rect2x3_hole_3,iid,4096,1543077446
DEVELOPMENT,5,8d9f57771b025ad2b6da9e578278aa6a,limit_hopping_zero_chain6,chain6_hole_2,iid,4096,3452004417
DEVELOPMENT,5,db87e6c265d45773bb6297db5af0c11f,limit_hopping_zero_chain6,chain6_hole_4,iid,4096,1827878696
DEVELOPMENT,5,fb5214d8d1bf5caa839f81a965024f62,limit_spin_density_zero_rect2x3,rect2x3_hole_2,iid,4096,1858904892
DEVELOPMENT,5,89bd5e9b58115b60bdad35f43f6437be,limit_spin_density_zero_rect2x3,rect2x3_hole_3,iid,4096,2663811190
DEVELOPMENT,6,8d9f57771b025ad2b6da9e578278aa6a,limit_hopping_zero_chain6,chain6_hole_2,iid,4096,1522309378
DEVELOPMENT,6,db87e6c265d45773bb6297db5af0c11f,limit_hopping_zero_chain6,chain6_hole_4,iid,4096,2190922207
DEVELOPMENT,6,fb5214d8d1bf5caa839f81a965024f62,limit_spin_density_zero_rect2x3,rect2x3_hole_2,iid,4096,3122594137
DEVELOPMENT,6,89bd5e9b58115b60bdad35f43f6437be,limit_spin_density_zero_rect2x3,rect2x3_hole_3,iid,4096,1822220944
DEVELOPMENT,7,8d9f57771b025ad2b6da9e578278aa6a,limit_hopping_zero_chain6,chain6_hole_2,iid,4096,119148710
DEVELOPMENT,7,db87e6c265d45773bb6297db5af0c11f,limit_hopping_zero_chain6,chain6_hole_4,iid,4096,479325671
DEVELOPMENT,7,fb5214d8d1bf5caa839f81a965024f62,limit_spin_density_zero_rect2x3,rect2x3_hole_2,iid,4096,280224188
DEVELOPMENT,7,89bd5e9b58115b60bdad35f43f6437be,limit_spin_density_zero_rect2x3,rect2x3_hole_3,iid,4096,2311522182
DEVELOPMENT,8,8d9f57771b025ad2b6da9e578278aa6a,limit_hopping_zero_chain6,chain6_hole_2,iid,4096,2160278104
DEVELOPMENT,8,db87e6c265d45773bb6297db5af0c11f,limit_hopping_zero_chain6,chain6_hole_4,iid,4096,3097810125
DEVELOPMENT,8,fb5214d8d1bf5caa839f81a965024f62,limit_spin_density_zero_rect2x3,rect2x3_hole_2,iid,4096,835778090
DEVELOPMENT,8,89bd5e9b58115b60bdad35f43f6437be,limit_spin_density_zero_rect2x3,rect2x3_hole_3,iid,4096,1560438365
DEVELOPMENT,9,8d9f57771b025ad2b6da9e578278aa6a,limit_hopping_zero_chain6,chain6_hole_2,iid,4096,2723721134
DEVELOPMENT,9,db87e6c265d45773bb6297db5af0c11f,limit_hopping_zero_chain6,chain6_hole_4,iid,4096,800850657
DEVELOPMENT,9,fb5214d8d1bf5caa839f81a965024f62,limit_spin_density_zero_rect2x3,rect2x3_hole_2,iid,4096,2804252490
DEVELOPMENT,9,89bd5e9b58115b60bdad35f43f6437be,limit_spin_density_zero_rect2x3,rect2x3_hole_3,iid,4096,3461574198
DEVELOPMENT,10,8d9f57771b025ad2b6da9e578278aa6a,limit_hopping_zero_chain6,chain6_hole_2,iid,4096,1029489552
DEVELOPMENT,10,db87e6c265d45773bb6297db5af0c11f,limit_hopping_zero_chain6,chain6_hole_4,iid,4096,1627447446
DEVELOPMENT,10,fb5214d8d1bf5caa839f81a965024f62,limit_spin_density_zero_rect2x3,rect2x3_hole_2,iid,4096,2902190916
DEVELOPMENT,10,89bd5e9b58115b60bdad35f43f6437be,limit_spin_density_zero_rect2x3,rect2x3_hole_3,iid,4096,1813143810
DEVELOPMENT,11,8d9f57771b025ad2b6da9e578278aa6a,limit_hopping_zero_chain6,chain6_hole_2,iid,4096,970099799
DEVELOPMENT,11,db87e6c265d45773bb6297db5af0c11f,limit_hopping_zero_chain6,chain6_hole_4,iid,4096,2714186461
DEVELOPMENT,11,fb5214d8d1bf5caa839f81a965024f62,limit_spin_density_zero_rect2x3,rect2x3_hole_2,iid,4096,3256816759
DEVELOPMENT,11,89bd5e9b58115b60bdad35f43f6437be,limit_spin_density_zero_rect2x3,rect2x3_hole_3,iid,4096,1762551533
DEVELOPMENT,12,8d9f57771b025ad2b6da9e578278aa6a,limit_hopping_zero_chain6,chain6_hole_2,iid,4096,2429812644
DEVELOPMENT,12,db87e6c265d45773bb6297db5af0c11f,limit_hopping_zero_chain6,chain6_hole_4,iid,4096,2760976717
DEVELOPMENT,12,fb5214d8d1bf5caa839f81a965024f62,limit_spin_density_zero_rect2x3,rect2x3_hole_2,iid,4096,2197176683
DEVELOPMENT,12,89bd5e9b58115b60bdad35f43f6437be,limit_spin_density_zero_rect2x3,rect2x3_hole_3,iid,4096,2180514422
DEVELOPMENT,13,8d9f57771b025ad2b6da9e578278aa6a,limit_hopping_zero_chain6,chain6_hole_2,iid,4096,2110598030
DEVELOPMENT,13,db87e6c265d45773bb6297db5af0c11f,limit_hopping_zero_chain6,chain6_hole_4,iid,4096,2429761524
DEVELOPMENT,13,fb5214d8d1bf5caa839f81a965024f62,limit_spin_density_zero_rect2x3,rect2x3_hole_2,iid,4096,3953274843
DEVELOPMENT,13,89bd5e9b58115b60bdad35f43f6437be,limit_spin_density_zero_rect2x3,rect2x3_hole_3,iid,4096,2698841219
DEVELOPMENT,14,8d9f57771b025ad2b6da9e578278aa6a,limit_hopping_zero_chain6,chain6_hole_2,iid,4096,4206273044
DEVELOPMENT,14,db87e6c265d45773bb6297db5af0c11f,limit_hopping_zero_chain6,chain6_hole_4,iid,4096,3348236315
DEVELOPMENT,14,fb5214d8d1bf5caa839f81a965024f62,limit_spin_density_zero_rect2x3,rect2x3_hole_2,iid,4096,757300353
DEVELOPMENT,14,89bd5e9b58115b60bdad35f43f6437be,limit_spin_density_zero_rect2x3,rect2x3_hole_3,iid,4096,2856883059
DEVELOPMENT,15,8d9f57771b025ad2b6da9e578278aa6a,limit_hopping_zero_chain6,chain6_hole_2,iid,4096,2476112580
DEVELOPMENT,15,db87e6c265d45773bb6297db5af0c11f,limit_hopping_zero_chain6,chain6_hole_4,iid,4096,2103454148
DEVELOPMENT,15,fb5214d8d1bf5caa839f81a965024f62,limit_spin_density_zero_rect2x3,rect2x3_hole_2,iid,4096,3383099949
DEVELOPMENT,15,89bd5e9b58115b60bdad35f43f6437be,limit_spin_density_zero_rect2x3,rect2x3_hole_3,iid,4096,1798035945
DEVELOPMENT,16,8d9f57771b025ad2b6da9e578278aa6a,limit_hopping_zero_chain6,chain6_hole_2,iid,4096,2186259937
DEVELOPMENT,16,db87e6c265d45773bb6297db5af0c11f,limit_hopping_zero_chain6,chain6_hole_4,iid,4096,4163448236
DEVELOPMENT,16,fb5214d8d1bf5caa839f81a965024f62,limit_spin_density_zero_rect2x3,rect2x3_hole_2,iid,4096,3145639162
DEVELOPMENT,16,89bd5e9b58115b60bdad35f43f6437be,limit_spin_density_zero_rect2x3,rect2x3_hole_3,iid,4096,3779657642
DEVELOPMENT,17,8d9f57771b025ad2b6da9e578278aa6a,limit_hopping_zero_chain6,chain6_hole_2,iid,4096,745453728
DEVELOPMENT,17,db87e6c265d45773bb6297db5af0c11f,limit_hopping_zero_chain6,chain6_hole_4,iid,4096,3746790455
DEVELOPMENT,17,fb5214d8d1bf5caa839f81a965024f62,limit_spin_density_zero_rect2x3,rect2x3_hole_2,iid,4096,1961109646
DEVELOPMENT,17,89bd5e9b58115b60bdad35f43f6437be,limit_spin_density_zero_rect2x3,rect2x3_hole_3,iid,4096,1050165937
DEVELOPMENT,18,8d9f57771b025ad2b6da9e578278aa6a,limit_hopping_zero_chain6,chain6_hole_2,iid,4096,2456650183
DEVELOPMENT,18,db87e6c265d45773bb6297db5af0c11f,limit_hopping_zero_chain6,chain6_hole_4,iid,4096,250517543
DEVELOPMENT,18,fb5214d8d1bf5caa839f81a965024f62,limit_spin_density_zero_rect2x3,rect2x3_hole_2,iid,4096,3449756057
DEVELOPMENT,18,89bd5e9b58115b60bdad35f43f6437be,limit_spin_density_zero_rect2x3,rect2x3_hole_3,iid,4096,1147112533
DEVELOPMENT,19,8d9f57771b025ad2b6da9e578278aa6a,limit_hopping_zero_chain6,chain6_hole_2,iid,4096,4211155456
DEVELOPMENT,19,db87e6c265d45773bb6297db5af0c11f,limit_hopping_zero_chain6,chain6_hole_4,iid,4096,3541442854
DEVELOPMENT,19,fb5214d8d1bf5caa839f81a965024f62,limit_spin_density_zero_rect2x3,rect2x3_hole_2,iid,4096,4204541749
DEVELOPMENT,19,89bd5e9b58115b60bdad35f43f6437be,limit_spin_density_zero_rect2x3,rect2x3_hole_3,iid,4096,2359199007
DEVELOPMENT,20,8d9f57771b025ad2b6da9e578278aa6a,limit_hopping_zero_chain6,chain6_hole_2,iid,4096,976618937
DEVELOPMENT,20,db87e6c265d45773bb6297db5af0c11f,limit_hopping_zero_chain6,chain6_hole_4,iid,4096,1024436417
DEVELOPMENT,20,fb5214d8d1bf5caa839f81a965024f62,limit_spin_density_zero_rect2x3,rect2x3_hole_2,iid,4096,3028903582
DEVELOPMENT,20,89bd5e9b58115b60bdad35f43f6437be,limit_spin_density_zero_rect2x3,rect2x3_hole_3,iid,4096,3626926200
DEVELOPMENT,21,8d9f57771b025ad2b6da9e578278aa6a,limit_hopping_zero_chain6,chain6_hole_2,iid,4096,2703550757
DEVELOPMENT,21,db87e6c265d45773bb6297db5af0c11f,limit_hopping_zero_chain6,chain6_hole_4,iid,4096,2427838770
DEVELOPMENT,21,fb5214d8d1bf5caa839f81a965024f62,limit_spin_density_zero_rect2x3,rect2x3_hole_2,iid,4096,2229010231
DEVELOPMENT,21,89bd5e9b58115b60bdad35f43f6437be,limit_spin_density_zero_rect2x3,rect2x3_hole_3,iid,4096,413495527
DEVELOPMENT,22,8d9f57771b025ad2b6da9e578278aa6a,limit_hopping_zero_chain6,chain6_hole_2,iid,4096,3134970808
DEVELOPMENT,22,db87e6c265d45773bb6297db5af0c11f,limit_hopping_zero_chain6,chain6_hole_4,iid,4096,3209016241
DEVELOPMENT,22,fb5214d8d1bf5caa839f81a965024f62,limit_spin_density_zero_rect2x3,rect2x3_hole_2,iid,4096,2898051415
DEVELOPMENT,22,89bd5e9b58115b60bdad35f43f6437be,limit_spin_density_zero_rect2x3,rect2x3_hole_3,iid,4096,2145106455
DEVELOPMENT,23,8d9f57771b025ad2b6da9e578278aa6a,limit_hopping_zero_chain6,chain6_hole_2,iid,4096,3649215295
DEVELOPMENT,23,db87e6c265d45773bb6297db5af0c11f,limit_hopping_zero_chain6,chain6_hole_4,iid,4096,4015219383
DEVELOPMENT,23,fb5214d8d1bf5caa839f81a965024f62,limit_spin_density_zero_rect2x3,rect2x3_hole_2,iid,4096,1975641987
DEVELOPMENT,23,89bd5e9b58115b60bdad35f43f6437be,limit_spin_density_zero_rect2x3,rect2x3_hole_3,iid,4096,1205068862
DEVELOPMENT,24,8d9f57771b025ad2b6da9e578278aa6a,limit_hopping_zero_chain6,chain6_hole_2,iid,4096,3859589812
DEVELOPMENT,24,db87e6c265d45773bb6297db5af0c11f,limit_hopping_zero_chain6,chain6_hole_4,iid,4096,1610145820
DEVELOPMENT,24,fb5214d8d1bf5caa839f81a965024f62,limit_spin_density_zero_rect2x3,rect2x3_hole_2,iid,4096,2405595525
DEVELOPMENT,24,89bd5e9b58115b60bdad35f43f6437be,limit_spin_density_zero_rect2x3,rect2x3_hole_3,iid,4096,3497822726
DEVELOPMENT,25,8d9f57771b025ad2b6da9e578278aa6a,limit_hopping_zero_chain6,chain6_hole_2,iid,4096,1026033542
DEVELOPMENT,25,db87e6c265d45773bb6297db5af0c11f,limit_hopping_zero_chain6,chain6_hole_4,iid,4096,2946514481
DEVELOPMENT,25,fb5214d8d1bf5caa839f81a965024f62,limit_spin_density_zero_rect2x3,rect2x3_hole_2,iid,4096,2610389993
DEVELOPMENT,25,89bd5e9b58115b60bdad35f43f6437be,limit_spin_density_zero_rect2x3,rect2x3_hole_3,iid,4096,1526568566
DEVELOPMENT,26,8d9f57771b025ad2b6da9e578278aa6a,limit_hopping_zero_chain6,chain6_hole_2,iid,4096,742132267
DEVELOPMENT,26,db87e6c265d45773bb6297db5af0c11f,limit_hopping_zero_chain6,chain6_hole_4,iid,4096,2103645570
DEVELOPMENT,26,fb5214d8d1bf5caa839f81a965024f62,limit_spin_density_zero_rect2x3,rect2x3_hole_2,iid,4096,2291517854
DEVELOPMENT,26,89bd5e9b58115b60bdad35f43f6437be,limit_spin_density_zero_rect2x3,rect2x3_hole_3,iid,4096,3046167385
DEVELOPMENT,27,8d9f57771b025ad2b6da9e578278aa6a,limit_hopping_zero_chain6,chain6_hole_2,iid,4096,3940038708
DEVELOPMENT,27,db87e6c265d45773bb6297db5af0c11f,limit_hopping_zero_chain6,chain6_hole_4,iid,4096,2594652732
DEVELOPMENT,27,fb5214d8d1bf5caa839f81a965024f62,limit_spin_density_zero_rect2x3,rect2x3_hole_2,iid,4096,2496427431
DEVELOPMENT,27,89bd5e9b58115b60bdad35f43f6437be,limit_spin_density_zero_rect2x3,rect2x3_hole_3,iid,4096,1084720814
DEVELOPMENT,28,8d9f57771b025ad2b6da9e578278aa6a,limit_hopping_zero_chain6,chain6_hole_2,iid,4096,3440302750
DEVELOPMENT,28,db87e6c265d45773bb6297db5af0c11f,limit_hopping_zero_chain6,chain6_hole_4,iid,4096,519762774
DEVELOPMENT,28,fb5214d8d1bf5caa839f81a965024f62,limit_spin_density_zero_rect2x3,rect2x3_hole_2,iid,4096,308316957
DEVELOPMENT,28,89bd5e9b58115b60bdad35f43f6437be,limit_spin_density_zero_rect2x3,rect2x3_hole_3,iid,4096,308877755
DEVELOPMENT,29,8d9f57771b025ad2b6da9e578278aa6a,limit_hopping_zero_chain6,chain6_hole_2,iid,4096,772306535
DEVELOPMENT,29,db87e6c265d45773bb6297db5af0c11f,limit_hopping_zero_chain6,chain6_hole_4,iid,4096,1322140654
DEVELOPMENT,29,fb5214d8d1bf5caa839f81a965024f62,limit_spin_density_zero_rect2x3,rect2x3_hole_2,iid,4096,3249483148
DEVELOPMENT,29,89bd5e9b58115b60bdad35f43f6437be,limit_spin_density_zero_rect2x3,rect2x3_hole_3,iid,4096,3408989552
DEVELOPMENT,30,8d9f57771b025ad2b6da9e578278aa6a,limit_hopping_zero_chain6,chain6_hole_2,iid,4096,4109096915
DEVELOPMENT,30,db87e6c265d45773bb6297db5af0c11f,limit_hopping_zero_chain6,chain6_hole_4,iid,4096,3552208153
DEVELOPMENT,30,fb5214d8d1bf5caa839f81a965024f62,limit_spin_density_zero_rect2x3,rect2x3_hole_2,iid,4096,2437851870
DEVELOPMENT,30,89bd5e9b58115b60bdad35f43f6437be,limit_spin_density_zero_rect2x3,rect2x3_hole_3,iid,4096,1700496762
DEVELOPMENT,31,8d9f57771b025ad2b6da9e578278aa6a,limit_hopping_zero_chain6,chain6_hole_2,iid,4096,4263247643
DEVELOPMENT,31,db87e6c265d45773bb6297db5af0c11f,limit_hopping_zero_chain6,chain6_hole_4,iid,4096,957794754
DEVELOPMENT,31,fb5214d8d1bf5caa839f81a965024f62,limit_spin_density_zero_rect2x3,rect2x3_hole_2,iid,4096,32863941
DEVELOPMENT,31,89bd5e9b58115b60bdad35f43f6437be,limit_spin_density_zero_rect2x3,rect2x3_hole_3,iid,4096,2350500255
DEVELOPMENT,32,8d9f57771b025ad2b6da9e578278aa6a,limit_hopping_zero_chain6,chain6_hole_2,iid,4096,3899892442
DEVELOPMENT,32,db87e6c265d45773bb6297db5af0c11f,limit_hopping_zero_chain6,chain6_hole_4,iid,4096,1007181793
DEVELOPMENT,32,fb5214d8d1bf5caa839f81a965024f62,limit_spin_density_zero_rect2x3,rect2x3_hole_2,iid,4096,2705941033
DEVELOPMENT,32,89bd5e9b58115b60bdad35f43f6437be,limit_spin_density_zero_rect2x3,rect2x3_hole_3,iid,4096,4011747131
DEVELOPMENT,33,8d9f57771b025ad2b6da9e578278aa6a,limit_hopping_zero_chain6,chain6_hole_2,iid,4096,845491822
DEVELOPMENT,33,db87e6c265d45773bb6297db5af0c11f,limit_hopping_zero_chain6,chain6_hole_4,iid,4096,3007862402
DEVELOPMENT,33,fb5214d8d1bf5caa839f81a965024f62,limit_spin_density_zero_rect2x3,rect2x3_hole_2,iid,4096,319767451
DEVELOPMENT,33,89bd5e9b58115b60bdad35f43f6437be,limit_spin_density_zero_rect2x3,rect2x3_hole_3,iid,4096,366119612
DEVELOPMENT,34,8d9f57771b025ad2b6da9e578278aa6a,limit_hopping_zero_chain6,chain6_hole_2,iid,4096,1076764095
DEVELOPMENT,34,db87e6c265d45773bb6297db5af0c11f,limit_hopping_zero_chain6,chain6_hole_4,iid,4096,3405328889
DEVELOPMENT,34,fb5214d8d1bf5caa839f81a965024f62,limit_spin_density_zero_rect2x3,rect2x3_hole_2,iid,4096,3552580165
DEVELOPMENT,34,89bd5e9b58115b60bdad35f43f6437be,limit_spin_density_zero_rect2x3,rect2x3_hole_3,iid,4096,1409008110
DEVELOPMENT,35,8d9f57771b025ad2b6da9e578278aa6a,limit_hopping_zero_chain6,chain6_hole_2,iid,4096,3073583927
DEVELOPMENT,35,db87e6c265d45773bb6297db5af0c11f,limit_hopping_zero_chain6,chain6_hole_4,iid,4096,3829413538
DEVELOPMENT,35,fb5214d8d1bf5caa839f81a965024f62,limit_spin_density_zero_rect2x3,rect2x3_hole_2,iid,4096,1889505430
DEVELOPMENT,35,89bd5e9b58115b60bdad35f43f6437be,limit_spin_density_zero_rect2x3,rect2x3_hole_3,iid,4096,3411386721
DEVELOPMENT,36,8d9f57771b025ad2b6da9e578278aa6a,limit_hopping_zero_chain6,chain6_hole_2,iid,4096,2155592378
DEVELOPMENT,36,db87e6c265d45773bb6297db5af0c11f,limit_hopping_zero_chain6,chain6_hole_4,iid,4096,136487456
DEVELOPMENT,36,fb5214d8d1bf5caa839f81a965024f62,limit_spin_density_zero_rect2x3,rect2x3_hole_2,iid,4096,318983910
DEVELOPMENT,36,89bd5e9b58115b60bdad35f43f6437be,limit_spin_density_zero_rect2x3,rect2x3_hole_3,iid,4096,1191689494
DEVELOPMENT,37,8d9f57771b025ad2b6da9e578278aa6a,limit_hopping_zero_chain6,chain6_hole_2,iid,4096,3536086124
DEVELOPMENT,37,db87e6c265d45773bb6297db5af0c11f,limit_hopping_zero_chain6,chain6_hole_4,iid,4096,2643989536
DEVELOPMENT,37,fb5214d8d1bf5caa839f81a965024f62,limit_spin_density_zero_rect2x3,rect2x3_hole_2,iid,4096,3383911321
DEVELOPMENT,37,89bd5e9b58115b60bdad35f43f6437be,limit_spin_density_zero_rect2x3,rect2x3_hole_3,iid,4096,1518406973
DEVELOPMENT,38,8d9f57771b025ad2b6da9e578278aa6a,limit_hopping_zero_chain6,chain6_hole_2,iid,4096,249211295
DEVELOPMENT,38,db87e6c265d45773bb6297db5af0c11f,limit_hopping_zero_chain6,chain6_hole_4,iid,4096,220521239
DEVELOPMENT,38,fb5214d8d1bf5caa839f81a965024f62,limit_spin_density_zero_rect2x3,rect2x3_hole_2,iid,4096,2749390674
DEVELOPMENT,38,89bd5e9b58115b60bdad35f43f6437be,limit_spin_density_zero_rect2x3,rect2x3_hole_3,iid,4096,2130512247
DEVELOPMENT,39,8d9f57771b025ad2b6da9e578278aa6a,limit_hopping_zero_chain6,chain6_hole_2,iid,4096,1324042092
DEVELOPMENT,39,db87e6c265d45773bb6297db5af0c11f,limit_hopping_zero_chain6,chain6_hole_4,iid,4096,4152684394
DEVELOPMENT,39,fb5214d8d1bf5caa839f81a965024f62,limit_spin_density_zero_rect2x3,rect2x3_hole_2,iid,4096,1938305740
DEVELOPMENT,39,89bd5e9b58115b60bdad35f43f6437be,limit_spin_density_zero_rect2x3,rect2x3_hole_3,iid,4096,652885281
DEVELOPMENT,40,8d9f57771b025ad2b6da9e578278aa6a,limit_hopping_zero_chain6,chain6_hole_2,iid,4096,299038360
DEVELOPMENT,40,db87e6c265d45773bb6297db5af0c11f,limit_hopping_zero_chain6,chain6_hole_4,iid,4096,3746853052
DEVELOPMENT,40,fb5214d8d1bf5caa839f81a965024f62,limit_spin_density_zero_rect2x3,rect2x3_hole_2,iid,4096,592589980
DEVELOPMENT,40,89bd5e9b58115b60bdad35f43f6437be,limit_spin_density_zero_rect2x3,rect2x3_hole_3,iid,4096,3200383401
DEVELOPMENT,41,8d9f57771b025ad2b6da9e578278aa6a,limit_hopping_zero_chain6,chain6_hole_2,iid,4096,233369211
DEVELOPMENT,41,db87e6c265d45773bb6297db5af0c11f,limit_hopping_zero_chain6,chain6_hole_4,iid,4096,637072238
DEVELOPMENT,41,fb5214d8d1bf5caa839f81a965024f62,limit_spin_density_zero_rect2x3,rect2x3_hole_2,iid,4096,3084393538
DEVELOPMENT,41,89bd5e9b58115b60bdad35f43f6437be,limit_spin_density_zero_rect2x3,rect2x3_hole_3,iid,4096,3150759276
DEVELOPMENT,42,8d9f57771b025ad2b6da9e578278aa6a,limit_hopping_zero_chain6,chain6_hole_2,iid,4096,1108161993
DEVELOPMENT,42,db87e6c265d45773bb6297db5af0c11f,limit_hopping_zero_chain6,chain6_hole_4,iid,4096,3304938173
DEVELOPMENT,42,fb5214d8d1bf5caa839f81a965024f62,limit_spin_density_zero_rect2x3,rect2x3_hole_2,iid,4096,2824928413
DEVELOPMENT,42,89bd5e9b58115b60bdad35f43f6437be,limit_spin_density_zero_rect2x3,rect2x3_hole_3,iid,4096,106665866
DEVELOPMENT,43,8d9f57771b025ad2b6da9e578278aa6a,limit_hopping_zero_chain6,chain6_hole_2,iid,4096,36466758
DEVELOPMENT,43,db87e6c265d45773bb6297db5af0c11f,limit_hopping_zero_chain6,chain6_hole_4,iid,4096,2861867034
DEVELOPMENT,43,fb5214d8d1bf5caa839f81a965024f62,limit_spin_density_zero_rect2x3,rect2x3_hole_2,iid,4096,4136707471
DEVELOPMENT,43,89bd5e9b58115b60bdad35f43f6437be,limit_spin_density_zero_rect2x3,rect2x3_hole_3,iid,4096,1007606401
DEVELOPMENT,44,8d9f57771b025ad2b6da9e578278aa6a,limit_hopping_zero_chain6,chain6_hole_2,iid,4096,1978154634
DEVELOPMENT,44,db87e6c265d45773bb6297db5af0c11f,limit_hopping_zero_chain6,chain6_hole_4,iid,4096,3777449469
DEVELOPMENT,44,fb5214d8d1bf5caa839f81a965024f62,limit_spin_density_zero_rect2x3,rect2x3_hole_2,iid,4096,3038931646
DEVELOPMENT,44,89bd5e9b58115b60bdad35f43f6437be,limit_spin_density_zero_rect2x3,rect2x3_hole_3,iid,4096,2428793728
DEVELOPMENT,45,8d9f57771b025ad2b6da9e578278aa6a,limit_hopping_zero_chain6,chain6_hole_2,iid,4096,1684300674
DEVELOPMENT,45,db87e6c265d45773bb6297db5af0c11f,limit_hopping_zero_chain6,chain6_hole_4,iid,4096,2680428610
DEVELOPMENT,45,fb5214d8d1bf5caa839f81a965024f62,limit_spin_density_zero_rect2x3,rect2x3_hole_2,iid,4096,3235247950
DEVELOPMENT,45,89bd5e9b58115b60bdad35f43f6437be,limit_spin_density_zero_rect2x3,rect2x3_hole_3,iid,4096,3076803446
DEVELOPMENT,46,8d9f57771b025ad2b6da9e578278aa6a,limit_hopping_zero_chain6,chain6_hole_2,iid,4096,878729759
DEVELOPMENT,46,db87e6c265d45773bb6297db5af0c11f,limit_hopping_zero_chain6,chain6_hole_4,iid,4096,982923757
DEVELOPMENT,46,fb5214d8d1bf5caa839f81a965024f62,limit_spin_density_zero_rect2x3,rect2x3_hole_2,iid,4096,1497968522
DEVELOPMENT,46,89bd5e9b58115b60bdad35f43f6437be,limit_spin_density_zero_rect2x3,rect2x3_hole_3,iid,4096,2735776365
DEVELOPMENT,47,8d9f57771b025ad2b6da9e578278aa6a,limit_hopping_zero_chain6,chain6_hole_2,iid,4096,1965359315
DEVELOPMENT,47,db87e6c265d45773bb6297db5af0c11f,limit_hopping_zero_chain6,chain6_hole_4,iid,4096,636902121
DEVELOPMENT,47,fb5214d8d1bf5caa839f81a965024f62,limit_spin_density_zero_rect2x3,rect2x3_hole_2,iid,4096,2384630419
DEVELOPMENT,47,89bd5e9b58115b60bdad35f43f6437be,limit_spin_density_zero_rect2x3,rect2x3_hole_3,iid,4096,1173154770
DEVELOPMENT,48,8d9f57771b025ad2b6da9e578278aa6a,limit_hopping_zero_chain6,chain6_hole_2,iid,4096,4283545212
DEVELOPMENT,48,db87e6c265d45773bb6297db5af0c11f,limit_hopping_zero_chain6,chain6_hole_4,iid,4096,3795970593
DEVELOPMENT,48,fb5214d8d1bf5caa839f81a965024f62,limit_spin_density_zero_rect2x3,rect2x3_hole_2,iid,4096,3429572936
DEVELOPMENT,48,89bd5e9b58115b60bdad35f43f6437be,limit_spin_density_zero_rect2x3,rect2x3_hole_3,iid,4096,1642344882
DEVELOPMENT,49,8d9f57771b025ad2b6da9e578278aa6a,limit_hopping_zero_chain6,chain6_hole_2,iid,4096,1740357245
DEVELOPMENT,49,db87e6c265d45773bb6297db5af0c11f,limit_hopping_zero_chain6,chain6_hole_4,iid,4096,1115599951
DEVELOPMENT,49,fb5214d8d1bf5caa839f81a965024f62,limit_spin_density_zero_rect2x3,rect2x3_hole_2,iid,4096,3993485429
DEVELOPMENT,49,89bd5e9b58115b60bdad35f43f6437be,limit_spin_density_zero_rect2x3,rect2x3_hole_3,iid,4096,3878946461
DEVELOPMENT,50,8d9f57771b025ad2b6da9e578278aa6a,limit_hopping_zero_chain6,chain6_hole_2,iid,4096,4097791429
DEVELOPMENT,50,db87e6c265d45773bb6297db5af0c11f,limit_hopping_zero_chain6,chain6_hole_4,iid,4096,2522480478
DEVELOPMENT,50,fb5214d8d1bf5caa839f81a965024f62,limit_spin_density_zero_rect2x3,rect2x3_hole_2,iid,4096,1519894613
DEVELOPMENT,50,89bd5e9b58115b60bdad35f43f6437be,limit_spin_density_zero_rect2x3,rect2x3_hole_3,iid,4096,1967868970
DEVELOPMENT,51,8d9f57771b025ad2b6da9e578278aa6a,limit_hopping_zero_chain6,chain6_hole_2,iid,4096,757774937
DEVELOPMENT,51,db87e6c265d45773bb6297db5af0c11f,limit_hopping_zero_chain6,chain6_hole_4,iid,4096,1436306192
DEVELOPMENT,51,fb5214d8d1bf5caa839f81a965024f62,limit_spin_density_zero_rect2x3,rect2x3_hole_2,iid,4096,1865402493
DEVELOPMENT,51,89bd5e9b58115b60bdad35f43f6437be,limit_spin_density_zero_rect2x3,rect2x3_hole_3,iid,4096,860972121
DEVELOPMENT,52,8d9f57771b025ad2b6da9e578278aa6a,limit_hopping_zero_chain6,chain6_hole_2,iid,4096,718547861
DEVELOPMENT,52,db87e6c265d45773bb6297db5af0c11f,limit_hopping_zero_chain6,chain6_hole_4,iid,4096,3172239544
DEVELOPMENT,52,fb5214d8d1bf5caa839f81a965024f62,limit_spin_density_zero_rect2x3,rect2x3_hole_2,iid,4096,2443230131
DEVELOPMENT,52,89bd5e9b58115b60bdad35f43f6437be,limit_spin_density_zero_rect2x3,rect2x3_hole_3,iid,4096,1329113666
DEVELOPMENT,53,8d9f57771b025ad2b6da9e578278aa6a,limit_hopping_zero_chain6,chain6_hole_2,iid,4096,1238712078
DEVELOPMENT,53,db87e6c265d45773bb6297db5af0c11f,limit_hopping_zero_chain6,chain6_hole_4,iid,4096,1265056932
DEVELOPMENT,53,fb5214d8d1bf5caa839f81a965024f62,limit_spin_density_zero_rect2x3,rect2x3_hole_2,iid,4096,249887010
DEVELOPMENT,53,89bd5e9b58115b60bdad35f43f6437be,limit_spin_density_zero_rect2x3,rect2x3_hole_3,iid,4096,3413943205
DEVELOPMENT,54,8d9f57771b025ad2b6da9e578278aa6a,limit_hopping_zero_chain6,chain6_hole_2,iid,4096,2807905460
DEVELOPMENT,54,db87e6c265d45773bb6297db5af0c11f,limit_hopping_zero_chain6,chain6_hole_4,iid,4096,3759803410
DEVELOPMENT,54,fb5214d8d1bf5caa839f81a965024f62,limit_spin_density_zero_rect2x3,rect2x3_hole_2,iid,4096,2548295510
DEVELOPMENT,54,89bd5e9b58115b60bdad35f43f6437be,limit_spin_density_zero_rect2x3,rect2x3_hole_3,iid,4096,1812479865
DEVELOPMENT,55,8d9f57771b025ad2b6da9e578278aa6a,limit_hopping_zero_chain6,chain6_hole_2,iid,4096,3110607635
DEVELOPMENT,55,db87e6c265d45773bb6297db5af0c11f,limit_hopping_zero_chain6,chain6_hole_4,iid,4096,2054688214
DEVELOPMENT,55,fb5214d8d1bf5caa839f81a965024f62,limit_spin_density_zero_rect2x3,rect2x3_hole_2,iid,4096,783949014
DEVELOPMENT,55,89bd5e9b58115b60bdad35f43f6437be,limit_spin_density_zero_rect2x3,rect2x3_hole_3,iid,4096,3771801130
DEVELOPMENT,56,8d9f57771b025ad2b6da9e578278aa6a,limit_hopping_zero_chain6,chain6_hole_2,iid,4096,3850695101
DEVELOPMENT,56,db87e6c265d45773bb6297db5af0c11f,limit_hopping_zero_chain6,chain6_hole_4,iid,4096,2328376411
DEVELOPMENT,56,fb5214d8d1bf5caa839f81a965024f62,limit_spin_density_zero_rect2x3,rect2x3_hole_2,iid,4096,2670126056
DEVELOPMENT,56,89bd5e9b58115b60bdad35f43f6437be,limit_spin_density_zero_rect2x3,rect2x3_hole_3,iid,4096,3048395362
DEVELOPMENT,57,8d9f57771b025ad2b6da9e578278aa6a,limit_hopping_zero_chain6,chain6_hole_2,iid,4096,544136190
DEVELOPMENT,57,db87e6c265d45773bb6297db5af0c11f,limit_hopping_zero_chain6,chain6_hole_4,iid,4096,1337273765
DEVELOPMENT,57,fb5214d8d1bf5caa839f81a965024f62,limit_spin_density_zero_rect2x3,rect2x3_hole_2,iid,4096,52224047
DEVELOPMENT,57,89bd5e9b58115b60bdad35f43f6437be,limit_spin_density_zero_rect2x3,rect2x3_hole_3,iid,4096,3184167927
DEVELOPMENT,58,8d9f57771b025ad2b6da9e578278aa6a,limit_hopping_zero_chain6,chain6_hole_2,iid,4096,32757692
DEVELOPMENT,58,db87e6c265d45773bb6297db5af0c11f,limit_hopping_zero_chain6,chain6_hole_4,iid,4096,954432596
DEVELOPMENT,58,fb5214d8d1bf5caa839f81a965024f62,limit_spin_density_zero_rect2x3,rect2x3_hole_2,iid,4096,1181203349
DEVELOPMENT,58,89bd5e9b58115b60bdad35f43f6437be,limit_spin_density_zero_rect2x3,rect2x3_hole_3,iid,4096,1509048106
DEVELOPMENT,59,8d9f57771b025ad2b6da9e578278aa6a,limit_hopping_zero_chain6,chain6_hole_2,iid,4096,2717625292
DEVELOPMENT,59,db87e6c265d45773bb6297db5af0c11f,limit_hopping_zero_chain6,chain6_hole_4,iid,4096,693998457
DEVELOPMENT,59,fb5214d8d1bf5caa839f81a965024f62,limit_spin_density_zero_rect2x3,rect2x3_hole_2,iid,4096,810218799
DEVELOPMENT,59,89bd5e9b58115b60bdad35f43f6437be,limit_spin_density_zero_rect2x3,rect2x3_hole_3,iid,4096,935168101
DEVELOPMENT,60,8d9f57771b025ad2b6da9e578278aa6a,limit_hopping_zero_chain6,chain6_hole_2,iid,4096,75909636
DEVELOPMENT,60,db87e6c265d45773bb6297db5af0c11f,limit_hopping_zero_chain6,chain6_hole_4,iid,4096,4076494012
DEVELOPMENT,60,fb5214d8d1bf5caa839f81a965024f62,limit_spin_density_zero_rect2x3,rect2x3_hole_2,iid,4096,263191158
DEVELOPMENT,60,89bd5e9b58115b60bdad35f43f6437be,limit_spin_density_zero_rect2x3,rect2x3_hole_3,iid,4096,471533490
DEVELOPMENT,61,8d9f57771b025ad2b6da9e578278aa6a,limit_hopping_zero_chain6,chain6_hole_2,iid,4096,1959089035
DEVELOPMENT,61,db87e6c265d45773bb6297db5af0c11f,limit_hopping_zero_chain6,chain6_hole_4,iid,4096,1060993384
DEVELOPMENT,61,fb5214d8d1bf5caa839f81a965024f62,limit_spin_density_zero_rect2x3,rect2x3_hole_2,iid,4096,1601663881
DEVELOPMENT,61,89bd5e9b58115b60bdad35f43f6437be,limit_spin_density_zero_rect2x3,rect2x3_hole_3,iid,4096,1472223458
DEVELOPMENT,62,8d9f57771b025ad2b6da9e578278aa6a,limit_hopping_zero_chain6,chain6_hole_2,iid,4096,2872272546
DEVELOPMENT,62,db87e6c265d45773bb6297db5af0c11f,limit_hopping_zero_chain6,chain6_hole_4,iid,4096,2290612444
DEVELOPMENT,62,fb5214d8d1bf5caa839f81a965024f62,limit_spin_density_zero_rect2x3,rect2x3_hole_2,iid,4096,412440997
DEVELOPMENT,62,89bd5e9b58115b60bdad35f43f6437be,limit_spin_density_zero_rect2x3,rect2x3_hole_3,iid,4096,2388025954
DEVELOPMENT,63,8d9f57771b025ad2b6da9e578278aa6a,limit_hopping_zero_chain6,chain6_hole_2,iid,4096,823301481
DEVELOPMENT,63,db87e6c265d45773bb6297db5af0c11f,limit_hopping_zero_chain6,chain6_hole_4,iid,4096,1973381760
DEVELOPMENT,63,fb5214d8d1bf5caa839f81a965024f62,limit_spin_density_zero_rect2x3,rect2x3_hole_2,iid,4096,1215711835
DEVELOPMENT,63,89bd5e9b58115b60bdad35f43f6437be,limit_spin_density_zero_rect2x3,rect2x3_hole_3,iid,4096,1180247633
DEVELOPMENT,64,8d9f57771b025ad2b6da9e578278aa6a,limit_hopping_zero_chain6,chain6_hole_2,iid,4096,2186467486
DEVELOPMENT,64,db87e6c265d45773bb6297db5af0c11f,limit_hopping_zero_chain6,chain6_hole_4,iid,4096,3462271742
DEVELOPMENT,64,fb5214d8d1bf5caa839f81a965024f62,limit_spin_density_zero_rect2x3,rect2x3_hole_2,iid,4096,593260131
DEVELOPMENT,64,89bd5e9b58115b60bdad35f43f6437be,limit_spin_density_zero_rect2x3,rect2x3_hole_3,iid,4096,3800628728
DEVELOPMENT,65,8d9f57771b025ad2b6da9e578278aa6a,limit_hopping_zero_chain6,chain6_hole_2,iid,4096,319677337
DEVELOPMENT,65,db87e6c265d45773bb6297db5af0c11f,limit_hopping_zero_chain6,chain6_hole_4,iid,4096,2709011439
DEVELOPMENT,65,fb5214d8d1bf5caa839f81a965024f62,limit_spin_density_zero_rect2x3,rect2x3_hole_2,iid,4096,40615390
DEVELOPMENT,65,89bd5e9b58115b60bdad35f43f6437be,limit_spin_density_zero_rect2x3,rect2x3_hole_3,iid,4096,3137524872
DEVELOPMENT,66,8d9f57771b025ad2b6da9e578278aa6a,limit_hopping_zero_chain6,chain6_hole_2,iid,4096,3593277747
DEVELOPMENT,66,db87e6c265d45773bb6297db5af0c11f,limit_hopping_zero_chain6,chain6_hole_4,iid,4096,337304286
DEVELOPMENT,66,fb5214d8d1bf5caa839f81a965024f62,limit_spin_density_zero_rect2x3,rect2x3_hole_2,iid,4096,219430519
DEVELOPMENT,66,89bd5e9b58115b60bdad35f43f6437be,limit_spin_density_zero_rect2x3,rect2x3_hole_3,iid,4096,3103219370
DEVELOPMENT,67,8d9f57771b025ad2b6da9e578278aa6a,limit_hopping_zero_chain6,chain6_hole_2,iid,4096,169190135
DEVELOPMENT,67,db87e6c265d45773bb6297db5af0c11f,limit_hopping_zero_chain6,chain6_hole_4,iid,4096,3476249975
DEVELOPMENT,67,fb5214d8d1bf5caa839f81a965024f62,limit_spin_density_zero_rect2x3,rect2x3_hole_2,iid,4096,3402580846
DEVELOPMENT,67,89bd5e9b58115b60bdad35f43f6437be,limit_spin_density_zero_rect2x3,rect2x3_hole_3,iid,4096,1378370089
DEVELOPMENT,68,8d9f57771b025ad2b6da9e578278aa6a,limit_hopping_zero_chain6,chain6_hole_2,iid,4096,3573388039
DEVELOPMENT,68,db87e6c265d45773bb6297db5af0c11f,limit_hopping_zero_chain6,chain6_hole_4,iid,4096,3821354783
DEVELOPMENT,68,fb5214d8d1bf5caa839f81a965024f62,limit_spin_density_zero_rect2x3,rect2x3_hole_2,iid,4096,1884066899
DEVELOPMENT,68,89bd5e9b58115b60bdad35f43f6437be,limit_spin_density_zero_rect2x3,rect2x3_hole_3,iid,4096,3244492737
DEVELOPMENT,69,8d9f57771b025ad2b6da9e578278aa6a,limit_hopping_zero_chain6,chain6_hole_2,iid,4096,3029153290
DEVELOPMENT,69,db87e6c265d45773bb6297db5af0c11f,limit_hopping_zero_chain6,chain6_hole_4,iid,4096,3973388171
DEVELOPMENT,69,fb5214d8d1bf5caa839f81a965024f62,limit_spin_density_zero_rect2x3,rect2x3_hole_2,iid,4096,962882802
DEVELOPMENT,69,89bd5e9b58115b60bdad35f43f6437be,limit_spin_density_zero_rect2x3,rect2x3_hole_3,iid,4096,3538830044
DEVELOPMENT,70,8d9f57771b025ad2b6da9e578278aa6a,limit_hopping_zero_chain6,chain6_hole_2,iid,4096,3478664306
DEVELOPMENT,70,db87e6c265d45773bb6297db5af0c11f,limit_hopping_zero_chain6,chain6_hole_4,iid,4096,4241326871
DEVELOPMENT,70,fb5214d8d1bf5caa839f81a965024f62,limit_spin_density_zero_rect2x3,rect2x3_hole_2,iid,4096,263541516
DEVELOPMENT,70,89bd5e9b58115b60bdad35f43f6437be,limit_spin_density_zero_rect2x3,rect2x3_hole_3,iid,4096,2438949097
DEVELOPMENT,71,8d9f57771b025ad2b6da9e578278aa6a,limit_hopping_zero_chain6,chain6_hole_2,iid,4096,1592128779
DEVELOPMENT,71,db87e6c265d45773bb6297db5af0c11f,limit_hopping_zero_chain6,chain6_hole_4,iid,4096,762546678
DEVELOPMENT,71,fb5214d8d1bf5caa839f81a965024f62,limit_spin_density_zero_rect2x3,rect2x3_hole_2,iid,4096,1831932700
DEVELOPMENT,71,89bd5e9b58115b60bdad35f43f6437be,limit_spin_density_zero_rect2x3,rect2x3_hole_3,iid,4096,2133919197
DEVELOPMENT,72,8d9f57771b025ad2b6da9e578278aa6a,limit_hopping_zero_chain6,chain6_hole_2,iid,4096,1506640999
DEVELOPMENT,72,db87e6c265d45773bb6297db5af0c11f,limit_hopping_zero_chain6,chain6_hole_4,iid,4096,295424916
DEVELOPMENT,72,fb5214d8d1bf5caa839f81a965024f62,limit_spin_density_zero_rect2x3,rect2x3_hole_2,iid,4096,4173960155
DEVELOPMENT,72,89bd5e9b58115b60bdad35f43f6437be,limit_spin_density_zero_rect2x3,rect2x3_hole_3,iid,4096,3400539120
DEVELOPMENT,73,8d9f57771b025ad2b6da9e578278aa6a,limit_hopping_zero_chain6,chain6_hole_2,iid,4096,723074999
DEVELOPMENT,73,db87e6c265d45773bb6297db5af0c11f,limit_hopping_zero_chain6,chain6_hole_4,iid,4096,1833566085
DEVELOPMENT,73,fb5214d8d1bf5caa839f81a965024f62,limit_spin_density_zero_rect2x3,rect2x3_hole_2,iid,4096,2350592909
DEVELOPMENT,73,89bd5e9b58115b60bdad35f43f6437be,limit_spin_density_zero_rect2x3,rect2x3_hole_3,iid,4096,1332504719
DEVELOPMENT,74,8d9f57771b025ad2b6da9e578278aa6a,limit_hopping_zero_chain6,chain6_hole_2,iid,4096,2396560686
DEVELOPMENT,74,db87e6c265d45773bb6297db5af0c11f,limit_hopping_zero_chain6,chain6_hole_4,iid,4096,703568073
DEVELOPMENT,74,fb5214d8d1bf5caa839f81a965024f62,limit_spin_density_zero_rect2x3,rect2x3_hole_2,iid,4096,3748961987
DEVELOPMENT,74,89bd5e9b58115b60bdad35f43f6437be,limit_spin_density_zero_rect2x3,rect2x3_hole_3,iid,4096,1828516750
DEVELOPMENT,75,8d9f57771b025ad2b6da9e578278aa6a,limit_hopping_zero_chain6,chain6_hole_2,iid,4096,2367361017
DEVELOPMENT,75,db87e6c265d45773bb6297db5af0c11f,limit_hopping_zero_chain6,chain6_hole_4,iid,4096,389878804
DEVELOPMENT,75,fb5214d8d1bf5caa839f81a965024f62,limit_spin_density_zero_rect2x3,rect2x3_hole_2,iid,4096,1573011803
DEVELOPMENT,75,89bd5e9b58115b60bdad35f43f6437be,limit_spin_density_zero_rect2x3,rect2x3_hole_3,iid,4096,25901979
DEVELOPMENT,76,8d9f57771b025ad2b6da9e578278aa6a,limit_hopping_zero_chain6,chain6_hole_2,iid,4096,317332635
DEVELOPMENT,76,db87e6c265d45773bb6297db5af0c11f,limit_hopping_zero_chain6,chain6_hole_4,iid,4096,4164579287
DEVELOPMENT,76,fb5214d8d1bf5caa839f81a965024f62,limit_spin_density_zero_rect2x3,rect2x3_hole_2,iid,4096,3395965137
DEVELOPMENT,76,89bd5e9b58115b60bdad35f43f6437be,limit_spin_density_zero_rect2x3,rect2x3_hole_3,iid,4096,2197207452
DEVELOPMENT,77,8d9f57771b025ad2b6da9e578278aa6a,limit_hopping_zero_chain6,chain6_hole_2,iid,4096,1894901453
DEVELOPMENT,77,db87e6c265d45773bb6297db5af0c11f,limit_hopping_zero_chain6,chain6_hole_4,iid,4096,2525495077
DEVELOPMENT,77,fb5214d8d1bf5caa839f81a965024f62,limit_spin_density_zero_rect2x3,rect2x3_hole_2,iid,4096,1143693815
DEVELOPMENT,77,89bd5e9b58115b60bdad35f43f6437be,limit_spin_density_zero_rect2x3,rect2x3_hole_3,iid,4096,1811787983
DEVELOPMENT,78,8d9f57771b025ad2b6da9e578278aa6a,limit_hopping_zero_chain6,chain6_hole_2,iid,4096,3568963541
DEVELOPMENT,78,db87e6c265d45773bb6297db5af0c11f,limit_hopping_zero_chain6,chain6_hole_4,iid,4096,3024103428
DEVELOPMENT,78,fb5214d8d1bf5caa839f81a965024f62,limit_spin_density_zero_rect2x3,rect2x3_hole_2,iid,4096,3789801617
DEVELOPMENT,78,89bd5e9b58115b60bdad35f43f6437be,limit_spin_density_zero_rect2x3,rect2x3_hole_3,iid,4096,1433199423
DEVELOPMENT,79,8d9f57771b025ad2b6da9e578278aa6a,limit_hopping_zero_chain6,chain6_hole_2,iid,4096,3777413259
DEVELOPMENT,79,db87e6c265d45773bb6297db5af0c11f,limit_hopping_zero_chain6,chain6_hole_4,iid,4096,3014967553
DEVELOPMENT,79,fb5214d8d1bf5caa839f81a965024f62,limit_spin_density_zero_rect2x3,rect2x3_hole_2,iid,4096,3483888535
DEVELOPMENT,79,89bd5e9b58115b60bdad35f43f6437be,limit_spin_density_zero_rect2x3,rect2x3_hole_3,iid,4096,806359653
DEVELOPMENT,80,8d9f57771b025ad2b6da9e578278aa6a,limit_hopping_zero_chain6,chain6_hole_2,iid,4096,1656701125
DEVELOPMENT,80,db87e6c265d45773bb6297db5af0c11f,limit_hopping_zero_chain6,chain6_hole_4,iid,4096,2560708441
DEVELOPMENT,80,fb5214d8d1bf5caa839f81a965024f62,limit_spin_density_zero_rect2x3,rect2x3_hole_2,iid,4096,3818821993
DEVELOPMENT,80,89bd5e9b58115b60bdad35f43f6437be,limit_spin_density_zero_rect2x3,rect2x3_hole_3,iid,4096,31310838
DEVELOPMENT,81,8d9f57771b025ad2b6da9e578278aa6a,limit_hopping_zero_chain6,chain6_hole_2,iid,4096,3688710968
DEVELOPMENT,81,db87e6c265d45773bb6297db5af0c11f,limit_hopping_zero_chain6,chain6_hole_4,iid,4096,665532078
DEVELOPMENT,81,fb5214d8d1bf5caa839f81a965024f62,limit_spin_density_zero_rect2x3,rect2x3_hole_2,iid,4096,1568700713
DEVELOPMENT,81,89bd5e9b58115b60bdad35f43f6437be,limit_spin_density_zero_rect2x3,rect2x3_hole_3,iid,4096,1576344239
DEVELOPMENT,82,8d9f57771b025ad2b6da9e578278aa6a,limit_hopping_zero_chain6,chain6_hole_2,iid,4096,209636514
DEVELOPMENT,82,db87e6c265d45773bb6297db5af0c11f,limit_hopping_zero_chain6,chain6_hole_4,iid,4096,3168779503
DEVELOPMENT,82,fb5214d8d1bf5caa839f81a965024f62,limit_spin_density_zero_rect2x3,rect2x3_hole_2,iid,4096,1191026403
DEVELOPMENT,82,89bd5e9b58115b60bdad35f43f6437be,limit_spin_density_zero_rect2x3,rect2x3_hole_3,iid,4096,4157984734
DEVELOPMENT,83,8d9f57771b025ad2b6da9e578278aa6a,limit_hopping_zero_chain6,chain6_hole_2,iid,4096,2141140169
DEVELOPMENT,83,db87e6c265d45773bb6297db5af0c11f,limit_hopping_zero_chain6,chain6_hole_4,iid,4096,3728359043
DEVELOPMENT,83,fb5214d8d1bf5caa839f81a965024f62,limit_spin_density_zero_rect2x3,rect2x3_hole_2,iid,4096,3405449278
DEVELOPMENT,83,89bd5e9b58115b60bdad35f43f6437be,limit_spin_density_zero_rect2x3,rect2x3_hole_3,iid,4096,1009336270
DEVELOPMENT,84,8d9f57771b025ad2b6da9e578278aa6a,limit_hopping_zero_chain6,chain6_hole_2,iid,4096,1990589372
DEVELOPMENT,84,db87e6c265d45773bb6297db5af0c11f,limit_hopping_zero_chain6,chain6_hole_4,iid,4096,2351005150
DEVELOPMENT,84,fb5214d8d1bf5caa839f81a965024f62,limit_spin_density_zero_rect2x3,rect2x3_hole_2,iid,4096,2380353081
DEVELOPMENT,84,89bd5e9b58115b60bdad35f43f6437be,limit_spin_density_zero_rect2x3,rect2x3_hole_3,iid,4096,748847419
DEVELOPMENT,85,8d9f57771b025ad2b6da9e578278aa6a,limit_hopping_zero_chain6,chain6_hole_2,iid,4096,3053139546
DEVELOPMENT,85,db87e6c265d45773bb6297db5af0c11f,limit_hopping_zero_chain6,chain6_hole_4,iid,4096,601834003
DEVELOPMENT,85,fb5214d8d1bf5caa839f81a965024f62,limit_spin_density_zero_rect2x3,rect2x3_hole_2,iid,4096,1950924757
DEVELOPMENT,85,89bd5e9b58115b60bdad35f43f6437be,limit_spin_density_zero_rect2x3,rect2x3_hole_3,iid,4096,190200202
DEVELOPMENT,86,8d9f57771b025ad2b6da9e578278aa6a,limit_hopping_zero_chain6,chain6_hole_2,iid,4096,1720550945
DEVELOPMENT,86,db87e6c265d45773bb6297db5af0c11f,limit_hopping_zero_chain6,chain6_hole_4,iid,4096,2045179659
DEVELOPMENT,86,fb5214d8d1bf5caa839f81a965024f62,limit_spin_density_zero_rect2x3,rect2x3_hole_2,iid,4096,4169225252
DEVELOPMENT,86,89bd5e9b58115b60bdad35f43f6437be,limit_spin_density_zero_rect2x3,rect2x3_hole_3,iid,4096,2736461644
DEVELOPMENT,87,8d9f57771b025ad2b6da9e578278aa6a,limit_hopping_zero_chain6,chain6_hole_2,iid,4096,3772163754
DEVELOPMENT,87,db87e6c265d45773bb6297db5af0c11f,limit_hopping_zero_chain6,chain6_hole_4,iid,4096,2606096379
DEVELOPMENT,87,fb5214d8d1bf5caa839f81a965024f62,limit_spin_density_zero_rect2x3,rect2x3_hole_2,iid,4096,22303155
DEVELOPMENT,87,89bd5e9b58115b60bdad35f43f6437be,limit_spin_density_zero_rect2x3,rect2x3_hole_3,iid,4096,2502496059
DEVELOPMENT,88,8d9f57771b025ad2b6da9e578278aa6a,limit_hopping_zero_chain6,chain6_hole_2,iid,4096,2191158434
DEVELOPMENT,88,db87e6c265d45773bb6297db5af0c11f,limit_hopping_zero_chain6,chain6_hole_4,iid,4096,363082052
DEVELOPMENT,88,fb5214d8d1bf5caa839f81a965024f62,limit_spin_density_zero_rect2x3,rect2x3_hole_2,iid,4096,3940066272
DEVELOPMENT,88,89bd5e9b58115b60bdad35f43f6437be,limit_spin_density_zero_rect2x3,rect2x3_hole_3,iid,4096,3256919740
DEVELOPMENT,89,8d9f57771b025ad2b6da9e578278aa6a,limit_hopping_zero_chain6,chain6_hole_2,iid,4096,1617891030
DEVELOPMENT,89,db87e6c265d45773bb6297db5af0c11f,limit_hopping_zero_chain6,chain6_hole_4,iid,4096,2476335597
DEVELOPMENT,89,fb5214d8d1bf5caa839f81a965024f62,limit_spin_density_zero_rect2x3,rect2x3_hole_2,iid,4096,2014758851
DEVELOPMENT,89,89bd5e9b58115b60bdad35f43f6437be,limit_spin_density_zero_rect2x3,rect2x3_hole_3,iid,4096,636725455
DEVELOPMENT,90,8d9f57771b025ad2b6da9e578278aa6a,limit_hopping_zero_chain6,chain6_hole_2,iid,4096,4087284861
DEVELOPMENT,90,db87e6c265d45773bb6297db5af0c11f,limit_hopping_zero_chain6,chain6_hole_4,iid,4096,2899635247
DEVELOPMENT,90,fb5214d8d1bf5caa839f81a965024f62,limit_spin_density_zero_rect2x3,rect2x3_hole_2,iid,4096,2825760384
DEVELOPMENT,90,89bd5e9b58115b60bdad35f43f6437be,limit_spin_density_zero_rect2x3,rect2x3_hole_3,iid,4096,622240066
DEVELOPMENT,91,8d9f57771b025ad2b6da9e578278aa6a,limit_hopping_zero_chain6,chain6_hole_2,iid,4096,2453575932
DEVELOPMENT,91,db87e6c265d45773bb6297db5af0c11f,limit_hopping_zero_chain6,chain6_hole_4,iid,4096,1340480958
DEVELOPMENT,91,fb5214d8d1bf5caa839f81a965024f62,limit_spin_density_zero_rect2x3,rect2x3_hole_2,iid,4096,3784602407
DEVELOPMENT,91,89bd5e9b58115b60bdad35f43f6437be,limit_spin_density_zero_rect2x3,rect2x3_hole_3,iid,4096,3644194862
DEVELOPMENT,92,8d9f57771b025ad2b6da9e578278aa6a,limit_hopping_zero_chain6,chain6_hole_2,iid,4096,3411862260
DEVELOPMENT,92,db87e6c265d45773bb6297db5af0c11f,limit_hopping_zero_chain6,chain6_hole_4,iid,4096,1096842813
DEVELOPMENT,92,fb5214d8d1bf5caa839f81a965024f62,limit_spin_density_zero_rect2x3,rect2x3_hole_2,iid,4096,2638262032
DEVELOPMENT,92,89bd5e9b58115b60bdad35f43f6437be,limit_spin_density_zero_rect2x3,rect2x3_hole_3,iid,4096,27303352
DEVELOPMENT,93,8d9f57771b025ad2b6da9e578278aa6a,limit_hopping_zero_chain6,chain6_hole_2,iid,4096,2377425699
DEVELOPMENT,93,db87e6c265d45773bb6297db5af0c11f,limit_hopping_zero_chain6,chain6_hole_4,iid,4096,1707195952
DEVELOPMENT,93,fb5214d8d1bf5caa839f81a965024f62,limit_spin_density_zero_rect2x3,rect2x3_hole_2,iid,4096,2559860248
DEVELOPMENT,93,89bd5e9b58115b60bdad35f43f6437be,limit_spin_density_zero_rect2x3,rect2x3_hole_3,iid,4096,567067948
DEVELOPMENT,94,8d9f57771b025ad2b6da9e578278aa6a,limit_hopping_zero_chain6,chain6_hole_2,iid,4096,3900955827
DEVELOPMENT,94,db87e6c265d45773bb6297db5af0c11f,limit_hopping_zero_chain6,chain6_hole_4,iid,4096,1966554733
DEVELOPMENT,94,fb5214d8d1bf5caa839f81a965024f62,limit_spin_density_zero_rect2x3,rect2x3_hole_2,iid,4096,3143385242
DEVELOPMENT,94,89bd5e9b58115b60bdad35f43f6437be,limit_spin_density_zero_rect2x3,rect2x3_hole_3,iid,4096,1492892670
DEVELOPMENT,95,8d9f57771b025ad2b6da9e578278aa6a,limit_hopping_zero_chain6,chain6_hole_2,iid,4096,1077739814
DEVELOPMENT,95,db87e6c265d45773bb6297db5af0c11f,limit_hopping_zero_chain6,chain6_hole_4,iid,4096,2487292903
DEVELOPMENT,95,fb5214d8d1bf5caa839f81a965024f62,limit_spin_density_zero_rect2x3,rect2x3_hole_2,iid,4096,4048349980
DEVELOPMENT,95,89bd5e9b58115b60bdad35f43f6437be,limit_spin_density_zero_rect2x3,rect2x3_hole_3,iid,4096,298389466
DEVELOPMENT,96,8d9f57771b025ad2b6da9e578278aa6a,limit_hopping_zero_chain6,chain6_hole_2,iid,4096,1666527912
DEVELOPMENT,96,db87e6c265d45773bb6297db5af0c11f,limit_hopping_zero_chain6,chain6_hole_4,iid,4096,926024662
DEVELOPMENT,96,fb5214d8d1bf5caa839f81a965024f62,limit_spin_density_zero_rect2x3,rect2x3_hole_2,iid,4096,2415710174
DEVELOPMENT,96,89bd5e9b58115b60bdad35f43f6437be,limit_spin_density_zero_rect2x3,rect2x3_hole_3,iid,4096,1148389276
DEVELOPMENT,97,8d9f57771b025ad2b6da9e578278aa6a,limit_hopping_zero_chain6,chain6_hole_2,iid,4096,828359199
DEVELOPMENT,97,db87e6c265d45773bb6297db5af0c11f,limit_hopping_zero_chain6,chain6_hole_4,iid,4096,406493035
DEVELOPMENT,97,fb5214d8d1bf5caa839f81a965024f62,limit_spin_density_zero_rect2x3,rect2x3_hole_2,iid,4096,3154680298
DEVELOPMENT,97,89bd5e9b58115b60bdad35f43f6437be,limit_spin_density_zero_rect2x3,rect2x3_hole_3,iid,4096,807090407
DEVELOPMENT,98,8d9f57771b025ad2b6da9e578278aa6a,limit_hopping_zero_chain6,chain6_hole_2,iid,4096,415785578
DEVELOPMENT,98,db87e6c265d45773bb6297db5af0c11f,limit_hopping_zero_chain6,chain6_hole_4,iid,4096,2180913370
DEVELOPMENT,98,fb5214d8d1bf5caa839f81a965024f62,limit_spin_density_zero_rect2x3,rect2x3_hole_2,iid,4096,3753032995
DEVELOPMENT,98,89bd5e9b58115b60bdad35f43f6437be,limit_spin_density_zero_rect2x3,rect2x3_hole_3,iid,4096,241095004
DEVELOPMENT,99,8d9f57771b025ad2b6da9e578278aa6a,limit_hopping_zero_chain6,chain6_hole_2,iid,4096,2174385235
DEVELOPMENT,99,db87e6c265d45773bb6297db5af0c11f,limit_hopping_zero_chain6,chain6_hole_4,iid,4096,2020652909
DEVELOPMENT,99,fb5214d8d1bf5caa839f81a965024f62,limit_spin_density_zero_rect2x3,rect2x3_hole_2,iid,4096,3906046668
DEVELOPMENT,99,89bd5e9b58115b60bdad35f43f6437be,limit_spin_density_zero_rect2x3,rect2x3_hole_3,iid,4096,28929385
DEVELOPMENT,100,8d9f57771b025ad2b6da9e578278aa6a,limit_hopping_zero_chain6,chain6_hole_2,iid,4096,2848517681
DEVELOPMENT,100,db87e6c265d45773bb6297db5af0c11f,limit_hopping_zero_chain6,chain6_hole_4,iid,4096,3243335256
DEVELOPMENT,100,fb5214d8d1bf5caa839f81a965024f62,limit_spin_density_zero_rect2x3,rect2x3_hole_2,iid,4096,3081430126
DEVELOPMENT,100,89bd5e9b58115b60bdad35f43f6437be,limit_spin_density_zero_rect2x3,rect2x3_hole_3,iid,4096,91804188
DEVELOPMENT,101,8d9f57771b025ad2b6da9e578278aa6a,limit_hopping_zero_chain6,chain6_hole_2,iid,4096,2928741419
DEVELOPMENT,101,db87e6c265d45773bb6297db5af0c11f,limit_hopping_zero_chain6,chain6_hole_4,iid,4096,2594502506
DEVELOPMENT,101,fb5214d8d1bf5caa839f81a965024f62,limit_spin_density_zero_rect2x3,rect2x3_hole_2,iid,4096,906692319
DEVELOPMENT,101,89bd5e9b58115b60bdad35f43f6437be,limit_spin_density_zero_rect2x3,rect2x3_hole_3,iid,4096,2093804629
DEVELOPMENT,102,8d9f57771b025ad2b6da9e578278aa6a,limit_hopping_zero_chain6,chain6_hole_2,iid,4096,550759434
DEVELOPMENT,102,db87e6c265d45773bb6297db5af0c11f,limit_hopping_zero_chain6,chain6_hole_4,iid,4096,879135658
DEVELOPMENT,102,fb5214d8d1bf5caa839f81a965024f62,limit_spin_density_zero_rect2x3,rect2x3_hole_2,iid,4096,1959713367
DEVELOPMENT,102,89bd5e9b58115b60bdad35f43f6437be,limit_spin_density_zero_rect2x3,rect2x3_hole_3,iid,4096,969017408
DEVELOPMENT,103,8d9f57771b025ad2b6da9e578278aa6a,limit_hopping_zero_chain6,chain6_hole_2,iid,4096,3362842377
DEVELOPMENT,103,db87e6c265d45773bb6297db5af0c11f,limit_hopping_zero_chain6,chain6_hole_4,iid,4096,4138426728
DEVELOPMENT,103,fb5214d8d1bf5caa839f81a965024f62,limit_spin_density_zero_rect2x3,rect2x3_hole_2,iid,4096,262266968
DEVELOPMENT,103,89bd5e9b58115b60bdad35f43f6437be,limit_spin_density_zero_rect2x3,rect2x3_hole_3,iid,4096,508793420
DEVELOPMENT,104,8d9f57771b025ad2b6da9e578278aa6a,limit_hopping_zero_chain6,chain6_hole_2,iid,4096,417606535
DEVELOPMENT,104,db87e6c265d45773bb6297db5af0c11f,limit_hopping_zero_chain6,chain6_hole_4,iid,4096,8954496
DEVELOPMENT,104,fb5214d8d1bf5caa839f81a965024f62,limit_spin_density_zero_rect2x3,rect2x3_hole_2,iid,4096,2907569159
DEVELOPMENT,104,89bd5e9b58115b60bdad35f43f6437be,limit_spin_density_zero_rect2x3,rect2x3_hole_3,iid,4096,2042469233
DEVELOPMENT,105,8d9f57771b025ad2b6da9e578278aa6a,limit_hopping_zero_chain6,chain6_hole_2,iid,4096,2433131047
DEVELOPMENT,105,db87e6c265d45773bb6297db5af0c11f,limit_hopping_zero_chain6,chain6_hole_4,iid,4096,2758615847
DEVELOPMENT,105,fb5214d8d1bf5caa839f81a965024f62,limit_spin_density_zero_rect2x3,rect2x3_hole_2,iid,4096,2789183472
DEVELOPMENT,105,89bd5e9b58115b60bdad35f43f6437be,limit_spin_density_zero_rect2x3,rect2x3_hole_3,iid,4096,2219446238
DEVELOPMENT,106,8d9f57771b025ad2b6da9e578278aa6a,limit_hopping_zero_chain6,chain6_hole_2,iid,4096,3887713065
DEVELOPMENT,106,db87e6c265d45773bb6297db5af0c11f,limit_hopping_zero_chain6,chain6_hole_4,iid,4096,327206240
DEVELOPMENT,106,fb5214d8d1bf5caa839f81a965024f62,limit_spin_density_zero_rect2x3,rect2x3_hole_2,iid,4096,2989655657
DEVELOPMENT,106,89bd5e9b58115b60bdad35f43f6437be,limit_spin_density_zero_rect2x3,rect2x3_hole_3,iid,4096,553194374
DEVELOPMENT,107,8d9f57771b025ad2b6da9e578278aa6a,limit_hopping_zero_chain6,chain6_hole_2,iid,4096,2061059148
DEVELOPMENT,107,db87e6c265d45773bb6297db5af0c11f,limit_hopping_zero_chain6,chain6_hole_4,iid,4096,2369738509
DEVELOPMENT,107,fb5214d8d1bf5caa839f81a965024f62,limit_spin_density_zero_rect2x3,rect2x3_hole_2,iid,4096,2714344202
DEVELOPMENT,107,89bd5e9b58115b60bdad35f43f6437be,limit_spin_density_zero_rect2x3,rect2x3_hole_3,iid,4096,2224683784
DEVELOPMENT,108,8d9f57771b025ad2b6da9e578278aa6a,limit_hopping_zero_chain6,chain6_hole_2,iid,4096,3724124811
DEVELOPMENT,108,db87e6c265d45773bb6297db5af0c11f,limit_hopping_zero_chain6,chain6_hole_4,iid,4096,1111016767
DEVELOPMENT,108,fb5214d8d1bf5caa839f81a965024f62,limit_spin_density_zero_rect2x3,rect2x3_hole_2,iid,4096,2783558560
DEVELOPMENT,108,89bd5e9b58115b60bdad35f43f6437be,limit_spin_density_zero_rect2x3,rect2x3_hole_3,iid,4096,456203269
DEVELOPMENT,109,8d9f57771b025ad2b6da9e578278aa6a,limit_hopping_zero_chain6,chain6_hole_2,iid,4096,1405754098
DEVELOPMENT,109,db87e6c265d45773bb6297db5af0c11f,limit_hopping_zero_chain6,chain6_hole_4,iid,4096,479667184
DEVELOPMENT,109,fb5214d8d1bf5caa839f81a965024f62,limit_spin_density_zero_rect2x3,rect2x3_hole_2,iid,4096,3838559678
DEVELOPMENT,109,89bd5e9b58115b60bdad35f43f6437be,limit_spin_density_zero_rect2x3,rect2x3_hole_3,iid,4096,3588451997
DEVELOPMENT,110,8d9f57771b025ad2b6da9e578278aa6a,limit_hopping_zero_chain6,chain6_hole_2,iid,4096,3766645748
DEVELOPMENT,110,db87e6c265d45773bb6297db5af0c11f,limit_hopping_zero_chain6,chain6_hole_4,iid,4096,1903080365
DEVELOPMENT,110,fb5214d8d1bf5caa839f81a965024f62,limit_spin_density_zero_rect2x3,rect2x3_hole_2,iid,4096,280716430
DEVELOPMENT,110,89bd5e9b58115b60bdad35f43f6437be,limit_spin_density_zero_rect2x3,rect2x3_hole_3,iid,4096,3752039547
DEVELOPMENT,111,8d9f57771b025ad2b6da9e578278aa6a,limit_hopping_zero_chain6,chain6_hole_2,iid,4096,1778220946
DEVELOPMENT,111,db87e6c265d45773bb6297db5af0c11f,limit_hopping_zero_chain6,chain6_hole_4,iid,4096,2887047471
DEVELOPMENT,111,fb5214d8d1bf5caa839f81a965024f62,limit_spin_density_zero_rect2x3,rect2x3_hole_2,iid,4096,2687762991
DEVELOPMENT,111,89bd5e9b58115b60bdad35f43f6437be,limit_spin_density_zero_rect2x3,rect2x3_hole_3,iid,4096,3947519607
DEVELOPMENT,112,8d9f57771b025ad2b6da9e578278aa6a,limit_hopping_zero_chain6,chain6_hole_2,iid,4096,788026871
DEVELOPMENT,112,db87e6c265d45773bb6297db5af0c11f,limit_hopping_zero_chain6,chain6_hole_4,iid,4096,1102665839
DEVELOPMENT,112,fb5214d8d1bf5caa839f81a965024f62,limit_spin_density_zero_rect2x3,rect2x3_hole_2,iid,4096,4080017517
DEVELOPMENT,112,89bd5e9b58115b60bdad35f43f6437be,limit_spin_density_zero_rect2x3,rect2x3_hole_3,iid,4096,3749066364
DEVELOPMENT,113,8d9f57771b025ad2b6da9e578278aa6a,limit_hopping_zero_chain6,chain6_hole_2,iid,4096,4135474750
DEVELOPMENT,113,db87e6c265d45773bb6297db5af0c11f,limit_hopping_zero_chain6,chain6_hole_4,iid,4096,1285771381
DEVELOPMENT,113,fb5214d8d1bf5caa839f81a965024f62,limit_spin_density_zero_rect2x3,rect2x3_hole_2,iid,4096,3425612620
DEVELOPMENT,113,89bd5e9b58115b60bdad35f43f6437be,limit_spin_density_zero_rect2x3,rect2x3_hole_3,iid,4096,3419967128
DEVELOPMENT,114,8d9f57771b025ad2b6da9e578278aa6a,limit_hopping_zero_chain6,chain6_hole_2,iid,4096,3584803379
DEVELOPMENT,114,db87e6c265d45773bb6297db5af0c11f,limit_hopping_zero_chain6,chain6_hole_4,iid,4096,3734343325
DEVELOPMENT,114,fb5214d8d1bf5caa839f81a965024f62,limit_spin_density_zero_rect2x3,rect2x3_hole_2,iid,4096,2387700716
DEVELOPMENT,114,89bd5e9b58115b60bdad35f43f6437be,limit_spin_density_zero_rect2x3,rect2x3_hole_3,iid,4096,38806499
DEVELOPMENT,115,8d9f57771b025ad2b6da9e578278aa6a,limit_hopping_zero_chain6,chain6_hole_2,iid,4096,1826811589
DEVELOPMENT,115,db87e6c265d45773bb6297db5af0c11f,limit_hopping_zero_chain6,chain6_hole_4,iid,4096,1957699746
DEVELOPMENT,115,fb5214d8d1bf5caa839f81a965024f62,limit_spin_density_zero_rect2x3,rect2x3_hole_2,iid,4096,2444776413
DEVELOPMENT,115,89bd5e9b58115b60bdad35f43f6437be,limit_spin_density_zero_rect2x3,rect2x3_hole_3,iid,4096,2707942653
DEVELOPMENT,116,8d9f57771b025ad2b6da9e578278aa6a,limit_hopping_zero_chain6,chain6_hole_2,iid,4096,52587795
DEVELOPMENT,116,db87e6c265d45773bb6297db5af0c11f,limit_hopping_zero_chain6,chain6_hole_4,iid,4096,1992347427
DEVELOPMENT,116,fb5214d8d1bf5caa839f81a965024f62,limit_spin_density_zero_rect2x3,rect2x3_hole_2,iid,4096,1649102000
DEVELOPMENT,116,89bd5e9b58115b60bdad35f43f6437be,limit_spin_density_zero_rect2x3,rect2x3_hole_3,iid,4096,4286641317
DEVELOPMENT,117,8d9f57771b025ad2b6da9e578278aa6a,limit_hopping_zero_chain6,chain6_hole_2,iid,4096,1789739449
DEVELOPMENT,117,db87e6c265d45773bb6297db5af0c11f,limit_hopping_zero_chain6,chain6_hole_4,iid,4096,115034727
DEVELOPMENT,117,fb5214d8d1bf5caa839f81a965024f62,limit_spin_density_zero_rect2x3,rect2x3_hole_2,iid,4096,2401207145
DEVELOPMENT,117,89bd5e9b58115b60bdad35f43f6437be,limit_spin_density_zero_rect2x3,rect2x3_hole_3,iid,4096,960374740
DEVELOPMENT,118,8d9f57771b025ad2b6da9e578278aa6a,limit_hopping_zero_chain6,chain6_hole_2,iid,4096,3589173610
DEVELOPMENT,118,db87e6c265d45773bb6297db5af0c11f,limit_hopping_zero_chain6,chain6_hole_4,iid,4096,1310031779
DEVELOPMENT,118,fb5214d8d1bf5caa839f81a965024f62,limit_spin_density_zero_rect2x3,rect2x3_hole_2,iid,4096,1442140789
DEVELOPMENT,118,89bd5e9b58115b60bdad35f43f6437be,limit_spin_density_zero_rect2x3,rect2x3_hole_3,iid,4096,2956394840
DEVELOPMENT,119,8d9f57771b025ad2b6da9e578278aa6a,limit_hopping_zero_chain6,chain6_hole_2,iid,4096,3469679645
DEVELOPMENT,119,db87e6c265d45773bb6297db5af0c11f,limit_hopping_zero_chain6,chain6_hole_4,iid,4096,3460999795
DEVELOPMENT,119,fb5214d8d1bf5caa839f81a965024f62,limit_spin_density_zero_rect2x3,rect2x3_hole_2,iid,4096,3157796670
DEVELOPMENT,119,89bd5e9b58115b60bdad35f43f6437be,limit_spin_density_zero_rect2x3,rect2x3_hole_3,iid,4096,3320909671
DEVELOPMENT,120,8d9f57771b025ad2b6da9e578278aa6a,limit_hopping_zero_chain6,chain6_hole_2,iid,4096,327547566
DEVELOPMENT,120,db87e6c265d45773bb6297db5af0c11f,limit_hopping_zero_chain6,chain6_hole_4,iid,4096,2182066524
DEVELOPMENT,120,fb5214d8d1bf5caa839f81a965024f62,limit_spin_density_zero_rect2x3,rect2x3_hole_2,iid,4096,25068653
DEVELOPMENT,120,89bd5e9b58115b60bdad35f43f6437be,limit_spin_density_zero_rect2x3,rect2x3_hole_3,iid,4096,4214951873
DEVELOPMENT,121,8d9f57771b025ad2b6da9e578278aa6a,limit_hopping_zero_chain6,chain6_hole_2,iid,4096,3346981287
DEVELOPMENT,121,db87e6c265d45773bb6297db5af0c11f,limit_hopping_zero_chain6,chain6_hole_4,iid,4096,2121314135
DEVELOPMENT,121,fb5214d8d1bf5caa839f81a965024f62,limit_spin_density_zero_rect2x3,rect2x3_hole_2,iid,4096,3954580786
DEVELOPMENT,121,89bd5e9b58115b60bdad35f43f6437be,limit_spin_density_zero_rect2x3,rect2x3_hole_3,iid,4096,1365988209
DEVELOPMENT,122,8d9f57771b025ad2b6da9e578278aa6a,limit_hopping_zero_chain6,chain6_hole_2,iid,4096,1364337720
DEVELOPMENT,122,db87e6c265d45773bb6297db5af0c11f,limit_hopping_zero_chain6,chain6_hole_4,iid,4096,3110199285
DEVELOPMENT,122,fb5214d8d1bf5caa839f81a965024f62,limit_spin_density_zero_rect2x3,rect2x3_hole_2,iid,4096,2196071421
DEVELOPMENT,122,89bd5e9b58115b60bdad35f43f6437be,limit_spin_density_zero_rect2x3,rect2x3_hole_3,iid,4096,259507892
DEVELOPMENT,123,8d9f57771b025ad2b6da9e578278aa6a,limit_hopping_zero_chain6,chain6_hole_2,iid,4096,1701047362
DEVELOPMENT,123,db87e6c265d45773bb6297db5af0c11f,limit_hopping_zero_chain6,chain6_hole_4,iid,4096,1942080110
DEVELOPMENT,123,fb5214d8d1bf5caa839f81a965024f62,limit_spin_density_zero_rect2x3,rect2x3_hole_2,iid,4096,3828932014
DEVELOPMENT,123,89bd5e9b58115b60bdad35f43f6437be,limit_spin_density_zero_rect2x3,rect2x3_hole_3,iid,4096,685972526
DEVELOPMENT,124,8d9f57771b025ad2b6da9e578278aa6a,limit_hopping_zero_chain6,chain6_hole_2,iid,4096,2032178297
DEVELOPMENT,124,db87e6c265d45773bb6297db5af0c11f,limit_hopping_zero_chain6,chain6_hole_4,iid,4096,401520345
DEVELOPMENT,124,fb5214d8d1bf5caa839f81a965024f62,limit_spin_density_zero_rect2x3,rect2x3_hole_2,iid,4096,3257795867
DEVELOPMENT,124,89bd5e9b58115b60bdad35f43f6437be,limit_spin_density_zero_rect2x3,rect2x3_hole_3,iid,4096,4044262673
DEVELOPMENT,125,8d9f57771b025ad2b6da9e578278aa6a,limit_hopping_zero_chain6,chain6_hole_2,iid,4096,2179839442
DEVELOPMENT,125,db87e6c265d45773bb6297db5af0c11f,limit_hopping_zero_chain6,chain6_hole_4,iid,4096,1321986356
DEVELOPMENT,125,fb5214d8d1bf5caa839f81a965024f62,limit_spin_density_zero_rect2x3,rect2x3_hole_2,iid,4096,1984232435
DEVELOPMENT,125,89bd5e9b58115b60bdad35f43f6437be,limit_spin_density_zero_rect2x3,rect2x3_hole_3,iid,4096,822191058
DEVELOPMENT,126,8d9f57771b025ad2b6da9e578278aa6a,limit_hopping_zero_chain6,chain6_hole_2,iid,4096,1357194362
DEVELOPMENT,126,db87e6c265d45773bb6297db5af0c11f,limit_hopping_zero_chain6,chain6_hole_4,iid,4096,1427228594
DEVELOPMENT,126,fb5214d8d1bf5caa839f81a965024f62,limit_spin_density_zero_rect2x3,rect2x3_hole_2,iid,4096,1923953348
DEVELOPMENT,126,89bd5e9b58115b60bdad35f43f6437be,limit_spin_density_zero_rect2x3,rect2x3_hole_3,iid,4096,3942242351
DEVELOPMENT,127,8d9f57771b025ad2b6da9e578278aa6a,limit_hopping_zero_chain6,chain6_hole_2,iid,4096,3314906415
DEVELOPMENT,127,db87e6c265d45773bb6297db5af0c11f,limit_hopping_zero_chain6,chain6_hole_4,iid,4096,4274158758
DEVELOPMENT,127,fb5214d8d1bf5caa839f81a965024f62,limit_spin_density_zero_rect2x3,rect2x3_hole_2,iid,4096,1769225045
DEVELOPMENT,127,89bd5e9b58115b60bdad35f43f6437be,limit_spin_density_zero_rect2x3,rect2x3_hole_3,iid,4096,63648690
DEVELOPMENT,0,8d9f57771b025ad2b6da9e578278aa6a,limit_hopping_zero_chain6,chain6_hole_2,antithetic,1024,1456495579
DEVELOPMENT,0,db87e6c265d45773bb6297db5af0c11f,limit_hopping_zero_chain6,chain6_hole_4,antithetic,1024,600724587
DEVELOPMENT,0,fb5214d8d1bf5caa839f81a965024f62,limit_spin_density_zero_rect2x3,rect2x3_hole_2,antithetic,1024,96462096
DEVELOPMENT,0,89bd5e9b58115b60bdad35f43f6437be,limit_spin_density_zero_rect2x3,rect2x3_hole_3,antithetic,1024,2167302163
DEVELOPMENT,1,8d9f57771b025ad2b6da9e578278aa6a,limit_hopping_zero_chain6,chain6_hole_2,antithetic,1024,4119179392
DEVELOPMENT,1,db87e6c265d45773bb6297db5af0c11f,limit_hopping_zero_chain6,chain6_hole_4,antithetic,1024,1166404343
DEVELOPMENT,1,fb5214d8d1bf5caa839f81a965024f62,limit_spin_density_zero_rect2x3,rect2x3_hole_2,antithetic,1024,626635621
DEVELOPMENT,1,89bd5e9b58115b60bdad35f43f6437be,limit_spin_density_zero_rect2x3,rect2x3_hole_3,antithetic,1024,842955922
DEVELOPMENT,2,8d9f57771b025ad2b6da9e578278aa6a,limit_hopping_zero_chain6,chain6_hole_2,antithetic,1024,3445879516
DEVELOPMENT,2,db87e6c265d45773bb6297db5af0c11f,limit_hopping_zero_chain6,chain6_hole_4,antithetic,1024,1637565106
DEVELOPMENT,2,fb5214d8d1bf5caa839f81a965024f62,limit_spin_density_zero_rect2x3,rect2x3_hole_2,antithetic,1024,3878633279
DEVELOPMENT,2,89bd5e9b58115b60bdad35f43f6437be,limit_spin_density_zero_rect2x3,rect2x3_hole_3,antithetic,1024,3344654389
DEVELOPMENT,3,8d9f57771b025ad2b6da9e578278aa6a,limit_hopping_zero_chain6,chain6_hole_2,antithetic,1024,3465328775
DEVELOPMENT,3,db87e6c265d45773bb6297db5af0c11f,limit_hopping_zero_chain6,chain6_hole_4,antithetic,1024,4101222359
DEVELOPMENT,3,fb5214d8d1bf5caa839f81a965024f62,limit_spin_density_zero_rect2x3,rect2x3_hole_2,antithetic,1024,3804500295
DEVELOPMENT,3,89bd5e9b58115b60bdad35f43f6437be,limit_spin_density_zero_rect2x3,rect2x3_hole_3,antithetic,1024,918715350
DEVELOPMENT,4,8d9f57771b025ad2b6da9e578278aa6a,limit_hopping_zero_chain6,chain6_hole_2,antithetic,1024,620714330
DEVELOPMENT,4,db87e6c265d45773bb6297db5af0c11f,limit_hopping_zero_chain6,chain6_hole_4,antithetic,1024,3435755588
DEVELOPMENT,4,fb5214d8d1bf5caa839f81a965024f62,limit_spin_density_zero_rect2x3,rect2x3_hole_2,antithetic,1024,332401479
DEVELOPMENT,4,89bd5e9b58115b60bdad35f43f6437be,limit_spin_density_zero_rect2x3,rect2x3_hole_3,antithetic,1024,1223638616
DEVELOPMENT,5,8d9f57771b025ad2b6da9e578278aa6a,limit_hopping_zero_chain6,chain6_hole_2,antithetic,1024,1798998966
DEVELOPMENT,5,db87e6c265d45773bb6297db5af0c11f,limit_hopping_zero_chain6,chain6_hole_4,antithetic,1024,4050704789
DEVELOPMENT,5,fb5214d8d1bf5caa839f81a965024f62,limit_spin_density_zero_rect2x3,rect2x3_hole_2,antithetic,1024,3342847597
DEVELOPMENT,5,89bd5e9b58115b60bdad35f43f6437be,limit_spin_density_zero_rect2x3,rect2x3_hole_3,antithetic,1024,619560755
DEVELOPMENT,6,8d9f57771b025ad2b6da9e578278aa6a,limit_hopping_zero_chain6,chain6_hole_2,antithetic,1024,1926642909
DEVELOPMENT,6,db87e6c265d45773bb6297db5af0c11f,limit_hopping_zero_chain6,chain6_hole_4,antithetic,1024,3176001042
DEVELOPMENT,6,fb5214d8d1bf5caa839f81a965024f62,limit_spin_density_zero_rect2x3,rect2x3_hole_2,antithetic,1024,329243691
DEVELOPMENT,6,89bd5e9b58115b60bdad35f43f6437be,limit_spin_density_zero_rect2x3,rect2x3_hole_3,antithetic,1024,294348188
DEVELOPMENT,7,8d9f57771b025ad2b6da9e578278aa6a,limit_hopping_zero_chain6,chain6_hole_2,antithetic,1024,292997601
DEVELOPMENT,7,db87e6c265d45773bb6297db5af0c11f,limit_hopping_zero_chain6,chain6_hole_4,antithetic,1024,1866049804
DEVELOPMENT,7,fb5214d8d1bf5caa839f81a965024f62,limit_spin_density_zero_rect2x3,rect2x3_hole_2,antithetic,1024,4138228768
DEVELOPMENT,7,89bd5e9b58115b60bdad35f43f6437be,limit_spin_density_zero_rect2x3,rect2x3_hole_3,antithetic,1024,489180307
DEVELOPMENT,8,8d9f57771b025ad2b6da9e578278aa6a,limit_hopping_zero_chain6,chain6_hole_2,antithetic,1024,2812720801
DEVELOPMENT,8,db87e6c265d45773bb6297db5af0c11f,limit_hopping_zero_chain6,chain6_hole_4,antithetic,1024,2601872205
DEVELOPMENT,8,fb5214d8d1bf5caa839f81a965024f62,limit_spin_density_zero_rect2x3,rect2x3_hole_2,antithetic,1024,2469572093
DEVELOPMENT,8,89bd5e9b58115b60bdad35f43f6437be,limit_spin_density_zero_rect2x3,rect2x3_hole_3,antithetic,1024,3469833377
DEVELOPMENT,9,8d9f57771b025ad2b6da9e578278aa6a,limit_hopping_zero_chain6,chain6_hole_2,antithetic,1024,3881134816
DEVELOPMENT,9,db87e6c265d45773bb6297db5af0c11f,limit_hopping_zero_chain6,chain6_hole_4,antithetic,1024,3962408202
DEVELOPMENT,9,fb5214d8d1bf5caa839f81a965024f62,limit_spin_density_zero_rect2x3,rect2x3_hole_2,antithetic,1024,1538974959
DEVELOPMENT,9,89bd5e9b58115b60bdad35f43f6437be,limit_spin_density_zero_rect2x3,rect2x3_hole_3,antithetic,1024,3160026345
DEVELOPMENT,10,8d9f57771b025ad2b6da9e578278aa6a,limit_hopping_zero_chain6,chain6_hole_2,antithetic,1024,1878092309
DEVELOPMENT,10,db87e6c265d45773bb6297db5af0c11f,limit_hopping_zero_chain6,chain6_hole_4,antithetic,1024,2988475057
DEVELOPMENT,10,fb5214d8d1bf5caa839f81a965024f62,limit_spin_density_zero_rect2x3,rect2x3_hole_2,antithetic,1024,3902455511
DEVELOPMENT,10,89bd5e9b58115b60bdad35f43f6437be,limit_spin_density_zero_rect2x3,rect2x3_hole_3,antithetic,1024,3526852959
DEVELOPMENT,11,8d9f57771b025ad2b6da9e578278aa6a,limit_hopping_zero_chain6,chain6_hole_2,antithetic,1024,3609414517
DEVELOPMENT,11,db87e6c265d45773bb6297db5af0c11f,limit_hopping_zero_chain6,chain6_hole_4,antithetic,1024,1736858106
DEVELOPMENT,11,fb5214d8d1bf5caa839f81a965024f62,limit_spin_density_zero_rect2x3,rect2x3_hole_2,antithetic,1024,3369345268
DEVELOPMENT,11,89bd5e9b58115b60bdad35f43f6437be,limit_spin_density_zero_rect2x3,rect2x3_hole_3,antithetic,1024,662522566
DEVELOPMENT,12,8d9f57771b025ad2b6da9e578278aa6a,limit_hopping_zero_chain6,chain6_hole_2,antithetic,1024,106247304
DEVELOPMENT,12,db87e6c265d45773bb6297db5af0c11f,limit_hopping_zero_chain6,chain6_hole_4,antithetic,1024,3987245780
DEVELOPMENT,12,fb5214d8d1bf5caa839f81a965024f62,limit_spin_density_zero_rect2x3,rect2x3_hole_2,antithetic,1024,1370661928
DEVELOPMENT,12,89bd5e9b58115b60bdad35f43f6437be,limit_spin_density_zero_rect2x3,rect2x3_hole_3,antithetic,1024,4134825358
DEVELOPMENT,13,8d9f57771b025ad2b6da9e578278aa6a,limit_hopping_zero_chain6,chain6_hole_2,antithetic,1024,2850569845
DEVELOPMENT,13,db87e6c265d45773bb6297db5af0c11f,limit_hopping_zero_chain6,chain6_hole_4,antithetic,1024,3073092430
DEVELOPMENT,13,fb5214d8d1bf5caa839f81a965024f62,limit_spin_density_zero_rect2x3,rect2x3_hole_2,antithetic,1024,3690871144
DEVELOPMENT,13,89bd5e9b58115b60bdad35f43f6437be,limit_spin_density_zero_rect2x3,rect2x3_hole_3,antithetic,1024,2742894068
DEVELOPMENT,14,8d9f57771b025ad2b6da9e578278aa6a,limit_hopping_zero_chain6,chain6_hole_2,antithetic,1024,1281235964
DEVELOPMENT,14,db87e6c265d45773bb6297db5af0c11f,limit_hopping_zero_chain6,chain6_hole_4,antithetic,1024,2177367360
DEVELOPMENT,14,fb5214d8d1bf5caa839f81a965024f62,limit_spin_density_zero_rect2x3,rect2x3_hole_2,antithetic,1024,737194992
DEVELOPMENT,14,89bd5e9b58115b60bdad35f43f6437be,limit_spin_density_zero_rect2x3,rect2x3_hole_3,antithetic,1024,3952709641
DEVELOPMENT,15,8d9f57771b025ad2b6da9e578278aa6a,limit_hopping_zero_chain6,chain6_hole_2,antithetic,1024,4072688319
DEVELOPMENT,15,db87e6c265d45773bb6297db5af0c11f,limit_hopping_zero_chain6,chain6_hole_4,antithetic,1024,3353575944
DEVELOPMENT,15,fb5214d8d1bf5caa839f81a965024f62,limit_spin_density_zero_rect2x3,rect2x3_hole_2,antithetic,1024,1859920275
DEVELOPMENT,15,89bd5e9b58115b60bdad35f43f6437be,limit_spin_density_zero_rect2x3,rect2x3_hole_3,antithetic,1024,3614311297
DEVELOPMENT,16,8d9f57771b025ad2b6da9e578278aa6a,limit_hopping_zero_chain6,chain6_hole_2,antithetic,1024,1210136865
DEVELOPMENT,16,db87e6c265d45773bb6297db5af0c11f,limit_hopping_zero_chain6,chain6_hole_4,antithetic,1024,349204615
DEVELOPMENT,16,fb5214d8d1bf5caa839f81a965024f62,limit_spin_density_zero_rect2x3,rect2x3_hole_2,antithetic,1024,1502276835
DEVELOPMENT,16,89bd5e9b58115b60bdad35f43f6437be,limit_spin_density_zero_rect2x3,rect2x3_hole_3,antithetic,1024,799189266
DEVELOPMENT,17,8d9f57771b025ad2b6da9e578278aa6a,limit_hopping_zero_chain6,chain6_hole_2,antithetic,1024,1829180388
DEVELOPMENT,17,db87e6c265d45773bb6297db5af0c11f,limit_hopping_zero_chain6,chain6_hole_4,antithetic,1024,2557058154
DEVELOPMENT,17,fb5214d8d1bf5caa839f81a965024f62,limit_spin_density_zero_rect2x3,rect2x3_hole_2,antithetic,1024,2447705311
DEVELOPMENT,17,89bd5e9b58115b60bdad35f43f6437be,limit_spin_density_zero_rect2x3,rect2x3_hole_3,antithetic,1024,1422238526
DEVELOPMENT,18,8d9f57771b025ad2b6da9e578278aa6a,limit_hopping_zero_chain6,chain6_hole_2,antithetic,1024,1638693576
DEVELOPMENT,18,db87e6c265d45773bb6297db5af0c11f,limit_hopping_zero_chain6,chain6_hole_4,antithetic,1024,4284005108
DEVELOPMENT,18,fb5214d8d1bf5caa839f81a965024f62,limit_spin_density_zero_rect2x3,rect2x3_hole_2,antithetic,1024,3546974370
DEVELOPMENT,18,89bd5e9b58115b60bdad35f43f6437be,limit_spin_density_zero_rect2x3,rect2x3_hole_3,antithetic,1024,168676000
DEVELOPMENT,19,8d9f57771b025ad2b6da9e578278aa6a,limit_hopping_zero_chain6,chain6_hole_2,antithetic,1024,727794103
DEVELOPMENT,19,db87e6c265d45773bb6297db5af0c11f,limit_hopping_zero_chain6,chain6_hole_4,antithetic,1024,1238702370
DEVELOPMENT,19,fb5214d8d1bf5caa839f81a965024f62,limit_spin_density_zero_rect2x3,rect2x3_hole_2,antithetic,1024,2402218161
DEVELOPMENT,19,89bd5e9b58115b60bdad35f43f6437be,limit_spin_density_zero_rect2x3,rect2x3_hole_3,antithetic,1024,4153915139
DEVELOPMENT,20,8d9f57771b025ad2b6da9e578278aa6a,limit_hopping_zero_chain6,chain6_hole_2,antithetic,1024,3025182465
DEVELOPMENT,20,db87e6c265d45773bb6297db5af0c11f,limit_hopping_zero_chain6,chain6_hole_4,antithetic,1024,4143220224
DEVELOPMENT,20,fb5214d8d1bf5caa839f81a965024f62,limit_spin_density_zero_rect2x3,rect2x3_hole_2,antithetic,1024,3432926384
DEVELOPMENT,20,89bd5e9b58115b60bdad35f43f6437be,limit_spin_density_zero_rect2x3,rect2x3_hole_3,antithetic,1024,2650025179
DEVELOPMENT,21,8d9f57771b025ad2b6da9e578278aa6a,limit_hopping_zero_chain6,chain6_hole_2,antithetic,1024,481886158
DEVELOPMENT,21,db87e6c265d45773bb6297db5af0c11f,limit_hopping_zero_chain6,chain6_hole_4,antithetic,1024,690597665
DEVELOPMENT,21,fb5214d8d1bf5caa839f81a965024f62,limit_spin_density_zero_rect2x3,rect2x3_hole_2,antithetic,1024,411510432
DEVELOPMENT,21,89bd5e9b58115b60bdad35f43f6437be,limit_spin_density_zero_rect2x3,rect2x3_hole_3,antithetic,1024,2150202724
DEVELOPMENT,22,8d9f57771b025ad2b6da9e578278aa6a,limit_hopping_zero_chain6,chain6_hole_2,antithetic,1024,3056208793
DEVELOPMENT,22,db87e6c265d45773bb6297db5af0c11f,limit_hopping_zero_chain6,chain6_hole_4,antithetic,1024,1504455583
DEVELOPMENT,22,fb5214d8d1bf5caa839f81a965024f62,limit_spin_density_zero_rect2x3,rect2x3_hole_2,antithetic,1024,4287492401
DEVELOPMENT,22,89bd5e9b58115b60bdad35f43f6437be,limit_spin_density_zero_rect2x3,rect2x3_hole_3,antithetic,1024,326393924
DEVELOPMENT,23,8d9f57771b025ad2b6da9e578278aa6a,limit_hopping_zero_chain6,chain6_hole_2,antithetic,1024,1978443257
DEVELOPMENT,23,db87e6c265d45773bb6297db5af0c11f,limit_hopping_zero_chain6,chain6_hole_4,antithetic,1024,677275085
DEVELOPMENT,23,fb5214d8d1bf5caa839f81a965024f62,limit_spin_density_zero_rect2x3,rect2x3_hole_2,antithetic,1024,229497356
DEVELOPMENT,23,89bd5e9b58115b60bdad35f43f6437be,limit_spin_density_zero_rect2x3,rect2x3_hole_3,antithetic,1024,1073056246
DEVELOPMENT,24,8d9f57771b025ad2b6da9e578278aa6a,limit_hopping_zero_chain6,chain6_hole_2,antithetic,1024,3912175626
DEVELOPMENT,24,db87e6c265d45773bb6297db5af0c11f,limit_hopping_zero_chain6,chain6_hole_4,antithetic,1024,2852312333
DEVELOPMENT,24,fb5214d8d1bf5caa839f81a965024f62,limit_spin_density_zero_rect2x3,rect2x3_hole_2,antithetic,1024,1280345971
DEVELOPMENT,24,89bd5e9b58115b60bdad35f43f6437be,limit_spin_density_zero_rect2x3,rect2x3_hole_3,antithetic,1024,724110682
DEVELOPMENT,25,8d9f57771b025ad2b6da9e578278aa6a,limit_hopping_zero_chain6,chain6_hole_2,antithetic,1024,3296580817
DEVELOPMENT,25,db87e6c265d45773bb6297db5af0c11f,limit_hopping_zero_chain6,chain6_hole_4,antithetic,1024,1314263189
DEVELOPMENT,25,fb5214d8d1bf5caa839f81a965024f62,limit_spin_density_zero_rect2x3,rect2x3_hole_2,antithetic,1024,399748980
DEVELOPMENT,25,89bd5e9b58115b60bdad35f43f6437be,limit_spin_density_zero_rect2x3,rect2x3_hole_3,antithetic,1024,1887721051
DEVELOPMENT,26,8d9f57771b025ad2b6da9e578278aa6a,limit_hopping_zero_chain6,chain6_hole_2,antithetic,1024,3708047663
DEVELOPMENT,26,db87e6c265d45773bb6297db5af0c11f,limit_hopping_zero_chain6,chain6_hole_4,antithetic,1024,1661528953
DEVELOPMENT,26,fb5214d8d1bf5caa839f81a965024f62,limit_spin_density_zero_rect2x3,rect2x3_hole_2,antithetic,1024,903050255
DEVELOPMENT,26,89bd5e9b58115b60bdad35f43f6437be,limit_spin_density_zero_rect2x3,rect2x3_hole_3,antithetic,1024,2354690989
DEVELOPMENT,27,8d9f57771b025ad2b6da9e578278aa6a,limit_hopping_zero_chain6,chain6_hole_2,antithetic,1024,3631555936
DEVELOPMENT,27,db87e6c265d45773bb6297db5af0c11f,limit_hopping_zero_chain6,chain6_hole_4,antithetic,1024,1972307686
DEVELOPMENT,27,fb5214d8d1bf5caa839f81a965024f62,limit_spin_density_zero_rect2x3,rect2x3_hole_2,antithetic,1024,2109048943
DEVELOPMENT,27,89bd5e9b58115b60bdad35f43f6437be,limit_spin_density_zero_rect2x3,rect2x3_hole_3,antithetic,1024,1175521203
DEVELOPMENT,28,8d9f57771b025ad2b6da9e578278aa6a,limit_hopping_zero_chain6,chain6_hole_2,antithetic,1024,1104601180
DEVELOPMENT,28,db87e6c265d45773bb6297db5af0c11f,limit_hopping_zero_chain6,chain6_hole_4,antithetic,1024,2170244169
DEVELOPMENT,28,fb5214d8d1bf5caa839f81a965024f62,limit_spin_density_zero_rect2x3,rect2x3_hole_2,antithetic,1024,1246087667
DEVELOPMENT,28,89bd5e9b58115b60bdad35f43f6437be,limit_spin_density_zero_rect2x3,rect2x3_hole_3,antithetic,1024,412120846
DEVELOPMENT,29,8d9f57771b025ad2b6da9e578278aa6a,limit_hopping_zero_chain6,chain6_hole_2,antithetic,1024,3607833386
DEVELOPMENT,29,db87e6c265d45773bb6297db5af0c11f,limit_hopping_zero_chain6,chain6_hole_4,antithetic,1024,228047886
DEVELOPMENT,29,fb5214d8d1bf5caa839f81a965024f62,limit_spin_density_zero_rect2x3,rect2x3_hole_2,antithetic,1024,1814712265
DEVELOPMENT,29,89bd5e9b58115b60bdad35f43f6437be,limit_spin_density_zero_rect2x3,rect2x3_hole_3,antithetic,1024,1048790920
DEVELOPMENT,30,8d9f57771b025ad2b6da9e578278aa6a,limit_hopping_zero_chain6,chain6_hole_2,antithetic,1024,3866685650
DEVELOPMENT,30,db87e6c265d45773bb6297db5af0c11f,limit_hopping_zero_chain6,chain6_hole_4,antithetic,1024,1306986563
DEVELOPMENT,30,fb5214d8d1bf5caa839f81a965024f62,limit_spin_density_zero_rect2x3,rect2x3_hole_2,antithetic,1024,559901169
DEVELOPMENT,30,89bd5e9b58115b60bdad35f43f6437be,limit_spin_density_zero_rect2x3,rect2x3_hole_3,antithetic,1024,589686534
DEVELOPMENT,31,8d9f57771b025ad2b6da9e578278aa6a,limit_hopping_zero_chain6,chain6_hole_2,antithetic,1024,419173866
DEVELOPMENT,31,db87e6c265d45773bb6297db5af0c11f,limit_hopping_zero_chain6,chain6_hole_4,antithetic,1024,2646458448
DEVELOPMENT,31,fb5214d8d1bf5caa839f81a965024f62,limit_spin_density_zero_rect2x3,rect2x3_hole_2,antithetic,1024,4179725426
DEVELOPMENT,31,89bd5e9b58115b60bdad35f43f6437be,limit_spin_density_zero_rect2x3,rect2x3_hole_3,antithetic,1024,260969454
DEVELOPMENT,32,8d9f57771b025ad2b6da9e578278aa6a,limit_hopping_zero_chain6,chain6_hole_2,antithetic,1024,623455906
DEVELOPMENT,32,db87e6c265d45773bb6297db5af0c11f,limit_hopping_zero_chain6,chain6_hole_4,antithetic,1024,4197714655
DEVELOPMENT,32,fb5214d8d1bf5caa839f81a965024f62,limit_spin_density_zero_rect2x3,rect2x3_hole_2,antithetic,1024,3700242554
DEVELOPMENT,32,89bd5e9b58115b60bdad35f43f6437be,limit_spin_density_zero_rect2x3,rect2x3_hole_3,antithetic,1024,3915117387
DEVELOPMENT,33,8d9f57771b025ad2b6da9e578278aa6a,limit_hopping_zero_chain6,chain6_hole_2,antithetic,1024,2444884873
DEVELOPMENT,33,db87e6c265d45773bb6297db5af0c11f,limit_hopping_zero_chain6,chain6_hole_4,antithetic,1024,2884844709
DEVELOPMENT,33,fb5214d8d1bf5caa839f81a965024f62,limit_spin_density_zero_rect2x3,rect2x3_hole_2,antithetic,1024,706869554
DEVELOPMENT,33,89bd5e9b58115b60bdad35f43f6437be,limit_spin_density_zero_rect2x3,rect2x3_hole_3,antithetic,1024,1259889747
DEVELOPMENT,34,8d9f57771b025ad2b6da9e578278aa6a,limit_hopping_zero_chain6,chain6_hole_2,antithetic,1024,520399818
DEVELOPMENT,34,db87e6c265d45773bb6297db5af0c11f,limit_hopping_zero_chain6,chain6_hole_4,antithetic,1024,1874080244
DEVELOPMENT,34,fb5214d8d1bf5caa839f81a965024f62,limit_spin_density_zero_rect2x3,rect2x3_hole_2,antithetic,1024,3456580080
DEVELOPMENT,34,89bd5e9b58115b60bdad35f43f6437be,limit_spin_density_zero_rect2x3,rect2x3_hole_3,antithetic,1024,1762788637
DEVELOPMENT,35,8d9f57771b025ad2b6da9e578278aa6a,limit_hopping_zero_chain6,chain6_hole_2,antithetic,1024,762852762
DEVELOPMENT,35,db87e6c265d45773bb6297db5af0c11f,limit_hopping_zero_chain6,chain6_hole_4,antithetic,1024,429121618
DEVELOPMENT,35,fb5214d8d1bf5caa839f81a965024f62,limit_spin_density_zero_rect2x3,rect2x3_hole_2,antithetic,1024,2911191874
DEVELOPMENT,35,89bd5e9b58115b60bdad35f43f6437be,limit_spin_density_zero_rect2x3,rect2x3_hole_3,antithetic,1024,910428497
DEVELOPMENT,36,8d9f57771b025ad2b6da9e578278aa6a,limit_hopping_zero_chain6,chain6_hole_2,antithetic,1024,730046413
DEVELOPMENT,36,db87e6c265d45773bb6297db5af0c11f,limit_hopping_zero_chain6,chain6_hole_4,antithetic,1024,669456130
DEVELOPMENT,36,fb5214d8d1bf5caa839f81a965024f62,limit_spin_density_zero_rect2x3,rect2x3_hole_2,antithetic,1024,4284198263
DEVELOPMENT,36,89bd5e9b58115b60bdad35f43f6437be,limit_spin_density_zero_rect2x3,rect2x3_hole_3,antithetic,1024,431908349
DEVELOPMENT,37,8d9f57771b025ad2b6da9e578278aa6a,limit_hopping_zero_chain6,chain6_hole_2,antithetic,1024,2172450481
DEVELOPMENT,37,db87e6c265d45773bb6297db5af0c11f,limit_hopping_zero_chain6,chain6_hole_4,antithetic,1024,1046240391
DEVELOPMENT,37,fb5214d8d1bf5caa839f81a965024f62,limit_spin_density_zero_rect2x3,rect2x3_hole_2,antithetic,1024,2043689125
DEVELOPMENT,37,89bd5e9b58115b60bdad35f43f6437be,limit_spin_density_zero_rect2x3,rect2x3_hole_3,antithetic,1024,3850210589
DEVELOPMENT,38,8d9f57771b025ad2b6da9e578278aa6a,limit_hopping_zero_chain6,chain6_hole_2,antithetic,1024,2340974206
DEVELOPMENT,38,db87e6c265d45773bb6297db5af0c11f,limit_hopping_zero_chain6,chain6_hole_4,antithetic,1024,2480904301
DEVELOPMENT,38,fb5214d8d1bf5caa839f81a965024f62,limit_spin_density_zero_rect2x3,rect2x3_hole_2,antithetic,1024,358913645
DEVELOPMENT,38,89bd5e9b58115b60bdad35f43f6437be,limit_spin_density_zero_rect2x3,rect2x3_hole_3,antithetic,1024,2893214205
DEVELOPMENT,39,8d9f57771b025ad2b6da9e578278aa6a,limit_hopping_zero_chain6,chain6_hole_2,antithetic,1024,672177597
DEVELOPMENT,39,db87e6c265d45773bb6297db5af0c11f,limit_hopping_zero_chain6,chain6_hole_4,antithetic,1024,38549198
DEVELOPMENT,39,fb5214d8d1bf5caa839f81a965024f62,limit_spin_density_zero_rect2x3,rect2x3_hole_2,antithetic,1024,3678145636
DEVELOPMENT,39,89bd5e9b58115b60bdad35f43f6437be,limit_spin_density_zero_rect2x3,rect2x3_hole_3,antithetic,1024,2018914943
DEVELOPMENT,40,8d9f57771b025ad2b6da9e578278aa6a,limit_hopping_zero_chain6,chain6_hole_2,antithetic,1024,296310567
DEVELOPMENT,40,db87e6c265d45773bb6297db5af0c11f,limit_hopping_zero_chain6,chain6_hole_4,antithetic,1024,2801762860
DEVELOPMENT,40,fb5214d8d1bf5caa839f81a965024f62,limit_spin_density_zero_rect2x3,rect2x3_hole_2,antithetic,1024,2338482240
DEVELOPMENT,40,89bd5e9b58115b60bdad35f43f6437be,limit_spin_density_zero_rect2x3,rect2x3_hole_3,antithetic,1024,2165668179
DEVELOPMENT,41,8d9f57771b025ad2b6da9e578278aa6a,limit_hopping_zero_chain6,chain6_hole_2,antithetic,1024,3785616824
DEVELOPMENT,41,db87e6c265d45773bb6297db5af0c11f,limit_hopping_zero_chain6,chain6_hole_4,antithetic,1024,3641444625
DEVELOPMENT,41,fb5214d8d1bf5caa839f81a965024f62,limit_spin_density_zero_rect2x3,rect2x3_hole_2,antithetic,1024,2653036682
DEVELOPMENT,41,89bd5e9b58115b60bdad35f43f6437be,limit_spin_density_zero_rect2x3,rect2x3_hole_3,antithetic,1024,2203972617
DEVELOPMENT,42,8d9f57771b025ad2b6da9e578278aa6a,limit_hopping_zero_chain6,chain6_hole_2,antithetic,1024,1214089422
DEVELOPMENT,42,db87e6c265d45773bb6297db5af0c11f,limit_hopping_zero_chain6,chain6_hole_4,antithetic,1024,1311766184
DEVELOPMENT,42,fb5214d8d1bf5caa839f81a965024f62,limit_spin_density_zero_rect2x3,rect2x3_hole_2,antithetic,1024,1738713156
DEVELOPMENT,42,89bd5e9b58115b60bdad35f43f6437be,limit_spin_density_zero_rect2x3,rect2x3_hole_3,antithetic,1024,1756599722
DEVELOPMENT,43,8d9f57771b025ad2b6da9e578278aa6a,limit_hopping_zero_chain6,chain6_hole_2,antithetic,1024,2556461472
DEVELOPMENT,43,db87e6c265d45773bb6297db5af0c11f,limit_hopping_zero_chain6,chain6_hole_4,antithetic,1024,588812112
DEVELOPMENT,43,fb5214d8d1bf5caa839f81a965024f62,limit_spin_density_zero_rect2x3,rect2x3_hole_2,antithetic,1024,3190461783
DEVELOPMENT,43,89bd5e9b58115b60bdad35f43f6437be,limit_spin_density_zero_rect2x3,rect2x3_hole_3,antithetic,1024,1538719484
DEVELOPMENT,44,8d9f57771b025ad2b6da9e578278aa6a,limit_hopping_zero_chain6,chain6_hole_2,antithetic,1024,321922592
DEVELOPMENT,44,db87e6c265d45773bb6297db5af0c11f,limit_hopping_zero_chain6,chain6_hole_4,antithetic,1024,3335498746
DEVELOPMENT,44,fb5214d8d1bf5caa839f81a965024f62,limit_spin_density_zero_rect2x3,rect2x3_hole_2,antithetic,1024,1642084048
DEVELOPMENT,44,89bd5e9b58115b60bdad35f43f6437be,limit_spin_density_zero_rect2x3,rect2x3_hole_3,antithetic,1024,2087834994
DEVELOPMENT,45,8d9f57771b025ad2b6da9e578278aa6a,limit_hopping_zero_chain6,chain6_hole_2,antithetic,1024,442526585
DEVELOPMENT,45,db87e6c265d45773bb6297db5af0c11f,limit_hopping_zero_chain6,chain6_hole_4,antithetic,1024,2689994068
DEVELOPMENT,45,fb5214d8d1bf5caa839f81a965024f62,limit_spin_density_zero_rect2x3,rect2x3_hole_2,antithetic,1024,2130831208
DEVELOPMENT,45,89bd5e9b58115b60bdad35f43f6437be,limit_spin_density_zero_rect2x3,rect2x3_hole_3,antithetic,1024,1561610357
DEVELOPMENT,46,8d9f57771b025ad2b6da9e578278aa6a,limit_hopping_zero_chain6,chain6_hole_2,antithetic,1024,3506823077
DEVELOPMENT,46,db87e6c265d45773bb6297db5af0c11f,limit_hopping_zero_chain6,chain6_hole_4,antithetic,1024,3375742380
DEVELOPMENT,46,fb5214d8d1bf5caa839f81a965024f62,limit_spin_density_zero_rect2x3,rect2x3_hole_2,antithetic,1024,651007702
DEVELOPMENT,46,89bd5e9b58115b60bdad35f43f6437be,limit_spin_density_zero_rect2x3,rect2x3_hole_3,antithetic,1024,257877822
DEVELOPMENT,47,8d9f57771b025ad2b6da9e578278aa6a,limit_hopping_zero_chain6,chain6_hole_2,antithetic,1024,3144015273
DEVELOPMENT,47,db87e6c265d45773bb6297db5af0c11f,limit_hopping_zero_chain6,chain6_hole_4,antithetic,1024,3896505611
DEVELOPMENT,47,fb5214d8d1bf5caa839f81a965024f62,limit_spin_density_zero_rect2x3,rect2x3_hole_2,antithetic,1024,2819749168
DEVELOPMENT,47,89bd5e9b58115b60bdad35f43f6437be,limit_spin_density_zero_rect2x3,rect2x3_hole_3,antithetic,1024,1939742685
DEVELOPMENT,48,8d9f57771b025ad2b6da9e578278aa6a,limit_hopping_zero_chain6,chain6_hole_2,antithetic,1024,2759161813
DEVELOPMENT,48,db87e6c265d45773bb6297db5af0c11f,limit_hopping_zero_chain6,chain6_hole_4,antithetic,1024,680563907
DEVELOPMENT,48,fb5214d8d1bf5caa839f81a965024f62,limit_spin_density_zero_rect2x3,rect2x3_hole_2,antithetic,1024,1001157463
DEVELOPMENT,48,89bd5e9b58115b60bdad35f43f6437be,limit_spin_density_zero_rect2x3,rect2x3_hole_3,antithetic,1024,1302898208
DEVELOPMENT,49,8d9f57771b025ad2b6da9e578278aa6a,limit_hopping_zero_chain6,chain6_hole_2,antithetic,1024,3016257261
DEVELOPMENT,49,db87e6c265d45773bb6297db5af0c11f,limit_hopping_zero_chain6,chain6_hole_4,antithetic,1024,286753077
DEVELOPMENT,49,fb5214d8d1bf5caa839f81a965024f62,limit_spin_density_zero_rect2x3,rect2x3_hole_2,antithetic,1024,1459474055
DEVELOPMENT,49,89bd5e9b58115b60bdad35f43f6437be,limit_spin_density_zero_rect2x3,rect2x3_hole_3,antithetic,1024,2141765548
DEVELOPMENT,50,8d9f57771b025ad2b6da9e578278aa6a,limit_hopping_zero_chain6,chain6_hole_2,antithetic,1024,3041856991
DEVELOPMENT,50,db87e6c265d45773bb6297db5af0c11f,limit_hopping_zero_chain6,chain6_hole_4,antithetic,1024,3758471142
DEVELOPMENT,50,fb5214d8d1bf5caa839f81a965024f62,limit_spin_density_zero_rect2x3,rect2x3_hole_2,antithetic,1024,2241411181
DEVELOPMENT,50,89bd5e9b58115b60bdad35f43f6437be,limit_spin_density_zero_rect2x3,rect2x3_hole_3,antithetic,1024,3791256901
DEVELOPMENT,51,8d9f57771b025ad2b6da9e578278aa6a,limit_hopping_zero_chain6,chain6_hole_2,antithetic,1024,1534743394
DEVELOPMENT,51,db87e6c265d45773bb6297db5af0c11f,limit_hopping_zero_chain6,chain6_hole_4,antithetic,1024,2647122364
DEVELOPMENT,51,fb5214d8d1bf5caa839f81a965024f62,limit_spin_density_zero_rect2x3,rect2x3_hole_2,antithetic,1024,717926961
DEVELOPMENT,51,89bd5e9b58115b60bdad35f43f6437be,limit_spin_density_zero_rect2x3,rect2x3_hole_3,antithetic,1024,3321117252
DEVELOPMENT,52,8d9f57771b025ad2b6da9e578278aa6a,limit_hopping_zero_chain6,chain6_hole_2,antithetic,1024,862742667
DEVELOPMENT,52,db87e6c265d45773bb6297db5af0c11f,limit_hopping_zero_chain6,chain6_hole_4,antithetic,1024,3618675724
DEVELOPMENT,52,fb5214d8d1bf5caa839f81a965024f62,limit_spin_density_zero_rect2x3,rect2x3_hole_2,antithetic,1024,2990436609
DEVELOPMENT,52,89bd5e9b58115b60bdad35f43f6437be,limit_spin_density_zero_rect2x3,rect2x3_hole_3,antithetic,1024,1379344746
DEVELOPMENT,53,8d9f57771b025ad2b6da9e578278aa6a,limit_hopping_zero_chain6,chain6_hole_2,antithetic,1024,2199125586
DEVELOPMENT,53,db87e6c265d45773bb6297db5af0c11f,limit_hopping_zero_chain6,chain6_hole_4,antithetic,1024,880324074
DEVELOPMENT,53,fb5214d8d1bf5caa839f81a965024f62,limit_spin_density_zero_rect2x3,rect2x3_hole_2,antithetic,1024,2679150331
DEVELOPMENT,53,89bd5e9b58115b60bdad35f43f6437be,limit_spin_density_zero_rect2x3,rect2x3_hole_3,antithetic,1024,1294025291
DEVELOPMENT,54,8d9f57771b025ad2b6da9e578278aa6a,limit_hopping_zero_chain6,chain6_hole_2,antithetic,1024,3555416503
DEVELOPMENT,54,db87e6c265d45773bb6297db5af0c11f,limit_hopping_zero_chain6,chain6_hole_4,antithetic,1024,2509463009
DEVELOPMENT,54,fb5214d8d1bf5caa839f81a965024f62,limit_spin_density_zero_rect2x3,rect2x3_hole_2,antithetic,1024,2878924583
DEVELOPMENT,54,89bd5e9b58115b60bdad35f43f6437be,limit_spin_density_zero_rect2x3,rect2x3_hole_3,antithetic,1024,331888852
DEVELOPMENT,55,8d9f57771b025ad2b6da9e578278aa6a,limit_hopping_zero_chain6,chain6_hole_2,antithetic,1024,2181579908
DEVELOPMENT,55,db87e6c265d45773bb6297db5af0c11f,limit_hopping_zero_chain6,chain6_hole_4,antithetic,1024,379331870
DEVELOPMENT,55,fb5214d8d1bf5caa839f81a965024f62,limit_spin_density_zero_rect2x3,rect2x3_hole_2,antithetic,1024,2896978529
DEVELOPMENT,55,89bd5e9b58115b60bdad35f43f6437be,limit_spin_density_zero_rect2x3,rect2x3_hole_3,antithetic,1024,395550343
DEVELOPMENT,56,8d9f57771b025ad2b6da9e578278aa6a,limit_hopping_zero_chain6,chain6_hole_2,antithetic,1024,3878211980
DEVELOPMENT,56,db87e6c265d45773bb6297db5af0c11f,limit_hopping_zero_chain6,chain6_hole_4,antithetic,1024,2073124138
DEVELOPMENT,56,fb5214d8d1bf5caa839f81a965024f62,limit_spin_density_zero_rect2x3,rect2x3_hole_2,antithetic,1024,2743499015
DEVELOPMENT,56,89bd5e9b58115b60bdad35f43f6437be,limit_spin_density_zero_rect2x3,rect2x3_hole_3,antithetic,1024,4034665654
DEVELOPMENT,57,8d9f57771b025ad2b6da9e578278aa6a,limit_hopping_zero_chain6,chain6_hole_2,antithetic,1024,1494767459
DEVELOPMENT,57,db87e6c265d45773bb6297db5af0c11f,limit_hopping_zero_chain6,chain6_hole_4,antithetic,1024,863797280
DEVELOPMENT,57,fb5214d8d1bf5caa839f81a965024f62,limit_spin_density_zero_rect2x3,rect2x3_hole_2,antithetic,1024,2558901536
DEVELOPMENT,57,89bd5e9b58115b60bdad35f43f6437be,limit_spin_density_zero_rect2x3,rect2x3_hole_3,antithetic,1024,940516065
DEVELOPMENT,58,8d9f57771b025ad2b6da9e578278aa6a,limit_hopping_zero_chain6,chain6_hole_2,antithetic,1024,3106485405
DEVELOPMENT,58,db87e6c265d45773bb6297db5af0c11f,limit_hopping_zero_chain6,chain6_hole_4,antithetic,1024,3920252271
DEVELOPMENT,58,fb5214d8d1bf5caa839f81a965024f62,limit_spin_density_zero_rect2x3,rect2x3_hole_2,antithetic,1024,2930980857
DEVELOPMENT,58,89bd5e9b58115b60bdad35f43f6437be,limit_spin_density_zero_rect2x3,rect2x3_hole_3,antithetic,1024,1881276204
DEVELOPMENT,59,8d9f57771b025ad2b6da9e578278aa6a,limit_hopping_zero_chain6,chain6_hole_2,antithetic,1024,535752395
DEVELOPMENT,59,db87e6c265d45773bb6297db5af0c11f,limit_hopping_zero_chain6,chain6_hole_4,antithetic,1024,288422471
DEVELOPMENT,59,fb5214d8d1bf5caa839f81a965024f62,limit_spin_density_zero_rect2x3,rect2x3_hole_2,antithetic,1024,2167053763
DEVELOPMENT,59,89bd5e9b58115b60bdad35f43f6437be,limit_spin_density_zero_rect2x3,rect2x3_hole_3,antithetic,1024,1891940089
DEVELOPMENT,60,8d9f57771b025ad2b6da9e578278aa6a,limit_hopping_zero_chain6,chain6_hole_2,antithetic,1024,294773745
DEVELOPMENT,60,db87e6c265d45773bb6297db5af0c11f,limit_hopping_zero_chain6,chain6_hole_4,antithetic,1024,3233982629
DEVELOPMENT,60,fb5214d8d1bf5caa839f81a965024f62,limit_spin_density_zero_rect2x3,rect2x3_hole_2,antithetic,1024,2772088441
DEVELOPMENT,60,89bd5e9b58115b60bdad35f43f6437be,limit_spin_density_zero_rect2x3,rect2x3_hole_3,antithetic,1024,3235290237
DEVELOPMENT,61,8d9f57771b025ad2b6da9e578278aa6a,limit_hopping_zero_chain6,chain6_hole_2,antithetic,1024,1078560102
DEVELOPMENT,61,db87e6c265d45773bb6297db5af0c11f,limit_hopping_zero_chain6,chain6_hole_4,antithetic,1024,3507477072
DEVELOPMENT,61,fb5214d8d1bf5caa839f81a965024f62,limit_spin_density_zero_rect2x3,rect2x3_hole_2,antithetic,1024,627794791
DEVELOPMENT,61,89bd5e9b58115b60bdad35f43f6437be,limit_spin_density_zero_rect2x3,rect2x3_hole_3,antithetic,1024,303788795
DEVELOPMENT,62,8d9f57771b025ad2b6da9e578278aa6a,limit_hopping_zero_chain6,chain6_hole_2,antithetic,1024,1609990405
DEVELOPMENT,62,db87e6c265d45773bb6297db5af0c11f,limit_hopping_zero_chain6,chain6_hole_4,antithetic,1024,2653222827
DEVELOPMENT,62,fb5214d8d1bf5caa839f81a965024f62,limit_spin_density_zero_rect2x3,rect2x3_hole_2,antithetic,1024,1133122369
DEVELOPMENT,62,89bd5e9b58115b60bdad35f43f6437be,limit_spin_density_zero_rect2x3,rect2x3_hole_3,antithetic,1024,235745530
DEVELOPMENT,63,8d9f57771b025ad2b6da9e578278aa6a,limit_hopping_zero_chain6,chain6_hole_2,antithetic,1024,1956150670
DEVELOPMENT,63,db87e6c265d45773bb6297db5af0c11f,limit_hopping_zero_chain6,chain6_hole_4,antithetic,1024,1261392783
DEVELOPMENT,63,fb5214d8d1bf5caa839f81a965024f62,limit_spin_density_zero_rect2x3,rect2x3_hole_2,antithetic,1024,2224429023
DEVELOPMENT,63,89bd5e9b58115b60bdad35f43f6437be,limit_spin_density_zero_rect2x3,rect2x3_hole_3,antithetic,1024,719396948
DEVELOPMENT,64,8d9f57771b025ad2b6da9e578278aa6a,limit_hopping_zero_chain6,chain6_hole_2,antithetic,1024,3764064052
DEVELOPMENT,64,db87e6c265d45773bb6297db5af0c11f,limit_hopping_zero_chain6,chain6_hole_4,antithetic,1024,2587566805
DEVELOPMENT,64,fb5214d8d1bf5caa839f81a965024f62,limit_spin_density_zero_rect2x3,rect2x3_hole_2,antithetic,1024,2667361529
DEVELOPMENT,64,89bd5e9b58115b60bdad35f43f6437be,limit_spin_density_zero_rect2x3,rect2x3_hole_3,antithetic,1024,517230372
DEVELOPMENT,65,8d9f57771b025ad2b6da9e578278aa6a,limit_hopping_zero_chain6,chain6_hole_2,antithetic,1024,3002705235
DEVELOPMENT,65,db87e6c265d45773bb6297db5af0c11f,limit_hopping_zero_chain6,chain6_hole_4,antithetic,1024,1427567804
DEVELOPMENT,65,fb5214d8d1bf5caa839f81a965024f62,limit_spin_density_zero_rect2x3,rect2x3_hole_2,antithetic,1024,2385806564
DEVELOPMENT,65,89bd5e9b58115b60bdad35f43f6437be,limit_spin_density_zero_rect2x3,rect2x3_hole_3,antithetic,1024,1622102806
DEVELOPMENT,66,8d9f57771b025ad2b6da9e578278aa6a,limit_hopping_zero_chain6,chain6_hole_2,antithetic,1024,202906918
DEVELOPMENT,66,db87e6c265d45773bb6297db5af0c11f,limit_hopping_zero_chain6,chain6_hole_4,antithetic,1024,3388859344
DEVELOPMENT,66,fb5214d8d1bf5caa839f81a965024f62,limit_spin_density_zero_rect2x3,rect2x3_hole_2,antithetic,1024,3480622530
DEVELOPMENT,66,89bd5e9b58115b60bdad35f43f6437be,limit_spin_density_zero_rect2x3,rect2x3_hole_3,antithetic,1024,2241328883
DEVELOPMENT,67,8d9f57771b025ad2b6da9e578278aa6a,limit_hopping_zero_chain6,chain6_hole_2,antithetic,1024,1218814238
DEVELOPMENT,67,db87e6c265d45773bb6297db5af0c11f,limit_hopping_zero_chain6,chain6_hole_4,antithetic,1024,330042147
DEVELOPMENT,67,fb5214d8d1bf5caa839f81a965024f62,limit_spin_density_zero_rect2x3,rect2x3_hole_2,antithetic,1024,2602429101
DEVELOPMENT,67,89bd5e9b58115b60bdad35f43f6437be,limit_spin_density_zero_rect2x3,rect2x3_hole_3,antithetic,1024,1637767804
DEVELOPMENT,68,8d9f57771b025ad2b6da9e578278aa6a,limit_hopping_zero_chain6,chain6_hole_2,antithetic,1024,2673263980
DEVELOPMENT,68,db87e6c265d45773bb6297db5af0c11f,limit_hopping_zero_chain6,chain6_hole_4,antithetic,1024,826449769
DEVELOPMENT,68,fb5214d8d1bf5caa839f81a965024f62,limit_spin_density_zero_rect2x3,rect2x3_hole_2,antithetic,1024,208494129
DEVELOPMENT,68,89bd5e9b58115b60bdad35f43f6437be,limit_spin_density_zero_rect2x3,rect2x3_hole_3,antithetic,1024,1732141430
DEVELOPMENT,69,8d9f57771b025ad2b6da9e578278aa6a,limit_hopping_zero_chain6,chain6_hole_2,antithetic,1024,2770304213
DEVELOPMENT,69,db87e6c265d45773bb6297db5af0c11f,limit_hopping_zero_chain6,chain6_hole_4,antithetic,1024,254458299
DEVELOPMENT,69,fb5214d8d1bf5caa839f81a965024f62,limit_spin_density_zero_rect2x3,rect2x3_hole_2,antithetic,1024,3367656712
DEVELOPMENT,69,89bd5e9b58115b60bdad35f43f6437be,limit_spin_density_zero_rect2x3,rect2x3_hole_3,antithetic,1024,4243463567
DEVELOPMENT,70,8d9f57771b025ad2b6da9e578278aa6a,limit_hopping_zero_chain6,chain6_hole_2,antithetic,1024,1993334476
DEVELOPMENT,70,db87e6c265d45773bb6297db5af0c11f,limit_hopping_zero_chain6,chain6_hole_4,antithetic,1024,3399174890
DEVELOPMENT,70,fb5214d8d1bf5caa839f81a965024f62,limit_spin_density_zero_rect2x3,rect2x3_hole_2,antithetic,1024,1364940141
DEVELOPMENT,70,89bd5e9b58115b60bdad35f43f6437be,limit_spin_density_zero_rect2x3,rect2x3_hole_3,antithetic,1024,4128046426
DEVELOPMENT,71,8d9f57771b025ad2b6da9e578278aa6a,limit_hopping_zero_chain6,chain6_hole_2,antithetic,1024,885058930
DEVELOPMENT,71,db87e6c265d45773bb6297db5af0c11f,limit_hopping_zero_chain6,chain6_hole_4,antithetic,1024,1540263560
DEVELOPMENT,71,fb5214d8d1bf5caa839f81a965024f62,limit_spin_density_zero_rect2x3,rect2x3_hole_2,antithetic,1024,756639080
DEVELOPMENT,71,89bd5e9b58115b60bdad35f43f6437be,limit_spin_density_zero_rect2x3,rect2x3_hole_3,antithetic,1024,2133559956
DEVELOPMENT,72,8d9f57771b025ad2b6da9e578278aa6a,limit_hopping_zero_chain6,chain6_hole_2,antithetic,1024,1161314065
DEVELOPMENT,72,db87e6c265d45773bb6297db5af0c11f,limit_hopping_zero_chain6,chain6_hole_4,antithetic,1024,3617559162
DEVELOPMENT,72,fb5214d8d1bf5caa839f81a965024f62,limit_spin_density_zero_rect2x3,rect2x3_hole_2,antithetic,1024,2885235822
DEVELOPMENT,72,89bd5e9b58115b60bdad35f43f6437be,limit_spin_density_zero_rect2x3,rect2x3_hole_3,antithetic,1024,1312774005
DEVELOPMENT,73,8d9f57771b025ad2b6da9e578278aa6a,limit_hopping_zero_chain6,chain6_hole_2,antithetic,1024,1022087710
DEVELOPMENT,73,db87e6c265d45773bb6297db5af0c11f,limit_hopping_zero_chain6,chain6_hole_4,antithetic,1024,1698306139
DEVELOPMENT,73,fb5214d8d1bf5caa839f81a965024f62,limit_spin_density_zero_rect2x3,rect2x3_hole_2,antithetic,1024,1267664356
DEVELOPMENT,73,89bd5e9b58115b60bdad35f43f6437be,limit_spin_density_zero_rect2x3,rect2x3_hole_3,antithetic,1024,1995355506
DEVELOPMENT,74,8d9f57771b025ad2b6da9e578278aa6a,limit_hopping_zero_chain6,chain6_hole_2,antithetic,1024,2488115836
DEVELOPMENT,74,db87e6c265d45773bb6297db5af0c11f,limit_hopping_zero_chain6,chain6_hole_4,antithetic,1024,250782810
DEVELOPMENT,74,fb5214d8d1bf5caa839f81a965024f62,limit_spin_density_zero_rect2x3,rect2x3_hole_2,antithetic,1024,233907815
DEVELOPMENT,74,89bd5e9b58115b60bdad35f43f6437be,limit_spin_density_zero_rect2x3,rect2x3_hole_3,antithetic,1024,2117784242
DEVELOPMENT,75,8d9f57771b025ad2b6da9e578278aa6a,limit_hopping_zero_chain6,chain6_hole_2,antithetic,1024,1435640578
DEVELOPMENT,75,db87e6c265d45773bb6297db5af0c11f,limit_hopping_zero_chain6,chain6_hole_4,antithetic,1024,2854680683
DEVELOPMENT,75,fb5214d8d1bf5caa839f81a965024f62,limit_spin_density_zero_rect2x3,rect2x3_hole_2,antithetic,1024,585512998
DEVELOPMENT,75,89bd5e9b58115b60bdad35f43f6437be,limit_spin_density_zero_rect2x3,rect2x3_hole_3,antithetic,1024,510672019
DEVELOPMENT,76,8d9f57771b025ad2b6da9e578278aa6a,limit_hopping_zero_chain6,chain6_hole_2,antithetic,1024,488917446
DEVELOPMENT,76,db87e6c265d45773bb6297db5af0c11f,limit_hopping_zero_chain6,chain6_hole_4,antithetic,1024,2627294214
DEVELOPMENT,76,fb5214d8d1bf5caa839f81a965024f62,limit_spin_density_zero_rect2x3,rect2x3_hole_2,antithetic,1024,4142018972
DEVELOPMENT,76,89bd5e9b58115b60bdad35f43f6437be,limit_spin_density_zero_rect2x3,rect2x3_hole_3,antithetic,1024,3817104995
DEVELOPMENT,77,8d9f57771b025ad2b6da9e578278aa6a,limit_hopping_zero_chain6,chain6_hole_2,antithetic,1024,1562060533
DEVELOPMENT,77,db87e6c265d45773bb6297db5af0c11f,limit_hopping_zero_chain6,chain6_hole_4,antithetic,1024,1628038254
DEVELOPMENT,77,fb5214d8d1bf5caa839f81a965024f62,limit_spin_density_zero_rect2x3,rect2x3_hole_2,antithetic,1024,937069105
DEVELOPMENT,77,89bd5e9b58115b60bdad35f43f6437be,limit_spin_density_zero_rect2x3,rect2x3_hole_3,antithetic,1024,1214688892
DEVELOPMENT,78,8d9f57771b025ad2b6da9e578278aa6a,limit_hopping_zero_chain6,chain6_hole_2,antithetic,1024,1944989497
DEVELOPMENT,78,db87e6c265d45773bb6297db5af0c11f,limit_hopping_zero_chain6,chain6_hole_4,antithetic,1024,2356647243
DEVELOPMENT,78,fb5214d8d1bf5caa839f81a965024f62,limit_spin_density_zero_rect2x3,rect2x3_hole_2,antithetic,1024,2302191784
DEVELOPMENT,78,89bd5e9b58115b60bdad35f43f6437be,limit_spin_density_zero_rect2x3,rect2x3_hole_3,antithetic,1024,4118505060
DEVELOPMENT,79,8d9f57771b025ad2b6da9e578278aa6a,limit_hopping_zero_chain6,chain6_hole_2,antithetic,1024,3067519042
DEVELOPMENT,79,db87e6c265d45773bb6297db5af0c11f,limit_hopping_zero_chain6,chain6_hole_4,antithetic,1024,1159131411
DEVELOPMENT,79,fb5214d8d1bf5caa839f81a965024f62,limit_spin_density_zero_rect2x3,rect2x3_hole_2,antithetic,1024,1576988250
DEVELOPMENT,79,89bd5e9b58115b60bdad35f43f6437be,limit_spin_density_zero_rect2x3,rect2x3_hole_3,antithetic,1024,135834745
DEVELOPMENT,80,8d9f57771b025ad2b6da9e578278aa6a,limit_hopping_zero_chain6,chain6_hole_2,antithetic,1024,1264482075
DEVELOPMENT,80,db87e6c265d45773bb6297db5af0c11f,limit_hopping_zero_chain6,chain6_hole_4,antithetic,1024,3126081085
DEVELOPMENT,80,fb5214d8d1bf5caa839f81a965024f62,limit_spin_density_zero_rect2x3,rect2x3_hole_2,antithetic,1024,2787215951
DEVELOPMENT,80,89bd5e9b58115b60bdad35f43f6437be,limit_spin_density_zero_rect2x3,rect2x3_hole_3,antithetic,1024,2820982036
DEVELOPMENT,81,8d9f57771b025ad2b6da9e578278aa6a,limit_hopping_zero_chain6,chain6_hole_2,antithetic,1024,1602137960
DEVELOPMENT,81,db87e6c265d45773bb6297db5af0c11f,limit_hopping_zero_chain6,chain6_hole_4,antithetic,1024,3311534020
DEVELOPMENT,81,fb5214d8d1bf5caa839f81a965024f62,limit_spin_density_zero_rect2x3,rect2x3_hole_2,antithetic,1024,3317057380
DEVELOPMENT,81,89bd5e9b58115b60bdad35f43f6437be,limit_spin_density_zero_rect2x3,rect2x3_hole_3,antithetic,1024,778999382
DEVELOPMENT,82,8d9f57771b025ad2b6da9e578278aa6a,limit_hopping_zero_chain6,chain6_hole_2,antithetic,1024,2190801295
DEVELOPMENT,82,db87e6c265d45773bb6297db5af0c11f,limit_hopping_zero_chain6,chain6_hole_4,antithetic,1024,3514815752
DEVELOPMENT,82,fb5214d8d1bf5caa839f81a965024f62,limit_spin_density_zero_rect2x3,rect2x3_hole_2,antithetic,1024,1355535803
DEVELOPMENT,82,89bd5e9b58115b60bdad35f43f6437be,limit_spin_density_zero_rect2x3,rect2x3_hole_3,antithetic,1024,4201807035
DEVELOPMENT,83,8d9f57771b025ad2b6da9e578278aa6a,limit_hopping_zero_chain6,chain6_hole_2,antithetic,1024,3558084777
DEVELOPMENT,83,db87e6c265d45773bb6297db5af0c11f,limit_hopping_zero_chain6,chain6_hole_4,antithetic,1024,2410986917
DEVELOPMENT,83,fb5214d8d1bf5caa839f81a965024f62,limit_spin_density_zero_rect2x3,rect2x3_hole_2,antithetic,1024,1471305107
DEVELOPMENT,83,89bd5e9b58115b60bdad35f43f6437be,limit_spin_density_zero_rect2x3,rect2x3_hole_3,antithetic,1024,3220969237
DEVELOPMENT,84,8d9f57771b025ad2b6da9e578278aa6a,limit_hopping_zero_chain6,chain6_hole_2,antithetic,1024,1130895277
DEVELOPMENT,84,db87e6c265d45773bb6297db5af0c11f,limit_hopping_zero_chain6,chain6_hole_4,antithetic,1024,445937585
DEVELOPMENT,84,fb5214d8d1bf5caa839f81a965024f62,limit_spin_density_zero_rect2x3,rect2x3_hole_2,antithetic,1024,235300181
DEVELOPMENT,84,89bd5e9b58115b60bdad35f43f6437be,limit_spin_density_zero_rect2x3,rect2x3_hole_3,antithetic,1024,984491271
DEVELOPMENT,85,8d9f57771b025ad2b6da9e578278aa6a,limit_hopping_zero_chain6,chain6_hole_2,antithetic,1024,2448911175
DEVELOPMENT,85,db87e6c265d45773bb6297db5af0c11f,limit_hopping_zero_chain6,chain6_hole_4,antithetic,1024,2352991700
DEVELOPMENT,85,fb5214d8d1bf5caa839f81a965024f62,limit_spin_density_zero_rect2x3,rect2x3_hole_2,antithetic,1024,1499777042
DEVELOPMENT,85,89bd5e9b58115b60bdad35f43f6437be,limit_spin_density_zero_rect2x3,rect2x3_hole_3,antithetic,1024,1033538500
DEVELOPMENT,86,8d9f57771b025ad2b6da9e578278aa6a,limit_hopping_zero_chain6,chain6_hole_2,antithetic,1024,1761858289
DEVELOPMENT,86,db87e6c265d45773bb6297db5af0c11f,limit_hopping_zero_chain6,chain6_hole_4,antithetic,1024,4072790937
DEVELOPMENT,86,fb5214d8d1bf5caa839f81a965024f62,limit_spin_density_zero_rect2x3,rect2x3_hole_2,antithetic,1024,3347428554
DEVELOPMENT,86,89bd5e9b58115b60bdad35f43f6437be,limit_spin_density_zero_rect2x3,rect2x3_hole_3,antithetic,1024,2353892453
DEVELOPMENT,87,8d9f57771b025ad2b6da9e578278aa6a,limit_hopping_zero_chain6,chain6_hole_2,antithetic,1024,1857004196
DEVELOPMENT,87,db87e6c265d45773bb6297db5af0c11f,limit_hopping_zero_chain6,chain6_hole_4,antithetic,1024,37388678
DEVELOPMENT,87,fb5214d8d1bf5caa839f81a965024f62,limit_spin_density_zero_rect2x3,rect2x3_hole_2,antithetic,1024,1882833113
DEVELOPMENT,87,89bd5e9b58115b60bdad35f43f6437be,limit_spin_density_zero_rect2x3,rect2x3_hole_3,antithetic,1024,2529323125
DEVELOPMENT,88,8d9f57771b025ad2b6da9e578278aa6a,limit_hopping_zero_chain6,chain6_hole_2,antithetic,1024,1529463183
DEVELOPMENT,88,db87e6c265d45773bb6297db5af0c11f,limit_hopping_zero_chain6,chain6_hole_4,antithetic,1024,463887100
DEVELOPMENT,88,fb5214d8d1bf5caa839f81a965024f62,limit_spin_density_zero_rect2x3,rect2x3_hole_2,antithetic,1024,144745864
DEVELOPMENT,88,89bd5e9b58115b60bdad35f43f6437be,limit_spin_density_zero_rect2x3,rect2x3_hole_3,antithetic,1024,1330798016
DEVELOPMENT,89,8d9f57771b025ad2b6da9e578278aa6a,limit_hopping_zero_chain6,chain6_hole_2,antithetic,1024,3640403691
DEVELOPMENT,89,db87e6c265d45773bb6297db5af0c11f,limit_hopping_zero_chain6,chain6_hole_4,antithetic,1024,2548851798
DEVELOPMENT,89,fb5214d8d1bf5caa839f81a965024f62,limit_spin_density_zero_rect2x3,rect2x3_hole_2,antithetic,1024,2849668500
DEVELOPMENT,89,89bd5e9b58115b60bdad35f43f6437be,limit_spin_density_zero_rect2x3,rect2x3_hole_3,antithetic,1024,3288188895
DEVELOPMENT,90,8d9f57771b025ad2b6da9e578278aa6a,limit_hopping_zero_chain6,chain6_hole_2,antithetic,1024,2956810159
DEVELOPMENT,90,db87e6c265d45773bb6297db5af0c11f,limit_hopping_zero_chain6,chain6_hole_4,antithetic,1024,3618542629
DEVELOPMENT,90,fb5214d8d1bf5caa839f81a965024f62,limit_spin_density_zero_rect2x3,rect2x3_hole_2,antithetic,1024,4271767455
DEVELOPMENT,90,89bd5e9b58115b60bdad35f43f6437be,limit_spin_density_zero_rect2x3,rect2x3_hole_3,antithetic,1024,1456958757
DEVELOPMENT,91,8d9f57771b025ad2b6da9e578278aa6a,limit_hopping_zero_chain6,chain6_hole_2,antithetic,1024,2177264896
DEVELOPMENT,91,db87e6c265d45773bb6297db5af0c11f,limit_hopping_zero_chain6,chain6_hole_4,antithetic,1024,3845102777
DEVELOPMENT,91,fb5214d8d1bf5caa839f81a965024f62,limit_spin_density_zero_rect2x3,rect2x3_hole_2,antithetic,1024,3732297715
DEVELOPMENT,91,89bd5e9b58115b60bdad35f43f6437be,limit_spin_density_zero_rect2x3,rect2x3_hole_3,antithetic,1024,3025373431
DEVELOPMENT,92,8d9f57771b025ad2b6da9e578278aa6a,limit_hopping_zero_chain6,chain6_hole_2,antithetic,1024,2488099088
DEVELOPMENT,92,db87e6c265d45773bb6297db5af0c11f,limit_hopping_zero_chain6,chain6_hole_4,antithetic,1024,3072160361
DEVELOPMENT,92,fb5214d8d1bf5caa839f81a965024f62,limit_spin_density_zero_rect2x3,rect2x3_hole_2,antithetic,1024,919392242
DEVELOPMENT,92,89bd5e9b58115b60bdad35f43f6437be,limit_spin_density_zero_rect2x3,rect2x3_hole_3,antithetic,1024,2913380236
DEVELOPMENT,93,8d9f57771b025ad2b6da9e578278aa6a,limit_hopping_zero_chain6,chain6_hole_2,antithetic,1024,244550014
DEVELOPMENT,93,db87e6c265d45773bb6297db5af0c11f,limit_hopping_zero_chain6,chain6_hole_4,antithetic,1024,1135366736
DEVELOPMENT,93,fb5214d8d1bf5caa839f81a965024f62,limit_spin_density_zero_rect2x3,rect2x3_hole_2,antithetic,1024,440152403
DEVELOPMENT,93,89bd5e9b58115b60bdad35f43f6437be,limit_spin_density_zero_rect2x3,rect2x3_hole_3,antithetic,1024,1476077689
DEVELOPMENT,94,8d9f57771b025ad2b6da9e578278aa6a,limit_hopping_zero_chain6,chain6_hole_2,antithetic,1024,637307978
DEVELOPMENT,94,db87e6c265d45773bb6297db5af0c11f,limit_hopping_zero_chain6,chain6_hole_4,antithetic,1024,1635441148
DEVELOPMENT,94,fb5214d8d1bf5caa839f81a965024f62,limit_spin_density_zero_rect2x3,rect2x3_hole_2,antithetic,1024,3291706963
DEVELOPMENT,94,89bd5e9b58115b60bdad35f43f6437be,limit_spin_density_zero_rect2x3,rect2x3_hole_3,antithetic,1024,2249032355
DEVELOPMENT,95,8d9f57771b025ad2b6da9e578278aa6a,limit_hopping_zero_chain6,chain6_hole_2,antithetic,1024,1942682959
DEVELOPMENT,95,db87e6c265d45773bb6297db5af0c11f,limit_hopping_zero_chain6,chain6_hole_4,antithetic,1024,795352679
DEVELOPMENT,95,fb5214d8d1bf5caa839f81a965024f62,limit_spin_density_zero_rect2x3,rect2x3_hole_2,antithetic,1024,931108961
DEVELOPMENT,95,89bd5e9b58115b60bdad35f43f6437be,limit_spin_density_zero_rect2x3,rect2x3_hole_3,antithetic,1024,443389512
DEVELOPMENT,96,8d9f57771b025ad2b6da9e578278aa6a,limit_hopping_zero_chain6,chain6_hole_2,antithetic,1024,1005873350
DEVELOPMENT,96,db87e6c265d45773bb6297db5af0c11f,limit_hopping_zero_chain6,chain6_hole_4,antithetic,1024,3414558654
DEVELOPMENT,96,fb5214d8d1bf5caa839f81a965024f62,limit_spin_density_zero_rect2x3,rect2x3_hole_2,antithetic,1024,2748958165
DEVELOPMENT,96,89bd5e9b58115b60bdad35f43f6437be,limit_spin_density_zero_rect2x3,rect2x3_hole_3,antithetic,1024,220789553
DEVELOPMENT,97,8d9f57771b025ad2b6da9e578278aa6a,limit_hopping_zero_chain6,chain6_hole_2,antithetic,1024,145490497
DEVELOPMENT,97,db87e6c265d45773bb6297db5af0c11f,limit_hopping_zero_chain6,chain6_hole_4,antithetic,1024,4271511072
DEVELOPMENT,97,fb5214d8d1bf5caa839f81a965024f62,limit_spin_density_zero_rect2x3,rect2x3_hole_2,antithetic,1024,2964852036
DEVELOPMENT,97,89bd5e9b58115b60bdad35f43f6437be,limit_spin_density_zero_rect2x3,rect2x3_hole_3,antithetic,1024,1101188148
DEVELOPMENT,98,8d9f57771b025ad2b6da9e578278aa6a,limit_hopping_zero_chain6,chain6_hole_2,antithetic,1024,3259483380
DEVELOPMENT,98,db87e6c265d45773bb6297db5af0c11f,limit_hopping_zero_chain6,chain6_hole_4,antithetic,1024,28813213
DEVELOPMENT,98,fb5214d8d1bf5caa839f81a965024f62,limit_spin_density_zero_rect2x3,rect2x3_hole_2,antithetic,1024,1046175666
DEVELOPMENT,98,89bd5e9b58115b60bdad35f43f6437be,limit_spin_density_zero_rect2x3,rect2x3_hole_3,antithetic,1024,621799566
DEVELOPMENT,99,8d9f57771b025ad2b6da9e578278aa6a,limit_hopping_zero_chain6,chain6_hole_2,antithetic,1024,3532917516
DEVELOPMENT,99,db87e6c265d45773bb6297db5af0c11f,limit_hopping_zero_chain6,chain6_hole_4,antithetic,1024,2513627452
DEVELOPMENT,99,fb5214d8d1bf5caa839f81a965024f62,limit_spin_density_zero_rect2x3,rect2x3_hole_2,antithetic,1024,2906446302
DEVELOPMENT,99,89bd5e9b58115b60bdad35f43f6437be,limit_spin_density_zero_rect2x3,rect2x3_hole_3,antithetic,1024,1508280141
DEVELOPMENT,100,8d9f57771b025ad2b6da9e578278aa6a,limit_hopping_zero_chain6,chain6_hole_2,antithetic,1024,4087582988
DEVELOPMENT,100,db87e6c265d45773bb6297db5af0c11f,limit_hopping_zero_chain6,chain6_hole_4,antithetic,1024,905830933
DEVELOPMENT,100,fb5214d8d1bf5caa839f81a965024f62,limit_spin_density_zero_rect2x3,rect2x3_hole_2,antithetic,1024,919828167
DEVELOPMENT,100,89bd5e9b58115b60bdad35f43f6437be,limit_spin_density_zero_rect2x3,rect2x3_hole_3,antithetic,1024,1794002553
DEVELOPMENT,101,8d9f57771b025ad2b6da9e578278aa6a,limit_hopping_zero_chain6,chain6_hole_2,antithetic,1024,3189560963
DEVELOPMENT,101,db87e6c265d45773bb6297db5af0c11f,limit_hopping_zero_chain6,chain6_hole_4,antithetic,1024,2824727780
DEVELOPMENT,101,fb5214d8d1bf5caa839f81a965024f62,limit_spin_density_zero_rect2x3,rect2x3_hole_2,antithetic,1024,1748011504
DEVELOPMENT,101,89bd5e9b58115b60bdad35f43f6437be,limit_spin_density_zero_rect2x3,rect2x3_hole_3,antithetic,1024,1885332329
DEVELOPMENT,102,8d9f57771b025ad2b6da9e578278aa6a,limit_hopping_zero_chain6,chain6_hole_2,antithetic,1024,2979420808
DEVELOPMENT,102,db87e6c265d45773bb6297db5af0c11f,limit_hopping_zero_chain6,chain6_hole_4,antithetic,1024,3287165419
DEVELOPMENT,102,fb5214d8d1bf5caa839f81a965024f62,limit_spin_density_zero_rect2x3,rect2x3_hole_2,antithetic,1024,3443895848
DEVELOPMENT,102,89bd5e9b58115b60bdad35f43f6437be,limit_spin_density_zero_rect2x3,rect2x3_hole_3,antithetic,1024,799450955
DEVELOPMENT,103,8d9f57771b025ad2b6da9e578278aa6a,limit_hopping_zero_chain6,chain6_hole_2,antithetic,1024,3907739931
DEVELOPMENT,103,db87e6c265d45773bb6297db5af0c11f,limit_hopping_zero_chain6,chain6_hole_4,antithetic,1024,2159172419
DEVELOPMENT,103,fb5214d8d1bf5caa839f81a965024f62,limit_spin_density_zero_rect2x3,rect2x3_hole_2,antithetic,1024,3628769354
DEVELOPMENT,103,89bd5e9b58115b60bdad35f43f6437be,limit_spin_density_zero_rect2x3,rect2x3_hole_3,antithetic,1024,1217479365
DEVELOPMENT,104,8d9f57771b025ad2b6da9e578278aa6a,limit_hopping_zero_chain6,chain6_hole_2,antithetic,1024,12504123
DEVELOPMENT,104,db87e6c265d45773bb6297db5af0c11f,limit_hopping_zero_chain6,chain6_hole_4,antithetic,1024,1226255513
DEVELOPMENT,104,fb5214d8d1bf5caa839f81a965024f62,limit_spin_density_zero_rect2x3,rect2x3_hole_2,antithetic,1024,1831475168
DEVELOPMENT,104,89bd5e9b58115b60bdad35f43f6437be,limit_spin_density_zero_rect2x3,rect2x3_hole_3,antithetic,1024,387172555
DEVELOPMENT,105,8d9f57771b025ad2b6da9e578278aa6a,limit_hopping_zero_chain6,chain6_hole_2,antithetic,1024,119298608
DEVELOPMENT,105,db87e6c265d45773bb6297db5af0c11f,limit_hopping_zero_chain6,chain6_hole_4,antithetic,1024,1658887550
DEVELOPMENT,105,fb5214d8d1bf5caa839f81a965024f62,limit_spin_density_zero_rect2x3,rect2x3_hole_2,antithetic,1024,2389548323
DEVELOPMENT,105,89bd5e9b58115b60bdad35f43f6437be,limit_spin_density_zero_rect2x3,rect2x3_hole_3,antithetic,1024,1657105483
DEVELOPMENT,106,8d9f57771b025ad2b6da9e578278aa6a,limit_hopping_zero_chain6,chain6_hole_2,antithetic,1024,1871347432
DEVELOPMENT,106,db87e6c265d45773bb6297db5af0c11f,limit_hopping_zero_chain6,chain6_hole_4,antithetic,1024,2539576353
DEVELOPMENT,106,fb5214d8d1bf5caa839f81a965024f62,limit_spin_density_zero_rect2x3,rect2x3_hole_2,antithetic,1024,2948215476
DEVELOPMENT,106,89bd5e9b58115b60bdad35f43f6437be,limit_spin_density_zero_rect2x3,rect2x3_hole_3,antithetic,1024,4073691930
DEVELOPMENT,107,8d9f57771b025ad2b6da9e578278aa6a,limit_hopping_zero_chain6,chain6_hole_2,antithetic,1024,955456606
DEVELOPMENT,107,db87e6c265d45773bb6297db5af0c11f,limit_hopping_zero_chain6,chain6_hole_4,antithetic,1024,8707557
DEVELOPMENT,107,fb5214d8d1bf5caa839f81a965024f62,limit_spin_density_zero_rect2x3,rect2x3_hole_2,antithetic,1024,2751158918
DEVELOPMENT,107,89bd5e9b58115b60bdad35f43f6437be,limit_spin_density_zero_rect2x3,rect2x3_hole_3,antithetic,1024,2749821310
DEVELOPMENT,108,8d9f57771b025ad2b6da9e578278aa6a,limit_hopping_zero_chain6,chain6_hole_2,antithetic,1024,484455556
DEVELOPMENT,108,db87e6c265d45773bb6297db5af0c11f,limit_hopping_zero_chain6,chain6_hole_4,antithetic,1024,3928372423
DEVELOPMENT,108,fb5214d8d1bf5caa839f81a965024f62,limit_spin_density_zero_rect2x3,rect2x3_hole_2,antithetic,1024,653669465
DEVELOPMENT,108,89bd5e9b58115b60bdad35f43f6437be,limit_spin_density_zero_rect2x3,rect2x3_hole_3,antithetic,1024,3126903030
DEVELOPMENT,109,8d9f57771b025ad2b6da9e578278aa6a,limit_hopping_zero_chain6,chain6_hole_2,antithetic,1024,3975422914
DEVELOPMENT,109,db87e6c265d45773bb6297db5af0c11f,limit_hopping_zero_chain6,chain6_hole_4,antithetic,1024,1227315144
DEVELOPMENT,109,fb5214d8d1bf5caa839f81a965024f62,limit_spin_density_zero_rect2x3,rect2x3_hole_2,antithetic,1024,3172644989
DEVELOPMENT,109,89bd5e9b58115b60bdad35f43f6437be,limit_spin_density_zero_rect2x3,rect2x3_hole_3,antithetic,1024,1092251371
DEVELOPMENT,110,8d9f57771b025ad2b6da9e578278aa6a,limit_hopping_zero_chain6,chain6_hole_2,antithetic,1024,1881910772
DEVELOPMENT,110,db87e6c265d45773bb6297db5af0c11f,limit_hopping_zero_chain6,chain6_hole_4,antithetic,1024,3048654725
DEVELOPMENT,110,fb5214d8d1bf5caa839f81a965024f62,limit_spin_density_zero_rect2x3,rect2x3_hole_2,antithetic,1024,2536271352
DEVELOPMENT,110,89bd5e9b58115b60bdad35f43f6437be,limit_spin_density_zero_rect2x3,rect2x3_hole_3,antithetic,1024,781561092
DEVELOPMENT,111,8d9f57771b025ad2b6da9e578278aa6a,limit_hopping_zero_chain6,chain6_hole_2,antithetic,1024,4120097276
DEVELOPMENT,111,db87e6c265d45773bb6297db5af0c11f,limit_hopping_zero_chain6,chain6_hole_4,antithetic,1024,3828003900
DEVELOPMENT,111,fb5214d8d1bf5caa839f81a965024f62,limit_spin_density_zero_rect2x3,rect2x3_hole_2,antithetic,1024,2425373545
DEVELOPMENT,111,89bd5e9b58115b60bdad35f43f6437be,limit_spin_density_zero_rect2x3,rect2x3_hole_3,antithetic,1024,2803469846
DEVELOPMENT,112,8d9f57771b025ad2b6da9e578278aa6a,limit_hopping_zero_chain6,chain6_hole_2,antithetic,1024,494218211
DEVELOPMENT,112,db87e6c265d45773bb6297db5af0c11f,limit_hopping_zero_chain6,chain6_hole_4,antithetic,1024,3127657536
DEVELOPMENT,112,fb5214d8d1bf5caa839f81a965024f62,limit_spin_density_zero_rect2x3,rect2x3_hole_2,antithetic,1024,1317095676
DEVELOPMENT,112,89bd5e9b58115b60bdad35f43f6437be,limit_spin_density_zero_rect2x3,rect2x3_hole_3,antithetic,1024,1468391034
DEVELOPMENT,113,8d9f57771b025ad2b6da9e578278aa6a,limit_hopping_zero_chain6,chain6_hole_2,antithetic,1024,1782655499
DEVELOPMENT,113,db87e6c265d45773bb6297db5af0c11f,limit_hopping_zero_chain6,chain6_hole_4,antithetic,1024,1213414983
DEVELOPMENT,113,fb5214d8d1bf5caa839f81a965024f62,limit_spin_density_zero_rect2x3,rect2x3_hole_2,antithetic,1024,1162107801
DEVELOPMENT,113,89bd5e9b58115b60bdad35f43f6437be,limit_spin_density_zero_rect2x3,rect2x3_hole_3,antithetic,1024,3469152438
DEVELOPMENT,114,8d9f57771b025ad2b6da9e578278aa6a,limit_hopping_zero_chain6,chain6_hole_2,antithetic,1024,163510874
DEVELOPMENT,114,db87e6c265d45773bb6297db5af0c11f,limit_hopping_zero_chain6,chain6_hole_4,antithetic,1024,2641831688
DEVELOPMENT,114,fb5214d8d1bf5caa839f81a965024f62,limit_spin_density_zero_rect2x3,rect2x3_hole_2,antithetic,1024,4202028164
DEVELOPMENT,114,89bd5e9b58115b60bdad35f43f6437be,limit_spin_density_zero_rect2x3,rect2x3_hole_3,antithetic,1024,219830180
DEVELOPMENT,115,8d9f57771b025ad2b6da9e578278aa6a,limit_hopping_zero_chain6,chain6_hole_2,antithetic,1024,3040859724
DEVELOPMENT,115,db87e6c265d45773bb6297db5af0c11f,limit_hopping_zero_chain6,chain6_hole_4,antithetic,1024,2642614757
DEVELOPMENT,115,fb5214d8d1bf5caa839f81a965024f62,limit_spin_density_zero_rect2x3,rect2x3_hole_2,antithetic,1024,3175770631
DEVELOPMENT,115,89bd5e9b58115b60bdad35f43f6437be,limit_spin_density_zero_rect2x3,rect2x3_hole_3,antithetic,1024,4020506175
DEVELOPMENT,116,8d9f57771b025ad2b6da9e578278aa6a,limit_hopping_zero_chain6,chain6_hole_2,antithetic,1024,3501707407
DEVELOPMENT,116,db87e6c265d45773bb6297db5af0c11f,limit_hopping_zero_chain6,chain6_hole_4,antithetic,1024,1814563250
DEVELOPMENT,116,fb5214d8d1bf5caa839f81a965024f62,limit_spin_density_zero_rect2x3,rect2x3_hole_2,antithetic,1024,3729594192
DEVELOPMENT,116,89bd5e9b58115b60bdad35f43f6437be,limit_spin_density_zero_rect2x3,rect2x3_hole_3,antithetic,1024,1052562438
DEVELOPMENT,117,8d9f57771b025ad2b6da9e578278aa6a,limit_hopping_zero_chain6,chain6_hole_2,antithetic,1024,3943482961
DEVELOPMENT,117,db87e6c265d45773bb6297db5af0c11f,limit_hopping_zero_chain6,chain6_hole_4,antithetic,1024,3098704315
DEVELOPMENT,117,fb5214d8d1bf5caa839f81a965024f62,limit_spin_density_zero_rect2x3,rect2x3_hole_2,antithetic,1024,122240896
DEVELOPMENT,117,89bd5e9b58115b60bdad35f43f6437be,limit_spin_density_zero_rect2x3,rect2x3_hole_3,antithetic,1024,3378161208
DEVELOPMENT,118,8d9f57771b025ad2b6da9e578278aa6a,limit_hopping_zero_chain6,chain6_hole_2,antithetic,1024,3244797244
DEVELOPMENT,118,db87e6c265d45773bb6297db5af0c11f,limit_hopping_zero_chain6,chain6_hole_4,antithetic,1024,2619213979
DEVELOPMENT,118,fb5214d8d1bf5caa839f81a965024f62,limit_spin_density_zero_rect2x3,rect2x3_hole_2,antithetic,1024,2404360591
DEVELOPMENT,118,89bd5e9b58115b60bdad35f43f6437be,limit_spin_density_zero_rect2x3,rect2x3_hole_3,antithetic,1024,1871516491
DEVELOPMENT,119,8d9f57771b025ad2b6da9e578278aa6a,limit_hopping_zero_chain6,chain6_hole_2,antithetic,1024,3898824267
DEVELOPMENT,119,db87e6c265d45773bb6297db5af0c11f,limit_hopping_zero_chain6,chain6_hole_4,antithetic,1024,2410189989
DEVELOPMENT,119,fb5214d8d1bf5caa839f81a965024f62,limit_spin_density_zero_rect2x3,rect2x3_hole_2,antithetic,1024,2312438220
DEVELOPMENT,119,89bd5e9b58115b60bdad35f43f6437be,limit_spin_density_zero_rect2x3,rect2x3_hole_3,antithetic,1024,555416299
DEVELOPMENT,120,8d9f57771b025ad2b6da9e578278aa6a,limit_hopping_zero_chain6,chain6_hole_2,antithetic,1024,2740833909
DEVELOPMENT,120,db87e6c265d45773bb6297db5af0c11f,limit_hopping_zero_chain6,chain6_hole_4,antithetic,1024,4242479521
DEVELOPMENT,120,fb5214d8d1bf5caa839f81a965024f62,limit_spin_density_zero_rect2x3,rect2x3_hole_2,antithetic,1024,3811348707
DEVELOPMENT,120,89bd5e9b58115b60bdad35f43f6437be,limit_spin_density_zero_rect2x3,rect2x3_hole_3,antithetic,1024,3769106909
DEVELOPMENT,121,8d9f57771b025ad2b6da9e578278aa6a,limit_hopping_zero_chain6,chain6_hole_2,antithetic,1024,3370123776
DEVELOPMENT,121,db87e6c265d45773bb6297db5af0c11f,limit_hopping_zero_chain6,chain6_hole_4,antithetic,1024,1297738193
DEVELOPMENT,121,fb5214d8d1bf5caa839f81a965024f62,limit_spin_density_zero_rect2x3,rect2x3_hole_2,antithetic,1024,1694672986
DEVELOPMENT,121,89bd5e9b58115b60bdad35f43f6437be,limit_spin_density_zero_rect2x3,rect2x3_hole_3,antithetic,1024,621736751
DEVELOPMENT,122,8d9f57771b025ad2b6da9e578278aa6a,limit_hopping_zero_chain6,chain6_hole_2,antithetic,1024,23967165
DEVELOPMENT,122,db87e6c265d45773bb6297db5af0c11f,limit_hopping_zero_chain6,chain6_hole_4,antithetic,1024,3444578640
DEVELOPMENT,122,fb5214d8d1bf5caa839f81a965024f62,limit_spin_density_zero_rect2x3,rect2x3_hole_2,antithetic,1024,2967705695
DEVELOPMENT,122,89bd5e9b58115b60bdad35f43f6437be,limit_spin_density_zero_rect2x3,rect2x3_hole_3,antithetic,1024,1107715234
DEVELOPMENT,123,8d9f57771b025ad2b6da9e578278aa6a,limit_hopping_zero_chain6,chain6_hole_2,antithetic,1024,3934066657
DEVELOPMENT,123,db87e6c265d45773bb6297db5af0c11f,limit_hopping_zero_chain6,chain6_hole_4,antithetic,1024,3525147226
DEVELOPMENT,123,fb5214d8d1bf5caa839f81a965024f62,limit_spin_density_zero_rect2x3,rect2x3_hole_2,antithetic,1024,1021514314
DEVELOPMENT,123,89bd5e9b58115b60bdad35f43f6437be,limit_spin_density_zero_rect2x3,rect2x3_hole_3,antithetic,1024,1812754214
DEVELOPMENT,124,8d9f57771b025ad2b6da9e578278aa6a,limit_hopping_zero_chain6,chain6_hole_2,antithetic,1024,784293019
DEVELOPMENT,124,db87e6c265d45773bb6297db5af0c11f,limit_hopping_zero_chain6,chain6_hole_4,antithetic,1024,2366395610
DEVELOPMENT,124,fb5214d8d1bf5caa839f81a965024f62,limit_spin_density_zero_rect2x3,rect2x3_hole_2,antithetic,1024,778568971
DEVELOPMENT,124,89bd5e9b58115b60bdad35f43f6437be,limit_spin_density_zero_rect2x3,rect2x3_hole_3,antithetic,1024,2940059654
DEVELOPMENT,125,8d9f57771b025ad2b6da9e578278aa6a,limit_hopping_zero_chain6,chain6_hole_2,antithetic,1024,43665025
DEVELOPMENT,125,db87e6c265d45773bb6297db5af0c11f,limit_hopping_zero_chain6,chain6_hole_4,antithetic,1024,2291214218
DEVELOPMENT,125,fb5214d8d1bf5caa839f81a965024f62,limit_spin_density_zero_rect2x3,rect2x3_hole_2,antithetic,1024,2918403366
DEVELOPMENT,125,89bd5e9b58115b60bdad35f43f6437be,limit_spin_density_zero_rect2x3,rect2x3_hole_3,antithetic,1024,983576955
DEVELOPMENT,126,8d9f57771b025ad2b6da9e578278aa6a,limit_hopping_zero_chain6,chain6_hole_2,antithetic,1024,3686095672
DEVELOPMENT,126,db87e6c265d45773bb6297db5af0c11f,limit_hopping_zero_chain6,chain6_hole_4,antithetic,1024,2264085872
DEVELOPMENT,126,fb5214d8d1bf5caa839f81a965024f62,limit_spin_density_zero_rect2x3,rect2x3_hole_2,antithetic,1024,1869592146
DEVELOPMENT,126,89bd5e9b58115b60bdad35f43f6437be,limit_spin_density_zero_rect2x3,rect2x3_hole_3,antithetic,1024,3087766094
DEVELOPMENT,127,8d9f57771b025ad2b6da9e578278aa6a,limit_hopping_zero_chain6,chain6_hole_2,antithetic,1024,1144342749
DEVELOPMENT,127,db87e6c265d45773bb6297db5af0c11f,limit_hopping_zero_chain6,chain6_hole_4,antithetic,1024,1126295942
DEVELOPMENT,127,fb5214d8d1bf5caa839f81a965024f62,limit_spin_density_zero_rect2x3,rect2x3_hole_2,antithetic,1024,378986603
DEVELOPMENT,127,89bd5e9b58115b60bdad35f43f6437be,limit_spin_density_zero_rect2x3,rect2x3_hole_3,antithetic,1024,2821055650
DEVELOPMENT,0,8d9f57771b025ad2b6da9e578278aa6a,limit_hopping_zero_chain6,chain6_hole_2,antithetic,2048,1456495579
DEVELOPMENT,0,db87e6c265d45773bb6297db5af0c11f,limit_hopping_zero_chain6,chain6_hole_4,antithetic,2048,600724587
DEVELOPMENT,0,fb5214d8d1bf5caa839f81a965024f62,limit_spin_density_zero_rect2x3,rect2x3_hole_2,antithetic,2048,96462096
DEVELOPMENT,0,89bd5e9b58115b60bdad35f43f6437be,limit_spin_density_zero_rect2x3,rect2x3_hole_3,antithetic,2048,2167302163
DEVELOPMENT,1,8d9f57771b025ad2b6da9e578278aa6a,limit_hopping_zero_chain6,chain6_hole_2,antithetic,2048,4119179392
DEVELOPMENT,1,db87e6c265d45773bb6297db5af0c11f,limit_hopping_zero_chain6,chain6_hole_4,antithetic,2048,1166404343
DEVELOPMENT,1,fb5214d8d1bf5caa839f81a965024f62,limit_spin_density_zero_rect2x3,rect2x3_hole_2,antithetic,2048,626635621
DEVELOPMENT,1,89bd5e9b58115b60bdad35f43f6437be,limit_spin_density_zero_rect2x3,rect2x3_hole_3,antithetic,2048,842955922
DEVELOPMENT,2,8d9f57771b025ad2b6da9e578278aa6a,limit_hopping_zero_chain6,chain6_hole_2,antithetic,2048,3445879516
DEVELOPMENT,2,db87e6c265d45773bb6297db5af0c11f,limit_hopping_zero_chain6,chain6_hole_4,antithetic,2048,1637565106
DEVELOPMENT,2,fb5214d8d1bf5caa839f81a965024f62,limit_spin_density_zero_rect2x3,rect2x3_hole_2,antithetic,2048,3878633279
DEVELOPMENT,2,89bd5e9b58115b60bdad35f43f6437be,limit_spin_density_zero_rect2x3,rect2x3_hole_3,antithetic,2048,3344654389
DEVELOPMENT,3,8d9f57771b025ad2b6da9e578278aa6a,limit_hopping_zero_chain6,chain6_hole_2,antithetic,2048,3465328775
DEVELOPMENT,3,db87e6c265d45773bb6297db5af0c11f,limit_hopping_zero_chain6,chain6_hole_4,antithetic,2048,4101222359
DEVELOPMENT,3,fb5214d8d1bf5caa839f81a965024f62,limit_spin_density_zero_rect2x3,rect2x3_hole_2,antithetic,2048,3804500295
DEVELOPMENT,3,89bd5e9b58115b60bdad35f43f6437be,limit_spin_density_zero_rect2x3,rect2x3_hole_3,antithetic,2048,918715350
DEVELOPMENT,4,8d9f57771b025ad2b6da9e578278aa6a,limit_hopping_zero_chain6,chain6_hole_2,antithetic,2048,620714330
DEVELOPMENT,4,db87e6c265d45773bb6297db5af0c11f,limit_hopping_zero_chain6,chain6_hole_4,antithetic,2048,3435755588
DEVELOPMENT,4,fb5214d8d1bf5caa839f81a965024f62,limit_spin_density_zero_rect2x3,rect2x3_hole_2,antithetic,2048,332401479
DEVELOPMENT,4,89bd5e9b58115b60bdad35f43f6437be,limit_spin_density_zero_rect2x3,rect2x3_hole_3,antithetic,2048,1223638616
DEVELOPMENT,5,8d9f57771b025ad2b6da9e578278aa6a,limit_hopping_zero_chain6,chain6_hole_2,antithetic,2048,1798998966
DEVELOPMENT,5,db87e6c265d45773bb6297db5af0c11f,limit_hopping_zero_chain6,chain6_hole_4,antithetic,2048,4050704789
DEVELOPMENT,5,fb5214d8d1bf5caa839f81a965024f62,limit_spin_density_zero_rect2x3,rect2x3_hole_2,antithetic,2048,3342847597
DEVELOPMENT,5,89bd5e9b58115b60bdad35f43f6437be,limit_spin_density_zero_rect2x3,rect2x3_hole_3,antithetic,2048,619560755
DEVELOPMENT,6,8d9f57771b025ad2b6da9e578278aa6a,limit_hopping_zero_chain6,chain6_hole_2,antithetic,2048,1926642909
DEVELOPMENT,6,db87e6c265d45773bb6297db5af0c11f,limit_hopping_zero_chain6,chain6_hole_4,antithetic,2048,3176001042
DEVELOPMENT,6,fb5214d8d1bf5caa839f81a965024f62,limit_spin_density_zero_rect2x3,rect2x3_hole_2,antithetic,2048,329243691
DEVELOPMENT,6,89bd5e9b58115b60bdad35f43f6437be,limit_spin_density_zero_rect2x3,rect2x3_hole_3,antithetic,2048,294348188
DEVELOPMENT,7,8d9f57771b025ad2b6da9e578278aa6a,limit_hopping_zero_chain6,chain6_hole_2,antithetic,2048,292997601
DEVELOPMENT,7,db87e6c265d45773bb6297db5af0c11f,limit_hopping_zero_chain6,chain6_hole_4,antithetic,2048,1866049804
DEVELOPMENT,7,fb5214d8d1bf5caa839f81a965024f62,limit_spin_density_zero_rect2x3,rect2x3_hole_2,antithetic,2048,4138228768
DEVELOPMENT,7,89bd5e9b58115b60bdad35f43f6437be,limit_spin_density_zero_rect2x3,rect2x3_hole_3,antithetic,2048,489180307
DEVELOPMENT,8,8d9f57771b025ad2b6da9e578278aa6a,limit_hopping_zero_chain6,chain6_hole_2,antithetic,2048,2812720801
DEVELOPMENT,8,db87e6c265d45773bb6297db5af0c11f,limit_hopping_zero_chain6,chain6_hole_4,antithetic,2048,2601872205
DEVELOPMENT,8,fb5214d8d1bf5caa839f81a965024f62,limit_spin_density_zero_rect2x3,rect2x3_hole_2,antithetic,2048,2469572093
DEVELOPMENT,8,89bd5e9b58115b60bdad35f43f6437be,limit_spin_density_zero_rect2x3,rect2x3_hole_3,antithetic,2048,3469833377
DEVELOPMENT,9,8d9f57771b025ad2b6da9e578278aa6a,limit_hopping_zero_chain6,chain6_hole_2,antithetic,2048,3881134816
DEVELOPMENT,9,db87e6c265d45773bb6297db5af0c11f,limit_hopping_zero_chain6,chain6_hole_4,antithetic,2048,3962408202
DEVELOPMENT,9,fb5214d8d1bf5caa839f81a965024f62,limit_spin_density_zero_rect2x3,rect2x3_hole_2,antithetic,2048,1538974959
DEVELOPMENT,9,89bd5e9b58115b60bdad35f43f6437be,limit_spin_density_zero_rect2x3,rect2x3_hole_3,antithetic,2048,3160026345
DEVELOPMENT,10,8d9f57771b025ad2b6da9e578278aa6a,limit_hopping_zero_chain6,chain6_hole_2,antithetic,2048,1878092309
DEVELOPMENT,10,db87e6c265d45773bb6297db5af0c11f,limit_hopping_zero_chain6,chain6_hole_4,antithetic,2048,2988475057
DEVELOPMENT,10,fb5214d8d1bf5caa839f81a965024f62,limit_spin_density_zero_rect2x3,rect2x3_hole_2,antithetic,2048,3902455511
DEVELOPMENT,10,89bd5e9b58115b60bdad35f43f6437be,limit_spin_density_zero_rect2x3,rect2x3_hole_3,antithetic,2048,3526852959
DEVELOPMENT,11,8d9f57771b025ad2b6da9e578278aa6a,limit_hopping_zero_chain6,chain6_hole_2,antithetic,2048,3609414517
DEVELOPMENT,11,db87e6c265d45773bb6297db5af0c11f,limit_hopping_zero_chain6,chain6_hole_4,antithetic,2048,1736858106
DEVELOPMENT,11,fb5214d8d1bf5caa839f81a965024f62,limit_spin_density_zero_rect2x3,rect2x3_hole_2,antithetic,2048,3369345268
DEVELOPMENT,11,89bd5e9b58115b60bdad35f43f6437be,limit_spin_density_zero_rect2x3,rect2x3_hole_3,antithetic,2048,662522566
DEVELOPMENT,12,8d9f57771b025ad2b6da9e578278aa6a,limit_hopping_zero_chain6,chain6_hole_2,antithetic,2048,106247304
DEVELOPMENT,12,db87e6c265d45773bb6297db5af0c11f,limit_hopping_zero_chain6,chain6_hole_4,antithetic,2048,3987245780
DEVELOPMENT,12,fb5214d8d1bf5caa839f81a965024f62,limit_spin_density_zero_rect2x3,rect2x3_hole_2,antithetic,2048,1370661928
DEVELOPMENT,12,89bd5e9b58115b60bdad35f43f6437be,limit_spin_density_zero_rect2x3,rect2x3_hole_3,antithetic,2048,4134825358
DEVELOPMENT,13,8d9f57771b025ad2b6da9e578278aa6a,limit_hopping_zero_chain6,chain6_hole_2,antithetic,2048,2850569845
DEVELOPMENT,13,db87e6c265d45773bb6297db5af0c11f,limit_hopping_zero_chain6,chain6_hole_4,antithetic,2048,3073092430
DEVELOPMENT,13,fb5214d8d1bf5caa839f81a965024f62,limit_spin_density_zero_rect2x3,rect2x3_hole_2,antithetic,2048,3690871144
DEVELOPMENT,13,89bd5e9b58115b60bdad35f43f6437be,limit_spin_density_zero_rect2x3,rect2x3_hole_3,antithetic,2048,2742894068
DEVELOPMENT,14,8d9f57771b025ad2b6da9e578278aa6a,limit_hopping_zero_chain6,chain6_hole_2,antithetic,2048,1281235964
DEVELOPMENT,14,db87e6c265d45773bb6297db5af0c11f,limit_hopping_zero_chain6,chain6_hole_4,antithetic,2048,2177367360
DEVELOPMENT,14,fb5214d8d1bf5caa839f81a965024f62,limit_spin_density_zero_rect2x3,rect2x3_hole_2,antithetic,2048,737194992
DEVELOPMENT,14,89bd5e9b58115b60bdad35f43f6437be,limit_spin_density_zero_rect2x3,rect2x3_hole_3,antithetic,2048,3952709641
DEVELOPMENT,15,8d9f57771b025ad2b6da9e578278aa6a,limit_hopping_zero_chain6,chain6_hole_2,antithetic,2048,4072688319
DEVELOPMENT,15,db87e6c265d45773bb6297db5af0c11f,limit_hopping_zero_chain6,chain6_hole_4,antithetic,2048,3353575944
DEVELOPMENT,15,fb5214d8d1bf5caa839f81a965024f62,limit_spin_density_zero_rect2x3,rect2x3_hole_2,antithetic,2048,1859920275
DEVELOPMENT,15,89bd5e9b58115b60bdad35f43f6437be,limit_spin_density_zero_rect2x3,rect2x3_hole_3,antithetic,2048,3614311297
DEVELOPMENT,16,8d9f57771b025ad2b6da9e578278aa6a,limit_hopping_zero_chain6,chain6_hole_2,antithetic,2048,1210136865
DEVELOPMENT,16,db87e6c265d45773bb6297db5af0c11f,limit_hopping_zero_chain6,chain6_hole_4,antithetic,2048,349204615
DEVELOPMENT,16,fb5214d8d1bf5caa839f81a965024f62,limit_spin_density_zero_rect2x3,rect2x3_hole_2,antithetic,2048,1502276835
DEVELOPMENT,16,89bd5e9b58115b60bdad35f43f6437be,limit_spin_density_zero_rect2x3,rect2x3_hole_3,antithetic,2048,799189266
DEVELOPMENT,17,8d9f57771b025ad2b6da9e578278aa6a,limit_hopping_zero_chain6,chain6_hole_2,antithetic,2048,1829180388
DEVELOPMENT,17,db87e6c265d45773bb6297db5af0c11f,limit_hopping_zero_chain6,chain6_hole_4,antithetic,2048,2557058154
DEVELOPMENT,17,fb5214d8d1bf5caa839f81a965024f62,limit_spin_density_zero_rect2x3,rect2x3_hole_2,antithetic,2048,2447705311
DEVELOPMENT,17,89bd5e9b58115b60bdad35f43f6437be,limit_spin_density_zero_rect2x3,rect2x3_hole_3,antithetic,2048,1422238526
DEVELOPMENT,18,8d9f57771b025ad2b6da9e578278aa6a,limit_hopping_zero_chain6,chain6_hole_2,antithetic,2048,1638693576
DEVELOPMENT,18,db87e6c265d45773bb6297db5af0c11f,limit_hopping_zero_chain6,chain6_hole_4,antithetic,2048,4284005108
DEVELOPMENT,18,fb5214d8d1bf5caa839f81a965024f62,limit_spin_density_zero_rect2x3,rect2x3_hole_2,antithetic,2048,3546974370
DEVELOPMENT,18,89bd5e9b58115b60bdad35f43f6437be,limit_spin_density_zero_rect2x3,rect2x3_hole_3,antithetic,2048,168676000
DEVELOPMENT,19,8d9f57771b025ad2b6da9e578278aa6a,limit_hopping_zero_chain6,chain6_hole_2,antithetic,2048,727794103
DEVELOPMENT,19,db87e6c265d45773bb6297db5af0c11f,limit_hopping_zero_chain6,chain6_hole_4,antithetic,2048,1238702370
DEVELOPMENT,19,fb5214d8d1bf5caa839f81a965024f62,limit_spin_density_zero_rect2x3,rect2x3_hole_2,antithetic,2048,2402218161
DEVELOPMENT,19,89bd5e9b58115b60bdad35f43f6437be,limit_spin_density_zero_rect2x3,rect2x3_hole_3,antithetic,2048,4153915139
DEVELOPMENT,20,8d9f57771b025ad2b6da9e578278aa6a,limit_hopping_zero_chain6,chain6_hole_2,antithetic,2048,3025182465
DEVELOPMENT,20,db87e6c265d45773bb6297db5af0c11f,limit_hopping_zero_chain6,chain6_hole_4,antithetic,2048,4143220224
DEVELOPMENT,20,fb5214d8d1bf5caa839f81a965024f62,limit_spin_density_zero_rect2x3,rect2x3_hole_2,antithetic,2048,3432926384
DEVELOPMENT,20,89bd5e9b58115b60bdad35f43f6437be,limit_spin_density_zero_rect2x3,rect2x3_hole_3,antithetic,2048,2650025179
DEVELOPMENT,21,8d9f57771b025ad2b6da9e578278aa6a,limit_hopping_zero_chain6,chain6_hole_2,antithetic,2048,481886158
DEVELOPMENT,21,db87e6c265d45773bb6297db5af0c11f,limit_hopping_zero_chain6,chain6_hole_4,antithetic,2048,690597665
DEVELOPMENT,21,fb5214d8d1bf5caa839f81a965024f62,limit_spin_density_zero_rect2x3,rect2x3_hole_2,antithetic,2048,411510432
DEVELOPMENT,21,89bd5e9b58115b60bdad35f43f6437be,limit_spin_density_zero_rect2x3,rect2x3_hole_3,antithetic,2048,2150202724
DEVELOPMENT,22,8d9f57771b025ad2b6da9e578278aa6a,limit_hopping_zero_chain6,chain6_hole_2,antithetic,2048,3056208793
DEVELOPMENT,22,db87e6c265d45773bb6297db5af0c11f,limit_hopping_zero_chain6,chain6_hole_4,antithetic,2048,1504455583
DEVELOPMENT,22,fb5214d8d1bf5caa839f81a965024f62,limit_spin_density_zero_rect2x3,rect2x3_hole_2,antithetic,2048,4287492401
DEVELOPMENT,22,89bd5e9b58115b60bdad35f43f6437be,limit_spin_density_zero_rect2x3,rect2x3_hole_3,antithetic,2048,326393924
DEVELOPMENT,23,8d9f57771b025ad2b6da9e578278aa6a,limit_hopping_zero_chain6,chain6_hole_2,antithetic,2048,1978443257
DEVELOPMENT,23,db87e6c265d45773bb6297db5af0c11f,limit_hopping_zero_chain6,chain6_hole_4,antithetic,2048,677275085
DEVELOPMENT,23,fb5214d8d1bf5caa839f81a965024f62,limit_spin_density_zero_rect2x3,rect2x3_hole_2,antithetic,2048,229497356
DEVELOPMENT,23,89bd5e9b58115b60bdad35f43f6437be,limit_spin_density_zero_rect2x3,rect2x3_hole_3,antithetic,2048,1073056246
DEVELOPMENT,24,8d9f57771b025ad2b6da9e578278aa6a,limit_hopping_zero_chain6,chain6_hole_2,antithetic,2048,3912175626
DEVELOPMENT,24,db87e6c265d45773bb6297db5af0c11f,limit_hopping_zero_chain6,chain6_hole_4,antithetic,2048,2852312333
DEVELOPMENT,24,fb5214d8d1bf5caa839f81a965024f62,limit_spin_density_zero_rect2x3,rect2x3_hole_2,antithetic,2048,1280345971
DEVELOPMENT,24,89bd5e9b58115b60bdad35f43f6437be,limit_spin_density_zero_rect2x3,rect2x3_hole_3,antithetic,2048,724110682
DEVELOPMENT,25,8d9f57771b025ad2b6da9e578278aa6a,limit_hopping_zero_chain6,chain6_hole_2,antithetic,2048,3296580817
DEVELOPMENT,25,db87e6c265d45773bb6297db5af0c11f,limit_hopping_zero_chain6,chain6_hole_4,antithetic,2048,1314263189
DEVELOPMENT,25,fb5214d8d1bf5caa839f81a965024f62,limit_spin_density_zero_rect2x3,rect2x3_hole_2,antithetic,2048,399748980
DEVELOPMENT,25,89bd5e9b58115b60bdad35f43f6437be,limit_spin_density_zero_rect2x3,rect2x3_hole_3,antithetic,2048,1887721051
DEVELOPMENT,26,8d9f57771b025ad2b6da9e578278aa6a,limit_hopping_zero_chain6,chain6_hole_2,antithetic,2048,3708047663
DEVELOPMENT,26,db87e6c265d45773bb6297db5af0c11f,limit_hopping_zero_chain6,chain6_hole_4,antithetic,2048,1661528953
DEVELOPMENT,26,fb5214d8d1bf5caa839f81a965024f62,limit_spin_density_zero_rect2x3,rect2x3_hole_2,antithetic,2048,903050255
DEVELOPMENT,26,89bd5e9b58115b60bdad35f43f6437be,limit_spin_density_zero_rect2x3,rect2x3_hole_3,antithetic,2048,2354690989
DEVELOPMENT,27,8d9f57771b025ad2b6da9e578278aa6a,limit_hopping_zero_chain6,chain6_hole_2,antithetic,2048,3631555936
DEVELOPMENT,27,db87e6c265d45773bb6297db5af0c11f,limit_hopping_zero_chain6,chain6_hole_4,antithetic,2048,1972307686
DEVELOPMENT,27,fb5214d8d1bf5caa839f81a965024f62,limit_spin_density_zero_rect2x3,rect2x3_hole_2,antithetic,2048,2109048943
DEVELOPMENT,27,89bd5e9b58115b60bdad35f43f6437be,limit_spin_density_zero_rect2x3,rect2x3_hole_3,antithetic,2048,1175521203
DEVELOPMENT,28,8d9f57771b025ad2b6da9e578278aa6a,limit_hopping_zero_chain6,chain6_hole_2,antithetic,2048,1104601180
DEVELOPMENT,28,db87e6c265d45773bb6297db5af0c11f,limit_hopping_zero_chain6,chain6_hole_4,antithetic,2048,2170244169
DEVELOPMENT,28,fb5214d8d1bf5caa839f81a965024f62,limit_spin_density_zero_rect2x3,rect2x3_hole_2,antithetic,2048,1246087667
DEVELOPMENT,28,89bd5e9b58115b60bdad35f43f6437be,limit_spin_density_zero_rect2x3,rect2x3_hole_3,antithetic,2048,412120846
DEVELOPMENT,29,8d9f57771b025ad2b6da9e578278aa6a,limit_hopping_zero_chain6,chain6_hole_2,antithetic,2048,3607833386
DEVELOPMENT,29,db87e6c265d45773bb6297db5af0c11f,limit_hopping_zero_chain6,chain6_hole_4,antithetic,2048,228047886
DEVELOPMENT,29,fb5214d8d1bf5caa839f81a965024f62,limit_spin_density_zero_rect2x3,rect2x3_hole_2,antithetic,2048,1814712265
DEVELOPMENT,29,89bd5e9b58115b60bdad35f43f6437be,limit_spin_density_zero_rect2x3,rect2x3_hole_3,antithetic,2048,1048790920
DEVELOPMENT,30,8d9f57771b025ad2b6da9e578278aa6a,limit_hopping_zero_chain6,chain6_hole_2,antithetic,2048,3866685650
DEVELOPMENT,30,db87e6c265d45773bb6297db5af0c11f,limit_hopping_zero_chain6,chain6_hole_4,antithetic,2048,1306986563
DEVELOPMENT,30,fb5214d8d1bf5caa839f81a965024f62,limit_spin_density_zero_rect2x3,rect2x3_hole_2,antithetic,2048,559901169
DEVELOPMENT,30,89bd5e9b58115b60bdad35f43f6437be,limit_spin_density_zero_rect2x3,rect2x3_hole_3,antithetic,2048,589686534
DEVELOPMENT,31,8d9f57771b025ad2b6da9e578278aa6a,limit_hopping_zero_chain6,chain6_hole_2,antithetic,2048,419173866
DEVELOPMENT,31,db87e6c265d45773bb6297db5af0c11f,limit_hopping_zero_chain6,chain6_hole_4,antithetic,2048,2646458448
DEVELOPMENT,31,fb5214d8d1bf5caa839f81a965024f62,limit_spin_density_zero_rect2x3,rect2x3_hole_2,antithetic,2048,4179725426
DEVELOPMENT,31,89bd5e9b58115b60bdad35f43f6437be,limit_spin_density_zero_rect2x3,rect2x3_hole_3,antithetic,2048,260969454
DEVELOPMENT,32,8d9f57771b025ad2b6da9e578278aa6a,limit_hopping_zero_chain6,chain6_hole_2,antithetic,2048,623455906
DEVELOPMENT,32,db87e6c265d45773bb6297db5af0c11f,limit_hopping_zero_chain6,chain6_hole_4,antithetic,2048,4197714655
DEVELOPMENT,32,fb5214d8d1bf5caa839f81a965024f62,limit_spin_density_zero_rect2x3,rect2x3_hole_2,antithetic,2048,3700242554
DEVELOPMENT,32,89bd5e9b58115b60bdad35f43f6437be,limit_spin_density_zero_rect2x3,rect2x3_hole_3,antithetic,2048,3915117387
DEVELOPMENT,33,8d9f57771b025ad2b6da9e578278aa6a,limit_hopping_zero_chain6,chain6_hole_2,antithetic,2048,2444884873
DEVELOPMENT,33,db87e6c265d45773bb6297db5af0c11f,limit_hopping_zero_chain6,chain6_hole_4,antithetic,2048,2884844709
DEVELOPMENT,33,fb5214d8d1bf5caa839f81a965024f62,limit_spin_density_zero_rect2x3,rect2x3_hole_2,antithetic,2048,706869554
DEVELOPMENT,33,89bd5e9b58115b60bdad35f43f6437be,limit_spin_density_zero_rect2x3,rect2x3_hole_3,antithetic,2048,1259889747
DEVELOPMENT,34,8d9f57771b025ad2b6da9e578278aa6a,limit_hopping_zero_chain6,chain6_hole_2,antithetic,2048,520399818
DEVELOPMENT,34,db87e6c265d45773bb6297db5af0c11f,limit_hopping_zero_chain6,chain6_hole_4,antithetic,2048,1874080244
DEVELOPMENT,34,fb5214d8d1bf5caa839f81a965024f62,limit_spin_density_zero_rect2x3,rect2x3_hole_2,antithetic,2048,3456580080
DEVELOPMENT,34,89bd5e9b58115b60bdad35f43f6437be,limit_spin_density_zero_rect2x3,rect2x3_hole_3,antithetic,2048,1762788637
DEVELOPMENT,35,8d9f57771b025ad2b6da9e578278aa6a,limit_hopping_zero_chain6,chain6_hole_2,antithetic,2048,762852762
DEVELOPMENT,35,db87e6c265d45773bb6297db5af0c11f,limit_hopping_zero_chain6,chain6_hole_4,antithetic,2048,429121618
DEVELOPMENT,35,fb5214d8d1bf5caa839f81a965024f62,limit_spin_density_zero_rect2x3,rect2x3_hole_2,antithetic,2048,2911191874
DEVELOPMENT,35,89bd5e9b58115b60bdad35f43f6437be,limit_spin_density_zero_rect2x3,rect2x3_hole_3,antithetic,2048,910428497
DEVELOPMENT,36,8d9f57771b025ad2b6da9e578278aa6a,limit_hopping_zero_chain6,chain6_hole_2,antithetic,2048,730046413
DEVELOPMENT,36,db87e6c265d45773bb6297db5af0c11f,limit_hopping_zero_chain6,chain6_hole_4,antithetic,2048,669456130
DEVELOPMENT,36,fb5214d8d1bf5caa839f81a965024f62,limit_spin_density_zero_rect2x3,rect2x3_hole_2,antithetic,2048,4284198263
DEVELOPMENT,36,89bd5e9b58115b60bdad35f43f6437be,limit_spin_density_zero_rect2x3,rect2x3_hole_3,antithetic,2048,431908349
DEVELOPMENT,37,8d9f57771b025ad2b6da9e578278aa6a,limit_hopping_zero_chain6,chain6_hole_2,antithetic,2048,2172450481
DEVELOPMENT,37,db87e6c265d45773bb6297db5af0c11f,limit_hopping_zero_chain6,chain6_hole_4,antithetic,2048,1046240391
DEVELOPMENT,37,fb5214d8d1bf5caa839f81a965024f62,limit_spin_density_zero_rect2x3,rect2x3_hole_2,antithetic,2048,2043689125
DEVELOPMENT,37,89bd5e9b58115b60bdad35f43f6437be,limit_spin_density_zero_rect2x3,rect2x3_hole_3,antithetic,2048,3850210589
DEVELOPMENT,38,8d9f57771b025ad2b6da9e578278aa6a,limit_hopping_zero_chain6,chain6_hole_2,antithetic,2048,2340974206
DEVELOPMENT,38,db87e6c265d45773bb6297db5af0c11f,limit_hopping_zero_chain6,chain6_hole_4,antithetic,2048,2480904301
DEVELOPMENT,38,fb5214d8d1bf5caa839f81a965024f62,limit_spin_density_zero_rect2x3,rect2x3_hole_2,antithetic,2048,358913645
DEVELOPMENT,38,89bd5e9b58115b60bdad35f43f6437be,limit_spin_density_zero_rect2x3,rect2x3_hole_3,antithetic,2048,2893214205
DEVELOPMENT,39,8d9f57771b025ad2b6da9e578278aa6a,limit_hopping_zero_chain6,chain6_hole_2,antithetic,2048,672177597
DEVELOPMENT,39,db87e6c265d45773bb6297db5af0c11f,limit_hopping_zero_chain6,chain6_hole_4,antithetic,2048,38549198
DEVELOPMENT,39,fb5214d8d1bf5caa839f81a965024f62,limit_spin_density_zero_rect2x3,rect2x3_hole_2,antithetic,2048,3678145636
DEVELOPMENT,39,89bd5e9b58115b60bdad35f43f6437be,limit_spin_density_zero_rect2x3,rect2x3_hole_3,antithetic,2048,2018914943
DEVELOPMENT,40,8d9f57771b025ad2b6da9e578278aa6a,limit_hopping_zero_chain6,chain6_hole_2,antithetic,2048,296310567
DEVELOPMENT,40,db87e6c265d45773bb6297db5af0c11f,limit_hopping_zero_chain6,chain6_hole_4,antithetic,2048,2801762860
DEVELOPMENT,40,fb5214d8d1bf5caa839f81a965024f62,limit_spin_density_zero_rect2x3,rect2x3_hole_2,antithetic,2048,2338482240
DEVELOPMENT,40,89bd5e9b58115b60bdad35f43f6437be,limit_spin_density_zero_rect2x3,rect2x3_hole_3,antithetic,2048,2165668179
DEVELOPMENT,41,8d9f57771b025ad2b6da9e578278aa6a,limit_hopping_zero_chain6,chain6_hole_2,antithetic,2048,3785616824
DEVELOPMENT,41,db87e6c265d45773bb6297db5af0c11f,limit_hopping_zero_chain6,chain6_hole_4,antithetic,2048,3641444625
DEVELOPMENT,41,fb5214d8d1bf5caa839f81a965024f62,limit_spin_density_zero_rect2x3,rect2x3_hole_2,antithetic,2048,2653036682
DEVELOPMENT,41,89bd5e9b58115b60bdad35f43f6437be,limit_spin_density_zero_rect2x3,rect2x3_hole_3,antithetic,2048,2203972617
DEVELOPMENT,42,8d9f57771b025ad2b6da9e578278aa6a,limit_hopping_zero_chain6,chain6_hole_2,antithetic,2048,1214089422
DEVELOPMENT,42,db87e6c265d45773bb6297db5af0c11f,limit_hopping_zero_chain6,chain6_hole_4,antithetic,2048,1311766184
DEVELOPMENT,42,fb5214d8d1bf5caa839f81a965024f62,limit_spin_density_zero_rect2x3,rect2x3_hole_2,antithetic,2048,1738713156
DEVELOPMENT,42,89bd5e9b58115b60bdad35f43f6437be,limit_spin_density_zero_rect2x3,rect2x3_hole_3,antithetic,2048,1756599722
DEVELOPMENT,43,8d9f57771b025ad2b6da9e578278aa6a,limit_hopping_zero_chain6,chain6_hole_2,antithetic,2048,2556461472
DEVELOPMENT,43,db87e6c265d45773bb6297db5af0c11f,limit_hopping_zero_chain6,chain6_hole_4,antithetic,2048,588812112
DEVELOPMENT,43,fb5214d8d1bf5caa839f81a965024f62,limit_spin_density_zero_rect2x3,rect2x3_hole_2,antithetic,2048,3190461783
DEVELOPMENT,43,89bd5e9b58115b60bdad35f43f6437be,limit_spin_density_zero_rect2x3,rect2x3_hole_3,antithetic,2048,1538719484
DEVELOPMENT,44,8d9f57771b025ad2b6da9e578278aa6a,limit_hopping_zero_chain6,chain6_hole_2,antithetic,2048,321922592
DEVELOPMENT,44,db87e6c265d45773bb6297db5af0c11f,limit_hopping_zero_chain6,chain6_hole_4,antithetic,2048,3335498746
DEVELOPMENT,44,fb5214d8d1bf5caa839f81a965024f62,limit_spin_density_zero_rect2x3,rect2x3_hole_2,antithetic,2048,1642084048
DEVELOPMENT,44,89bd5e9b58115b60bdad35f43f6437be,limit_spin_density_zero_rect2x3,rect2x3_hole_3,antithetic,2048,2087834994
DEVELOPMENT,45,8d9f57771b025ad2b6da9e578278aa6a,limit_hopping_zero_chain6,chain6_hole_2,antithetic,2048,442526585
DEVELOPMENT,45,db87e6c265d45773bb6297db5af0c11f,limit_hopping_zero_chain6,chain6_hole_4,antithetic,2048,2689994068
DEVELOPMENT,45,fb5214d8d1bf5caa839f81a965024f62,limit_spin_density_zero_rect2x3,rect2x3_hole_2,antithetic,2048,2130831208
DEVELOPMENT,45,89bd5e9b58115b60bdad35f43f6437be,limit_spin_density_zero_rect2x3,rect2x3_hole_3,antithetic,2048,1561610357
DEVELOPMENT,46,8d9f57771b025ad2b6da9e578278aa6a,limit_hopping_zero_chain6,chain6_hole_2,antithetic,2048,3506823077
DEVELOPMENT,46,db87e6c265d45773bb6297db5af0c11f,limit_hopping_zero_chain6,chain6_hole_4,antithetic,2048,3375742380
DEVELOPMENT,46,fb5214d8d1bf5caa839f81a965024f62,limit_spin_density_zero_rect2x3,rect2x3_hole_2,antithetic,2048,651007702
DEVELOPMENT,46,89bd5e9b58115b60bdad35f43f6437be,limit_spin_density_zero_rect2x3,rect2x3_hole_3,antithetic,2048,257877822
DEVELOPMENT,47,8d9f57771b025ad2b6da9e578278aa6a,limit_hopping_zero_chain6,chain6_hole_2,antithetic,2048,3144015273
DEVELOPMENT,47,db87e6c265d45773bb6297db5af0c11f,limit_hopping_zero_chain6,chain6_hole_4,antithetic,2048,3896505611
DEVELOPMENT,47,fb5214d8d1bf5caa839f81a965024f62,limit_spin_density_zero_rect2x3,rect2x3_hole_2,antithetic,2048,2819749168
DEVELOPMENT,47,89bd5e9b58115b60bdad35f43f6437be,limit_spin_density_zero_rect2x3,rect2x3_hole_3,antithetic,2048,1939742685
DEVELOPMENT,48,8d9f57771b025ad2b6da9e578278aa6a,limit_hopping_zero_chain6,chain6_hole_2,antithetic,2048,2759161813
DEVELOPMENT,48,db87e6c265d45773bb6297db5af0c11f,limit_hopping_zero_chain6,chain6_hole_4,antithetic,2048,680563907
DEVELOPMENT,48,fb5214d8d1bf5caa839f81a965024f62,limit_spin_density_zero_rect2x3,rect2x3_hole_2,antithetic,2048,1001157463
DEVELOPMENT,48,89bd5e9b58115b60bdad35f43f6437be,limit_spin_density_zero_rect2x3,rect2x3_hole_3,antithetic,2048,1302898208
DEVELOPMENT,49,8d9f57771b025ad2b6da9e578278aa6a,limit_hopping_zero_chain6,chain6_hole_2,antithetic,2048,3016257261
DEVELOPMENT,49,db87e6c265d45773bb6297db5af0c11f,limit_hopping_zero_chain6,chain6_hole_4,antithetic,2048,286753077
DEVELOPMENT,49,fb5214d8d1bf5caa839f81a965024f62,limit_spin_density_zero_rect2x3,rect2x3_hole_2,antithetic,2048,1459474055
DEVELOPMENT,49,89bd5e9b58115b60bdad35f43f6437be,limit_spin_density_zero_rect2x3,rect2x3_hole_3,antithetic,2048,2141765548
DEVELOPMENT,50,8d9f57771b025ad2b6da9e578278aa6a,limit_hopping_zero_chain6,chain6_hole_2,antithetic,2048,3041856991
DEVELOPMENT,50,db87e6c265d45773bb6297db5af0c11f,limit_hopping_zero_chain6,chain6_hole_4,antithetic,2048,3758471142
DEVELOPMENT,50,fb5214d8d1bf5caa839f81a965024f62,limit_spin_density_zero_rect2x3,rect2x3_hole_2,antithetic,2048,2241411181
DEVELOPMENT,50,89bd5e9b58115b60bdad35f43f6437be,limit_spin_density_zero_rect2x3,rect2x3_hole_3,antithetic,2048,3791256901
DEVELOPMENT,51,8d9f57771b025ad2b6da9e578278aa6a,limit_hopping_zero_chain6,chain6_hole_2,antithetic,2048,1534743394
DEVELOPMENT,51,db87e6c265d45773bb6297db5af0c11f,limit_hopping_zero_chain6,chain6_hole_4,antithetic,2048,2647122364
DEVELOPMENT,51,fb5214d8d1bf5caa839f81a965024f62,limit_spin_density_zero_rect2x3,rect2x3_hole_2,antithetic,2048,717926961
DEVELOPMENT,51,89bd5e9b58115b60bdad35f43f6437be,limit_spin_density_zero_rect2x3,rect2x3_hole_3,antithetic,2048,3321117252
DEVELOPMENT,52,8d9f57771b025ad2b6da9e578278aa6a,limit_hopping_zero_chain6,chain6_hole_2,antithetic,2048,862742667
DEVELOPMENT,52,db87e6c265d45773bb6297db5af0c11f,limit_hopping_zero_chain6,chain6_hole_4,antithetic,2048,3618675724
DEVELOPMENT,52,fb5214d8d1bf5caa839f81a965024f62,limit_spin_density_zero_rect2x3,rect2x3_hole_2,antithetic,2048,2990436609
DEVELOPMENT,52,89bd5e9b58115b60bdad35f43f6437be,limit_spin_density_zero_rect2x3,rect2x3_hole_3,antithetic,2048,1379344746
DEVELOPMENT,53,8d9f57771b025ad2b6da9e578278aa6a,limit_hopping_zero_chain6,chain6_hole_2,antithetic,2048,2199125586
DEVELOPMENT,53,db87e6c265d45773bb6297db5af0c11f,limit_hopping_zero_chain6,chain6_hole_4,antithetic,2048,880324074
DEVELOPMENT,53,fb5214d8d1bf5caa839f81a965024f62,limit_spin_density_zero_rect2x3,rect2x3_hole_2,antithetic,2048,2679150331
DEVELOPMENT,53,89bd5e9b58115b60bdad35f43f6437be,limit_spin_density_zero_rect2x3,rect2x3_hole_3,antithetic,2048,1294025291
DEVELOPMENT,54,8d9f57771b025ad2b6da9e578278aa6a,limit_hopping_zero_chain6,chain6_hole_2,antithetic,2048,3555416503
DEVELOPMENT,54,db87e6c265d45773bb6297db5af0c11f,limit_hopping_zero_chain6,chain6_hole_4,antithetic,2048,2509463009
DEVELOPMENT,54,fb5214d8d1bf5caa839f81a965024f62,limit_spin_density_zero_rect2x3,rect2x3_hole_2,antithetic,2048,2878924583
DEVELOPMENT,54,89bd5e9b58115b60bdad35f43f6437be,limit_spin_density_zero_rect2x3,rect2x3_hole_3,antithetic,2048,331888852
DEVELOPMENT,55,8d9f57771b025ad2b6da9e578278aa6a,limit_hopping_zero_chain6,chain6_hole_2,antithetic,2048,2181579908
DEVELOPMENT,55,db87e6c265d45773bb6297db5af0c11f,limit_hopping_zero_chain6,chain6_hole_4,antithetic,2048,379331870
DEVELOPMENT,55,fb5214d8d1bf5caa839f81a965024f62,limit_spin_density_zero_rect2x3,rect2x3_hole_2,antithetic,2048,2896978529
DEVELOPMENT,55,89bd5e9b58115b60bdad35f43f6437be,limit_spin_density_zero_rect2x3,rect2x3_hole_3,antithetic,2048,395550343
DEVELOPMENT,56,8d9f57771b025ad2b6da9e578278aa6a,limit_hopping_zero_chain6,chain6_hole_2,antithetic,2048,3878211980
DEVELOPMENT,56,db87e6c265d45773bb6297db5af0c11f,limit_hopping_zero_chain6,chain6_hole_4,antithetic,2048,2073124138
DEVELOPMENT,56,fb5214d8d1bf5caa839f81a965024f62,limit_spin_density_zero_rect2x3,rect2x3_hole_2,antithetic,2048,2743499015
DEVELOPMENT,56,89bd5e9b58115b60bdad35f43f6437be,limit_spin_density_zero_rect2x3,rect2x3_hole_3,antithetic,2048,4034665654
DEVELOPMENT,57,8d9f57771b025ad2b6da9e578278aa6a,limit_hopping_zero_chain6,chain6_hole_2,antithetic,2048,1494767459
DEVELOPMENT,57,db87e6c265d45773bb6297db5af0c11f,limit_hopping_zero_chain6,chain6_hole_4,antithetic,2048,863797280
DEVELOPMENT,57,fb5214d8d1bf5caa839f81a965024f62,limit_spin_density_zero_rect2x3,rect2x3_hole_2,antithetic,2048,2558901536
DEVELOPMENT,57,89bd5e9b58115b60bdad35f43f6437be,limit_spin_density_zero_rect2x3,rect2x3_hole_3,antithetic,2048,940516065
DEVELOPMENT,58,8d9f57771b025ad2b6da9e578278aa6a,limit_hopping_zero_chain6,chain6_hole_2,antithetic,2048,3106485405
DEVELOPMENT,58,db87e6c265d45773bb6297db5af0c11f,limit_hopping_zero_chain6,chain6_hole_4,antithetic,2048,3920252271
DEVELOPMENT,58,fb5214d8d1bf5caa839f81a965024f62,limit_spin_density_zero_rect2x3,rect2x3_hole_2,antithetic,2048,2930980857
DEVELOPMENT,58,89bd5e9b58115b60bdad35f43f6437be,limit_spin_density_zero_rect2x3,rect2x3_hole_3,antithetic,2048,1881276204
DEVELOPMENT,59,8d9f57771b025ad2b6da9e578278aa6a,limit_hopping_zero_chain6,chain6_hole_2,antithetic,2048,535752395
DEVELOPMENT,59,db87e6c265d45773bb6297db5af0c11f,limit_hopping_zero_chain6,chain6_hole_4,antithetic,2048,288422471
DEVELOPMENT,59,fb5214d8d1bf5caa839f81a965024f62,limit_spin_density_zero_rect2x3,rect2x3_hole_2,antithetic,2048,2167053763
DEVELOPMENT,59,89bd5e9b58115b60bdad35f43f6437be,limit_spin_density_zero_rect2x3,rect2x3_hole_3,antithetic,2048,1891940089
DEVELOPMENT,60,8d9f57771b025ad2b6da9e578278aa6a,limit_hopping_zero_chain6,chain6_hole_2,antithetic,2048,294773745
DEVELOPMENT,60,db87e6c265d45773bb6297db5af0c11f,limit_hopping_zero_chain6,chain6_hole_4,antithetic,2048,3233982629
DEVELOPMENT,60,fb5214d8d1bf5caa839f81a965024f62,limit_spin_density_zero_rect2x3,rect2x3_hole_2,antithetic,2048,2772088441
DEVELOPMENT,60,89bd5e9b58115b60bdad35f43f6437be,limit_spin_density_zero_rect2x3,rect2x3_hole_3,antithetic,2048,3235290237
DEVELOPMENT,61,8d9f57771b025ad2b6da9e578278aa6a,limit_hopping_zero_chain6,chain6_hole_2,antithetic,2048,1078560102
DEVELOPMENT,61,db87e6c265d45773bb6297db5af0c11f,limit_hopping_zero_chain6,chain6_hole_4,antithetic,2048,3507477072
DEVELOPMENT,61,fb5214d8d1bf5caa839f81a965024f62,limit_spin_density_zero_rect2x3,rect2x3_hole_2,antithetic,2048,627794791
DEVELOPMENT,61,89bd5e9b58115b60bdad35f43f6437be,limit_spin_density_zero_rect2x3,rect2x3_hole_3,antithetic,2048,303788795
DEVELOPMENT,62,8d9f57771b025ad2b6da9e578278aa6a,limit_hopping_zero_chain6,chain6_hole_2,antithetic,2048,1609990405
DEVELOPMENT,62,db87e6c265d45773bb6297db5af0c11f,limit_hopping_zero_chain6,chain6_hole_4,antithetic,2048,2653222827
DEVELOPMENT,62,fb5214d8d1bf5caa839f81a965024f62,limit_spin_density_zero_rect2x3,rect2x3_hole_2,antithetic,2048,1133122369
DEVELOPMENT,62,89bd5e9b58115b60bdad35f43f6437be,limit_spin_density_zero_rect2x3,rect2x3_hole_3,antithetic,2048,235745530
DEVELOPMENT,63,8d9f57771b025ad2b6da9e578278aa6a,limit_hopping_zero_chain6,chain6_hole_2,antithetic,2048,1956150670
DEVELOPMENT,63,db87e6c265d45773bb6297db5af0c11f,limit_hopping_zero_chain6,chain6_hole_4,antithetic,2048,1261392783
DEVELOPMENT,63,fb5214d8d1bf5caa839f81a965024f62,limit_spin_density_zero_rect2x3,rect2x3_hole_2,antithetic,2048,2224429023
DEVELOPMENT,63,89bd5e9b58115b60bdad35f43f6437be,limit_spin_density_zero_rect2x3,rect2x3_hole_3,antithetic,2048,719396948
DEVELOPMENT,64,8d9f57771b025ad2b6da9e578278aa6a,limit_hopping_zero_chain6,chain6_hole_2,antithetic,2048,3764064052
DEVELOPMENT,64,db87e6c265d45773bb6297db5af0c11f,limit_hopping_zero_chain6,chain6_hole_4,antithetic,2048,2587566805
DEVELOPMENT,64,fb5214d8d1bf5caa839f81a965024f62,limit_spin_density_zero_rect2x3,rect2x3_hole_2,antithetic,2048,2667361529
DEVELOPMENT,64,89bd5e9b58115b60bdad35f43f6437be,limit_spin_density_zero_rect2x3,rect2x3_hole_3,antithetic,2048,517230372
DEVELOPMENT,65,8d9f57771b025ad2b6da9e578278aa6a,limit_hopping_zero_chain6,chain6_hole_2,antithetic,2048,3002705235
DEVELOPMENT,65,db87e6c265d45773bb6297db5af0c11f,limit_hopping_zero_chain6,chain6_hole_4,antithetic,2048,1427567804
DEVELOPMENT,65,fb5214d8d1bf5caa839f81a965024f62,limit_spin_density_zero_rect2x3,rect2x3_hole_2,antithetic,2048,2385806564
DEVELOPMENT,65,89bd5e9b58115b60bdad35f43f6437be,limit_spin_density_zero_rect2x3,rect2x3_hole_3,antithetic,2048,1622102806
DEVELOPMENT,66,8d9f57771b025ad2b6da9e578278aa6a,limit_hopping_zero_chain6,chain6_hole_2,antithetic,2048,202906918
DEVELOPMENT,66,db87e6c265d45773bb6297db5af0c11f,limit_hopping_zero_chain6,chain6_hole_4,antithetic,2048,3388859344
DEVELOPMENT,66,fb5214d8d1bf5caa839f81a965024f62,limit_spin_density_zero_rect2x3,rect2x3_hole_2,antithetic,2048,3480622530
DEVELOPMENT,66,89bd5e9b58115b60bdad35f43f6437be,limit_spin_density_zero_rect2x3,rect2x3_hole_3,antithetic,2048,2241328883
DEVELOPMENT,67,8d9f57771b025ad2b6da9e578278aa6a,limit_hopping_zero_chain6,chain6_hole_2,antithetic,2048,1218814238
DEVELOPMENT,67,db87e6c265d45773bb6297db5af0c11f,limit_hopping_zero_chain6,chain6_hole_4,antithetic,2048,330042147
DEVELOPMENT,67,fb5214d8d1bf5caa839f81a965024f62,limit_spin_density_zero_rect2x3,rect2x3_hole_2,antithetic,2048,2602429101
DEVELOPMENT,67,89bd5e9b58115b60bdad35f43f6437be,limit_spin_density_zero_rect2x3,rect2x3_hole_3,antithetic,2048,1637767804
DEVELOPMENT,68,8d9f57771b025ad2b6da9e578278aa6a,limit_hopping_zero_chain6,chain6_hole_2,antithetic,2048,2673263980
DEVELOPMENT,68,db87e6c265d45773bb6297db5af0c11f,limit_hopping_zero_chain6,chain6_hole_4,antithetic,2048,826449769
DEVELOPMENT,68,fb5214d8d1bf5caa839f81a965024f62,limit_spin_density_zero_rect2x3,rect2x3_hole_2,antithetic,2048,208494129
DEVELOPMENT,68,89bd5e9b58115b60bdad35f43f6437be,limit_spin_density_zero_rect2x3,rect2x3_hole_3,antithetic,2048,1732141430
DEVELOPMENT,69,8d9f57771b025ad2b6da9e578278aa6a,limit_hopping_zero_chain6,chain6_hole_2,antithetic,2048,2770304213
DEVELOPMENT,69,db87e6c265d45773bb6297db5af0c11f,limit_hopping_zero_chain6,chain6_hole_4,antithetic,2048,254458299
DEVELOPMENT,69,fb5214d8d1bf5caa839f81a965024f62,limit_spin_density_zero_rect2x3,rect2x3_hole_2,antithetic,2048,3367656712
DEVELOPMENT,69,89bd5e9b58115b60bdad35f43f6437be,limit_spin_density_zero_rect2x3,rect2x3_hole_3,antithetic,2048,4243463567
DEVELOPMENT,70,8d9f57771b025ad2b6da9e578278aa6a,limit_hopping_zero_chain6,chain6_hole_2,antithetic,2048,1993334476
DEVELOPMENT,70,db87e6c265d45773bb6297db5af0c11f,limit_hopping_zero_chain6,chain6_hole_4,antithetic,2048,3399174890
DEVELOPMENT,70,fb5214d8d1bf5caa839f81a965024f62,limit_spin_density_zero_rect2x3,rect2x3_hole_2,antithetic,2048,1364940141
DEVELOPMENT,70,89bd5e9b58115b60bdad35f43f6437be,limit_spin_density_zero_rect2x3,rect2x3_hole_3,antithetic,2048,4128046426
DEVELOPMENT,71,8d9f57771b025ad2b6da9e578278aa6a,limit_hopping_zero_chain6,chain6_hole_2,antithetic,2048,885058930
DEVELOPMENT,71,db87e6c265d45773bb6297db5af0c11f,limit_hopping_zero_chain6,chain6_hole_4,antithetic,2048,1540263560
DEVELOPMENT,71,fb5214d8d1bf5caa839f81a965024f62,limit_spin_density_zero_rect2x3,rect2x3_hole_2,antithetic,2048,756639080
DEVELOPMENT,71,89bd5e9b58115b60bdad35f43f6437be,limit_spin_density_zero_rect2x3,rect2x3_hole_3,antithetic,2048,2133559956
DEVELOPMENT,72,8d9f57771b025ad2b6da9e578278aa6a,limit_hopping_zero_chain6,chain6_hole_2,antithetic,2048,1161314065
DEVELOPMENT,72,db87e6c265d45773bb6297db5af0c11f,limit_hopping_zero_chain6,chain6_hole_4,antithetic,2048,3617559162
DEVELOPMENT,72,fb5214d8d1bf5caa839f81a965024f62,limit_spin_density_zero_rect2x3,rect2x3_hole_2,antithetic,2048,2885235822
DEVELOPMENT,72,89bd5e9b58115b60bdad35f43f6437be,limit_spin_density_zero_rect2x3,rect2x3_hole_3,antithetic,2048,1312774005
DEVELOPMENT,73,8d9f57771b025ad2b6da9e578278aa6a,limit_hopping_zero_chain6,chain6_hole_2,antithetic,2048,1022087710
DEVELOPMENT,73,db87e6c265d45773bb6297db5af0c11f,limit_hopping_zero_chain6,chain6_hole_4,antithetic,2048,1698306139
DEVELOPMENT,73,fb5214d8d1bf5caa839f81a965024f62,limit_spin_density_zero_rect2x3,rect2x3_hole_2,antithetic,2048,1267664356
DEVELOPMENT,73,89bd5e9b58115b60bdad35f43f6437be,limit_spin_density_zero_rect2x3,rect2x3_hole_3,antithetic,2048,1995355506
DEVELOPMENT,74,8d9f57771b025ad2b6da9e578278aa6a,limit_hopping_zero_chain6,chain6_hole_2,antithetic,2048,2488115836
DEVELOPMENT,74,db87e6c265d45773bb6297db5af0c11f,limit_hopping_zero_chain6,chain6_hole_4,antithetic,2048,250782810
DEVELOPMENT,74,fb5214d8d1bf5caa839f81a965024f62,limit_spin_density_zero_rect2x3,rect2x3_hole_2,antithetic,2048,233907815
DEVELOPMENT,74,89bd5e9b58115b60bdad35f43f6437be,limit_spin_density_zero_rect2x3,rect2x3_hole_3,antithetic,2048,2117784242
DEVELOPMENT,75,8d9f57771b025ad2b6da9e578278aa6a,limit_hopping_zero_chain6,chain6_hole_2,antithetic,2048,1435640578
DEVELOPMENT,75,db87e6c265d45773bb6297db5af0c11f,limit_hopping_zero_chain6,chain6_hole_4,antithetic,2048,2854680683
DEVELOPMENT,75,fb5214d8d1bf5caa839f81a965024f62,limit_spin_density_zero_rect2x3,rect2x3_hole_2,antithetic,2048,585512998
DEVELOPMENT,75,89bd5e9b58115b60bdad35f43f6437be,limit_spin_density_zero_rect2x3,rect2x3_hole_3,antithetic,2048,510672019
DEVELOPMENT,76,8d9f57771b025ad2b6da9e578278aa6a,limit_hopping_zero_chain6,chain6_hole_2,antithetic,2048,488917446
DEVELOPMENT,76,db87e6c265d45773bb6297db5af0c11f,limit_hopping_zero_chain6,chain6_hole_4,antithetic,2048,2627294214
DEVELOPMENT,76,fb5214d8d1bf5caa839f81a965024f62,limit_spin_density_zero_rect2x3,rect2x3_hole_2,antithetic,2048,4142018972
DEVELOPMENT,76,89bd5e9b58115b60bdad35f43f6437be,limit_spin_density_zero_rect2x3,rect2x3_hole_3,antithetic,2048,3817104995
DEVELOPMENT,77,8d9f57771b025ad2b6da9e578278aa6a,limit_hopping_zero_chain6,chain6_hole_2,antithetic,2048,1562060533
DEVELOPMENT,77,db87e6c265d45773bb6297db5af0c11f,limit_hopping_zero_chain6,chain6_hole_4,antithetic,2048,1628038254
DEVELOPMENT,77,fb5214d8d1bf5caa839f81a965024f62,limit_spin_density_zero_rect2x3,rect2x3_hole_2,antithetic,2048,937069105
DEVELOPMENT,77,89bd5e9b58115b60bdad35f43f6437be,limit_spin_density_zero_rect2x3,rect2x3_hole_3,antithetic,2048,1214688892
DEVELOPMENT,78,8d9f57771b025ad2b6da9e578278aa6a,limit_hopping_zero_chain6,chain6_hole_2,antithetic,2048,1944989497
DEVELOPMENT,78,db87e6c265d45773bb6297db5af0c11f,limit_hopping_zero_chain6,chain6_hole_4,antithetic,2048,2356647243
DEVELOPMENT,78,fb5214d8d1bf5caa839f81a965024f62,limit_spin_density_zero_rect2x3,rect2x3_hole_2,antithetic,2048,2302191784
DEVELOPMENT,78,89bd5e9b58115b60bdad35f43f6437be,limit_spin_density_zero_rect2x3,rect2x3_hole_3,antithetic,2048,4118505060
DEVELOPMENT,79,8d9f57771b025ad2b6da9e578278aa6a,limit_hopping_zero_chain6,chain6_hole_2,antithetic,2048,3067519042
DEVELOPMENT,79,db87e6c265d45773bb6297db5af0c11f,limit_hopping_zero_chain6,chain6_hole_4,antithetic,2048,1159131411
DEVELOPMENT,79,fb5214d8d1bf5caa839f81a965024f62,limit_spin_density_zero_rect2x3,rect2x3_hole_2,antithetic,2048,1576988250
DEVELOPMENT,79,89bd5e9b58115b60bdad35f43f6437be,limit_spin_density_zero_rect2x3,rect2x3_hole_3,antithetic,2048,135834745
DEVELOPMENT,80,8d9f57771b025ad2b6da9e578278aa6a,limit_hopping_zero_chain6,chain6_hole_2,antithetic,2048,1264482075
DEVELOPMENT,80,db87e6c265d45773bb6297db5af0c11f,limit_hopping_zero_chain6,chain6_hole_4,antithetic,2048,3126081085
DEVELOPMENT,80,fb5214d8d1bf5caa839f81a965024f62,limit_spin_density_zero_rect2x3,rect2x3_hole_2,antithetic,2048,2787215951
DEVELOPMENT,80,89bd5e9b58115b60bdad35f43f6437be,limit_spin_density_zero_rect2x3,rect2x3_hole_3,antithetic,2048,2820982036
DEVELOPMENT,81,8d9f57771b025ad2b6da9e578278aa6a,limit_hopping_zero_chain6,chain6_hole_2,antithetic,2048,1602137960
DEVELOPMENT,81,db87e6c265d45773bb6297db5af0c11f,limit_hopping_zero_chain6,chain6_hole_4,antithetic,2048,3311534020
DEVELOPMENT,81,fb5214d8d1bf5caa839f81a965024f62,limit_spin_density_zero_rect2x3,rect2x3_hole_2,antithetic,2048,3317057380
DEVELOPMENT,81,89bd5e9b58115b60bdad35f43f6437be,limit_spin_density_zero_rect2x3,rect2x3_hole_3,antithetic,2048,778999382
DEVELOPMENT,82,8d9f57771b025ad2b6da9e578278aa6a,limit_hopping_zero_chain6,chain6_hole_2,antithetic,2048,2190801295
DEVELOPMENT,82,db87e6c265d45773bb6297db5af0c11f,limit_hopping_zero_chain6,chain6_hole_4,antithetic,2048,3514815752
DEVELOPMENT,82,fb5214d8d1bf5caa839f81a965024f62,limit_spin_density_zero_rect2x3,rect2x3_hole_2,antithetic,2048,1355535803
DEVELOPMENT,82,89bd5e9b58115b60bdad35f43f6437be,limit_spin_density_zero_rect2x3,rect2x3_hole_3,antithetic,2048,4201807035
DEVELOPMENT,83,8d9f57771b025ad2b6da9e578278aa6a,limit_hopping_zero_chain6,chain6_hole_2,antithetic,2048,3558084777
DEVELOPMENT,83,db87e6c265d45773bb6297db5af0c11f,limit_hopping_zero_chain6,chain6_hole_4,antithetic,2048,2410986917
DEVELOPMENT,83,fb5214d8d1bf5caa839f81a965024f62,limit_spin_density_zero_rect2x3,rect2x3_hole_2,antithetic,2048,1471305107
DEVELOPMENT,83,89bd5e9b58115b60bdad35f43f6437be,limit_spin_density_zero_rect2x3,rect2x3_hole_3,antithetic,2048,3220969237
DEVELOPMENT,84,8d9f57771b025ad2b6da9e578278aa6a,limit_hopping_zero_chain6,chain6_hole_2,antithetic,2048,1130895277
DEVELOPMENT,84,db87e6c265d45773bb6297db5af0c11f,limit_hopping_zero_chain6,chain6_hole_4,antithetic,2048,445937585
DEVELOPMENT,84,fb5214d8d1bf5caa839f81a965024f62,limit_spin_density_zero_rect2x3,rect2x3_hole_2,antithetic,2048,235300181
DEVELOPMENT,84,89bd5e9b58115b60bdad35f43f6437be,limit_spin_density_zero_rect2x3,rect2x3_hole_3,antithetic,2048,984491271
DEVELOPMENT,85,8d9f57771b025ad2b6da9e578278aa6a,limit_hopping_zero_chain6,chain6_hole_2,antithetic,2048,2448911175
DEVELOPMENT,85,db87e6c265d45773bb6297db5af0c11f,limit_hopping_zero_chain6,chain6_hole_4,antithetic,2048,2352991700
DEVELOPMENT,85,fb5214d8d1bf5caa839f81a965024f62,limit_spin_density_zero_rect2x3,rect2x3_hole_2,antithetic,2048,1499777042
DEVELOPMENT,85,89bd5e9b58115b60bdad35f43f6437be,limit_spin_density_zero_rect2x3,rect2x3_hole_3,antithetic,2048,1033538500
DEVELOPMENT,86,8d9f57771b025ad2b6da9e578278aa6a,limit_hopping_zero_chain6,chain6_hole_2,antithetic,2048,1761858289
DEVELOPMENT,86,db87e6c265d45773bb6297db5af0c11f,limit_hopping_zero_chain6,chain6_hole_4,antithetic,2048,4072790937
DEVELOPMENT,86,fb5214d8d1bf5caa839f81a965024f62,limit_spin_density_zero_rect2x3,rect2x3_hole_2,antithetic,2048,3347428554
DEVELOPMENT,86,89bd5e9b58115b60bdad35f43f6437be,limit_spin_density_zero_rect2x3,rect2x3_hole_3,antithetic,2048,2353892453
DEVELOPMENT,87,8d9f57771b025ad2b6da9e578278aa6a,limit_hopping_zero_chain6,chain6_hole_2,antithetic,2048,1857004196
DEVELOPMENT,87,db87e6c265d45773bb6297db5af0c11f,limit_hopping_zero_chain6,chain6_hole_4,antithetic,2048,37388678
DEVELOPMENT,87,fb5214d8d1bf5caa839f81a965024f62,limit_spin_density_zero_rect2x3,rect2x3_hole_2,antithetic,2048,1882833113
DEVELOPMENT,87,89bd5e9b58115b60bdad35f43f6437be,limit_spin_density_zero_rect2x3,rect2x3_hole_3,antithetic,2048,2529323125
DEVELOPMENT,88,8d9f57771b025ad2b6da9e578278aa6a,limit_hopping_zero_chain6,chain6_hole_2,antithetic,2048,1529463183
DEVELOPMENT,88,db87e6c265d45773bb6297db5af0c11f,limit_hopping_zero_chain6,chain6_hole_4,antithetic,2048,463887100
DEVELOPMENT,88,fb5214d8d1bf5caa839f81a965024f62,limit_spin_density_zero_rect2x3,rect2x3_hole_2,antithetic,2048,144745864
DEVELOPMENT,88,89bd5e9b58115b60bdad35f43f6437be,limit_spin_density_zero_rect2x3,rect2x3_hole_3,antithetic,2048,1330798016
DEVELOPMENT,89,8d9f57771b025ad2b6da9e578278aa6a,limit_hopping_zero_chain6,chain6_hole_2,antithetic,2048,3640403691
DEVELOPMENT,89,db87e6c265d45773bb6297db5af0c11f,limit_hopping_zero_chain6,chain6_hole_4,antithetic,2048,2548851798
DEVELOPMENT,89,fb5214d8d1bf5caa839f81a965024f62,limit_spin_density_zero_rect2x3,rect2x3_hole_2,antithetic,2048,2849668500
DEVELOPMENT,89,89bd5e9b58115b60bdad35f43f6437be,limit_spin_density_zero_rect2x3,rect2x3_hole_3,antithetic,2048,3288188895
DEVELOPMENT,90,8d9f57771b025ad2b6da9e578278aa6a,limit_hopping_zero_chain6,chain6_hole_2,antithetic,2048,2956810159
DEVELOPMENT,90,db87e6c265d45773bb6297db5af0c11f,limit_hopping_zero_chain6,chain6_hole_4,antithetic,2048,3618542629
DEVELOPMENT,90,fb5214d8d1bf5caa839f81a965024f62,limit_spin_density_zero_rect2x3,rect2x3_hole_2,antithetic,2048,4271767455
DEVELOPMENT,90,89bd5e9b58115b60bdad35f43f6437be,limit_spin_density_zero_rect2x3,rect2x3_hole_3,antithetic,2048,1456958757
DEVELOPMENT,91,8d9f57771b025ad2b6da9e578278aa6a,limit_hopping_zero_chain6,chain6_hole_2,antithetic,2048,2177264896
DEVELOPMENT,91,db87e6c265d45773bb6297db5af0c11f,limit_hopping_zero_chain6,chain6_hole_4,antithetic,2048,3845102777
DEVELOPMENT,91,fb5214d8d1bf5caa839f81a965024f62,limit_spin_density_zero_rect2x3,rect2x3_hole_2,antithetic,2048,3732297715
DEVELOPMENT,91,89bd5e9b58115b60bdad35f43f6437be,limit_spin_density_zero_rect2x3,rect2x3_hole_3,antithetic,2048,3025373431
DEVELOPMENT,92,8d9f57771b025ad2b6da9e578278aa6a,limit_hopping_zero_chain6,chain6_hole_2,antithetic,2048,2488099088
DEVELOPMENT,92,db87e6c265d45773bb6297db5af0c11f,limit_hopping_zero_chain6,chain6_hole_4,antithetic,2048,3072160361
DEVELOPMENT,92,fb5214d8d1bf5caa839f81a965024f62,limit_spin_density_zero_rect2x3,rect2x3_hole_2,antithetic,2048,919392242
DEVELOPMENT,92,89bd5e9b58115b60bdad35f43f6437be,limit_spin_density_zero_rect2x3,rect2x3_hole_3,antithetic,2048,2913380236
DEVELOPMENT,93,8d9f57771b025ad2b6da9e578278aa6a,limit_hopping_zero_chain6,chain6_hole_2,antithetic,2048,244550014
DEVELOPMENT,93,db87e6c265d45773bb6297db5af0c11f,limit_hopping_zero_chain6,chain6_hole_4,antithetic,2048,1135366736
DEVELOPMENT,93,fb5214d8d1bf5caa839f81a965024f62,limit_spin_density_zero_rect2x3,rect2x3_hole_2,antithetic,2048,440152403
DEVELOPMENT,93,89bd5e9b58115b60bdad35f43f6437be,limit_spin_density_zero_rect2x3,rect2x3_hole_3,antithetic,2048,1476077689
DEVELOPMENT,94,8d9f57771b025ad2b6da9e578278aa6a,limit_hopping_zero_chain6,chain6_hole_2,antithetic,2048,637307978
DEVELOPMENT,94,db87e6c265d45773bb6297db5af0c11f,limit_hopping_zero_chain6,chain6_hole_4,antithetic,2048,1635441148
DEVELOPMENT,94,fb5214d8d1bf5caa839f81a965024f62,limit_spin_density_zero_rect2x3,rect2x3_hole_2,antithetic,2048,3291706963
DEVELOPMENT,94,89bd5e9b58115b60bdad35f43f6437be,limit_spin_density_zero_rect2x3,rect2x3_hole_3,antithetic,2048,2249032355
DEVELOPMENT,95,8d9f57771b025ad2b6da9e578278aa6a,limit_hopping_zero_chain6,chain6_hole_2,antithetic,2048,1942682959
DEVELOPMENT,95,db87e6c265d45773bb6297db5af0c11f,limit_hopping_zero_chain6,chain6_hole_4,antithetic,2048,795352679
DEVELOPMENT,95,fb5214d8d1bf5caa839f81a965024f62,limit_spin_density_zero_rect2x3,rect2x3_hole_2,antithetic,2048,931108961
DEVELOPMENT,95,89bd5e9b58115b60bdad35f43f6437be,limit_spin_density_zero_rect2x3,rect2x3_hole_3,antithetic,2048,443389512
DEVELOPMENT,96,8d9f57771b025ad2b6da9e578278aa6a,limit_hopping_zero_chain6,chain6_hole_2,antithetic,2048,1005873350
DEVELOPMENT,96,db87e6c265d45773bb6297db5af0c11f,limit_hopping_zero_chain6,chain6_hole_4,antithetic,2048,3414558654
DEVELOPMENT,96,fb5214d8d1bf5caa839f81a965024f62,limit_spin_density_zero_rect2x3,rect2x3_hole_2,antithetic,2048,2748958165
DEVELOPMENT,96,89bd5e9b58115b60bdad35f43f6437be,limit_spin_density_zero_rect2x3,rect2x3_hole_3,antithetic,2048,220789553
DEVELOPMENT,97,8d9f57771b025ad2b6da9e578278aa6a,limit_hopping_zero_chain6,chain6_hole_2,antithetic,2048,145490497
DEVELOPMENT,97,db87e6c265d45773bb6297db5af0c11f,limit_hopping_zero_chain6,chain6_hole_4,antithetic,2048,4271511072
DEVELOPMENT,97,fb5214d8d1bf5caa839f81a965024f62,limit_spin_density_zero_rect2x3,rect2x3_hole_2,antithetic,2048,2964852036
DEVELOPMENT,97,89bd5e9b58115b60bdad35f43f6437be,limit_spin_density_zero_rect2x3,rect2x3_hole_3,antithetic,2048,1101188148
DEVELOPMENT,98,8d9f57771b025ad2b6da9e578278aa6a,limit_hopping_zero_chain6,chain6_hole_2,antithetic,2048,3259483380
DEVELOPMENT,98,db87e6c265d45773bb6297db5af0c11f,limit_hopping_zero_chain6,chain6_hole_4,antithetic,2048,28813213
DEVELOPMENT,98,fb5214d8d1bf5caa839f81a965024f62,limit_spin_density_zero_rect2x3,rect2x3_hole_2,antithetic,2048,1046175666
DEVELOPMENT,98,89bd5e9b58115b60bdad35f43f6437be,limit_spin_density_zero_rect2x3,rect2x3_hole_3,antithetic,2048,621799566
DEVELOPMENT,99,8d9f57771b025ad2b6da9e578278aa6a,limit_hopping_zero_chain6,chain6_hole_2,antithetic,2048,3532917516
DEVELOPMENT,99,db87e6c265d45773bb6297db5af0c11f,limit_hopping_zero_chain6,chain6_hole_4,antithetic,2048,2513627452
DEVELOPMENT,99,fb5214d8d1bf5caa839f81a965024f62,limit_spin_density_zero_rect2x3,rect2x3_hole_2,antithetic,2048,2906446302
DEVELOPMENT,99,89bd5e9b58115b60bdad35f43f6437be,limit_spin_density_zero_rect2x3,rect2x3_hole_3,antithetic,2048,1508280141
DEVELOPMENT,100,8d9f57771b025ad2b6da9e578278aa6a,limit_hopping_zero_chain6,chain6_hole_2,antithetic,2048,4087582988
DEVELOPMENT,100,db87e6c265d45773bb6297db5af0c11f,limit_hopping_zero_chain6,chain6_hole_4,antithetic,2048,905830933
DEVELOPMENT,100,fb5214d8d1bf5caa839f81a965024f62,limit_spin_density_zero_rect2x3,rect2x3_hole_2,antithetic,2048,919828167
DEVELOPMENT,100,89bd5e9b58115b60bdad35f43f6437be,limit_spin_density_zero_rect2x3,rect2x3_hole_3,antithetic,2048,1794002553
DEVELOPMENT,101,8d9f57771b025ad2b6da9e578278aa6a,limit_hopping_zero_chain6,chain6_hole_2,antithetic,2048,3189560963
DEVELOPMENT,101,db87e6c265d45773bb6297db5af0c11f,limit_hopping_zero_chain6,chain6_hole_4,antithetic,2048,2824727780
DEVELOPMENT,101,fb5214d8d1bf5caa839f81a965024f62,limit_spin_density_zero_rect2x3,rect2x3_hole_2,antithetic,2048,1748011504
DEVELOPMENT,101,89bd5e9b58115b60bdad35f43f6437be,limit_spin_density_zero_rect2x3,rect2x3_hole_3,antithetic,2048,1885332329
DEVELOPMENT,102,8d9f57771b025ad2b6da9e578278aa6a,limit_hopping_zero_chain6,chain6_hole_2,antithetic,2048,2979420808
DEVELOPMENT,102,db87e6c265d45773bb6297db5af0c11f,limit_hopping_zero_chain6,chain6_hole_4,antithetic,2048,3287165419
DEVELOPMENT,102,fb5214d8d1bf5caa839f81a965024f62,limit_spin_density_zero_rect2x3,rect2x3_hole_2,antithetic,2048,3443895848
DEVELOPMENT,102,89bd5e9b58115b60bdad35f43f6437be,limit_spin_density_zero_rect2x3,rect2x3_hole_3,antithetic,2048,799450955
DEVELOPMENT,103,8d9f57771b025ad2b6da9e578278aa6a,limit_hopping_zero_chain6,chain6_hole_2,antithetic,2048,3907739931
DEVELOPMENT,103,db87e6c265d45773bb6297db5af0c11f,limit_hopping_zero_chain6,chain6_hole_4,antithetic,2048,2159172419
DEVELOPMENT,103,fb5214d8d1bf5caa839f81a965024f62,limit_spin_density_zero_rect2x3,rect2x3_hole_2,antithetic,2048,3628769354
DEVELOPMENT,103,89bd5e9b58115b60bdad35f43f6437be,limit_spin_density_zero_rect2x3,rect2x3_hole_3,antithetic,2048,1217479365
DEVELOPMENT,104,8d9f57771b025ad2b6da9e578278aa6a,limit_hopping_zero_chain6,chain6_hole_2,antithetic,2048,12504123
DEVELOPMENT,104,db87e6c265d45773bb6297db5af0c11f,limit_hopping_zero_chain6,chain6_hole_4,antithetic,2048,1226255513
DEVELOPMENT,104,fb5214d8d1bf5caa839f81a965024f62,limit_spin_density_zero_rect2x3,rect2x3_hole_2,antithetic,2048,1831475168
DEVELOPMENT,104,89bd5e9b58115b60bdad35f43f6437be,limit_spin_density_zero_rect2x3,rect2x3_hole_3,antithetic,2048,387172555
DEVELOPMENT,105,8d9f57771b025ad2b6da9e578278aa6a,limit_hopping_zero_chain6,chain6_hole_2,antithetic,2048,119298608
DEVELOPMENT,105,db87e6c265d45773bb6297db5af0c11f,limit_hopping_zero_chain6,chain6_hole_4,antithetic,2048,1658887550
DEVELOPMENT,105,fb5214d8d1bf5caa839f81a965024f62,limit_spin_density_zero_rect2x3,rect2x3_hole_2,antithetic,2048,2389548323
DEVELOPMENT,105,89bd5e9b58115b60bdad35f43f6437be,limit_spin_density_zero_rect2x3,rect2x3_hole_3,antithetic,2048,1657105483
DEVELOPMENT,106,8d9f57771b025ad2b6da9e578278aa6a,limit_hopping_zero_chain6,chain6_hole_2,antithetic,2048,1871347432
DEVELOPMENT,106,db87e6c265d45773bb6297db5af0c11f,limit_hopping_zero_chain6,chain6_hole_4,antithetic,2048,2539576353
DEVELOPMENT,106,fb5214d8d1bf5caa839f81a965024f62,limit_spin_density_zero_rect2x3,rect2x3_hole_2,antithetic,2048,2948215476
DEVELOPMENT,106,89bd5e9b58115b60bdad35f43f6437be,limit_spin_density_zero_rect2x3,rect2x3_hole_3,antithetic,2048,4073691930
DEVELOPMENT,107,8d9f57771b025ad2b6da9e578278aa6a,limit_hopping_zero_chain6,chain6_hole_2,antithetic,2048,955456606
DEVELOPMENT,107,db87e6c265d45773bb6297db5af0c11f,limit_hopping_zero_chain6,chain6_hole_4,antithetic,2048,8707557
DEVELOPMENT,107,fb5214d8d1bf5caa839f81a965024f62,limit_spin_density_zero_rect2x3,rect2x3_hole_2,antithetic,2048,2751158918
DEVELOPMENT,107,89bd5e9b58115b60bdad35f43f6437be,limit_spin_density_zero_rect2x3,rect2x3_hole_3,antithetic,2048,2749821310
DEVELOPMENT,108,8d9f57771b025ad2b6da9e578278aa6a,limit_hopping_zero_chain6,chain6_hole_2,antithetic,2048,484455556
DEVELOPMENT,108,db87e6c265d45773bb6297db5af0c11f,limit_hopping_zero_chain6,chain6_hole_4,antithetic,2048,3928372423
DEVELOPMENT,108,fb5214d8d1bf5caa839f81a965024f62,limit_spin_density_zero_rect2x3,rect2x3_hole_2,antithetic,2048,653669465
DEVELOPMENT,108,89bd5e9b58115b60bdad35f43f6437be,limit_spin_density_zero_rect2x3,rect2x3_hole_3,antithetic,2048,3126903030
DEVELOPMENT,109,8d9f57771b025ad2b6da9e578278aa6a,limit_hopping_zero_chain6,chain6_hole_2,antithetic,2048,3975422914
DEVELOPMENT,109,db87e6c265d45773bb6297db5af0c11f,limit_hopping_zero_chain6,chain6_hole_4,antithetic,2048,1227315144
DEVELOPMENT,109,fb5214d8d1bf5caa839f81a965024f62,limit_spin_density_zero_rect2x3,rect2x3_hole_2,antithetic,2048,3172644989
DEVELOPMENT,109,89bd5e9b58115b60bdad35f43f6437be,limit_spin_density_zero_rect2x3,rect2x3_hole_3,antithetic,2048,1092251371
DEVELOPMENT,110,8d9f57771b025ad2b6da9e578278aa6a,limit_hopping_zero_chain6,chain6_hole_2,antithetic,2048,1881910772
DEVELOPMENT,110,db87e6c265d45773bb6297db5af0c11f,limit_hopping_zero_chain6,chain6_hole_4,antithetic,2048,3048654725
DEVELOPMENT,110,fb5214d8d1bf5caa839f81a965024f62,limit_spin_density_zero_rect2x3,rect2x3_hole_2,antithetic,2048,2536271352
DEVELOPMENT,110,89bd5e9b58115b60bdad35f43f6437be,limit_spin_density_zero_rect2x3,rect2x3_hole_3,antithetic,2048,781561092
DEVELOPMENT,111,8d9f57771b025ad2b6da9e578278aa6a,limit_hopping_zero_chain6,chain6_hole_2,antithetic,2048,4120097276
DEVELOPMENT,111,db87e6c265d45773bb6297db5af0c11f,limit_hopping_zero_chain6,chain6_hole_4,antithetic,2048,3828003900
DEVELOPMENT,111,fb5214d8d1bf5caa839f81a965024f62,limit_spin_density_zero_rect2x3,rect2x3_hole_2,antithetic,2048,2425373545
DEVELOPMENT,111,89bd5e9b58115b60bdad35f43f6437be,limit_spin_density_zero_rect2x3,rect2x3_hole_3,antithetic,2048,2803469846
DEVELOPMENT,112,8d9f57771b025ad2b6da9e578278aa6a,limit_hopping_zero_chain6,chain6_hole_2,antithetic,2048,494218211
DEVELOPMENT,112,db87e6c265d45773bb6297db5af0c11f,limit_hopping_zero_chain6,chain6_hole_4,antithetic,2048,3127657536
DEVELOPMENT,112,fb5214d8d1bf5caa839f81a965024f62,limit_spin_density_zero_rect2x3,rect2x3_hole_2,antithetic,2048,1317095676
DEVELOPMENT,112,89bd5e9b58115b60bdad35f43f6437be,limit_spin_density_zero_rect2x3,rect2x3_hole_3,antithetic,2048,1468391034
DEVELOPMENT,113,8d9f57771b025ad2b6da9e578278aa6a,limit_hopping_zero_chain6,chain6_hole_2,antithetic,2048,1782655499
DEVELOPMENT,113,db87e6c265d45773bb6297db5af0c11f,limit_hopping_zero_chain6,chain6_hole_4,antithetic,2048,1213414983
DEVELOPMENT,113,fb5214d8d1bf5caa839f81a965024f62,limit_spin_density_zero_rect2x3,rect2x3_hole_2,antithetic,2048,1162107801
DEVELOPMENT,113,89bd5e9b58115b60bdad35f43f6437be,limit_spin_density_zero_rect2x3,rect2x3_hole_3,antithetic,2048,3469152438
DEVELOPMENT,114,8d9f57771b025ad2b6da9e578278aa6a,limit_hopping_zero_chain6,chain6_hole_2,antithetic,2048,163510874
DEVELOPMENT,114,db87e6c265d45773bb6297db5af0c11f,limit_hopping_zero_chain6,chain6_hole_4,antithetic,2048,2641831688
DEVELOPMENT,114,fb5214d8d1bf5caa839f81a965024f62,limit_spin_density_zero_rect2x3,rect2x3_hole_2,antithetic,2048,4202028164
DEVELOPMENT,114,89bd5e9b58115b60bdad35f43f6437be,limit_spin_density_zero_rect2x3,rect2x3_hole_3,antithetic,2048,219830180
DEVELOPMENT,115,8d9f57771b025ad2b6da9e578278aa6a,limit_hopping_zero_chain6,chain6_hole_2,antithetic,2048,3040859724
DEVELOPMENT,115,db87e6c265d45773bb6297db5af0c11f,limit_hopping_zero_chain6,chain6_hole_4,antithetic,2048,2642614757
DEVELOPMENT,115,fb5214d8d1bf5caa839f81a965024f62,limit_spin_density_zero_rect2x3,rect2x3_hole_2,antithetic,2048,3175770631
DEVELOPMENT,115,89bd5e9b58115b60bdad35f43f6437be,limit_spin_density_zero_rect2x3,rect2x3_hole_3,antithetic,2048,4020506175
DEVELOPMENT,116,8d9f57771b025ad2b6da9e578278aa6a,limit_hopping_zero_chain6,chain6_hole_2,antithetic,2048,3501707407
DEVELOPMENT,116,db87e6c265d45773bb6297db5af0c11f,limit_hopping_zero_chain6,chain6_hole_4,antithetic,2048,1814563250
DEVELOPMENT,116,fb5214d8d1bf5caa839f81a965024f62,limit_spin_density_zero_rect2x3,rect2x3_hole_2,antithetic,2048,3729594192
DEVELOPMENT,116,89bd5e9b58115b60bdad35f43f6437be,limit_spin_density_zero_rect2x3,rect2x3_hole_3,antithetic,2048,1052562438
DEVELOPMENT,117,8d9f57771b025ad2b6da9e578278aa6a,limit_hopping_zero_chain6,chain6_hole_2,antithetic,2048,3943482961
DEVELOPMENT,117,db87e6c265d45773bb6297db5af0c11f,limit_hopping_zero_chain6,chain6_hole_4,antithetic,2048,3098704315
DEVELOPMENT,117,fb5214d8d1bf5caa839f81a965024f62,limit_spin_density_zero_rect2x3,rect2x3_hole_2,antithetic,2048,122240896
DEVELOPMENT,117,89bd5e9b58115b60bdad35f43f6437be,limit_spin_density_zero_rect2x3,rect2x3_hole_3,antithetic,2048,3378161208
DEVELOPMENT,118,8d9f57771b025ad2b6da9e578278aa6a,limit_hopping_zero_chain6,chain6_hole_2,antithetic,2048,3244797244
DEVELOPMENT,118,db87e6c265d45773bb6297db5af0c11f,limit_hopping_zero_chain6,chain6_hole_4,antithetic,2048,2619213979
DEVELOPMENT,118,fb5214d8d1bf5caa839f81a965024f62,limit_spin_density_zero_rect2x3,rect2x3_hole_2,antithetic,2048,2404360591
DEVELOPMENT,118,89bd5e9b58115b60bdad35f43f6437be,limit_spin_density_zero_rect2x3,rect2x3_hole_3,antithetic,2048,1871516491
DEVELOPMENT,119,8d9f57771b025ad2b6da9e578278aa6a,limit_hopping_zero_chain6,chain6_hole_2,antithetic,2048,3898824267
DEVELOPMENT,119,db87e6c265d45773bb6297db5af0c11f,limit_hopping_zero_chain6,chain6_hole_4,antithetic,2048,2410189989
DEVELOPMENT,119,fb5214d8d1bf5caa839f81a965024f62,limit_spin_density_zero_rect2x3,rect2x3_hole_2,antithetic,2048,2312438220
DEVELOPMENT,119,89bd5e9b58115b60bdad35f43f6437be,limit_spin_density_zero_rect2x3,rect2x3_hole_3,antithetic,2048,555416299
DEVELOPMENT,120,8d9f57771b025ad2b6da9e578278aa6a,limit_hopping_zero_chain6,chain6_hole_2,antithetic,2048,2740833909
DEVELOPMENT,120,db87e6c265d45773bb6297db5af0c11f,limit_hopping_zero_chain6,chain6_hole_4,antithetic,2048,4242479521
DEVELOPMENT,120,fb5214d8d1bf5caa839f81a965024f62,limit_spin_density_zero_rect2x3,rect2x3_hole_2,antithetic,2048,3811348707
DEVELOPMENT,120,89bd5e9b58115b60bdad35f43f6437be,limit_spin_density_zero_rect2x3,rect2x3_hole_3,antithetic,2048,3769106909
DEVELOPMENT,121,8d9f57771b025ad2b6da9e578278aa6a,limit_hopping_zero_chain6,chain6_hole_2,antithetic,2048,3370123776
DEVELOPMENT,121,db87e6c265d45773bb6297db5af0c11f,limit_hopping_zero_chain6,chain6_hole_4,antithetic,2048,1297738193
DEVELOPMENT,121,fb5214d8d1bf5caa839f81a965024f62,limit_spin_density_zero_rect2x3,rect2x3_hole_2,antithetic,2048,1694672986
DEVELOPMENT,121,89bd5e9b58115b60bdad35f43f6437be,limit_spin_density_zero_rect2x3,rect2x3_hole_3,antithetic,2048,621736751
DEVELOPMENT,122,8d9f57771b025ad2b6da9e578278aa6a,limit_hopping_zero_chain6,chain6_hole_2,antithetic,2048,23967165
DEVELOPMENT,122,db87e6c265d45773bb6297db5af0c11f,limit_hopping_zero_chain6,chain6_hole_4,antithetic,2048,3444578640
DEVELOPMENT,122,fb5214d8d1bf5caa839f81a965024f62,limit_spin_density_zero_rect2x3,rect2x3_hole_2,antithetic,2048,2967705695
DEVELOPMENT,122,89bd5e9b58115b60bdad35f43f6437be,limit_spin_density_zero_rect2x3,rect2x3_hole_3,antithetic,2048,1107715234
DEVELOPMENT,123,8d9f57771b025ad2b6da9e578278aa6a,limit_hopping_zero_chain6,chain6_hole_2,antithetic,2048,3934066657
DEVELOPMENT,123,db87e6c265d45773bb6297db5af0c11f,limit_hopping_zero_chain6,chain6_hole_4,antithetic,2048,3525147226
DEVELOPMENT,123,fb5214d8d1bf5caa839f81a965024f62,limit_spin_density_zero_rect2x3,rect2x3_hole_2,antithetic,2048,1021514314
DEVELOPMENT,123,89bd5e9b58115b60bdad35f43f6437be,limit_spin_density_zero_rect2x3,rect2x3_hole_3,antithetic,2048,1812754214
DEVELOPMENT,124,8d9f57771b025ad2b6da9e578278aa6a,limit_hopping_zero_chain6,chain6_hole_2,antithetic,2048,784293019
DEVELOPMENT,124,db87e6c265d45773bb6297db5af0c11f,limit_hopping_zero_chain6,chain6_hole_4,antithetic,2048,2366395610
DEVELOPMENT,124,fb5214d8d1bf5caa839f81a965024f62,limit_spin_density_zero_rect2x3,rect2x3_hole_2,antithetic,2048,778568971
DEVELOPMENT,124,89bd5e9b58115b60bdad35f43f6437be,limit_spin_density_zero_rect2x3,rect2x3_hole_3,antithetic,2048,2940059654
DEVELOPMENT,125,8d9f57771b025ad2b6da9e578278aa6a,limit_hopping_zero_chain6,chain6_hole_2,antithetic,2048,43665025
DEVELOPMENT,125,db87e6c265d45773bb6297db5af0c11f,limit_hopping_zero_chain6,chain6_hole_4,antithetic,2048,2291214218
DEVELOPMENT,125,fb5214d8d1bf5caa839f81a965024f62,limit_spin_density_zero_rect2x3,rect2x3_hole_2,antithetic,2048,2918403366
DEVELOPMENT,125,89bd5e9b58115b60bdad35f43f6437be,limit_spin_density_zero_rect2x3,rect2x3_hole_3,antithetic,2048,983576955
DEVELOPMENT,126,8d9f57771b025ad2b6da9e578278aa6a,limit_hopping_zero_chain6,chain6_hole_2,antithetic,2048,3686095672
DEVELOPMENT,126,db87e6c265d45773bb6297db5af0c11f,limit_hopping_zero_chain6,chain6_hole_4,antithetic,2048,2264085872
DEVELOPMENT,126,fb5214d8d1bf5caa839f81a965024f62,limit_spin_density_zero_rect2x3,rect2x3_hole_2,antithetic,2048,1869592146
DEVELOPMENT,126,89bd5e9b58115b60bdad35f43f6437be,limit_spin_density_zero_rect2x3,rect2x3_hole_3,antithetic,2048,3087766094
DEVELOPMENT,127,8d9f57771b025ad2b6da9e578278aa6a,limit_hopping_zero_chain6,chain6_hole_2,antithetic,2048,1144342749
DEVELOPMENT,127,db87e6c265d45773bb6297db5af0c11f,limit_hopping_zero_chain6,chain6_hole_4,antithetic,2048,1126295942
DEVELOPMENT,127,fb5214d8d1bf5caa839f81a965024f62,limit_spin_density_zero_rect2x3,rect2x3_hole_2,antithetic,2048,378986603
DEVELOPMENT,127,89bd5e9b58115b60bdad35f43f6437be,limit_spin_density_zero_rect2x3,rect2x3_hole_3,antithetic,2048,2821055650
DEVELOPMENT,0,8d9f57771b025ad2b6da9e578278aa6a,limit_hopping_zero_chain6,chain6_hole_2,antithetic,4096,1456495579
DEVELOPMENT,0,db87e6c265d45773bb6297db5af0c11f,limit_hopping_zero_chain6,chain6_hole_4,antithetic,4096,600724587
DEVELOPMENT,0,fb5214d8d1bf5caa839f81a965024f62,limit_spin_density_zero_rect2x3,rect2x3_hole_2,antithetic,4096,96462096
DEVELOPMENT,0,89bd5e9b58115b60bdad35f43f6437be,limit_spin_density_zero_rect2x3,rect2x3_hole_3,antithetic,4096,2167302163
DEVELOPMENT,1,8d9f57771b025ad2b6da9e578278aa6a,limit_hopping_zero_chain6,chain6_hole_2,antithetic,4096,4119179392
DEVELOPMENT,1,db87e6c265d45773bb6297db5af0c11f,limit_hopping_zero_chain6,chain6_hole_4,antithetic,4096,1166404343
DEVELOPMENT,1,fb5214d8d1bf5caa839f81a965024f62,limit_spin_density_zero_rect2x3,rect2x3_hole_2,antithetic,4096,626635621
DEVELOPMENT,1,89bd5e9b58115b60bdad35f43f6437be,limit_spin_density_zero_rect2x3,rect2x3_hole_3,antithetic,4096,842955922
DEVELOPMENT,2,8d9f57771b025ad2b6da9e578278aa6a,limit_hopping_zero_chain6,chain6_hole_2,antithetic,4096,3445879516
DEVELOPMENT,2,db87e6c265d45773bb6297db5af0c11f,limit_hopping_zero_chain6,chain6_hole_4,antithetic,4096,1637565106
DEVELOPMENT,2,fb5214d8d1bf5caa839f81a965024f62,limit_spin_density_zero_rect2x3,rect2x3_hole_2,antithetic,4096,3878633279
DEVELOPMENT,2,89bd5e9b58115b60bdad35f43f6437be,limit_spin_density_zero_rect2x3,rect2x3_hole_3,antithetic,4096,3344654389
DEVELOPMENT,3,8d9f57771b025ad2b6da9e578278aa6a,limit_hopping_zero_chain6,chain6_hole_2,antithetic,4096,3465328775
DEVELOPMENT,3,db87e6c265d45773bb6297db5af0c11f,limit_hopping_zero_chain6,chain6_hole_4,antithetic,4096,4101222359
DEVELOPMENT,3,fb5214d8d1bf5caa839f81a965024f62,limit_spin_density_zero_rect2x3,rect2x3_hole_2,antithetic,4096,3804500295
DEVELOPMENT,3,89bd5e9b58115b60bdad35f43f6437be,limit_spin_density_zero_rect2x3,rect2x3_hole_3,antithetic,4096,918715350
DEVELOPMENT,4,8d9f57771b025ad2b6da9e578278aa6a,limit_hopping_zero_chain6,chain6_hole_2,antithetic,4096,620714330
DEVELOPMENT,4,db87e6c265d45773bb6297db5af0c11f,limit_hopping_zero_chain6,chain6_hole_4,antithetic,4096,3435755588
DEVELOPMENT,4,fb5214d8d1bf5caa839f81a965024f62,limit_spin_density_zero_rect2x3,rect2x3_hole_2,antithetic,4096,332401479
DEVELOPMENT,4,89bd5e9b58115b60bdad35f43f6437be,limit_spin_density_zero_rect2x3,rect2x3_hole_3,antithetic,4096,1223638616
DEVELOPMENT,5,8d9f57771b025ad2b6da9e578278aa6a,limit_hopping_zero_chain6,chain6_hole_2,antithetic,4096,1798998966
DEVELOPMENT,5,db87e6c265d45773bb6297db5af0c11f,limit_hopping_zero_chain6,chain6_hole_4,antithetic,4096,4050704789
DEVELOPMENT,5,fb5214d8d1bf5caa839f81a965024f62,limit_spin_density_zero_rect2x3,rect2x3_hole_2,antithetic,4096,3342847597
DEVELOPMENT,5,89bd5e9b58115b60bdad35f43f6437be,limit_spin_density_zero_rect2x3,rect2x3_hole_3,antithetic,4096,619560755
DEVELOPMENT,6,8d9f57771b025ad2b6da9e578278aa6a,limit_hopping_zero_chain6,chain6_hole_2,antithetic,4096,1926642909
DEVELOPMENT,6,db87e6c265d45773bb6297db5af0c11f,limit_hopping_zero_chain6,chain6_hole_4,antithetic,4096,3176001042
DEVELOPMENT,6,fb5214d8d1bf5caa839f81a965024f62,limit_spin_density_zero_rect2x3,rect2x3_hole_2,antithetic,4096,329243691
DEVELOPMENT,6,89bd5e9b58115b60bdad35f43f6437be,limit_spin_density_zero_rect2x3,rect2x3_hole_3,antithetic,4096,294348188
DEVELOPMENT,7,8d9f57771b025ad2b6da9e578278aa6a,limit_hopping_zero_chain6,chain6_hole_2,antithetic,4096,292997601
DEVELOPMENT,7,db87e6c265d45773bb6297db5af0c11f,limit_hopping_zero_chain6,chain6_hole_4,antithetic,4096,1866049804
DEVELOPMENT,7,fb5214d8d1bf5caa839f81a965024f62,limit_spin_density_zero_rect2x3,rect2x3_hole_2,antithetic,4096,4138228768
DEVELOPMENT,7,89bd5e9b58115b60bdad35f43f6437be,limit_spin_density_zero_rect2x3,rect2x3_hole_3,antithetic,4096,489180307
DEVELOPMENT,8,8d9f57771b025ad2b6da9e578278aa6a,limit_hopping_zero_chain6,chain6_hole_2,antithetic,4096,2812720801
DEVELOPMENT,8,db87e6c265d45773bb6297db5af0c11f,limit_hopping_zero_chain6,chain6_hole_4,antithetic,4096,2601872205
DEVELOPMENT,8,fb5214d8d1bf5caa839f81a965024f62,limit_spin_density_zero_rect2x3,rect2x3_hole_2,antithetic,4096,2469572093
DEVELOPMENT,8,89bd5e9b58115b60bdad35f43f6437be,limit_spin_density_zero_rect2x3,rect2x3_hole_3,antithetic,4096,3469833377
DEVELOPMENT,9,8d9f57771b025ad2b6da9e578278aa6a,limit_hopping_zero_chain6,chain6_hole_2,antithetic,4096,3881134816
DEVELOPMENT,9,db87e6c265d45773bb6297db5af0c11f,limit_hopping_zero_chain6,chain6_hole_4,antithetic,4096,3962408202
DEVELOPMENT,9,fb5214d8d1bf5caa839f81a965024f62,limit_spin_density_zero_rect2x3,rect2x3_hole_2,antithetic,4096,1538974959
DEVELOPMENT,9,89bd5e9b58115b60bdad35f43f6437be,limit_spin_density_zero_rect2x3,rect2x3_hole_3,antithetic,4096,3160026345
DEVELOPMENT,10,8d9f57771b025ad2b6da9e578278aa6a,limit_hopping_zero_chain6,chain6_hole_2,antithetic,4096,1878092309
DEVELOPMENT,10,db87e6c265d45773bb6297db5af0c11f,limit_hopping_zero_chain6,chain6_hole_4,antithetic,4096,2988475057
DEVELOPMENT,10,fb5214d8d1bf5caa839f81a965024f62,limit_spin_density_zero_rect2x3,rect2x3_hole_2,antithetic,4096,3902455511
DEVELOPMENT,10,89bd5e9b58115b60bdad35f43f6437be,limit_spin_density_zero_rect2x3,rect2x3_hole_3,antithetic,4096,3526852959
DEVELOPMENT,11,8d9f57771b025ad2b6da9e578278aa6a,limit_hopping_zero_chain6,chain6_hole_2,antithetic,4096,3609414517
DEVELOPMENT,11,db87e6c265d45773bb6297db5af0c11f,limit_hopping_zero_chain6,chain6_hole_4,antithetic,4096,1736858106
DEVELOPMENT,11,fb5214d8d1bf5caa839f81a965024f62,limit_spin_density_zero_rect2x3,rect2x3_hole_2,antithetic,4096,3369345268
DEVELOPMENT,11,89bd5e9b58115b60bdad35f43f6437be,limit_spin_density_zero_rect2x3,rect2x3_hole_3,antithetic,4096,662522566
DEVELOPMENT,12,8d9f57771b025ad2b6da9e578278aa6a,limit_hopping_zero_chain6,chain6_hole_2,antithetic,4096,106247304
DEVELOPMENT,12,db87e6c265d45773bb6297db5af0c11f,limit_hopping_zero_chain6,chain6_hole_4,antithetic,4096,3987245780
DEVELOPMENT,12,fb5214d8d1bf5caa839f81a965024f62,limit_spin_density_zero_rect2x3,rect2x3_hole_2,antithetic,4096,1370661928
DEVELOPMENT,12,89bd5e9b58115b60bdad35f43f6437be,limit_spin_density_zero_rect2x3,rect2x3_hole_3,antithetic,4096,4134825358
DEVELOPMENT,13,8d9f57771b025ad2b6da9e578278aa6a,limit_hopping_zero_chain6,chain6_hole_2,antithetic,4096,2850569845
DEVELOPMENT,13,db87e6c265d45773bb6297db5af0c11f,limit_hopping_zero_chain6,chain6_hole_4,antithetic,4096,3073092430
DEVELOPMENT,13,fb5214d8d1bf5caa839f81a965024f62,limit_spin_density_zero_rect2x3,rect2x3_hole_2,antithetic,4096,3690871144
DEVELOPMENT,13,89bd5e9b58115b60bdad35f43f6437be,limit_spin_density_zero_rect2x3,rect2x3_hole_3,antithetic,4096,2742894068
DEVELOPMENT,14,8d9f57771b025ad2b6da9e578278aa6a,limit_hopping_zero_chain6,chain6_hole_2,antithetic,4096,1281235964
DEVELOPMENT,14,db87e6c265d45773bb6297db5af0c11f,limit_hopping_zero_chain6,chain6_hole_4,antithetic,4096,2177367360
DEVELOPMENT,14,fb5214d8d1bf5caa839f81a965024f62,limit_spin_density_zero_rect2x3,rect2x3_hole_2,antithetic,4096,737194992
DEVELOPMENT,14,89bd5e9b58115b60bdad35f43f6437be,limit_spin_density_zero_rect2x3,rect2x3_hole_3,antithetic,4096,3952709641
DEVELOPMENT,15,8d9f57771b025ad2b6da9e578278aa6a,limit_hopping_zero_chain6,chain6_hole_2,antithetic,4096,4072688319
DEVELOPMENT,15,db87e6c265d45773bb6297db5af0c11f,limit_hopping_zero_chain6,chain6_hole_4,antithetic,4096,3353575944
DEVELOPMENT,15,fb5214d8d1bf5caa839f81a965024f62,limit_spin_density_zero_rect2x3,rect2x3_hole_2,antithetic,4096,1859920275
DEVELOPMENT,15,89bd5e9b58115b60bdad35f43f6437be,limit_spin_density_zero_rect2x3,rect2x3_hole_3,antithetic,4096,3614311297
DEVELOPMENT,16,8d9f57771b025ad2b6da9e578278aa6a,limit_hopping_zero_chain6,chain6_hole_2,antithetic,4096,1210136865
DEVELOPMENT,16,db87e6c265d45773bb6297db5af0c11f,limit_hopping_zero_chain6,chain6_hole_4,antithetic,4096,349204615
DEVELOPMENT,16,fb5214d8d1bf5caa839f81a965024f62,limit_spin_density_zero_rect2x3,rect2x3_hole_2,antithetic,4096,1502276835
DEVELOPMENT,16,89bd5e9b58115b60bdad35f43f6437be,limit_spin_density_zero_rect2x3,rect2x3_hole_3,antithetic,4096,799189266
DEVELOPMENT,17,8d9f57771b025ad2b6da9e578278aa6a,limit_hopping_zero_chain6,chain6_hole_2,antithetic,4096,1829180388
DEVELOPMENT,17,db87e6c265d45773bb6297db5af0c11f,limit_hopping_zero_chain6,chain6_hole_4,antithetic,4096,2557058154
DEVELOPMENT,17,fb5214d8d1bf5caa839f81a965024f62,limit_spin_density_zero_rect2x3,rect2x3_hole_2,antithetic,4096,2447705311
DEVELOPMENT,17,89bd5e9b58115b60bdad35f43f6437be,limit_spin_density_zero_rect2x3,rect2x3_hole_3,antithetic,4096,1422238526
DEVELOPMENT,18,8d9f57771b025ad2b6da9e578278aa6a,limit_hopping_zero_chain6,chain6_hole_2,antithetic,4096,1638693576
DEVELOPMENT,18,db87e6c265d45773bb6297db5af0c11f,limit_hopping_zero_chain6,chain6_hole_4,antithetic,4096,4284005108
DEVELOPMENT,18,fb5214d8d1bf5caa839f81a965024f62,limit_spin_density_zero_rect2x3,rect2x3_hole_2,antithetic,4096,3546974370
DEVELOPMENT,18,89bd5e9b58115b60bdad35f43f6437be,limit_spin_density_zero_rect2x3,rect2x3_hole_3,antithetic,4096,168676000
DEVELOPMENT,19,8d9f57771b025ad2b6da9e578278aa6a,limit_hopping_zero_chain6,chain6_hole_2,antithetic,4096,727794103
DEVELOPMENT,19,db87e6c265d45773bb6297db5af0c11f,limit_hopping_zero_chain6,chain6_hole_4,antithetic,4096,1238702370
DEVELOPMENT,19,fb5214d8d1bf5caa839f81a965024f62,limit_spin_density_zero_rect2x3,rect2x3_hole_2,antithetic,4096,2402218161
DEVELOPMENT,19,89bd5e9b58115b60bdad35f43f6437be,limit_spin_density_zero_rect2x3,rect2x3_hole_3,antithetic,4096,4153915139
DEVELOPMENT,20,8d9f57771b025ad2b6da9e578278aa6a,limit_hopping_zero_chain6,chain6_hole_2,antithetic,4096,3025182465
DEVELOPMENT,20,db87e6c265d45773bb6297db5af0c11f,limit_hopping_zero_chain6,chain6_hole_4,antithetic,4096,4143220224
DEVELOPMENT,20,fb5214d8d1bf5caa839f81a965024f62,limit_spin_density_zero_rect2x3,rect2x3_hole_2,antithetic,4096,3432926384
DEVELOPMENT,20,89bd5e9b58115b60bdad35f43f6437be,limit_spin_density_zero_rect2x3,rect2x3_hole_3,antithetic,4096,2650025179
DEVELOPMENT,21,8d9f57771b025ad2b6da9e578278aa6a,limit_hopping_zero_chain6,chain6_hole_2,antithetic,4096,481886158
DEVELOPMENT,21,db87e6c265d45773bb6297db5af0c11f,limit_hopping_zero_chain6,chain6_hole_4,antithetic,4096,690597665
DEVELOPMENT,21,fb5214d8d1bf5caa839f81a965024f62,limit_spin_density_zero_rect2x3,rect2x3_hole_2,antithetic,4096,411510432
DEVELOPMENT,21,89bd5e9b58115b60bdad35f43f6437be,limit_spin_density_zero_rect2x3,rect2x3_hole_3,antithetic,4096,2150202724
DEVELOPMENT,22,8d9f57771b025ad2b6da9e578278aa6a,limit_hopping_zero_chain6,chain6_hole_2,antithetic,4096,3056208793
DEVELOPMENT,22,db87e6c265d45773bb6297db5af0c11f,limit_hopping_zero_chain6,chain6_hole_4,antithetic,4096,1504455583
DEVELOPMENT,22,fb5214d8d1bf5caa839f81a965024f62,limit_spin_density_zero_rect2x3,rect2x3_hole_2,antithetic,4096,4287492401
DEVELOPMENT,22,89bd5e9b58115b60bdad35f43f6437be,limit_spin_density_zero_rect2x3,rect2x3_hole_3,antithetic,4096,326393924
DEVELOPMENT,23,8d9f57771b025ad2b6da9e578278aa6a,limit_hopping_zero_chain6,chain6_hole_2,antithetic,4096,1978443257
DEVELOPMENT,23,db87e6c265d45773bb6297db5af0c11f,limit_hopping_zero_chain6,chain6_hole_4,antithetic,4096,677275085
DEVELOPMENT,23,fb5214d8d1bf5caa839f81a965024f62,limit_spin_density_zero_rect2x3,rect2x3_hole_2,antithetic,4096,229497356
DEVELOPMENT,23,89bd5e9b58115b60bdad35f43f6437be,limit_spin_density_zero_rect2x3,rect2x3_hole_3,antithetic,4096,1073056246
DEVELOPMENT,24,8d9f57771b025ad2b6da9e578278aa6a,limit_hopping_zero_chain6,chain6_hole_2,antithetic,4096,3912175626
DEVELOPMENT,24,db87e6c265d45773bb6297db5af0c11f,limit_hopping_zero_chain6,chain6_hole_4,antithetic,4096,2852312333
DEVELOPMENT,24,fb5214d8d1bf5caa839f81a965024f62,limit_spin_density_zero_rect2x3,rect2x3_hole_2,antithetic,4096,1280345971
DEVELOPMENT,24,89bd5e9b58115b60bdad35f43f6437be,limit_spin_density_zero_rect2x3,rect2x3_hole_3,antithetic,4096,724110682
DEVELOPMENT,25,8d9f57771b025ad2b6da9e578278aa6a,limit_hopping_zero_chain6,chain6_hole_2,antithetic,4096,3296580817
DEVELOPMENT,25,db87e6c265d45773bb6297db5af0c11f,limit_hopping_zero_chain6,chain6_hole_4,antithetic,4096,1314263189
DEVELOPMENT,25,fb5214d8d1bf5caa839f81a965024f62,limit_spin_density_zero_rect2x3,rect2x3_hole_2,antithetic,4096,399748980
DEVELOPMENT,25,89bd5e9b58115b60bdad35f43f6437be,limit_spin_density_zero_rect2x3,rect2x3_hole_3,antithetic,4096,1887721051
DEVELOPMENT,26,8d9f57771b025ad2b6da9e578278aa6a,limit_hopping_zero_chain6,chain6_hole_2,antithetic,4096,3708047663
DEVELOPMENT,26,db87e6c265d45773bb6297db5af0c11f,limit_hopping_zero_chain6,chain6_hole_4,antithetic,4096,1661528953
DEVELOPMENT,26,fb5214d8d1bf5caa839f81a965024f62,limit_spin_density_zero_rect2x3,rect2x3_hole_2,antithetic,4096,903050255
DEVELOPMENT,26,89bd5e9b58115b60bdad35f43f6437be,limit_spin_density_zero_rect2x3,rect2x3_hole_3,antithetic,4096,2354690989
DEVELOPMENT,27,8d9f57771b025ad2b6da9e578278aa6a,limit_hopping_zero_chain6,chain6_hole_2,antithetic,4096,3631555936
DEVELOPMENT,27,db87e6c265d45773bb6297db5af0c11f,limit_hopping_zero_chain6,chain6_hole_4,antithetic,4096,1972307686
DEVELOPMENT,27,fb5214d8d1bf5caa839f81a965024f62,limit_spin_density_zero_rect2x3,rect2x3_hole_2,antithetic,4096,2109048943
DEVELOPMENT,27,89bd5e9b58115b60bdad35f43f6437be,limit_spin_density_zero_rect2x3,rect2x3_hole_3,antithetic,4096,1175521203
DEVELOPMENT,28,8d9f57771b025ad2b6da9e578278aa6a,limit_hopping_zero_chain6,chain6_hole_2,antithetic,4096,1104601180
DEVELOPMENT,28,db87e6c265d45773bb6297db5af0c11f,limit_hopping_zero_chain6,chain6_hole_4,antithetic,4096,2170244169
DEVELOPMENT,28,fb5214d8d1bf5caa839f81a965024f62,limit_spin_density_zero_rect2x3,rect2x3_hole_2,antithetic,4096,1246087667
DEVELOPMENT,28,89bd5e9b58115b60bdad35f43f6437be,limit_spin_density_zero_rect2x3,rect2x3_hole_3,antithetic,4096,412120846
DEVELOPMENT,29,8d9f57771b025ad2b6da9e578278aa6a,limit_hopping_zero_chain6,chain6_hole_2,antithetic,4096,3607833386
DEVELOPMENT,29,db87e6c265d45773bb6297db5af0c11f,limit_hopping_zero_chain6,chain6_hole_4,antithetic,4096,228047886
DEVELOPMENT,29,fb5214d8d1bf5caa839f81a965024f62,limit_spin_density_zero_rect2x3,rect2x3_hole_2,antithetic,4096,1814712265
DEVELOPMENT,29,89bd5e9b58115b60bdad35f43f6437be,limit_spin_density_zero_rect2x3,rect2x3_hole_3,antithetic,4096,1048790920
DEVELOPMENT,30,8d9f57771b025ad2b6da9e578278aa6a,limit_hopping_zero_chain6,chain6_hole_2,antithetic,4096,3866685650
DEVELOPMENT,30,db87e6c265d45773bb6297db5af0c11f,limit_hopping_zero_chain6,chain6_hole_4,antithetic,4096,1306986563
DEVELOPMENT,30,fb5214d8d1bf5caa839f81a965024f62,limit_spin_density_zero_rect2x3,rect2x3_hole_2,antithetic,4096,559901169
DEVELOPMENT,30,89bd5e9b58115b60bdad35f43f6437be,limit_spin_density_zero_rect2x3,rect2x3_hole_3,antithetic,4096,589686534
DEVELOPMENT,31,8d9f57771b025ad2b6da9e578278aa6a,limit_hopping_zero_chain6,chain6_hole_2,antithetic,4096,419173866
DEVELOPMENT,31,db87e6c265d45773bb6297db5af0c11f,limit_hopping_zero_chain6,chain6_hole_4,antithetic,4096,2646458448
DEVELOPMENT,31,fb5214d8d1bf5caa839f81a965024f62,limit_spin_density_zero_rect2x3,rect2x3_hole_2,antithetic,4096,4179725426
DEVELOPMENT,31,89bd5e9b58115b60bdad35f43f6437be,limit_spin_density_zero_rect2x3,rect2x3_hole_3,antithetic,4096,260969454
DEVELOPMENT,32,8d9f57771b025ad2b6da9e578278aa6a,limit_hopping_zero_chain6,chain6_hole_2,antithetic,4096,623455906
DEVELOPMENT,32,db87e6c265d45773bb6297db5af0c11f,limit_hopping_zero_chain6,chain6_hole_4,antithetic,4096,4197714655
DEVELOPMENT,32,fb5214d8d1bf5caa839f81a965024f62,limit_spin_density_zero_rect2x3,rect2x3_hole_2,antithetic,4096,3700242554
DEVELOPMENT,32,89bd5e9b58115b60bdad35f43f6437be,limit_spin_density_zero_rect2x3,rect2x3_hole_3,antithetic,4096,3915117387
DEVELOPMENT,33,8d9f57771b025ad2b6da9e578278aa6a,limit_hopping_zero_chain6,chain6_hole_2,antithetic,4096,2444884873
DEVELOPMENT,33,db87e6c265d45773bb6297db5af0c11f,limit_hopping_zero_chain6,chain6_hole_4,antithetic,4096,2884844709
DEVELOPMENT,33,fb5214d8d1bf5caa839f81a965024f62,limit_spin_density_zero_rect2x3,rect2x3_hole_2,antithetic,4096,706869554
DEVELOPMENT,33,89bd5e9b58115b60bdad35f43f6437be,limit_spin_density_zero_rect2x3,rect2x3_hole_3,antithetic,4096,1259889747
DEVELOPMENT,34,8d9f57771b025ad2b6da9e578278aa6a,limit_hopping_zero_chain6,chain6_hole_2,antithetic,4096,520399818
DEVELOPMENT,34,db87e6c265d45773bb6297db5af0c11f,limit_hopping_zero_chain6,chain6_hole_4,antithetic,4096,1874080244
DEVELOPMENT,34,fb5214d8d1bf5caa839f81a965024f62,limit_spin_density_zero_rect2x3,rect2x3_hole_2,antithetic,4096,3456580080
DEVELOPMENT,34,89bd5e9b58115b60bdad35f43f6437be,limit_spin_density_zero_rect2x3,rect2x3_hole_3,antithetic,4096,1762788637
DEVELOPMENT,35,8d9f57771b025ad2b6da9e578278aa6a,limit_hopping_zero_chain6,chain6_hole_2,antithetic,4096,762852762
DEVELOPMENT,35,db87e6c265d45773bb6297db5af0c11f,limit_hopping_zero_chain6,chain6_hole_4,antithetic,4096,429121618
DEVELOPMENT,35,fb5214d8d1bf5caa839f81a965024f62,limit_spin_density_zero_rect2x3,rect2x3_hole_2,antithetic,4096,2911191874
DEVELOPMENT,35,89bd5e9b58115b60bdad35f43f6437be,limit_spin_density_zero_rect2x3,rect2x3_hole_3,antithetic,4096,910428497
DEVELOPMENT,36,8d9f57771b025ad2b6da9e578278aa6a,limit_hopping_zero_chain6,chain6_hole_2,antithetic,4096,730046413
DEVELOPMENT,36,db87e6c265d45773bb6297db5af0c11f,limit_hopping_zero_chain6,chain6_hole_4,antithetic,4096,669456130
DEVELOPMENT,36,fb5214d8d1bf5caa839f81a965024f62,limit_spin_density_zero_rect2x3,rect2x3_hole_2,antithetic,4096,4284198263
DEVELOPMENT,36,89bd5e9b58115b60bdad35f43f6437be,limit_spin_density_zero_rect2x3,rect2x3_hole_3,antithetic,4096,431908349
DEVELOPMENT,37,8d9f57771b025ad2b6da9e578278aa6a,limit_hopping_zero_chain6,chain6_hole_2,antithetic,4096,2172450481
DEVELOPMENT,37,db87e6c265d45773bb6297db5af0c11f,limit_hopping_zero_chain6,chain6_hole_4,antithetic,4096,1046240391
DEVELOPMENT,37,fb5214d8d1bf5caa839f81a965024f62,limit_spin_density_zero_rect2x3,rect2x3_hole_2,antithetic,4096,2043689125
DEVELOPMENT,37,89bd5e9b58115b60bdad35f43f6437be,limit_spin_density_zero_rect2x3,rect2x3_hole_3,antithetic,4096,3850210589
DEVELOPMENT,38,8d9f57771b025ad2b6da9e578278aa6a,limit_hopping_zero_chain6,chain6_hole_2,antithetic,4096,2340974206
DEVELOPMENT,38,db87e6c265d45773bb6297db5af0c11f,limit_hopping_zero_chain6,chain6_hole_4,antithetic,4096,2480904301
DEVELOPMENT,38,fb5214d8d1bf5caa839f81a965024f62,limit_spin_density_zero_rect2x3,rect2x3_hole_2,antithetic,4096,358913645
DEVELOPMENT,38,89bd5e9b58115b60bdad35f43f6437be,limit_spin_density_zero_rect2x3,rect2x3_hole_3,antithetic,4096,2893214205
DEVELOPMENT,39,8d9f57771b025ad2b6da9e578278aa6a,limit_hopping_zero_chain6,chain6_hole_2,antithetic,4096,672177597
DEVELOPMENT,39,db87e6c265d45773bb6297db5af0c11f,limit_hopping_zero_chain6,chain6_hole_4,antithetic,4096,38549198
DEVELOPMENT,39,fb5214d8d1bf5caa839f81a965024f62,limit_spin_density_zero_rect2x3,rect2x3_hole_2,antithetic,4096,3678145636
DEVELOPMENT,39,89bd5e9b58115b60bdad35f43f6437be,limit_spin_density_zero_rect2x3,rect2x3_hole_3,antithetic,4096,2018914943
DEVELOPMENT,40,8d9f57771b025ad2b6da9e578278aa6a,limit_hopping_zero_chain6,chain6_hole_2,antithetic,4096,296310567
DEVELOPMENT,40,db87e6c265d45773bb6297db5af0c11f,limit_hopping_zero_chain6,chain6_hole_4,antithetic,4096,2801762860
DEVELOPMENT,40,fb5214d8d1bf5caa839f81a965024f62,limit_spin_density_zero_rect2x3,rect2x3_hole_2,antithetic,4096,2338482240
DEVELOPMENT,40,89bd5e9b58115b60bdad35f43f6437be,limit_spin_density_zero_rect2x3,rect2x3_hole_3,antithetic,4096,2165668179
DEVELOPMENT,41,8d9f57771b025ad2b6da9e578278aa6a,limit_hopping_zero_chain6,chain6_hole_2,antithetic,4096,3785616824
DEVELOPMENT,41,db87e6c265d45773bb6297db5af0c11f,limit_hopping_zero_chain6,chain6_hole_4,antithetic,4096,3641444625
DEVELOPMENT,41,fb5214d8d1bf5caa839f81a965024f62,limit_spin_density_zero_rect2x3,rect2x3_hole_2,antithetic,4096,2653036682
DEVELOPMENT,41,89bd5e9b58115b60bdad35f43f6437be,limit_spin_density_zero_rect2x3,rect2x3_hole_3,antithetic,4096,2203972617
DEVELOPMENT,42,8d9f57771b025ad2b6da9e578278aa6a,limit_hopping_zero_chain6,chain6_hole_2,antithetic,4096,1214089422
DEVELOPMENT,42,db87e6c265d45773bb6297db5af0c11f,limit_hopping_zero_chain6,chain6_hole_4,antithetic,4096,1311766184
DEVELOPMENT,42,fb5214d8d1bf5caa839f81a965024f62,limit_spin_density_zero_rect2x3,rect2x3_hole_2,antithetic,4096,1738713156
DEVELOPMENT,42,89bd5e9b58115b60bdad35f43f6437be,limit_spin_density_zero_rect2x3,rect2x3_hole_3,antithetic,4096,1756599722
DEVELOPMENT,43,8d9f57771b025ad2b6da9e578278aa6a,limit_hopping_zero_chain6,chain6_hole_2,antithetic,4096,2556461472
DEVELOPMENT,43,db87e6c265d45773bb6297db5af0c11f,limit_hopping_zero_chain6,chain6_hole_4,antithetic,4096,588812112
DEVELOPMENT,43,fb5214d8d1bf5caa839f81a965024f62,limit_spin_density_zero_rect2x3,rect2x3_hole_2,antithetic,4096,3190461783
DEVELOPMENT,43,89bd5e9b58115b60bdad35f43f6437be,limit_spin_density_zero_rect2x3,rect2x3_hole_3,antithetic,4096,1538719484
DEVELOPMENT,44,8d9f57771b025ad2b6da9e578278aa6a,limit_hopping_zero_chain6,chain6_hole_2,antithetic,4096,321922592
DEVELOPMENT,44,db87e6c265d45773bb6297db5af0c11f,limit_hopping_zero_chain6,chain6_hole_4,antithetic,4096,3335498746
DEVELOPMENT,44,fb5214d8d1bf5caa839f81a965024f62,limit_spin_density_zero_rect2x3,rect2x3_hole_2,antithetic,4096,1642084048
DEVELOPMENT,44,89bd5e9b58115b60bdad35f43f6437be,limit_spin_density_zero_rect2x3,rect2x3_hole_3,antithetic,4096,2087834994
DEVELOPMENT,45,8d9f57771b025ad2b6da9e578278aa6a,limit_hopping_zero_chain6,chain6_hole_2,antithetic,4096,442526585
DEVELOPMENT,45,db87e6c265d45773bb6297db5af0c11f,limit_hopping_zero_chain6,chain6_hole_4,antithetic,4096,2689994068
DEVELOPMENT,45,fb5214d8d1bf5caa839f81a965024f62,limit_spin_density_zero_rect2x3,rect2x3_hole_2,antithetic,4096,2130831208
DEVELOPMENT,45,89bd5e9b58115b60bdad35f43f6437be,limit_spin_density_zero_rect2x3,rect2x3_hole_3,antithetic,4096,1561610357
DEVELOPMENT,46,8d9f57771b025ad2b6da9e578278aa6a,limit_hopping_zero_chain6,chain6_hole_2,antithetic,4096,3506823077
DEVELOPMENT,46,db87e6c265d45773bb6297db5af0c11f,limit_hopping_zero_chain6,chain6_hole_4,antithetic,4096,3375742380
DEVELOPMENT,46,fb5214d8d1bf5caa839f81a965024f62,limit_spin_density_zero_rect2x3,rect2x3_hole_2,antithetic,4096,651007702
DEVELOPMENT,46,89bd5e9b58115b60bdad35f43f6437be,limit_spin_density_zero_rect2x3,rect2x3_hole_3,antithetic,4096,257877822
DEVELOPMENT,47,8d9f57771b025ad2b6da9e578278aa6a,limit_hopping_zero_chain6,chain6_hole_2,antithetic,4096,3144015273
DEVELOPMENT,47,db87e6c265d45773bb6297db5af0c11f,limit_hopping_zero_chain6,chain6_hole_4,antithetic,4096,3896505611
DEVELOPMENT,47,fb5214d8d1bf5caa839f81a965024f62,limit_spin_density_zero_rect2x3,rect2x3_hole_2,antithetic,4096,2819749168
DEVELOPMENT,47,89bd5e9b58115b60bdad35f43f6437be,limit_spin_density_zero_rect2x3,rect2x3_hole_3,antithetic,4096,1939742685
DEVELOPMENT,48,8d9f57771b025ad2b6da9e578278aa6a,limit_hopping_zero_chain6,chain6_hole_2,antithetic,4096,2759161813
DEVELOPMENT,48,db87e6c265d45773bb6297db5af0c11f,limit_hopping_zero_chain6,chain6_hole_4,antithetic,4096,680563907
DEVELOPMENT,48,fb5214d8d1bf5caa839f81a965024f62,limit_spin_density_zero_rect2x3,rect2x3_hole_2,antithetic,4096,1001157463
DEVELOPMENT,48,89bd5e9b58115b60bdad35f43f6437be,limit_spin_density_zero_rect2x3,rect2x3_hole_3,antithetic,4096,1302898208
DEVELOPMENT,49,8d9f57771b025ad2b6da9e578278aa6a,limit_hopping_zero_chain6,chain6_hole_2,antithetic,4096,3016257261
DEVELOPMENT,49,db87e6c265d45773bb6297db5af0c11f,limit_hopping_zero_chain6,chain6_hole_4,antithetic,4096,286753077
DEVELOPMENT,49,fb5214d8d1bf5caa839f81a965024f62,limit_spin_density_zero_rect2x3,rect2x3_hole_2,antithetic,4096,1459474055
DEVELOPMENT,49,89bd5e9b58115b60bdad35f43f6437be,limit_spin_density_zero_rect2x3,rect2x3_hole_3,antithetic,4096,2141765548
DEVELOPMENT,50,8d9f57771b025ad2b6da9e578278aa6a,limit_hopping_zero_chain6,chain6_hole_2,antithetic,4096,3041856991
DEVELOPMENT,50,db87e6c265d45773bb6297db5af0c11f,limit_hopping_zero_chain6,chain6_hole_4,antithetic,4096,3758471142
DEVELOPMENT,50,fb5214d8d1bf5caa839f81a965024f62,limit_spin_density_zero_rect2x3,rect2x3_hole_2,antithetic,4096,2241411181
DEVELOPMENT,50,89bd5e9b58115b60bdad35f43f6437be,limit_spin_density_zero_rect2x3,rect2x3_hole_3,antithetic,4096,3791256901
DEVELOPMENT,51,8d9f57771b025ad2b6da9e578278aa6a,limit_hopping_zero_chain6,chain6_hole_2,antithetic,4096,1534743394
DEVELOPMENT,51,db87e6c265d45773bb6297db5af0c11f,limit_hopping_zero_chain6,chain6_hole_4,antithetic,4096,2647122364
DEVELOPMENT,51,fb5214d8d1bf5caa839f81a965024f62,limit_spin_density_zero_rect2x3,rect2x3_hole_2,antithetic,4096,717926961
DEVELOPMENT,51,89bd5e9b58115b60bdad35f43f6437be,limit_spin_density_zero_rect2x3,rect2x3_hole_3,antithetic,4096,3321117252
DEVELOPMENT,52,8d9f57771b025ad2b6da9e578278aa6a,limit_hopping_zero_chain6,chain6_hole_2,antithetic,4096,862742667
DEVELOPMENT,52,db87e6c265d45773bb6297db5af0c11f,limit_hopping_zero_chain6,chain6_hole_4,antithetic,4096,3618675724
DEVELOPMENT,52,fb5214d8d1bf5caa839f81a965024f62,limit_spin_density_zero_rect2x3,rect2x3_hole_2,antithetic,4096,2990436609
DEVELOPMENT,52,89bd5e9b58115b60bdad35f43f6437be,limit_spin_density_zero_rect2x3,rect2x3_hole_3,antithetic,4096,1379344746
DEVELOPMENT,53,8d9f57771b025ad2b6da9e578278aa6a,limit_hopping_zero_chain6,chain6_hole_2,antithetic,4096,2199125586
DEVELOPMENT,53,db87e6c265d45773bb6297db5af0c11f,limit_hopping_zero_chain6,chain6_hole_4,antithetic,4096,880324074
DEVELOPMENT,53,fb5214d8d1bf5caa839f81a965024f62,limit_spin_density_zero_rect2x3,rect2x3_hole_2,antithetic,4096,2679150331
DEVELOPMENT,53,89bd5e9b58115b60bdad35f43f6437be,limit_spin_density_zero_rect2x3,rect2x3_hole_3,antithetic,4096,1294025291
DEVELOPMENT,54,8d9f57771b025ad2b6da9e578278aa6a,limit_hopping_zero_chain6,chain6_hole_2,antithetic,4096,3555416503
DEVELOPMENT,54,db87e6c265d45773bb6297db5af0c11f,limit_hopping_zero_chain6,chain6_hole_4,antithetic,4096,2509463009
DEVELOPMENT,54,fb5214d8d1bf5caa839f81a965024f62,limit_spin_density_zero_rect2x3,rect2x3_hole_2,antithetic,4096,2878924583
DEVELOPMENT,54,89bd5e9b58115b60bdad35f43f6437be,limit_spin_density_zero_rect2x3,rect2x3_hole_3,antithetic,4096,331888852
DEVELOPMENT,55,8d9f57771b025ad2b6da9e578278aa6a,limit_hopping_zero_chain6,chain6_hole_2,antithetic,4096,2181579908
DEVELOPMENT,55,db87e6c265d45773bb6297db5af0c11f,limit_hopping_zero_chain6,chain6_hole_4,antithetic,4096,379331870
DEVELOPMENT,55,fb5214d8d1bf5caa839f81a965024f62,limit_spin_density_zero_rect2x3,rect2x3_hole_2,antithetic,4096,2896978529
DEVELOPMENT,55,89bd5e9b58115b60bdad35f43f6437be,limit_spin_density_zero_rect2x3,rect2x3_hole_3,antithetic,4096,395550343
DEVELOPMENT,56,8d9f57771b025ad2b6da9e578278aa6a,limit_hopping_zero_chain6,chain6_hole_2,antithetic,4096,3878211980
DEVELOPMENT,56,db87e6c265d45773bb6297db5af0c11f,limit_hopping_zero_chain6,chain6_hole_4,antithetic,4096,2073124138
DEVELOPMENT,56,fb5214d8d1bf5caa839f81a965024f62,limit_spin_density_zero_rect2x3,rect2x3_hole_2,antithetic,4096,2743499015
DEVELOPMENT,56,89bd5e9b58115b60bdad35f43f6437be,limit_spin_density_zero_rect2x3,rect2x3_hole_3,antithetic,4096,4034665654
DEVELOPMENT,57,8d9f57771b025ad2b6da9e578278aa6a,limit_hopping_zero_chain6,chain6_hole_2,antithetic,4096,1494767459
DEVELOPMENT,57,db87e6c265d45773bb6297db5af0c11f,limit_hopping_zero_chain6,chain6_hole_4,antithetic,4096,863797280
DEVELOPMENT,57,fb5214d8d1bf5caa839f81a965024f62,limit_spin_density_zero_rect2x3,rect2x3_hole_2,antithetic,4096,2558901536
DEVELOPMENT,57,89bd5e9b58115b60bdad35f43f6437be,limit_spin_density_zero_rect2x3,rect2x3_hole_3,antithetic,4096,940516065
DEVELOPMENT,58,8d9f57771b025ad2b6da9e578278aa6a,limit_hopping_zero_chain6,chain6_hole_2,antithetic,4096,3106485405
DEVELOPMENT,58,db87e6c265d45773bb6297db5af0c11f,limit_hopping_zero_chain6,chain6_hole_4,antithetic,4096,3920252271
DEVELOPMENT,58,fb5214d8d1bf5caa839f81a965024f62,limit_spin_density_zero_rect2x3,rect2x3_hole_2,antithetic,4096,2930980857
DEVELOPMENT,58,89bd5e9b58115b60bdad35f43f6437be,limit_spin_density_zero_rect2x3,rect2x3_hole_3,antithetic,4096,1881276204
DEVELOPMENT,59,8d9f57771b025ad2b6da9e578278aa6a,limit_hopping_zero_chain6,chain6_hole_2,antithetic,4096,535752395
DEVELOPMENT,59,db87e6c265d45773bb6297db5af0c11f,limit_hopping_zero_chain6,chain6_hole_4,antithetic,4096,288422471
DEVELOPMENT,59,fb5214d8d1bf5caa839f81a965024f62,limit_spin_density_zero_rect2x3,rect2x3_hole_2,antithetic,4096,2167053763
DEVELOPMENT,59,89bd5e9b58115b60bdad35f43f6437be,limit_spin_density_zero_rect2x3,rect2x3_hole_3,antithetic,4096,1891940089
DEVELOPMENT,60,8d9f57771b025ad2b6da9e578278aa6a,limit_hopping_zero_chain6,chain6_hole_2,antithetic,4096,294773745
DEVELOPMENT,60,db87e6c265d45773bb6297db5af0c11f,limit_hopping_zero_chain6,chain6_hole_4,antithetic,4096,3233982629
DEVELOPMENT,60,fb5214d8d1bf5caa839f81a965024f62,limit_spin_density_zero_rect2x3,rect2x3_hole_2,antithetic,4096,2772088441
DEVELOPMENT,60,89bd5e9b58115b60bdad35f43f6437be,limit_spin_density_zero_rect2x3,rect2x3_hole_3,antithetic,4096,3235290237
DEVELOPMENT,61,8d9f57771b025ad2b6da9e578278aa6a,limit_hopping_zero_chain6,chain6_hole_2,antithetic,4096,1078560102
DEVELOPMENT,61,db87e6c265d45773bb6297db5af0c11f,limit_hopping_zero_chain6,chain6_hole_4,antithetic,4096,3507477072
DEVELOPMENT,61,fb5214d8d1bf5caa839f81a965024f62,limit_spin_density_zero_rect2x3,rect2x3_hole_2,antithetic,4096,627794791
DEVELOPMENT,61,89bd5e9b58115b60bdad35f43f6437be,limit_spin_density_zero_rect2x3,rect2x3_hole_3,antithetic,4096,303788795
DEVELOPMENT,62,8d9f57771b025ad2b6da9e578278aa6a,limit_hopping_zero_chain6,chain6_hole_2,antithetic,4096,1609990405
DEVELOPMENT,62,db87e6c265d45773bb6297db5af0c11f,limit_hopping_zero_chain6,chain6_hole_4,antithetic,4096,2653222827
DEVELOPMENT,62,fb5214d8d1bf5caa839f81a965024f62,limit_spin_density_zero_rect2x3,rect2x3_hole_2,antithetic,4096,1133122369
DEVELOPMENT,62,89bd5e9b58115b60bdad35f43f6437be,limit_spin_density_zero_rect2x3,rect2x3_hole_3,antithetic,4096,235745530
DEVELOPMENT,63,8d9f57771b025ad2b6da9e578278aa6a,limit_hopping_zero_chain6,chain6_hole_2,antithetic,4096,1956150670
DEVELOPMENT,63,db87e6c265d45773bb6297db5af0c11f,limit_hopping_zero_chain6,chain6_hole_4,antithetic,4096,1261392783
DEVELOPMENT,63,fb5214d8d1bf5caa839f81a965024f62,limit_spin_density_zero_rect2x3,rect2x3_hole_2,antithetic,4096,2224429023
DEVELOPMENT,63,89bd5e9b58115b60bdad35f43f6437be,limit_spin_density_zero_rect2x3,rect2x3_hole_3,antithetic,4096,719396948
DEVELOPMENT,64,8d9f57771b025ad2b6da9e578278aa6a,limit_hopping_zero_chain6,chain6_hole_2,antithetic,4096,3764064052
DEVELOPMENT,64,db87e6c265d45773bb6297db5af0c11f,limit_hopping_zero_chain6,chain6_hole_4,antithetic,4096,2587566805
DEVELOPMENT,64,fb5214d8d1bf5caa839f81a965024f62,limit_spin_density_zero_rect2x3,rect2x3_hole_2,antithetic,4096,2667361529
DEVELOPMENT,64,89bd5e9b58115b60bdad35f43f6437be,limit_spin_density_zero_rect2x3,rect2x3_hole_3,antithetic,4096,517230372
DEVELOPMENT,65,8d9f57771b025ad2b6da9e578278aa6a,limit_hopping_zero_chain6,chain6_hole_2,antithetic,4096,3002705235
DEVELOPMENT,65,db87e6c265d45773bb6297db5af0c11f,limit_hopping_zero_chain6,chain6_hole_4,antithetic,4096,1427567804
DEVELOPMENT,65,fb5214d8d1bf5caa839f81a965024f62,limit_spin_density_zero_rect2x3,rect2x3_hole_2,antithetic,4096,2385806564
DEVELOPMENT,65,89bd5e9b58115b60bdad35f43f6437be,limit_spin_density_zero_rect2x3,rect2x3_hole_3,antithetic,4096,1622102806
DEVELOPMENT,66,8d9f57771b025ad2b6da9e578278aa6a,limit_hopping_zero_chain6,chain6_hole_2,antithetic,4096,202906918
DEVELOPMENT,66,db87e6c265d45773bb6297db5af0c11f,limit_hopping_zero_chain6,chain6_hole_4,antithetic,4096,3388859344
DEVELOPMENT,66,fb5214d8d1bf5caa839f81a965024f62,limit_spin_density_zero_rect2x3,rect2x3_hole_2,antithetic,4096,3480622530
DEVELOPMENT,66,89bd5e9b58115b60bdad35f43f6437be,limit_spin_density_zero_rect2x3,rect2x3_hole_3,antithetic,4096,2241328883
DEVELOPMENT,67,8d9f57771b025ad2b6da9e578278aa6a,limit_hopping_zero_chain6,chain6_hole_2,antithetic,4096,1218814238
DEVELOPMENT,67,db87e6c265d45773bb6297db5af0c11f,limit_hopping_zero_chain6,chain6_hole_4,antithetic,4096,330042147
DEVELOPMENT,67,fb5214d8d1bf5caa839f81a965024f62,limit_spin_density_zero_rect2x3,rect2x3_hole_2,antithetic,4096,2602429101
DEVELOPMENT,67,89bd5e9b58115b60bdad35f43f6437be,limit_spin_density_zero_rect2x3,rect2x3_hole_3,antithetic,4096,1637767804
DEVELOPMENT,68,8d9f57771b025ad2b6da9e578278aa6a,limit_hopping_zero_chain6,chain6_hole_2,antithetic,4096,2673263980
DEVELOPMENT,68,db87e6c265d45773bb6297db5af0c11f,limit_hopping_zero_chain6,chain6_hole_4,antithetic,4096,826449769
DEVELOPMENT,68,fb5214d8d1bf5caa839f81a965024f62,limit_spin_density_zero_rect2x3,rect2x3_hole_2,antithetic,4096,208494129
DEVELOPMENT,68,89bd5e9b58115b60bdad35f43f6437be,limit_spin_density_zero_rect2x3,rect2x3_hole_3,antithetic,4096,1732141430
DEVELOPMENT,69,8d9f57771b025ad2b6da9e578278aa6a,limit_hopping_zero_chain6,chain6_hole_2,antithetic,4096,2770304213
DEVELOPMENT,69,db87e6c265d45773bb6297db5af0c11f,limit_hopping_zero_chain6,chain6_hole_4,antithetic,4096,254458299
DEVELOPMENT,69,fb5214d8d1bf5caa839f81a965024f62,limit_spin_density_zero_rect2x3,rect2x3_hole_2,antithetic,4096,3367656712
DEVELOPMENT,69,89bd5e9b58115b60bdad35f43f6437be,limit_spin_density_zero_rect2x3,rect2x3_hole_3,antithetic,4096,4243463567
DEVELOPMENT,70,8d9f57771b025ad2b6da9e578278aa6a,limit_hopping_zero_chain6,chain6_hole_2,antithetic,4096,1993334476
DEVELOPMENT,70,db87e6c265d45773bb6297db5af0c11f,limit_hopping_zero_chain6,chain6_hole_4,antithetic,4096,3399174890
DEVELOPMENT,70,fb5214d8d1bf5caa839f81a965024f62,limit_spin_density_zero_rect2x3,rect2x3_hole_2,antithetic,4096,1364940141
DEVELOPMENT,70,89bd5e9b58115b60bdad35f43f6437be,limit_spin_density_zero_rect2x3,rect2x3_hole_3,antithetic,4096,4128046426
DEVELOPMENT,71,8d9f57771b025ad2b6da9e578278aa6a,limit_hopping_zero_chain6,chain6_hole_2,antithetic,4096,885058930
DEVELOPMENT,71,db87e6c265d45773bb6297db5af0c11f,limit_hopping_zero_chain6,chain6_hole_4,antithetic,4096,1540263560
DEVELOPMENT,71,fb5214d8d1bf5caa839f81a965024f62,limit_spin_density_zero_rect2x3,rect2x3_hole_2,antithetic,4096,756639080
DEVELOPMENT,71,89bd5e9b58115b60bdad35f43f6437be,limit_spin_density_zero_rect2x3,rect2x3_hole_3,antithetic,4096,2133559956
DEVELOPMENT,72,8d9f57771b025ad2b6da9e578278aa6a,limit_hopping_zero_chain6,chain6_hole_2,antithetic,4096,1161314065
DEVELOPMENT,72,db87e6c265d45773bb6297db5af0c11f,limit_hopping_zero_chain6,chain6_hole_4,antithetic,4096,3617559162
DEVELOPMENT,72,fb5214d8d1bf5caa839f81a965024f62,limit_spin_density_zero_rect2x3,rect2x3_hole_2,antithetic,4096,2885235822
DEVELOPMENT,72,89bd5e9b58115b60bdad35f43f6437be,limit_spin_density_zero_rect2x3,rect2x3_hole_3,antithetic,4096,1312774005
DEVELOPMENT,73,8d9f57771b025ad2b6da9e578278aa6a,limit_hopping_zero_chain6,chain6_hole_2,antithetic,4096,1022087710
DEVELOPMENT,73,db87e6c265d45773bb6297db5af0c11f,limit_hopping_zero_chain6,chain6_hole_4,antithetic,4096,1698306139
DEVELOPMENT,73,fb5214d8d1bf5caa839f81a965024f62,limit_spin_density_zero_rect2x3,rect2x3_hole_2,antithetic,4096,1267664356
DEVELOPMENT,73,89bd5e9b58115b60bdad35f43f6437be,limit_spin_density_zero_rect2x3,rect2x3_hole_3,antithetic,4096,1995355506
DEVELOPMENT,74,8d9f57771b025ad2b6da9e578278aa6a,limit_hopping_zero_chain6,chain6_hole_2,antithetic,4096,2488115836
DEVELOPMENT,74,db87e6c265d45773bb6297db5af0c11f,limit_hopping_zero_chain6,chain6_hole_4,antithetic,4096,250782810
DEVELOPMENT,74,fb5214d8d1bf5caa839f81a965024f62,limit_spin_density_zero_rect2x3,rect2x3_hole_2,antithetic,4096,233907815
DEVELOPMENT,74,89bd5e9b58115b60bdad35f43f6437be,limit_spin_density_zero_rect2x3,rect2x3_hole_3,antithetic,4096,2117784242
DEVELOPMENT,75,8d9f57771b025ad2b6da9e578278aa6a,limit_hopping_zero_chain6,chain6_hole_2,antithetic,4096,1435640578
DEVELOPMENT,75,db87e6c265d45773bb6297db5af0c11f,limit_hopping_zero_chain6,chain6_hole_4,antithetic,4096,2854680683
DEVELOPMENT,75,fb5214d8d1bf5caa839f81a965024f62,limit_spin_density_zero_rect2x3,rect2x3_hole_2,antithetic,4096,585512998
DEVELOPMENT,75,89bd5e9b58115b60bdad35f43f6437be,limit_spin_density_zero_rect2x3,rect2x3_hole_3,antithetic,4096,510672019
DEVELOPMENT,76,8d9f57771b025ad2b6da9e578278aa6a,limit_hopping_zero_chain6,chain6_hole_2,antithetic,4096,488917446
DEVELOPMENT,76,db87e6c265d45773bb6297db5af0c11f,limit_hopping_zero_chain6,chain6_hole_4,antithetic,4096,2627294214
DEVELOPMENT,76,fb5214d8d1bf5caa839f81a965024f62,limit_spin_density_zero_rect2x3,rect2x3_hole_2,antithetic,4096,4142018972
DEVELOPMENT,76,89bd5e9b58115b60bdad35f43f6437be,limit_spin_density_zero_rect2x3,rect2x3_hole_3,antithetic,4096,3817104995
DEVELOPMENT,77,8d9f57771b025ad2b6da9e578278aa6a,limit_hopping_zero_chain6,chain6_hole_2,antithetic,4096,1562060533
DEVELOPMENT,77,db87e6c265d45773bb6297db5af0c11f,limit_hopping_zero_chain6,chain6_hole_4,antithetic,4096,1628038254
DEVELOPMENT,77,fb5214d8d1bf5caa839f81a965024f62,limit_spin_density_zero_rect2x3,rect2x3_hole_2,antithetic,4096,937069105
DEVELOPMENT,77,89bd5e9b58115b60bdad35f43f6437be,limit_spin_density_zero_rect2x3,rect2x3_hole_3,antithetic,4096,1214688892
DEVELOPMENT,78,8d9f57771b025ad2b6da9e578278aa6a,limit_hopping_zero_chain6,chain6_hole_2,antithetic,4096,1944989497
DEVELOPMENT,78,db87e6c265d45773bb6297db5af0c11f,limit_hopping_zero_chain6,chain6_hole_4,antithetic,4096,2356647243
DEVELOPMENT,78,fb5214d8d1bf5caa839f81a965024f62,limit_spin_density_zero_rect2x3,rect2x3_hole_2,antithetic,4096,2302191784
DEVELOPMENT,78,89bd5e9b58115b60bdad35f43f6437be,limit_spin_density_zero_rect2x3,rect2x3_hole_3,antithetic,4096,4118505060
DEVELOPMENT,79,8d9f57771b025ad2b6da9e578278aa6a,limit_hopping_zero_chain6,chain6_hole_2,antithetic,4096,3067519042
DEVELOPMENT,79,db87e6c265d45773bb6297db5af0c11f,limit_hopping_zero_chain6,chain6_hole_4,antithetic,4096,1159131411
DEVELOPMENT,79,fb5214d8d1bf5caa839f81a965024f62,limit_spin_density_zero_rect2x3,rect2x3_hole_2,antithetic,4096,1576988250
DEVELOPMENT,79,89bd5e9b58115b60bdad35f43f6437be,limit_spin_density_zero_rect2x3,rect2x3_hole_3,antithetic,4096,135834745
DEVELOPMENT,80,8d9f57771b025ad2b6da9e578278aa6a,limit_hopping_zero_chain6,chain6_hole_2,antithetic,4096,1264482075
DEVELOPMENT,80,db87e6c265d45773bb6297db5af0c11f,limit_hopping_zero_chain6,chain6_hole_4,antithetic,4096,3126081085
DEVELOPMENT,80,fb5214d8d1bf5caa839f81a965024f62,limit_spin_density_zero_rect2x3,rect2x3_hole_2,antithetic,4096,2787215951
DEVELOPMENT,80,89bd5e9b58115b60bdad35f43f6437be,limit_spin_density_zero_rect2x3,rect2x3_hole_3,antithetic,4096,2820982036
DEVELOPMENT,81,8d9f57771b025ad2b6da9e578278aa6a,limit_hopping_zero_chain6,chain6_hole_2,antithetic,4096,1602137960
DEVELOPMENT,81,db87e6c265d45773bb6297db5af0c11f,limit_hopping_zero_chain6,chain6_hole_4,antithetic,4096,3311534020
DEVELOPMENT,81,fb5214d8d1bf5caa839f81a965024f62,limit_spin_density_zero_rect2x3,rect2x3_hole_2,antithetic,4096,3317057380
DEVELOPMENT,81,89bd5e9b58115b60bdad35f43f6437be,limit_spin_density_zero_rect2x3,rect2x3_hole_3,antithetic,4096,778999382
DEVELOPMENT,82,8d9f57771b025ad2b6da9e578278aa6a,limit_hopping_zero_chain6,chain6_hole_2,antithetic,4096,2190801295
DEVELOPMENT,82,db87e6c265d45773bb6297db5af0c11f,limit_hopping_zero_chain6,chain6_hole_4,antithetic,4096,3514815752
DEVELOPMENT,82,fb5214d8d1bf5caa839f81a965024f62,limit_spin_density_zero_rect2x3,rect2x3_hole_2,antithetic,4096,1355535803
DEVELOPMENT,82,89bd5e9b58115b60bdad35f43f6437be,limit_spin_density_zero_rect2x3,rect2x3_hole_3,antithetic,4096,4201807035
DEVELOPMENT,83,8d9f57771b025ad2b6da9e578278aa6a,limit_hopping_zero_chain6,chain6_hole_2,antithetic,4096,3558084777
DEVELOPMENT,83,db87e6c265d45773bb6297db5af0c11f,limit_hopping_zero_chain6,chain6_hole_4,antithetic,4096,2410986917
DEVELOPMENT,83,fb5214d8d1bf5caa839f81a965024f62,limit_spin_density_zero_rect2x3,rect2x3_hole_2,antithetic,4096,1471305107
DEVELOPMENT,83,89bd5e9b58115b60bdad35f43f6437be,limit_spin_density_zero_rect2x3,rect2x3_hole_3,antithetic,4096,3220969237
DEVELOPMENT,84,8d9f57771b025ad2b6da9e578278aa6a,limit_hopping_zero_chain6,chain6_hole_2,antithetic,4096,1130895277
DEVELOPMENT,84,db87e6c265d45773bb6297db5af0c11f,limit_hopping_zero_chain6,chain6_hole_4,antithetic,4096,445937585
DEVELOPMENT,84,fb5214d8d1bf5caa839f81a965024f62,limit_spin_density_zero_rect2x3,rect2x3_hole_2,antithetic,4096,235300181
DEVELOPMENT,84,89bd5e9b58115b60bdad35f43f6437be,limit_spin_density_zero_rect2x3,rect2x3_hole_3,antithetic,4096,984491271
DEVELOPMENT,85,8d9f57771b025ad2b6da9e578278aa6a,limit_hopping_zero_chain6,chain6_hole_2,antithetic,4096,2448911175
DEVELOPMENT,85,db87e6c265d45773bb6297db5af0c11f,limit_hopping_zero_chain6,chain6_hole_4,antithetic,4096,2352991700
DEVELOPMENT,85,fb5214d8d1bf5caa839f81a965024f62,limit_spin_density_zero_rect2x3,rect2x3_hole_2,antithetic,4096,1499777042
DEVELOPMENT,85,89bd5e9b58115b60bdad35f43f6437be,limit_spin_density_zero_rect2x3,rect2x3_hole_3,antithetic,4096,1033538500
DEVELOPMENT,86,8d9f57771b025ad2b6da9e578278aa6a,limit_hopping_zero_chain6,chain6_hole_2,antithetic,4096,1761858289
DEVELOPMENT,86,db87e6c265d45773bb6297db5af0c11f,limit_hopping_zero_chain6,chain6_hole_4,antithetic,4096,4072790937
DEVELOPMENT,86,fb5214d8d1bf5caa839f81a965024f62,limit_spin_density_zero_rect2x3,rect2x3_hole_2,antithetic,4096,3347428554
DEVELOPMENT,86,89bd5e9b58115b60bdad35f43f6437be,limit_spin_density_zero_rect2x3,rect2x3_hole_3,antithetic,4096,2353892453
DEVELOPMENT,87,8d9f57771b025ad2b6da9e578278aa6a,limit_hopping_zero_chain6,chain6_hole_2,antithetic,4096,1857004196
DEVELOPMENT,87,db87e6c265d45773bb6297db5af0c11f,limit_hopping_zero_chain6,chain6_hole_4,antithetic,4096,37388678
DEVELOPMENT,87,fb5214d8d1bf5caa839f81a965024f62,limit_spin_density_zero_rect2x3,rect2x3_hole_2,antithetic,4096,1882833113
DEVELOPMENT,87,89bd5e9b58115b60bdad35f43f6437be,limit_spin_density_zero_rect2x3,rect2x3_hole_3,antithetic,4096,2529323125
DEVELOPMENT,88,8d9f57771b025ad2b6da9e578278aa6a,limit_hopping_zero_chain6,chain6_hole_2,antithetic,4096,1529463183
DEVELOPMENT,88,db87e6c265d45773bb6297db5af0c11f,limit_hopping_zero_chain6,chain6_hole_4,antithetic,4096,463887100
DEVELOPMENT,88,fb5214d8d1bf5caa839f81a965024f62,limit_spin_density_zero_rect2x3,rect2x3_hole_2,antithetic,4096,144745864
DEVELOPMENT,88,89bd5e9b58115b60bdad35f43f6437be,limit_spin_density_zero_rect2x3,rect2x3_hole_3,antithetic,4096,1330798016
DEVELOPMENT,89,8d9f57771b025ad2b6da9e578278aa6a,limit_hopping_zero_chain6,chain6_hole_2,antithetic,4096,3640403691
DEVELOPMENT,89,db87e6c265d45773bb6297db5af0c11f,limit_hopping_zero_chain6,chain6_hole_4,antithetic,4096,2548851798
DEVELOPMENT,89,fb5214d8d1bf5caa839f81a965024f62,limit_spin_density_zero_rect2x3,rect2x3_hole_2,antithetic,4096,2849668500
DEVELOPMENT,89,89bd5e9b58115b60bdad35f43f6437be,limit_spin_density_zero_rect2x3,rect2x3_hole_3,antithetic,4096,3288188895
DEVELOPMENT,90,8d9f57771b025ad2b6da9e578278aa6a,limit_hopping_zero_chain6,chain6_hole_2,antithetic,4096,2956810159
DEVELOPMENT,90,db87e6c265d45773bb6297db5af0c11f,limit_hopping_zero_chain6,chain6_hole_4,antithetic,4096,3618542629
DEVELOPMENT,90,fb5214d8d1bf5caa839f81a965024f62,limit_spin_density_zero_rect2x3,rect2x3_hole_2,antithetic,4096,4271767455
DEVELOPMENT,90,89bd5e9b58115b60bdad35f43f6437be,limit_spin_density_zero_rect2x3,rect2x3_hole_3,antithetic,4096,1456958757
DEVELOPMENT,91,8d9f57771b025ad2b6da9e578278aa6a,limit_hopping_zero_chain6,chain6_hole_2,antithetic,4096,2177264896
DEVELOPMENT,91,db87e6c265d45773bb6297db5af0c11f,limit_hopping_zero_chain6,chain6_hole_4,antithetic,4096,3845102777
DEVELOPMENT,91,fb5214d8d1bf5caa839f81a965024f62,limit_spin_density_zero_rect2x3,rect2x3_hole_2,antithetic,4096,3732297715
DEVELOPMENT,91,89bd5e9b58115b60bdad35f43f6437be,limit_spin_density_zero_rect2x3,rect2x3_hole_3,antithetic,4096,3025373431
DEVELOPMENT,92,8d9f57771b025ad2b6da9e578278aa6a,limit_hopping_zero_chain6,chain6_hole_2,antithetic,4096,2488099088
DEVELOPMENT,92,db87e6c265d45773bb6297db5af0c11f,limit_hopping_zero_chain6,chain6_hole_4,antithetic,4096,3072160361
DEVELOPMENT,92,fb5214d8d1bf5caa839f81a965024f62,limit_spin_density_zero_rect2x3,rect2x3_hole_2,antithetic,4096,919392242
DEVELOPMENT,92,89bd5e9b58115b60bdad35f43f6437be,limit_spin_density_zero_rect2x3,rect2x3_hole_3,antithetic,4096,2913380236
DEVELOPMENT,93,8d9f57771b025ad2b6da9e578278aa6a,limit_hopping_zero_chain6,chain6_hole_2,antithetic,4096,244550014
DEVELOPMENT,93,db87e6c265d45773bb6297db5af0c11f,limit_hopping_zero_chain6,chain6_hole_4,antithetic,4096,1135366736
DEVELOPMENT,93,fb5214d8d1bf5caa839f81a965024f62,limit_spin_density_zero_rect2x3,rect2x3_hole_2,antithetic,4096,440152403
DEVELOPMENT,93,89bd5e9b58115b60bdad35f43f6437be,limit_spin_density_zero_rect2x3,rect2x3_hole_3,antithetic,4096,1476077689
DEVELOPMENT,94,8d9f57771b025ad2b6da9e578278aa6a,limit_hopping_zero_chain6,chain6_hole_2,antithetic,4096,637307978
DEVELOPMENT,94,db87e6c265d45773bb6297db5af0c11f,limit_hopping_zero_chain6,chain6_hole_4,antithetic,4096,1635441148
DEVELOPMENT,94,fb5214d8d1bf5caa839f81a965024f62,limit_spin_density_zero_rect2x3,rect2x3_hole_2,antithetic,4096,3291706963
DEVELOPMENT,94,89bd5e9b58115b60bdad35f43f6437be,limit_spin_density_zero_rect2x3,rect2x3_hole_3,antithetic,4096,2249032355
DEVELOPMENT,95,8d9f57771b025ad2b6da9e578278aa6a,limit_hopping_zero_chain6,chain6_hole_2,antithetic,4096,1942682959
DEVELOPMENT,95,db87e6c265d45773bb6297db5af0c11f,limit_hopping_zero_chain6,chain6_hole_4,antithetic,4096,795352679
DEVELOPMENT,95,fb5214d8d1bf5caa839f81a965024f62,limit_spin_density_zero_rect2x3,rect2x3_hole_2,antithetic,4096,931108961
DEVELOPMENT,95,89bd5e9b58115b60bdad35f43f6437be,limit_spin_density_zero_rect2x3,rect2x3_hole_3,antithetic,4096,443389512
DEVELOPMENT,96,8d9f57771b025ad2b6da9e578278aa6a,limit_hopping_zero_chain6,chain6_hole_2,antithetic,4096,1005873350
DEVELOPMENT,96,db87e6c265d45773bb6297db5af0c11f,limit_hopping_zero_chain6,chain6_hole_4,antithetic,4096,3414558654
DEVELOPMENT,96,fb5214d8d1bf5caa839f81a965024f62,limit_spin_density_zero_rect2x3,rect2x3_hole_2,antithetic,4096,2748958165
DEVELOPMENT,96,89bd5e9b58115b60bdad35f43f6437be,limit_spin_density_zero_rect2x3,rect2x3_hole_3,antithetic,4096,220789553
DEVELOPMENT,97,8d9f57771b025ad2b6da9e578278aa6a,limit_hopping_zero_chain6,chain6_hole_2,antithetic,4096,145490497
DEVELOPMENT,97,db87e6c265d45773bb6297db5af0c11f,limit_hopping_zero_chain6,chain6_hole_4,antithetic,4096,4271511072
DEVELOPMENT,97,fb5214d8d1bf5caa839f81a965024f62,limit_spin_density_zero_rect2x3,rect2x3_hole_2,antithetic,4096,2964852036
DEVELOPMENT,97,89bd5e9b58115b60bdad35f43f6437be,limit_spin_density_zero_rect2x3,rect2x3_hole_3,antithetic,4096,1101188148
DEVELOPMENT,98,8d9f57771b025ad2b6da9e578278aa6a,limit_hopping_zero_chain6,chain6_hole_2,antithetic,4096,3259483380
DEVELOPMENT,98,db87e6c265d45773bb6297db5af0c11f,limit_hopping_zero_chain6,chain6_hole_4,antithetic,4096,28813213
DEVELOPMENT,98,fb5214d8d1bf5caa839f81a965024f62,limit_spin_density_zero_rect2x3,rect2x3_hole_2,antithetic,4096,1046175666
DEVELOPMENT,98,89bd5e9b58115b60bdad35f43f6437be,limit_spin_density_zero_rect2x3,rect2x3_hole_3,antithetic,4096,621799566
DEVELOPMENT,99,8d9f57771b025ad2b6da9e578278aa6a,limit_hopping_zero_chain6,chain6_hole_2,antithetic,4096,3532917516
DEVELOPMENT,99,db87e6c265d45773bb6297db5af0c11f,limit_hopping_zero_chain6,chain6_hole_4,antithetic,4096,2513627452
DEVELOPMENT,99,fb5214d8d1bf5caa839f81a965024f62,limit_spin_density_zero_rect2x3,rect2x3_hole_2,antithetic,4096,2906446302
DEVELOPMENT,99,89bd5e9b58115b60bdad35f43f6437be,limit_spin_density_zero_rect2x3,rect2x3_hole_3,antithetic,4096,1508280141
DEVELOPMENT,100,8d9f57771b025ad2b6da9e578278aa6a,limit_hopping_zero_chain6,chain6_hole_2,antithetic,4096,4087582988
DEVELOPMENT,100,db87e6c265d45773bb6297db5af0c11f,limit_hopping_zero_chain6,chain6_hole_4,antithetic,4096,905830933
DEVELOPMENT,100,fb5214d8d1bf5caa839f81a965024f62,limit_spin_density_zero_rect2x3,rect2x3_hole_2,antithetic,4096,919828167
DEVELOPMENT,100,89bd5e9b58115b60bdad35f43f6437be,limit_spin_density_zero_rect2x3,rect2x3_hole_3,antithetic,4096,1794002553
DEVELOPMENT,101,8d9f57771b025ad2b6da9e578278aa6a,limit_hopping_zero_chain6,chain6_hole_2,antithetic,4096,3189560963
DEVELOPMENT,101,db87e6c265d45773bb6297db5af0c11f,limit_hopping_zero_chain6,chain6_hole_4,antithetic,4096,2824727780
DEVELOPMENT,101,fb5214d8d1bf5caa839f81a965024f62,limit_spin_density_zero_rect2x3,rect2x3_hole_2,antithetic,4096,1748011504
DEVELOPMENT,101,89bd5e9b58115b60bdad35f43f6437be,limit_spin_density_zero_rect2x3,rect2x3_hole_3,antithetic,4096,1885332329
DEVELOPMENT,102,8d9f57771b025ad2b6da9e578278aa6a,limit_hopping_zero_chain6,chain6_hole_2,antithetic,4096,2979420808
DEVELOPMENT,102,db87e6c265d45773bb6297db5af0c11f,limit_hopping_zero_chain6,chain6_hole_4,antithetic,4096,3287165419
DEVELOPMENT,102,fb5214d8d1bf5caa839f81a965024f62,limit_spin_density_zero_rect2x3,rect2x3_hole_2,antithetic,4096,3443895848
DEVELOPMENT,102,89bd5e9b58115b60bdad35f43f6437be,limit_spin_density_zero_rect2x3,rect2x3_hole_3,antithetic,4096,799450955
DEVELOPMENT,103,8d9f57771b025ad2b6da9e578278aa6a,limit_hopping_zero_chain6,chain6_hole_2,antithetic,4096,3907739931
DEVELOPMENT,103,db87e6c265d45773bb6297db5af0c11f,limit_hopping_zero_chain6,chain6_hole_4,antithetic,4096,2159172419
DEVELOPMENT,103,fb5214d8d1bf5caa839f81a965024f62,limit_spin_density_zero_rect2x3,rect2x3_hole_2,antithetic,4096,3628769354
DEVELOPMENT,103,89bd5e9b58115b60bdad35f43f6437be,limit_spin_density_zero_rect2x3,rect2x3_hole_3,antithetic,4096,1217479365
DEVELOPMENT,104,8d9f57771b025ad2b6da9e578278aa6a,limit_hopping_zero_chain6,chain6_hole_2,antithetic,4096,12504123
DEVELOPMENT,104,db87e6c265d45773bb6297db5af0c11f,limit_hopping_zero_chain6,chain6_hole_4,antithetic,4096,1226255513
DEVELOPMENT,104,fb5214d8d1bf5caa839f81a965024f62,limit_spin_density_zero_rect2x3,rect2x3_hole_2,antithetic,4096,1831475168
DEVELOPMENT,104,89bd5e9b58115b60bdad35f43f6437be,limit_spin_density_zero_rect2x3,rect2x3_hole_3,antithetic,4096,387172555
DEVELOPMENT,105,8d9f57771b025ad2b6da9e578278aa6a,limit_hopping_zero_chain6,chain6_hole_2,antithetic,4096,119298608
DEVELOPMENT,105,db87e6c265d45773bb6297db5af0c11f,limit_hopping_zero_chain6,chain6_hole_4,antithetic,4096,1658887550
DEVELOPMENT,105,fb5214d8d1bf5caa839f81a965024f62,limit_spin_density_zero_rect2x3,rect2x3_hole_2,antithetic,4096,2389548323
DEVELOPMENT,105,89bd5e9b58115b60bdad35f43f6437be,limit_spin_density_zero_rect2x3,rect2x3_hole_3,antithetic,4096,1657105483
DEVELOPMENT,106,8d9f57771b025ad2b6da9e578278aa6a,limit_hopping_zero_chain6,chain6_hole_2,antithetic,4096,1871347432
DEVELOPMENT,106,db87e6c265d45773bb6297db5af0c11f,limit_hopping_zero_chain6,chain6_hole_4,antithetic,4096,2539576353
DEVELOPMENT,106,fb5214d8d1bf5caa839f81a965024f62,limit_spin_density_zero_rect2x3,rect2x3_hole_2,antithetic,4096,2948215476
DEVELOPMENT,106,89bd5e9b58115b60bdad35f43f6437be,limit_spin_density_zero_rect2x3,rect2x3_hole_3,antithetic,4096,4073691930
DEVELOPMENT,107,8d9f57771b025ad2b6da9e578278aa6a,limit_hopping_zero_chain6,chain6_hole_2,antithetic,4096,955456606
DEVELOPMENT,107,db87e6c265d45773bb6297db5af0c11f,limit_hopping_zero_chain6,chain6_hole_4,antithetic,4096,8707557
DEVELOPMENT,107,fb5214d8d1bf5caa839f81a965024f62,limit_spin_density_zero_rect2x3,rect2x3_hole_2,antithetic,4096,2751158918
DEVELOPMENT,107,89bd5e9b58115b60bdad35f43f6437be,limit_spin_density_zero_rect2x3,rect2x3_hole_3,antithetic,4096,2749821310
DEVELOPMENT,108,8d9f57771b025ad2b6da9e578278aa6a,limit_hopping_zero_chain6,chain6_hole_2,antithetic,4096,484455556
DEVELOPMENT,108,db87e6c265d45773bb6297db5af0c11f,limit_hopping_zero_chain6,chain6_hole_4,antithetic,4096,3928372423
DEVELOPMENT,108,fb5214d8d1bf5caa839f81a965024f62,limit_spin_density_zero_rect2x3,rect2x3_hole_2,antithetic,4096,653669465
DEVELOPMENT,108,89bd5e9b58115b60bdad35f43f6437be,limit_spin_density_zero_rect2x3,rect2x3_hole_3,antithetic,4096,3126903030
DEVELOPMENT,109,8d9f57771b025ad2b6da9e578278aa6a,limit_hopping_zero_chain6,chain6_hole_2,antithetic,4096,3975422914
DEVELOPMENT,109,db87e6c265d45773bb6297db5af0c11f,limit_hopping_zero_chain6,chain6_hole_4,antithetic,4096,1227315144
DEVELOPMENT,109,fb5214d8d1bf5caa839f81a965024f62,limit_spin_density_zero_rect2x3,rect2x3_hole_2,antithetic,4096,3172644989
DEVELOPMENT,109,89bd5e9b58115b60bdad35f43f6437be,limit_spin_density_zero_rect2x3,rect2x3_hole_3,antithetic,4096,1092251371
DEVELOPMENT,110,8d9f57771b025ad2b6da9e578278aa6a,limit_hopping_zero_chain6,chain6_hole_2,antithetic,4096,1881910772
DEVELOPMENT,110,db87e6c265d45773bb6297db5af0c11f,limit_hopping_zero_chain6,chain6_hole_4,antithetic,4096,3048654725
DEVELOPMENT,110,fb5214d8d1bf5caa839f81a965024f62,limit_spin_density_zero_rect2x3,rect2x3_hole_2,antithetic,4096,2536271352
DEVELOPMENT,110,89bd5e9b58115b60bdad35f43f6437be,limit_spin_density_zero_rect2x3,rect2x3_hole_3,antithetic,4096,781561092
DEVELOPMENT,111,8d9f57771b025ad2b6da9e578278aa6a,limit_hopping_zero_chain6,chain6_hole_2,antithetic,4096,4120097276
DEVELOPMENT,111,db87e6c265d45773bb6297db5af0c11f,limit_hopping_zero_chain6,chain6_hole_4,antithetic,4096,3828003900
DEVELOPMENT,111,fb5214d8d1bf5caa839f81a965024f62,limit_spin_density_zero_rect2x3,rect2x3_hole_2,antithetic,4096,2425373545
DEVELOPMENT,111,89bd5e9b58115b60bdad35f43f6437be,limit_spin_density_zero_rect2x3,rect2x3_hole_3,antithetic,4096,2803469846
DEVELOPMENT,112,8d9f57771b025ad2b6da9e578278aa6a,limit_hopping_zero_chain6,chain6_hole_2,antithetic,4096,494218211
DEVELOPMENT,112,db87e6c265d45773bb6297db5af0c11f,limit_hopping_zero_chain6,chain6_hole_4,antithetic,4096,3127657536
DEVELOPMENT,112,fb5214d8d1bf5caa839f81a965024f62,limit_spin_density_zero_rect2x3,rect2x3_hole_2,antithetic,4096,1317095676
DEVELOPMENT,112,89bd5e9b58115b60bdad35f43f6437be,limit_spin_density_zero_rect2x3,rect2x3_hole_3,antithetic,4096,1468391034
DEVELOPMENT,113,8d9f57771b025ad2b6da9e578278aa6a,limit_hopping_zero_chain6,chain6_hole_2,antithetic,4096,1782655499
DEVELOPMENT,113,db87e6c265d45773bb6297db5af0c11f,limit_hopping_zero_chain6,chain6_hole_4,antithetic,4096,1213414983
DEVELOPMENT,113,fb5214d8d1bf5caa839f81a965024f62,limit_spin_density_zero_rect2x3,rect2x3_hole_2,antithetic,4096,1162107801
DEVELOPMENT,113,89bd5e9b58115b60bdad35f43f6437be,limit_spin_density_zero_rect2x3,rect2x3_hole_3,antithetic,4096,3469152438
DEVELOPMENT,114,8d9f57771b025ad2b6da9e578278aa6a,limit_hopping_zero_chain6,chain6_hole_2,antithetic,4096,163510874
DEVELOPMENT,114,db87e6c265d45773bb6297db5af0c11f,limit_hopping_zero_chain6,chain6_hole_4,antithetic,4096,2641831688
DEVELOPMENT,114,fb5214d8d1bf5caa839f81a965024f62,limit_spin_density_zero_rect2x3,rect2x3_hole_2,antithetic,4096,4202028164
DEVELOPMENT,114,89bd5e9b58115b60bdad35f43f6437be,limit_spin_density_zero_rect2x3,rect2x3_hole_3,antithetic,4096,219830180
DEVELOPMENT,115,8d9f57771b025ad2b6da9e578278aa6a,limit_hopping_zero_chain6,chain6_hole_2,antithetic,4096,3040859724
DEVELOPMENT,115,db87e6c265d45773bb6297db5af0c11f,limit_hopping_zero_chain6,chain6_hole_4,antithetic,4096,2642614757
DEVELOPMENT,115,fb5214d8d1bf5caa839f81a965024f62,limit_spin_density_zero_rect2x3,rect2x3_hole_2,antithetic,4096,3175770631
DEVELOPMENT,115,89bd5e9b58115b60bdad35f43f6437be,limit_spin_density_zero_rect2x3,rect2x3_hole_3,antithetic,4096,4020506175
DEVELOPMENT,116,8d9f57771b025ad2b6da9e578278aa6a,limit_hopping_zero_chain6,chain6_hole_2,antithetic,4096,3501707407
DEVELOPMENT,116,db87e6c265d45773bb6297db5af0c11f,limit_hopping_zero_chain6,chain6_hole_4,antithetic,4096,1814563250
DEVELOPMENT,116,fb5214d8d1bf5caa839f81a965024f62,limit_spin_density_zero_rect2x3,rect2x3_hole_2,antithetic,4096,3729594192
DEVELOPMENT,116,89bd5e9b58115b60bdad35f43f6437be,limit_spin_density_zero_rect2x3,rect2x3_hole_3,antithetic,4096,1052562438
DEVELOPMENT,117,8d9f57771b025ad2b6da9e578278aa6a,limit_hopping_zero_chain6,chain6_hole_2,antithetic,4096,3943482961
DEVELOPMENT,117,db87e6c265d45773bb6297db5af0c11f,limit_hopping_zero_chain6,chain6_hole_4,antithetic,4096,3098704315
DEVELOPMENT,117,fb5214d8d1bf5caa839f81a965024f62,limit_spin_density_zero_rect2x3,rect2x3_hole_2,antithetic,4096,122240896
DEVELOPMENT,117,89bd5e9b58115b60bdad35f43f6437be,limit_spin_density_zero_rect2x3,rect2x3_hole_3,antithetic,4096,3378161208
DEVELOPMENT,118,8d9f57771b025ad2b6da9e578278aa6a,limit_hopping_zero_chain6,chain6_hole_2,antithetic,4096,3244797244
DEVELOPMENT,118,db87e6c265d45773bb6297db5af0c11f,limit_hopping_zero_chain6,chain6_hole_4,antithetic,4096,2619213979
DEVELOPMENT,118,fb5214d8d1bf5caa839f81a965024f62,limit_spin_density_zero_rect2x3,rect2x3_hole_2,antithetic,4096,2404360591
DEVELOPMENT,118,89bd5e9b58115b60bdad35f43f6437be,limit_spin_density_zero_rect2x3,rect2x3_hole_3,antithetic,4096,1871516491
DEVELOPMENT,119,8d9f57771b025ad2b6da9e578278aa6a,limit_hopping_zero_chain6,chain6_hole_2,antithetic,4096,3898824267
DEVELOPMENT,119,db87e6c265d45773bb6297db5af0c11f,limit_hopping_zero_chain6,chain6_hole_4,antithetic,4096,2410189989
DEVELOPMENT,119,fb5214d8d1bf5caa839f81a965024f62,limit_spin_density_zero_rect2x3,rect2x3_hole_2,antithetic,4096,2312438220
DEVELOPMENT,119,89bd5e9b58115b60bdad35f43f6437be,limit_spin_density_zero_rect2x3,rect2x3_hole_3,antithetic,4096,555416299
DEVELOPMENT,120,8d9f57771b025ad2b6da9e578278aa6a,limit_hopping_zero_chain6,chain6_hole_2,antithetic,4096,2740833909
DEVELOPMENT,120,db87e6c265d45773bb6297db5af0c11f,limit_hopping_zero_chain6,chain6_hole_4,antithetic,4096,4242479521
DEVELOPMENT,120,fb5214d8d1bf5caa839f81a965024f62,limit_spin_density_zero_rect2x3,rect2x3_hole_2,antithetic,4096,3811348707
DEVELOPMENT,120,89bd5e9b58115b60bdad35f43f6437be,limit_spin_density_zero_rect2x3,rect2x3_hole_3,antithetic,4096,3769106909
DEVELOPMENT,121,8d9f57771b025ad2b6da9e578278aa6a,limit_hopping_zero_chain6,chain6_hole_2,antithetic,4096,3370123776
DEVELOPMENT,121,db87e6c265d45773bb6297db5af0c11f,limit_hopping_zero_chain6,chain6_hole_4,antithetic,4096,1297738193
DEVELOPMENT,121,fb5214d8d1bf5caa839f81a965024f62,limit_spin_density_zero_rect2x3,rect2x3_hole_2,antithetic,4096,1694672986
DEVELOPMENT,121,89bd5e9b58115b60bdad35f43f6437be,limit_spin_density_zero_rect2x3,rect2x3_hole_3,antithetic,4096,621736751
DEVELOPMENT,122,8d9f57771b025ad2b6da9e578278aa6a,limit_hopping_zero_chain6,chain6_hole_2,antithetic,4096,23967165
DEVELOPMENT,122,db87e6c265d45773bb6297db5af0c11f,limit_hopping_zero_chain6,chain6_hole_4,antithetic,4096,3444578640
DEVELOPMENT,122,fb5214d8d1bf5caa839f81a965024f62,limit_spin_density_zero_rect2x3,rect2x3_hole_2,antithetic,4096,2967705695
DEVELOPMENT,122,89bd5e9b58115b60bdad35f43f6437be,limit_spin_density_zero_rect2x3,rect2x3_hole_3,antithetic,4096,1107715234
DEVELOPMENT,123,8d9f57771b025ad2b6da9e578278aa6a,limit_hopping_zero_chain6,chain6_hole_2,antithetic,4096,3934066657
DEVELOPMENT,123,db87e6c265d45773bb6297db5af0c11f,limit_hopping_zero_chain6,chain6_hole_4,antithetic,4096,3525147226
DEVELOPMENT,123,fb5214d8d1bf5caa839f81a965024f62,limit_spin_density_zero_rect2x3,rect2x3_hole_2,antithetic,4096,1021514314
DEVELOPMENT,123,89bd5e9b58115b60bdad35f43f6437be,limit_spin_density_zero_rect2x3,rect2x3_hole_3,antithetic,4096,1812754214
DEVELOPMENT,124,8d9f57771b025ad2b6da9e578278aa6a,limit_hopping_zero_chain6,chain6_hole_2,antithetic,4096,784293019
DEVELOPMENT,124,db87e6c265d45773bb6297db5af0c11f,limit_hopping_zero_chain6,chain6_hole_4,antithetic,4096,2366395610
DEVELOPMENT,124,fb5214d8d1bf5caa839f81a965024f62,limit_spin_density_zero_rect2x3,rect2x3_hole_2,antithetic,4096,778568971
DEVELOPMENT,124,89bd5e9b58115b60bdad35f43f6437be,limit_spin_density_zero_rect2x3,rect2x3_hole_3,antithetic,4096,2940059654
DEVELOPMENT,125,8d9f57771b025ad2b6da9e578278aa6a,limit_hopping_zero_chain6,chain6_hole_2,antithetic,4096,43665025
DEVELOPMENT,125,db87e6c265d45773bb6297db5af0c11f,limit_hopping_zero_chain6,chain6_hole_4,antithetic,4096,2291214218
DEVELOPMENT,125,fb5214d8d1bf5caa839f81a965024f62,limit_spin_density_zero_rect2x3,rect2x3_hole_2,antithetic,4096,2918403366
DEVELOPMENT,125,89bd5e9b58115b60bdad35f43f6437be,limit_spin_density_zero_rect2x3,rect2x3_hole_3,antithetic,4096,983576955
DEVELOPMENT,126,8d9f57771b025ad2b6da9e578278aa6a,limit_hopping_zero_chain6,chain6_hole_2,antithetic,4096,3686095672
DEVELOPMENT,126,db87e6c265d45773bb6297db5af0c11f,limit_hopping_zero_chain6,chain6_hole_4,antithetic,4096,2264085872
DEVELOPMENT,126,fb5214d8d1bf5caa839f81a965024f62,limit_spin_density_zero_rect2x3,rect2x3_hole_2,antithetic,4096,1869592146
DEVELOPMENT,126,89bd5e9b58115b60bdad35f43f6437be,limit_spin_density_zero_rect2x3,rect2x3_hole_3,antithetic,4096,3087766094
DEVELOPMENT,127,8d9f57771b025ad2b6da9e578278aa6a,limit_hopping_zero_chain6,chain6_hole_2,antithetic,4096,1144342749
DEVELOPMENT,127,db87e6c265d45773bb6297db5af0c11f,limit_hopping_zero_chain6,chain6_hole_4,antithetic,4096,1126295942
DEVELOPMENT,127,fb5214d8d1bf5caa839f81a965024f62,limit_spin_density_zero_rect2x3,rect2x3_hole_2,antithetic,4096,378986603
DEVELOPMENT,127,89bd5e9b58115b60bdad35f43f6437be,limit_spin_density_zero_rect2x3,rect2x3_hole_3,antithetic,4096,2821055650
DEVELOPMENT,0,8d9f57771b025ad2b6da9e578278aa6a,limit_hopping_zero_chain6,chain6_hole_2,randomized_qmc,1024,3616292638
DEVELOPMENT,0,db87e6c265d45773bb6297db5af0c11f,limit_hopping_zero_chain6,chain6_hole_4,randomized_qmc,1024,4287924920
DEVELOPMENT,0,fb5214d8d1bf5caa839f81a965024f62,limit_spin_density_zero_rect2x3,rect2x3_hole_2,randomized_qmc,1024,877341097
DEVELOPMENT,0,89bd5e9b58115b60bdad35f43f6437be,limit_spin_density_zero_rect2x3,rect2x3_hole_3,randomized_qmc,1024,200982594
DEVELOPMENT,1,8d9f57771b025ad2b6da9e578278aa6a,limit_hopping_zero_chain6,chain6_hole_2,randomized_qmc,1024,3502376497
DEVELOPMENT,1,db87e6c265d45773bb6297db5af0c11f,limit_hopping_zero_chain6,chain6_hole_4,randomized_qmc,1024,2323462326
DEVELOPMENT,1,fb5214d8d1bf5caa839f81a965024f62,limit_spin_density_zero_rect2x3,rect2x3_hole_2,randomized_qmc,1024,2742662277
DEVELOPMENT,1,89bd5e9b58115b60bdad35f43f6437be,limit_spin_density_zero_rect2x3,rect2x3_hole_3,randomized_qmc,1024,2231447599
DEVELOPMENT,2,8d9f57771b025ad2b6da9e578278aa6a,limit_hopping_zero_chain6,chain6_hole_2,randomized_qmc,1024,3329680637
DEVELOPMENT,2,db87e6c265d45773bb6297db5af0c11f,limit_hopping_zero_chain6,chain6_hole_4,randomized_qmc,1024,96833233
DEVELOPMENT,2,fb5214d8d1bf5caa839f81a965024f62,limit_spin_density_zero_rect2x3,rect2x3_hole_2,randomized_qmc,1024,2456158155
DEVELOPMENT,2,89bd5e9b58115b60bdad35f43f6437be,limit_spin_density_zero_rect2x3,rect2x3_hole_3,randomized_qmc,1024,1307173926
DEVELOPMENT,3,8d9f57771b025ad2b6da9e578278aa6a,limit_hopping_zero_chain6,chain6_hole_2,randomized_qmc,1024,3836281934
DEVELOPMENT,3,db87e6c265d45773bb6297db5af0c11f,limit_hopping_zero_chain6,chain6_hole_4,randomized_qmc,1024,1833678624
DEVELOPMENT,3,fb5214d8d1bf5caa839f81a965024f62,limit_spin_density_zero_rect2x3,rect2x3_hole_2,randomized_qmc,1024,3380881550
DEVELOPMENT,3,89bd5e9b58115b60bdad35f43f6437be,limit_spin_density_zero_rect2x3,rect2x3_hole_3,randomized_qmc,1024,1516255864
DEVELOPMENT,4,8d9f57771b025ad2b6da9e578278aa6a,limit_hopping_zero_chain6,chain6_hole_2,randomized_qmc,1024,2261505643
DEVELOPMENT,4,db87e6c265d45773bb6297db5af0c11f,limit_hopping_zero_chain6,chain6_hole_4,randomized_qmc,1024,1379884663
DEVELOPMENT,4,fb5214d8d1bf5caa839f81a965024f62,limit_spin_density_zero_rect2x3,rect2x3_hole_2,randomized_qmc,1024,1846027486
DEVELOPMENT,4,89bd5e9b58115b60bdad35f43f6437be,limit_spin_density_zero_rect2x3,rect2x3_hole_3,randomized_qmc,1024,1000542707
DEVELOPMENT,5,8d9f57771b025ad2b6da9e578278aa6a,limit_hopping_zero_chain6,chain6_hole_2,randomized_qmc,1024,3632553360
DEVELOPMENT,5,db87e6c265d45773bb6297db5af0c11f,limit_hopping_zero_chain6,chain6_hole_4,randomized_qmc,1024,3053646565
DEVELOPMENT,5,fb5214d8d1bf5caa839f81a965024f62,limit_spin_density_zero_rect2x3,rect2x3_hole_2,randomized_qmc,1024,2800650859
DEVELOPMENT,5,89bd5e9b58115b60bdad35f43f6437be,limit_spin_density_zero_rect2x3,rect2x3_hole_3,randomized_qmc,1024,313131292
DEVELOPMENT,6,8d9f57771b025ad2b6da9e578278aa6a,limit_hopping_zero_chain6,chain6_hole_2,randomized_qmc,1024,411497946
DEVELOPMENT,6,db87e6c265d45773bb6297db5af0c11f,limit_hopping_zero_chain6,chain6_hole_4,randomized_qmc,1024,3970259774
DEVELOPMENT,6,fb5214d8d1bf5caa839f81a965024f62,limit_spin_density_zero_rect2x3,rect2x3_hole_2,randomized_qmc,1024,3045855477
DEVELOPMENT,6,89bd5e9b58115b60bdad35f43f6437be,limit_spin_density_zero_rect2x3,rect2x3_hole_3,randomized_qmc,1024,588944209
DEVELOPMENT,7,8d9f57771b025ad2b6da9e578278aa6a,limit_hopping_zero_chain6,chain6_hole_2,randomized_qmc,1024,2589043108
DEVELOPMENT,7,db87e6c265d45773bb6297db5af0c11f,limit_hopping_zero_chain6,chain6_hole_4,randomized_qmc,1024,4163033674
DEVELOPMENT,7,fb5214d8d1bf5caa839f81a965024f62,limit_spin_density_zero_rect2x3,rect2x3_hole_2,randomized_qmc,1024,3396187124
DEVELOPMENT,7,89bd5e9b58115b60bdad35f43f6437be,limit_spin_density_zero_rect2x3,rect2x3_hole_3,randomized_qmc,1024,1862754292
DEVELOPMENT,8,8d9f57771b025ad2b6da9e578278aa6a,limit_hopping_zero_chain6,chain6_hole_2,randomized_qmc,1024,4149551047
DEVELOPMENT,8,db87e6c265d45773bb6297db5af0c11f,limit_hopping_zero_chain6,chain6_hole_4,randomized_qmc,1024,1461311451
DEVELOPMENT,8,fb5214d8d1bf5caa839f81a965024f62,limit_spin_density_zero_rect2x3,rect2x3_hole_2,randomized_qmc,1024,53055929
DEVELOPMENT,8,89bd5e9b58115b60bdad35f43f6437be,limit_spin_density_zero_rect2x3,rect2x3_hole_3,randomized_qmc,1024,2353542992
DEVELOPMENT,9,8d9f57771b025ad2b6da9e578278aa6a,limit_hopping_zero_chain6,chain6_hole_2,randomized_qmc,1024,3267872000
DEVELOPMENT,9,db87e6c265d45773bb6297db5af0c11f,limit_hopping_zero_chain6,chain6_hole_4,randomized_qmc,1024,2123267018
DEVELOPMENT,9,fb5214d8d1bf5caa839f81a965024f62,limit_spin_density_zero_rect2x3,rect2x3_hole_2,randomized_qmc,1024,2357312022
DEVELOPMENT,9,89bd5e9b58115b60bdad35f43f6437be,limit_spin_density_zero_rect2x3,rect2x3_hole_3,randomized_qmc,1024,1290999740
DEVELOPMENT,10,8d9f57771b025ad2b6da9e578278aa6a,limit_hopping_zero_chain6,chain6_hole_2,randomized_qmc,1024,3767159929
DEVELOPMENT,10,db87e6c265d45773bb6297db5af0c11f,limit_hopping_zero_chain6,chain6_hole_4,randomized_qmc,1024,2314734997
DEVELOPMENT,10,fb5214d8d1bf5caa839f81a965024f62,limit_spin_density_zero_rect2x3,rect2x3_hole_2,randomized_qmc,1024,3245995983
DEVELOPMENT,10,89bd5e9b58115b60bdad35f43f6437be,limit_spin_density_zero_rect2x3,rect2x3_hole_3,randomized_qmc,1024,2632577152
DEVELOPMENT,11,8d9f57771b025ad2b6da9e578278aa6a,limit_hopping_zero_chain6,chain6_hole_2,randomized_qmc,1024,3142248867
DEVELOPMENT,11,db87e6c265d45773bb6297db5af0c11f,limit_hopping_zero_chain6,chain6_hole_4,randomized_qmc,1024,2915546205
DEVELOPMENT,11,fb5214d8d1bf5caa839f81a965024f62,limit_spin_density_zero_rect2x3,rect2x3_hole_2,randomized_qmc,1024,767199738
DEVELOPMENT,11,89bd5e9b58115b60bdad35f43f6437be,limit_spin_density_zero_rect2x3,rect2x3_hole_3,randomized_qmc,1024,724997456
DEVELOPMENT,12,8d9f57771b025ad2b6da9e578278aa6a,limit_hopping_zero_chain6,chain6_hole_2,randomized_qmc,1024,474803241
DEVELOPMENT,12,db87e6c265d45773bb6297db5af0c11f,limit_hopping_zero_chain6,chain6_hole_4,randomized_qmc,1024,3767606826
DEVELOPMENT,12,fb5214d8d1bf5caa839f81a965024f62,limit_spin_density_zero_rect2x3,rect2x3_hole_2,randomized_qmc,1024,3199223320
DEVELOPMENT,12,89bd5e9b58115b60bdad35f43f6437be,limit_spin_density_zero_rect2x3,rect2x3_hole_3,randomized_qmc,1024,3286286393
DEVELOPMENT,13,8d9f57771b025ad2b6da9e578278aa6a,limit_hopping_zero_chain6,chain6_hole_2,randomized_qmc,1024,3659842667
DEVELOPMENT,13,db87e6c265d45773bb6297db5af0c11f,limit_hopping_zero_chain6,chain6_hole_4,randomized_qmc,1024,2019941089
DEVELOPMENT,13,fb5214d8d1bf5caa839f81a965024f62,limit_spin_density_zero_rect2x3,rect2x3_hole_2,randomized_qmc,1024,3983442077
DEVELOPMENT,13,89bd5e9b58115b60bdad35f43f6437be,limit_spin_density_zero_rect2x3,rect2x3_hole_3,randomized_qmc,1024,47778576
DEVELOPMENT,14,8d9f57771b025ad2b6da9e578278aa6a,limit_hopping_zero_chain6,chain6_hole_2,randomized_qmc,1024,1262517535
DEVELOPMENT,14,db87e6c265d45773bb6297db5af0c11f,limit_hopping_zero_chain6,chain6_hole_4,randomized_qmc,1024,2696591342
DEVELOPMENT,14,fb5214d8d1bf5caa839f81a965024f62,limit_spin_density_zero_rect2x3,rect2x3_hole_2,randomized_qmc,1024,1539995343
DEVELOPMENT,14,89bd5e9b58115b60bdad35f43f6437be,limit_spin_density_zero_rect2x3,rect2x3_hole_3,randomized_qmc,1024,37173430
DEVELOPMENT,15,8d9f57771b025ad2b6da9e578278aa6a,limit_hopping_zero_chain6,chain6_hole_2,randomized_qmc,1024,3398587387
DEVELOPMENT,15,db87e6c265d45773bb6297db5af0c11f,limit_hopping_zero_chain6,chain6_hole_4,randomized_qmc,1024,997248474
DEVELOPMENT,15,fb5214d8d1bf5caa839f81a965024f62,limit_spin_density_zero_rect2x3,rect2x3_hole_2,randomized_qmc,1024,1111996060
DEVELOPMENT,15,89bd5e9b58115b60bdad35f43f6437be,limit_spin_density_zero_rect2x3,rect2x3_hole_3,randomized_qmc,1024,3234613261
DEVELOPMENT,16,8d9f57771b025ad2b6da9e578278aa6a,limit_hopping_zero_chain6,chain6_hole_2,randomized_qmc,1024,1423915808
DEVELOPMENT,16,db87e6c265d45773bb6297db5af0c11f,limit_hopping_zero_chain6,chain6_hole_4,randomized_qmc,1024,1841655473
DEVELOPMENT,16,fb5214d8d1bf5caa839f81a965024f62,limit_spin_density_zero_rect2x3,rect2x3_hole_2,randomized_qmc,1024,3259782037
DEVELOPMENT,16,89bd5e9b58115b60bdad35f43f6437be,limit_spin_density_zero_rect2x3,rect2x3_hole_3,randomized_qmc,1024,840160979
DEVELOPMENT,17,8d9f57771b025ad2b6da9e578278aa6a,limit_hopping_zero_chain6,chain6_hole_2,randomized_qmc,1024,1037089911
DEVELOPMENT,17,db87e6c265d45773bb6297db5af0c11f,limit_hopping_zero_chain6,chain6_hole_4,randomized_qmc,1024,1877273560
DEVELOPMENT,17,fb5214d8d1bf5caa839f81a965024f62,limit_spin_density_zero_rect2x3,rect2x3_hole_2,randomized_qmc,1024,945529039
DEVELOPMENT,17,89bd5e9b58115b60bdad35f43f6437be,limit_spin_density_zero_rect2x3,rect2x3_hole_3,randomized_qmc,1024,654622665
DEVELOPMENT,18,8d9f57771b025ad2b6da9e578278aa6a,limit_hopping_zero_chain6,chain6_hole_2,randomized_qmc,1024,1375904046
DEVELOPMENT,18,db87e6c265d45773bb6297db5af0c11f,limit_hopping_zero_chain6,chain6_hole_4,randomized_qmc,1024,3595255652
DEVELOPMENT,18,fb5214d8d1bf5caa839f81a965024f62,limit_spin_density_zero_rect2x3,rect2x3_hole_2,randomized_qmc,1024,2540339990
DEVELOPMENT,18,89bd5e9b58115b60bdad35f43f6437be,limit_spin_density_zero_rect2x3,rect2x3_hole_3,randomized_qmc,1024,2209707495
DEVELOPMENT,19,8d9f57771b025ad2b6da9e578278aa6a,limit_hopping_zero_chain6,chain6_hole_2,randomized_qmc,1024,838571300
DEVELOPMENT,19,db87e6c265d45773bb6297db5af0c11f,limit_hopping_zero_chain6,chain6_hole_4,randomized_qmc,1024,715658815
DEVELOPMENT,19,fb5214d8d1bf5caa839f81a965024f62,limit_spin_density_zero_rect2x3,rect2x3_hole_2,randomized_qmc,1024,2784310884
DEVELOPMENT,19,89bd5e9b58115b60bdad35f43f6437be,limit_spin_density_zero_rect2x3,rect2x3_hole_3,randomized_qmc,1024,207369366
DEVELOPMENT,20,8d9f57771b025ad2b6da9e578278aa6a,limit_hopping_zero_chain6,chain6_hole_2,randomized_qmc,1024,3238305468
DEVELOPMENT,20,db87e6c265d45773bb6297db5af0c11f,limit_hopping_zero_chain6,chain6_hole_4,randomized_qmc,1024,1144489180
DEVELOPMENT,20,fb5214d8d1bf5caa839f81a965024f62,limit_spin_density_zero_rect2x3,rect2x3_hole_2,randomized_qmc,1024,2410625395
DEVELOPMENT,20,89bd5e9b58115b60bdad35f43f6437be,limit_spin_density_zero_rect2x3,rect2x3_hole_3,randomized_qmc,1024,2015650346
DEVELOPMENT,21,8d9f57771b025ad2b6da9e578278aa6a,limit_hopping_zero_chain6,chain6_hole_2,randomized_qmc,1024,1337298861
DEVELOPMENT,21,db87e6c265d45773bb6297db5af0c11f,limit_hopping_zero_chain6,chain6_hole_4,randomized_qmc,1024,1149991341
DEVELOPMENT,21,fb5214d8d1bf5caa839f81a965024f62,limit_spin_density_zero_rect2x3,rect2x3_hole_2,randomized_qmc,1024,2031484835
DEVELOPMENT,21,89bd5e9b58115b60bdad35f43f6437be,limit_spin_density_zero_rect2x3,rect2x3_hole_3,randomized_qmc,1024,3550711294
DEVELOPMENT,22,8d9f57771b025ad2b6da9e578278aa6a,limit_hopping_zero_chain6,chain6_hole_2,randomized_qmc,1024,4137144791
DEVELOPMENT,22,db87e6c265d45773bb6297db5af0c11f,limit_hopping_zero_chain6,chain6_hole_4,randomized_qmc,1024,4077464643
DEVELOPMENT,22,fb5214d8d1bf5caa839f81a965024f62,limit_spin_density_zero_rect2x3,rect2x3_hole_2,randomized_qmc,1024,1169967578
DEVELOPMENT,22,89bd5e9b58115b60bdad35f43f6437be,limit_spin_density_zero_rect2x3,rect2x3_hole_3,randomized_qmc,1024,776648365
DEVELOPMENT,23,8d9f57771b025ad2b6da9e578278aa6a,limit_hopping_zero_chain6,chain6_hole_2,randomized_qmc,1024,1017999238
DEVELOPMENT,23,db87e6c265d45773bb6297db5af0c11f,limit_hopping_zero_chain6,chain6_hole_4,randomized_qmc,1024,4134275282
DEVELOPMENT,23,fb5214d8d1bf5caa839f81a965024f62,limit_spin_density_zero_rect2x3,rect2x3_hole_2,randomized_qmc,1024,2209213368
DEVELOPMENT,23,89bd5e9b58115b60bdad35f43f6437be,limit_spin_density_zero_rect2x3,rect2x3_hole_3,randomized_qmc,1024,3343286721
DEVELOPMENT,24,8d9f57771b025ad2b6da9e578278aa6a,limit_hopping_zero_chain6,chain6_hole_2,randomized_qmc,1024,2639106332
DEVELOPMENT,24,db87e6c265d45773bb6297db5af0c11f,limit_hopping_zero_chain6,chain6_hole_4,randomized_qmc,1024,508128286
DEVELOPMENT,24,fb5214d8d1bf5caa839f81a965024f62,limit_spin_density_zero_rect2x3,rect2x3_hole_2,randomized_qmc,1024,956188169
DEVELOPMENT,24,89bd5e9b58115b60bdad35f43f6437be,limit_spin_density_zero_rect2x3,rect2x3_hole_3,randomized_qmc,1024,1716375133
DEVELOPMENT,25,8d9f57771b025ad2b6da9e578278aa6a,limit_hopping_zero_chain6,chain6_hole_2,randomized_qmc,1024,306971659
DEVELOPMENT,25,db87e6c265d45773bb6297db5af0c11f,limit_hopping_zero_chain6,chain6_hole_4,randomized_qmc,1024,3221098628
DEVELOPMENT,25,fb5214d8d1bf5caa839f81a965024f62,limit_spin_density_zero_rect2x3,rect2x3_hole_2,randomized_qmc,1024,1693433981
DEVELOPMENT,25,89bd5e9b58115b60bdad35f43f6437be,limit_spin_density_zero_rect2x3,rect2x3_hole_3,randomized_qmc,1024,3582685217
DEVELOPMENT,26,8d9f57771b025ad2b6da9e578278aa6a,limit_hopping_zero_chain6,chain6_hole_2,randomized_qmc,1024,1330934671
DEVELOPMENT,26,db87e6c265d45773bb6297db5af0c11f,limit_hopping_zero_chain6,chain6_hole_4,randomized_qmc,1024,3120445942
DEVELOPMENT,26,fb5214d8d1bf5caa839f81a965024f62,limit_spin_density_zero_rect2x3,rect2x3_hole_2,randomized_qmc,1024,3551217661
DEVELOPMENT,26,89bd5e9b58115b60bdad35f43f6437be,limit_spin_density_zero_rect2x3,rect2x3_hole_3,randomized_qmc,1024,4129508998
DEVELOPMENT,27,8d9f57771b025ad2b6da9e578278aa6a,limit_hopping_zero_chain6,chain6_hole_2,randomized_qmc,1024,3376328469
DEVELOPMENT,27,db87e6c265d45773bb6297db5af0c11f,limit_hopping_zero_chain6,chain6_hole_4,randomized_qmc,1024,3429523801
DEVELOPMENT,27,fb5214d8d1bf5caa839f81a965024f62,limit_spin_density_zero_rect2x3,rect2x3_hole_2,randomized_qmc,1024,1892685868
DEVELOPMENT,27,89bd5e9b58115b60bdad35f43f6437be,limit_spin_density_zero_rect2x3,rect2x3_hole_3,randomized_qmc,1024,2328927376
DEVELOPMENT,28,8d9f57771b025ad2b6da9e578278aa6a,limit_hopping_zero_chain6,chain6_hole_2,randomized_qmc,1024,1405924389
DEVELOPMENT,28,db87e6c265d45773bb6297db5af0c11f,limit_hopping_zero_chain6,chain6_hole_4,randomized_qmc,1024,104137195
DEVELOPMENT,28,fb5214d8d1bf5caa839f81a965024f62,limit_spin_density_zero_rect2x3,rect2x3_hole_2,randomized_qmc,1024,236026867
DEVELOPMENT,28,89bd5e9b58115b60bdad35f43f6437be,limit_spin_density_zero_rect2x3,rect2x3_hole_3,randomized_qmc,1024,2229035318
DEVELOPMENT,29,8d9f57771b025ad2b6da9e578278aa6a,limit_hopping_zero_chain6,chain6_hole_2,randomized_qmc,1024,1577550052
DEVELOPMENT,29,db87e6c265d45773bb6297db5af0c11f,limit_hopping_zero_chain6,chain6_hole_4,randomized_qmc,1024,869767343
DEVELOPMENT,29,fb5214d8d1bf5caa839f81a965024f62,limit_spin_density_zero_rect2x3,rect2x3_hole_2,randomized_qmc,1024,1761703991
DEVELOPMENT,29,89bd5e9b58115b60bdad35f43f6437be,limit_spin_density_zero_rect2x3,rect2x3_hole_3,randomized_qmc,1024,2200840593
DEVELOPMENT,30,8d9f57771b025ad2b6da9e578278aa6a,limit_hopping_zero_chain6,chain6_hole_2,randomized_qmc,1024,1867221502
DEVELOPMENT,30,db87e6c265d45773bb6297db5af0c11f,limit_hopping_zero_chain6,chain6_hole_4,randomized_qmc,1024,2370247288
DEVELOPMENT,30,fb5214d8d1bf5caa839f81a965024f62,limit_spin_density_zero_rect2x3,rect2x3_hole_2,randomized_qmc,1024,1393055580
DEVELOPMENT,30,89bd5e9b58115b60bdad35f43f6437be,limit_spin_density_zero_rect2x3,rect2x3_hole_3,randomized_qmc,1024,2498398424
DEVELOPMENT,31,8d9f57771b025ad2b6da9e578278aa6a,limit_hopping_zero_chain6,chain6_hole_2,randomized_qmc,1024,1774414661
DEVELOPMENT,31,db87e6c265d45773bb6297db5af0c11f,limit_hopping_zero_chain6,chain6_hole_4,randomized_qmc,1024,3696908004
DEVELOPMENT,31,fb5214d8d1bf5caa839f81a965024f62,limit_spin_density_zero_rect2x3,rect2x3_hole_2,randomized_qmc,1024,879834435
DEVELOPMENT,31,89bd5e9b58115b60bdad35f43f6437be,limit_spin_density_zero_rect2x3,rect2x3_hole_3,randomized_qmc,1024,3352714035
DEVELOPMENT,32,8d9f57771b025ad2b6da9e578278aa6a,limit_hopping_zero_chain6,chain6_hole_2,randomized_qmc,1024,2784878054
DEVELOPMENT,32,db87e6c265d45773bb6297db5af0c11f,limit_hopping_zero_chain6,chain6_hole_4,randomized_qmc,1024,1652895353
DEVELOPMENT,32,fb5214d8d1bf5caa839f81a965024f62,limit_spin_density_zero_rect2x3,rect2x3_hole_2,randomized_qmc,1024,147118559
DEVELOPMENT,32,89bd5e9b58115b60bdad35f43f6437be,limit_spin_density_zero_rect2x3,rect2x3_hole_3,randomized_qmc,1024,257959939
DEVELOPMENT,33,8d9f57771b025ad2b6da9e578278aa6a,limit_hopping_zero_chain6,chain6_hole_2,randomized_qmc,1024,2550307571
DEVELOPMENT,33,db87e6c265d45773bb6297db5af0c11f,limit_hopping_zero_chain6,chain6_hole_4,randomized_qmc,1024,238949077
DEVELOPMENT,33,fb5214d8d1bf5caa839f81a965024f62,limit_spin_density_zero_rect2x3,rect2x3_hole_2,randomized_qmc,1024,2158047703
DEVELOPMENT,33,89bd5e9b58115b60bdad35f43f6437be,limit_spin_density_zero_rect2x3,rect2x3_hole_3,randomized_qmc,1024,1284445635
DEVELOPMENT,34,8d9f57771b025ad2b6da9e578278aa6a,limit_hopping_zero_chain6,chain6_hole_2,randomized_qmc,1024,4240704803
DEVELOPMENT,34,db87e6c265d45773bb6297db5af0c11f,limit_hopping_zero_chain6,chain6_hole_4,randomized_qmc,1024,3346347479
DEVELOPMENT,34,fb5214d8d1bf5caa839f81a965024f62,limit_spin_density_zero_rect2x3,rect2x3_hole_2,randomized_qmc,1024,1956887158
DEVELOPMENT,34,89bd5e9b58115b60bdad35f43f6437be,limit_spin_density_zero_rect2x3,rect2x3_hole_3,randomized_qmc,1024,3315573870
DEVELOPMENT,35,8d9f57771b025ad2b6da9e578278aa6a,limit_hopping_zero_chain6,chain6_hole_2,randomized_qmc,1024,737864853
DEVELOPMENT,35,db87e6c265d45773bb6297db5af0c11f,limit_hopping_zero_chain6,chain6_hole_4,randomized_qmc,1024,3105139894
DEVELOPMENT,35,fb5214d8d1bf5caa839f81a965024f62,limit_spin_density_zero_rect2x3,rect2x3_hole_2,randomized_qmc,1024,2947407808
DEVELOPMENT,35,89bd5e9b58115b60bdad35f43f6437be,limit_spin_density_zero_rect2x3,rect2x3_hole_3,randomized_qmc,1024,2328806720
DEVELOPMENT,36,8d9f57771b025ad2b6da9e578278aa6a,limit_hopping_zero_chain6,chain6_hole_2,randomized_qmc,1024,1706108515
DEVELOPMENT,36,db87e6c265d45773bb6297db5af0c11f,limit_hopping_zero_chain6,chain6_hole_4,randomized_qmc,1024,2088984909
DEVELOPMENT,36,fb5214d8d1bf5caa839f81a965024f62,limit_spin_density_zero_rect2x3,rect2x3_hole_2,randomized_qmc,1024,434502264
DEVELOPMENT,36,89bd5e9b58115b60bdad35f43f6437be,limit_spin_density_zero_rect2x3,rect2x3_hole_3,randomized_qmc,1024,2845923968
DEVELOPMENT,37,8d9f57771b025ad2b6da9e578278aa6a,limit_hopping_zero_chain6,chain6_hole_2,randomized_qmc,1024,3404800866
DEVELOPMENT,37,db87e6c265d45773bb6297db5af0c11f,limit_hopping_zero_chain6,chain6_hole_4,randomized_qmc,1024,742175913
DEVELOPMENT,37,fb5214d8d1bf5caa839f81a965024f62,limit_spin_density_zero_rect2x3,rect2x3_hole_2,randomized_qmc,1024,3474409627
DEVELOPMENT,37,89bd5e9b58115b60bdad35f43f6437be,limit_spin_density_zero_rect2x3,rect2x3_hole_3,randomized_qmc,1024,2295341592
DEVELOPMENT,38,8d9f57771b025ad2b6da9e578278aa6a,limit_hopping_zero_chain6,chain6_hole_2,randomized_qmc,1024,3812446716
DEVELOPMENT,38,db87e6c265d45773bb6297db5af0c11f,limit_hopping_zero_chain6,chain6_hole_4,randomized_qmc,1024,1371105509
DEVELOPMENT,38,fb5214d8d1bf5caa839f81a965024f62,limit_spin_density_zero_rect2x3,rect2x3_hole_2,randomized_qmc,1024,357762117
DEVELOPMENT,38,89bd5e9b58115b60bdad35f43f6437be,limit_spin_density_zero_rect2x3,rect2x3_hole_3,randomized_qmc,1024,4098164255
DEVELOPMENT,39,8d9f57771b025ad2b6da9e578278aa6a,limit_hopping_zero_chain6,chain6_hole_2,randomized_qmc,1024,480554220
DEVELOPMENT,39,db87e6c265d45773bb6297db5af0c11f,limit_hopping_zero_chain6,chain6_hole_4,randomized_qmc,1024,788055506
DEVELOPMENT,39,fb5214d8d1bf5caa839f81a965024f62,limit_spin_density_zero_rect2x3,rect2x3_hole_2,randomized_qmc,1024,3359365913
DEVELOPMENT,39,89bd5e9b58115b60bdad35f43f6437be,limit_spin_density_zero_rect2x3,rect2x3_hole_3,randomized_qmc,1024,2626617053
DEVELOPMENT,40,8d9f57771b025ad2b6da9e578278aa6a,limit_hopping_zero_chain6,chain6_hole_2,randomized_qmc,1024,1855343926
DEVELOPMENT,40,db87e6c265d45773bb6297db5af0c11f,limit_hopping_zero_chain6,chain6_hole_4,randomized_qmc,1024,2205089449
DEVELOPMENT,40,fb5214d8d1bf5caa839f81a965024f62,limit_spin_density_zero_rect2x3,rect2x3_hole_2,randomized_qmc,1024,3767980197
DEVELOPMENT,40,89bd5e9b58115b60bdad35f43f6437be,limit_spin_density_zero_rect2x3,rect2x3_hole_3,randomized_qmc,1024,1405583253
DEVELOPMENT,41,8d9f57771b025ad2b6da9e578278aa6a,limit_hopping_zero_chain6,chain6_hole_2,randomized_qmc,1024,2339434667
DEVELOPMENT,41,db87e6c265d45773bb6297db5af0c11f,limit_hopping_zero_chain6,chain6_hole_4,randomized_qmc,1024,3198481364
DEVELOPMENT,41,fb5214d8d1bf5caa839f81a965024f62,limit_spin_density_zero_rect2x3,rect2x3_hole_2,randomized_qmc,1024,1398941918
DEVELOPMENT,41,89bd5e9b58115b60bdad35f43f6437be,limit_spin_density_zero_rect2x3,rect2x3_hole_3,randomized_qmc,1024,4198309267
DEVELOPMENT,42,8d9f57771b025ad2b6da9e578278aa6a,limit_hopping_zero_chain6,chain6_hole_2,randomized_qmc,1024,2878892725
DEVELOPMENT,42,db87e6c265d45773bb6297db5af0c11f,limit_hopping_zero_chain6,chain6_hole_4,randomized_qmc,1024,1148117016
DEVELOPMENT,42,fb5214d8d1bf5caa839f81a965024f62,limit_spin_density_zero_rect2x3,rect2x3_hole_2,randomized_qmc,1024,153472448
DEVELOPMENT,42,89bd5e9b58115b60bdad35f43f6437be,limit_spin_density_zero_rect2x3,rect2x3_hole_3,randomized_qmc,1024,2568796750
DEVELOPMENT,43,8d9f57771b025ad2b6da9e578278aa6a,limit_hopping_zero_chain6,chain6_hole_2,randomized_qmc,1024,1147815171
DEVELOPMENT,43,db87e6c265d45773bb6297db5af0c11f,limit_hopping_zero_chain6,chain6_hole_4,randomized_qmc,1024,981835905
DEVELOPMENT,43,fb5214d8d1bf5caa839f81a965024f62,limit_spin_density_zero_rect2x3,rect2x3_hole_2,randomized_qmc,1024,2245278946
DEVELOPMENT,43,89bd5e9b58115b60bdad35f43f6437be,limit_spin_density_zero_rect2x3,rect2x3_hole_3,randomized_qmc,1024,2668958484
DEVELOPMENT,44,8d9f57771b025ad2b6da9e578278aa6a,limit_hopping_zero_chain6,chain6_hole_2,randomized_qmc,1024,3307413810
DEVELOPMENT,44,db87e6c265d45773bb6297db5af0c11f,limit_hopping_zero_chain6,chain6_hole_4,randomized_qmc,1024,889978660
DEVELOPMENT,44,fb5214d8d1bf5caa839f81a965024f62,limit_spin_density_zero_rect2x3,rect2x3_hole_2,randomized_qmc,1024,1742940045
DEVELOPMENT,44,89bd5e9b58115b60bdad35f43f6437be,limit_spin_density_zero_rect2x3,rect2x3_hole_3,randomized_qmc,1024,967087453
DEVELOPMENT,45,8d9f57771b025ad2b6da9e578278aa6a,limit_hopping_zero_chain6,chain6_hole_2,randomized_qmc,1024,4040058359
DEVELOPMENT,45,db87e6c265d45773bb6297db5af0c11f,limit_hopping_zero_chain6,chain6_hole_4,randomized_qmc,1024,3762695938
DEVELOPMENT,45,fb5214d8d1bf5caa839f81a965024f62,limit_spin_density_zero_rect2x3,rect2x3_hole_2,randomized_qmc,1024,2768517166
DEVELOPMENT,45,89bd5e9b58115b60bdad35f43f6437be,limit_spin_density_zero_rect2x3,rect2x3_hole_3,randomized_qmc,1024,663392025
DEVELOPMENT,46,8d9f57771b025ad2b6da9e578278aa6a,limit_hopping_zero_chain6,chain6_hole_2,randomized_qmc,1024,1146656133
DEVELOPMENT,46,db87e6c265d45773bb6297db5af0c11f,limit_hopping_zero_chain6,chain6_hole_4,randomized_qmc,1024,3264879620
DEVELOPMENT,46,fb5214d8d1bf5caa839f81a965024f62,limit_spin_density_zero_rect2x3,rect2x3_hole_2,randomized_qmc,1024,332069959
DEVELOPMENT,46,89bd5e9b58115b60bdad35f43f6437be,limit_spin_density_zero_rect2x3,rect2x3_hole_3,randomized_qmc,1024,1794173604
DEVELOPMENT,47,8d9f57771b025ad2b6da9e578278aa6a,limit_hopping_zero_chain6,chain6_hole_2,randomized_qmc,1024,4212810060
DEVELOPMENT,47,db87e6c265d45773bb6297db5af0c11f,limit_hopping_zero_chain6,chain6_hole_4,randomized_qmc,1024,2057543343
DEVELOPMENT,47,fb5214d8d1bf5caa839f81a965024f62,limit_spin_density_zero_rect2x3,rect2x3_hole_2,randomized_qmc,1024,878199607
DEVELOPMENT,47,89bd5e9b58115b60bdad35f43f6437be,limit_spin_density_zero_rect2x3,rect2x3_hole_3,randomized_qmc,1024,4038096153
DEVELOPMENT,48,8d9f57771b025ad2b6da9e578278aa6a,limit_hopping_zero_chain6,chain6_hole_2,randomized_qmc,1024,836740008
DEVELOPMENT,48,db87e6c265d45773bb6297db5af0c11f,limit_hopping_zero_chain6,chain6_hole_4,randomized_qmc,1024,3478289799
DEVELOPMENT,48,fb5214d8d1bf5caa839f81a965024f62,limit_spin_density_zero_rect2x3,rect2x3_hole_2,randomized_qmc,1024,3028408502
DEVELOPMENT,48,89bd5e9b58115b60bdad35f43f6437be,limit_spin_density_zero_rect2x3,rect2x3_hole_3,randomized_qmc,1024,1231950137
DEVELOPMENT,49,8d9f57771b025ad2b6da9e578278aa6a,limit_hopping_zero_chain6,chain6_hole_2,randomized_qmc,1024,2657290699
DEVELOPMENT,49,db87e6c265d45773bb6297db5af0c11f,limit_hopping_zero_chain6,chain6_hole_4,randomized_qmc,1024,4016417506
DEVELOPMENT,49,fb5214d8d1bf5caa839f81a965024f62,limit_spin_density_zero_rect2x3,rect2x3_hole_2,randomized_qmc,1024,3241054091
DEVELOPMENT,49,89bd5e9b58115b60bdad35f43f6437be,limit_spin_density_zero_rect2x3,rect2x3_hole_3,randomized_qmc,1024,1597252848
DEVELOPMENT,50,8d9f57771b025ad2b6da9e578278aa6a,limit_hopping_zero_chain6,chain6_hole_2,randomized_qmc,1024,1139065073
DEVELOPMENT,50,db87e6c265d45773bb6297db5af0c11f,limit_hopping_zero_chain6,chain6_hole_4,randomized_qmc,1024,2321501893
DEVELOPMENT,50,fb5214d8d1bf5caa839f81a965024f62,limit_spin_density_zero_rect2x3,rect2x3_hole_2,randomized_qmc,1024,2196657401
DEVELOPMENT,50,89bd5e9b58115b60bdad35f43f6437be,limit_spin_density_zero_rect2x3,rect2x3_hole_3,randomized_qmc,1024,1138649352
DEVELOPMENT,51,8d9f57771b025ad2b6da9e578278aa6a,limit_hopping_zero_chain6,chain6_hole_2,randomized_qmc,1024,1913291904
DEVELOPMENT,51,db87e6c265d45773bb6297db5af0c11f,limit_hopping_zero_chain6,chain6_hole_4,randomized_qmc,1024,385104645
DEVELOPMENT,51,fb5214d8d1bf5caa839f81a965024f62,limit_spin_density_zero_rect2x3,rect2x3_hole_2,randomized_qmc,1024,3176473240
DEVELOPMENT,51,89bd5e9b58115b60bdad35f43f6437be,limit_spin_density_zero_rect2x3,rect2x3_hole_3,randomized_qmc,1024,1087540284
DEVELOPMENT,52,8d9f57771b025ad2b6da9e578278aa6a,limit_hopping_zero_chain6,chain6_hole_2,randomized_qmc,1024,1413176097
DEVELOPMENT,52,db87e6c265d45773bb6297db5af0c11f,limit_hopping_zero_chain6,chain6_hole_4,randomized_qmc,1024,251388090
DEVELOPMENT,52,fb5214d8d1bf5caa839f81a965024f62,limit_spin_density_zero_rect2x3,rect2x3_hole_2,randomized_qmc,1024,3401253514
DEVELOPMENT,52,89bd5e9b58115b60bdad35f43f6437be,limit_spin_density_zero_rect2x3,rect2x3_hole_3,randomized_qmc,1024,1645113283
DEVELOPMENT,53,8d9f57771b025ad2b6da9e578278aa6a,limit_hopping_zero_chain6,chain6_hole_2,randomized_qmc,1024,1478370474
DEVELOPMENT,53,db87e6c265d45773bb6297db5af0c11f,limit_hopping_zero_chain6,chain6_hole_4,randomized_qmc,1024,2094501656
DEVELOPMENT,53,fb5214d8d1bf5caa839f81a965024f62,limit_spin_density_zero_rect2x3,rect2x3_hole_2,randomized_qmc,1024,1698834705
DEVELOPMENT,53,89bd5e9b58115b60bdad35f43f6437be,limit_spin_density_zero_rect2x3,rect2x3_hole_3,randomized_qmc,1024,1767787803
DEVELOPMENT,54,8d9f57771b025ad2b6da9e578278aa6a,limit_hopping_zero_chain6,chain6_hole_2,randomized_qmc,1024,3414317807
DEVELOPMENT,54,db87e6c265d45773bb6297db5af0c11f,limit_hopping_zero_chain6,chain6_hole_4,randomized_qmc,1024,235724036
DEVELOPMENT,54,fb5214d8d1bf5caa839f81a965024f62,limit_spin_density_zero_rect2x3,rect2x3_hole_2,randomized_qmc,1024,1144306042
DEVELOPMENT,54,89bd5e9b58115b60bdad35f43f6437be,limit_spin_density_zero_rect2x3,rect2x3_hole_3,randomized_qmc,1024,3363834122
DEVELOPMENT,55,8d9f57771b025ad2b6da9e578278aa6a,limit_hopping_zero_chain6,chain6_hole_2,randomized_qmc,1024,4176815604
DEVELOPMENT,55,db87e6c265d45773bb6297db5af0c11f,limit_hopping_zero_chain6,chain6_hole_4,randomized_qmc,1024,2859903531
DEVELOPMENT,55,fb5214d8d1bf5caa839f81a965024f62,limit_spin_density_zero_rect2x3,rect2x3_hole_2,randomized_qmc,1024,3107075344
DEVELOPMENT,55,89bd5e9b58115b60bdad35f43f6437be,limit_spin_density_zero_rect2x3,rect2x3_hole_3,randomized_qmc,1024,464773926
DEVELOPMENT,56,8d9f57771b025ad2b6da9e578278aa6a,limit_hopping_zero_chain6,chain6_hole_2,randomized_qmc,1024,1833505978
DEVELOPMENT,56,db87e6c265d45773bb6297db5af0c11f,limit_hopping_zero_chain6,chain6_hole_4,randomized_qmc,1024,2279836545
DEVELOPMENT,56,fb5214d8d1bf5caa839f81a965024f62,limit_spin_density_zero_rect2x3,rect2x3_hole_2,randomized_qmc,1024,912142926
DEVELOPMENT,56,89bd5e9b58115b60bdad35f43f6437be,limit_spin_density_zero_rect2x3,rect2x3_hole_3,randomized_qmc,1024,374178904
DEVELOPMENT,57,8d9f57771b025ad2b6da9e578278aa6a,limit_hopping_zero_chain6,chain6_hole_2,randomized_qmc,1024,1753549379
DEVELOPMENT,57,db87e6c265d45773bb6297db5af0c11f,limit_hopping_zero_chain6,chain6_hole_4,randomized_qmc,1024,1463631420
DEVELOPMENT,57,fb5214d8d1bf5caa839f81a965024f62,limit_spin_density_zero_rect2x3,rect2x3_hole_2,randomized_qmc,1024,2041376179
DEVELOPMENT,57,89bd5e9b58115b60bdad35f43f6437be,limit_spin_density_zero_rect2x3,rect2x3_hole_3,randomized_qmc,1024,254511264
DEVELOPMENT,58,8d9f57771b025ad2b6da9e578278aa6a,limit_hopping_zero_chain6,chain6_hole_2,randomized_qmc,1024,2699837121
DEVELOPMENT,58,db87e6c265d45773bb6297db5af0c11f,limit_hopping_zero_chain6,chain6_hole_4,randomized_qmc,1024,4142293861
DEVELOPMENT,58,fb5214d8d1bf5caa839f81a965024f62,limit_spin_density_zero_rect2x3,rect2x3_hole_2,randomized_qmc,1024,643757964
DEVELOPMENT,58,89bd5e9b58115b60bdad35f43f6437be,limit_spin_density_zero_rect2x3,rect2x3_hole_3,randomized_qmc,1024,3628253143
DEVELOPMENT,59,8d9f57771b025ad2b6da9e578278aa6a,limit_hopping_zero_chain6,chain6_hole_2,randomized_qmc,1024,2138970388
DEVELOPMENT,59,db87e6c265d45773bb6297db5af0c11f,limit_hopping_zero_chain6,chain6_hole_4,randomized_qmc,1024,2017085705
DEVELOPMENT,59,fb5214d8d1bf5caa839f81a965024f62,limit_spin_density_zero_rect2x3,rect2x3_hole_2,randomized_qmc,1024,2119215233
DEVELOPMENT,59,89bd5e9b58115b60bdad35f43f6437be,limit_spin_density_zero_rect2x3,rect2x3_hole_3,randomized_qmc,1024,859617335
DEVELOPMENT,60,8d9f57771b025ad2b6da9e578278aa6a,limit_hopping_zero_chain6,chain6_hole_2,randomized_qmc,1024,3415989046
DEVELOPMENT,60,db87e6c265d45773bb6297db5af0c11f,limit_hopping_zero_chain6,chain6_hole_4,randomized_qmc,1024,1244797406
DEVELOPMENT,60,fb5214d8d1bf5caa839f81a965024f62,limit_spin_density_zero_rect2x3,rect2x3_hole_2,randomized_qmc,1024,1630489583
DEVELOPMENT,60,89bd5e9b58115b60bdad35f43f6437be,limit_spin_density_zero_rect2x3,rect2x3_hole_3,randomized_qmc,1024,1255589210
DEVELOPMENT,61,8d9f57771b025ad2b6da9e578278aa6a,limit_hopping_zero_chain6,chain6_hole_2,randomized_qmc,1024,2504507869
DEVELOPMENT,61,db87e6c265d45773bb6297db5af0c11f,limit_hopping_zero_chain6,chain6_hole_4,randomized_qmc,1024,3348392723
DEVELOPMENT,61,fb5214d8d1bf5caa839f81a965024f62,limit_spin_density_zero_rect2x3,rect2x3_hole_2,randomized_qmc,1024,4182761405
DEVELOPMENT,61,89bd5e9b58115b60bdad35f43f6437be,limit_spin_density_zero_rect2x3,rect2x3_hole_3,randomized_qmc,1024,1017858855
DEVELOPMENT,62,8d9f57771b025ad2b6da9e578278aa6a,limit_hopping_zero_chain6,chain6_hole_2,randomized_qmc,1024,3371348794
DEVELOPMENT,62,db87e6c265d45773bb6297db5af0c11f,limit_hopping_zero_chain6,chain6_hole_4,randomized_qmc,1024,2979877098
DEVELOPMENT,62,fb5214d8d1bf5caa839f81a965024f62,limit_spin_density_zero_rect2x3,rect2x3_hole_2,randomized_qmc,1024,3982986966
DEVELOPMENT,62,89bd5e9b58115b60bdad35f43f6437be,limit_spin_density_zero_rect2x3,rect2x3_hole_3,randomized_qmc,1024,549563795
DEVELOPMENT,63,8d9f57771b025ad2b6da9e578278aa6a,limit_hopping_zero_chain6,chain6_hole_2,randomized_qmc,1024,1166236752
DEVELOPMENT,63,db87e6c265d45773bb6297db5af0c11f,limit_hopping_zero_chain6,chain6_hole_4,randomized_qmc,1024,2626998589
DEVELOPMENT,63,fb5214d8d1bf5caa839f81a965024f62,limit_spin_density_zero_rect2x3,rect2x3_hole_2,randomized_qmc,1024,3798131850
DEVELOPMENT,63,89bd5e9b58115b60bdad35f43f6437be,limit_spin_density_zero_rect2x3,rect2x3_hole_3,randomized_qmc,1024,392874895
DEVELOPMENT,64,8d9f57771b025ad2b6da9e578278aa6a,limit_hopping_zero_chain6,chain6_hole_2,randomized_qmc,1024,2296701502
DEVELOPMENT,64,db87e6c265d45773bb6297db5af0c11f,limit_hopping_zero_chain6,chain6_hole_4,randomized_qmc,1024,1934961890
DEVELOPMENT,64,fb5214d8d1bf5caa839f81a965024f62,limit_spin_density_zero_rect2x3,rect2x3_hole_2,randomized_qmc,1024,1366529652
DEVELOPMENT,64,89bd5e9b58115b60bdad35f43f6437be,limit_spin_density_zero_rect2x3,rect2x3_hole_3,randomized_qmc,1024,3822222877
DEVELOPMENT,65,8d9f57771b025ad2b6da9e578278aa6a,limit_hopping_zero_chain6,chain6_hole_2,randomized_qmc,1024,3450907618
DEVELOPMENT,65,db87e6c265d45773bb6297db5af0c11f,limit_hopping_zero_chain6,chain6_hole_4,randomized_qmc,1024,978753271
DEVELOPMENT,65,fb5214d8d1bf5caa839f81a965024f62,limit_spin_density_zero_rect2x3,rect2x3_hole_2,randomized_qmc,1024,1005232408
DEVELOPMENT,65,89bd5e9b58115b60bdad35f43f6437be,limit_spin_density_zero_rect2x3,rect2x3_hole_3,randomized_qmc,1024,7916032
DEVELOPMENT,66,8d9f57771b025ad2b6da9e578278aa6a,limit_hopping_zero_chain6,chain6_hole_2,randomized_qmc,1024,3956404472
DEVELOPMENT,66,db87e6c265d45773bb6297db5af0c11f,limit_hopping_zero_chain6,chain6_hole_4,randomized_qmc,1024,2243281116
DEVELOPMENT,66,fb5214d8d1bf5caa839f81a965024f62,limit_spin_density_zero_rect2x3,rect2x3_hole_2,randomized_qmc,1024,1545793516
DEVELOPMENT,66,89bd5e9b58115b60bdad35f43f6437be,limit_spin_density_zero_rect2x3,rect2x3_hole_3,randomized_qmc,1024,2701629167
DEVELOPMENT,67,8d9f57771b025ad2b6da9e578278aa6a,limit_hopping_zero_chain6,chain6_hole_2,randomized_qmc,1024,1442221320
DEVELOPMENT,67,db87e6c265d45773bb6297db5af0c11f,limit_hopping_zero_chain6,chain6_hole_4,randomized_qmc,1024,2547274574
DEVELOPMENT,67,fb5214d8d1bf5caa839f81a965024f62,limit_spin_density_zero_rect2x3,rect2x3_hole_2,randomized_qmc,1024,3120666080
DEVELOPMENT,67,89bd5e9b58115b60bdad35f43f6437be,limit_spin_density_zero_rect2x3,rect2x3_hole_3,randomized_qmc,1024,2213654084
DEVELOPMENT,68,8d9f57771b025ad2b6da9e578278aa6a,limit_hopping_zero_chain6,chain6_hole_2,randomized_qmc,1024,3647975713
DEVELOPMENT,68,db87e6c265d45773bb6297db5af0c11f,limit_hopping_zero_chain6,chain6_hole_4,randomized_qmc,1024,1754983338
DEVELOPMENT,68,fb5214d8d1bf5caa839f81a965024f62,limit_spin_density_zero_rect2x3,rect2x3_hole_2,randomized_qmc,1024,1261065572
DEVELOPMENT,68,89bd5e9b58115b60bdad35f43f6437be,limit_spin_density_zero_rect2x3,rect2x3_hole_3,randomized_qmc,1024,626899893
DEVELOPMENT,69,8d9f57771b025ad2b6da9e578278aa6a,limit_hopping_zero_chain6,chain6_hole_2,randomized_qmc,1024,523857769
DEVELOPMENT,69,db87e6c265d45773bb6297db5af0c11f,limit_hopping_zero_chain6,chain6_hole_4,randomized_qmc,1024,2876632526
DEVELOPMENT,69,fb5214d8d1bf5caa839f81a965024f62,limit_spin_density_zero_rect2x3,rect2x3_hole_2,randomized_qmc,1024,972971588
DEVELOPMENT,69,89bd5e9b58115b60bdad35f43f6437be,limit_spin_density_zero_rect2x3,rect2x3_hole_3,randomized_qmc,1024,3886301561
DEVELOPMENT,70,8d9f57771b025ad2b6da9e578278aa6a,limit_hopping_zero_chain6,chain6_hole_2,randomized_qmc,1024,178234630
DEVELOPMENT,70,db87e6c265d45773bb6297db5af0c11f,limit_hopping_zero_chain6,chain6_hole_4,randomized_qmc,1024,1294711986
DEVELOPMENT,70,fb5214d8d1bf5caa839f81a965024f62,limit_spin_density_zero_rect2x3,rect2x3_hole_2,randomized_qmc,1024,1919665359
DEVELOPMENT,70,89bd5e9b58115b60bdad35f43f6437be,limit_spin_density_zero_rect2x3,rect2x3_hole_3,randomized_qmc,1024,2086964109
DEVELOPMENT,71,8d9f57771b025ad2b6da9e578278aa6a,limit_hopping_zero_chain6,chain6_hole_2,randomized_qmc,1024,271330290
DEVELOPMENT,71,db87e6c265d45773bb6297db5af0c11f,limit_hopping_zero_chain6,chain6_hole_4,randomized_qmc,1024,2683149747
DEVELOPMENT,71,fb5214d8d1bf5caa839f81a965024f62,limit_spin_density_zero_rect2x3,rect2x3_hole_2,randomized_qmc,1024,114365225
DEVELOPMENT,71,89bd5e9b58115b60bdad35f43f6437be,limit_spin_density_zero_rect2x3,rect2x3_hole_3,randomized_qmc,1024,855215445
DEVELOPMENT,72,8d9f57771b025ad2b6da9e578278aa6a,limit_hopping_zero_chain6,chain6_hole_2,randomized_qmc,1024,1254484156
DEVELOPMENT,72,db87e6c265d45773bb6297db5af0c11f,limit_hopping_zero_chain6,chain6_hole_4,randomized_qmc,1024,3308462268
DEVELOPMENT,72,fb5214d8d1bf5caa839f81a965024f62,limit_spin_density_zero_rect2x3,rect2x3_hole_2,randomized_qmc,1024,459813207
DEVELOPMENT,72,89bd5e9b58115b60bdad35f43f6437be,limit_spin_density_zero_rect2x3,rect2x3_hole_3,randomized_qmc,1024,3061176252
DEVELOPMENT,73,8d9f57771b025ad2b6da9e578278aa6a,limit_hopping_zero_chain6,chain6_hole_2,randomized_qmc,1024,3890911740
DEVELOPMENT,73,db87e6c265d45773bb6297db5af0c11f,limit_hopping_zero_chain6,chain6_hole_4,randomized_qmc,1024,374889159
DEVELOPMENT,73,fb5214d8d1bf5caa839f81a965024f62,limit_spin_density_zero_rect2x3,rect2x3_hole_2,randomized_qmc,1024,3637141226
DEVELOPMENT,73,89bd5e9b58115b60bdad35f43f6437be,limit_spin_density_zero_rect2x3,rect2x3_hole_3,randomized_qmc,1024,1168675280
DEVELOPMENT,74,8d9f57771b025ad2b6da9e578278aa6a,limit_hopping_zero_chain6,chain6_hole_2,randomized_qmc,1024,405128454
DEVELOPMENT,74,db87e6c265d45773bb6297db5af0c11f,limit_hopping_zero_chain6,chain6_hole_4,randomized_qmc,1024,1725846913
DEVELOPMENT,74,fb5214d8d1bf5caa839f81a965024f62,limit_spin_density_zero_rect2x3,rect2x3_hole_2,randomized_qmc,1024,3848664930
DEVELOPMENT,74,89bd5e9b58115b60bdad35f43f6437be,limit_spin_density_zero_rect2x3,rect2x3_hole_3,randomized_qmc,1024,2037454927
DEVELOPMENT,75,8d9f57771b025ad2b6da9e578278aa6a,limit_hopping_zero_chain6,chain6_hole_2,randomized_qmc,1024,3071319301
DEVELOPMENT,75,db87e6c265d45773bb6297db5af0c11f,limit_hopping_zero_chain6,chain6_hole_4,randomized_qmc,1024,2773849057
DEVELOPMENT,75,fb5214d8d1bf5caa839f81a965024f62,limit_spin_density_zero_rect2x3,rect2x3_hole_2,randomized_qmc,1024,4075644744
DEVELOPMENT,75,89bd5e9b58115b60bdad35f43f6437be,limit_spin_density_zero_rect2x3,rect2x3_hole_3,randomized_qmc,1024,3559434573
DEVELOPMENT,76,8d9f57771b025ad2b6da9e578278aa6a,limit_hopping_zero_chain6,chain6_hole_2,randomized_qmc,1024,3956636198
DEVELOPMENT,76,db87e6c265d45773bb6297db5af0c11f,limit_hopping_zero_chain6,chain6_hole_4,randomized_qmc,1024,1464245069
DEVELOPMENT,76,fb5214d8d1bf5caa839f81a965024f62,limit_spin_density_zero_rect2x3,rect2x3_hole_2,randomized_qmc,1024,3104889521
DEVELOPMENT,76,89bd5e9b58115b60bdad35f43f6437be,limit_spin_density_zero_rect2x3,rect2x3_hole_3,randomized_qmc,1024,3735587109
DEVELOPMENT,77,8d9f57771b025ad2b6da9e578278aa6a,limit_hopping_zero_chain6,chain6_hole_2,randomized_qmc,1024,3812324433
DEVELOPMENT,77,db87e6c265d45773bb6297db5af0c11f,limit_hopping_zero_chain6,chain6_hole_4,randomized_qmc,1024,3357112708
DEVELOPMENT,77,fb5214d8d1bf5caa839f81a965024f62,limit_spin_density_zero_rect2x3,rect2x3_hole_2,randomized_qmc,1024,3158292503
DEVELOPMENT,77,89bd5e9b58115b60bdad35f43f6437be,limit_spin_density_zero_rect2x3,rect2x3_hole_3,randomized_qmc,1024,2308944755
DEVELOPMENT,78,8d9f57771b025ad2b6da9e578278aa6a,limit_hopping_zero_chain6,chain6_hole_2,randomized_qmc,1024,3474913764
DEVELOPMENT,78,db87e6c265d45773bb6297db5af0c11f,limit_hopping_zero_chain6,chain6_hole_4,randomized_qmc,1024,2726100527
DEVELOPMENT,78,fb5214d8d1bf5caa839f81a965024f62,limit_spin_density_zero_rect2x3,rect2x3_hole_2,randomized_qmc,1024,34163405
DEVELOPMENT,78,89bd5e9b58115b60bdad35f43f6437be,limit_spin_density_zero_rect2x3,rect2x3_hole_3,randomized_qmc,1024,2136815262
DEVELOPMENT,79,8d9f57771b025ad2b6da9e578278aa6a,limit_hopping_zero_chain6,chain6_hole_2,randomized_qmc,1024,1633508030
DEVELOPMENT,79,db87e6c265d45773bb6297db5af0c11f,limit_hopping_zero_chain6,chain6_hole_4,randomized_qmc,1024,2460173239
DEVELOPMENT,79,fb5214d8d1bf5caa839f81a965024f62,limit_spin_density_zero_rect2x3,rect2x3_hole_2,randomized_qmc,1024,3390026833
DEVELOPMENT,79,89bd5e9b58115b60bdad35f43f6437be,limit_spin_density_zero_rect2x3,rect2x3_hole_3,randomized_qmc,1024,3050366869
DEVELOPMENT,80,8d9f57771b025ad2b6da9e578278aa6a,limit_hopping_zero_chain6,chain6_hole_2,randomized_qmc,1024,2095294471
DEVELOPMENT,80,db87e6c265d45773bb6297db5af0c11f,limit_hopping_zero_chain6,chain6_hole_4,randomized_qmc,1024,2314322771
DEVELOPMENT,80,fb5214d8d1bf5caa839f81a965024f62,limit_spin_density_zero_rect2x3,rect2x3_hole_2,randomized_qmc,1024,886733851
DEVELOPMENT,80,89bd5e9b58115b60bdad35f43f6437be,limit_spin_density_zero_rect2x3,rect2x3_hole_3,randomized_qmc,1024,3011036906
DEVELOPMENT,81,8d9f57771b025ad2b6da9e578278aa6a,limit_hopping_zero_chain6,chain6_hole_2,randomized_qmc,1024,1710158188
DEVELOPMENT,81,db87e6c265d45773bb6297db5af0c11f,limit_hopping_zero_chain6,chain6_hole_4,randomized_qmc,1024,554544976
DEVELOPMENT,81,fb5214d8d1bf5caa839f81a965024f62,limit_spin_density_zero_rect2x3,rect2x3_hole_2,randomized_qmc,1024,2214568752
DEVELOPMENT,81,89bd5e9b58115b60bdad35f43f6437be,limit_spin_density_zero_rect2x3,rect2x3_hole_3,randomized_qmc,1024,1944646884
DEVELOPMENT,82,8d9f57771b025ad2b6da9e578278aa6a,limit_hopping_zero_chain6,chain6_hole_2,randomized_qmc,1024,1474139928
DEVELOPMENT,82,db87e6c265d45773bb6297db5af0c11f,limit_hopping_zero_chain6,chain6_hole_4,randomized_qmc,1024,817120411
DEVELOPMENT,82,fb5214d8d1bf5caa839f81a965024f62,limit_spin_density_zero_rect2x3,rect2x3_hole_2,randomized_qmc,1024,3554162939
DEVELOPMENT,82,89bd5e9b58115b60bdad35f43f6437be,limit_spin_density_zero_rect2x3,rect2x3_hole_3,randomized_qmc,1024,1514011866
DEVELOPMENT,83,8d9f57771b025ad2b6da9e578278aa6a,limit_hopping_zero_chain6,chain6_hole_2,randomized_qmc,1024,1647643769
DEVELOPMENT,83,db87e6c265d45773bb6297db5af0c11f,limit_hopping_zero_chain6,chain6_hole_4,randomized_qmc,1024,1261918493
DEVELOPMENT,83,fb5214d8d1bf5caa839f81a965024f62,limit_spin_density_zero_rect2x3,rect2x3_hole_2,randomized_qmc,1024,1381517696
DEVELOPMENT,83,89bd5e9b58115b60bdad35f43f6437be,limit_spin_density_zero_rect2x3,rect2x3_hole_3,randomized_qmc,1024,2681503956
DEVELOPMENT,84,8d9f57771b025ad2b6da9e578278aa6a,limit_hopping_zero_chain6,chain6_hole_2,randomized_qmc,1024,157128008
DEVELOPMENT,84,db87e6c265d45773bb6297db5af0c11f,limit_hopping_zero_chain6,chain6_hole_4,randomized_qmc,1024,3581243081
DEVELOPMENT,84,fb5214d8d1bf5caa839f81a965024f62,limit_spin_density_zero_rect2x3,rect2x3_hole_2,randomized_qmc,1024,3917285060
DEVELOPMENT,84,89bd5e9b58115b60bdad35f43f6437be,limit_spin_density_zero_rect2x3,rect2x3_hole_3,randomized_qmc,1024,2805973494
DEVELOPMENT,85,8d9f57771b025ad2b6da9e578278aa6a,limit_hopping_zero_chain6,chain6_hole_2,randomized_qmc,1024,925033222
DEVELOPMENT,85,db87e6c265d45773bb6297db5af0c11f,limit_hopping_zero_chain6,chain6_hole_4,randomized_qmc,1024,1953973415
DEVELOPMENT,85,fb5214d8d1bf5caa839f81a965024f62,limit_spin_density_zero_rect2x3,rect2x3_hole_2,randomized_qmc,1024,832872202
DEVELOPMENT,85,89bd5e9b58115b60bdad35f43f6437be,limit_spin_density_zero_rect2x3,rect2x3_hole_3,randomized_qmc,1024,3604222838
DEVELOPMENT,86,8d9f57771b025ad2b6da9e578278aa6a,limit_hopping_zero_chain6,chain6_hole_2,randomized_qmc,1024,4102650245
DEVELOPMENT,86,db87e6c265d45773bb6297db5af0c11f,limit_hopping_zero_chain6,chain6_hole_4,randomized_qmc,1024,3751231559
DEVELOPMENT,86,fb5214d8d1bf5caa839f81a965024f62,limit_spin_density_zero_rect2x3,rect2x3_hole_2,randomized_qmc,1024,4168826465
DEVELOPMENT,86,89bd5e9b58115b60bdad35f43f6437be,limit_spin_density_zero_rect2x3,rect2x3_hole_3,randomized_qmc,1024,2811826755
DEVELOPMENT,87,8d9f57771b025ad2b6da9e578278aa6a,limit_hopping_zero_chain6,chain6_hole_2,randomized_qmc,1024,2413209159
DEVELOPMENT,87,db87e6c265d45773bb6297db5af0c11f,limit_hopping_zero_chain6,chain6_hole_4,randomized_qmc,1024,3278153750
DEVELOPMENT,87,fb5214d8d1bf5caa839f81a965024f62,limit_spin_density_zero_rect2x3,rect2x3_hole_2,randomized_qmc,1024,3860950686
DEVELOPMENT,87,89bd5e9b58115b60bdad35f43f6437be,limit_spin_density_zero_rect2x3,rect2x3_hole_3,randomized_qmc,1024,3041963655
DEVELOPMENT,88,8d9f57771b025ad2b6da9e578278aa6a,limit_hopping_zero_chain6,chain6_hole_2,randomized_qmc,1024,1853907697
DEVELOPMENT,88,db87e6c265d45773bb6297db5af0c11f,limit_hopping_zero_chain6,chain6_hole_4,randomized_qmc,1024,3442826050
DEVELOPMENT,88,fb5214d8d1bf5caa839f81a965024f62,limit_spin_density_zero_rect2x3,rect2x3_hole_2,randomized_qmc,1024,3194308821
DEVELOPMENT,88,89bd5e9b58115b60bdad35f43f6437be,limit_spin_density_zero_rect2x3,rect2x3_hole_3,randomized_qmc,1024,2931936977
DEVELOPMENT,89,8d9f57771b025ad2b6da9e578278aa6a,limit_hopping_zero_chain6,chain6_hole_2,randomized_qmc,1024,758768364
DEVELOPMENT,89,db87e6c265d45773bb6297db5af0c11f,limit_hopping_zero_chain6,chain6_hole_4,randomized_qmc,1024,397786146
DEVELOPMENT,89,fb5214d8d1bf5caa839f81a965024f62,limit_spin_density_zero_rect2x3,rect2x3_hole_2,randomized_qmc,1024,359836609
DEVELOPMENT,89,89bd5e9b58115b60bdad35f43f6437be,limit_spin_density_zero_rect2x3,rect2x3_hole_3,randomized_qmc,1024,3866892751
DEVELOPMENT,90,8d9f57771b025ad2b6da9e578278aa6a,limit_hopping_zero_chain6,chain6_hole_2,randomized_qmc,1024,3788028460
DEVELOPMENT,90,db87e6c265d45773bb6297db5af0c11f,limit_hopping_zero_chain6,chain6_hole_4,randomized_qmc,1024,144703816
DEVELOPMENT,90,fb5214d8d1bf5caa839f81a965024f62,limit_spin_density_zero_rect2x3,rect2x3_hole_2,randomized_qmc,1024,1979574170
DEVELOPMENT,90,89bd5e9b58115b60bdad35f43f6437be,limit_spin_density_zero_rect2x3,rect2x3_hole_3,randomized_qmc,1024,1913225384
DEVELOPMENT,91,8d9f57771b025ad2b6da9e578278aa6a,limit_hopping_zero_chain6,chain6_hole_2,randomized_qmc,1024,1609848467
DEVELOPMENT,91,db87e6c265d45773bb6297db5af0c11f,limit_hopping_zero_chain6,chain6_hole_4,randomized_qmc,1024,1310731289
DEVELOPMENT,91,fb5214d8d1bf5caa839f81a965024f62,limit_spin_density_zero_rect2x3,rect2x3_hole_2,randomized_qmc,1024,2920275778
DEVELOPMENT,91,89bd5e9b58115b60bdad35f43f6437be,limit_spin_density_zero_rect2x3,rect2x3_hole_3,randomized_qmc,1024,994303673
DEVELOPMENT,92,8d9f57771b025ad2b6da9e578278aa6a,limit_hopping_zero_chain6,chain6_hole_2,randomized_qmc,1024,1752669775
DEVELOPMENT,92,db87e6c265d45773bb6297db5af0c11f,limit_hopping_zero_chain6,chain6_hole_4,randomized_qmc,1024,2348621957
DEVELOPMENT,92,fb5214d8d1bf5caa839f81a965024f62,limit_spin_density_zero_rect2x3,rect2x3_hole_2,randomized_qmc,1024,3154562972
DEVELOPMENT,92,89bd5e9b58115b60bdad35f43f6437be,limit_spin_density_zero_rect2x3,rect2x3_hole_3,randomized_qmc,1024,2462035193
DEVELOPMENT,93,8d9f57771b025ad2b6da9e578278aa6a,limit_hopping_zero_chain6,chain6_hole_2,randomized_qmc,1024,4149354411
DEVELOPMENT,93,db87e6c265d45773bb6297db5af0c11f,limit_hopping_zero_chain6,chain6_hole_4,randomized_qmc,1024,56353357
DEVELOPMENT,93,fb5214d8d1bf5caa839f81a965024f62,limit_spin_density_zero_rect2x3,rect2x3_hole_2,randomized_qmc,1024,1450060132
DEVELOPMENT,93,89bd5e9b58115b60bdad35f43f6437be,limit_spin_density_zero_rect2x3,rect2x3_hole_3,randomized_qmc,1024,3781010079
DEVELOPMENT,94,8d9f57771b025ad2b6da9e578278aa6a,limit_hopping_zero_chain6,chain6_hole_2,randomized_qmc,1024,964183406
DEVELOPMENT,94,db87e6c265d45773bb6297db5af0c11f,limit_hopping_zero_chain6,chain6_hole_4,randomized_qmc,1024,3756178925
DEVELOPMENT,94,fb5214d8d1bf5caa839f81a965024f62,limit_spin_density_zero_rect2x3,rect2x3_hole_2,randomized_qmc,1024,3333429672
DEVELOPMENT,94,89bd5e9b58115b60bdad35f43f6437be,limit_spin_density_zero_rect2x3,rect2x3_hole_3,randomized_qmc,1024,3158549478
DEVELOPMENT,95,8d9f57771b025ad2b6da9e578278aa6a,limit_hopping_zero_chain6,chain6_hole_2,randomized_qmc,1024,396655226
DEVELOPMENT,95,db87e6c265d45773bb6297db5af0c11f,limit_hopping_zero_chain6,chain6_hole_4,randomized_qmc,1024,1255819869
DEVELOPMENT,95,fb5214d8d1bf5caa839f81a965024f62,limit_spin_density_zero_rect2x3,rect2x3_hole_2,randomized_qmc,1024,669179091
DEVELOPMENT,95,89bd5e9b58115b60bdad35f43f6437be,limit_spin_density_zero_rect2x3,rect2x3_hole_3,randomized_qmc,1024,91107379
DEVELOPMENT,96,8d9f57771b025ad2b6da9e578278aa6a,limit_hopping_zero_chain6,chain6_hole_2,randomized_qmc,1024,4235088172
DEVELOPMENT,96,db87e6c265d45773bb6297db5af0c11f,limit_hopping_zero_chain6,chain6_hole_4,randomized_qmc,1024,2356112539
DEVELOPMENT,96,fb5214d8d1bf5caa839f81a965024f62,limit_spin_density_zero_rect2x3,rect2x3_hole_2,randomized_qmc,1024,3958847785
DEVELOPMENT,96,89bd5e9b58115b60bdad35f43f6437be,limit_spin_density_zero_rect2x3,rect2x3_hole_3,randomized_qmc,1024,2202395036
DEVELOPMENT,97,8d9f57771b025ad2b6da9e578278aa6a,limit_hopping_zero_chain6,chain6_hole_2,randomized_qmc,1024,223617001
DEVELOPMENT,97,db87e6c265d45773bb6297db5af0c11f,limit_hopping_zero_chain6,chain6_hole_4,randomized_qmc,1024,1495015086
DEVELOPMENT,97,fb5214d8d1bf5caa839f81a965024f62,limit_spin_density_zero_rect2x3,rect2x3_hole_2,randomized_qmc,1024,3258947639
DEVELOPMENT,97,89bd5e9b58115b60bdad35f43f6437be,limit_spin_density_zero_rect2x3,rect2x3_hole_3,randomized_qmc,1024,2134015928
DEVELOPMENT,98,8d9f57771b025ad2b6da9e578278aa6a,limit_hopping_zero_chain6,chain6_hole_2,randomized_qmc,1024,3075556839
DEVELOPMENT,98,db87e6c265d45773bb6297db5af0c11f,limit_hopping_zero_chain6,chain6_hole_4,randomized_qmc,1024,688310052
DEVELOPMENT,98,fb5214d8d1bf5caa839f81a965024f62,limit_spin_density_zero_rect2x3,rect2x3_hole_2,randomized_qmc,1024,1378390959
DEVELOPMENT,98,89bd5e9b58115b60bdad35f43f6437be,limit_spin_density_zero_rect2x3,rect2x3_hole_3,randomized_qmc,1024,980274352
DEVELOPMENT,99,8d9f57771b025ad2b6da9e578278aa6a,limit_hopping_zero_chain6,chain6_hole_2,randomized_qmc,1024,2644979886
DEVELOPMENT,99,db87e6c265d45773bb6297db5af0c11f,limit_hopping_zero_chain6,chain6_hole_4,randomized_qmc,1024,3219146401
DEVELOPMENT,99,fb5214d8d1bf5caa839f81a965024f62,limit_spin_density_zero_rect2x3,rect2x3_hole_2,randomized_qmc,1024,4253171787
DEVELOPMENT,99,89bd5e9b58115b60bdad35f43f6437be,limit_spin_density_zero_rect2x3,rect2x3_hole_3,randomized_qmc,1024,2044872549
DEVELOPMENT,100,8d9f57771b025ad2b6da9e578278aa6a,limit_hopping_zero_chain6,chain6_hole_2,randomized_qmc,1024,1296894742
DEVELOPMENT,100,db87e6c265d45773bb6297db5af0c11f,limit_hopping_zero_chain6,chain6_hole_4,randomized_qmc,1024,1183846976
DEVELOPMENT,100,fb5214d8d1bf5caa839f81a965024f62,limit_spin_density_zero_rect2x3,rect2x3_hole_2,randomized_qmc,1024,3089264187
DEVELOPMENT,100,89bd5e9b58115b60bdad35f43f6437be,limit_spin_density_zero_rect2x3,rect2x3_hole_3,randomized_qmc,1024,2029292418
DEVELOPMENT,101,8d9f57771b025ad2b6da9e578278aa6a,limit_hopping_zero_chain6,chain6_hole_2,randomized_qmc,1024,2408000938
DEVELOPMENT,101,db87e6c265d45773bb6297db5af0c11f,limit_hopping_zero_chain6,chain6_hole_4,randomized_qmc,1024,4084722732
DEVELOPMENT,101,fb5214d8d1bf5caa839f81a965024f62,limit_spin_density_zero_rect2x3,rect2x3_hole_2,randomized_qmc,1024,1428362200
DEVELOPMENT,101,89bd5e9b58115b60bdad35f43f6437be,limit_spin_density_zero_rect2x3,rect2x3_hole_3,randomized_qmc,1024,3544588629
DEVELOPMENT,102,8d9f57771b025ad2b6da9e578278aa6a,limit_hopping_zero_chain6,chain6_hole_2,randomized_qmc,1024,1731332175
DEVELOPMENT,102,db87e6c265d45773bb6297db5af0c11f,limit_hopping_zero_chain6,chain6_hole_4,randomized_qmc,1024,2168977160
DEVELOPMENT,102,fb5214d8d1bf5caa839f81a965024f62,limit_spin_density_zero_rect2x3,rect2x3_hole_2,randomized_qmc,1024,3322744995
DEVELOPMENT,102,89bd5e9b58115b60bdad35f43f6437be,limit_spin_density_zero_rect2x3,rect2x3_hole_3,randomized_qmc,1024,2862722410
DEVELOPMENT,103,8d9f57771b025ad2b6da9e578278aa6a,limit_hopping_zero_chain6,chain6_hole_2,randomized_qmc,1024,4139208601
DEVELOPMENT,103,db87e6c265d45773bb6297db5af0c11f,limit_hopping_zero_chain6,chain6_hole_4,randomized_qmc,1024,638442399
DEVELOPMENT,103,fb5214d8d1bf5caa839f81a965024f62,limit_spin_density_zero_rect2x3,rect2x3_hole_2,randomized_qmc,1024,585745192
DEVELOPMENT,103,89bd5e9b58115b60bdad35f43f6437be,limit_spin_density_zero_rect2x3,rect2x3_hole_3,randomized_qmc,1024,319752938
DEVELOPMENT,104,8d9f57771b025ad2b6da9e578278aa6a,limit_hopping_zero_chain6,chain6_hole_2,randomized_qmc,1024,1241558129
DEVELOPMENT,104,db87e6c265d45773bb6297db5af0c11f,limit_hopping_zero_chain6,chain6_hole_4,randomized_qmc,1024,4273663771
DEVELOPMENT,104,fb5214d8d1bf5caa839f81a965024f62,limit_spin_density_zero_rect2x3,rect2x3_hole_2,randomized_qmc,1024,2523013665
DEVELOPMENT,104,89bd5e9b58115b60bdad35f43f6437be,limit_spin_density_zero_rect2x3,rect2x3_hole_3,randomized_qmc,1024,75347759
DEVELOPMENT,105,8d9f57771b025ad2b6da9e578278aa6a,limit_hopping_zero_chain6,chain6_hole_2,randomized_qmc,1024,100259865
DEVELOPMENT,105,db87e6c265d45773bb6297db5af0c11f,limit_hopping_zero_chain6,chain6_hole_4,randomized_qmc,1024,2608019526
DEVELOPMENT,105,fb5214d8d1bf5caa839f81a965024f62,limit_spin_density_zero_rect2x3,rect2x3_hole_2,randomized_qmc,1024,11748883
DEVELOPMENT,105,89bd5e9b58115b60bdad35f43f6437be,limit_spin_density_zero_rect2x3,rect2x3_hole_3,randomized_qmc,1024,801274693
DEVELOPMENT,106,8d9f57771b025ad2b6da9e578278aa6a,limit_hopping_zero_chain6,chain6_hole_2,randomized_qmc,1024,3887456265
DEVELOPMENT,106,db87e6c265d45773bb6297db5af0c11f,limit_hopping_zero_chain6,chain6_hole_4,randomized_qmc,1024,1494111544
DEVELOPMENT,106,fb5214d8d1bf5caa839f81a965024f62,limit_spin_density_zero_rect2x3,rect2x3_hole_2,randomized_qmc,1024,2332827975
DEVELOPMENT,106,89bd5e9b58115b60bdad35f43f6437be,limit_spin_density_zero_rect2x3,rect2x3_hole_3,randomized_qmc,1024,1005607377
DEVELOPMENT,107,8d9f57771b025ad2b6da9e578278aa6a,limit_hopping_zero_chain6,chain6_hole_2,randomized_qmc,1024,1664264933
DEVELOPMENT,107,db87e6c265d45773bb6297db5af0c11f,limit_hopping_zero_chain6,chain6_hole_4,randomized_qmc,1024,1992424485
DEVELOPMENT,107,fb5214d8d1bf5caa839f81a965024f62,limit_spin_density_zero_rect2x3,rect2x3_hole_2,randomized_qmc,1024,3365987283
DEVELOPMENT,107,89bd5e9b58115b60bdad35f43f6437be,limit_spin_density_zero_rect2x3,rect2x3_hole_3,randomized_qmc,1024,2481109133
DEVELOPMENT,108,8d9f57771b025ad2b6da9e578278aa6a,limit_hopping_zero_chain6,chain6_hole_2,randomized_qmc,1024,3303815557
DEVELOPMENT,108,db87e6c265d45773bb6297db5af0c11f,limit_hopping_zero_chain6,chain6_hole_4,randomized_qmc,1024,3092070279
DEVELOPMENT,108,fb5214d8d1bf5caa839f81a965024f62,limit_spin_density_zero_rect2x3,rect2x3_hole_2,randomized_qmc,1024,3695055837
DEVELOPMENT,108,89bd5e9b58115b60bdad35f43f6437be,limit_spin_density_zero_rect2x3,rect2x3_hole_3,randomized_qmc,1024,1720542343
DEVELOPMENT,109,8d9f57771b025ad2b6da9e578278aa6a,limit_hopping_zero_chain6,chain6_hole_2,randomized_qmc,1024,2610579382
DEVELOPMENT,109,db87e6c265d45773bb6297db5af0c11f,limit_hopping_zero_chain6,chain6_hole_4,randomized_qmc,1024,2512140993
DEVELOPMENT,109,fb5214d8d1bf5caa839f81a965024f62,limit_spin_density_zero_rect2x3,rect2x3_hole_2,randomized_qmc,1024,2967526550
DEVELOPMENT,109,89bd5e9b58115b60bdad35f43f6437be,limit_spin_density_zero_rect2x3,rect2x3_hole_3,randomized_qmc,1024,357055531
DEVELOPMENT,110,8d9f57771b025ad2b6da9e578278aa6a,limit_hopping_zero_chain6,chain6_hole_2,randomized_qmc,1024,72523811
DEVELOPMENT,110,db87e6c265d45773bb6297db5af0c11f,limit_hopping_zero_chain6,chain6_hole_4,randomized_qmc,1024,1238543136
DEVELOPMENT,110,fb5214d8d1bf5caa839f81a965024f62,limit_spin_density_zero_rect2x3,rect2x3_hole_2,randomized_qmc,1024,2249306775
DEVELOPMENT,110,89bd5e9b58115b60bdad35f43f6437be,limit_spin_density_zero_rect2x3,rect2x3_hole_3,randomized_qmc,1024,775936918
DEVELOPMENT,111,8d9f57771b025ad2b6da9e578278aa6a,limit_hopping_zero_chain6,chain6_hole_2,randomized_qmc,1024,209447837
DEVELOPMENT,111,db87e6c265d45773bb6297db5af0c11f,limit_hopping_zero_chain6,chain6_hole_4,randomized_qmc,1024,2617754207
DEVELOPMENT,111,fb5214d8d1bf5caa839f81a965024f62,limit_spin_density_zero_rect2x3,rect2x3_hole_2,randomized_qmc,1024,3839764544
DEVELOPMENT,111,89bd5e9b58115b60bdad35f43f6437be,limit_spin_density_zero_rect2x3,rect2x3_hole_3,randomized_qmc,1024,902532728
DEVELOPMENT,112,8d9f57771b025ad2b6da9e578278aa6a,limit_hopping_zero_chain6,chain6_hole_2,randomized_qmc,1024,2221820221
DEVELOPMENT,112,db87e6c265d45773bb6297db5af0c11f,limit_hopping_zero_chain6,chain6_hole_4,randomized_qmc,1024,1621207576
DEVELOPMENT,112,fb5214d8d1bf5caa839f81a965024f62,limit_spin_density_zero_rect2x3,rect2x3_hole_2,randomized_qmc,1024,2169023041
DEVELOPMENT,112,89bd5e9b58115b60bdad35f43f6437be,limit_spin_density_zero_rect2x3,rect2x3_hole_3,randomized_qmc,1024,4283674560
DEVELOPMENT,113,8d9f57771b025ad2b6da9e578278aa6a,limit_hopping_zero_chain6,chain6_hole_2,randomized_qmc,1024,1376685447
DEVELOPMENT,113,db87e6c265d45773bb6297db5af0c11f,limit_hopping_zero_chain6,chain6_hole_4,randomized_qmc,1024,3961790253
DEVELOPMENT,113,fb5214d8d1bf5caa839f81a965024f62,limit_spin_density_zero_rect2x3,rect2x3_hole_2,randomized_qmc,1024,437712888
DEVELOPMENT,113,89bd5e9b58115b60bdad35f43f6437be,limit_spin_density_zero_rect2x3,rect2x3_hole_3,randomized_qmc,1024,2035188274
DEVELOPMENT,114,8d9f57771b025ad2b6da9e578278aa6a,limit_hopping_zero_chain6,chain6_hole_2,randomized_qmc,1024,2991001430
DEVELOPMENT,114,db87e6c265d45773bb6297db5af0c11f,limit_hopping_zero_chain6,chain6_hole_4,randomized_qmc,1024,3874982255
DEVELOPMENT,114,fb5214d8d1bf5caa839f81a965024f62,limit_spin_density_zero_rect2x3,rect2x3_hole_2,randomized_qmc,1024,2282775939
DEVELOPMENT,114,89bd5e9b58115b60bdad35f43f6437be,limit_spin_density_zero_rect2x3,rect2x3_hole_3,randomized_qmc,1024,2387854379
DEVELOPMENT,115,8d9f57771b025ad2b6da9e578278aa6a,limit_hopping_zero_chain6,chain6_hole_2,randomized_qmc,1024,1321396396
DEVELOPMENT,115,db87e6c265d45773bb6297db5af0c11f,limit_hopping_zero_chain6,chain6_hole_4,randomized_qmc,1024,1636664909
DEVELOPMENT,115,fb5214d8d1bf5caa839f81a965024f62,limit_spin_density_zero_rect2x3,rect2x3_hole_2,randomized_qmc,1024,3040399626
DEVELOPMENT,115,89bd5e9b58115b60bdad35f43f6437be,limit_spin_density_zero_rect2x3,rect2x3_hole_3,randomized_qmc,1024,1414958343
DEVELOPMENT,116,8d9f57771b025ad2b6da9e578278aa6a,limit_hopping_zero_chain6,chain6_hole_2,randomized_qmc,1024,1859864997
DEVELOPMENT,116,db87e6c265d45773bb6297db5af0c11f,limit_hopping_zero_chain6,chain6_hole_4,randomized_qmc,1024,1922225993
DEVELOPMENT,116,fb5214d8d1bf5caa839f81a965024f62,limit_spin_density_zero_rect2x3,rect2x3_hole_2,randomized_qmc,1024,1645722527
DEVELOPMENT,116,89bd5e9b58115b60bdad35f43f6437be,limit_spin_density_zero_rect2x3,rect2x3_hole_3,randomized_qmc,1024,1848516477
DEVELOPMENT,117,8d9f57771b025ad2b6da9e578278aa6a,limit_hopping_zero_chain6,chain6_hole_2,randomized_qmc,1024,3413636789
DEVELOPMENT,117,db87e6c265d45773bb6297db5af0c11f,limit_hopping_zero_chain6,chain6_hole_4,randomized_qmc,1024,155160438
DEVELOPMENT,117,fb5214d8d1bf5caa839f81a965024f62,limit_spin_density_zero_rect2x3,rect2x3_hole_2,randomized_qmc,1024,751171166
DEVELOPMENT,117,89bd5e9b58115b60bdad35f43f6437be,limit_spin_density_zero_rect2x3,rect2x3_hole_3,randomized_qmc,1024,1258673370
DEVELOPMENT,118,8d9f57771b025ad2b6da9e578278aa6a,limit_hopping_zero_chain6,chain6_hole_2,randomized_qmc,1024,3182489838
DEVELOPMENT,118,db87e6c265d45773bb6297db5af0c11f,limit_hopping_zero_chain6,chain6_hole_4,randomized_qmc,1024,3042790278
DEVELOPMENT,118,fb5214d8d1bf5caa839f81a965024f62,limit_spin_density_zero_rect2x3,rect2x3_hole_2,randomized_qmc,1024,3724929776
DEVELOPMENT,118,89bd5e9b58115b60bdad35f43f6437be,limit_spin_density_zero_rect2x3,rect2x3_hole_3,randomized_qmc,1024,2361089819
DEVELOPMENT,119,8d9f57771b025ad2b6da9e578278aa6a,limit_hopping_zero_chain6,chain6_hole_2,randomized_qmc,1024,3566526714
DEVELOPMENT,119,db87e6c265d45773bb6297db5af0c11f,limit_hopping_zero_chain6,chain6_hole_4,randomized_qmc,1024,502051242
DEVELOPMENT,119,fb5214d8d1bf5caa839f81a965024f62,limit_spin_density_zero_rect2x3,rect2x3_hole_2,randomized_qmc,1024,2307980280
DEVELOPMENT,119,89bd5e9b58115b60bdad35f43f6437be,limit_spin_density_zero_rect2x3,rect2x3_hole_3,randomized_qmc,1024,800269601
DEVELOPMENT,120,8d9f57771b025ad2b6da9e578278aa6a,limit_hopping_zero_chain6,chain6_hole_2,randomized_qmc,1024,3227310960
DEVELOPMENT,120,db87e6c265d45773bb6297db5af0c11f,limit_hopping_zero_chain6,chain6_hole_4,randomized_qmc,1024,3040306935
DEVELOPMENT,120,fb5214d8d1bf5caa839f81a965024f62,limit_spin_density_zero_rect2x3,rect2x3_hole_2,randomized_qmc,1024,2548095586
DEVELOPMENT,120,89bd5e9b58115b60bdad35f43f6437be,limit_spin_density_zero_rect2x3,rect2x3_hole_3,randomized_qmc,1024,1952694508
DEVELOPMENT,121,8d9f57771b025ad2b6da9e578278aa6a,limit_hopping_zero_chain6,chain6_hole_2,randomized_qmc,1024,1212088124
DEVELOPMENT,121,db87e6c265d45773bb6297db5af0c11f,limit_hopping_zero_chain6,chain6_hole_4,randomized_qmc,1024,2618992821
DEVELOPMENT,121,fb5214d8d1bf5caa839f81a965024f62,limit_spin_density_zero_rect2x3,rect2x3_hole_2,randomized_qmc,1024,2740323246
DEVELOPMENT,121,89bd5e9b58115b60bdad35f43f6437be,limit_spin_density_zero_rect2x3,rect2x3_hole_3,randomized_qmc,1024,763967293
DEVELOPMENT,122,8d9f57771b025ad2b6da9e578278aa6a,limit_hopping_zero_chain6,chain6_hole_2,randomized_qmc,1024,3895381598
DEVELOPMENT,122,db87e6c265d45773bb6297db5af0c11f,limit_hopping_zero_chain6,chain6_hole_4,randomized_qmc,1024,1979151163
DEVELOPMENT,122,fb5214d8d1bf5caa839f81a965024f62,limit_spin_density_zero_rect2x3,rect2x3_hole_2,randomized_qmc,1024,3239016774
DEVELOPMENT,122,89bd5e9b58115b60bdad35f43f6437be,limit_spin_density_zero_rect2x3,rect2x3_hole_3,randomized_qmc,1024,1026095152
DEVELOPMENT,123,8d9f57771b025ad2b6da9e578278aa6a,limit_hopping_zero_chain6,chain6_hole_2,randomized_qmc,1024,2661194788
DEVELOPMENT,123,db87e6c265d45773bb6297db5af0c11f,limit_hopping_zero_chain6,chain6_hole_4,randomized_qmc,1024,3630579158
DEVELOPMENT,123,fb5214d8d1bf5caa839f81a965024f62,limit_spin_density_zero_rect2x3,rect2x3_hole_2,randomized_qmc,1024,2669908102
DEVELOPMENT,123,89bd5e9b58115b60bdad35f43f6437be,limit_spin_density_zero_rect2x3,rect2x3_hole_3,randomized_qmc,1024,2227352002
DEVELOPMENT,124,8d9f57771b025ad2b6da9e578278aa6a,limit_hopping_zero_chain6,chain6_hole_2,randomized_qmc,1024,3118775285
DEVELOPMENT,124,db87e6c265d45773bb6297db5af0c11f,limit_hopping_zero_chain6,chain6_hole_4,randomized_qmc,1024,3384725507
DEVELOPMENT,124,fb5214d8d1bf5caa839f81a965024f62,limit_spin_density_zero_rect2x3,rect2x3_hole_2,randomized_qmc,1024,2627940468
DEVELOPMENT,124,89bd5e9b58115b60bdad35f43f6437be,limit_spin_density_zero_rect2x3,rect2x3_hole_3,randomized_qmc,1024,1628701787
DEVELOPMENT,125,8d9f57771b025ad2b6da9e578278aa6a,limit_hopping_zero_chain6,chain6_hole_2,randomized_qmc,1024,3086957515
DEVELOPMENT,125,db87e6c265d45773bb6297db5af0c11f,limit_hopping_zero_chain6,chain6_hole_4,randomized_qmc,1024,1159910615
DEVELOPMENT,125,fb5214d8d1bf5caa839f81a965024f62,limit_spin_density_zero_rect2x3,rect2x3_hole_2,randomized_qmc,1024,1706040516
DEVELOPMENT,125,89bd5e9b58115b60bdad35f43f6437be,limit_spin_density_zero_rect2x3,rect2x3_hole_3,randomized_qmc,1024,3701317936
DEVELOPMENT,126,8d9f57771b025ad2b6da9e578278aa6a,limit_hopping_zero_chain6,chain6_hole_2,randomized_qmc,1024,1554638773
DEVELOPMENT,126,db87e6c265d45773bb6297db5af0c11f,limit_hopping_zero_chain6,chain6_hole_4,randomized_qmc,1024,3630369498
DEVELOPMENT,126,fb5214d8d1bf5caa839f81a965024f62,limit_spin_density_zero_rect2x3,rect2x3_hole_2,randomized_qmc,1024,1872331693
DEVELOPMENT,126,89bd5e9b58115b60bdad35f43f6437be,limit_spin_density_zero_rect2x3,rect2x3_hole_3,randomized_qmc,1024,1489769136
DEVELOPMENT,127,8d9f57771b025ad2b6da9e578278aa6a,limit_hopping_zero_chain6,chain6_hole_2,randomized_qmc,1024,3000190385
DEVELOPMENT,127,db87e6c265d45773bb6297db5af0c11f,limit_hopping_zero_chain6,chain6_hole_4,randomized_qmc,1024,307826573
DEVELOPMENT,127,fb5214d8d1bf5caa839f81a965024f62,limit_spin_density_zero_rect2x3,rect2x3_hole_2,randomized_qmc,1024,3608660080
DEVELOPMENT,127,89bd5e9b58115b60bdad35f43f6437be,limit_spin_density_zero_rect2x3,rect2x3_hole_3,randomized_qmc,1024,4155666357
DEVELOPMENT,0,8d9f57771b025ad2b6da9e578278aa6a,limit_hopping_zero_chain6,chain6_hole_2,randomized_qmc,2048,3616292638
DEVELOPMENT,0,db87e6c265d45773bb6297db5af0c11f,limit_hopping_zero_chain6,chain6_hole_4,randomized_qmc,2048,4287924920
DEVELOPMENT,0,fb5214d8d1bf5caa839f81a965024f62,limit_spin_density_zero_rect2x3,rect2x3_hole_2,randomized_qmc,2048,877341097
DEVELOPMENT,0,89bd5e9b58115b60bdad35f43f6437be,limit_spin_density_zero_rect2x3,rect2x3_hole_3,randomized_qmc,2048,200982594
DEVELOPMENT,1,8d9f57771b025ad2b6da9e578278aa6a,limit_hopping_zero_chain6,chain6_hole_2,randomized_qmc,2048,3502376497
DEVELOPMENT,1,db87e6c265d45773bb6297db5af0c11f,limit_hopping_zero_chain6,chain6_hole_4,randomized_qmc,2048,2323462326
DEVELOPMENT,1,fb5214d8d1bf5caa839f81a965024f62,limit_spin_density_zero_rect2x3,rect2x3_hole_2,randomized_qmc,2048,2742662277
DEVELOPMENT,1,89bd5e9b58115b60bdad35f43f6437be,limit_spin_density_zero_rect2x3,rect2x3_hole_3,randomized_qmc,2048,2231447599
DEVELOPMENT,2,8d9f57771b025ad2b6da9e578278aa6a,limit_hopping_zero_chain6,chain6_hole_2,randomized_qmc,2048,3329680637
DEVELOPMENT,2,db87e6c265d45773bb6297db5af0c11f,limit_hopping_zero_chain6,chain6_hole_4,randomized_qmc,2048,96833233
DEVELOPMENT,2,fb5214d8d1bf5caa839f81a965024f62,limit_spin_density_zero_rect2x3,rect2x3_hole_2,randomized_qmc,2048,2456158155
DEVELOPMENT,2,89bd5e9b58115b60bdad35f43f6437be,limit_spin_density_zero_rect2x3,rect2x3_hole_3,randomized_qmc,2048,1307173926
DEVELOPMENT,3,8d9f57771b025ad2b6da9e578278aa6a,limit_hopping_zero_chain6,chain6_hole_2,randomized_qmc,2048,3836281934
DEVELOPMENT,3,db87e6c265d45773bb6297db5af0c11f,limit_hopping_zero_chain6,chain6_hole_4,randomized_qmc,2048,1833678624
DEVELOPMENT,3,fb5214d8d1bf5caa839f81a965024f62,limit_spin_density_zero_rect2x3,rect2x3_hole_2,randomized_qmc,2048,3380881550
DEVELOPMENT,3,89bd5e9b58115b60bdad35f43f6437be,limit_spin_density_zero_rect2x3,rect2x3_hole_3,randomized_qmc,2048,1516255864
DEVELOPMENT,4,8d9f57771b025ad2b6da9e578278aa6a,limit_hopping_zero_chain6,chain6_hole_2,randomized_qmc,2048,2261505643
DEVELOPMENT,4,db87e6c265d45773bb6297db5af0c11f,limit_hopping_zero_chain6,chain6_hole_4,randomized_qmc,2048,1379884663
DEVELOPMENT,4,fb5214d8d1bf5caa839f81a965024f62,limit_spin_density_zero_rect2x3,rect2x3_hole_2,randomized_qmc,2048,1846027486
DEVELOPMENT,4,89bd5e9b58115b60bdad35f43f6437be,limit_spin_density_zero_rect2x3,rect2x3_hole_3,randomized_qmc,2048,1000542707
DEVELOPMENT,5,8d9f57771b025ad2b6da9e578278aa6a,limit_hopping_zero_chain6,chain6_hole_2,randomized_qmc,2048,3632553360
DEVELOPMENT,5,db87e6c265d45773bb6297db5af0c11f,limit_hopping_zero_chain6,chain6_hole_4,randomized_qmc,2048,3053646565
DEVELOPMENT,5,fb5214d8d1bf5caa839f81a965024f62,limit_spin_density_zero_rect2x3,rect2x3_hole_2,randomized_qmc,2048,2800650859
DEVELOPMENT,5,89bd5e9b58115b60bdad35f43f6437be,limit_spin_density_zero_rect2x3,rect2x3_hole_3,randomized_qmc,2048,313131292
DEVELOPMENT,6,8d9f57771b025ad2b6da9e578278aa6a,limit_hopping_zero_chain6,chain6_hole_2,randomized_qmc,2048,411497946
DEVELOPMENT,6,db87e6c265d45773bb6297db5af0c11f,limit_hopping_zero_chain6,chain6_hole_4,randomized_qmc,2048,3970259774
DEVELOPMENT,6,fb5214d8d1bf5caa839f81a965024f62,limit_spin_density_zero_rect2x3,rect2x3_hole_2,randomized_qmc,2048,3045855477
DEVELOPMENT,6,89bd5e9b58115b60bdad35f43f6437be,limit_spin_density_zero_rect2x3,rect2x3_hole_3,randomized_qmc,2048,588944209
DEVELOPMENT,7,8d9f57771b025ad2b6da9e578278aa6a,limit_hopping_zero_chain6,chain6_hole_2,randomized_qmc,2048,2589043108
DEVELOPMENT,7,db87e6c265d45773bb6297db5af0c11f,limit_hopping_zero_chain6,chain6_hole_4,randomized_qmc,2048,4163033674
DEVELOPMENT,7,fb5214d8d1bf5caa839f81a965024f62,limit_spin_density_zero_rect2x3,rect2x3_hole_2,randomized_qmc,2048,3396187124
DEVELOPMENT,7,89bd5e9b58115b60bdad35f43f6437be,limit_spin_density_zero_rect2x3,rect2x3_hole_3,randomized_qmc,2048,1862754292
DEVELOPMENT,8,8d9f57771b025ad2b6da9e578278aa6a,limit_hopping_zero_chain6,chain6_hole_2,randomized_qmc,2048,4149551047
DEVELOPMENT,8,db87e6c265d45773bb6297db5af0c11f,limit_hopping_zero_chain6,chain6_hole_4,randomized_qmc,2048,1461311451
DEVELOPMENT,8,fb5214d8d1bf5caa839f81a965024f62,limit_spin_density_zero_rect2x3,rect2x3_hole_2,randomized_qmc,2048,53055929
DEVELOPMENT,8,89bd5e9b58115b60bdad35f43f6437be,limit_spin_density_zero_rect2x3,rect2x3_hole_3,randomized_qmc,2048,2353542992
DEVELOPMENT,9,8d9f57771b025ad2b6da9e578278aa6a,limit_hopping_zero_chain6,chain6_hole_2,randomized_qmc,2048,3267872000
DEVELOPMENT,9,db87e6c265d45773bb6297db5af0c11f,limit_hopping_zero_chain6,chain6_hole_4,randomized_qmc,2048,2123267018
DEVELOPMENT,9,fb5214d8d1bf5caa839f81a965024f62,limit_spin_density_zero_rect2x3,rect2x3_hole_2,randomized_qmc,2048,2357312022
DEVELOPMENT,9,89bd5e9b58115b60bdad35f43f6437be,limit_spin_density_zero_rect2x3,rect2x3_hole_3,randomized_qmc,2048,1290999740
DEVELOPMENT,10,8d9f57771b025ad2b6da9e578278aa6a,limit_hopping_zero_chain6,chain6_hole_2,randomized_qmc,2048,3767159929
DEVELOPMENT,10,db87e6c265d45773bb6297db5af0c11f,limit_hopping_zero_chain6,chain6_hole_4,randomized_qmc,2048,2314734997
DEVELOPMENT,10,fb5214d8d1bf5caa839f81a965024f62,limit_spin_density_zero_rect2x3,rect2x3_hole_2,randomized_qmc,2048,3245995983
DEVELOPMENT,10,89bd5e9b58115b60bdad35f43f6437be,limit_spin_density_zero_rect2x3,rect2x3_hole_3,randomized_qmc,2048,2632577152
DEVELOPMENT,11,8d9f57771b025ad2b6da9e578278aa6a,limit_hopping_zero_chain6,chain6_hole_2,randomized_qmc,2048,3142248867
DEVELOPMENT,11,db87e6c265d45773bb6297db5af0c11f,limit_hopping_zero_chain6,chain6_hole_4,randomized_qmc,2048,2915546205
DEVELOPMENT,11,fb5214d8d1bf5caa839f81a965024f62,limit_spin_density_zero_rect2x3,rect2x3_hole_2,randomized_qmc,2048,767199738
DEVELOPMENT,11,89bd5e9b58115b60bdad35f43f6437be,limit_spin_density_zero_rect2x3,rect2x3_hole_3,randomized_qmc,2048,724997456
DEVELOPMENT,12,8d9f57771b025ad2b6da9e578278aa6a,limit_hopping_zero_chain6,chain6_hole_2,randomized_qmc,2048,474803241
DEVELOPMENT,12,db87e6c265d45773bb6297db5af0c11f,limit_hopping_zero_chain6,chain6_hole_4,randomized_qmc,2048,3767606826
DEVELOPMENT,12,fb5214d8d1bf5caa839f81a965024f62,limit_spin_density_zero_rect2x3,rect2x3_hole_2,randomized_qmc,2048,3199223320
DEVELOPMENT,12,89bd5e9b58115b60bdad35f43f6437be,limit_spin_density_zero_rect2x3,rect2x3_hole_3,randomized_qmc,2048,3286286393
DEVELOPMENT,13,8d9f57771b025ad2b6da9e578278aa6a,limit_hopping_zero_chain6,chain6_hole_2,randomized_qmc,2048,3659842667
DEVELOPMENT,13,db87e6c265d45773bb6297db5af0c11f,limit_hopping_zero_chain6,chain6_hole_4,randomized_qmc,2048,2019941089
DEVELOPMENT,13,fb5214d8d1bf5caa839f81a965024f62,limit_spin_density_zero_rect2x3,rect2x3_hole_2,randomized_qmc,2048,3983442077
DEVELOPMENT,13,89bd5e9b58115b60bdad35f43f6437be,limit_spin_density_zero_rect2x3,rect2x3_hole_3,randomized_qmc,2048,47778576
DEVELOPMENT,14,8d9f57771b025ad2b6da9e578278aa6a,limit_hopping_zero_chain6,chain6_hole_2,randomized_qmc,2048,1262517535
DEVELOPMENT,14,db87e6c265d45773bb6297db5af0c11f,limit_hopping_zero_chain6,chain6_hole_4,randomized_qmc,2048,2696591342
DEVELOPMENT,14,fb5214d8d1bf5caa839f81a965024f62,limit_spin_density_zero_rect2x3,rect2x3_hole_2,randomized_qmc,2048,1539995343
DEVELOPMENT,14,89bd5e9b58115b60bdad35f43f6437be,limit_spin_density_zero_rect2x3,rect2x3_hole_3,randomized_qmc,2048,37173430
DEVELOPMENT,15,8d9f57771b025ad2b6da9e578278aa6a,limit_hopping_zero_chain6,chain6_hole_2,randomized_qmc,2048,3398587387
DEVELOPMENT,15,db87e6c265d45773bb6297db5af0c11f,limit_hopping_zero_chain6,chain6_hole_4,randomized_qmc,2048,997248474
DEVELOPMENT,15,fb5214d8d1bf5caa839f81a965024f62,limit_spin_density_zero_rect2x3,rect2x3_hole_2,randomized_qmc,2048,1111996060
DEVELOPMENT,15,89bd5e9b58115b60bdad35f43f6437be,limit_spin_density_zero_rect2x3,rect2x3_hole_3,randomized_qmc,2048,3234613261
DEVELOPMENT,16,8d9f57771b025ad2b6da9e578278aa6a,limit_hopping_zero_chain6,chain6_hole_2,randomized_qmc,2048,1423915808
DEVELOPMENT,16,db87e6c265d45773bb6297db5af0c11f,limit_hopping_zero_chain6,chain6_hole_4,randomized_qmc,2048,1841655473
DEVELOPMENT,16,fb5214d8d1bf5caa839f81a965024f62,limit_spin_density_zero_rect2x3,rect2x3_hole_2,randomized_qmc,2048,3259782037
DEVELOPMENT,16,89bd5e9b58115b60bdad35f43f6437be,limit_spin_density_zero_rect2x3,rect2x3_hole_3,randomized_qmc,2048,840160979
DEVELOPMENT,17,8d9f57771b025ad2b6da9e578278aa6a,limit_hopping_zero_chain6,chain6_hole_2,randomized_qmc,2048,1037089911
DEVELOPMENT,17,db87e6c265d45773bb6297db5af0c11f,limit_hopping_zero_chain6,chain6_hole_4,randomized_qmc,2048,1877273560
DEVELOPMENT,17,fb5214d8d1bf5caa839f81a965024f62,limit_spin_density_zero_rect2x3,rect2x3_hole_2,randomized_qmc,2048,945529039
DEVELOPMENT,17,89bd5e9b58115b60bdad35f43f6437be,limit_spin_density_zero_rect2x3,rect2x3_hole_3,randomized_qmc,2048,654622665
DEVELOPMENT,18,8d9f57771b025ad2b6da9e578278aa6a,limit_hopping_zero_chain6,chain6_hole_2,randomized_qmc,2048,1375904046
DEVELOPMENT,18,db87e6c265d45773bb6297db5af0c11f,limit_hopping_zero_chain6,chain6_hole_4,randomized_qmc,2048,3595255652
DEVELOPMENT,18,fb5214d8d1bf5caa839f81a965024f62,limit_spin_density_zero_rect2x3,rect2x3_hole_2,randomized_qmc,2048,2540339990
DEVELOPMENT,18,89bd5e9b58115b60bdad35f43f6437be,limit_spin_density_zero_rect2x3,rect2x3_hole_3,randomized_qmc,2048,2209707495
DEVELOPMENT,19,8d9f57771b025ad2b6da9e578278aa6a,limit_hopping_zero_chain6,chain6_hole_2,randomized_qmc,2048,838571300
DEVELOPMENT,19,db87e6c265d45773bb6297db5af0c11f,limit_hopping_zero_chain6,chain6_hole_4,randomized_qmc,2048,715658815
DEVELOPMENT,19,fb5214d8d1bf5caa839f81a965024f62,limit_spin_density_zero_rect2x3,rect2x3_hole_2,randomized_qmc,2048,2784310884
DEVELOPMENT,19,89bd5e9b58115b60bdad35f43f6437be,limit_spin_density_zero_rect2x3,rect2x3_hole_3,randomized_qmc,2048,207369366
DEVELOPMENT,20,8d9f57771b025ad2b6da9e578278aa6a,limit_hopping_zero_chain6,chain6_hole_2,randomized_qmc,2048,3238305468
DEVELOPMENT,20,db87e6c265d45773bb6297db5af0c11f,limit_hopping_zero_chain6,chain6_hole_4,randomized_qmc,2048,1144489180
DEVELOPMENT,20,fb5214d8d1bf5caa839f81a965024f62,limit_spin_density_zero_rect2x3,rect2x3_hole_2,randomized_qmc,2048,2410625395
DEVELOPMENT,20,89bd5e9b58115b60bdad35f43f6437be,limit_spin_density_zero_rect2x3,rect2x3_hole_3,randomized_qmc,2048,2015650346
DEVELOPMENT,21,8d9f57771b025ad2b6da9e578278aa6a,limit_hopping_zero_chain6,chain6_hole_2,randomized_qmc,2048,1337298861
DEVELOPMENT,21,db87e6c265d45773bb6297db5af0c11f,limit_hopping_zero_chain6,chain6_hole_4,randomized_qmc,2048,1149991341
DEVELOPMENT,21,fb5214d8d1bf5caa839f81a965024f62,limit_spin_density_zero_rect2x3,rect2x3_hole_2,randomized_qmc,2048,2031484835
DEVELOPMENT,21,89bd5e9b58115b60bdad35f43f6437be,limit_spin_density_zero_rect2x3,rect2x3_hole_3,randomized_qmc,2048,3550711294
DEVELOPMENT,22,8d9f57771b025ad2b6da9e578278aa6a,limit_hopping_zero_chain6,chain6_hole_2,randomized_qmc,2048,4137144791
DEVELOPMENT,22,db87e6c265d45773bb6297db5af0c11f,limit_hopping_zero_chain6,chain6_hole_4,randomized_qmc,2048,4077464643
DEVELOPMENT,22,fb5214d8d1bf5caa839f81a965024f62,limit_spin_density_zero_rect2x3,rect2x3_hole_2,randomized_qmc,2048,1169967578
DEVELOPMENT,22,89bd5e9b58115b60bdad35f43f6437be,limit_spin_density_zero_rect2x3,rect2x3_hole_3,randomized_qmc,2048,776648365
DEVELOPMENT,23,8d9f57771b025ad2b6da9e578278aa6a,limit_hopping_zero_chain6,chain6_hole_2,randomized_qmc,2048,1017999238
DEVELOPMENT,23,db87e6c265d45773bb6297db5af0c11f,limit_hopping_zero_chain6,chain6_hole_4,randomized_qmc,2048,4134275282
DEVELOPMENT,23,fb5214d8d1bf5caa839f81a965024f62,limit_spin_density_zero_rect2x3,rect2x3_hole_2,randomized_qmc,2048,2209213368
DEVELOPMENT,23,89bd5e9b58115b60bdad35f43f6437be,limit_spin_density_zero_rect2x3,rect2x3_hole_3,randomized_qmc,2048,3343286721
DEVELOPMENT,24,8d9f57771b025ad2b6da9e578278aa6a,limit_hopping_zero_chain6,chain6_hole_2,randomized_qmc,2048,2639106332
DEVELOPMENT,24,db87e6c265d45773bb6297db5af0c11f,limit_hopping_zero_chain6,chain6_hole_4,randomized_qmc,2048,508128286
DEVELOPMENT,24,fb5214d8d1bf5caa839f81a965024f62,limit_spin_density_zero_rect2x3,rect2x3_hole_2,randomized_qmc,2048,956188169
DEVELOPMENT,24,89bd5e9b58115b60bdad35f43f6437be,limit_spin_density_zero_rect2x3,rect2x3_hole_3,randomized_qmc,2048,1716375133
DEVELOPMENT,25,8d9f57771b025ad2b6da9e578278aa6a,limit_hopping_zero_chain6,chain6_hole_2,randomized_qmc,2048,306971659
DEVELOPMENT,25,db87e6c265d45773bb6297db5af0c11f,limit_hopping_zero_chain6,chain6_hole_4,randomized_qmc,2048,3221098628
DEVELOPMENT,25,fb5214d8d1bf5caa839f81a965024f62,limit_spin_density_zero_rect2x3,rect2x3_hole_2,randomized_qmc,2048,1693433981
DEVELOPMENT,25,89bd5e9b58115b60bdad35f43f6437be,limit_spin_density_zero_rect2x3,rect2x3_hole_3,randomized_qmc,2048,3582685217
DEVELOPMENT,26,8d9f57771b025ad2b6da9e578278aa6a,limit_hopping_zero_chain6,chain6_hole_2,randomized_qmc,2048,1330934671
DEVELOPMENT,26,db87e6c265d45773bb6297db5af0c11f,limit_hopping_zero_chain6,chain6_hole_4,randomized_qmc,2048,3120445942
DEVELOPMENT,26,fb5214d8d1bf5caa839f81a965024f62,limit_spin_density_zero_rect2x3,rect2x3_hole_2,randomized_qmc,2048,3551217661
DEVELOPMENT,26,89bd5e9b58115b60bdad35f43f6437be,limit_spin_density_zero_rect2x3,rect2x3_hole_3,randomized_qmc,2048,4129508998
DEVELOPMENT,27,8d9f57771b025ad2b6da9e578278aa6a,limit_hopping_zero_chain6,chain6_hole_2,randomized_qmc,2048,3376328469
DEVELOPMENT,27,db87e6c265d45773bb6297db5af0c11f,limit_hopping_zero_chain6,chain6_hole_4,randomized_qmc,2048,3429523801
DEVELOPMENT,27,fb5214d8d1bf5caa839f81a965024f62,limit_spin_density_zero_rect2x3,rect2x3_hole_2,randomized_qmc,2048,1892685868
DEVELOPMENT,27,89bd5e9b58115b60bdad35f43f6437be,limit_spin_density_zero_rect2x3,rect2x3_hole_3,randomized_qmc,2048,2328927376
DEVELOPMENT,28,8d9f57771b025ad2b6da9e578278aa6a,limit_hopping_zero_chain6,chain6_hole_2,randomized_qmc,2048,1405924389
DEVELOPMENT,28,db87e6c265d45773bb6297db5af0c11f,limit_hopping_zero_chain6,chain6_hole_4,randomized_qmc,2048,104137195
DEVELOPMENT,28,fb5214d8d1bf5caa839f81a965024f62,limit_spin_density_zero_rect2x3,rect2x3_hole_2,randomized_qmc,2048,236026867
DEVELOPMENT,28,89bd5e9b58115b60bdad35f43f6437be,limit_spin_density_zero_rect2x3,rect2x3_hole_3,randomized_qmc,2048,2229035318
DEVELOPMENT,29,8d9f57771b025ad2b6da9e578278aa6a,limit_hopping_zero_chain6,chain6_hole_2,randomized_qmc,2048,1577550052
DEVELOPMENT,29,db87e6c265d45773bb6297db5af0c11f,limit_hopping_zero_chain6,chain6_hole_4,randomized_qmc,2048,869767343
DEVELOPMENT,29,fb5214d8d1bf5caa839f81a965024f62,limit_spin_density_zero_rect2x3,rect2x3_hole_2,randomized_qmc,2048,1761703991
DEVELOPMENT,29,89bd5e9b58115b60bdad35f43f6437be,limit_spin_density_zero_rect2x3,rect2x3_hole_3,randomized_qmc,2048,2200840593
DEVELOPMENT,30,8d9f57771b025ad2b6da9e578278aa6a,limit_hopping_zero_chain6,chain6_hole_2,randomized_qmc,2048,1867221502
DEVELOPMENT,30,db87e6c265d45773bb6297db5af0c11f,limit_hopping_zero_chain6,chain6_hole_4,randomized_qmc,2048,2370247288
DEVELOPMENT,30,fb5214d8d1bf5caa839f81a965024f62,limit_spin_density_zero_rect2x3,rect2x3_hole_2,randomized_qmc,2048,1393055580
DEVELOPMENT,30,89bd5e9b58115b60bdad35f43f6437be,limit_spin_density_zero_rect2x3,rect2x3_hole_3,randomized_qmc,2048,2498398424
DEVELOPMENT,31,8d9f57771b025ad2b6da9e578278aa6a,limit_hopping_zero_chain6,chain6_hole_2,randomized_qmc,2048,1774414661
DEVELOPMENT,31,db87e6c265d45773bb6297db5af0c11f,limit_hopping_zero_chain6,chain6_hole_4,randomized_qmc,2048,3696908004
DEVELOPMENT,31,fb5214d8d1bf5caa839f81a965024f62,limit_spin_density_zero_rect2x3,rect2x3_hole_2,randomized_qmc,2048,879834435
DEVELOPMENT,31,89bd5e9b58115b60bdad35f43f6437be,limit_spin_density_zero_rect2x3,rect2x3_hole_3,randomized_qmc,2048,3352714035
DEVELOPMENT,32,8d9f57771b025ad2b6da9e578278aa6a,limit_hopping_zero_chain6,chain6_hole_2,randomized_qmc,2048,2784878054
DEVELOPMENT,32,db87e6c265d45773bb6297db5af0c11f,limit_hopping_zero_chain6,chain6_hole_4,randomized_qmc,2048,1652895353
DEVELOPMENT,32,fb5214d8d1bf5caa839f81a965024f62,limit_spin_density_zero_rect2x3,rect2x3_hole_2,randomized_qmc,2048,147118559
DEVELOPMENT,32,89bd5e9b58115b60bdad35f43f6437be,limit_spin_density_zero_rect2x3,rect2x3_hole_3,randomized_qmc,2048,257959939
DEVELOPMENT,33,8d9f57771b025ad2b6da9e578278aa6a,limit_hopping_zero_chain6,chain6_hole_2,randomized_qmc,2048,2550307571
DEVELOPMENT,33,db87e6c265d45773bb6297db5af0c11f,limit_hopping_zero_chain6,chain6_hole_4,randomized_qmc,2048,238949077
DEVELOPMENT,33,fb5214d8d1bf5caa839f81a965024f62,limit_spin_density_zero_rect2x3,rect2x3_hole_2,randomized_qmc,2048,2158047703
DEVELOPMENT,33,89bd5e9b58115b60bdad35f43f6437be,limit_spin_density_zero_rect2x3,rect2x3_hole_3,randomized_qmc,2048,1284445635
DEVELOPMENT,34,8d9f57771b025ad2b6da9e578278aa6a,limit_hopping_zero_chain6,chain6_hole_2,randomized_qmc,2048,4240704803
DEVELOPMENT,34,db87e6c265d45773bb6297db5af0c11f,limit_hopping_zero_chain6,chain6_hole_4,randomized_qmc,2048,3346347479
DEVELOPMENT,34,fb5214d8d1bf5caa839f81a965024f62,limit_spin_density_zero_rect2x3,rect2x3_hole_2,randomized_qmc,2048,1956887158
DEVELOPMENT,34,89bd5e9b58115b60bdad35f43f6437be,limit_spin_density_zero_rect2x3,rect2x3_hole_3,randomized_qmc,2048,3315573870
DEVELOPMENT,35,8d9f57771b025ad2b6da9e578278aa6a,limit_hopping_zero_chain6,chain6_hole_2,randomized_qmc,2048,737864853
DEVELOPMENT,35,db87e6c265d45773bb6297db5af0c11f,limit_hopping_zero_chain6,chain6_hole_4,randomized_qmc,2048,3105139894
DEVELOPMENT,35,fb5214d8d1bf5caa839f81a965024f62,limit_spin_density_zero_rect2x3,rect2x3_hole_2,randomized_qmc,2048,2947407808
DEVELOPMENT,35,89bd5e9b58115b60bdad35f43f6437be,limit_spin_density_zero_rect2x3,rect2x3_hole_3,randomized_qmc,2048,2328806720
DEVELOPMENT,36,8d9f57771b025ad2b6da9e578278aa6a,limit_hopping_zero_chain6,chain6_hole_2,randomized_qmc,2048,1706108515
DEVELOPMENT,36,db87e6c265d45773bb6297db5af0c11f,limit_hopping_zero_chain6,chain6_hole_4,randomized_qmc,2048,2088984909
DEVELOPMENT,36,fb5214d8d1bf5caa839f81a965024f62,limit_spin_density_zero_rect2x3,rect2x3_hole_2,randomized_qmc,2048,434502264
DEVELOPMENT,36,89bd5e9b58115b60bdad35f43f6437be,limit_spin_density_zero_rect2x3,rect2x3_hole_3,randomized_qmc,2048,2845923968
DEVELOPMENT,37,8d9f57771b025ad2b6da9e578278aa6a,limit_hopping_zero_chain6,chain6_hole_2,randomized_qmc,2048,3404800866
DEVELOPMENT,37,db87e6c265d45773bb6297db5af0c11f,limit_hopping_zero_chain6,chain6_hole_4,randomized_qmc,2048,742175913
DEVELOPMENT,37,fb5214d8d1bf5caa839f81a965024f62,limit_spin_density_zero_rect2x3,rect2x3_hole_2,randomized_qmc,2048,3474409627
DEVELOPMENT,37,89bd5e9b58115b60bdad35f43f6437be,limit_spin_density_zero_rect2x3,rect2x3_hole_3,randomized_qmc,2048,2295341592
DEVELOPMENT,38,8d9f57771b025ad2b6da9e578278aa6a,limit_hopping_zero_chain6,chain6_hole_2,randomized_qmc,2048,3812446716
DEVELOPMENT,38,db87e6c265d45773bb6297db5af0c11f,limit_hopping_zero_chain6,chain6_hole_4,randomized_qmc,2048,1371105509
DEVELOPMENT,38,fb5214d8d1bf5caa839f81a965024f62,limit_spin_density_zero_rect2x3,rect2x3_hole_2,randomized_qmc,2048,357762117
DEVELOPMENT,38,89bd5e9b58115b60bdad35f43f6437be,limit_spin_density_zero_rect2x3,rect2x3_hole_3,randomized_qmc,2048,4098164255
DEVELOPMENT,39,8d9f57771b025ad2b6da9e578278aa6a,limit_hopping_zero_chain6,chain6_hole_2,randomized_qmc,2048,480554220
DEVELOPMENT,39,db87e6c265d45773bb6297db5af0c11f,limit_hopping_zero_chain6,chain6_hole_4,randomized_qmc,2048,788055506
DEVELOPMENT,39,fb5214d8d1bf5caa839f81a965024f62,limit_spin_density_zero_rect2x3,rect2x3_hole_2,randomized_qmc,2048,3359365913
DEVELOPMENT,39,89bd5e9b58115b60bdad35f43f6437be,limit_spin_density_zero_rect2x3,rect2x3_hole_3,randomized_qmc,2048,2626617053
DEVELOPMENT,40,8d9f57771b025ad2b6da9e578278aa6a,limit_hopping_zero_chain6,chain6_hole_2,randomized_qmc,2048,1855343926
DEVELOPMENT,40,db87e6c265d45773bb6297db5af0c11f,limit_hopping_zero_chain6,chain6_hole_4,randomized_qmc,2048,2205089449
DEVELOPMENT,40,fb5214d8d1bf5caa839f81a965024f62,limit_spin_density_zero_rect2x3,rect2x3_hole_2,randomized_qmc,2048,3767980197
DEVELOPMENT,40,89bd5e9b58115b60bdad35f43f6437be,limit_spin_density_zero_rect2x3,rect2x3_hole_3,randomized_qmc,2048,1405583253
DEVELOPMENT,41,8d9f57771b025ad2b6da9e578278aa6a,limit_hopping_zero_chain6,chain6_hole_2,randomized_qmc,2048,2339434667
DEVELOPMENT,41,db87e6c265d45773bb6297db5af0c11f,limit_hopping_zero_chain6,chain6_hole_4,randomized_qmc,2048,3198481364
DEVELOPMENT,41,fb5214d8d1bf5caa839f81a965024f62,limit_spin_density_zero_rect2x3,rect2x3_hole_2,randomized_qmc,2048,1398941918
DEVELOPMENT,41,89bd5e9b58115b60bdad35f43f6437be,limit_spin_density_zero_rect2x3,rect2x3_hole_3,randomized_qmc,2048,4198309267
DEVELOPMENT,42,8d9f57771b025ad2b6da9e578278aa6a,limit_hopping_zero_chain6,chain6_hole_2,randomized_qmc,2048,2878892725
DEVELOPMENT,42,db87e6c265d45773bb6297db5af0c11f,limit_hopping_zero_chain6,chain6_hole_4,randomized_qmc,2048,1148117016
DEVELOPMENT,42,fb5214d8d1bf5caa839f81a965024f62,limit_spin_density_zero_rect2x3,rect2x3_hole_2,randomized_qmc,2048,153472448
DEVELOPMENT,42,89bd5e9b58115b60bdad35f43f6437be,limit_spin_density_zero_rect2x3,rect2x3_hole_3,randomized_qmc,2048,2568796750
DEVELOPMENT,43,8d9f57771b025ad2b6da9e578278aa6a,limit_hopping_zero_chain6,chain6_hole_2,randomized_qmc,2048,1147815171
DEVELOPMENT,43,db87e6c265d45773bb6297db5af0c11f,limit_hopping_zero_chain6,chain6_hole_4,randomized_qmc,2048,981835905
DEVELOPMENT,43,fb5214d8d1bf5caa839f81a965024f62,limit_spin_density_zero_rect2x3,rect2x3_hole_2,randomized_qmc,2048,2245278946
DEVELOPMENT,43,89bd5e9b58115b60bdad35f43f6437be,limit_spin_density_zero_rect2x3,rect2x3_hole_3,randomized_qmc,2048,2668958484
DEVELOPMENT,44,8d9f57771b025ad2b6da9e578278aa6a,limit_hopping_zero_chain6,chain6_hole_2,randomized_qmc,2048,3307413810
DEVELOPMENT,44,db87e6c265d45773bb6297db5af0c11f,limit_hopping_zero_chain6,chain6_hole_4,randomized_qmc,2048,889978660
DEVELOPMENT,44,fb5214d8d1bf5caa839f81a965024f62,limit_spin_density_zero_rect2x3,rect2x3_hole_2,randomized_qmc,2048,1742940045
DEVELOPMENT,44,89bd5e9b58115b60bdad35f43f6437be,limit_spin_density_zero_rect2x3,rect2x3_hole_3,randomized_qmc,2048,967087453
DEVELOPMENT,45,8d9f57771b025ad2b6da9e578278aa6a,limit_hopping_zero_chain6,chain6_hole_2,randomized_qmc,2048,4040058359
DEVELOPMENT,45,db87e6c265d45773bb6297db5af0c11f,limit_hopping_zero_chain6,chain6_hole_4,randomized_qmc,2048,3762695938
DEVELOPMENT,45,fb5214d8d1bf5caa839f81a965024f62,limit_spin_density_zero_rect2x3,rect2x3_hole_2,randomized_qmc,2048,2768517166
DEVELOPMENT,45,89bd5e9b58115b60bdad35f43f6437be,limit_spin_density_zero_rect2x3,rect2x3_hole_3,randomized_qmc,2048,663392025
DEVELOPMENT,46,8d9f57771b025ad2b6da9e578278aa6a,limit_hopping_zero_chain6,chain6_hole_2,randomized_qmc,2048,1146656133
DEVELOPMENT,46,db87e6c265d45773bb6297db5af0c11f,limit_hopping_zero_chain6,chain6_hole_4,randomized_qmc,2048,3264879620
DEVELOPMENT,46,fb5214d8d1bf5caa839f81a965024f62,limit_spin_density_zero_rect2x3,rect2x3_hole_2,randomized_qmc,2048,332069959
DEVELOPMENT,46,89bd5e9b58115b60bdad35f43f6437be,limit_spin_density_zero_rect2x3,rect2x3_hole_3,randomized_qmc,2048,1794173604
DEVELOPMENT,47,8d9f57771b025ad2b6da9e578278aa6a,limit_hopping_zero_chain6,chain6_hole_2,randomized_qmc,2048,4212810060
DEVELOPMENT,47,db87e6c265d45773bb6297db5af0c11f,limit_hopping_zero_chain6,chain6_hole_4,randomized_qmc,2048,2057543343
DEVELOPMENT,47,fb5214d8d1bf5caa839f81a965024f62,limit_spin_density_zero_rect2x3,rect2x3_hole_2,randomized_qmc,2048,878199607
DEVELOPMENT,47,89bd5e9b58115b60bdad35f43f6437be,limit_spin_density_zero_rect2x3,rect2x3_hole_3,randomized_qmc,2048,4038096153
DEVELOPMENT,48,8d9f57771b025ad2b6da9e578278aa6a,limit_hopping_zero_chain6,chain6_hole_2,randomized_qmc,2048,836740008
DEVELOPMENT,48,db87e6c265d45773bb6297db5af0c11f,limit_hopping_zero_chain6,chain6_hole_4,randomized_qmc,2048,3478289799
DEVELOPMENT,48,fb5214d8d1bf5caa839f81a965024f62,limit_spin_density_zero_rect2x3,rect2x3_hole_2,randomized_qmc,2048,3028408502
DEVELOPMENT,48,89bd5e9b58115b60bdad35f43f6437be,limit_spin_density_zero_rect2x3,rect2x3_hole_3,randomized_qmc,2048,1231950137
DEVELOPMENT,49,8d9f57771b025ad2b6da9e578278aa6a,limit_hopping_zero_chain6,chain6_hole_2,randomized_qmc,2048,2657290699
DEVELOPMENT,49,db87e6c265d45773bb6297db5af0c11f,limit_hopping_zero_chain6,chain6_hole_4,randomized_qmc,2048,4016417506
DEVELOPMENT,49,fb5214d8d1bf5caa839f81a965024f62,limit_spin_density_zero_rect2x3,rect2x3_hole_2,randomized_qmc,2048,3241054091
DEVELOPMENT,49,89bd5e9b58115b60bdad35f43f6437be,limit_spin_density_zero_rect2x3,rect2x3_hole_3,randomized_qmc,2048,1597252848
DEVELOPMENT,50,8d9f57771b025ad2b6da9e578278aa6a,limit_hopping_zero_chain6,chain6_hole_2,randomized_qmc,2048,1139065073
DEVELOPMENT,50,db87e6c265d45773bb6297db5af0c11f,limit_hopping_zero_chain6,chain6_hole_4,randomized_qmc,2048,2321501893
DEVELOPMENT,50,fb5214d8d1bf5caa839f81a965024f62,limit_spin_density_zero_rect2x3,rect2x3_hole_2,randomized_qmc,2048,2196657401
DEVELOPMENT,50,89bd5e9b58115b60bdad35f43f6437be,limit_spin_density_zero_rect2x3,rect2x3_hole_3,randomized_qmc,2048,1138649352
DEVELOPMENT,51,8d9f57771b025ad2b6da9e578278aa6a,limit_hopping_zero_chain6,chain6_hole_2,randomized_qmc,2048,1913291904
DEVELOPMENT,51,db87e6c265d45773bb6297db5af0c11f,limit_hopping_zero_chain6,chain6_hole_4,randomized_qmc,2048,385104645
DEVELOPMENT,51,fb5214d8d1bf5caa839f81a965024f62,limit_spin_density_zero_rect2x3,rect2x3_hole_2,randomized_qmc,2048,3176473240
DEVELOPMENT,51,89bd5e9b58115b60bdad35f43f6437be,limit_spin_density_zero_rect2x3,rect2x3_hole_3,randomized_qmc,2048,1087540284
DEVELOPMENT,52,8d9f57771b025ad2b6da9e578278aa6a,limit_hopping_zero_chain6,chain6_hole_2,randomized_qmc,2048,1413176097
DEVELOPMENT,52,db87e6c265d45773bb6297db5af0c11f,limit_hopping_zero_chain6,chain6_hole_4,randomized_qmc,2048,251388090
DEVELOPMENT,52,fb5214d8d1bf5caa839f81a965024f62,limit_spin_density_zero_rect2x3,rect2x3_hole_2,randomized_qmc,2048,3401253514
DEVELOPMENT,52,89bd5e9b58115b60bdad35f43f6437be,limit_spin_density_zero_rect2x3,rect2x3_hole_3,randomized_qmc,2048,1645113283
DEVELOPMENT,53,8d9f57771b025ad2b6da9e578278aa6a,limit_hopping_zero_chain6,chain6_hole_2,randomized_qmc,2048,1478370474
DEVELOPMENT,53,db87e6c265d45773bb6297db5af0c11f,limit_hopping_zero_chain6,chain6_hole_4,randomized_qmc,2048,2094501656
DEVELOPMENT,53,fb5214d8d1bf5caa839f81a965024f62,limit_spin_density_zero_rect2x3,rect2x3_hole_2,randomized_qmc,2048,1698834705
DEVELOPMENT,53,89bd5e9b58115b60bdad35f43f6437be,limit_spin_density_zero_rect2x3,rect2x3_hole_3,randomized_qmc,2048,1767787803
DEVELOPMENT,54,8d9f57771b025ad2b6da9e578278aa6a,limit_hopping_zero_chain6,chain6_hole_2,randomized_qmc,2048,3414317807
DEVELOPMENT,54,db87e6c265d45773bb6297db5af0c11f,limit_hopping_zero_chain6,chain6_hole_4,randomized_qmc,2048,235724036
DEVELOPMENT,54,fb5214d8d1bf5caa839f81a965024f62,limit_spin_density_zero_rect2x3,rect2x3_hole_2,randomized_qmc,2048,1144306042
DEVELOPMENT,54,89bd5e9b58115b60bdad35f43f6437be,limit_spin_density_zero_rect2x3,rect2x3_hole_3,randomized_qmc,2048,3363834122
DEVELOPMENT,55,8d9f57771b025ad2b6da9e578278aa6a,limit_hopping_zero_chain6,chain6_hole_2,randomized_qmc,2048,4176815604
DEVELOPMENT,55,db87e6c265d45773bb6297db5af0c11f,limit_hopping_zero_chain6,chain6_hole_4,randomized_qmc,2048,2859903531
DEVELOPMENT,55,fb5214d8d1bf5caa839f81a965024f62,limit_spin_density_zero_rect2x3,rect2x3_hole_2,randomized_qmc,2048,3107075344
DEVELOPMENT,55,89bd5e9b58115b60bdad35f43f6437be,limit_spin_density_zero_rect2x3,rect2x3_hole_3,randomized_qmc,2048,464773926
DEVELOPMENT,56,8d9f57771b025ad2b6da9e578278aa6a,limit_hopping_zero_chain6,chain6_hole_2,randomized_qmc,2048,1833505978
DEVELOPMENT,56,db87e6c265d45773bb6297db5af0c11f,limit_hopping_zero_chain6,chain6_hole_4,randomized_qmc,2048,2279836545
DEVELOPMENT,56,fb5214d8d1bf5caa839f81a965024f62,limit_spin_density_zero_rect2x3,rect2x3_hole_2,randomized_qmc,2048,912142926
DEVELOPMENT,56,89bd5e9b58115b60bdad35f43f6437be,limit_spin_density_zero_rect2x3,rect2x3_hole_3,randomized_qmc,2048,374178904
DEVELOPMENT,57,8d9f57771b025ad2b6da9e578278aa6a,limit_hopping_zero_chain6,chain6_hole_2,randomized_qmc,2048,1753549379
DEVELOPMENT,57,db87e6c265d45773bb6297db5af0c11f,limit_hopping_zero_chain6,chain6_hole_4,randomized_qmc,2048,1463631420
DEVELOPMENT,57,fb5214d8d1bf5caa839f81a965024f62,limit_spin_density_zero_rect2x3,rect2x3_hole_2,randomized_qmc,2048,2041376179
DEVELOPMENT,57,89bd5e9b58115b60bdad35f43f6437be,limit_spin_density_zero_rect2x3,rect2x3_hole_3,randomized_qmc,2048,254511264
DEVELOPMENT,58,8d9f57771b025ad2b6da9e578278aa6a,limit_hopping_zero_chain6,chain6_hole_2,randomized_qmc,2048,2699837121
DEVELOPMENT,58,db87e6c265d45773bb6297db5af0c11f,limit_hopping_zero_chain6,chain6_hole_4,randomized_qmc,2048,4142293861
DEVELOPMENT,58,fb5214d8d1bf5caa839f81a965024f62,limit_spin_density_zero_rect2x3,rect2x3_hole_2,randomized_qmc,2048,643757964
DEVELOPMENT,58,89bd5e9b58115b60bdad35f43f6437be,limit_spin_density_zero_rect2x3,rect2x3_hole_3,randomized_qmc,2048,3628253143
DEVELOPMENT,59,8d9f57771b025ad2b6da9e578278aa6a,limit_hopping_zero_chain6,chain6_hole_2,randomized_qmc,2048,2138970388
DEVELOPMENT,59,db87e6c265d45773bb6297db5af0c11f,limit_hopping_zero_chain6,chain6_hole_4,randomized_qmc,2048,2017085705
DEVELOPMENT,59,fb5214d8d1bf5caa839f81a965024f62,limit_spin_density_zero_rect2x3,rect2x3_hole_2,randomized_qmc,2048,2119215233
DEVELOPMENT,59,89bd5e9b58115b60bdad35f43f6437be,limit_spin_density_zero_rect2x3,rect2x3_hole_3,randomized_qmc,2048,859617335
DEVELOPMENT,60,8d9f57771b025ad2b6da9e578278aa6a,limit_hopping_zero_chain6,chain6_hole_2,randomized_qmc,2048,3415989046
DEVELOPMENT,60,db87e6c265d45773bb6297db5af0c11f,limit_hopping_zero_chain6,chain6_hole_4,randomized_qmc,2048,1244797406
DEVELOPMENT,60,fb5214d8d1bf5caa839f81a965024f62,limit_spin_density_zero_rect2x3,rect2x3_hole_2,randomized_qmc,2048,1630489583
DEVELOPMENT,60,89bd5e9b58115b60bdad35f43f6437be,limit_spin_density_zero_rect2x3,rect2x3_hole_3,randomized_qmc,2048,1255589210
DEVELOPMENT,61,8d9f57771b025ad2b6da9e578278aa6a,limit_hopping_zero_chain6,chain6_hole_2,randomized_qmc,2048,2504507869
DEVELOPMENT,61,db87e6c265d45773bb6297db5af0c11f,limit_hopping_zero_chain6,chain6_hole_4,randomized_qmc,2048,3348392723
DEVELOPMENT,61,fb5214d8d1bf5caa839f81a965024f62,limit_spin_density_zero_rect2x3,rect2x3_hole_2,randomized_qmc,2048,4182761405
DEVELOPMENT,61,89bd5e9b58115b60bdad35f43f6437be,limit_spin_density_zero_rect2x3,rect2x3_hole_3,randomized_qmc,2048,1017858855
DEVELOPMENT,62,8d9f57771b025ad2b6da9e578278aa6a,limit_hopping_zero_chain6,chain6_hole_2,randomized_qmc,2048,3371348794
DEVELOPMENT,62,db87e6c265d45773bb6297db5af0c11f,limit_hopping_zero_chain6,chain6_hole_4,randomized_qmc,2048,2979877098
DEVELOPMENT,62,fb5214d8d1bf5caa839f81a965024f62,limit_spin_density_zero_rect2x3,rect2x3_hole_2,randomized_qmc,2048,3982986966
DEVELOPMENT,62,89bd5e9b58115b60bdad35f43f6437be,limit_spin_density_zero_rect2x3,rect2x3_hole_3,randomized_qmc,2048,549563795
DEVELOPMENT,63,8d9f57771b025ad2b6da9e578278aa6a,limit_hopping_zero_chain6,chain6_hole_2,randomized_qmc,2048,1166236752
DEVELOPMENT,63,db87e6c265d45773bb6297db5af0c11f,limit_hopping_zero_chain6,chain6_hole_4,randomized_qmc,2048,2626998589
DEVELOPMENT,63,fb5214d8d1bf5caa839f81a965024f62,limit_spin_density_zero_rect2x3,rect2x3_hole_2,randomized_qmc,2048,3798131850
DEVELOPMENT,63,89bd5e9b58115b60bdad35f43f6437be,limit_spin_density_zero_rect2x3,rect2x3_hole_3,randomized_qmc,2048,392874895
DEVELOPMENT,64,8d9f57771b025ad2b6da9e578278aa6a,limit_hopping_zero_chain6,chain6_hole_2,randomized_qmc,2048,2296701502
DEVELOPMENT,64,db87e6c265d45773bb6297db5af0c11f,limit_hopping_zero_chain6,chain6_hole_4,randomized_qmc,2048,1934961890
DEVELOPMENT,64,fb5214d8d1bf5caa839f81a965024f62,limit_spin_density_zero_rect2x3,rect2x3_hole_2,randomized_qmc,2048,1366529652
DEVELOPMENT,64,89bd5e9b58115b60bdad35f43f6437be,limit_spin_density_zero_rect2x3,rect2x3_hole_3,randomized_qmc,2048,3822222877
DEVELOPMENT,65,8d9f57771b025ad2b6da9e578278aa6a,limit_hopping_zero_chain6,chain6_hole_2,randomized_qmc,2048,3450907618
DEVELOPMENT,65,db87e6c265d45773bb6297db5af0c11f,limit_hopping_zero_chain6,chain6_hole_4,randomized_qmc,2048,978753271
DEVELOPMENT,65,fb5214d8d1bf5caa839f81a965024f62,limit_spin_density_zero_rect2x3,rect2x3_hole_2,randomized_qmc,2048,1005232408
DEVELOPMENT,65,89bd5e9b58115b60bdad35f43f6437be,limit_spin_density_zero_rect2x3,rect2x3_hole_3,randomized_qmc,2048,7916032
DEVELOPMENT,66,8d9f57771b025ad2b6da9e578278aa6a,limit_hopping_zero_chain6,chain6_hole_2,randomized_qmc,2048,3956404472
DEVELOPMENT,66,db87e6c265d45773bb6297db5af0c11f,limit_hopping_zero_chain6,chain6_hole_4,randomized_qmc,2048,2243281116
DEVELOPMENT,66,fb5214d8d1bf5caa839f81a965024f62,limit_spin_density_zero_rect2x3,rect2x3_hole_2,randomized_qmc,2048,1545793516
DEVELOPMENT,66,89bd5e9b58115b60bdad35f43f6437be,limit_spin_density_zero_rect2x3,rect2x3_hole_3,randomized_qmc,2048,2701629167
DEVELOPMENT,67,8d9f57771b025ad2b6da9e578278aa6a,limit_hopping_zero_chain6,chain6_hole_2,randomized_qmc,2048,1442221320
DEVELOPMENT,67,db87e6c265d45773bb6297db5af0c11f,limit_hopping_zero_chain6,chain6_hole_4,randomized_qmc,2048,2547274574
DEVELOPMENT,67,fb5214d8d1bf5caa839f81a965024f62,limit_spin_density_zero_rect2x3,rect2x3_hole_2,randomized_qmc,2048,3120666080
DEVELOPMENT,67,89bd5e9b58115b60bdad35f43f6437be,limit_spin_density_zero_rect2x3,rect2x3_hole_3,randomized_qmc,2048,2213654084
DEVELOPMENT,68,8d9f57771b025ad2b6da9e578278aa6a,limit_hopping_zero_chain6,chain6_hole_2,randomized_qmc,2048,3647975713
DEVELOPMENT,68,db87e6c265d45773bb6297db5af0c11f,limit_hopping_zero_chain6,chain6_hole_4,randomized_qmc,2048,1754983338
DEVELOPMENT,68,fb5214d8d1bf5caa839f81a965024f62,limit_spin_density_zero_rect2x3,rect2x3_hole_2,randomized_qmc,2048,1261065572
DEVELOPMENT,68,89bd5e9b58115b60bdad35f43f6437be,limit_spin_density_zero_rect2x3,rect2x3_hole_3,randomized_qmc,2048,626899893
DEVELOPMENT,69,8d9f57771b025ad2b6da9e578278aa6a,limit_hopping_zero_chain6,chain6_hole_2,randomized_qmc,2048,523857769
DEVELOPMENT,69,db87e6c265d45773bb6297db5af0c11f,limit_hopping_zero_chain6,chain6_hole_4,randomized_qmc,2048,2876632526
DEVELOPMENT,69,fb5214d8d1bf5caa839f81a965024f62,limit_spin_density_zero_rect2x3,rect2x3_hole_2,randomized_qmc,2048,972971588
DEVELOPMENT,69,89bd5e9b58115b60bdad35f43f6437be,limit_spin_density_zero_rect2x3,rect2x3_hole_3,randomized_qmc,2048,3886301561
DEVELOPMENT,70,8d9f57771b025ad2b6da9e578278aa6a,limit_hopping_zero_chain6,chain6_hole_2,randomized_qmc,2048,178234630
DEVELOPMENT,70,db87e6c265d45773bb6297db5af0c11f,limit_hopping_zero_chain6,chain6_hole_4,randomized_qmc,2048,1294711986
DEVELOPMENT,70,fb5214d8d1bf5caa839f81a965024f62,limit_spin_density_zero_rect2x3,rect2x3_hole_2,randomized_qmc,2048,1919665359
DEVELOPMENT,70,89bd5e9b58115b60bdad35f43f6437be,limit_spin_density_zero_rect2x3,rect2x3_hole_3,randomized_qmc,2048,2086964109
DEVELOPMENT,71,8d9f57771b025ad2b6da9e578278aa6a,limit_hopping_zero_chain6,chain6_hole_2,randomized_qmc,2048,271330290
DEVELOPMENT,71,db87e6c265d45773bb6297db5af0c11f,limit_hopping_zero_chain6,chain6_hole_4,randomized_qmc,2048,2683149747
DEVELOPMENT,71,fb5214d8d1bf5caa839f81a965024f62,limit_spin_density_zero_rect2x3,rect2x3_hole_2,randomized_qmc,2048,114365225
DEVELOPMENT,71,89bd5e9b58115b60bdad35f43f6437be,limit_spin_density_zero_rect2x3,rect2x3_hole_3,randomized_qmc,2048,855215445
DEVELOPMENT,72,8d9f57771b025ad2b6da9e578278aa6a,limit_hopping_zero_chain6,chain6_hole_2,randomized_qmc,2048,1254484156
DEVELOPMENT,72,db87e6c265d45773bb6297db5af0c11f,limit_hopping_zero_chain6,chain6_hole_4,randomized_qmc,2048,3308462268
DEVELOPMENT,72,fb5214d8d1bf5caa839f81a965024f62,limit_spin_density_zero_rect2x3,rect2x3_hole_2,randomized_qmc,2048,459813207
DEVELOPMENT,72,89bd5e9b58115b60bdad35f43f6437be,limit_spin_density_zero_rect2x3,rect2x3_hole_3,randomized_qmc,2048,3061176252
DEVELOPMENT,73,8d9f57771b025ad2b6da9e578278aa6a,limit_hopping_zero_chain6,chain6_hole_2,randomized_qmc,2048,3890911740
DEVELOPMENT,73,db87e6c265d45773bb6297db5af0c11f,limit_hopping_zero_chain6,chain6_hole_4,randomized_qmc,2048,374889159
DEVELOPMENT,73,fb5214d8d1bf5caa839f81a965024f62,limit_spin_density_zero_rect2x3,rect2x3_hole_2,randomized_qmc,2048,3637141226
DEVELOPMENT,73,89bd5e9b58115b60bdad35f43f6437be,limit_spin_density_zero_rect2x3,rect2x3_hole_3,randomized_qmc,2048,1168675280
DEVELOPMENT,74,8d9f57771b025ad2b6da9e578278aa6a,limit_hopping_zero_chain6,chain6_hole_2,randomized_qmc,2048,405128454
DEVELOPMENT,74,db87e6c265d45773bb6297db5af0c11f,limit_hopping_zero_chain6,chain6_hole_4,randomized_qmc,2048,1725846913
DEVELOPMENT,74,fb5214d8d1bf5caa839f81a965024f62,limit_spin_density_zero_rect2x3,rect2x3_hole_2,randomized_qmc,2048,3848664930
DEVELOPMENT,74,89bd5e9b58115b60bdad35f43f6437be,limit_spin_density_zero_rect2x3,rect2x3_hole_3,randomized_qmc,2048,2037454927
DEVELOPMENT,75,8d9f57771b025ad2b6da9e578278aa6a,limit_hopping_zero_chain6,chain6_hole_2,randomized_qmc,2048,3071319301
DEVELOPMENT,75,db87e6c265d45773bb6297db5af0c11f,limit_hopping_zero_chain6,chain6_hole_4,randomized_qmc,2048,2773849057
DEVELOPMENT,75,fb5214d8d1bf5caa839f81a965024f62,limit_spin_density_zero_rect2x3,rect2x3_hole_2,randomized_qmc,2048,4075644744
DEVELOPMENT,75,89bd5e9b58115b60bdad35f43f6437be,limit_spin_density_zero_rect2x3,rect2x3_hole_3,randomized_qmc,2048,3559434573
DEVELOPMENT,76,8d9f57771b025ad2b6da9e578278aa6a,limit_hopping_zero_chain6,chain6_hole_2,randomized_qmc,2048,3956636198
DEVELOPMENT,76,db87e6c265d45773bb6297db5af0c11f,limit_hopping_zero_chain6,chain6_hole_4,randomized_qmc,2048,1464245069
DEVELOPMENT,76,fb5214d8d1bf5caa839f81a965024f62,limit_spin_density_zero_rect2x3,rect2x3_hole_2,randomized_qmc,2048,3104889521
DEVELOPMENT,76,89bd5e9b58115b60bdad35f43f6437be,limit_spin_density_zero_rect2x3,rect2x3_hole_3,randomized_qmc,2048,3735587109
DEVELOPMENT,77,8d9f57771b025ad2b6da9e578278aa6a,limit_hopping_zero_chain6,chain6_hole_2,randomized_qmc,2048,3812324433
DEVELOPMENT,77,db87e6c265d45773bb6297db5af0c11f,limit_hopping_zero_chain6,chain6_hole_4,randomized_qmc,2048,3357112708
DEVELOPMENT,77,fb5214d8d1bf5caa839f81a965024f62,limit_spin_density_zero_rect2x3,rect2x3_hole_2,randomized_qmc,2048,3158292503
DEVELOPMENT,77,89bd5e9b58115b60bdad35f43f6437be,limit_spin_density_zero_rect2x3,rect2x3_hole_3,randomized_qmc,2048,2308944755
DEVELOPMENT,78,8d9f57771b025ad2b6da9e578278aa6a,limit_hopping_zero_chain6,chain6_hole_2,randomized_qmc,2048,3474913764
DEVELOPMENT,78,db87e6c265d45773bb6297db5af0c11f,limit_hopping_zero_chain6,chain6_hole_4,randomized_qmc,2048,2726100527
DEVELOPMENT,78,fb5214d8d1bf5caa839f81a965024f62,limit_spin_density_zero_rect2x3,rect2x3_hole_2,randomized_qmc,2048,34163405
DEVELOPMENT,78,89bd5e9b58115b60bdad35f43f6437be,limit_spin_density_zero_rect2x3,rect2x3_hole_3,randomized_qmc,2048,2136815262
DEVELOPMENT,79,8d9f57771b025ad2b6da9e578278aa6a,limit_hopping_zero_chain6,chain6_hole_2,randomized_qmc,2048,1633508030
DEVELOPMENT,79,db87e6c265d45773bb6297db5af0c11f,limit_hopping_zero_chain6,chain6_hole_4,randomized_qmc,2048,2460173239
DEVELOPMENT,79,fb5214d8d1bf5caa839f81a965024f62,limit_spin_density_zero_rect2x3,rect2x3_hole_2,randomized_qmc,2048,3390026833
DEVELOPMENT,79,89bd5e9b58115b60bdad35f43f6437be,limit_spin_density_zero_rect2x3,rect2x3_hole_3,randomized_qmc,2048,3050366869
DEVELOPMENT,80,8d9f57771b025ad2b6da9e578278aa6a,limit_hopping_zero_chain6,chain6_hole_2,randomized_qmc,2048,2095294471
DEVELOPMENT,80,db87e6c265d45773bb6297db5af0c11f,limit_hopping_zero_chain6,chain6_hole_4,randomized_qmc,2048,2314322771
DEVELOPMENT,80,fb5214d8d1bf5caa839f81a965024f62,limit_spin_density_zero_rect2x3,rect2x3_hole_2,randomized_qmc,2048,886733851
DEVELOPMENT,80,89bd5e9b58115b60bdad35f43f6437be,limit_spin_density_zero_rect2x3,rect2x3_hole_3,randomized_qmc,2048,3011036906
DEVELOPMENT,81,8d9f57771b025ad2b6da9e578278aa6a,limit_hopping_zero_chain6,chain6_hole_2,randomized_qmc,2048,1710158188
DEVELOPMENT,81,db87e6c265d45773bb6297db5af0c11f,limit_hopping_zero_chain6,chain6_hole_4,randomized_qmc,2048,554544976
DEVELOPMENT,81,fb5214d8d1bf5caa839f81a965024f62,limit_spin_density_zero_rect2x3,rect2x3_hole_2,randomized_qmc,2048,2214568752
DEVELOPMENT,81,89bd5e9b58115b60bdad35f43f6437be,limit_spin_density_zero_rect2x3,rect2x3_hole_3,randomized_qmc,2048,1944646884
DEVELOPMENT,82,8d9f57771b025ad2b6da9e578278aa6a,limit_hopping_zero_chain6,chain6_hole_2,randomized_qmc,2048,1474139928
DEVELOPMENT,82,db87e6c265d45773bb6297db5af0c11f,limit_hopping_zero_chain6,chain6_hole_4,randomized_qmc,2048,817120411
DEVELOPMENT,82,fb5214d8d1bf5caa839f81a965024f62,limit_spin_density_zero_rect2x3,rect2x3_hole_2,randomized_qmc,2048,3554162939
DEVELOPMENT,82,89bd5e9b58115b60bdad35f43f6437be,limit_spin_density_zero_rect2x3,rect2x3_hole_3,randomized_qmc,2048,1514011866
DEVELOPMENT,83,8d9f57771b025ad2b6da9e578278aa6a,limit_hopping_zero_chain6,chain6_hole_2,randomized_qmc,2048,1647643769
DEVELOPMENT,83,db87e6c265d45773bb6297db5af0c11f,limit_hopping_zero_chain6,chain6_hole_4,randomized_qmc,2048,1261918493
DEVELOPMENT,83,fb5214d8d1bf5caa839f81a965024f62,limit_spin_density_zero_rect2x3,rect2x3_hole_2,randomized_qmc,2048,1381517696
DEVELOPMENT,83,89bd5e9b58115b60bdad35f43f6437be,limit_spin_density_zero_rect2x3,rect2x3_hole_3,randomized_qmc,2048,2681503956
DEVELOPMENT,84,8d9f57771b025ad2b6da9e578278aa6a,limit_hopping_zero_chain6,chain6_hole_2,randomized_qmc,2048,157128008
DEVELOPMENT,84,db87e6c265d45773bb6297db5af0c11f,limit_hopping_zero_chain6,chain6_hole_4,randomized_qmc,2048,3581243081
DEVELOPMENT,84,fb5214d8d1bf5caa839f81a965024f62,limit_spin_density_zero_rect2x3,rect2x3_hole_2,randomized_qmc,2048,3917285060
DEVELOPMENT,84,89bd5e9b58115b60bdad35f43f6437be,limit_spin_density_zero_rect2x3,rect2x3_hole_3,randomized_qmc,2048,2805973494
DEVELOPMENT,85,8d9f57771b025ad2b6da9e578278aa6a,limit_hopping_zero_chain6,chain6_hole_2,randomized_qmc,2048,925033222
DEVELOPMENT,85,db87e6c265d45773bb6297db5af0c11f,limit_hopping_zero_chain6,chain6_hole_4,randomized_qmc,2048,1953973415
DEVELOPMENT,85,fb5214d8d1bf5caa839f81a965024f62,limit_spin_density_zero_rect2x3,rect2x3_hole_2,randomized_qmc,2048,832872202
DEVELOPMENT,85,89bd5e9b58115b60bdad35f43f6437be,limit_spin_density_zero_rect2x3,rect2x3_hole_3,randomized_qmc,2048,3604222838
DEVELOPMENT,86,8d9f57771b025ad2b6da9e578278aa6a,limit_hopping_zero_chain6,chain6_hole_2,randomized_qmc,2048,4102650245
DEVELOPMENT,86,db87e6c265d45773bb6297db5af0c11f,limit_hopping_zero_chain6,chain6_hole_4,randomized_qmc,2048,3751231559
DEVELOPMENT,86,fb5214d8d1bf5caa839f81a965024f62,limit_spin_density_zero_rect2x3,rect2x3_hole_2,randomized_qmc,2048,4168826465
DEVELOPMENT,86,89bd5e9b58115b60bdad35f43f6437be,limit_spin_density_zero_rect2x3,rect2x3_hole_3,randomized_qmc,2048,2811826755
DEVELOPMENT,87,8d9f57771b025ad2b6da9e578278aa6a,limit_hopping_zero_chain6,chain6_hole_2,randomized_qmc,2048,2413209159
DEVELOPMENT,87,db87e6c265d45773bb6297db5af0c11f,limit_hopping_zero_chain6,chain6_hole_4,randomized_qmc,2048,3278153750
DEVELOPMENT,87,fb5214d8d1bf5caa839f81a965024f62,limit_spin_density_zero_rect2x3,rect2x3_hole_2,randomized_qmc,2048,3860950686
DEVELOPMENT,87,89bd5e9b58115b60bdad35f43f6437be,limit_spin_density_zero_rect2x3,rect2x3_hole_3,randomized_qmc,2048,3041963655
DEVELOPMENT,88,8d9f57771b025ad2b6da9e578278aa6a,limit_hopping_zero_chain6,chain6_hole_2,randomized_qmc,2048,1853907697
DEVELOPMENT,88,db87e6c265d45773bb6297db5af0c11f,limit_hopping_zero_chain6,chain6_hole_4,randomized_qmc,2048,3442826050
DEVELOPMENT,88,fb5214d8d1bf5caa839f81a965024f62,limit_spin_density_zero_rect2x3,rect2x3_hole_2,randomized_qmc,2048,3194308821
DEVELOPMENT,88,89bd5e9b58115b60bdad35f43f6437be,limit_spin_density_zero_rect2x3,rect2x3_hole_3,randomized_qmc,2048,2931936977
DEVELOPMENT,89,8d9f57771b025ad2b6da9e578278aa6a,limit_hopping_zero_chain6,chain6_hole_2,randomized_qmc,2048,758768364
DEVELOPMENT,89,db87e6c265d45773bb6297db5af0c11f,limit_hopping_zero_chain6,chain6_hole_4,randomized_qmc,2048,397786146
DEVELOPMENT,89,fb5214d8d1bf5caa839f81a965024f62,limit_spin_density_zero_rect2x3,rect2x3_hole_2,randomized_qmc,2048,359836609
DEVELOPMENT,89,89bd5e9b58115b60bdad35f43f6437be,limit_spin_density_zero_rect2x3,rect2x3_hole_3,randomized_qmc,2048,3866892751
DEVELOPMENT,90,8d9f57771b025ad2b6da9e578278aa6a,limit_hopping_zero_chain6,chain6_hole_2,randomized_qmc,2048,3788028460
DEVELOPMENT,90,db87e6c265d45773bb6297db5af0c11f,limit_hopping_zero_chain6,chain6_hole_4,randomized_qmc,2048,144703816
DEVELOPMENT,90,fb5214d8d1bf5caa839f81a965024f62,limit_spin_density_zero_rect2x3,rect2x3_hole_2,randomized_qmc,2048,1979574170
DEVELOPMENT,90,89bd5e9b58115b60bdad35f43f6437be,limit_spin_density_zero_rect2x3,rect2x3_hole_3,randomized_qmc,2048,1913225384
DEVELOPMENT,91,8d9f57771b025ad2b6da9e578278aa6a,limit_hopping_zero_chain6,chain6_hole_2,randomized_qmc,2048,1609848467
DEVELOPMENT,91,db87e6c265d45773bb6297db5af0c11f,limit_hopping_zero_chain6,chain6_hole_4,randomized_qmc,2048,1310731289
DEVELOPMENT,91,fb5214d8d1bf5caa839f81a965024f62,limit_spin_density_zero_rect2x3,rect2x3_hole_2,randomized_qmc,2048,2920275778
DEVELOPMENT,91,89bd5e9b58115b60bdad35f43f6437be,limit_spin_density_zero_rect2x3,rect2x3_hole_3,randomized_qmc,2048,994303673
DEVELOPMENT,92,8d9f57771b025ad2b6da9e578278aa6a,limit_hopping_zero_chain6,chain6_hole_2,randomized_qmc,2048,1752669775
DEVELOPMENT,92,db87e6c265d45773bb6297db5af0c11f,limit_hopping_zero_chain6,chain6_hole_4,randomized_qmc,2048,2348621957
DEVELOPMENT,92,fb5214d8d1bf5caa839f81a965024f62,limit_spin_density_zero_rect2x3,rect2x3_hole_2,randomized_qmc,2048,3154562972
DEVELOPMENT,92,89bd5e9b58115b60bdad35f43f6437be,limit_spin_density_zero_rect2x3,rect2x3_hole_3,randomized_qmc,2048,2462035193
DEVELOPMENT,93,8d9f57771b025ad2b6da9e578278aa6a,limit_hopping_zero_chain6,chain6_hole_2,randomized_qmc,2048,4149354411
DEVELOPMENT,93,db87e6c265d45773bb6297db5af0c11f,limit_hopping_zero_chain6,chain6_hole_4,randomized_qmc,2048,56353357
DEVELOPMENT,93,fb5214d8d1bf5caa839f81a965024f62,limit_spin_density_zero_rect2x3,rect2x3_hole_2,randomized_qmc,2048,1450060132
DEVELOPMENT,93,89bd5e9b58115b60bdad35f43f6437be,limit_spin_density_zero_rect2x3,rect2x3_hole_3,randomized_qmc,2048,3781010079
DEVELOPMENT,94,8d9f57771b025ad2b6da9e578278aa6a,limit_hopping_zero_chain6,chain6_hole_2,randomized_qmc,2048,964183406
DEVELOPMENT,94,db87e6c265d45773bb6297db5af0c11f,limit_hopping_zero_chain6,chain6_hole_4,randomized_qmc,2048,3756178925
DEVELOPMENT,94,fb5214d8d1bf5caa839f81a965024f62,limit_spin_density_zero_rect2x3,rect2x3_hole_2,randomized_qmc,2048,3333429672
DEVELOPMENT,94,89bd5e9b58115b60bdad35f43f6437be,limit_spin_density_zero_rect2x3,rect2x3_hole_3,randomized_qmc,2048,3158549478
DEVELOPMENT,95,8d9f57771b025ad2b6da9e578278aa6a,limit_hopping_zero_chain6,chain6_hole_2,randomized_qmc,2048,396655226
DEVELOPMENT,95,db87e6c265d45773bb6297db5af0c11f,limit_hopping_zero_chain6,chain6_hole_4,randomized_qmc,2048,1255819869
DEVELOPMENT,95,fb5214d8d1bf5caa839f81a965024f62,limit_spin_density_zero_rect2x3,rect2x3_hole_2,randomized_qmc,2048,669179091
DEVELOPMENT,95,89bd5e9b58115b60bdad35f43f6437be,limit_spin_density_zero_rect2x3,rect2x3_hole_3,randomized_qmc,2048,91107379
DEVELOPMENT,96,8d9f57771b025ad2b6da9e578278aa6a,limit_hopping_zero_chain6,chain6_hole_2,randomized_qmc,2048,4235088172
DEVELOPMENT,96,db87e6c265d45773bb6297db5af0c11f,limit_hopping_zero_chain6,chain6_hole_4,randomized_qmc,2048,2356112539
DEVELOPMENT,96,fb5214d8d1bf5caa839f81a965024f62,limit_spin_density_zero_rect2x3,rect2x3_hole_2,randomized_qmc,2048,3958847785
DEVELOPMENT,96,89bd5e9b58115b60bdad35f43f6437be,limit_spin_density_zero_rect2x3,rect2x3_hole_3,randomized_qmc,2048,2202395036
DEVELOPMENT,97,8d9f57771b025ad2b6da9e578278aa6a,limit_hopping_zero_chain6,chain6_hole_2,randomized_qmc,2048,223617001
DEVELOPMENT,97,db87e6c265d45773bb6297db5af0c11f,limit_hopping_zero_chain6,chain6_hole_4,randomized_qmc,2048,1495015086
DEVELOPMENT,97,fb5214d8d1bf5caa839f81a965024f62,limit_spin_density_zero_rect2x3,rect2x3_hole_2,randomized_qmc,2048,3258947639
DEVELOPMENT,97,89bd5e9b58115b60bdad35f43f6437be,limit_spin_density_zero_rect2x3,rect2x3_hole_3,randomized_qmc,2048,2134015928
DEVELOPMENT,98,8d9f57771b025ad2b6da9e578278aa6a,limit_hopping_zero_chain6,chain6_hole_2,randomized_qmc,2048,3075556839
DEVELOPMENT,98,db87e6c265d45773bb6297db5af0c11f,limit_hopping_zero_chain6,chain6_hole_4,randomized_qmc,2048,688310052
DEVELOPMENT,98,fb5214d8d1bf5caa839f81a965024f62,limit_spin_density_zero_rect2x3,rect2x3_hole_2,randomized_qmc,2048,1378390959
DEVELOPMENT,98,89bd5e9b58115b60bdad35f43f6437be,limit_spin_density_zero_rect2x3,rect2x3_hole_3,randomized_qmc,2048,980274352
DEVELOPMENT,99,8d9f57771b025ad2b6da9e578278aa6a,limit_hopping_zero_chain6,chain6_hole_2,randomized_qmc,2048,2644979886
DEVELOPMENT,99,db87e6c265d45773bb6297db5af0c11f,limit_hopping_zero_chain6,chain6_hole_4,randomized_qmc,2048,3219146401
DEVELOPMENT,99,fb5214d8d1bf5caa839f81a965024f62,limit_spin_density_zero_rect2x3,rect2x3_hole_2,randomized_qmc,2048,4253171787
DEVELOPMENT,99,89bd5e9b58115b60bdad35f43f6437be,limit_spin_density_zero_rect2x3,rect2x3_hole_3,randomized_qmc,2048,2044872549
DEVELOPMENT,100,8d9f57771b025ad2b6da9e578278aa6a,limit_hopping_zero_chain6,chain6_hole_2,randomized_qmc,2048,1296894742
DEVELOPMENT,100,db87e6c265d45773bb6297db5af0c11f,limit_hopping_zero_chain6,chain6_hole_4,randomized_qmc,2048,1183846976
DEVELOPMENT,100,fb5214d8d1bf5caa839f81a965024f62,limit_spin_density_zero_rect2x3,rect2x3_hole_2,randomized_qmc,2048,3089264187
DEVELOPMENT,100,89bd5e9b58115b60bdad35f43f6437be,limit_spin_density_zero_rect2x3,rect2x3_hole_3,randomized_qmc,2048,2029292418
DEVELOPMENT,101,8d9f57771b025ad2b6da9e578278aa6a,limit_hopping_zero_chain6,chain6_hole_2,randomized_qmc,2048,2408000938
DEVELOPMENT,101,db87e6c265d45773bb6297db5af0c11f,limit_hopping_zero_chain6,chain6_hole_4,randomized_qmc,2048,4084722732
DEVELOPMENT,101,fb5214d8d1bf5caa839f81a965024f62,limit_spin_density_zero_rect2x3,rect2x3_hole_2,randomized_qmc,2048,1428362200
DEVELOPMENT,101,89bd5e9b58115b60bdad35f43f6437be,limit_spin_density_zero_rect2x3,rect2x3_hole_3,randomized_qmc,2048,3544588629
DEVELOPMENT,102,8d9f57771b025ad2b6da9e578278aa6a,limit_hopping_zero_chain6,chain6_hole_2,randomized_qmc,2048,1731332175
DEVELOPMENT,102,db87e6c265d45773bb6297db5af0c11f,limit_hopping_zero_chain6,chain6_hole_4,randomized_qmc,2048,2168977160
DEVELOPMENT,102,fb5214d8d1bf5caa839f81a965024f62,limit_spin_density_zero_rect2x3,rect2x3_hole_2,randomized_qmc,2048,3322744995
DEVELOPMENT,102,89bd5e9b58115b60bdad35f43f6437be,limit_spin_density_zero_rect2x3,rect2x3_hole_3,randomized_qmc,2048,2862722410
DEVELOPMENT,103,8d9f57771b025ad2b6da9e578278aa6a,limit_hopping_zero_chain6,chain6_hole_2,randomized_qmc,2048,4139208601
DEVELOPMENT,103,db87e6c265d45773bb6297db5af0c11f,limit_hopping_zero_chain6,chain6_hole_4,randomized_qmc,2048,638442399
DEVELOPMENT,103,fb5214d8d1bf5caa839f81a965024f62,limit_spin_density_zero_rect2x3,rect2x3_hole_2,randomized_qmc,2048,585745192
DEVELOPMENT,103,89bd5e9b58115b60bdad35f43f6437be,limit_spin_density_zero_rect2x3,rect2x3_hole_3,randomized_qmc,2048,319752938
DEVELOPMENT,104,8d9f57771b025ad2b6da9e578278aa6a,limit_hopping_zero_chain6,chain6_hole_2,randomized_qmc,2048,1241558129
DEVELOPMENT,104,db87e6c265d45773bb6297db5af0c11f,limit_hopping_zero_chain6,chain6_hole_4,randomized_qmc,2048,4273663771
DEVELOPMENT,104,fb5214d8d1bf5caa839f81a965024f62,limit_spin_density_zero_rect2x3,rect2x3_hole_2,randomized_qmc,2048,2523013665
DEVELOPMENT,104,89bd5e9b58115b60bdad35f43f6437be,limit_spin_density_zero_rect2x3,rect2x3_hole_3,randomized_qmc,2048,75347759
DEVELOPMENT,105,8d9f57771b025ad2b6da9e578278aa6a,limit_hopping_zero_chain6,chain6_hole_2,randomized_qmc,2048,100259865
DEVELOPMENT,105,db87e6c265d45773bb6297db5af0c11f,limit_hopping_zero_chain6,chain6_hole_4,randomized_qmc,2048,2608019526
DEVELOPMENT,105,fb5214d8d1bf5caa839f81a965024f62,limit_spin_density_zero_rect2x3,rect2x3_hole_2,randomized_qmc,2048,11748883
DEVELOPMENT,105,89bd5e9b58115b60bdad35f43f6437be,limit_spin_density_zero_rect2x3,rect2x3_hole_3,randomized_qmc,2048,801274693
DEVELOPMENT,106,8d9f57771b025ad2b6da9e578278aa6a,limit_hopping_zero_chain6,chain6_hole_2,randomized_qmc,2048,3887456265
DEVELOPMENT,106,db87e6c265d45773bb6297db5af0c11f,limit_hopping_zero_chain6,chain6_hole_4,randomized_qmc,2048,1494111544
DEVELOPMENT,106,fb5214d8d1bf5caa839f81a965024f62,limit_spin_density_zero_rect2x3,rect2x3_hole_2,randomized_qmc,2048,2332827975
DEVELOPMENT,106,89bd5e9b58115b60bdad35f43f6437be,limit_spin_density_zero_rect2x3,rect2x3_hole_3,randomized_qmc,2048,1005607377
DEVELOPMENT,107,8d9f57771b025ad2b6da9e578278aa6a,limit_hopping_zero_chain6,chain6_hole_2,randomized_qmc,2048,1664264933
DEVELOPMENT,107,db87e6c265d45773bb6297db5af0c11f,limit_hopping_zero_chain6,chain6_hole_4,randomized_qmc,2048,1992424485
DEVELOPMENT,107,fb5214d8d1bf5caa839f81a965024f62,limit_spin_density_zero_rect2x3,rect2x3_hole_2,randomized_qmc,2048,3365987283
DEVELOPMENT,107,89bd5e9b58115b60bdad35f43f6437be,limit_spin_density_zero_rect2x3,rect2x3_hole_3,randomized_qmc,2048,2481109133
DEVELOPMENT,108,8d9f57771b025ad2b6da9e578278aa6a,limit_hopping_zero_chain6,chain6_hole_2,randomized_qmc,2048,3303815557
DEVELOPMENT,108,db87e6c265d45773bb6297db5af0c11f,limit_hopping_zero_chain6,chain6_hole_4,randomized_qmc,2048,3092070279
DEVELOPMENT,108,fb5214d8d1bf5caa839f81a965024f62,limit_spin_density_zero_rect2x3,rect2x3_hole_2,randomized_qmc,2048,3695055837
DEVELOPMENT,108,89bd5e9b58115b60bdad35f43f6437be,limit_spin_density_zero_rect2x3,rect2x3_hole_3,randomized_qmc,2048,1720542343
DEVELOPMENT,109,8d9f57771b025ad2b6da9e578278aa6a,limit_hopping_zero_chain6,chain6_hole_2,randomized_qmc,2048,2610579382
DEVELOPMENT,109,db87e6c265d45773bb6297db5af0c11f,limit_hopping_zero_chain6,chain6_hole_4,randomized_qmc,2048,2512140993
DEVELOPMENT,109,fb5214d8d1bf5caa839f81a965024f62,limit_spin_density_zero_rect2x3,rect2x3_hole_2,randomized_qmc,2048,2967526550
DEVELOPMENT,109,89bd5e9b58115b60bdad35f43f6437be,limit_spin_density_zero_rect2x3,rect2x3_hole_3,randomized_qmc,2048,357055531
DEVELOPMENT,110,8d9f57771b025ad2b6da9e578278aa6a,limit_hopping_zero_chain6,chain6_hole_2,randomized_qmc,2048,72523811
DEVELOPMENT,110,db87e6c265d45773bb6297db5af0c11f,limit_hopping_zero_chain6,chain6_hole_4,randomized_qmc,2048,1238543136
DEVELOPMENT,110,fb5214d8d1bf5caa839f81a965024f62,limit_spin_density_zero_rect2x3,rect2x3_hole_2,randomized_qmc,2048,2249306775
DEVELOPMENT,110,89bd5e9b58115b60bdad35f43f6437be,limit_spin_density_zero_rect2x3,rect2x3_hole_3,randomized_qmc,2048,775936918
DEVELOPMENT,111,8d9f57771b025ad2b6da9e578278aa6a,limit_hopping_zero_chain6,chain6_hole_2,randomized_qmc,2048,209447837
DEVELOPMENT,111,db87e6c265d45773bb6297db5af0c11f,limit_hopping_zero_chain6,chain6_hole_4,randomized_qmc,2048,2617754207
DEVELOPMENT,111,fb5214d8d1bf5caa839f81a965024f62,limit_spin_density_zero_rect2x3,rect2x3_hole_2,randomized_qmc,2048,3839764544
DEVELOPMENT,111,89bd5e9b58115b60bdad35f43f6437be,limit_spin_density_zero_rect2x3,rect2x3_hole_3,randomized_qmc,2048,902532728
DEVELOPMENT,112,8d9f57771b025ad2b6da9e578278aa6a,limit_hopping_zero_chain6,chain6_hole_2,randomized_qmc,2048,2221820221
DEVELOPMENT,112,db87e6c265d45773bb6297db5af0c11f,limit_hopping_zero_chain6,chain6_hole_4,randomized_qmc,2048,1621207576
DEVELOPMENT,112,fb5214d8d1bf5caa839f81a965024f62,limit_spin_density_zero_rect2x3,rect2x3_hole_2,randomized_qmc,2048,2169023041
DEVELOPMENT,112,89bd5e9b58115b60bdad35f43f6437be,limit_spin_density_zero_rect2x3,rect2x3_hole_3,randomized_qmc,2048,4283674560
DEVELOPMENT,113,8d9f57771b025ad2b6da9e578278aa6a,limit_hopping_zero_chain6,chain6_hole_2,randomized_qmc,2048,1376685447
DEVELOPMENT,113,db87e6c265d45773bb6297db5af0c11f,limit_hopping_zero_chain6,chain6_hole_4,randomized_qmc,2048,3961790253
DEVELOPMENT,113,fb5214d8d1bf5caa839f81a965024f62,limit_spin_density_zero_rect2x3,rect2x3_hole_2,randomized_qmc,2048,437712888
DEVELOPMENT,113,89bd5e9b58115b60bdad35f43f6437be,limit_spin_density_zero_rect2x3,rect2x3_hole_3,randomized_qmc,2048,2035188274
DEVELOPMENT,114,8d9f57771b025ad2b6da9e578278aa6a,limit_hopping_zero_chain6,chain6_hole_2,randomized_qmc,2048,2991001430
DEVELOPMENT,114,db87e6c265d45773bb6297db5af0c11f,limit_hopping_zero_chain6,chain6_hole_4,randomized_qmc,2048,3874982255
DEVELOPMENT,114,fb5214d8d1bf5caa839f81a965024f62,limit_spin_density_zero_rect2x3,rect2x3_hole_2,randomized_qmc,2048,2282775939
DEVELOPMENT,114,89bd5e9b58115b60bdad35f43f6437be,limit_spin_density_zero_rect2x3,rect2x3_hole_3,randomized_qmc,2048,2387854379
DEVELOPMENT,115,8d9f57771b025ad2b6da9e578278aa6a,limit_hopping_zero_chain6,chain6_hole_2,randomized_qmc,2048,1321396396
DEVELOPMENT,115,db87e6c265d45773bb6297db5af0c11f,limit_hopping_zero_chain6,chain6_hole_4,randomized_qmc,2048,1636664909
DEVELOPMENT,115,fb5214d8d1bf5caa839f81a965024f62,limit_spin_density_zero_rect2x3,rect2x3_hole_2,randomized_qmc,2048,3040399626
DEVELOPMENT,115,89bd5e9b58115b60bdad35f43f6437be,limit_spin_density_zero_rect2x3,rect2x3_hole_3,randomized_qmc,2048,1414958343
DEVELOPMENT,116,8d9f57771b025ad2b6da9e578278aa6a,limit_hopping_zero_chain6,chain6_hole_2,randomized_qmc,2048,1859864997
DEVELOPMENT,116,db87e6c265d45773bb6297db5af0c11f,limit_hopping_zero_chain6,chain6_hole_4,randomized_qmc,2048,1922225993
DEVELOPMENT,116,fb5214d8d1bf5caa839f81a965024f62,limit_spin_density_zero_rect2x3,rect2x3_hole_2,randomized_qmc,2048,1645722527
DEVELOPMENT,116,89bd5e9b58115b60bdad35f43f6437be,limit_spin_density_zero_rect2x3,rect2x3_hole_3,randomized_qmc,2048,1848516477
DEVELOPMENT,117,8d9f57771b025ad2b6da9e578278aa6a,limit_hopping_zero_chain6,chain6_hole_2,randomized_qmc,2048,3413636789
DEVELOPMENT,117,db87e6c265d45773bb6297db5af0c11f,limit_hopping_zero_chain6,chain6_hole_4,randomized_qmc,2048,155160438
DEVELOPMENT,117,fb5214d8d1bf5caa839f81a965024f62,limit_spin_density_zero_rect2x3,rect2x3_hole_2,randomized_qmc,2048,751171166
DEVELOPMENT,117,89bd5e9b58115b60bdad35f43f6437be,limit_spin_density_zero_rect2x3,rect2x3_hole_3,randomized_qmc,2048,1258673370
DEVELOPMENT,118,8d9f57771b025ad2b6da9e578278aa6a,limit_hopping_zero_chain6,chain6_hole_2,randomized_qmc,2048,3182489838
DEVELOPMENT,118,db87e6c265d45773bb6297db5af0c11f,limit_hopping_zero_chain6,chain6_hole_4,randomized_qmc,2048,3042790278
DEVELOPMENT,118,fb5214d8d1bf5caa839f81a965024f62,limit_spin_density_zero_rect2x3,rect2x3_hole_2,randomized_qmc,2048,3724929776
DEVELOPMENT,118,89bd5e9b58115b60bdad35f43f6437be,limit_spin_density_zero_rect2x3,rect2x3_hole_3,randomized_qmc,2048,2361089819
DEVELOPMENT,119,8d9f57771b025ad2b6da9e578278aa6a,limit_hopping_zero_chain6,chain6_hole_2,randomized_qmc,2048,3566526714
DEVELOPMENT,119,db87e6c265d45773bb6297db5af0c11f,limit_hopping_zero_chain6,chain6_hole_4,randomized_qmc,2048,502051242
DEVELOPMENT,119,fb5214d8d1bf5caa839f81a965024f62,limit_spin_density_zero_rect2x3,rect2x3_hole_2,randomized_qmc,2048,2307980280
DEVELOPMENT,119,89bd5e9b58115b60bdad35f43f6437be,limit_spin_density_zero_rect2x3,rect2x3_hole_3,randomized_qmc,2048,800269601
DEVELOPMENT,120,8d9f57771b025ad2b6da9e578278aa6a,limit_hopping_zero_chain6,chain6_hole_2,randomized_qmc,2048,3227310960
DEVELOPMENT,120,db87e6c265d45773bb6297db5af0c11f,limit_hopping_zero_chain6,chain6_hole_4,randomized_qmc,2048,3040306935
DEVELOPMENT,120,fb5214d8d1bf5caa839f81a965024f62,limit_spin_density_zero_rect2x3,rect2x3_hole_2,randomized_qmc,2048,2548095586
DEVELOPMENT,120,89bd5e9b58115b60bdad35f43f6437be,limit_spin_density_zero_rect2x3,rect2x3_hole_3,randomized_qmc,2048,1952694508
DEVELOPMENT,121,8d9f57771b025ad2b6da9e578278aa6a,limit_hopping_zero_chain6,chain6_hole_2,randomized_qmc,2048,1212088124
DEVELOPMENT,121,db87e6c265d45773bb6297db5af0c11f,limit_hopping_zero_chain6,chain6_hole_4,randomized_qmc,2048,2618992821
DEVELOPMENT,121,fb5214d8d1bf5caa839f81a965024f62,limit_spin_density_zero_rect2x3,rect2x3_hole_2,randomized_qmc,2048,2740323246
DEVELOPMENT,121,89bd5e9b58115b60bdad35f43f6437be,limit_spin_density_zero_rect2x3,rect2x3_hole_3,randomized_qmc,2048,763967293
DEVELOPMENT,122,8d9f57771b025ad2b6da9e578278aa6a,limit_hopping_zero_chain6,chain6_hole_2,randomized_qmc,2048,3895381598
DEVELOPMENT,122,db87e6c265d45773bb6297db5af0c11f,limit_hopping_zero_chain6,chain6_hole_4,randomized_qmc,2048,1979151163
DEVELOPMENT,122,fb5214d8d1bf5caa839f81a965024f62,limit_spin_density_zero_rect2x3,rect2x3_hole_2,randomized_qmc,2048,3239016774
DEVELOPMENT,122,89bd5e9b58115b60bdad35f43f6437be,limit_spin_density_zero_rect2x3,rect2x3_hole_3,randomized_qmc,2048,1026095152
DEVELOPMENT,123,8d9f57771b025ad2b6da9e578278aa6a,limit_hopping_zero_chain6,chain6_hole_2,randomized_qmc,2048,2661194788
DEVELOPMENT,123,db87e6c265d45773bb6297db5af0c11f,limit_hopping_zero_chain6,chain6_hole_4,randomized_qmc,2048,3630579158
DEVELOPMENT,123,fb5214d8d1bf5caa839f81a965024f62,limit_spin_density_zero_rect2x3,rect2x3_hole_2,randomized_qmc,2048,2669908102
DEVELOPMENT,123,89bd5e9b58115b60bdad35f43f6437be,limit_spin_density_zero_rect2x3,rect2x3_hole_3,randomized_qmc,2048,2227352002
DEVELOPMENT,124,8d9f57771b025ad2b6da9e578278aa6a,limit_hopping_zero_chain6,chain6_hole_2,randomized_qmc,2048,3118775285
DEVELOPMENT,124,db87e6c265d45773bb6297db5af0c11f,limit_hopping_zero_chain6,chain6_hole_4,randomized_qmc,2048,3384725507
DEVELOPMENT,124,fb5214d8d1bf5caa839f81a965024f62,limit_spin_density_zero_rect2x3,rect2x3_hole_2,randomized_qmc,2048,2627940468
DEVELOPMENT,124,89bd5e9b58115b60bdad35f43f6437be,limit_spin_density_zero_rect2x3,rect2x3_hole_3,randomized_qmc,2048,1628701787
DEVELOPMENT,125,8d9f57771b025ad2b6da9e578278aa6a,limit_hopping_zero_chain6,chain6_hole_2,randomized_qmc,2048,3086957515
DEVELOPMENT,125,db87e6c265d45773bb6297db5af0c11f,limit_hopping_zero_chain6,chain6_hole_4,randomized_qmc,2048,1159910615
DEVELOPMENT,125,fb5214d8d1bf5caa839f81a965024f62,limit_spin_density_zero_rect2x3,rect2x3_hole_2,randomized_qmc,2048,1706040516
DEVELOPMENT,125,89bd5e9b58115b60bdad35f43f6437be,limit_spin_density_zero_rect2x3,rect2x3_hole_3,randomized_qmc,2048,3701317936
DEVELOPMENT,126,8d9f57771b025ad2b6da9e578278aa6a,limit_hopping_zero_chain6,chain6_hole_2,randomized_qmc,2048,1554638773
DEVELOPMENT,126,db87e6c265d45773bb6297db5af0c11f,limit_hopping_zero_chain6,chain6_hole_4,randomized_qmc,2048,3630369498
DEVELOPMENT,126,fb5214d8d1bf5caa839f81a965024f62,limit_spin_density_zero_rect2x3,rect2x3_hole_2,randomized_qmc,2048,1872331693
DEVELOPMENT,126,89bd5e9b58115b60bdad35f43f6437be,limit_spin_density_zero_rect2x3,rect2x3_hole_3,randomized_qmc,2048,1489769136
DEVELOPMENT,127,8d9f57771b025ad2b6da9e578278aa6a,limit_hopping_zero_chain6,chain6_hole_2,randomized_qmc,2048,3000190385
DEVELOPMENT,127,db87e6c265d45773bb6297db5af0c11f,limit_hopping_zero_chain6,chain6_hole_4,randomized_qmc,2048,307826573
DEVELOPMENT,127,fb5214d8d1bf5caa839f81a965024f62,limit_spin_density_zero_rect2x3,rect2x3_hole_2,randomized_qmc,2048,3608660080
DEVELOPMENT,127,89bd5e9b58115b60bdad35f43f6437be,limit_spin_density_zero_rect2x3,rect2x3_hole_3,randomized_qmc,2048,4155666357
DEVELOPMENT,0,8d9f57771b025ad2b6da9e578278aa6a,limit_hopping_zero_chain6,chain6_hole_2,randomized_qmc,4096,3616292638
DEVELOPMENT,0,db87e6c265d45773bb6297db5af0c11f,limit_hopping_zero_chain6,chain6_hole_4,randomized_qmc,4096,4287924920
DEVELOPMENT,0,fb5214d8d1bf5caa839f81a965024f62,limit_spin_density_zero_rect2x3,rect2x3_hole_2,randomized_qmc,4096,877341097
DEVELOPMENT,0,89bd5e9b58115b60bdad35f43f6437be,limit_spin_density_zero_rect2x3,rect2x3_hole_3,randomized_qmc,4096,200982594
DEVELOPMENT,1,8d9f57771b025ad2b6da9e578278aa6a,limit_hopping_zero_chain6,chain6_hole_2,randomized_qmc,4096,3502376497
DEVELOPMENT,1,db87e6c265d45773bb6297db5af0c11f,limit_hopping_zero_chain6,chain6_hole_4,randomized_qmc,4096,2323462326
DEVELOPMENT,1,fb5214d8d1bf5caa839f81a965024f62,limit_spin_density_zero_rect2x3,rect2x3_hole_2,randomized_qmc,4096,2742662277
DEVELOPMENT,1,89bd5e9b58115b60bdad35f43f6437be,limit_spin_density_zero_rect2x3,rect2x3_hole_3,randomized_qmc,4096,2231447599
DEVELOPMENT,2,8d9f57771b025ad2b6da9e578278aa6a,limit_hopping_zero_chain6,chain6_hole_2,randomized_qmc,4096,3329680637
DEVELOPMENT,2,db87e6c265d45773bb6297db5af0c11f,limit_hopping_zero_chain6,chain6_hole_4,randomized_qmc,4096,96833233
DEVELOPMENT,2,fb5214d8d1bf5caa839f81a965024f62,limit_spin_density_zero_rect2x3,rect2x3_hole_2,randomized_qmc,4096,2456158155
DEVELOPMENT,2,89bd5e9b58115b60bdad35f43f6437be,limit_spin_density_zero_rect2x3,rect2x3_hole_3,randomized_qmc,4096,1307173926
DEVELOPMENT,3,8d9f57771b025ad2b6da9e578278aa6a,limit_hopping_zero_chain6,chain6_hole_2,randomized_qmc,4096,3836281934
DEVELOPMENT,3,db87e6c265d45773bb6297db5af0c11f,limit_hopping_zero_chain6,chain6_hole_4,randomized_qmc,4096,1833678624
DEVELOPMENT,3,fb5214d8d1bf5caa839f81a965024f62,limit_spin_density_zero_rect2x3,rect2x3_hole_2,randomized_qmc,4096,3380881550
DEVELOPMENT,3,89bd5e9b58115b60bdad35f43f6437be,limit_spin_density_zero_rect2x3,rect2x3_hole_3,randomized_qmc,4096,1516255864
DEVELOPMENT,4,8d9f57771b025ad2b6da9e578278aa6a,limit_hopping_zero_chain6,chain6_hole_2,randomized_qmc,4096,2261505643
DEVELOPMENT,4,db87e6c265d45773bb6297db5af0c11f,limit_hopping_zero_chain6,chain6_hole_4,randomized_qmc,4096,1379884663
DEVELOPMENT,4,fb5214d8d1bf5caa839f81a965024f62,limit_spin_density_zero_rect2x3,rect2x3_hole_2,randomized_qmc,4096,1846027486
DEVELOPMENT,4,89bd5e9b58115b60bdad35f43f6437be,limit_spin_density_zero_rect2x3,rect2x3_hole_3,randomized_qmc,4096,1000542707
DEVELOPMENT,5,8d9f57771b025ad2b6da9e578278aa6a,limit_hopping_zero_chain6,chain6_hole_2,randomized_qmc,4096,3632553360
DEVELOPMENT,5,db87e6c265d45773bb6297db5af0c11f,limit_hopping_zero_chain6,chain6_hole_4,randomized_qmc,4096,3053646565
DEVELOPMENT,5,fb5214d8d1bf5caa839f81a965024f62,limit_spin_density_zero_rect2x3,rect2x3_hole_2,randomized_qmc,4096,2800650859
DEVELOPMENT,5,89bd5e9b58115b60bdad35f43f6437be,limit_spin_density_zero_rect2x3,rect2x3_hole_3,randomized_qmc,4096,313131292
DEVELOPMENT,6,8d9f57771b025ad2b6da9e578278aa6a,limit_hopping_zero_chain6,chain6_hole_2,randomized_qmc,4096,411497946
DEVELOPMENT,6,db87e6c265d45773bb6297db5af0c11f,limit_hopping_zero_chain6,chain6_hole_4,randomized_qmc,4096,3970259774
DEVELOPMENT,6,fb5214d8d1bf5caa839f81a965024f62,limit_spin_density_zero_rect2x3,rect2x3_hole_2,randomized_qmc,4096,3045855477
DEVELOPMENT,6,89bd5e9b58115b60bdad35f43f6437be,limit_spin_density_zero_rect2x3,rect2x3_hole_3,randomized_qmc,4096,588944209
DEVELOPMENT,7,8d9f57771b025ad2b6da9e578278aa6a,limit_hopping_zero_chain6,chain6_hole_2,randomized_qmc,4096,2589043108
DEVELOPMENT,7,db87e6c265d45773bb6297db5af0c11f,limit_hopping_zero_chain6,chain6_hole_4,randomized_qmc,4096,4163033674
DEVELOPMENT,7,fb5214d8d1bf5caa839f81a965024f62,limit_spin_density_zero_rect2x3,rect2x3_hole_2,randomized_qmc,4096,3396187124
DEVELOPMENT,7,89bd5e9b58115b60bdad35f43f6437be,limit_spin_density_zero_rect2x3,rect2x3_hole_3,randomized_qmc,4096,1862754292
DEVELOPMENT,8,8d9f57771b025ad2b6da9e578278aa6a,limit_hopping_zero_chain6,chain6_hole_2,randomized_qmc,4096,4149551047
DEVELOPMENT,8,db87e6c265d45773bb6297db5af0c11f,limit_hopping_zero_chain6,chain6_hole_4,randomized_qmc,4096,1461311451
DEVELOPMENT,8,fb5214d8d1bf5caa839f81a965024f62,limit_spin_density_zero_rect2x3,rect2x3_hole_2,randomized_qmc,4096,53055929
DEVELOPMENT,8,89bd5e9b58115b60bdad35f43f6437be,limit_spin_density_zero_rect2x3,rect2x3_hole_3,randomized_qmc,4096,2353542992
DEVELOPMENT,9,8d9f57771b025ad2b6da9e578278aa6a,limit_hopping_zero_chain6,chain6_hole_2,randomized_qmc,4096,3267872000
DEVELOPMENT,9,db87e6c265d45773bb6297db5af0c11f,limit_hopping_zero_chain6,chain6_hole_4,randomized_qmc,4096,2123267018
DEVELOPMENT,9,fb5214d8d1bf5caa839f81a965024f62,limit_spin_density_zero_rect2x3,rect2x3_hole_2,randomized_qmc,4096,2357312022
DEVELOPMENT,9,89bd5e9b58115b60bdad35f43f6437be,limit_spin_density_zero_rect2x3,rect2x3_hole_3,randomized_qmc,4096,1290999740
DEVELOPMENT,10,8d9f57771b025ad2b6da9e578278aa6a,limit_hopping_zero_chain6,chain6_hole_2,randomized_qmc,4096,3767159929
DEVELOPMENT,10,db87e6c265d45773bb6297db5af0c11f,limit_hopping_zero_chain6,chain6_hole_4,randomized_qmc,4096,2314734997
DEVELOPMENT,10,fb5214d8d1bf5caa839f81a965024f62,limit_spin_density_zero_rect2x3,rect2x3_hole_2,randomized_qmc,4096,3245995983
DEVELOPMENT,10,89bd5e9b58115b60bdad35f43f6437be,limit_spin_density_zero_rect2x3,rect2x3_hole_3,randomized_qmc,4096,2632577152
DEVELOPMENT,11,8d9f57771b025ad2b6da9e578278aa6a,limit_hopping_zero_chain6,chain6_hole_2,randomized_qmc,4096,3142248867
DEVELOPMENT,11,db87e6c265d45773bb6297db5af0c11f,limit_hopping_zero_chain6,chain6_hole_4,randomized_qmc,4096,2915546205
DEVELOPMENT,11,fb5214d8d1bf5caa839f81a965024f62,limit_spin_density_zero_rect2x3,rect2x3_hole_2,randomized_qmc,4096,767199738
DEVELOPMENT,11,89bd5e9b58115b60bdad35f43f6437be,limit_spin_density_zero_rect2x3,rect2x3_hole_3,randomized_qmc,4096,724997456
DEVELOPMENT,12,8d9f57771b025ad2b6da9e578278aa6a,limit_hopping_zero_chain6,chain6_hole_2,randomized_qmc,4096,474803241
DEVELOPMENT,12,db87e6c265d45773bb6297db5af0c11f,limit_hopping_zero_chain6,chain6_hole_4,randomized_qmc,4096,3767606826
DEVELOPMENT,12,fb5214d8d1bf5caa839f81a965024f62,limit_spin_density_zero_rect2x3,rect2x3_hole_2,randomized_qmc,4096,3199223320
DEVELOPMENT,12,89bd5e9b58115b60bdad35f43f6437be,limit_spin_density_zero_rect2x3,rect2x3_hole_3,randomized_qmc,4096,3286286393
DEVELOPMENT,13,8d9f57771b025ad2b6da9e578278aa6a,limit_hopping_zero_chain6,chain6_hole_2,randomized_qmc,4096,3659842667
DEVELOPMENT,13,db87e6c265d45773bb6297db5af0c11f,limit_hopping_zero_chain6,chain6_hole_4,randomized_qmc,4096,2019941089
DEVELOPMENT,13,fb5214d8d1bf5caa839f81a965024f62,limit_spin_density_zero_rect2x3,rect2x3_hole_2,randomized_qmc,4096,3983442077
DEVELOPMENT,13,89bd5e9b58115b60bdad35f43f6437be,limit_spin_density_zero_rect2x3,rect2x3_hole_3,randomized_qmc,4096,47778576
DEVELOPMENT,14,8d9f57771b025ad2b6da9e578278aa6a,limit_hopping_zero_chain6,chain6_hole_2,randomized_qmc,4096,1262517535
DEVELOPMENT,14,db87e6c265d45773bb6297db5af0c11f,limit_hopping_zero_chain6,chain6_hole_4,randomized_qmc,4096,2696591342
DEVELOPMENT,14,fb5214d8d1bf5caa839f81a965024f62,limit_spin_density_zero_rect2x3,rect2x3_hole_2,randomized_qmc,4096,1539995343
DEVELOPMENT,14,89bd5e9b58115b60bdad35f43f6437be,limit_spin_density_zero_rect2x3,rect2x3_hole_3,randomized_qmc,4096,37173430
DEVELOPMENT,15,8d9f57771b025ad2b6da9e578278aa6a,limit_hopping_zero_chain6,chain6_hole_2,randomized_qmc,4096,3398587387
DEVELOPMENT,15,db87e6c265d45773bb6297db5af0c11f,limit_hopping_zero_chain6,chain6_hole_4,randomized_qmc,4096,997248474
DEVELOPMENT,15,fb5214d8d1bf5caa839f81a965024f62,limit_spin_density_zero_rect2x3,rect2x3_hole_2,randomized_qmc,4096,1111996060
DEVELOPMENT,15,89bd5e9b58115b60bdad35f43f6437be,limit_spin_density_zero_rect2x3,rect2x3_hole_3,randomized_qmc,4096,3234613261
DEVELOPMENT,16,8d9f57771b025ad2b6da9e578278aa6a,limit_hopping_zero_chain6,chain6_hole_2,randomized_qmc,4096,1423915808
DEVELOPMENT,16,db87e6c265d45773bb6297db5af0c11f,limit_hopping_zero_chain6,chain6_hole_4,randomized_qmc,4096,1841655473
DEVELOPMENT,16,fb5214d8d1bf5caa839f81a965024f62,limit_spin_density_zero_rect2x3,rect2x3_hole_2,randomized_qmc,4096,3259782037
DEVELOPMENT,16,89bd5e9b58115b60bdad35f43f6437be,limit_spin_density_zero_rect2x3,rect2x3_hole_3,randomized_qmc,4096,840160979
DEVELOPMENT,17,8d9f57771b025ad2b6da9e578278aa6a,limit_hopping_zero_chain6,chain6_hole_2,randomized_qmc,4096,1037089911
DEVELOPMENT,17,db87e6c265d45773bb6297db5af0c11f,limit_hopping_zero_chain6,chain6_hole_4,randomized_qmc,4096,1877273560
DEVELOPMENT,17,fb5214d8d1bf5caa839f81a965024f62,limit_spin_density_zero_rect2x3,rect2x3_hole_2,randomized_qmc,4096,945529039
DEVELOPMENT,17,89bd5e9b58115b60bdad35f43f6437be,limit_spin_density_zero_rect2x3,rect2x3_hole_3,randomized_qmc,4096,654622665
DEVELOPMENT,18,8d9f57771b025ad2b6da9e578278aa6a,limit_hopping_zero_chain6,chain6_hole_2,randomized_qmc,4096,1375904046
DEVELOPMENT,18,db87e6c265d45773bb6297db5af0c11f,limit_hopping_zero_chain6,chain6_hole_4,randomized_qmc,4096,3595255652
DEVELOPMENT,18,fb5214d8d1bf5caa839f81a965024f62,limit_spin_density_zero_rect2x3,rect2x3_hole_2,randomized_qmc,4096,2540339990
DEVELOPMENT,18,89bd5e9b58115b60bdad35f43f6437be,limit_spin_density_zero_rect2x3,rect2x3_hole_3,randomized_qmc,4096,2209707495
DEVELOPMENT,19,8d9f57771b025ad2b6da9e578278aa6a,limit_hopping_zero_chain6,chain6_hole_2,randomized_qmc,4096,838571300
DEVELOPMENT,19,db87e6c265d45773bb6297db5af0c11f,limit_hopping_zero_chain6,chain6_hole_4,randomized_qmc,4096,715658815
DEVELOPMENT,19,fb5214d8d1bf5caa839f81a965024f62,limit_spin_density_zero_rect2x3,rect2x3_hole_2,randomized_qmc,4096,2784310884
DEVELOPMENT,19,89bd5e9b58115b60bdad35f43f6437be,limit_spin_density_zero_rect2x3,rect2x3_hole_3,randomized_qmc,4096,207369366
DEVELOPMENT,20,8d9f57771b025ad2b6da9e578278aa6a,limit_hopping_zero_chain6,chain6_hole_2,randomized_qmc,4096,3238305468
DEVELOPMENT,20,db87e6c265d45773bb6297db5af0c11f,limit_hopping_zero_chain6,chain6_hole_4,randomized_qmc,4096,1144489180
DEVELOPMENT,20,fb5214d8d1bf5caa839f81a965024f62,limit_spin_density_zero_rect2x3,rect2x3_hole_2,randomized_qmc,4096,2410625395
DEVELOPMENT,20,89bd5e9b58115b60bdad35f43f6437be,limit_spin_density_zero_rect2x3,rect2x3_hole_3,randomized_qmc,4096,2015650346
DEVELOPMENT,21,8d9f57771b025ad2b6da9e578278aa6a,limit_hopping_zero_chain6,chain6_hole_2,randomized_qmc,4096,1337298861
DEVELOPMENT,21,db87e6c265d45773bb6297db5af0c11f,limit_hopping_zero_chain6,chain6_hole_4,randomized_qmc,4096,1149991341
DEVELOPMENT,21,fb5214d8d1bf5caa839f81a965024f62,limit_spin_density_zero_rect2x3,rect2x3_hole_2,randomized_qmc,4096,2031484835
DEVELOPMENT,21,89bd5e9b58115b60bdad35f43f6437be,limit_spin_density_zero_rect2x3,rect2x3_hole_3,randomized_qmc,4096,3550711294
DEVELOPMENT,22,8d9f57771b025ad2b6da9e578278aa6a,limit_hopping_zero_chain6,chain6_hole_2,randomized_qmc,4096,4137144791
DEVELOPMENT,22,db87e6c265d45773bb6297db5af0c11f,limit_hopping_zero_chain6,chain6_hole_4,randomized_qmc,4096,4077464643
DEVELOPMENT,22,fb5214d8d1bf5caa839f81a965024f62,limit_spin_density_zero_rect2x3,rect2x3_hole_2,randomized_qmc,4096,1169967578
DEVELOPMENT,22,89bd5e9b58115b60bdad35f43f6437be,limit_spin_density_zero_rect2x3,rect2x3_hole_3,randomized_qmc,4096,776648365
DEVELOPMENT,23,8d9f57771b025ad2b6da9e578278aa6a,limit_hopping_zero_chain6,chain6_hole_2,randomized_qmc,4096,1017999238
DEVELOPMENT,23,db87e6c265d45773bb6297db5af0c11f,limit_hopping_zero_chain6,chain6_hole_4,randomized_qmc,4096,4134275282
DEVELOPMENT,23,fb5214d8d1bf5caa839f81a965024f62,limit_spin_density_zero_rect2x3,rect2x3_hole_2,randomized_qmc,4096,2209213368
DEVELOPMENT,23,89bd5e9b58115b60bdad35f43f6437be,limit_spin_density_zero_rect2x3,rect2x3_hole_3,randomized_qmc,4096,3343286721
DEVELOPMENT,24,8d9f57771b025ad2b6da9e578278aa6a,limit_hopping_zero_chain6,chain6_hole_2,randomized_qmc,4096,2639106332
DEVELOPMENT,24,db87e6c265d45773bb6297db5af0c11f,limit_hopping_zero_chain6,chain6_hole_4,randomized_qmc,4096,508128286
DEVELOPMENT,24,fb5214d8d1bf5caa839f81a965024f62,limit_spin_density_zero_rect2x3,rect2x3_hole_2,randomized_qmc,4096,956188169
DEVELOPMENT,24,89bd5e9b58115b60bdad35f43f6437be,limit_spin_density_zero_rect2x3,rect2x3_hole_3,randomized_qmc,4096,1716375133
DEVELOPMENT,25,8d9f57771b025ad2b6da9e578278aa6a,limit_hopping_zero_chain6,chain6_hole_2,randomized_qmc,4096,306971659
DEVELOPMENT,25,db87e6c265d45773bb6297db5af0c11f,limit_hopping_zero_chain6,chain6_hole_4,randomized_qmc,4096,3221098628
DEVELOPMENT,25,fb5214d8d1bf5caa839f81a965024f62,limit_spin_density_zero_rect2x3,rect2x3_hole_2,randomized_qmc,4096,1693433981
DEVELOPMENT,25,89bd5e9b58115b60bdad35f43f6437be,limit_spin_density_zero_rect2x3,rect2x3_hole_3,randomized_qmc,4096,3582685217
DEVELOPMENT,26,8d9f57771b025ad2b6da9e578278aa6a,limit_hopping_zero_chain6,chain6_hole_2,randomized_qmc,4096,1330934671
DEVELOPMENT,26,db87e6c265d45773bb6297db5af0c11f,limit_hopping_zero_chain6,chain6_hole_4,randomized_qmc,4096,3120445942
DEVELOPMENT,26,fb5214d8d1bf5caa839f81a965024f62,limit_spin_density_zero_rect2x3,rect2x3_hole_2,randomized_qmc,4096,3551217661
DEVELOPMENT,26,89bd5e9b58115b60bdad35f43f6437be,limit_spin_density_zero_rect2x3,rect2x3_hole_3,randomized_qmc,4096,4129508998
DEVELOPMENT,27,8d9f57771b025ad2b6da9e578278aa6a,limit_hopping_zero_chain6,chain6_hole_2,randomized_qmc,4096,3376328469
DEVELOPMENT,27,db87e6c265d45773bb6297db5af0c11f,limit_hopping_zero_chain6,chain6_hole_4,randomized_qmc,4096,3429523801
DEVELOPMENT,27,fb5214d8d1bf5caa839f81a965024f62,limit_spin_density_zero_rect2x3,rect2x3_hole_2,randomized_qmc,4096,1892685868
DEVELOPMENT,27,89bd5e9b58115b60bdad35f43f6437be,limit_spin_density_zero_rect2x3,rect2x3_hole_3,randomized_qmc,4096,2328927376
DEVELOPMENT,28,8d9f57771b025ad2b6da9e578278aa6a,limit_hopping_zero_chain6,chain6_hole_2,randomized_qmc,4096,1405924389
DEVELOPMENT,28,db87e6c265d45773bb6297db5af0c11f,limit_hopping_zero_chain6,chain6_hole_4,randomized_qmc,4096,104137195
DEVELOPMENT,28,fb5214d8d1bf5caa839f81a965024f62,limit_spin_density_zero_rect2x3,rect2x3_hole_2,randomized_qmc,4096,236026867
DEVELOPMENT,28,89bd5e9b58115b60bdad35f43f6437be,limit_spin_density_zero_rect2x3,rect2x3_hole_3,randomized_qmc,4096,2229035318
DEVELOPMENT,29,8d9f57771b025ad2b6da9e578278aa6a,limit_hopping_zero_chain6,chain6_hole_2,randomized_qmc,4096,1577550052
DEVELOPMENT,29,db87e6c265d45773bb6297db5af0c11f,limit_hopping_zero_chain6,chain6_hole_4,randomized_qmc,4096,869767343
DEVELOPMENT,29,fb5214d8d1bf5caa839f81a965024f62,limit_spin_density_zero_rect2x3,rect2x3_hole_2,randomized_qmc,4096,1761703991
DEVELOPMENT,29,89bd5e9b58115b60bdad35f43f6437be,limit_spin_density_zero_rect2x3,rect2x3_hole_3,randomized_qmc,4096,2200840593
DEVELOPMENT,30,8d9f57771b025ad2b6da9e578278aa6a,limit_hopping_zero_chain6,chain6_hole_2,randomized_qmc,4096,1867221502
DEVELOPMENT,30,db87e6c265d45773bb6297db5af0c11f,limit_hopping_zero_chain6,chain6_hole_4,randomized_qmc,4096,2370247288
DEVELOPMENT,30,fb5214d8d1bf5caa839f81a965024f62,limit_spin_density_zero_rect2x3,rect2x3_hole_2,randomized_qmc,4096,1393055580
DEVELOPMENT,30,89bd5e9b58115b60bdad35f43f6437be,limit_spin_density_zero_rect2x3,rect2x3_hole_3,randomized_qmc,4096,2498398424
DEVELOPMENT,31,8d9f57771b025ad2b6da9e578278aa6a,limit_hopping_zero_chain6,chain6_hole_2,randomized_qmc,4096,1774414661
DEVELOPMENT,31,db87e6c265d45773bb6297db5af0c11f,limit_hopping_zero_chain6,chain6_hole_4,randomized_qmc,4096,3696908004
DEVELOPMENT,31,fb5214d8d1bf5caa839f81a965024f62,limit_spin_density_zero_rect2x3,rect2x3_hole_2,randomized_qmc,4096,879834435
DEVELOPMENT,31,89bd5e9b58115b60bdad35f43f6437be,limit_spin_density_zero_rect2x3,rect2x3_hole_3,randomized_qmc,4096,3352714035
DEVELOPMENT,32,8d9f57771b025ad2b6da9e578278aa6a,limit_hopping_zero_chain6,chain6_hole_2,randomized_qmc,4096,2784878054
DEVELOPMENT,32,db87e6c265d45773bb6297db5af0c11f,limit_hopping_zero_chain6,chain6_hole_4,randomized_qmc,4096,1652895353
DEVELOPMENT,32,fb5214d8d1bf5caa839f81a965024f62,limit_spin_density_zero_rect2x3,rect2x3_hole_2,randomized_qmc,4096,147118559
DEVELOPMENT,32,89bd5e9b58115b60bdad35f43f6437be,limit_spin_density_zero_rect2x3,rect2x3_hole_3,randomized_qmc,4096,257959939
DEVELOPMENT,33,8d9f57771b025ad2b6da9e578278aa6a,limit_hopping_zero_chain6,chain6_hole_2,randomized_qmc,4096,2550307571
DEVELOPMENT,33,db87e6c265d45773bb6297db5af0c11f,limit_hopping_zero_chain6,chain6_hole_4,randomized_qmc,4096,238949077
DEVELOPMENT,33,fb5214d8d1bf5caa839f81a965024f62,limit_spin_density_zero_rect2x3,rect2x3_hole_2,randomized_qmc,4096,2158047703
DEVELOPMENT,33,89bd5e9b58115b60bdad35f43f6437be,limit_spin_density_zero_rect2x3,rect2x3_hole_3,randomized_qmc,4096,1284445635
DEVELOPMENT,34,8d9f57771b025ad2b6da9e578278aa6a,limit_hopping_zero_chain6,chain6_hole_2,randomized_qmc,4096,4240704803
DEVELOPMENT,34,db87e6c265d45773bb6297db5af0c11f,limit_hopping_zero_chain6,chain6_hole_4,randomized_qmc,4096,3346347479
DEVELOPMENT,34,fb5214d8d1bf5caa839f81a965024f62,limit_spin_density_zero_rect2x3,rect2x3_hole_2,randomized_qmc,4096,1956887158
DEVELOPMENT,34,89bd5e9b58115b60bdad35f43f6437be,limit_spin_density_zero_rect2x3,rect2x3_hole_3,randomized_qmc,4096,3315573870
DEVELOPMENT,35,8d9f57771b025ad2b6da9e578278aa6a,limit_hopping_zero_chain6,chain6_hole_2,randomized_qmc,4096,737864853
DEVELOPMENT,35,db87e6c265d45773bb6297db5af0c11f,limit_hopping_zero_chain6,chain6_hole_4,randomized_qmc,4096,3105139894
DEVELOPMENT,35,fb5214d8d1bf5caa839f81a965024f62,limit_spin_density_zero_rect2x3,rect2x3_hole_2,randomized_qmc,4096,2947407808
DEVELOPMENT,35,89bd5e9b58115b60bdad35f43f6437be,limit_spin_density_zero_rect2x3,rect2x3_hole_3,randomized_qmc,4096,2328806720
DEVELOPMENT,36,8d9f57771b025ad2b6da9e578278aa6a,limit_hopping_zero_chain6,chain6_hole_2,randomized_qmc,4096,1706108515
DEVELOPMENT,36,db87e6c265d45773bb6297db5af0c11f,limit_hopping_zero_chain6,chain6_hole_4,randomized_qmc,4096,2088984909
DEVELOPMENT,36,fb5214d8d1bf5caa839f81a965024f62,limit_spin_density_zero_rect2x3,rect2x3_hole_2,randomized_qmc,4096,434502264
DEVELOPMENT,36,89bd5e9b58115b60bdad35f43f6437be,limit_spin_density_zero_rect2x3,rect2x3_hole_3,randomized_qmc,4096,2845923968
DEVELOPMENT,37,8d9f57771b025ad2b6da9e578278aa6a,limit_hopping_zero_chain6,chain6_hole_2,randomized_qmc,4096,3404800866
DEVELOPMENT,37,db87e6c265d45773bb6297db5af0c11f,limit_hopping_zero_chain6,chain6_hole_4,randomized_qmc,4096,742175913
DEVELOPMENT,37,fb5214d8d1bf5caa839f81a965024f62,limit_spin_density_zero_rect2x3,rect2x3_hole_2,randomized_qmc,4096,3474409627
DEVELOPMENT,37,89bd5e9b58115b60bdad35f43f6437be,limit_spin_density_zero_rect2x3,rect2x3_hole_3,randomized_qmc,4096,2295341592
DEVELOPMENT,38,8d9f57771b025ad2b6da9e578278aa6a,limit_hopping_zero_chain6,chain6_hole_2,randomized_qmc,4096,3812446716
DEVELOPMENT,38,db87e6c265d45773bb6297db5af0c11f,limit_hopping_zero_chain6,chain6_hole_4,randomized_qmc,4096,1371105509
DEVELOPMENT,38,fb5214d8d1bf5caa839f81a965024f62,limit_spin_density_zero_rect2x3,rect2x3_hole_2,randomized_qmc,4096,357762117
DEVELOPMENT,38,89bd5e9b58115b60bdad35f43f6437be,limit_spin_density_zero_rect2x3,rect2x3_hole_3,randomized_qmc,4096,4098164255
DEVELOPMENT,39,8d9f57771b025ad2b6da9e578278aa6a,limit_hopping_zero_chain6,chain6_hole_2,randomized_qmc,4096,480554220
DEVELOPMENT,39,db87e6c265d45773bb6297db5af0c11f,limit_hopping_zero_chain6,chain6_hole_4,randomized_qmc,4096,788055506
DEVELOPMENT,39,fb5214d8d1bf5caa839f81a965024f62,limit_spin_density_zero_rect2x3,rect2x3_hole_2,randomized_qmc,4096,3359365913
DEVELOPMENT,39,89bd5e9b58115b60bdad35f43f6437be,limit_spin_density_zero_rect2x3,rect2x3_hole_3,randomized_qmc,4096,2626617053
DEVELOPMENT,40,8d9f57771b025ad2b6da9e578278aa6a,limit_hopping_zero_chain6,chain6_hole_2,randomized_qmc,4096,1855343926
DEVELOPMENT,40,db87e6c265d45773bb6297db5af0c11f,limit_hopping_zero_chain6,chain6_hole_4,randomized_qmc,4096,2205089449
DEVELOPMENT,40,fb5214d8d1bf5caa839f81a965024f62,limit_spin_density_zero_rect2x3,rect2x3_hole_2,randomized_qmc,4096,3767980197
DEVELOPMENT,40,89bd5e9b58115b60bdad35f43f6437be,limit_spin_density_zero_rect2x3,rect2x3_hole_3,randomized_qmc,4096,1405583253
DEVELOPMENT,41,8d9f57771b025ad2b6da9e578278aa6a,limit_hopping_zero_chain6,chain6_hole_2,randomized_qmc,4096,2339434667
DEVELOPMENT,41,db87e6c265d45773bb6297db5af0c11f,limit_hopping_zero_chain6,chain6_hole_4,randomized_qmc,4096,3198481364
DEVELOPMENT,41,fb5214d8d1bf5caa839f81a965024f62,limit_spin_density_zero_rect2x3,rect2x3_hole_2,randomized_qmc,4096,1398941918
DEVELOPMENT,41,89bd5e9b58115b60bdad35f43f6437be,limit_spin_density_zero_rect2x3,rect2x3_hole_3,randomized_qmc,4096,4198309267
DEVELOPMENT,42,8d9f57771b025ad2b6da9e578278aa6a,limit_hopping_zero_chain6,chain6_hole_2,randomized_qmc,4096,2878892725
DEVELOPMENT,42,db87e6c265d45773bb6297db5af0c11f,limit_hopping_zero_chain6,chain6_hole_4,randomized_qmc,4096,1148117016
DEVELOPMENT,42,fb5214d8d1bf5caa839f81a965024f62,limit_spin_density_zero_rect2x3,rect2x3_hole_2,randomized_qmc,4096,153472448
DEVELOPMENT,42,89bd5e9b58115b60bdad35f43f6437be,limit_spin_density_zero_rect2x3,rect2x3_hole_3,randomized_qmc,4096,2568796750
DEVELOPMENT,43,8d9f57771b025ad2b6da9e578278aa6a,limit_hopping_zero_chain6,chain6_hole_2,randomized_qmc,4096,1147815171
DEVELOPMENT,43,db87e6c265d45773bb6297db5af0c11f,limit_hopping_zero_chain6,chain6_hole_4,randomized_qmc,4096,981835905
DEVELOPMENT,43,fb5214d8d1bf5caa839f81a965024f62,limit_spin_density_zero_rect2x3,rect2x3_hole_2,randomized_qmc,4096,2245278946
DEVELOPMENT,43,89bd5e9b58115b60bdad35f43f6437be,limit_spin_density_zero_rect2x3,rect2x3_hole_3,randomized_qmc,4096,2668958484
DEVELOPMENT,44,8d9f57771b025ad2b6da9e578278aa6a,limit_hopping_zero_chain6,chain6_hole_2,randomized_qmc,4096,3307413810
DEVELOPMENT,44,db87e6c265d45773bb6297db5af0c11f,limit_hopping_zero_chain6,chain6_hole_4,randomized_qmc,4096,889978660
DEVELOPMENT,44,fb5214d8d1bf5caa839f81a965024f62,limit_spin_density_zero_rect2x3,rect2x3_hole_2,randomized_qmc,4096,1742940045
DEVELOPMENT,44,89bd5e9b58115b60bdad35f43f6437be,limit_spin_density_zero_rect2x3,rect2x3_hole_3,randomized_qmc,4096,967087453
DEVELOPMENT,45,8d9f57771b025ad2b6da9e578278aa6a,limit_hopping_zero_chain6,chain6_hole_2,randomized_qmc,4096,4040058359
DEVELOPMENT,45,db87e6c265d45773bb6297db5af0c11f,limit_hopping_zero_chain6,chain6_hole_4,randomized_qmc,4096,3762695938
DEVELOPMENT,45,fb5214d8d1bf5caa839f81a965024f62,limit_spin_density_zero_rect2x3,rect2x3_hole_2,randomized_qmc,4096,2768517166
DEVELOPMENT,45,89bd5e9b58115b60bdad35f43f6437be,limit_spin_density_zero_rect2x3,rect2x3_hole_3,randomized_qmc,4096,663392025
DEVELOPMENT,46,8d9f57771b025ad2b6da9e578278aa6a,limit_hopping_zero_chain6,chain6_hole_2,randomized_qmc,4096,1146656133
DEVELOPMENT,46,db87e6c265d45773bb6297db5af0c11f,limit_hopping_zero_chain6,chain6_hole_4,randomized_qmc,4096,3264879620
DEVELOPMENT,46,fb5214d8d1bf5caa839f81a965024f62,limit_spin_density_zero_rect2x3,rect2x3_hole_2,randomized_qmc,4096,332069959
DEVELOPMENT,46,89bd5e9b58115b60bdad35f43f6437be,limit_spin_density_zero_rect2x3,rect2x3_hole_3,randomized_qmc,4096,1794173604
DEVELOPMENT,47,8d9f57771b025ad2b6da9e578278aa6a,limit_hopping_zero_chain6,chain6_hole_2,randomized_qmc,4096,4212810060
DEVELOPMENT,47,db87e6c265d45773bb6297db5af0c11f,limit_hopping_zero_chain6,chain6_hole_4,randomized_qmc,4096,2057543343
DEVELOPMENT,47,fb5214d8d1bf5caa839f81a965024f62,limit_spin_density_zero_rect2x3,rect2x3_hole_2,randomized_qmc,4096,878199607
DEVELOPMENT,47,89bd5e9b58115b60bdad35f43f6437be,limit_spin_density_zero_rect2x3,rect2x3_hole_3,randomized_qmc,4096,4038096153
DEVELOPMENT,48,8d9f57771b025ad2b6da9e578278aa6a,limit_hopping_zero_chain6,chain6_hole_2,randomized_qmc,4096,836740008
DEVELOPMENT,48,db87e6c265d45773bb6297db5af0c11f,limit_hopping_zero_chain6,chain6_hole_4,randomized_qmc,4096,3478289799
DEVELOPMENT,48,fb5214d8d1bf5caa839f81a965024f62,limit_spin_density_zero_rect2x3,rect2x3_hole_2,randomized_qmc,4096,3028408502
DEVELOPMENT,48,89bd5e9b58115b60bdad35f43f6437be,limit_spin_density_zero_rect2x3,rect2x3_hole_3,randomized_qmc,4096,1231950137
DEVELOPMENT,49,8d9f57771b025ad2b6da9e578278aa6a,limit_hopping_zero_chain6,chain6_hole_2,randomized_qmc,4096,2657290699
DEVELOPMENT,49,db87e6c265d45773bb6297db5af0c11f,limit_hopping_zero_chain6,chain6_hole_4,randomized_qmc,4096,4016417506
DEVELOPMENT,49,fb5214d8d1bf5caa839f81a965024f62,limit_spin_density_zero_rect2x3,rect2x3_hole_2,randomized_qmc,4096,3241054091
DEVELOPMENT,49,89bd5e9b58115b60bdad35f43f6437be,limit_spin_density_zero_rect2x3,rect2x3_hole_3,randomized_qmc,4096,1597252848
DEVELOPMENT,50,8d9f57771b025ad2b6da9e578278aa6a,limit_hopping_zero_chain6,chain6_hole_2,randomized_qmc,4096,1139065073
DEVELOPMENT,50,db87e6c265d45773bb6297db5af0c11f,limit_hopping_zero_chain6,chain6_hole_4,randomized_qmc,4096,2321501893
DEVELOPMENT,50,fb5214d8d1bf5caa839f81a965024f62,limit_spin_density_zero_rect2x3,rect2x3_hole_2,randomized_qmc,4096,2196657401
DEVELOPMENT,50,89bd5e9b58115b60bdad35f43f6437be,limit_spin_density_zero_rect2x3,rect2x3_hole_3,randomized_qmc,4096,1138649352
DEVELOPMENT,51,8d9f57771b025ad2b6da9e578278aa6a,limit_hopping_zero_chain6,chain6_hole_2,randomized_qmc,4096,1913291904
DEVELOPMENT,51,db87e6c265d45773bb6297db5af0c11f,limit_hopping_zero_chain6,chain6_hole_4,randomized_qmc,4096,385104645
DEVELOPMENT,51,fb5214d8d1bf5caa839f81a965024f62,limit_spin_density_zero_rect2x3,rect2x3_hole_2,randomized_qmc,4096,3176473240
DEVELOPMENT,51,89bd5e9b58115b60bdad35f43f6437be,limit_spin_density_zero_rect2x3,rect2x3_hole_3,randomized_qmc,4096,1087540284
DEVELOPMENT,52,8d9f57771b025ad2b6da9e578278aa6a,limit_hopping_zero_chain6,chain6_hole_2,randomized_qmc,4096,1413176097
DEVELOPMENT,52,db87e6c265d45773bb6297db5af0c11f,limit_hopping_zero_chain6,chain6_hole_4,randomized_qmc,4096,251388090
DEVELOPMENT,52,fb5214d8d1bf5caa839f81a965024f62,limit_spin_density_zero_rect2x3,rect2x3_hole_2,randomized_qmc,4096,3401253514
DEVELOPMENT,52,89bd5e9b58115b60bdad35f43f6437be,limit_spin_density_zero_rect2x3,rect2x3_hole_3,randomized_qmc,4096,1645113283
DEVELOPMENT,53,8d9f57771b025ad2b6da9e578278aa6a,limit_hopping_zero_chain6,chain6_hole_2,randomized_qmc,4096,1478370474
DEVELOPMENT,53,db87e6c265d45773bb6297db5af0c11f,limit_hopping_zero_chain6,chain6_hole_4,randomized_qmc,4096,2094501656
DEVELOPMENT,53,fb5214d8d1bf5caa839f81a965024f62,limit_spin_density_zero_rect2x3,rect2x3_hole_2,randomized_qmc,4096,1698834705
DEVELOPMENT,53,89bd5e9b58115b60bdad35f43f6437be,limit_spin_density_zero_rect2x3,rect2x3_hole_3,randomized_qmc,4096,1767787803
DEVELOPMENT,54,8d9f57771b025ad2b6da9e578278aa6a,limit_hopping_zero_chain6,chain6_hole_2,randomized_qmc,4096,3414317807
DEVELOPMENT,54,db87e6c265d45773bb6297db5af0c11f,limit_hopping_zero_chain6,chain6_hole_4,randomized_qmc,4096,235724036
DEVELOPMENT,54,fb5214d8d1bf5caa839f81a965024f62,limit_spin_density_zero_rect2x3,rect2x3_hole_2,randomized_qmc,4096,1144306042
DEVELOPMENT,54,89bd5e9b58115b60bdad35f43f6437be,limit_spin_density_zero_rect2x3,rect2x3_hole_3,randomized_qmc,4096,3363834122
DEVELOPMENT,55,8d9f57771b025ad2b6da9e578278aa6a,limit_hopping_zero_chain6,chain6_hole_2,randomized_qmc,4096,4176815604
DEVELOPMENT,55,db87e6c265d45773bb6297db5af0c11f,limit_hopping_zero_chain6,chain6_hole_4,randomized_qmc,4096,2859903531
DEVELOPMENT,55,fb5214d8d1bf5caa839f81a965024f62,limit_spin_density_zero_rect2x3,rect2x3_hole_2,randomized_qmc,4096,3107075344
DEVELOPMENT,55,89bd5e9b58115b60bdad35f43f6437be,limit_spin_density_zero_rect2x3,rect2x3_hole_3,randomized_qmc,4096,464773926
DEVELOPMENT,56,8d9f57771b025ad2b6da9e578278aa6a,limit_hopping_zero_chain6,chain6_hole_2,randomized_qmc,4096,1833505978
DEVELOPMENT,56,db87e6c265d45773bb6297db5af0c11f,limit_hopping_zero_chain6,chain6_hole_4,randomized_qmc,4096,2279836545
DEVELOPMENT,56,fb5214d8d1bf5caa839f81a965024f62,limit_spin_density_zero_rect2x3,rect2x3_hole_2,randomized_qmc,4096,912142926
DEVELOPMENT,56,89bd5e9b58115b60bdad35f43f6437be,limit_spin_density_zero_rect2x3,rect2x3_hole_3,randomized_qmc,4096,374178904
DEVELOPMENT,57,8d9f57771b025ad2b6da9e578278aa6a,limit_hopping_zero_chain6,chain6_hole_2,randomized_qmc,4096,1753549379
DEVELOPMENT,57,db87e6c265d45773bb6297db5af0c11f,limit_hopping_zero_chain6,chain6_hole_4,randomized_qmc,4096,1463631420
DEVELOPMENT,57,fb5214d8d1bf5caa839f81a965024f62,limit_spin_density_zero_rect2x3,rect2x3_hole_2,randomized_qmc,4096,2041376179
DEVELOPMENT,57,89bd5e9b58115b60bdad35f43f6437be,limit_spin_density_zero_rect2x3,rect2x3_hole_3,randomized_qmc,4096,254511264
DEVELOPMENT,58,8d9f57771b025ad2b6da9e578278aa6a,limit_hopping_zero_chain6,chain6_hole_2,randomized_qmc,4096,2699837121
DEVELOPMENT,58,db87e6c265d45773bb6297db5af0c11f,limit_hopping_zero_chain6,chain6_hole_4,randomized_qmc,4096,4142293861
DEVELOPMENT,58,fb5214d8d1bf5caa839f81a965024f62,limit_spin_density_zero_rect2x3,rect2x3_hole_2,randomized_qmc,4096,643757964
DEVELOPMENT,58,89bd5e9b58115b60bdad35f43f6437be,limit_spin_density_zero_rect2x3,rect2x3_hole_3,randomized_qmc,4096,3628253143
DEVELOPMENT,59,8d9f57771b025ad2b6da9e578278aa6a,limit_hopping_zero_chain6,chain6_hole_2,randomized_qmc,4096,2138970388
DEVELOPMENT,59,db87e6c265d45773bb6297db5af0c11f,limit_hopping_zero_chain6,chain6_hole_4,randomized_qmc,4096,2017085705
DEVELOPMENT,59,fb5214d8d1bf5caa839f81a965024f62,limit_spin_density_zero_rect2x3,rect2x3_hole_2,randomized_qmc,4096,2119215233
DEVELOPMENT,59,89bd5e9b58115b60bdad35f43f6437be,limit_spin_density_zero_rect2x3,rect2x3_hole_3,randomized_qmc,4096,859617335
DEVELOPMENT,60,8d9f57771b025ad2b6da9e578278aa6a,limit_hopping_zero_chain6,chain6_hole_2,randomized_qmc,4096,3415989046
DEVELOPMENT,60,db87e6c265d45773bb6297db5af0c11f,limit_hopping_zero_chain6,chain6_hole_4,randomized_qmc,4096,1244797406
DEVELOPMENT,60,fb5214d8d1bf5caa839f81a965024f62,limit_spin_density_zero_rect2x3,rect2x3_hole_2,randomized_qmc,4096,1630489583
DEVELOPMENT,60,89bd5e9b58115b60bdad35f43f6437be,limit_spin_density_zero_rect2x3,rect2x3_hole_3,randomized_qmc,4096,1255589210
DEVELOPMENT,61,8d9f57771b025ad2b6da9e578278aa6a,limit_hopping_zero_chain6,chain6_hole_2,randomized_qmc,4096,2504507869
DEVELOPMENT,61,db87e6c265d45773bb6297db5af0c11f,limit_hopping_zero_chain6,chain6_hole_4,randomized_qmc,4096,3348392723
DEVELOPMENT,61,fb5214d8d1bf5caa839f81a965024f62,limit_spin_density_zero_rect2x3,rect2x3_hole_2,randomized_qmc,4096,4182761405
DEVELOPMENT,61,89bd5e9b58115b60bdad35f43f6437be,limit_spin_density_zero_rect2x3,rect2x3_hole_3,randomized_qmc,4096,1017858855
DEVELOPMENT,62,8d9f57771b025ad2b6da9e578278aa6a,limit_hopping_zero_chain6,chain6_hole_2,randomized_qmc,4096,3371348794
DEVELOPMENT,62,db87e6c265d45773bb6297db5af0c11f,limit_hopping_zero_chain6,chain6_hole_4,randomized_qmc,4096,2979877098
DEVELOPMENT,62,fb5214d8d1bf5caa839f81a965024f62,limit_spin_density_zero_rect2x3,rect2x3_hole_2,randomized_qmc,4096,3982986966
DEVELOPMENT,62,89bd5e9b58115b60bdad35f43f6437be,limit_spin_density_zero_rect2x3,rect2x3_hole_3,randomized_qmc,4096,549563795
DEVELOPMENT,63,8d9f57771b025ad2b6da9e578278aa6a,limit_hopping_zero_chain6,chain6_hole_2,randomized_qmc,4096,1166236752
DEVELOPMENT,63,db87e6c265d45773bb6297db5af0c11f,limit_hopping_zero_chain6,chain6_hole_4,randomized_qmc,4096,2626998589
DEVELOPMENT,63,fb5214d8d1bf5caa839f81a965024f62,limit_spin_density_zero_rect2x3,rect2x3_hole_2,randomized_qmc,4096,3798131850
DEVELOPMENT,63,89bd5e9b58115b60bdad35f43f6437be,limit_spin_density_zero_rect2x3,rect2x3_hole_3,randomized_qmc,4096,392874895
DEVELOPMENT,64,8d9f57771b025ad2b6da9e578278aa6a,limit_hopping_zero_chain6,chain6_hole_2,randomized_qmc,4096,2296701502
DEVELOPMENT,64,db87e6c265d45773bb6297db5af0c11f,limit_hopping_zero_chain6,chain6_hole_4,randomized_qmc,4096,1934961890
DEVELOPMENT,64,fb5214d8d1bf5caa839f81a965024f62,limit_spin_density_zero_rect2x3,rect2x3_hole_2,randomized_qmc,4096,1366529652
DEVELOPMENT,64,89bd5e9b58115b60bdad35f43f6437be,limit_spin_density_zero_rect2x3,rect2x3_hole_3,randomized_qmc,4096,3822222877
DEVELOPMENT,65,8d9f57771b025ad2b6da9e578278aa6a,limit_hopping_zero_chain6,chain6_hole_2,randomized_qmc,4096,3450907618
DEVELOPMENT,65,db87e6c265d45773bb6297db5af0c11f,limit_hopping_zero_chain6,chain6_hole_4,randomized_qmc,4096,978753271
DEVELOPMENT,65,fb5214d8d1bf5caa839f81a965024f62,limit_spin_density_zero_rect2x3,rect2x3_hole_2,randomized_qmc,4096,1005232408
DEVELOPMENT,65,89bd5e9b58115b60bdad35f43f6437be,limit_spin_density_zero_rect2x3,rect2x3_hole_3,randomized_qmc,4096,7916032
DEVELOPMENT,66,8d9f57771b025ad2b6da9e578278aa6a,limit_hopping_zero_chain6,chain6_hole_2,randomized_qmc,4096,3956404472
DEVELOPMENT,66,db87e6c265d45773bb6297db5af0c11f,limit_hopping_zero_chain6,chain6_hole_4,randomized_qmc,4096,2243281116
DEVELOPMENT,66,fb5214d8d1bf5caa839f81a965024f62,limit_spin_density_zero_rect2x3,rect2x3_hole_2,randomized_qmc,4096,1545793516
DEVELOPMENT,66,89bd5e9b58115b60bdad35f43f6437be,limit_spin_density_zero_rect2x3,rect2x3_hole_3,randomized_qmc,4096,2701629167
DEVELOPMENT,67,8d9f57771b025ad2b6da9e578278aa6a,limit_hopping_zero_chain6,chain6_hole_2,randomized_qmc,4096,1442221320
DEVELOPMENT,67,db87e6c265d45773bb6297db5af0c11f,limit_hopping_zero_chain6,chain6_hole_4,randomized_qmc,4096,2547274574
DEVELOPMENT,67,fb5214d8d1bf5caa839f81a965024f62,limit_spin_density_zero_rect2x3,rect2x3_hole_2,randomized_qmc,4096,3120666080
DEVELOPMENT,67,89bd5e9b58115b60bdad35f43f6437be,limit_spin_density_zero_rect2x3,rect2x3_hole_3,randomized_qmc,4096,2213654084
DEVELOPMENT,68,8d9f57771b025ad2b6da9e578278aa6a,limit_hopping_zero_chain6,chain6_hole_2,randomized_qmc,4096,3647975713
DEVELOPMENT,68,db87e6c265d45773bb6297db5af0c11f,limit_hopping_zero_chain6,chain6_hole_4,randomized_qmc,4096,1754983338
DEVELOPMENT,68,fb5214d8d1bf5caa839f81a965024f62,limit_spin_density_zero_rect2x3,rect2x3_hole_2,randomized_qmc,4096,1261065572
DEVELOPMENT,68,89bd5e9b58115b60bdad35f43f6437be,limit_spin_density_zero_rect2x3,rect2x3_hole_3,randomized_qmc,4096,626899893
DEVELOPMENT,69,8d9f57771b025ad2b6da9e578278aa6a,limit_hopping_zero_chain6,chain6_hole_2,randomized_qmc,4096,523857769
DEVELOPMENT,69,db87e6c265d45773bb6297db5af0c11f,limit_hopping_zero_chain6,chain6_hole_4,randomized_qmc,4096,2876632526
DEVELOPMENT,69,fb5214d8d1bf5caa839f81a965024f62,limit_spin_density_zero_rect2x3,rect2x3_hole_2,randomized_qmc,4096,972971588
DEVELOPMENT,69,89bd5e9b58115b60bdad35f43f6437be,limit_spin_density_zero_rect2x3,rect2x3_hole_3,randomized_qmc,4096,3886301561
DEVELOPMENT,70,8d9f57771b025ad2b6da9e578278aa6a,limit_hopping_zero_chain6,chain6_hole_2,randomized_qmc,4096,178234630
DEVELOPMENT,70,db87e6c265d45773bb6297db5af0c11f,limit_hopping_zero_chain6,chain6_hole_4,randomized_qmc,4096,1294711986
DEVELOPMENT,70,fb5214d8d1bf5caa839f81a965024f62,limit_spin_density_zero_rect2x3,rect2x3_hole_2,randomized_qmc,4096,1919665359
DEVELOPMENT,70,89bd5e9b58115b60bdad35f43f6437be,limit_spin_density_zero_rect2x3,rect2x3_hole_3,randomized_qmc,4096,2086964109
DEVELOPMENT,71,8d9f57771b025ad2b6da9e578278aa6a,limit_hopping_zero_chain6,chain6_hole_2,randomized_qmc,4096,271330290
DEVELOPMENT,71,db87e6c265d45773bb6297db5af0c11f,limit_hopping_zero_chain6,chain6_hole_4,randomized_qmc,4096,2683149747
DEVELOPMENT,71,fb5214d8d1bf5caa839f81a965024f62,limit_spin_density_zero_rect2x3,rect2x3_hole_2,randomized_qmc,4096,114365225
DEVELOPMENT,71,89bd5e9b58115b60bdad35f43f6437be,limit_spin_density_zero_rect2x3,rect2x3_hole_3,randomized_qmc,4096,855215445
DEVELOPMENT,72,8d9f57771b025ad2b6da9e578278aa6a,limit_hopping_zero_chain6,chain6_hole_2,randomized_qmc,4096,1254484156
DEVELOPMENT,72,db87e6c265d45773bb6297db5af0c11f,limit_hopping_zero_chain6,chain6_hole_4,randomized_qmc,4096,3308462268
DEVELOPMENT,72,fb5214d8d1bf5caa839f81a965024f62,limit_spin_density_zero_rect2x3,rect2x3_hole_2,randomized_qmc,4096,459813207
DEVELOPMENT,72,89bd5e9b58115b60bdad35f43f6437be,limit_spin_density_zero_rect2x3,rect2x3_hole_3,randomized_qmc,4096,3061176252
DEVELOPMENT,73,8d9f57771b025ad2b6da9e578278aa6a,limit_hopping_zero_chain6,chain6_hole_2,randomized_qmc,4096,3890911740
DEVELOPMENT,73,db87e6c265d45773bb6297db5af0c11f,limit_hopping_zero_chain6,chain6_hole_4,randomized_qmc,4096,374889159
DEVELOPMENT,73,fb5214d8d1bf5caa839f81a965024f62,limit_spin_density_zero_rect2x3,rect2x3_hole_2,randomized_qmc,4096,3637141226
DEVELOPMENT,73,89bd5e9b58115b60bdad35f43f6437be,limit_spin_density_zero_rect2x3,rect2x3_hole_3,randomized_qmc,4096,1168675280
DEVELOPMENT,74,8d9f57771b025ad2b6da9e578278aa6a,limit_hopping_zero_chain6,chain6_hole_2,randomized_qmc,4096,405128454
DEVELOPMENT,74,db87e6c265d45773bb6297db5af0c11f,limit_hopping_zero_chain6,chain6_hole_4,randomized_qmc,4096,1725846913
DEVELOPMENT,74,fb5214d8d1bf5caa839f81a965024f62,limit_spin_density_zero_rect2x3,rect2x3_hole_2,randomized_qmc,4096,3848664930
DEVELOPMENT,74,89bd5e9b58115b60bdad35f43f6437be,limit_spin_density_zero_rect2x3,rect2x3_hole_3,randomized_qmc,4096,2037454927
DEVELOPMENT,75,8d9f57771b025ad2b6da9e578278aa6a,limit_hopping_zero_chain6,chain6_hole_2,randomized_qmc,4096,3071319301
DEVELOPMENT,75,db87e6c265d45773bb6297db5af0c11f,limit_hopping_zero_chain6,chain6_hole_4,randomized_qmc,4096,2773849057
DEVELOPMENT,75,fb5214d8d1bf5caa839f81a965024f62,limit_spin_density_zero_rect2x3,rect2x3_hole_2,randomized_qmc,4096,4075644744
DEVELOPMENT,75,89bd5e9b58115b60bdad35f43f6437be,limit_spin_density_zero_rect2x3,rect2x3_hole_3,randomized_qmc,4096,3559434573
DEVELOPMENT,76,8d9f57771b025ad2b6da9e578278aa6a,limit_hopping_zero_chain6,chain6_hole_2,randomized_qmc,4096,3956636198
DEVELOPMENT,76,db87e6c265d45773bb6297db5af0c11f,limit_hopping_zero_chain6,chain6_hole_4,randomized_qmc,4096,1464245069
DEVELOPMENT,76,fb5214d8d1bf5caa839f81a965024f62,limit_spin_density_zero_rect2x3,rect2x3_hole_2,randomized_qmc,4096,3104889521
DEVELOPMENT,76,89bd5e9b58115b60bdad35f43f6437be,limit_spin_density_zero_rect2x3,rect2x3_hole_3,randomized_qmc,4096,3735587109
DEVELOPMENT,77,8d9f57771b025ad2b6da9e578278aa6a,limit_hopping_zero_chain6,chain6_hole_2,randomized_qmc,4096,3812324433
DEVELOPMENT,77,db87e6c265d45773bb6297db5af0c11f,limit_hopping_zero_chain6,chain6_hole_4,randomized_qmc,4096,3357112708
DEVELOPMENT,77,fb5214d8d1bf5caa839f81a965024f62,limit_spin_density_zero_rect2x3,rect2x3_hole_2,randomized_qmc,4096,3158292503
DEVELOPMENT,77,89bd5e9b58115b60bdad35f43f6437be,limit_spin_density_zero_rect2x3,rect2x3_hole_3,randomized_qmc,4096,2308944755
DEVELOPMENT,78,8d9f57771b025ad2b6da9e578278aa6a,limit_hopping_zero_chain6,chain6_hole_2,randomized_qmc,4096,3474913764
DEVELOPMENT,78,db87e6c265d45773bb6297db5af0c11f,limit_hopping_zero_chain6,chain6_hole_4,randomized_qmc,4096,2726100527
DEVELOPMENT,78,fb5214d8d1bf5caa839f81a965024f62,limit_spin_density_zero_rect2x3,rect2x3_hole_2,randomized_qmc,4096,34163405
DEVELOPMENT,78,89bd5e9b58115b60bdad35f43f6437be,limit_spin_density_zero_rect2x3,rect2x3_hole_3,randomized_qmc,4096,2136815262
DEVELOPMENT,79,8d9f57771b025ad2b6da9e578278aa6a,limit_hopping_zero_chain6,chain6_hole_2,randomized_qmc,4096,1633508030
DEVELOPMENT,79,db87e6c265d45773bb6297db5af0c11f,limit_hopping_zero_chain6,chain6_hole_4,randomized_qmc,4096,2460173239
DEVELOPMENT,79,fb5214d8d1bf5caa839f81a965024f62,limit_spin_density_zero_rect2x3,rect2x3_hole_2,randomized_qmc,4096,3390026833
DEVELOPMENT,79,89bd5e9b58115b60bdad35f43f6437be,limit_spin_density_zero_rect2x3,rect2x3_hole_3,randomized_qmc,4096,3050366869
DEVELOPMENT,80,8d9f57771b025ad2b6da9e578278aa6a,limit_hopping_zero_chain6,chain6_hole_2,randomized_qmc,4096,2095294471
DEVELOPMENT,80,db87e6c265d45773bb6297db5af0c11f,limit_hopping_zero_chain6,chain6_hole_4,randomized_qmc,4096,2314322771
DEVELOPMENT,80,fb5214d8d1bf5caa839f81a965024f62,limit_spin_density_zero_rect2x3,rect2x3_hole_2,randomized_qmc,4096,886733851
DEVELOPMENT,80,89bd5e9b58115b60bdad35f43f6437be,limit_spin_density_zero_rect2x3,rect2x3_hole_3,randomized_qmc,4096,3011036906
DEVELOPMENT,81,8d9f57771b025ad2b6da9e578278aa6a,limit_hopping_zero_chain6,chain6_hole_2,randomized_qmc,4096,1710158188
DEVELOPMENT,81,db87e6c265d45773bb6297db5af0c11f,limit_hopping_zero_chain6,chain6_hole_4,randomized_qmc,4096,554544976
DEVELOPMENT,81,fb5214d8d1bf5caa839f81a965024f62,limit_spin_density_zero_rect2x3,rect2x3_hole_2,randomized_qmc,4096,2214568752
DEVELOPMENT,81,89bd5e9b58115b60bdad35f43f6437be,limit_spin_density_zero_rect2x3,rect2x3_hole_3,randomized_qmc,4096,1944646884
DEVELOPMENT,82,8d9f57771b025ad2b6da9e578278aa6a,limit_hopping_zero_chain6,chain6_hole_2,randomized_qmc,4096,1474139928
DEVELOPMENT,82,db87e6c265d45773bb6297db5af0c11f,limit_hopping_zero_chain6,chain6_hole_4,randomized_qmc,4096,817120411
DEVELOPMENT,82,fb5214d8d1bf5caa839f81a965024f62,limit_spin_density_zero_rect2x3,rect2x3_hole_2,randomized_qmc,4096,3554162939
DEVELOPMENT,82,89bd5e9b58115b60bdad35f43f6437be,limit_spin_density_zero_rect2x3,rect2x3_hole_3,randomized_qmc,4096,1514011866
DEVELOPMENT,83,8d9f57771b025ad2b6da9e578278aa6a,limit_hopping_zero_chain6,chain6_hole_2,randomized_qmc,4096,1647643769
DEVELOPMENT,83,db87e6c265d45773bb6297db5af0c11f,limit_hopping_zero_chain6,chain6_hole_4,randomized_qmc,4096,1261918493
DEVELOPMENT,83,fb5214d8d1bf5caa839f81a965024f62,limit_spin_density_zero_rect2x3,rect2x3_hole_2,randomized_qmc,4096,1381517696
DEVELOPMENT,83,89bd5e9b58115b60bdad35f43f6437be,limit_spin_density_zero_rect2x3,rect2x3_hole_3,randomized_qmc,4096,2681503956
DEVELOPMENT,84,8d9f57771b025ad2b6da9e578278aa6a,limit_hopping_zero_chain6,chain6_hole_2,randomized_qmc,4096,157128008
DEVELOPMENT,84,db87e6c265d45773bb6297db5af0c11f,limit_hopping_zero_chain6,chain6_hole_4,randomized_qmc,4096,3581243081
DEVELOPMENT,84,fb5214d8d1bf5caa839f81a965024f62,limit_spin_density_zero_rect2x3,rect2x3_hole_2,randomized_qmc,4096,3917285060
DEVELOPMENT,84,89bd5e9b58115b60bdad35f43f6437be,limit_spin_density_zero_rect2x3,rect2x3_hole_3,randomized_qmc,4096,2805973494
DEVELOPMENT,85,8d9f57771b025ad2b6da9e578278aa6a,limit_hopping_zero_chain6,chain6_hole_2,randomized_qmc,4096,925033222
DEVELOPMENT,85,db87e6c265d45773bb6297db5af0c11f,limit_hopping_zero_chain6,chain6_hole_4,randomized_qmc,4096,1953973415
DEVELOPMENT,85,fb5214d8d1bf5caa839f81a965024f62,limit_spin_density_zero_rect2x3,rect2x3_hole_2,randomized_qmc,4096,832872202
DEVELOPMENT,85,89bd5e9b58115b60bdad35f43f6437be,limit_spin_density_zero_rect2x3,rect2x3_hole_3,randomized_qmc,4096,3604222838
DEVELOPMENT,86,8d9f57771b025ad2b6da9e578278aa6a,limit_hopping_zero_chain6,chain6_hole_2,randomized_qmc,4096,4102650245
DEVELOPMENT,86,db87e6c265d45773bb6297db5af0c11f,limit_hopping_zero_chain6,chain6_hole_4,randomized_qmc,4096,3751231559
DEVELOPMENT,86,fb5214d8d1bf5caa839f81a965024f62,limit_spin_density_zero_rect2x3,rect2x3_hole_2,randomized_qmc,4096,4168826465
DEVELOPMENT,86,89bd5e9b58115b60bdad35f43f6437be,limit_spin_density_zero_rect2x3,rect2x3_hole_3,randomized_qmc,4096,2811826755
DEVELOPMENT,87,8d9f57771b025ad2b6da9e578278aa6a,limit_hopping_zero_chain6,chain6_hole_2,randomized_qmc,4096,2413209159
DEVELOPMENT,87,db87e6c265d45773bb6297db5af0c11f,limit_hopping_zero_chain6,chain6_hole_4,randomized_qmc,4096,3278153750
DEVELOPMENT,87,fb5214d8d1bf5caa839f81a965024f62,limit_spin_density_zero_rect2x3,rect2x3_hole_2,randomized_qmc,4096,3860950686
DEVELOPMENT,87,89bd5e9b58115b60bdad35f43f6437be,limit_spin_density_zero_rect2x3,rect2x3_hole_3,randomized_qmc,4096,3041963655
DEVELOPMENT,88,8d9f57771b025ad2b6da9e578278aa6a,limit_hopping_zero_chain6,chain6_hole_2,randomized_qmc,4096,1853907697
DEVELOPMENT,88,db87e6c265d45773bb6297db5af0c11f,limit_hopping_zero_chain6,chain6_hole_4,randomized_qmc,4096,3442826050
DEVELOPMENT,88,fb5214d8d1bf5caa839f81a965024f62,limit_spin_density_zero_rect2x3,rect2x3_hole_2,randomized_qmc,4096,3194308821
DEVELOPMENT,88,89bd5e9b58115b60bdad35f43f6437be,limit_spin_density_zero_rect2x3,rect2x3_hole_3,randomized_qmc,4096,2931936977
DEVELOPMENT,89,8d9f57771b025ad2b6da9e578278aa6a,limit_hopping_zero_chain6,chain6_hole_2,randomized_qmc,4096,758768364
DEVELOPMENT,89,db87e6c265d45773bb6297db5af0c11f,limit_hopping_zero_chain6,chain6_hole_4,randomized_qmc,4096,397786146
DEVELOPMENT,89,fb5214d8d1bf5caa839f81a965024f62,limit_spin_density_zero_rect2x3,rect2x3_hole_2,randomized_qmc,4096,359836609
DEVELOPMENT,89,89bd5e9b58115b60bdad35f43f6437be,limit_spin_density_zero_rect2x3,rect2x3_hole_3,randomized_qmc,4096,3866892751
DEVELOPMENT,90,8d9f57771b025ad2b6da9e578278aa6a,limit_hopping_zero_chain6,chain6_hole_2,randomized_qmc,4096,3788028460
DEVELOPMENT,90,db87e6c265d45773bb6297db5af0c11f,limit_hopping_zero_chain6,chain6_hole_4,randomized_qmc,4096,144703816
DEVELOPMENT,90,fb5214d8d1bf5caa839f81a965024f62,limit_spin_density_zero_rect2x3,rect2x3_hole_2,randomized_qmc,4096,1979574170
DEVELOPMENT,90,89bd5e9b58115b60bdad35f43f6437be,limit_spin_density_zero_rect2x3,rect2x3_hole_3,randomized_qmc,4096,1913225384
DEVELOPMENT,91,8d9f57771b025ad2b6da9e578278aa6a,limit_hopping_zero_chain6,chain6_hole_2,randomized_qmc,4096,1609848467
DEVELOPMENT,91,db87e6c265d45773bb6297db5af0c11f,limit_hopping_zero_chain6,chain6_hole_4,randomized_qmc,4096,1310731289
DEVELOPMENT,91,fb5214d8d1bf5caa839f81a965024f62,limit_spin_density_zero_rect2x3,rect2x3_hole_2,randomized_qmc,4096,2920275778
DEVELOPMENT,91,89bd5e9b58115b60bdad35f43f6437be,limit_spin_density_zero_rect2x3,rect2x3_hole_3,randomized_qmc,4096,994303673
DEVELOPMENT,92,8d9f57771b025ad2b6da9e578278aa6a,limit_hopping_zero_chain6,chain6_hole_2,randomized_qmc,4096,1752669775
DEVELOPMENT,92,db87e6c265d45773bb6297db5af0c11f,limit_hopping_zero_chain6,chain6_hole_4,randomized_qmc,4096,2348621957
DEVELOPMENT,92,fb5214d8d1bf5caa839f81a965024f62,limit_spin_density_zero_rect2x3,rect2x3_hole_2,randomized_qmc,4096,3154562972
DEVELOPMENT,92,89bd5e9b58115b60bdad35f43f6437be,limit_spin_density_zero_rect2x3,rect2x3_hole_3,randomized_qmc,4096,2462035193
DEVELOPMENT,93,8d9f57771b025ad2b6da9e578278aa6a,limit_hopping_zero_chain6,chain6_hole_2,randomized_qmc,4096,4149354411
DEVELOPMENT,93,db87e6c265d45773bb6297db5af0c11f,limit_hopping_zero_chain6,chain6_hole_4,randomized_qmc,4096,56353357
DEVELOPMENT,93,fb5214d8d1bf5caa839f81a965024f62,limit_spin_density_zero_rect2x3,rect2x3_hole_2,randomized_qmc,4096,1450060132
DEVELOPMENT,93,89bd5e9b58115b60bdad35f43f6437be,limit_spin_density_zero_rect2x3,rect2x3_hole_3,randomized_qmc,4096,3781010079
DEVELOPMENT,94,8d9f57771b025ad2b6da9e578278aa6a,limit_hopping_zero_chain6,chain6_hole_2,randomized_qmc,4096,964183406
DEVELOPMENT,94,db87e6c265d45773bb6297db5af0c11f,limit_hopping_zero_chain6,chain6_hole_4,randomized_qmc,4096,3756178925
DEVELOPMENT,94,fb5214d8d1bf5caa839f81a965024f62,limit_spin_density_zero_rect2x3,rect2x3_hole_2,randomized_qmc,4096,3333429672
DEVELOPMENT,94,89bd5e9b58115b60bdad35f43f6437be,limit_spin_density_zero_rect2x3,rect2x3_hole_3,randomized_qmc,4096,3158549478
DEVELOPMENT,95,8d9f57771b025ad2b6da9e578278aa6a,limit_hopping_zero_chain6,chain6_hole_2,randomized_qmc,4096,396655226
DEVELOPMENT,95,db87e6c265d45773bb6297db5af0c11f,limit_hopping_zero_chain6,chain6_hole_4,randomized_qmc,4096,1255819869
DEVELOPMENT,95,fb5214d8d1bf5caa839f81a965024f62,limit_spin_density_zero_rect2x3,rect2x3_hole_2,randomized_qmc,4096,669179091
DEVELOPMENT,95,89bd5e9b58115b60bdad35f43f6437be,limit_spin_density_zero_rect2x3,rect2x3_hole_3,randomized_qmc,4096,91107379
DEVELOPMENT,96,8d9f57771b025ad2b6da9e578278aa6a,limit_hopping_zero_chain6,chain6_hole_2,randomized_qmc,4096,4235088172
DEVELOPMENT,96,db87e6c265d45773bb6297db5af0c11f,limit_hopping_zero_chain6,chain6_hole_4,randomized_qmc,4096,2356112539
DEVELOPMENT,96,fb5214d8d1bf5caa839f81a965024f62,limit_spin_density_zero_rect2x3,rect2x3_hole_2,randomized_qmc,4096,3958847785
DEVELOPMENT,96,89bd5e9b58115b60bdad35f43f6437be,limit_spin_density_zero_rect2x3,rect2x3_hole_3,randomized_qmc,4096,2202395036
DEVELOPMENT,97,8d9f57771b025ad2b6da9e578278aa6a,limit_hopping_zero_chain6,chain6_hole_2,randomized_qmc,4096,223617001
DEVELOPMENT,97,db87e6c265d45773bb6297db5af0c11f,limit_hopping_zero_chain6,chain6_hole_4,randomized_qmc,4096,1495015086
DEVELOPMENT,97,fb5214d8d1bf5caa839f81a965024f62,limit_spin_density_zero_rect2x3,rect2x3_hole_2,randomized_qmc,4096,3258947639
DEVELOPMENT,97,89bd5e9b58115b60bdad35f43f6437be,limit_spin_density_zero_rect2x3,rect2x3_hole_3,randomized_qmc,4096,2134015928
DEVELOPMENT,98,8d9f57771b025ad2b6da9e578278aa6a,limit_hopping_zero_chain6,chain6_hole_2,randomized_qmc,4096,3075556839
DEVELOPMENT,98,db87e6c265d45773bb6297db5af0c11f,limit_hopping_zero_chain6,chain6_hole_4,randomized_qmc,4096,688310052
DEVELOPMENT,98,fb5214d8d1bf5caa839f81a965024f62,limit_spin_density_zero_rect2x3,rect2x3_hole_2,randomized_qmc,4096,1378390959
DEVELOPMENT,98,89bd5e9b58115b60bdad35f43f6437be,limit_spin_density_zero_rect2x3,rect2x3_hole_3,randomized_qmc,4096,980274352
DEVELOPMENT,99,8d9f57771b025ad2b6da9e578278aa6a,limit_hopping_zero_chain6,chain6_hole_2,randomized_qmc,4096,2644979886
DEVELOPMENT,99,db87e6c265d45773bb6297db5af0c11f,limit_hopping_zero_chain6,chain6_hole_4,randomized_qmc,4096,3219146401
DEVELOPMENT,99,fb5214d8d1bf5caa839f81a965024f62,limit_spin_density_zero_rect2x3,rect2x3_hole_2,randomized_qmc,4096,4253171787
DEVELOPMENT,99,89bd5e9b58115b60bdad35f43f6437be,limit_spin_density_zero_rect2x3,rect2x3_hole_3,randomized_qmc,4096,2044872549
DEVELOPMENT,100,8d9f57771b025ad2b6da9e578278aa6a,limit_hopping_zero_chain6,chain6_hole_2,randomized_qmc,4096,1296894742
DEVELOPMENT,100,db87e6c265d45773bb6297db5af0c11f,limit_hopping_zero_chain6,chain6_hole_4,randomized_qmc,4096,1183846976
DEVELOPMENT,100,fb5214d8d1bf5caa839f81a965024f62,limit_spin_density_zero_rect2x3,rect2x3_hole_2,randomized_qmc,4096,3089264187
DEVELOPMENT,100,89bd5e9b58115b60bdad35f43f6437be,limit_spin_density_zero_rect2x3,rect2x3_hole_3,randomized_qmc,4096,2029292418
DEVELOPMENT,101,8d9f57771b025ad2b6da9e578278aa6a,limit_hopping_zero_chain6,chain6_hole_2,randomized_qmc,4096,2408000938
DEVELOPMENT,101,db87e6c265d45773bb6297db5af0c11f,limit_hopping_zero_chain6,chain6_hole_4,randomized_qmc,4096,4084722732
DEVELOPMENT,101,fb5214d8d1bf5caa839f81a965024f62,limit_spin_density_zero_rect2x3,rect2x3_hole_2,randomized_qmc,4096,1428362200
DEVELOPMENT,101,89bd5e9b58115b60bdad35f43f6437be,limit_spin_density_zero_rect2x3,rect2x3_hole_3,randomized_qmc,4096,3544588629
DEVELOPMENT,102,8d9f57771b025ad2b6da9e578278aa6a,limit_hopping_zero_chain6,chain6_hole_2,randomized_qmc,4096,1731332175
DEVELOPMENT,102,db87e6c265d45773bb6297db5af0c11f,limit_hopping_zero_chain6,chain6_hole_4,randomized_qmc,4096,2168977160
DEVELOPMENT,102,fb5214d8d1bf5caa839f81a965024f62,limit_spin_density_zero_rect2x3,rect2x3_hole_2,randomized_qmc,4096,3322744995
DEVELOPMENT,102,89bd5e9b58115b60bdad35f43f6437be,limit_spin_density_zero_rect2x3,rect2x3_hole_3,randomized_qmc,4096,2862722410
DEVELOPMENT,103,8d9f57771b025ad2b6da9e578278aa6a,limit_hopping_zero_chain6,chain6_hole_2,randomized_qmc,4096,4139208601
DEVELOPMENT,103,db87e6c265d45773bb6297db5af0c11f,limit_hopping_zero_chain6,chain6_hole_4,randomized_qmc,4096,638442399
DEVELOPMENT,103,fb5214d8d1bf5caa839f81a965024f62,limit_spin_density_zero_rect2x3,rect2x3_hole_2,randomized_qmc,4096,585745192
DEVELOPMENT,103,89bd5e9b58115b60bdad35f43f6437be,limit_spin_density_zero_rect2x3,rect2x3_hole_3,randomized_qmc,4096,319752938
DEVELOPMENT,104,8d9f57771b025ad2b6da9e578278aa6a,limit_hopping_zero_chain6,chain6_hole_2,randomized_qmc,4096,1241558129
DEVELOPMENT,104,db87e6c265d45773bb6297db5af0c11f,limit_hopping_zero_chain6,chain6_hole_4,randomized_qmc,4096,4273663771
DEVELOPMENT,104,fb5214d8d1bf5caa839f81a965024f62,limit_spin_density_zero_rect2x3,rect2x3_hole_2,randomized_qmc,4096,2523013665
DEVELOPMENT,104,89bd5e9b58115b60bdad35f43f6437be,limit_spin_density_zero_rect2x3,rect2x3_hole_3,randomized_qmc,4096,75347759
DEVELOPMENT,105,8d9f57771b025ad2b6da9e578278aa6a,limit_hopping_zero_chain6,chain6_hole_2,randomized_qmc,4096,100259865
DEVELOPMENT,105,db87e6c265d45773bb6297db5af0c11f,limit_hopping_zero_chain6,chain6_hole_4,randomized_qmc,4096,2608019526
DEVELOPMENT,105,fb5214d8d1bf5caa839f81a965024f62,limit_spin_density_zero_rect2x3,rect2x3_hole_2,randomized_qmc,4096,11748883
DEVELOPMENT,105,89bd5e9b58115b60bdad35f43f6437be,limit_spin_density_zero_rect2x3,rect2x3_hole_3,randomized_qmc,4096,801274693
DEVELOPMENT,106,8d9f57771b025ad2b6da9e578278aa6a,limit_hopping_zero_chain6,chain6_hole_2,randomized_qmc,4096,3887456265
DEVELOPMENT,106,db87e6c265d45773bb6297db5af0c11f,limit_hopping_zero_chain6,chain6_hole_4,randomized_qmc,4096,1494111544
DEVELOPMENT,106,fb5214d8d1bf5caa839f81a965024f62,limit_spin_density_zero_rect2x3,rect2x3_hole_2,randomized_qmc,4096,2332827975
DEVELOPMENT,106,89bd5e9b58115b60bdad35f43f6437be,limit_spin_density_zero_rect2x3,rect2x3_hole_3,randomized_qmc,4096,1005607377
DEVELOPMENT,107,8d9f57771b025ad2b6da9e578278aa6a,limit_hopping_zero_chain6,chain6_hole_2,randomized_qmc,4096,1664264933
DEVELOPMENT,107,db87e6c265d45773bb6297db5af0c11f,limit_hopping_zero_chain6,chain6_hole_4,randomized_qmc,4096,1992424485
DEVELOPMENT,107,fb5214d8d1bf5caa839f81a965024f62,limit_spin_density_zero_rect2x3,rect2x3_hole_2,randomized_qmc,4096,3365987283
DEVELOPMENT,107,89bd5e9b58115b60bdad35f43f6437be,limit_spin_density_zero_rect2x3,rect2x3_hole_3,randomized_qmc,4096,2481109133
DEVELOPMENT,108,8d9f57771b025ad2b6da9e578278aa6a,limit_hopping_zero_chain6,chain6_hole_2,randomized_qmc,4096,3303815557
DEVELOPMENT,108,db87e6c265d45773bb6297db5af0c11f,limit_hopping_zero_chain6,chain6_hole_4,randomized_qmc,4096,3092070279
DEVELOPMENT,108,fb5214d8d1bf5caa839f81a965024f62,limit_spin_density_zero_rect2x3,rect2x3_hole_2,randomized_qmc,4096,3695055837
DEVELOPMENT,108,89bd5e9b58115b60bdad35f43f6437be,limit_spin_density_zero_rect2x3,rect2x3_hole_3,randomized_qmc,4096,1720542343
DEVELOPMENT,109,8d9f57771b025ad2b6da9e578278aa6a,limit_hopping_zero_chain6,chain6_hole_2,randomized_qmc,4096,2610579382
DEVELOPMENT,109,db87e6c265d45773bb6297db5af0c11f,limit_hopping_zero_chain6,chain6_hole_4,randomized_qmc,4096,2512140993
DEVELOPMENT,109,fb5214d8d1bf5caa839f81a965024f62,limit_spin_density_zero_rect2x3,rect2x3_hole_2,randomized_qmc,4096,2967526550
DEVELOPMENT,109,89bd5e9b58115b60bdad35f43f6437be,limit_spin_density_zero_rect2x3,rect2x3_hole_3,randomized_qmc,4096,357055531
DEVELOPMENT,110,8d9f57771b025ad2b6da9e578278aa6a,limit_hopping_zero_chain6,chain6_hole_2,randomized_qmc,4096,72523811
DEVELOPMENT,110,db87e6c265d45773bb6297db5af0c11f,limit_hopping_zero_chain6,chain6_hole_4,randomized_qmc,4096,1238543136
DEVELOPMENT,110,fb5214d8d1bf5caa839f81a965024f62,limit_spin_density_zero_rect2x3,rect2x3_hole_2,randomized_qmc,4096,2249306775
DEVELOPMENT,110,89bd5e9b58115b60bdad35f43f6437be,limit_spin_density_zero_rect2x3,rect2x3_hole_3,randomized_qmc,4096,775936918
DEVELOPMENT,111,8d9f57771b025ad2b6da9e578278aa6a,limit_hopping_zero_chain6,chain6_hole_2,randomized_qmc,4096,209447837
DEVELOPMENT,111,db87e6c265d45773bb6297db5af0c11f,limit_hopping_zero_chain6,chain6_hole_4,randomized_qmc,4096,2617754207
DEVELOPMENT,111,fb5214d8d1bf5caa839f81a965024f62,limit_spin_density_zero_rect2x3,rect2x3_hole_2,randomized_qmc,4096,3839764544
DEVELOPMENT,111,89bd5e9b58115b60bdad35f43f6437be,limit_spin_density_zero_rect2x3,rect2x3_hole_3,randomized_qmc,4096,902532728
DEVELOPMENT,112,8d9f57771b025ad2b6da9e578278aa6a,limit_hopping_zero_chain6,chain6_hole_2,randomized_qmc,4096,2221820221
DEVELOPMENT,112,db87e6c265d45773bb6297db5af0c11f,limit_hopping_zero_chain6,chain6_hole_4,randomized_qmc,4096,1621207576
DEVELOPMENT,112,fb5214d8d1bf5caa839f81a965024f62,limit_spin_density_zero_rect2x3,rect2x3_hole_2,randomized_qmc,4096,2169023041
DEVELOPMENT,112,89bd5e9b58115b60bdad35f43f6437be,limit_spin_density_zero_rect2x3,rect2x3_hole_3,randomized_qmc,4096,4283674560
DEVELOPMENT,113,8d9f57771b025ad2b6da9e578278aa6a,limit_hopping_zero_chain6,chain6_hole_2,randomized_qmc,4096,1376685447
DEVELOPMENT,113,db87e6c265d45773bb6297db5af0c11f,limit_hopping_zero_chain6,chain6_hole_4,randomized_qmc,4096,3961790253
DEVELOPMENT,113,fb5214d8d1bf5caa839f81a965024f62,limit_spin_density_zero_rect2x3,rect2x3_hole_2,randomized_qmc,4096,437712888
DEVELOPMENT,113,89bd5e9b58115b60bdad35f43f6437be,limit_spin_density_zero_rect2x3,rect2x3_hole_3,randomized_qmc,4096,2035188274
DEVELOPMENT,114,8d9f57771b025ad2b6da9e578278aa6a,limit_hopping_zero_chain6,chain6_hole_2,randomized_qmc,4096,2991001430
DEVELOPMENT,114,db87e6c265d45773bb6297db5af0c11f,limit_hopping_zero_chain6,chain6_hole_4,randomized_qmc,4096,3874982255
DEVELOPMENT,114,fb5214d8d1bf5caa839f81a965024f62,limit_spin_density_zero_rect2x3,rect2x3_hole_2,randomized_qmc,4096,2282775939
DEVELOPMENT,114,89bd5e9b58115b60bdad35f43f6437be,limit_spin_density_zero_rect2x3,rect2x3_hole_3,randomized_qmc,4096,2387854379
DEVELOPMENT,115,8d9f57771b025ad2b6da9e578278aa6a,limit_hopping_zero_chain6,chain6_hole_2,randomized_qmc,4096,1321396396
DEVELOPMENT,115,db87e6c265d45773bb6297db5af0c11f,limit_hopping_zero_chain6,chain6_hole_4,randomized_qmc,4096,1636664909
DEVELOPMENT,115,fb5214d8d1bf5caa839f81a965024f62,limit_spin_density_zero_rect2x3,rect2x3_hole_2,randomized_qmc,4096,3040399626
DEVELOPMENT,115,89bd5e9b58115b60bdad35f43f6437be,limit_spin_density_zero_rect2x3,rect2x3_hole_3,randomized_qmc,4096,1414958343
DEVELOPMENT,116,8d9f57771b025ad2b6da9e578278aa6a,limit_hopping_zero_chain6,chain6_hole_2,randomized_qmc,4096,1859864997
DEVELOPMENT,116,db87e6c265d45773bb6297db5af0c11f,limit_hopping_zero_chain6,chain6_hole_4,randomized_qmc,4096,1922225993
DEVELOPMENT,116,fb5214d8d1bf5caa839f81a965024f62,limit_spin_density_zero_rect2x3,rect2x3_hole_2,randomized_qmc,4096,1645722527
DEVELOPMENT,116,89bd5e9b58115b60bdad35f43f6437be,limit_spin_density_zero_rect2x3,rect2x3_hole_3,randomized_qmc,4096,1848516477
DEVELOPMENT,117,8d9f57771b025ad2b6da9e578278aa6a,limit_hopping_zero_chain6,chain6_hole_2,randomized_qmc,4096,3413636789
DEVELOPMENT,117,db87e6c265d45773bb6297db5af0c11f,limit_hopping_zero_chain6,chain6_hole_4,randomized_qmc,4096,155160438
DEVELOPMENT,117,fb5214d8d1bf5caa839f81a965024f62,limit_spin_density_zero_rect2x3,rect2x3_hole_2,randomized_qmc,4096,751171166
DEVELOPMENT,117,89bd5e9b58115b60bdad35f43f6437be,limit_spin_density_zero_rect2x3,rect2x3_hole_3,randomized_qmc,4096,1258673370
DEVELOPMENT,118,8d9f57771b025ad2b6da9e578278aa6a,limit_hopping_zero_chain6,chain6_hole_2,randomized_qmc,4096,3182489838
DEVELOPMENT,118,db87e6c265d45773bb6297db5af0c11f,limit_hopping_zero_chain6,chain6_hole_4,randomized_qmc,4096,3042790278
DEVELOPMENT,118,fb5214d8d1bf5caa839f81a965024f62,limit_spin_density_zero_rect2x3,rect2x3_hole_2,randomized_qmc,4096,3724929776
DEVELOPMENT,118,89bd5e9b58115b60bdad35f43f6437be,limit_spin_density_zero_rect2x3,rect2x3_hole_3,randomized_qmc,4096,2361089819
DEVELOPMENT,119,8d9f57771b025ad2b6da9e578278aa6a,limit_hopping_zero_chain6,chain6_hole_2,randomized_qmc,4096,3566526714
DEVELOPMENT,119,db87e6c265d45773bb6297db5af0c11f,limit_hopping_zero_chain6,chain6_hole_4,randomized_qmc,4096,502051242
DEVELOPMENT,119,fb5214d8d1bf5caa839f81a965024f62,limit_spin_density_zero_rect2x3,rect2x3_hole_2,randomized_qmc,4096,2307980280
DEVELOPMENT,119,89bd5e9b58115b60bdad35f43f6437be,limit_spin_density_zero_rect2x3,rect2x3_hole_3,randomized_qmc,4096,800269601
DEVELOPMENT,120,8d9f57771b025ad2b6da9e578278aa6a,limit_hopping_zero_chain6,chain6_hole_2,randomized_qmc,4096,3227310960
DEVELOPMENT,120,db87e6c265d45773bb6297db5af0c11f,limit_hopping_zero_chain6,chain6_hole_4,randomized_qmc,4096,3040306935
DEVELOPMENT,120,fb5214d8d1bf5caa839f81a965024f62,limit_spin_density_zero_rect2x3,rect2x3_hole_2,randomized_qmc,4096,2548095586
DEVELOPMENT,120,89bd5e9b58115b60bdad35f43f6437be,limit_spin_density_zero_rect2x3,rect2x3_hole_3,randomized_qmc,4096,1952694508
DEVELOPMENT,121,8d9f57771b025ad2b6da9e578278aa6a,limit_hopping_zero_chain6,chain6_hole_2,randomized_qmc,4096,1212088124
DEVELOPMENT,121,db87e6c265d45773bb6297db5af0c11f,limit_hopping_zero_chain6,chain6_hole_4,randomized_qmc,4096,2618992821
DEVELOPMENT,121,fb5214d8d1bf5caa839f81a965024f62,limit_spin_density_zero_rect2x3,rect2x3_hole_2,randomized_qmc,4096,2740323246
DEVELOPMENT,121,89bd5e9b58115b60bdad35f43f6437be,limit_spin_density_zero_rect2x3,rect2x3_hole_3,randomized_qmc,4096,763967293
DEVELOPMENT,122,8d9f57771b025ad2b6da9e578278aa6a,limit_hopping_zero_chain6,chain6_hole_2,randomized_qmc,4096,3895381598
DEVELOPMENT,122,db87e6c265d45773bb6297db5af0c11f,limit_hopping_zero_chain6,chain6_hole_4,randomized_qmc,4096,1979151163
DEVELOPMENT,122,fb5214d8d1bf5caa839f81a965024f62,limit_spin_density_zero_rect2x3,rect2x3_hole_2,randomized_qmc,4096,3239016774
DEVELOPMENT,122,89bd5e9b58115b60bdad35f43f6437be,limit_spin_density_zero_rect2x3,rect2x3_hole_3,randomized_qmc,4096,1026095152
DEVELOPMENT,123,8d9f57771b025ad2b6da9e578278aa6a,limit_hopping_zero_chain6,chain6_hole_2,randomized_qmc,4096,2661194788
DEVELOPMENT,123,db87e6c265d45773bb6297db5af0c11f,limit_hopping_zero_chain6,chain6_hole_4,randomized_qmc,4096,3630579158
DEVELOPMENT,123,fb5214d8d1bf5caa839f81a965024f62,limit_spin_density_zero_rect2x3,rect2x3_hole_2,randomized_qmc,4096,2669908102
DEVELOPMENT,123,89bd5e9b58115b60bdad35f43f6437be,limit_spin_density_zero_rect2x3,rect2x3_hole_3,randomized_qmc,4096,2227352002
DEVELOPMENT,124,8d9f57771b025ad2b6da9e578278aa6a,limit_hopping_zero_chain6,chain6_hole_2,randomized_qmc,4096,3118775285
DEVELOPMENT,124,db87e6c265d45773bb6297db5af0c11f,limit_hopping_zero_chain6,chain6_hole_4,randomized_qmc,4096,3384725507
DEVELOPMENT,124,fb5214d8d1bf5caa839f81a965024f62,limit_spin_density_zero_rect2x3,rect2x3_hole_2,randomized_qmc,4096,2627940468
DEVELOPMENT,124,89bd5e9b58115b60bdad35f43f6437be,limit_spin_density_zero_rect2x3,rect2x3_hole_3,randomized_qmc,4096,1628701787
DEVELOPMENT,125,8d9f57771b025ad2b6da9e578278aa6a,limit_hopping_zero_chain6,chain6_hole_2,randomized_qmc,4096,3086957515
DEVELOPMENT,125,db87e6c265d45773bb6297db5af0c11f,limit_hopping_zero_chain6,chain6_hole_4,randomized_qmc,4096,1159910615
DEVELOPMENT,125,fb5214d8d1bf5caa839f81a965024f62,limit_spin_density_zero_rect2x3,rect2x3_hole_2,randomized_qmc,4096,1706040516
DEVELOPMENT,125,89bd5e9b58115b60bdad35f43f6437be,limit_spin_density_zero_rect2x3,rect2x3_hole_3,randomized_qmc,4096,3701317936
DEVELOPMENT,126,8d9f57771b025ad2b6da9e578278aa6a,limit_hopping_zero_chain6,chain6_hole_2,randomized_qmc,4096,1554638773
DEVELOPMENT,126,db87e6c265d45773bb6297db5af0c11f,limit_hopping_zero_chain6,chain6_hole_4,randomized_qmc,4096,3630369498
DEVELOPMENT,126,fb5214d8d1bf5caa839f81a965024f62,limit_spin_density_zero_rect2x3,rect2x3_hole_2,randomized_qmc,4096,1872331693
DEVELOPMENT,126,89bd5e9b58115b60bdad35f43f6437be,limit_spin_density_zero_rect2x3,rect2x3_hole_3,randomized_qmc,4096,1489769136
DEVELOPMENT,127,8d9f57771b025ad2b6da9e578278aa6a,limit_hopping_zero_chain6,chain6_hole_2,randomized_qmc,4096,3000190385
DEVELOPMENT,127,db87e6c265d45773bb6297db5af0c11f,limit_hopping_zero_chain6,chain6_hole_4,randomized_qmc,4096,307826573
DEVELOPMENT,127,fb5214d8d1bf5caa839f81a965024f62,limit_spin_density_zero_rect2x3,rect2x3_hole_2,randomized_qmc,4096,3608660080
DEVELOPMENT,127,89bd5e9b58115b60bdad35f43f6437be,limit_spin_density_zero_rect2x3,rect2x3_hole_3,randomized_qmc,4096,4155666357
