schema_version,case_id,occupancy_id,substeps,method,label,time,Sx,Sy,Sz,xi2,xi2_db,min_var,spin_length,particle_number,norm_error,hole_number_expectation
haxs.stage5c2gR32.g1-quadrature.v1,limit_hopping_zero_chain6,chain6_hole_2,1,exact,static_only,0.0,2.5000000000000004,0.0,-5.551115123125783e-17,0.9999999999999996,-1.9286549331065747e-15,1.25,1.0000000000000002,5.0,2.220446049250313e-16,1.0000000000000002
haxs.stage5c2gR32.g1-quadrature.v1,limit_hopping_zero_chain6,chain6_hole_2,1,exact,static_only,0.031818181818181815,2.499839605091377,0.0,0.0,0.9877393462423756,-0.05357645921991146,1.2345157595230063,0.9999358420365508,5.0,2.220446049250313e-16,1.0000000000000002
haxs.stage5c2gR32.g1-quadrature.v1,limit_hopping_zero_chain6,chain6_hole_2,1,exact,static_only,0.06363636363636363,2.4993585006608043,8.673617379884035e-18,0.0,0.9757705688846131,-0.10652285182318069,1.2190873352407148,0.9997434002643217,5.0,2.220446049250313e-16,1.0000000000000002
haxs.stage5c2gR32.g1-quadrature.v1,limit_hopping_zero_chain6,chain6_hole_2,1,exact,static_only,0.09545454545454544,2.4985569274735404,-6.071532165918825e-18,0.0,0.9640863622669436,-0.15884060520388707,1.2037171078250903,0.9994227709894161,5.0,2.220446049250313e-16,0.9999999999999996
haxs.stage5c2gR32.g1-quadrature.v1,limit_hopping_zero_chain6,chain6_hole_2,1,exact,static_only,0.12727272727272726,2.49743528640312,0.0,5.551115123125783e-17,0.9526796711914574,-0.21053101900671112,1.1884074917819991,0.9989741145612481,5.0,0.0,1.0
haxs.stage5c2gR32.g1-quadrature.v1,limit_hopping_zero_chain6,chain6_hole_2,1,exact,static_only,0.15909090909090906,2.495994137829336,0.0,-5.551115123125783e-17,0.9415436856116965,-0.2615952484545581,1.17316093455985,0.9983976551317344,5.0,2.220446049250313e-16,1.0000000000000002
haxs.stage5c2gR32.g1-quadrature.v1,limit_hopping_zero_chain6,chain6_hole_2,1,exact,static_only,0.1909090909090909,2.4942342007970772,1.3877787807814457e-17,0.0,0.9306718356399097,-0.3120342868008347,1.1579799155546553,0.9976936803188309,5.0,2.220446049250313e-16,1.0000000000000002
haxs.stage5c2gR32.g1-quadrature.v1,limit_hopping_zero_chain6,chain6_hole_2,1,exact,static_only,0.22272727272727272,2.4921563519376457,-2.0816681711721685e-17,5.551115123125783e-17,0.9200577868647477,-0.36184894688857105,1.1428669450127276,0.9968625407750583,5.0,0.0,1.0000000000000002
haxs.stage5c2gR32.g1-quadrature.v1,limit_hopping_zero_chain6,chain6_hole_2,1,exact,static_only,0.2545454545454545,2.4897616241547076,-3.469446951953614e-18,0.0,0.9096954359727767,-0.41103984179863223,1.1278245628324606,0.9959046496618831,5.0,2.220446049250313e-16,0.9999999999999999
haxs.stage5c2gR32.g1-quadrature.v1,limit_hopping_zero_chain6,chain6_hole_2,1,exact,static_only,0.2863636363636363,2.487051205077413,1.3877787807814457e-17,0.0,0.8995789066678943,-0.4596073645687886,1.1128553372668784,0.9948204820309652,5.0,0.0,1.0000000000000004
haxs.stage5c2gR32.g1-quadrature.v1,limit_hopping_zero_chain6,chain6_hole_2,1,exact,static_only,0.3181818181818181,2.4840264352837456,-2.7755575615628914e-17,-1.1102230246251565e-16,0.889702545883294,-0.5075516669656108,1.0979618635288815,0.9936105741134982,5.0,0.0,0.9999999999999997
haxs.stage5c2gR32.g1-quadrature.v1,limit_hopping_zero_chain6,chain6_hole_2,1,exact,static_only,0.35,2.480688806297571,1.0408340855860843e-17,5.551115123125783e-17,0.8800609202812291,-0.5548726372911887,1.0831467623013422,0.9922755225190285,5.0,4.440892098500626e-16,1.0000000000000002
haxs.stage5c2gR32.g1-quadrature.v1,limit_hopping_zero_chain6,chain6_hole_2,1,exact,static_only,0.3818181818181818,2.4770399583633123,6.938893903907228e-18,0.0,0.8706488130363986,-0.6015698772069156,1.0684126781544423,0.990815983345325,5.0,0.0,1.0
haxs.stage5c2gR32.g1-quadrature.v1,limit_hopping_zero_chain6,chain6_hole_2,1,exact,static_only,0.4136363636363636,2.473081678002613,6.938893903907228e-18,0.0,0.8614612208993184,-0.6476426775570755,1.0537622778728735,0.9892326712010451,5.0,2.220446049250313e-16,0.9999999999999999
haxs.stage5c2gR32.g1-quadrature.v1,limit_hopping_zero_chain6,chain6_hole_2,1,exact,static_only,0.44545454545454544,2.4688158953577664,-1.3877787807814457e-17,1.1102230246251565e-16,0.8524933515366029,-0.6930899931754753,1.0391982486957587,0.9875263581431065,5.0,0.0,1.0000000000000002
haxs.stage5c2gR32.g1-quadrature.v1,limit_hopping_zero_chain6,chain6_hole_2,1,exact,static_only,0.47727272727272724,2.464244681327126,-1.3877787807814457e-17,-5.551115123125783e-17,0.8437406211455839,-0.7379104166593526,1.024723296472366,0.9856978725308505,5.0,0.0,1.0
haxs.stage5c2gR32.g1-quadrature.v1,limit_hopping_zero_chain6,chain6_hole_2,1,exact,static_only,0.509090909090909,2.4593702444980905,0.0,5.551115123125783e-17,0.8351986523412442,-0.7821021510957326,1.0103401437369188,0.9837480977992362,5.0,4.440892098500626e-16,1.0
haxs.stage5c2gR32.g1-quadrature.v1,limit_hopping_zero_chain6,chain6_hole_2,1,exact,static_only,0.5409090909090909,2.4541949278836697,0.0,0.0,0.8268632723139439,-0.8256629817268297,0.9960515277060101,0.9816779711534679,5.0,2.220446049250313e-16,1.0000000000000002
haxs.stage5c2gR32.g1-quadrature.v1,limit_hopping_zero_chain6,chain6_hole_2,1,exact,static_only,0.5727272727272726,2.4487212054690217,-4.85722573273506e-17,0.0,0.8187305112569448,-0.8685902465427036,0.981860198202356,0.9794884821876086,5.0,0.0,1.0
haxs.stage5c2gR32.g1-quadrature.v1,limit_hopping_zero_chain6,chain6_hole_2,1,exact,static_only,0.6045454545454545,2.442951678574702,0.0,-5.551115123125783e-17,0.8107966010632618,-0.9108808057913226,0.9677689155088083,0.9771806714298809,5.0,2.220446049250313e-16,1.0000000000000004
haxs.stage5c2gR32.g1-quadrature.v1,limit_hopping_zero_chain6,chain6_hole_2,1,exact,static_only,0.6363636363636362,2.4368890720437433,-3.469446951953614e-17,5.551115123125783e-17,0.8030579742918872,-0.9525310103985449,0.9537804481567588,0.9747556288174973,5.0,0.0,0.9999999999999997
haxs.stage5c2gR32.g1-quadrature.v1,limit_hopping_zero_chain6,chain6_hole_2,1,exact,static_only,0.6681818181818181,2.430536230260003,-4.85722573273506e-17,5.551115123125783e-17,0.7955112634039839,-0.9935366692931933,0.9398975706532442,0.9722144921040012,5.0,4.440892098500626e-16,1.0000000000000004
haxs.stage5c2gR32.g1-quadrature.v1,limit_hopping_zero_chain6,chain6_hole_2,1,exact,static_only,0.7,2.423896113005564,-4.85722573273506e-17,5.551115123125783e-17,0.7881533002701784,-1.0338930156355801,0.9261230611512485,0.9695584452022257,5.0,0.0,1.0
haxs.stage5c2gR32.g1-quadrature.v1,limit_hopping_zero_chain6,chain6_hole_2,1,exact,static_only,0.7318181818181817,2.416971791165275,2.7755575615628914e-17,-5.551115123125783e-17,0.7809811159506561,-1.0735946719514247,0.9124596990678724,0.96678871646611,5.0,2.220446049250313e-16,1.0
haxs.stage5c2gR32.g1-quadrature.v1,limit_hopping_zero_chain6,chain6_hole_2,1,exact,static_only,0.7636363636363636,2.4097664422867897,-1.3877787807814457e-17,5.551115123125783e-17,0.7739919407503433,-1.1126356141772316,0.898910262655176,0.9639065769147159,5.0,2.220446049250313e-16,1.0000000000000004
haxs.stage5c2gR32.g1-quadrature.v1,limit_hopping_zero_chain6,chain6_hole_2,1,exact,static_only,0.7954545454545454,2.402283346004785,2.7755575615628914e-17,-5.551115123125783e-17,0.7671832045520792,-1.1510091346277835,0.8854775265287002,0.960913338401914,5.0,4.440892098500626e-16,1.0000000000000002
haxs.stage5c2gR32.g1-quadrature.v1,limit_hopping_zero_chain6,chain6_hole_2,1,exact,static_only,0.8272727272727272,2.3945258793382513,-4.163336342344337e-17,0.0,0.7605525374312885,-1.1887078039018397,0.8721642591587402,0.9578103517353005,5.0,0.0,1.0000000000000004
haxs.stage5c2gR32.g1-quadrature.v1,limit_hopping_zero_chain6,chain6_hole_2,1,exact,static_only,0.859090909090909,2.386497511870025,1.3877787807814457e-17,5.551115123125783e-17,0.7540977705563687,-1.225723431747799,0.8589732203296438,0.95459900474801,5.0,0.0,1.0
haxs.stage5c2gR32.g1-quadrature.v1,limit_hopping_zero_chain6,chain6_hole_2,1,exact,static_only,0.8909090909090909,2.378201800817927,1.3877787807814457e-17,-5.551115123125783e-17,0.7478169373796886,-1.262047026917821,0.8459071585724609,0.9512807203271707,5.0,4.440892098500626e-16,1.0000000000000007
haxs.stage5c2gR32.g1-quadrature.v1,limit_hopping_zero_chain6,chain6_hole_2,1,exact,static_only,0.9227272727272726,2.3696423860070945,1.3877787807814457e-17,0.0,0.741708275124846,-1.2976687560461428,0.8329688085764019,0.9478569544028378,5.0,0.0,1.0
haxs.stage5c2gR32.g1-quadrature.v1,limit_hopping_zero_chain6,chain6_hole_2,1,exact,static_only,0.9545454545454545,2.3608229847532782,1.3877787807814457e-17,-5.551115123125783e-17,0.7357702265766247,-1.3325779015954653,0.8201608885846421,0.9443291939013113,5.0,0.0,0.9999999999999999
haxs.stage5c2gR32.g1-quadrature.v1,limit_hopping_zero_chain6,chain6_hole_2,1,exact,static_only,0.9863636363636362,2.351747386667011,-2.7755575615628914e-17,0.0,0.7300014421809556,-1.3667628189240402,0.807486097780078,0.9406989546668043,5.0,1.1102230246251565e-16,0.9999999999999998
haxs.stage5c2gR32.g1-quadrature.v1,limit_hopping_zero_chain6,chain6_hole_2,1,exact,static_only,1.018181818181818,2.342419448388748,2.7755575615628914e-17,0.0,0.7244007824630561,-1.4002108925361143,0.7949471136666917,0.9369677793554991,5.0,0.0,1.0000000000000007
haxs.stage5c2gR32.g1-quadrature.v1,limit_hopping_zero_chain6,chain6_hole_2,1,exact,static_only,1.0499999999999998,2.3328430882651467,0.0,-5.551115123125783e-17,0.7189673207729416,-1.4329084915887438,0.7825465894522403,0.9331372353060587,5.0,0.0,1.0000000000000002
haxs.stage5c2gR32.g1-quadrature.v1,limit_hopping_zero_chain6,chain6_hole_2,1,exact,static_only,1.0818181818181818,2.3230222809768106,-4.163336342344337e-17,5.551115123125783e-17,0.7137003463684944,-1.464840924739956,0.7702871514379861,0.9292089123907242,5.0,4.440892098500626e-16,1.0000000000000002
haxs.stage5c2gR32.g1-quadrature.v1,limit_hopping_zero_chain6,chain6_hole_2,1,exact,static_only,1.1136363636363635,2.3129610521278536,0.0,-5.551115123125783e-17,0.7085993678474506,-1.4959923944355056,0.7581713964212208,0.9251844208511415,5.0,4.440892098500626e-16,1.0
haxs.stage5c2gR32.g1-quadrature.v1,limit_hopping_zero_chain6,chain6_hole_2,1,exact,static_only,1.1454545454545453,2.302663472807751,-8.326672684688674e-17,5.551115123125783e-17,0.7036641169408306,-1.5263459507453636,0.7462018891163087,0.9210653891231004,5.0,4.440892098500626e-16,1.0
haxs.stage5c2gR32.g1-quadrature.v1,limit_hopping_zero_chain6,chain6_hole_2,1,exact,static_only,1.1772727272727272,2.2921336541359336,-1.3877787807814457e-17,0.0,0.6988945526816865,-1.5558834448754941,0.7343811595999634,0.9168534616543734,5.0,4.440892098500626e-16,0.9999999999999998
haxs.stage5c2gR32.g1-quadrature.v1,limit_hopping_zero_chain6,chain6_hole_2,1,exact,static_only,1.209090909090909,2.2813757417996428,-5.551115123125783e-17,5.551115123125783e-17,0.6942908659644282,-1.5845854824962569,0.7227117007864311,0.9125502967198571,5.0,0.0,1.0
haxs.stage5c2gR32.g1-quadrature.v1,limit_hopping_zero_chain6,chain6_hole_2,1,exact,static_only,1.2409090909090907,2.270393910595539,-1.3877787807814457e-17,0.0,0.6898534845115342,-1.6124313770454295,0.7111959659381989,0.9081575642382156,5.0,0.0,1.0
haxs.stage5c2gR32.g1-quadrature.v1,limit_hopping_zero_chain6,chain6_hole_2,1,exact,static_only,1.2727272727272725,2.259192358985529,2.7755575615628914e-17,-5.551115123125783e-17,0.685583078266112,-1.6393991031815198,0.6998363662177715,0.9036769435942116,5.0,0.0,1.0000000000000007
haxs.stage5c2gR32.g1-quadrature.v1,limit_hopping_zero_chain6,chain6_hole_2,1,exact,static_only,1.3045454545454545,2.247775303677253,-4.163336342344337e-17,-5.551115123125783e-17,0.6814805652305649,-1.6654652505817826,0.6886352682859758,0.8991101214709012,5.0,0.0,1.0000000000000002
haxs.stage5c2gR32.g1-quadrature.v1,limit_hopping_zero_chain6,chain6_hole_2,1,exact,static_only,1.3363636363636362,2.2361469742395794,-1.3877787807814457e-17,0.0,0.6775471177735836,-1.6906049782988883,0.677594991952147,0.8944587896958318,5.0,0.0,1.0000000000000002
haxs.stage5c2gR32.g1-quadrature.v1,limit_hopping_zero_chain6,chain6_hole_2,1,exact,static_only,1.368181818181818,2.2243116077633993,2.7755575615628914e-17,0.0,0.6737841694297878,-1.7147919699107184,0.6667178078814308,0.8897246431053597,5.0,2.220446049250313e-16,1.0000000000000004
haxs.stage5c2gR32.g1-quadrature.v1,limit_hopping_zero_chain6,chain6_hole_2,1,exact,static_only,1.4,2.2122734435778613,0.0,-5.551115123125783e-17,0.6701934222186641,-1.7379983897188456,0.6560059353642963,0.8849093774311445,5.0,0.0,0.9999999999999998
haxs.stage5c2gR32.g1-quadrature.v1,limit_hopping_zero_chain6,chain6_hole_2,2,exact,static_only,0.0,2.5000000000000004,0.0,-5.551115123125783e-17,0.9999999999999996,-1.9286549331065747e-15,1.25,1.0000000000000002,5.0,2.220446049250313e-16,1.0000000000000002
haxs.stage5c2gR32.g1-quadrature.v1,limit_hopping_zero_chain6,chain6_hole_2,2,exact,static_only,0.031818181818181815,2.499839605091377,0.0,0.0,0.9877393462423756,-0.05357645921991146,1.2345157595230063,0.9999358420365508,5.0,2.220446049250313e-16,1.0000000000000002
haxs.stage5c2gR32.g1-quadrature.v1,limit_hopping_zero_chain6,chain6_hole_2,2,exact,static_only,0.06363636363636363,2.4993585006608043,8.673617379884035e-18,0.0,0.9757705688846131,-0.10652285182318069,1.2190873352407148,0.9997434002643217,5.0,2.220446049250313e-16,1.0000000000000002
haxs.stage5c2gR32.g1-quadrature.v1,limit_hopping_zero_chain6,chain6_hole_2,2,exact,static_only,0.09545454545454544,2.4985569274735404,-6.071532165918825e-18,0.0,0.9640863622669436,-0.15884060520388707,1.2037171078250903,0.9994227709894161,5.0,2.220446049250313e-16,0.9999999999999996
haxs.stage5c2gR32.g1-quadrature.v1,limit_hopping_zero_chain6,chain6_hole_2,2,exact,static_only,0.12727272727272726,2.49743528640312,0.0,5.551115123125783e-17,0.9526796711914574,-0.21053101900671112,1.1884074917819991,0.9989741145612481,5.0,0.0,1.0
haxs.stage5c2gR32.g1-quadrature.v1,limit_hopping_zero_chain6,chain6_hole_2,2,exact,static_only,0.15909090909090906,2.495994137829336,0.0,-5.551115123125783e-17,0.9415436856116965,-0.2615952484545581,1.17316093455985,0.9983976551317344,5.0,2.220446049250313e-16,1.0000000000000002
haxs.stage5c2gR32.g1-quadrature.v1,limit_hopping_zero_chain6,chain6_hole_2,2,exact,static_only,0.1909090909090909,2.4942342007970772,1.3877787807814457e-17,0.0,0.9306718356399097,-0.3120342868008347,1.1579799155546553,0.9976936803188309,5.0,2.220446049250313e-16,1.0000000000000002
haxs.stage5c2gR32.g1-quadrature.v1,limit_hopping_zero_chain6,chain6_hole_2,2,exact,static_only,0.22272727272727272,2.4921563519376457,-2.0816681711721685e-17,5.551115123125783e-17,0.9200577868647477,-0.36184894688857105,1.1428669450127276,0.9968625407750583,5.0,0.0,1.0000000000000002
haxs.stage5c2gR32.g1-quadrature.v1,limit_hopping_zero_chain6,chain6_hole_2,2,exact,static_only,0.2545454545454545,2.4897616241547076,-3.469446951953614e-18,0.0,0.9096954359727767,-0.41103984179863223,1.1278245628324606,0.9959046496618831,5.0,2.220446049250313e-16,0.9999999999999999
haxs.stage5c2gR32.g1-quadrature.v1,limit_hopping_zero_chain6,chain6_hole_2,2,exact,static_only,0.2863636363636363,2.487051205077413,1.3877787807814457e-17,0.0,0.8995789066678943,-0.4596073645687886,1.1128553372668784,0.9948204820309652,5.0,0.0,1.0000000000000004
haxs.stage5c2gR32.g1-quadrature.v1,limit_hopping_zero_chain6,chain6_hole_2,2,exact,static_only,0.3181818181818181,2.4840264352837456,-2.7755575615628914e-17,-1.1102230246251565e-16,0.889702545883294,-0.5075516669656108,1.0979618635288815,0.9936105741134982,5.0,0.0,0.9999999999999997
haxs.stage5c2gR32.g1-quadrature.v1,limit_hopping_zero_chain6,chain6_hole_2,2,exact,static_only,0.35,2.480688806297571,1.0408340855860843e-17,5.551115123125783e-17,0.8800609202812291,-0.5548726372911887,1.0831467623013422,0.9922755225190285,5.0,4.440892098500626e-16,1.0000000000000002
haxs.stage5c2gR32.g1-quadrature.v1,limit_hopping_zero_chain6,chain6_hole_2,2,exact,static_only,0.3818181818181818,2.4770399583633123,6.938893903907228e-18,0.0,0.8706488130363986,-0.6015698772069156,1.0684126781544423,0.990815983345325,5.0,0.0,1.0
haxs.stage5c2gR32.g1-quadrature.v1,limit_hopping_zero_chain6,chain6_hole_2,2,exact,static_only,0.4136363636363636,2.473081678002613,6.938893903907228e-18,0.0,0.8614612208993184,-0.6476426775570755,1.0537622778728735,0.9892326712010451,5.0,2.220446049250313e-16,0.9999999999999999
haxs.stage5c2gR32.g1-quadrature.v1,limit_hopping_zero_chain6,chain6_hole_2,2,exact,static_only,0.44545454545454544,2.4688158953577664,-1.3877787807814457e-17,1.1102230246251565e-16,0.8524933515366029,-0.6930899931754753,1.0391982486957587,0.9875263581431065,5.0,0.0,1.0000000000000002
haxs.stage5c2gR32.g1-quadrature.v1,limit_hopping_zero_chain6,chain6_hole_2,2,exact,static_only,0.47727272727272724,2.464244681327126,-1.3877787807814457e-17,-5.551115123125783e-17,0.8437406211455839,-0.7379104166593526,1.024723296472366,0.9856978725308505,5.0,0.0,1.0
haxs.stage5c2gR32.g1-quadrature.v1,limit_hopping_zero_chain6,chain6_hole_2,2,exact,static_only,0.509090909090909,2.4593702444980905,0.0,5.551115123125783e-17,0.8351986523412442,-0.7821021510957326,1.0103401437369188,0.9837480977992362,5.0,4.440892098500626e-16,1.0
haxs.stage5c2gR32.g1-quadrature.v1,limit_hopping_zero_chain6,chain6_hole_2,2,exact,static_only,0.5409090909090909,2.4541949278836697,0.0,0.0,0.8268632723139439,-0.8256629817268297,0.9960515277060101,0.9816779711534679,5.0,2.220446049250313e-16,1.0000000000000002
haxs.stage5c2gR32.g1-quadrature.v1,limit_hopping_zero_chain6,chain6_hole_2,2,exact,static_only,0.5727272727272726,2.4487212054690217,-4.85722573273506e-17,0.0,0.8187305112569448,-0.8685902465427036,0.981860198202356,0.9794884821876086,5.0,0.0,1.0
haxs.stage5c2gR32.g1-quadrature.v1,limit_hopping_zero_chain6,chain6_hole_2,2,exact,static_only,0.6045454545454545,2.442951678574702,0.0,-5.551115123125783e-17,0.8107966010632618,-0.9108808057913226,0.9677689155088083,0.9771806714298809,5.0,2.220446049250313e-16,1.0000000000000004
haxs.stage5c2gR32.g1-quadrature.v1,limit_hopping_zero_chain6,chain6_hole_2,2,exact,static_only,0.6363636363636362,2.4368890720437433,-3.469446951953614e-17,5.551115123125783e-17,0.8030579742918872,-0.9525310103985449,0.9537804481567588,0.9747556288174973,5.0,0.0,0.9999999999999997
haxs.stage5c2gR32.g1-quadrature.v1,limit_hopping_zero_chain6,chain6_hole_2,2,exact,static_only,0.6681818181818181,2.430536230260003,-4.85722573273506e-17,5.551115123125783e-17,0.7955112634039839,-0.9935366692931933,0.9398975706532442,0.9722144921040012,5.0,4.440892098500626e-16,1.0000000000000004
haxs.stage5c2gR32.g1-quadrature.v1,limit_hopping_zero_chain6,chain6_hole_2,2,exact,static_only,0.7,2.423896113005564,-4.85722573273506e-17,5.551115123125783e-17,0.7881533002701784,-1.0338930156355801,0.9261230611512485,0.9695584452022257,5.0,0.0,1.0
haxs.stage5c2gR32.g1-quadrature.v1,limit_hopping_zero_chain6,chain6_hole_2,2,exact,static_only,0.7318181818181817,2.416971791165275,2.7755575615628914e-17,-5.551115123125783e-17,0.7809811159506561,-1.0735946719514247,0.9124596990678724,0.96678871646611,5.0,2.220446049250313e-16,1.0
haxs.stage5c2gR32.g1-quadrature.v1,limit_hopping_zero_chain6,chain6_hole_2,2,exact,static_only,0.7636363636363636,2.4097664422867897,-1.3877787807814457e-17,5.551115123125783e-17,0.7739919407503433,-1.1126356141772316,0.898910262655176,0.9639065769147159,5.0,2.220446049250313e-16,1.0000000000000004
haxs.stage5c2gR32.g1-quadrature.v1,limit_hopping_zero_chain6,chain6_hole_2,2,exact,static_only,0.7954545454545454,2.402283346004785,2.7755575615628914e-17,-5.551115123125783e-17,0.7671832045520792,-1.1510091346277835,0.8854775265287002,0.960913338401914,5.0,4.440892098500626e-16,1.0000000000000002
haxs.stage5c2gR32.g1-quadrature.v1,limit_hopping_zero_chain6,chain6_hole_2,2,exact,static_only,0.8272727272727272,2.3945258793382513,-4.163336342344337e-17,0.0,0.7605525374312885,-1.1887078039018397,0.8721642591587402,0.9578103517353005,5.0,0.0,1.0000000000000004
haxs.stage5c2gR32.g1-quadrature.v1,limit_hopping_zero_chain6,chain6_hole_2,2,exact,static_only,0.859090909090909,2.386497511870025,1.3877787807814457e-17,5.551115123125783e-17,0.7540977705563687,-1.225723431747799,0.8589732203296438,0.95459900474801,5.0,0.0,1.0
haxs.stage5c2gR32.g1-quadrature.v1,limit_hopping_zero_chain6,chain6_hole_2,2,exact,static_only,0.8909090909090909,2.378201800817927,1.3877787807814457e-17,-5.551115123125783e-17,0.7478169373796886,-1.262047026917821,0.8459071585724609,0.9512807203271707,5.0,4.440892098500626e-16,1.0000000000000007
haxs.stage5c2gR32.g1-quadrature.v1,limit_hopping_zero_chain6,chain6_hole_2,2,exact,static_only,0.9227272727272726,2.3696423860070945,1.3877787807814457e-17,0.0,0.741708275124846,-1.2976687560461428,0.8329688085764019,0.9478569544028378,5.0,0.0,1.0
haxs.stage5c2gR32.g1-quadrature.v1,limit_hopping_zero_chain6,chain6_hole_2,2,exact,static_only,0.9545454545454545,2.3608229847532782,1.3877787807814457e-17,-5.551115123125783e-17,0.7357702265766247,-1.3325779015954653,0.8201608885846421,0.9443291939013113,5.0,0.0,0.9999999999999999
haxs.stage5c2gR32.g1-quadrature.v1,limit_hopping_zero_chain6,chain6_hole_2,2,exact,static_only,0.9863636363636362,2.351747386667011,-2.7755575615628914e-17,0.0,0.7300014421809556,-1.3667628189240402,0.807486097780078,0.9406989546668043,5.0,1.1102230246251565e-16,0.9999999999999998
haxs.stage5c2gR32.g1-quadrature.v1,limit_hopping_zero_chain6,chain6_hole_2,2,exact,static_only,1.018181818181818,2.342419448388748,2.7755575615628914e-17,0.0,0.7244007824630561,-1.4002108925361143,0.7949471136666917,0.9369677793554991,5.0,0.0,1.0000000000000007
haxs.stage5c2gR32.g1-quadrature.v1,limit_hopping_zero_chain6,chain6_hole_2,2,exact,static_only,1.0499999999999998,2.3328430882651467,0.0,-5.551115123125783e-17,0.7189673207729416,-1.4329084915887438,0.7825465894522403,0.9331372353060587,5.0,0.0,1.0000000000000002
haxs.stage5c2gR32.g1-quadrature.v1,limit_hopping_zero_chain6,chain6_hole_2,2,exact,static_only,1.0818181818181818,2.3230222809768106,-4.163336342344337e-17,5.551115123125783e-17,0.7137003463684944,-1.464840924739956,0.7702871514379861,0.9292089123907242,5.0,4.440892098500626e-16,1.0000000000000002
haxs.stage5c2gR32.g1-quadrature.v1,limit_hopping_zero_chain6,chain6_hole_2,2,exact,static_only,1.1136363636363635,2.3129610521278536,0.0,-5.551115123125783e-17,0.7085993678474506,-1.4959923944355056,0.7581713964212208,0.9251844208511415,5.0,4.440892098500626e-16,1.0
haxs.stage5c2gR32.g1-quadrature.v1,limit_hopping_zero_chain6,chain6_hole_2,2,exact,static_only,1.1454545454545453,2.302663472807751,-8.326672684688674e-17,5.551115123125783e-17,0.7036641169408306,-1.5263459507453636,0.7462018891163087,0.9210653891231004,5.0,4.440892098500626e-16,1.0
haxs.stage5c2gR32.g1-quadrature.v1,limit_hopping_zero_chain6,chain6_hole_2,2,exact,static_only,1.1772727272727272,2.2921336541359336,-1.3877787807814457e-17,0.0,0.6988945526816865,-1.5558834448754941,0.7343811595999634,0.9168534616543734,5.0,4.440892098500626e-16,0.9999999999999998
haxs.stage5c2gR32.g1-quadrature.v1,limit_hopping_zero_chain6,chain6_hole_2,2,exact,static_only,1.209090909090909,2.2813757417996428,-5.551115123125783e-17,5.551115123125783e-17,0.6942908659644282,-1.5845854824962569,0.7227117007864311,0.9125502967198571,5.0,0.0,1.0
haxs.stage5c2gR32.g1-quadrature.v1,limit_hopping_zero_chain6,chain6_hole_2,2,exact,static_only,1.2409090909090907,2.270393910595539,-1.3877787807814457e-17,0.0,0.6898534845115342,-1.6124313770454295,0.7111959659381989,0.9081575642382156,5.0,0.0,1.0
haxs.stage5c2gR32.g1-quadrature.v1,limit_hopping_zero_chain6,chain6_hole_2,2,exact,static_only,1.2727272727272725,2.259192358985529,2.7755575615628914e-17,-5.551115123125783e-17,0.685583078266112,-1.6393991031815198,0.6998363662177715,0.9036769435942116,5.0,0.0,1.0000000000000007
haxs.stage5c2gR32.g1-quadrature.v1,limit_hopping_zero_chain6,chain6_hole_2,2,exact,static_only,1.3045454545454545,2.247775303677253,-4.163336342344337e-17,-5.551115123125783e-17,0.6814805652305649,-1.6654652505817826,0.6886352682859758,0.8991101214709012,5.0,0.0,1.0000000000000002
haxs.stage5c2gR32.g1-quadrature.v1,limit_hopping_zero_chain6,chain6_hole_2,2,exact,static_only,1.3363636363636362,2.2361469742395794,-1.3877787807814457e-17,0.0,0.6775471177735836,-1.6906049782988883,0.677594991952147,0.8944587896958318,5.0,0.0,1.0000000000000002
haxs.stage5c2gR32.g1-quadrature.v1,limit_hopping_zero_chain6,chain6_hole_2,2,exact,static_only,1.368181818181818,2.2243116077633993,2.7755575615628914e-17,0.0,0.6737841694297878,-1.7147919699107184,0.6667178078814308,0.8897246431053597,5.0,2.220446049250313e-16,1.0000000000000004
haxs.stage5c2gR32.g1-quadrature.v1,limit_hopping_zero_chain6,chain6_hole_2,2,exact,static_only,1.4,2.2122734435778613,0.0,-5.551115123125783e-17,0.6701934222186641,-1.7379983897188456,0.6560059353642963,0.8849093774311445,5.0,0.0,0.9999999999999998
haxs.stage5c2gR32.g1-quadrature.v1,limit_hopping_zero_chain6,chain6_hole_2,4,exact,static_only,0.0,2.5000000000000004,0.0,-5.551115123125783e-17,0.9999999999999996,-1.9286549331065747e-15,1.25,1.0000000000000002,5.0,2.220446049250313e-16,1.0000000000000002
haxs.stage5c2gR32.g1-quadrature.v1,limit_hopping_zero_chain6,chain6_hole_2,4,exact,static_only,0.031818181818181815,2.499839605091377,0.0,0.0,0.9877393462423756,-0.05357645921991146,1.2345157595230063,0.9999358420365508,5.0,2.220446049250313e-16,1.0000000000000002
haxs.stage5c2gR32.g1-quadrature.v1,limit_hopping_zero_chain6,chain6_hole_2,4,exact,static_only,0.06363636363636363,2.4993585006608043,8.673617379884035e-18,0.0,0.9757705688846131,-0.10652285182318069,1.2190873352407148,0.9997434002643217,5.0,2.220446049250313e-16,1.0000000000000002
haxs.stage5c2gR32.g1-quadrature.v1,limit_hopping_zero_chain6,chain6_hole_2,4,exact,static_only,0.09545454545454544,2.4985569274735404,-6.071532165918825e-18,0.0,0.9640863622669436,-0.15884060520388707,1.2037171078250903,0.9994227709894161,5.0,2.220446049250313e-16,0.9999999999999996
haxs.stage5c2gR32.g1-quadrature.v1,limit_hopping_zero_chain6,chain6_hole_2,4,exact,static_only,0.12727272727272726,2.49743528640312,0.0,5.551115123125783e-17,0.9526796711914574,-0.21053101900671112,1.1884074917819991,0.9989741145612481,5.0,0.0,1.0
haxs.stage5c2gR32.g1-quadrature.v1,limit_hopping_zero_chain6,chain6_hole_2,4,exact,static_only,0.15909090909090906,2.495994137829336,0.0,-5.551115123125783e-17,0.9415436856116965,-0.2615952484545581,1.17316093455985,0.9983976551317344,5.0,2.220446049250313e-16,1.0000000000000002
haxs.stage5c2gR32.g1-quadrature.v1,limit_hopping_zero_chain6,chain6_hole_2,4,exact,static_only,0.1909090909090909,2.4942342007970772,1.3877787807814457e-17,0.0,0.9306718356399097,-0.3120342868008347,1.1579799155546553,0.9976936803188309,5.0,2.220446049250313e-16,1.0000000000000002
haxs.stage5c2gR32.g1-quadrature.v1,limit_hopping_zero_chain6,chain6_hole_2,4,exact,static_only,0.22272727272727272,2.4921563519376457,-2.0816681711721685e-17,5.551115123125783e-17,0.9200577868647477,-0.36184894688857105,1.1428669450127276,0.9968625407750583,5.0,0.0,1.0000000000000002
haxs.stage5c2gR32.g1-quadrature.v1,limit_hopping_zero_chain6,chain6_hole_2,4,exact,static_only,0.2545454545454545,2.4897616241547076,-3.469446951953614e-18,0.0,0.9096954359727767,-0.41103984179863223,1.1278245628324606,0.9959046496618831,5.0,2.220446049250313e-16,0.9999999999999999
haxs.stage5c2gR32.g1-quadrature.v1,limit_hopping_zero_chain6,chain6_hole_2,4,exact,static_only,0.2863636363636363,2.487051205077413,1.3877787807814457e-17,0.0,0.8995789066678943,-0.4596073645687886,1.1128553372668784,0.9948204820309652,5.0,0.0,1.0000000000000004
haxs.stage5c2gR32.g1-quadrature.v1,limit_hopping_zero_chain6,chain6_hole_2,4,exact,static_only,0.3181818181818181,2.4840264352837456,-2.7755575615628914e-17,-1.1102230246251565e-16,0.889702545883294,-0.5075516669656108,1.0979618635288815,0.9936105741134982,5.0,0.0,0.9999999999999997
haxs.stage5c2gR32.g1-quadrature.v1,limit_hopping_zero_chain6,chain6_hole_2,4,exact,static_only,0.35,2.480688806297571,1.0408340855860843e-17,5.551115123125783e-17,0.8800609202812291,-0.5548726372911887,1.0831467623013422,0.9922755225190285,5.0,4.440892098500626e-16,1.0000000000000002
haxs.stage5c2gR32.g1-quadrature.v1,limit_hopping_zero_chain6,chain6_hole_2,4,exact,static_only,0.3818181818181818,2.4770399583633123,6.938893903907228e-18,0.0,0.8706488130363986,-0.6015698772069156,1.0684126781544423,0.990815983345325,5.0,0.0,1.0
haxs.stage5c2gR32.g1-quadrature.v1,limit_hopping_zero_chain6,chain6_hole_2,4,exact,static_only,0.4136363636363636,2.473081678002613,6.938893903907228e-18,0.0,0.8614612208993184,-0.6476426775570755,1.0537622778728735,0.9892326712010451,5.0,2.220446049250313e-16,0.9999999999999999
haxs.stage5c2gR32.g1-quadrature.v1,limit_hopping_zero_chain6,chain6_hole_2,4,exact,static_only,0.44545454545454544,2.4688158953577664,-1.3877787807814457e-17,1.1102230246251565e-16,0.8524933515366029,-0.6930899931754753,1.0391982486957587,0.9875263581431065,5.0,0.0,1.0000000000000002
haxs.stage5c2gR32.g1-quadrature.v1,limit_hopping_zero_chain6,chain6_hole_2,4,exact,static_only,0.47727272727272724,2.464244681327126,-1.3877787807814457e-17,-5.551115123125783e-17,0.8437406211455839,-0.7379104166593526,1.024723296472366,0.9856978725308505,5.0,0.0,1.0
haxs.stage5c2gR32.g1-quadrature.v1,limit_hopping_zero_chain6,chain6_hole_2,4,exact,static_only,0.509090909090909,2.4593702444980905,0.0,5.551115123125783e-17,0.8351986523412442,-0.7821021510957326,1.0103401437369188,0.9837480977992362,5.0,4.440892098500626e-16,1.0
haxs.stage5c2gR32.g1-quadrature.v1,limit_hopping_zero_chain6,chain6_hole_2,4,exact,static_only,0.5409090909090909,2.4541949278836697,0.0,0.0,0.8268632723139439,-0.8256629817268297,0.9960515277060101,0.9816779711534679,5.0,2.220446049250313e-16,1.0000000000000002
haxs.stage5c2gR32.g1-quadrature.v1,limit_hopping_zero_chain6,chain6_hole_2,4,exact,static_only,0.5727272727272726,2.4487212054690217,-4.85722573273506e-17,0.0,0.8187305112569448,-0.8685902465427036,0.981860198202356,0.9794884821876086,5.0,0.0,1.0
haxs.stage5c2gR32.g1-quadrature.v1,limit_hopping_zero_chain6,chain6_hole_2,4,exact,static_only,0.6045454545454545,2.442951678574702,0.0,-5.551115123125783e-17,0.8107966010632618,-0.9108808057913226,0.9677689155088083,0.9771806714298809,5.0,2.220446049250313e-16,1.0000000000000004
haxs.stage5c2gR32.g1-quadrature.v1,limit_hopping_zero_chain6,chain6_hole_2,4,exact,static_only,0.6363636363636362,2.4368890720437433,-3.469446951953614e-17,5.551115123125783e-17,0.8030579742918872,-0.9525310103985449,0.9537804481567588,0.9747556288174973,5.0,0.0,0.9999999999999997
haxs.stage5c2gR32.g1-quadrature.v1,limit_hopping_zero_chain6,chain6_hole_2,4,exact,static_only,0.6681818181818181,2.430536230260003,-4.85722573273506e-17,5.551115123125783e-17,0.7955112634039839,-0.9935366692931933,0.9398975706532442,0.9722144921040012,5.0,4.440892098500626e-16,1.0000000000000004
haxs.stage5c2gR32.g1-quadrature.v1,limit_hopping_zero_chain6,chain6_hole_2,4,exact,static_only,0.7,2.423896113005564,-4.85722573273506e-17,5.551115123125783e-17,0.7881533002701784,-1.0338930156355801,0.9261230611512485,0.9695584452022257,5.0,0.0,1.0
haxs.stage5c2gR32.g1-quadrature.v1,limit_hopping_zero_chain6,chain6_hole_2,4,exact,static_only,0.7318181818181817,2.416971791165275,2.7755575615628914e-17,-5.551115123125783e-17,0.7809811159506561,-1.0735946719514247,0.9124596990678724,0.96678871646611,5.0,2.220446049250313e-16,1.0
haxs.stage5c2gR32.g1-quadrature.v1,limit_hopping_zero_chain6,chain6_hole_2,4,exact,static_only,0.7636363636363636,2.4097664422867897,-1.3877787807814457e-17,5.551115123125783e-17,0.7739919407503433,-1.1126356141772316,0.898910262655176,0.9639065769147159,5.0,2.220446049250313e-16,1.0000000000000004
haxs.stage5c2gR32.g1-quadrature.v1,limit_hopping_zero_chain6,chain6_hole_2,4,exact,static_only,0.7954545454545454,2.402283346004785,2.7755575615628914e-17,-5.551115123125783e-17,0.7671832045520792,-1.1510091346277835,0.8854775265287002,0.960913338401914,5.0,4.440892098500626e-16,1.0000000000000002
haxs.stage5c2gR32.g1-quadrature.v1,limit_hopping_zero_chain6,chain6_hole_2,4,exact,static_only,0.8272727272727272,2.3945258793382513,-4.163336342344337e-17,0.0,0.7605525374312885,-1.1887078039018397,0.8721642591587402,0.9578103517353005,5.0,0.0,1.0000000000000004
haxs.stage5c2gR32.g1-quadrature.v1,limit_hopping_zero_chain6,chain6_hole_2,4,exact,static_only,0.859090909090909,2.386497511870025,1.3877787807814457e-17,5.551115123125783e-17,0.7540977705563687,-1.225723431747799,0.8589732203296438,0.95459900474801,5.0,0.0,1.0
haxs.stage5c2gR32.g1-quadrature.v1,limit_hopping_zero_chain6,chain6_hole_2,4,exact,static_only,0.8909090909090909,2.378201800817927,1.3877787807814457e-17,-5.551115123125783e-17,0.7478169373796886,-1.262047026917821,0.8459071585724609,0.9512807203271707,5.0,4.440892098500626e-16,1.0000000000000007
haxs.stage5c2gR32.g1-quadrature.v1,limit_hopping_zero_chain6,chain6_hole_2,4,exact,static_only,0.9227272727272726,2.3696423860070945,1.3877787807814457e-17,0.0,0.741708275124846,-1.2976687560461428,0.8329688085764019,0.9478569544028378,5.0,0.0,1.0
haxs.stage5c2gR32.g1-quadrature.v1,limit_hopping_zero_chain6,chain6_hole_2,4,exact,static_only,0.9545454545454545,2.3608229847532782,1.3877787807814457e-17,-5.551115123125783e-17,0.7357702265766247,-1.3325779015954653,0.8201608885846421,0.9443291939013113,5.0,0.0,0.9999999999999999
haxs.stage5c2gR32.g1-quadrature.v1,limit_hopping_zero_chain6,chain6_hole_2,4,exact,static_only,0.9863636363636362,2.351747386667011,-2.7755575615628914e-17,0.0,0.7300014421809556,-1.3667628189240402,0.807486097780078,0.9406989546668043,5.0,1.1102230246251565e-16,0.9999999999999998
haxs.stage5c2gR32.g1-quadrature.v1,limit_hopping_zero_chain6,chain6_hole_2,4,exact,static_only,1.018181818181818,2.342419448388748,2.7755575615628914e-17,0.0,0.7244007824630561,-1.4002108925361143,0.7949471136666917,0.9369677793554991,5.0,0.0,1.0000000000000007
haxs.stage5c2gR32.g1-quadrature.v1,limit_hopping_zero_chain6,chain6_hole_2,4,exact,static_only,1.0499999999999998,2.3328430882651467,0.0,-5.551115123125783e-17,0.7189673207729416,-1.4329084915887438,0.7825465894522403,0.9331372353060587,5.0,0.0,1.0000000000000002
haxs.stage5c2gR32.g1-quadrature.v1,limit_hopping_zero_chain6,chain6_hole_2,4,exact,static_only,1.0818181818181818,2.3230222809768106,-4.163336342344337e-17,5.551115123125783e-17,0.7137003463684944,-1.464840924739956,0.7702871514379861,0.9292089123907242,5.0,4.440892098500626e-16,1.0000000000000002
haxs.stage5c2gR32.g1-quadrature.v1,limit_hopping_zero_chain6,chain6_hole_2,4,exact,static_only,1.1136363636363635,2.3129610521278536,0.0,-5.551115123125783e-17,0.7085993678474506,-1.4959923944355056,0.7581713964212208,0.9251844208511415,5.0,4.440892098500626e-16,1.0
haxs.stage5c2gR32.g1-quadrature.v1,limit_hopping_zero_chain6,chain6_hole_2,4,exact,static_only,1.1454545454545453,2.302663472807751,-8.326672684688674e-17,5.551115123125783e-17,0.7036641169408306,-1.5263459507453636,0.7462018891163087,0.9210653891231004,5.0,4.440892098500626e-16,1.0
haxs.stage5c2gR32.g1-quadrature.v1,limit_hopping_zero_chain6,chain6_hole_2,4,exact,static_only,1.1772727272727272,2.2921336541359336,-1.3877787807814457e-17,0.0,0.6988945526816865,-1.5558834448754941,0.7343811595999634,0.9168534616543734,5.0,4.440892098500626e-16,0.9999999999999998
haxs.stage5c2gR32.g1-quadrature.v1,limit_hopping_zero_chain6,chain6_hole_2,4,exact,static_only,1.209090909090909,2.2813757417996428,-5.551115123125783e-17,5.551115123125783e-17,0.6942908659644282,-1.5845854824962569,0.7227117007864311,0.9125502967198571,5.0,0.0,1.0
haxs.stage5c2gR32.g1-quadrature.v1,limit_hopping_zero_chain6,chain6_hole_2,4,exact,static_only,1.2409090909090907,2.270393910595539,-1.3877787807814457e-17,0.0,0.6898534845115342,-1.6124313770454295,0.7111959659381989,0.9081575642382156,5.0,0.0,1.0
haxs.stage5c2gR32.g1-quadrature.v1,limit_hopping_zero_chain6,chain6_hole_2,4,exact,static_only,1.2727272727272725,2.259192358985529,2.7755575615628914e-17,-5.551115123125783e-17,0.685583078266112,-1.6393991031815198,0.6998363662177715,0.9036769435942116,5.0,0.0,1.0000000000000007
haxs.stage5c2gR32.g1-quadrature.v1,limit_hopping_zero_chain6,chain6_hole_2,4,exact,static_only,1.3045454545454545,2.247775303677253,-4.163336342344337e-17,-5.551115123125783e-17,0.6814805652305649,-1.6654652505817826,0.6886352682859758,0.8991101214709012,5.0,0.0,1.0000000000000002
haxs.stage5c2gR32.g1-quadrature.v1,limit_hopping_zero_chain6,chain6_hole_2,4,exact,static_only,1.3363636363636362,2.2361469742395794,-1.3877787807814457e-17,0.0,0.6775471177735836,-1.6906049782988883,0.677594991952147,0.8944587896958318,5.0,0.0,1.0000000000000002
haxs.stage5c2gR32.g1-quadrature.v1,limit_hopping_zero_chain6,chain6_hole_2,4,exact,static_only,1.368181818181818,2.2243116077633993,2.7755575615628914e-17,0.0,0.6737841694297878,-1.7147919699107184,0.6667178078814308,0.8897246431053597,5.0,2.220446049250313e-16,1.0000000000000004
haxs.stage5c2gR32.g1-quadrature.v1,limit_hopping_zero_chain6,chain6_hole_2,4,exact,static_only,1.4,2.2122734435778613,0.0,-5.551115123125783e-17,0.6701934222186641,-1.7379983897188456,0.6560059353642963,0.8849093774311445,5.0,0.0,0.9999999999999998
haxs.stage5c2gR32.g1-quadrature.v1,limit_hopping_zero_chain6,chain6_hole_2,1,exact,mobile_only,0.0,2.5000000000000004,0.0,-5.551115123125783e-17,0.9999999999999996,-1.9286549331065747e-15,1.25,1.0000000000000002,5.0,2.220446049250313e-16,1.0000000000000002
haxs.stage5c2gR32.g1-quadrature.v1,limit_hopping_zero_chain6,chain6_hole_2,1,exact,mobile_only,0.031818181818181815,2.499839605091377,0.0,0.0,0.9877393462423756,-0.05357645921991146,1.2345157595230063,0.9999358420365508,5.0,2.220446049250313e-16,1.0000000000000002
haxs.stage5c2gR32.g1-quadrature.v1,limit_hopping_zero_chain6,chain6_hole_2,1,exact,mobile_only,0.06363636363636363,2.4993585006608043,8.673617379884035e-18,0.0,0.9757705688846131,-0.10652285182318069,1.2190873352407148,0.9997434002643217,5.0,2.220446049250313e-16,1.0000000000000002
haxs.stage5c2gR32.g1-quadrature.v1,limit_hopping_zero_chain6,chain6_hole_2,1,exact,mobile_only,0.09545454545454544,2.4985569274735404,-6.071532165918825e-18,0.0,0.9640863622669436,-0.15884060520388707,1.2037171078250903,0.9994227709894161,5.0,2.220446049250313e-16,0.9999999999999996
haxs.stage5c2gR32.g1-quadrature.v1,limit_hopping_zero_chain6,chain6_hole_2,1,exact,mobile_only,0.12727272727272726,2.49743528640312,0.0,5.551115123125783e-17,0.9526796711914574,-0.21053101900671112,1.1884074917819991,0.9989741145612481,5.0,0.0,1.0
haxs.stage5c2gR32.g1-quadrature.v1,limit_hopping_zero_chain6,chain6_hole_2,1,exact,mobile_only,0.15909090909090906,2.495994137829336,0.0,-5.551115123125783e-17,0.9415436856116965,-0.2615952484545581,1.17316093455985,0.9983976551317344,5.0,2.220446049250313e-16,1.0000000000000002
haxs.stage5c2gR32.g1-quadrature.v1,limit_hopping_zero_chain6,chain6_hole_2,1,exact,mobile_only,0.1909090909090909,2.4942342007970772,1.3877787807814457e-17,0.0,0.9306718356399097,-0.3120342868008347,1.1579799155546553,0.9976936803188309,5.0,2.220446049250313e-16,1.0000000000000002
haxs.stage5c2gR32.g1-quadrature.v1,limit_hopping_zero_chain6,chain6_hole_2,1,exact,mobile_only,0.22272727272727272,2.4921563519376457,-2.0816681711721685e-17,5.551115123125783e-17,0.9200577868647477,-0.36184894688857105,1.1428669450127276,0.9968625407750583,5.0,0.0,1.0000000000000002
haxs.stage5c2gR32.g1-quadrature.v1,limit_hopping_zero_chain6,chain6_hole_2,1,exact,mobile_only,0.2545454545454545,2.4897616241547076,-3.469446951953614e-18,0.0,0.9096954359727767,-0.41103984179863223,1.1278245628324606,0.9959046496618831,5.0,2.220446049250313e-16,0.9999999999999999
haxs.stage5c2gR32.g1-quadrature.v1,limit_hopping_zero_chain6,chain6_hole_2,1,exact,mobile_only,0.2863636363636363,2.487051205077413,1.3877787807814457e-17,0.0,0.8995789066678943,-0.4596073645687886,1.1128553372668784,0.9948204820309652,5.0,0.0,1.0000000000000004
haxs.stage5c2gR32.g1-quadrature.v1,limit_hopping_zero_chain6,chain6_hole_2,1,exact,mobile_only,0.3181818181818181,2.4840264352837456,-2.7755575615628914e-17,-1.1102230246251565e-16,0.889702545883294,-0.5075516669656108,1.0979618635288815,0.9936105741134982,5.0,0.0,0.9999999999999997
haxs.stage5c2gR32.g1-quadrature.v1,limit_hopping_zero_chain6,chain6_hole_2,1,exact,mobile_only,0.35,2.480688806297571,1.0408340855860843e-17,5.551115123125783e-17,0.8800609202812291,-0.5548726372911887,1.0831467623013422,0.9922755225190285,5.0,4.440892098500626e-16,1.0000000000000002
haxs.stage5c2gR32.g1-quadrature.v1,limit_hopping_zero_chain6,chain6_hole_2,1,exact,mobile_only,0.3818181818181818,2.4770399583633123,6.938893903907228e-18,0.0,0.8706488130363986,-0.6015698772069156,1.0684126781544423,0.990815983345325,5.0,0.0,1.0
haxs.stage5c2gR32.g1-quadrature.v1,limit_hopping_zero_chain6,chain6_hole_2,1,exact,mobile_only,0.4136363636363636,2.473081678002613,6.938893903907228e-18,0.0,0.8614612208993184,-0.6476426775570755,1.0537622778728735,0.9892326712010451,5.0,2.220446049250313e-16,0.9999999999999999
haxs.stage5c2gR32.g1-quadrature.v1,limit_hopping_zero_chain6,chain6_hole_2,1,exact,mobile_only,0.44545454545454544,2.4688158953577664,-1.3877787807814457e-17,1.1102230246251565e-16,0.8524933515366029,-0.6930899931754753,1.0391982486957587,0.9875263581431065,5.0,0.0,1.0000000000000002
haxs.stage5c2gR32.g1-quadrature.v1,limit_hopping_zero_chain6,chain6_hole_2,1,exact,mobile_only,0.47727272727272724,2.464244681327126,-1.3877787807814457e-17,-5.551115123125783e-17,0.8437406211455839,-0.7379104166593526,1.024723296472366,0.9856978725308505,5.0,0.0,1.0
haxs.stage5c2gR32.g1-quadrature.v1,limit_hopping_zero_chain6,chain6_hole_2,1,exact,mobile_only,0.509090909090909,2.4593702444980905,0.0,5.551115123125783e-17,0.8351986523412442,-0.7821021510957326,1.0103401437369188,0.9837480977992362,5.0,4.440892098500626e-16,1.0
haxs.stage5c2gR32.g1-quadrature.v1,limit_hopping_zero_chain6,chain6_hole_2,1,exact,mobile_only,0.5409090909090909,2.4541949278836697,0.0,0.0,0.8268632723139439,-0.8256629817268297,0.9960515277060101,0.9816779711534679,5.0,2.220446049250313e-16,1.0000000000000002
haxs.stage5c2gR32.g1-quadrature.v1,limit_hopping_zero_chain6,chain6_hole_2,1,exact,mobile_only,0.5727272727272726,2.4487212054690217,-4.85722573273506e-17,0.0,0.8187305112569448,-0.8685902465427036,0.981860198202356,0.9794884821876086,5.0,0.0,1.0
haxs.stage5c2gR32.g1-quadrature.v1,limit_hopping_zero_chain6,chain6_hole_2,1,exact,mobile_only,0.6045454545454545,2.442951678574702,0.0,-5.551115123125783e-17,0.8107966010632618,-0.9108808057913226,0.9677689155088083,0.9771806714298809,5.0,2.220446049250313e-16,1.0000000000000004
haxs.stage5c2gR32.g1-quadrature.v1,limit_hopping_zero_chain6,chain6_hole_2,1,exact,mobile_only,0.6363636363636362,2.4368890720437433,-3.469446951953614e-17,5.551115123125783e-17,0.8030579742918872,-0.9525310103985449,0.9537804481567588,0.9747556288174973,5.0,0.0,0.9999999999999997
haxs.stage5c2gR32.g1-quadrature.v1,limit_hopping_zero_chain6,chain6_hole_2,1,exact,mobile_only,0.6681818181818181,2.430536230260003,-4.85722573273506e-17,5.551115123125783e-17,0.7955112634039839,-0.9935366692931933,0.9398975706532442,0.9722144921040012,5.0,4.440892098500626e-16,1.0000000000000004
haxs.stage5c2gR32.g1-quadrature.v1,limit_hopping_zero_chain6,chain6_hole_2,1,exact,mobile_only,0.7,2.423896113005564,-4.85722573273506e-17,5.551115123125783e-17,0.7881533002701784,-1.0338930156355801,0.9261230611512485,0.9695584452022257,5.0,0.0,1.0
haxs.stage5c2gR32.g1-quadrature.v1,limit_hopping_zero_chain6,chain6_hole_2,1,exact,mobile_only,0.7318181818181817,2.416971791165275,2.7755575615628914e-17,-5.551115123125783e-17,0.7809811159506561,-1.0735946719514247,0.9124596990678724,0.96678871646611,5.0,2.220446049250313e-16,1.0
haxs.stage5c2gR32.g1-quadrature.v1,limit_hopping_zero_chain6,chain6_hole_2,1,exact,mobile_only,0.7636363636363636,2.4097664422867897,-1.3877787807814457e-17,5.551115123125783e-17,0.7739919407503433,-1.1126356141772316,0.898910262655176,0.9639065769147159,5.0,2.220446049250313e-16,1.0000000000000004
haxs.stage5c2gR32.g1-quadrature.v1,limit_hopping_zero_chain6,chain6_hole_2,1,exact,mobile_only,0.7954545454545454,2.402283346004785,2.7755575615628914e-17,-5.551115123125783e-17,0.7671832045520792,-1.1510091346277835,0.8854775265287002,0.960913338401914,5.0,4.440892098500626e-16,1.0000000000000002
haxs.stage5c2gR32.g1-quadrature.v1,limit_hopping_zero_chain6,chain6_hole_2,1,exact,mobile_only,0.8272727272727272,2.3945258793382513,-4.163336342344337e-17,0.0,0.7605525374312885,-1.1887078039018397,0.8721642591587402,0.9578103517353005,5.0,0.0,1.0000000000000004
haxs.stage5c2gR32.g1-quadrature.v1,limit_hopping_zero_chain6,chain6_hole_2,1,exact,mobile_only,0.859090909090909,2.386497511870025,1.3877787807814457e-17,5.551115123125783e-17,0.7540977705563687,-1.225723431747799,0.8589732203296438,0.95459900474801,5.0,0.0,1.0
haxs.stage5c2gR32.g1-quadrature.v1,limit_hopping_zero_chain6,chain6_hole_2,1,exact,mobile_only,0.8909090909090909,2.378201800817927,1.3877787807814457e-17,-5.551115123125783e-17,0.7478169373796886,-1.262047026917821,0.8459071585724609,0.9512807203271707,5.0,4.440892098500626e-16,1.0000000000000007
haxs.stage5c2gR32.g1-quadrature.v1,limit_hopping_zero_chain6,chain6_hole_2,1,exact,mobile_only,0.9227272727272726,2.3696423860070945,1.3877787807814457e-17,0.0,0.741708275124846,-1.2976687560461428,0.8329688085764019,0.9478569544028378,5.0,0.0,1.0
haxs.stage5c2gR32.g1-quadrature.v1,limit_hopping_zero_chain6,chain6_hole_2,1,exact,mobile_only,0.9545454545454545,2.3608229847532782,1.3877787807814457e-17,-5.551115123125783e-17,0.7357702265766247,-1.3325779015954653,0.8201608885846421,0.9443291939013113,5.0,0.0,0.9999999999999999
haxs.stage5c2gR32.g1-quadrature.v1,limit_hopping_zero_chain6,chain6_hole_2,1,exact,mobile_only,0.9863636363636362,2.351747386667011,-2.7755575615628914e-17,0.0,0.7300014421809556,-1.3667628189240402,0.807486097780078,0.9406989546668043,5.0,1.1102230246251565e-16,0.9999999999999998
haxs.stage5c2gR32.g1-quadrature.v1,limit_hopping_zero_chain6,chain6_hole_2,1,exact,mobile_only,1.018181818181818,2.342419448388748,2.7755575615628914e-17,0.0,0.7244007824630561,-1.4002108925361143,0.7949471136666917,0.9369677793554991,5.0,0.0,1.0000000000000007
haxs.stage5c2gR32.g1-quadrature.v1,limit_hopping_zero_chain6,chain6_hole_2,1,exact,mobile_only,1.0499999999999998,2.3328430882651467,0.0,-5.551115123125783e-17,0.7189673207729416,-1.4329084915887438,0.7825465894522403,0.9331372353060587,5.0,0.0,1.0000000000000002
haxs.stage5c2gR32.g1-quadrature.v1,limit_hopping_zero_chain6,chain6_hole_2,1,exact,mobile_only,1.0818181818181818,2.3230222809768106,-4.163336342344337e-17,5.551115123125783e-17,0.7137003463684944,-1.464840924739956,0.7702871514379861,0.9292089123907242,5.0,4.440892098500626e-16,1.0000000000000002
haxs.stage5c2gR32.g1-quadrature.v1,limit_hopping_zero_chain6,chain6_hole_2,1,exact,mobile_only,1.1136363636363635,2.3129610521278536,0.0,-5.551115123125783e-17,0.7085993678474506,-1.4959923944355056,0.7581713964212208,0.9251844208511415,5.0,4.440892098500626e-16,1.0
haxs.stage5c2gR32.g1-quadrature.v1,limit_hopping_zero_chain6,chain6_hole_2,1,exact,mobile_only,1.1454545454545453,2.302663472807751,-8.326672684688674e-17,5.551115123125783e-17,0.7036641169408306,-1.5263459507453636,0.7462018891163087,0.9210653891231004,5.0,4.440892098500626e-16,1.0
haxs.stage5c2gR32.g1-quadrature.v1,limit_hopping_zero_chain6,chain6_hole_2,1,exact,mobile_only,1.1772727272727272,2.2921336541359336,-1.3877787807814457e-17,0.0,0.6988945526816865,-1.5558834448754941,0.7343811595999634,0.9168534616543734,5.0,4.440892098500626e-16,0.9999999999999998
haxs.stage5c2gR32.g1-quadrature.v1,limit_hopping_zero_chain6,chain6_hole_2,1,exact,mobile_only,1.209090909090909,2.2813757417996428,-5.551115123125783e-17,5.551115123125783e-17,0.6942908659644282,-1.5845854824962569,0.7227117007864311,0.9125502967198571,5.0,0.0,1.0
haxs.stage5c2gR32.g1-quadrature.v1,limit_hopping_zero_chain6,chain6_hole_2,1,exact,mobile_only,1.2409090909090907,2.270393910595539,-1.3877787807814457e-17,0.0,0.6898534845115342,-1.6124313770454295,0.7111959659381989,0.9081575642382156,5.0,0.0,1.0
haxs.stage5c2gR32.g1-quadrature.v1,limit_hopping_zero_chain6,chain6_hole_2,1,exact,mobile_only,1.2727272727272725,2.259192358985529,2.7755575615628914e-17,-5.551115123125783e-17,0.685583078266112,-1.6393991031815198,0.6998363662177715,0.9036769435942116,5.0,0.0,1.0000000000000007
haxs.stage5c2gR32.g1-quadrature.v1,limit_hopping_zero_chain6,chain6_hole_2,1,exact,mobile_only,1.3045454545454545,2.247775303677253,-4.163336342344337e-17,-5.551115123125783e-17,0.6814805652305649,-1.6654652505817826,0.6886352682859758,0.8991101214709012,5.0,0.0,1.0000000000000002
haxs.stage5c2gR32.g1-quadrature.v1,limit_hopping_zero_chain6,chain6_hole_2,1,exact,mobile_only,1.3363636363636362,2.2361469742395794,-1.3877787807814457e-17,0.0,0.6775471177735836,-1.6906049782988883,0.677594991952147,0.8944587896958318,5.0,0.0,1.0000000000000002
haxs.stage5c2gR32.g1-quadrature.v1,limit_hopping_zero_chain6,chain6_hole_2,1,exact,mobile_only,1.368181818181818,2.2243116077633993,2.7755575615628914e-17,0.0,0.6737841694297878,-1.7147919699107184,0.6667178078814308,0.8897246431053597,5.0,2.220446049250313e-16,1.0000000000000004
haxs.stage5c2gR32.g1-quadrature.v1,limit_hopping_zero_chain6,chain6_hole_2,1,exact,mobile_only,1.4,2.2122734435778613,0.0,-5.551115123125783e-17,0.6701934222186641,-1.7379983897188456,0.6560059353642963,0.8849093774311445,5.0,0.0,0.9999999999999998
haxs.stage5c2gR32.g1-quadrature.v1,limit_hopping_zero_chain6,chain6_hole_2,2,exact,mobile_only,0.0,2.5000000000000004,0.0,-5.551115123125783e-17,0.9999999999999996,-1.9286549331065747e-15,1.25,1.0000000000000002,5.0,2.220446049250313e-16,1.0000000000000002
haxs.stage5c2gR32.g1-quadrature.v1,limit_hopping_zero_chain6,chain6_hole_2,2,exact,mobile_only,0.031818181818181815,2.499839605091377,0.0,0.0,0.9877393462423756,-0.05357645921991146,1.2345157595230063,0.9999358420365508,5.0,2.220446049250313e-16,1.0000000000000002
haxs.stage5c2gR32.g1-quadrature.v1,limit_hopping_zero_chain6,chain6_hole_2,2,exact,mobile_only,0.06363636363636363,2.4993585006608043,8.673617379884035e-18,0.0,0.9757705688846131,-0.10652285182318069,1.2190873352407148,0.9997434002643217,5.0,2.220446049250313e-16,1.0000000000000002
haxs.stage5c2gR32.g1-quadrature.v1,limit_hopping_zero_chain6,chain6_hole_2,2,exact,mobile_only,0.09545454545454544,2.4985569274735404,-6.071532165918825e-18,0.0,0.9640863622669436,-0.15884060520388707,1.2037171078250903,0.9994227709894161,5.0,2.220446049250313e-16,0.9999999999999996
haxs.stage5c2gR32.g1-quadrature.v1,limit_hopping_zero_chain6,chain6_hole_2,2,exact,mobile_only,0.12727272727272726,2.49743528640312,0.0,5.551115123125783e-17,0.9526796711914574,-0.21053101900671112,1.1884074917819991,0.9989741145612481,5.0,0.0,1.0
haxs.stage5c2gR32.g1-quadrature.v1,limit_hopping_zero_chain6,chain6_hole_2,2,exact,mobile_only,0.15909090909090906,2.495994137829336,0.0,-5.551115123125783e-17,0.9415436856116965,-0.2615952484545581,1.17316093455985,0.9983976551317344,5.0,2.220446049250313e-16,1.0000000000000002
haxs.stage5c2gR32.g1-quadrature.v1,limit_hopping_zero_chain6,chain6_hole_2,2,exact,mobile_only,0.1909090909090909,2.4942342007970772,1.3877787807814457e-17,0.0,0.9306718356399097,-0.3120342868008347,1.1579799155546553,0.9976936803188309,5.0,2.220446049250313e-16,1.0000000000000002
haxs.stage5c2gR32.g1-quadrature.v1,limit_hopping_zero_chain6,chain6_hole_2,2,exact,mobile_only,0.22272727272727272,2.4921563519376457,-2.0816681711721685e-17,5.551115123125783e-17,0.9200577868647477,-0.36184894688857105,1.1428669450127276,0.9968625407750583,5.0,0.0,1.0000000000000002
haxs.stage5c2gR32.g1-quadrature.v1,limit_hopping_zero_chain6,chain6_hole_2,2,exact,mobile_only,0.2545454545454545,2.4897616241547076,-3.469446951953614e-18,0.0,0.9096954359727767,-0.41103984179863223,1.1278245628324606,0.9959046496618831,5.0,2.220446049250313e-16,0.9999999999999999
haxs.stage5c2gR32.g1-quadrature.v1,limit_hopping_zero_chain6,chain6_hole_2,2,exact,mobile_only,0.2863636363636363,2.487051205077413,1.3877787807814457e-17,0.0,0.8995789066678943,-0.4596073645687886,1.1128553372668784,0.9948204820309652,5.0,0.0,1.0000000000000004
haxs.stage5c2gR32.g1-quadrature.v1,limit_hopping_zero_chain6,chain6_hole_2,2,exact,mobile_only,0.3181818181818181,2.4840264352837456,-2.7755575615628914e-17,-1.1102230246251565e-16,0.889702545883294,-0.5075516669656108,1.0979618635288815,0.9936105741134982,5.0,0.0,0.9999999999999997
haxs.stage5c2gR32.g1-quadrature.v1,limit_hopping_zero_chain6,chain6_hole_2,2,exact,mobile_only,0.35,2.480688806297571,1.0408340855860843e-17,5.551115123125783e-17,0.8800609202812291,-0.5548726372911887,1.0831467623013422,0.9922755225190285,5.0,4.440892098500626e-16,1.0000000000000002
haxs.stage5c2gR32.g1-quadrature.v1,limit_hopping_zero_chain6,chain6_hole_2,2,exact,mobile_only,0.3818181818181818,2.4770399583633123,6.938893903907228e-18,0.0,0.8706488130363986,-0.6015698772069156,1.0684126781544423,0.990815983345325,5.0,0.0,1.0
haxs.stage5c2gR32.g1-quadrature.v1,limit_hopping_zero_chain6,chain6_hole_2,2,exact,mobile_only,0.4136363636363636,2.473081678002613,6.938893903907228e-18,0.0,0.8614612208993184,-0.6476426775570755,1.0537622778728735,0.9892326712010451,5.0,2.220446049250313e-16,0.9999999999999999
haxs.stage5c2gR32.g1-quadrature.v1,limit_hopping_zero_chain6,chain6_hole_2,2,exact,mobile_only,0.44545454545454544,2.4688158953577664,-1.3877787807814457e-17,1.1102230246251565e-16,0.8524933515366029,-0.6930899931754753,1.0391982486957587,0.9875263581431065,5.0,0.0,1.0000000000000002
haxs.stage5c2gR32.g1-quadrature.v1,limit_hopping_zero_chain6,chain6_hole_2,2,exact,mobile_only,0.47727272727272724,2.464244681327126,-1.3877787807814457e-17,-5.551115123125783e-17,0.8437406211455839,-0.7379104166593526,1.024723296472366,0.9856978725308505,5.0,0.0,1.0
haxs.stage5c2gR32.g1-quadrature.v1,limit_hopping_zero_chain6,chain6_hole_2,2,exact,mobile_only,0.509090909090909,2.4593702444980905,0.0,5.551115123125783e-17,0.8351986523412442,-0.7821021510957326,1.0103401437369188,0.9837480977992362,5.0,4.440892098500626e-16,1.0
haxs.stage5c2gR32.g1-quadrature.v1,limit_hopping_zero_chain6,chain6_hole_2,2,exact,mobile_only,0.5409090909090909,2.4541949278836697,0.0,0.0,0.8268632723139439,-0.8256629817268297,0.9960515277060101,0.9816779711534679,5.0,2.220446049250313e-16,1.0000000000000002
haxs.stage5c2gR32.g1-quadrature.v1,limit_hopping_zero_chain6,chain6_hole_2,2,exact,mobile_only,0.5727272727272726,2.4487212054690217,-4.85722573273506e-17,0.0,0.8187305112569448,-0.8685902465427036,0.981860198202356,0.9794884821876086,5.0,0.0,1.0
haxs.stage5c2gR32.g1-quadrature.v1,limit_hopping_zero_chain6,chain6_hole_2,2,exact,mobile_only,0.6045454545454545,2.442951678574702,0.0,-5.551115123125783e-17,0.8107966010632618,-0.9108808057913226,0.9677689155088083,0.9771806714298809,5.0,2.220446049250313e-16,1.0000000000000004
haxs.stage5c2gR32.g1-quadrature.v1,limit_hopping_zero_chain6,chain6_hole_2,2,exact,mobile_only,0.6363636363636362,2.4368890720437433,-3.469446951953614e-17,5.551115123125783e-17,0.8030579742918872,-0.9525310103985449,0.9537804481567588,0.9747556288174973,5.0,0.0,0.9999999999999997
haxs.stage5c2gR32.g1-quadrature.v1,limit_hopping_zero_chain6,chain6_hole_2,2,exact,mobile_only,0.6681818181818181,2.430536230260003,-4.85722573273506e-17,5.551115123125783e-17,0.7955112634039839,-0.9935366692931933,0.9398975706532442,0.9722144921040012,5.0,4.440892098500626e-16,1.0000000000000004
haxs.stage5c2gR32.g1-quadrature.v1,limit_hopping_zero_chain6,chain6_hole_2,2,exact,mobile_only,0.7,2.423896113005564,-4.85722573273506e-17,5.551115123125783e-17,0.7881533002701784,-1.0338930156355801,0.9261230611512485,0.9695584452022257,5.0,0.0,1.0
haxs.stage5c2gR32.g1-quadrature.v1,limit_hopping_zero_chain6,chain6_hole_2,2,exact,mobile_only,0.7318181818181817,2.416971791165275,2.7755575615628914e-17,-5.551115123125783e-17,0.7809811159506561,-1.0735946719514247,0.9124596990678724,0.96678871646611,5.0,2.220446049250313e-16,1.0
haxs.stage5c2gR32.g1-quadrature.v1,limit_hopping_zero_chain6,chain6_hole_2,2,exact,mobile_only,0.7636363636363636,2.4097664422867897,-1.3877787807814457e-17,5.551115123125783e-17,0.7739919407503433,-1.1126356141772316,0.898910262655176,0.9639065769147159,5.0,2.220446049250313e-16,1.0000000000000004
haxs.stage5c2gR32.g1-quadrature.v1,limit_hopping_zero_chain6,chain6_hole_2,2,exact,mobile_only,0.7954545454545454,2.402283346004785,2.7755575615628914e-17,-5.551115123125783e-17,0.7671832045520792,-1.1510091346277835,0.8854775265287002,0.960913338401914,5.0,4.440892098500626e-16,1.0000000000000002
haxs.stage5c2gR32.g1-quadrature.v1,limit_hopping_zero_chain6,chain6_hole_2,2,exact,mobile_only,0.8272727272727272,2.3945258793382513,-4.163336342344337e-17,0.0,0.7605525374312885,-1.1887078039018397,0.8721642591587402,0.9578103517353005,5.0,0.0,1.0000000000000004
haxs.stage5c2gR32.g1-quadrature.v1,limit_hopping_zero_chain6,chain6_hole_2,2,exact,mobile_only,0.859090909090909,2.386497511870025,1.3877787807814457e-17,5.551115123125783e-17,0.7540977705563687,-1.225723431747799,0.8589732203296438,0.95459900474801,5.0,0.0,1.0
haxs.stage5c2gR32.g1-quadrature.v1,limit_hopping_zero_chain6,chain6_hole_2,2,exact,mobile_only,0.8909090909090909,2.378201800817927,1.3877787807814457e-17,-5.551115123125783e-17,0.7478169373796886,-1.262047026917821,0.8459071585724609,0.9512807203271707,5.0,4.440892098500626e-16,1.0000000000000007
haxs.stage5c2gR32.g1-quadrature.v1,limit_hopping_zero_chain6,chain6_hole_2,2,exact,mobile_only,0.9227272727272726,2.3696423860070945,1.3877787807814457e-17,0.0,0.741708275124846,-1.2976687560461428,0.8329688085764019,0.9478569544028378,5.0,0.0,1.0
haxs.stage5c2gR32.g1-quadrature.v1,limit_hopping_zero_chain6,chain6_hole_2,2,exact,mobile_only,0.9545454545454545,2.3608229847532782,1.3877787807814457e-17,-5.551115123125783e-17,0.7357702265766247,-1.3325779015954653,0.8201608885846421,0.9443291939013113,5.0,0.0,0.9999999999999999
haxs.stage5c2gR32.g1-quadrature.v1,limit_hopping_zero_chain6,chain6_hole_2,2,exact,mobile_only,0.9863636363636362,2.351747386667011,-2.7755575615628914e-17,0.0,0.7300014421809556,-1.3667628189240402,0.807486097780078,0.9406989546668043,5.0,1.1102230246251565e-16,0.9999999999999998
haxs.stage5c2gR32.g1-quadrature.v1,limit_hopping_zero_chain6,chain6_hole_2,2,exact,mobile_only,1.018181818181818,2.342419448388748,2.7755575615628914e-17,0.0,0.7244007824630561,-1.4002108925361143,0.7949471136666917,0.9369677793554991,5.0,0.0,1.0000000000000007
haxs.stage5c2gR32.g1-quadrature.v1,limit_hopping_zero_chain6,chain6_hole_2,2,exact,mobile_only,1.0499999999999998,2.3328430882651467,0.0,-5.551115123125783e-17,0.7189673207729416,-1.4329084915887438,0.7825465894522403,0.9331372353060587,5.0,0.0,1.0000000000000002
haxs.stage5c2gR32.g1-quadrature.v1,limit_hopping_zero_chain6,chain6_hole_2,2,exact,mobile_only,1.0818181818181818,2.3230222809768106,-4.163336342344337e-17,5.551115123125783e-17,0.7137003463684944,-1.464840924739956,0.7702871514379861,0.9292089123907242,5.0,4.440892098500626e-16,1.0000000000000002
haxs.stage5c2gR32.g1-quadrature.v1,limit_hopping_zero_chain6,chain6_hole_2,2,exact,mobile_only,1.1136363636363635,2.3129610521278536,0.0,-5.551115123125783e-17,0.7085993678474506,-1.4959923944355056,0.7581713964212208,0.9251844208511415,5.0,4.440892098500626e-16,1.0
haxs.stage5c2gR32.g1-quadrature.v1,limit_hopping_zero_chain6,chain6_hole_2,2,exact,mobile_only,1.1454545454545453,2.302663472807751,-8.326672684688674e-17,5.551115123125783e-17,0.7036641169408306,-1.5263459507453636,0.7462018891163087,0.9210653891231004,5.0,4.440892098500626e-16,1.0
haxs.stage5c2gR32.g1-quadrature.v1,limit_hopping_zero_chain6,chain6_hole_2,2,exact,mobile_only,1.1772727272727272,2.2921336541359336,-1.3877787807814457e-17,0.0,0.6988945526816865,-1.5558834448754941,0.7343811595999634,0.9168534616543734,5.0,4.440892098500626e-16,0.9999999999999998
haxs.stage5c2gR32.g1-quadrature.v1,limit_hopping_zero_chain6,chain6_hole_2,2,exact,mobile_only,1.209090909090909,2.2813757417996428,-5.551115123125783e-17,5.551115123125783e-17,0.6942908659644282,-1.5845854824962569,0.7227117007864311,0.9125502967198571,5.0,0.0,1.0
haxs.stage5c2gR32.g1-quadrature.v1,limit_hopping_zero_chain6,chain6_hole_2,2,exact,mobile_only,1.2409090909090907,2.270393910595539,-1.3877787807814457e-17,0.0,0.6898534845115342,-1.6124313770454295,0.7111959659381989,0.9081575642382156,5.0,0.0,1.0
haxs.stage5c2gR32.g1-quadrature.v1,limit_hopping_zero_chain6,chain6_hole_2,2,exact,mobile_only,1.2727272727272725,2.259192358985529,2.7755575615628914e-17,-5.551115123125783e-17,0.685583078266112,-1.6393991031815198,0.6998363662177715,0.9036769435942116,5.0,0.0,1.0000000000000007
haxs.stage5c2gR32.g1-quadrature.v1,limit_hopping_zero_chain6,chain6_hole_2,2,exact,mobile_only,1.3045454545454545,2.247775303677253,-4.163336342344337e-17,-5.551115123125783e-17,0.6814805652305649,-1.6654652505817826,0.6886352682859758,0.8991101214709012,5.0,0.0,1.0000000000000002
haxs.stage5c2gR32.g1-quadrature.v1,limit_hopping_zero_chain6,chain6_hole_2,2,exact,mobile_only,1.3363636363636362,2.2361469742395794,-1.3877787807814457e-17,0.0,0.6775471177735836,-1.6906049782988883,0.677594991952147,0.8944587896958318,5.0,0.0,1.0000000000000002
haxs.stage5c2gR32.g1-quadrature.v1,limit_hopping_zero_chain6,chain6_hole_2,2,exact,mobile_only,1.368181818181818,2.2243116077633993,2.7755575615628914e-17,0.0,0.6737841694297878,-1.7147919699107184,0.6667178078814308,0.8897246431053597,5.0,2.220446049250313e-16,1.0000000000000004
haxs.stage5c2gR32.g1-quadrature.v1,limit_hopping_zero_chain6,chain6_hole_2,2,exact,mobile_only,1.4,2.2122734435778613,0.0,-5.551115123125783e-17,0.6701934222186641,-1.7379983897188456,0.6560059353642963,0.8849093774311445,5.0,0.0,0.9999999999999998
haxs.stage5c2gR32.g1-quadrature.v1,limit_hopping_zero_chain6,chain6_hole_2,4,exact,mobile_only,0.0,2.5000000000000004,0.0,-5.551115123125783e-17,0.9999999999999996,-1.9286549331065747e-15,1.25,1.0000000000000002,5.0,2.220446049250313e-16,1.0000000000000002
haxs.stage5c2gR32.g1-quadrature.v1,limit_hopping_zero_chain6,chain6_hole_2,4,exact,mobile_only,0.031818181818181815,2.499839605091377,0.0,0.0,0.9877393462423756,-0.05357645921991146,1.2345157595230063,0.9999358420365508,5.0,2.220446049250313e-16,1.0000000000000002
haxs.stage5c2gR32.g1-quadrature.v1,limit_hopping_zero_chain6,chain6_hole_2,4,exact,mobile_only,0.06363636363636363,2.4993585006608043,8.673617379884035e-18,0.0,0.9757705688846131,-0.10652285182318069,1.2190873352407148,0.9997434002643217,5.0,2.220446049250313e-16,1.0000000000000002
haxs.stage5c2gR32.g1-quadrature.v1,limit_hopping_zero_chain6,chain6_hole_2,4,exact,mobile_only,0.09545454545454544,2.4985569274735404,-6.071532165918825e-18,0.0,0.9640863622669436,-0.15884060520388707,1.2037171078250903,0.9994227709894161,5.0,2.220446049250313e-16,0.9999999999999996
haxs.stage5c2gR32.g1-quadrature.v1,limit_hopping_zero_chain6,chain6_hole_2,4,exact,mobile_only,0.12727272727272726,2.49743528640312,0.0,5.551115123125783e-17,0.9526796711914574,-0.21053101900671112,1.1884074917819991,0.9989741145612481,5.0,0.0,1.0
haxs.stage5c2gR32.g1-quadrature.v1,limit_hopping_zero_chain6,chain6_hole_2,4,exact,mobile_only,0.15909090909090906,2.495994137829336,0.0,-5.551115123125783e-17,0.9415436856116965,-0.2615952484545581,1.17316093455985,0.9983976551317344,5.0,2.220446049250313e-16,1.0000000000000002
haxs.stage5c2gR32.g1-quadrature.v1,limit_hopping_zero_chain6,chain6_hole_2,4,exact,mobile_only,0.1909090909090909,2.4942342007970772,1.3877787807814457e-17,0.0,0.9306718356399097,-0.3120342868008347,1.1579799155546553,0.9976936803188309,5.0,2.220446049250313e-16,1.0000000000000002
haxs.stage5c2gR32.g1-quadrature.v1,limit_hopping_zero_chain6,chain6_hole_2,4,exact,mobile_only,0.22272727272727272,2.4921563519376457,-2.0816681711721685e-17,5.551115123125783e-17,0.9200577868647477,-0.36184894688857105,1.1428669450127276,0.9968625407750583,5.0,0.0,1.0000000000000002
haxs.stage5c2gR32.g1-quadrature.v1,limit_hopping_zero_chain6,chain6_hole_2,4,exact,mobile_only,0.2545454545454545,2.4897616241547076,-3.469446951953614e-18,0.0,0.9096954359727767,-0.41103984179863223,1.1278245628324606,0.9959046496618831,5.0,2.220446049250313e-16,0.9999999999999999
haxs.stage5c2gR32.g1-quadrature.v1,limit_hopping_zero_chain6,chain6_hole_2,4,exact,mobile_only,0.2863636363636363,2.487051205077413,1.3877787807814457e-17,0.0,0.8995789066678943,-0.4596073645687886,1.1128553372668784,0.9948204820309652,5.0,0.0,1.0000000000000004
haxs.stage5c2gR32.g1-quadrature.v1,limit_hopping_zero_chain6,chain6_hole_2,4,exact,mobile_only,0.3181818181818181,2.4840264352837456,-2.7755575615628914e-17,-1.1102230246251565e-16,0.889702545883294,-0.5075516669656108,1.0979618635288815,0.9936105741134982,5.0,0.0,0.9999999999999997
haxs.stage5c2gR32.g1-quadrature.v1,limit_hopping_zero_chain6,chain6_hole_2,4,exact,mobile_only,0.35,2.480688806297571,1.0408340855860843e-17,5.551115123125783e-17,0.8800609202812291,-0.5548726372911887,1.0831467623013422,0.9922755225190285,5.0,4.440892098500626e-16,1.0000000000000002
haxs.stage5c2gR32.g1-quadrature.v1,limit_hopping_zero_chain6,chain6_hole_2,4,exact,mobile_only,0.3818181818181818,2.4770399583633123,6.938893903907228e-18,0.0,0.8706488130363986,-0.6015698772069156,1.0684126781544423,0.990815983345325,5.0,0.0,1.0
haxs.stage5c2gR32.g1-quadrature.v1,limit_hopping_zero_chain6,chain6_hole_2,4,exact,mobile_only,0.4136363636363636,2.473081678002613,6.938893903907228e-18,0.0,0.8614612208993184,-0.6476426775570755,1.0537622778728735,0.9892326712010451,5.0,2.220446049250313e-16,0.9999999999999999
haxs.stage5c2gR32.g1-quadrature.v1,limit_hopping_zero_chain6,chain6_hole_2,4,exact,mobile_only,0.44545454545454544,2.4688158953577664,-1.3877787807814457e-17,1.1102230246251565e-16,0.8524933515366029,-0.6930899931754753,1.0391982486957587,0.9875263581431065,5.0,0.0,1.0000000000000002
haxs.stage5c2gR32.g1-quadrature.v1,limit_hopping_zero_chain6,chain6_hole_2,4,exact,mobile_only,0.47727272727272724,2.464244681327126,-1.3877787807814457e-17,-5.551115123125783e-17,0.8437406211455839,-0.7379104166593526,1.024723296472366,0.9856978725308505,5.0,0.0,1.0
haxs.stage5c2gR32.g1-quadrature.v1,limit_hopping_zero_chain6,chain6_hole_2,4,exact,mobile_only,0.509090909090909,2.4593702444980905,0.0,5.551115123125783e-17,0.8351986523412442,-0.7821021510957326,1.0103401437369188,0.9837480977992362,5.0,4.440892098500626e-16,1.0
haxs.stage5c2gR32.g1-quadrature.v1,limit_hopping_zero_chain6,chain6_hole_2,4,exact,mobile_only,0.5409090909090909,2.4541949278836697,0.0,0.0,0.8268632723139439,-0.8256629817268297,0.9960515277060101,0.9816779711534679,5.0,2.220446049250313e-16,1.0000000000000002
haxs.stage5c2gR32.g1-quadrature.v1,limit_hopping_zero_chain6,chain6_hole_2,4,exact,mobile_only,0.5727272727272726,2.4487212054690217,-4.85722573273506e-17,0.0,0.8187305112569448,-0.8685902465427036,0.981860198202356,0.9794884821876086,5.0,0.0,1.0
haxs.stage5c2gR32.g1-quadrature.v1,limit_hopping_zero_chain6,chain6_hole_2,4,exact,mobile_only,0.6045454545454545,2.442951678574702,0.0,-5.551115123125783e-17,0.8107966010632618,-0.9108808057913226,0.9677689155088083,0.9771806714298809,5.0,2.220446049250313e-16,1.0000000000000004
haxs.stage5c2gR32.g1-quadrature.v1,limit_hopping_zero_chain6,chain6_hole_2,4,exact,mobile_only,0.6363636363636362,2.4368890720437433,-3.469446951953614e-17,5.551115123125783e-17,0.8030579742918872,-0.9525310103985449,0.9537804481567588,0.9747556288174973,5.0,0.0,0.9999999999999997
haxs.stage5c2gR32.g1-quadrature.v1,limit_hopping_zero_chain6,chain6_hole_2,4,exact,mobile_only,0.6681818181818181,2.430536230260003,-4.85722573273506e-17,5.551115123125783e-17,0.7955112634039839,-0.9935366692931933,0.9398975706532442,0.9722144921040012,5.0,4.440892098500626e-16,1.0000000000000004
haxs.stage5c2gR32.g1-quadrature.v1,limit_hopping_zero_chain6,chain6_hole_2,4,exact,mobile_only,0.7,2.423896113005564,-4.85722573273506e-17,5.551115123125783e-17,0.7881533002701784,-1.0338930156355801,0.9261230611512485,0.9695584452022257,5.0,0.0,1.0
haxs.stage5c2gR32.g1-quadrature.v1,limit_hopping_zero_chain6,chain6_hole_2,4,exact,mobile_only,0.7318181818181817,2.416971791165275,2.7755575615628914e-17,-5.551115123125783e-17,0.7809811159506561,-1.0735946719514247,0.9124596990678724,0.96678871646611,5.0,2.220446049250313e-16,1.0
haxs.stage5c2gR32.g1-quadrature.v1,limit_hopping_zero_chain6,chain6_hole_2,4,exact,mobile_only,0.7636363636363636,2.4097664422867897,-1.3877787807814457e-17,5.551115123125783e-17,0.7739919407503433,-1.1126356141772316,0.898910262655176,0.9639065769147159,5.0,2.220446049250313e-16,1.0000000000000004
haxs.stage5c2gR32.g1-quadrature.v1,limit_hopping_zero_chain6,chain6_hole_2,4,exact,mobile_only,0.7954545454545454,2.402283346004785,2.7755575615628914e-17,-5.551115123125783e-17,0.7671832045520792,-1.1510091346277835,0.8854775265287002,0.960913338401914,5.0,4.440892098500626e-16,1.0000000000000002
haxs.stage5c2gR32.g1-quadrature.v1,limit_hopping_zero_chain6,chain6_hole_2,4,exact,mobile_only,0.8272727272727272,2.3945258793382513,-4.163336342344337e-17,0.0,0.7605525374312885,-1.1887078039018397,0.8721642591587402,0.9578103517353005,5.0,0.0,1.0000000000000004
haxs.stage5c2gR32.g1-quadrature.v1,limit_hopping_zero_chain6,chain6_hole_2,4,exact,mobile_only,0.859090909090909,2.386497511870025,1.3877787807814457e-17,5.551115123125783e-17,0.7540977705563687,-1.225723431747799,0.8589732203296438,0.95459900474801,5.0,0.0,1.0
haxs.stage5c2gR32.g1-quadrature.v1,limit_hopping_zero_chain6,chain6_hole_2,4,exact,mobile_only,0.8909090909090909,2.378201800817927,1.3877787807814457e-17,-5.551115123125783e-17,0.7478169373796886,-1.262047026917821,0.8459071585724609,0.9512807203271707,5.0,4.440892098500626e-16,1.0000000000000007
haxs.stage5c2gR32.g1-quadrature.v1,limit_hopping_zero_chain6,chain6_hole_2,4,exact,mobile_only,0.9227272727272726,2.3696423860070945,1.3877787807814457e-17,0.0,0.741708275124846,-1.2976687560461428,0.8329688085764019,0.9478569544028378,5.0,0.0,1.0
haxs.stage5c2gR32.g1-quadrature.v1,limit_hopping_zero_chain6,chain6_hole_2,4,exact,mobile_only,0.9545454545454545,2.3608229847532782,1.3877787807814457e-17,-5.551115123125783e-17,0.7357702265766247,-1.3325779015954653,0.8201608885846421,0.9443291939013113,5.0,0.0,0.9999999999999999
haxs.stage5c2gR32.g1-quadrature.v1,limit_hopping_zero_chain6,chain6_hole_2,4,exact,mobile_only,0.9863636363636362,2.351747386667011,-2.7755575615628914e-17,0.0,0.7300014421809556,-1.3667628189240402,0.807486097780078,0.9406989546668043,5.0,1.1102230246251565e-16,0.9999999999999998
haxs.stage5c2gR32.g1-quadrature.v1,limit_hopping_zero_chain6,chain6_hole_2,4,exact,mobile_only,1.018181818181818,2.342419448388748,2.7755575615628914e-17,0.0,0.7244007824630561,-1.4002108925361143,0.7949471136666917,0.9369677793554991,5.0,0.0,1.0000000000000007
haxs.stage5c2gR32.g1-quadrature.v1,limit_hopping_zero_chain6,chain6_hole_2,4,exact,mobile_only,1.0499999999999998,2.3328430882651467,0.0,-5.551115123125783e-17,0.7189673207729416,-1.4329084915887438,0.7825465894522403,0.9331372353060587,5.0,0.0,1.0000000000000002
haxs.stage5c2gR32.g1-quadrature.v1,limit_hopping_zero_chain6,chain6_hole_2,4,exact,mobile_only,1.0818181818181818,2.3230222809768106,-4.163336342344337e-17,5.551115123125783e-17,0.7137003463684944,-1.464840924739956,0.7702871514379861,0.9292089123907242,5.0,4.440892098500626e-16,1.0000000000000002
haxs.stage5c2gR32.g1-quadrature.v1,limit_hopping_zero_chain6,chain6_hole_2,4,exact,mobile_only,1.1136363636363635,2.3129610521278536,0.0,-5.551115123125783e-17,0.7085993678474506,-1.4959923944355056,0.7581713964212208,0.9251844208511415,5.0,4.440892098500626e-16,1.0
haxs.stage5c2gR32.g1-quadrature.v1,limit_hopping_zero_chain6,chain6_hole_2,4,exact,mobile_only,1.1454545454545453,2.302663472807751,-8.326672684688674e-17,5.551115123125783e-17,0.7036641169408306,-1.5263459507453636,0.7462018891163087,0.9210653891231004,5.0,4.440892098500626e-16,1.0
haxs.stage5c2gR32.g1-quadrature.v1,limit_hopping_zero_chain6,chain6_hole_2,4,exact,mobile_only,1.1772727272727272,2.2921336541359336,-1.3877787807814457e-17,0.0,0.6988945526816865,-1.5558834448754941,0.7343811595999634,0.9168534616543734,5.0,4.440892098500626e-16,0.9999999999999998
haxs.stage5c2gR32.g1-quadrature.v1,limit_hopping_zero_chain6,chain6_hole_2,4,exact,mobile_only,1.209090909090909,2.2813757417996428,-5.551115123125783e-17,5.551115123125783e-17,0.6942908659644282,-1.5845854824962569,0.7227117007864311,0.9125502967198571,5.0,0.0,1.0
haxs.stage5c2gR32.g1-quadrature.v1,limit_hopping_zero_chain6,chain6_hole_2,4,exact,mobile_only,1.2409090909090907,2.270393910595539,-1.3877787807814457e-17,0.0,0.6898534845115342,-1.6124313770454295,0.7111959659381989,0.9081575642382156,5.0,0.0,1.0
haxs.stage5c2gR32.g1-quadrature.v1,limit_hopping_zero_chain6,chain6_hole_2,4,exact,mobile_only,1.2727272727272725,2.259192358985529,2.7755575615628914e-17,-5.551115123125783e-17,0.685583078266112,-1.6393991031815198,0.6998363662177715,0.9036769435942116,5.0,0.0,1.0000000000000007
haxs.stage5c2gR32.g1-quadrature.v1,limit_hopping_zero_chain6,chain6_hole_2,4,exact,mobile_only,1.3045454545454545,2.247775303677253,-4.163336342344337e-17,-5.551115123125783e-17,0.6814805652305649,-1.6654652505817826,0.6886352682859758,0.8991101214709012,5.0,0.0,1.0000000000000002
haxs.stage5c2gR32.g1-quadrature.v1,limit_hopping_zero_chain6,chain6_hole_2,4,exact,mobile_only,1.3363636363636362,2.2361469742395794,-1.3877787807814457e-17,0.0,0.6775471177735836,-1.6906049782988883,0.677594991952147,0.8944587896958318,5.0,0.0,1.0000000000000002
haxs.stage5c2gR32.g1-quadrature.v1,limit_hopping_zero_chain6,chain6_hole_2,4,exact,mobile_only,1.368181818181818,2.2243116077633993,2.7755575615628914e-17,0.0,0.6737841694297878,-1.7147919699107184,0.6667178078814308,0.8897246431053597,5.0,2.220446049250313e-16,1.0000000000000004
haxs.stage5c2gR32.g1-quadrature.v1,limit_hopping_zero_chain6,chain6_hole_2,4,exact,mobile_only,1.4,2.2122734435778613,0.0,-5.551115123125783e-17,0.6701934222186641,-1.7379983897188456,0.6560059353642963,0.8849093774311445,5.0,0.0,0.9999999999999998
haxs.stage5c2gR32.g1-quadrature.v1,limit_hopping_zero_chain6,chain6_hole_4,1,exact,static_only,0.0,2.5000000000000004,0.0,-5.551115123125783e-17,0.9999999999999996,-1.9286549331065747e-15,1.25,1.0000000000000002,5.0,2.220446049250313e-16,1.0000000000000002
haxs.stage5c2gR32.g1-quadrature.v1,limit_hopping_zero_chain6,chain6_hole_4,1,exact,static_only,0.031818181818181815,2.4998396126093065,-3.903127820947816e-18,0.0,0.9877606723279415,-0.053482692566454854,1.2345424211349163,0.9999358450437226,5.0,1.1102230246251565e-16,1.0000000000000002
haxs.stage5c2gR32.g1-quadrature.v1,limit_hopping_zero_chain6,chain6_hole_4,1,exact,static_only,0.06363636363636363,2.4993586208964658,-3.686287386450715e-18,-5.551115123125783e-17,0.9758556326395247,-0.10614426785702355,1.2191937276755556,0.9997434483585863,5.0,0.0,0.9999999999999998
haxs.stage5c2gR32.g1-quadrature.v1,limit_hopping_zero_chain6,chain6_hole_4,1,exact,static_only,0.09545454545454544,2.498557535734684,-9.75781955236954e-18,-2.7755575615628914e-17,0.9642772243251648,-0.15798090903935455,1.2039559962434419,0.9994230142938736,5.0,0.0,0.9999999999999999
haxs.stage5c2gR32.g1-quadrature.v1,limit_hopping_zero_chain6,chain6_hole_4,1,exact,static_only,0.12727272727272726,2.4974372068995,-1.2576745200831851e-17,5.551115123125783e-17,0.953018061397633,-0.20898868626103376,1.18883144050172,0.9989748827598,5.0,4.440892098500626e-16,1.0
haxs.stage5c2gR32.g1-quadrature.v1,limit_hopping_zero_chain6,chain6_hole_4,1,exact,static_only,0.15909090909090906,2.4959988205559003,-2.168404344971009e-18,-1.6653345369377348e-16,0.9420710312543217,-0.2591635058420083,1.1738224102281198,0.9983995282223601,5.0,0.0,1.0000000000000002
haxs.stage5c2gR32.g1-quadrature.v1,limit_hopping_zero_chain6,chain6_hole_4,1,exact,static_only,0.1909090909090909,2.4942438957537996,6.071532165918825e-18,-1.1102230246251565e-16,0.9314292970743464,-0.3085010593773051,1.1589313893712256,0.9976975583015198,5.0,4.440892098500626e-16,1.0000000000000002
haxs.stage5c2gR32.g1-quadrature.v1,limit_hopping_zero_chain6,chain6_hole_4,1,exact,static_only,0.22272727272727272,2.4921742799454125,3.469446951953614e-18,5.551115123125783e-17,0.9210862998521807,-0.3569967730180456,1.1441609931004437,0.996869711978165,5.0,2.220446049250313e-16,1.0000000000000004
haxs.stage5c2gR32.g1-quadrature.v1,limit_hopping_zero_chain6,chain6_hole_4,1,exact,static_only,0.2545454545454545,2.48979214354174,6.071532165918825e-18,0.0,0.9110357600695622,-0.4046457572065827,1.1295139638658216,0.9959168574166959,5.0,1.1102230246251565e-16,0.9999999999999999
haxs.stage5c2gR32.g1-quadrature.v1,limit_hopping_zero_chain6,chain6_hole_4,1,exact,static_only,0.2863636363636363,2.487099973529094,-9.540979117872439e-18,5.551115123125783e-17,0.9012716790073266,-0.4514427571493335,1.1149931664896113,0.9948399894116375,5.0,0.0,1.0000000000000004
haxs.stage5c2gR32.g1-quadrature.v1,limit_hopping_zero_chain6,chain6_hole_4,1,exact,static_only,0.3181818181818181,2.484100566170213,6.071532165918825e-18,0.0,0.8917883396988053,-0.4973821043177198,1.1006015823171897,0.9936402264680853,5.0,4.440892098500626e-16,1.0000000000000002
haxs.stage5c2gR32.g1-quadrature.v1,limit_hopping_zero_chain6,chain6_hole_4,1,exact,static_only,0.35,2.480797018817954,-1.734723475976807e-18,1.1102230246251565e-16,0.8825803075264386,-0.5424576692736413,1.0863423024605536,0.9923188075271815,5.0,2.220446049250313e-16,1.0000000000000002
haxs.stage5c2gR32.g1-quadrature.v1,limit_hopping_zero_chain6,chain6_hole_4,1,exact,static_only,0.3818181818181818,2.4771927208730076,-1.1275702593849246e-17,-5.551115123125783e-17,0.8736424304632738,-0.5866628161212348,1.0722185201731111,0.9908770883492031,5.0,4.440892098500626e-16,1.0
haxs.stage5c2gR32.g1-quadrature.v1,limit_hopping_zero_chain6,chain6_hole_4,1,exact,static_only,0.4136363636363636,2.4732913439202724,1.734723475976807e-17,0.0,0.8649698389611697,-0.6299903588906257,1.0582335223997799,0.989316537568109,5.0,2.220446049250313e-16,1.0
haxs.stage5c2gR32.g1-quadrature.v1,limit_hopping_zero_chain6,chain6_hole_4,1,exact,static_only,0.44545454545454544,2.469096831081671,1.5612511283791264e-17,0.0,0.8565579454876916,-0.6724325201624505,1.0443906805514946,0.9876387324326684,5.0,4.440892098500626e-16,1.0000000000000002
haxs.stage5c2gR32.g1-quadrature.v1,limit_hopping_zero_chain6,chain6_hole_4,1,exact,static_only,0.47727272727272724,2.4646133856261265,3.469446951953614e-17,0.0,0.8484024437140133,-0.7139808922433142,1.030693440558038,0.9858453542504506,5.0,2.220446049250313e-16,0.9999999999999999
haxs.stage5c2gR32.g1-quadrature.v1,limit_hopping_zero_chain6,chain6_hole_4,1,exact,static_only,0.509090909090909,2.459845458880217,-2.2551405187698492e-17,-5.551115123125783e-17,0.8404993073565373,-0.7546264012023622,1.0171453122576166,0.9839381835520868,5.0,2.220446049250313e-16,1.0000000000000002
haxs.stage5c2gR32.g1-quadrature.v1,limit_hopping_zero_chain6,chain6_hole_4,1,exact,static_only,0.5409090909090909,2.45479773748562,-5.204170427930421e-18,0.0,0.8328447886754636,-0.7943592740774343,1.003749858185717,0.9819190949942479,5.0,4.440892098500626e-16,1.0000000000000002
haxs.stage5c2gR32.g1-quadrature.v1,limit_hopping_zero_chain6,chain6_hole_4,1,exact,static_only,0.5727272727272726,2.449475130051893,-5.204170427930421e-18,0.0,0.8254354166342233,-0.8331690095554078,0.990510681829563,0.9797900520207572,5.0,0.0,1.0000000000000002
haxs.stage5c2gR32.g1-quadrature.v1,limit_hopping_zero_chain6,chain6_hole_4,1,exact,static_only,0.6045454545454545,2.4438827532553398,-1.5612511283791264e-17,1.3877787807814457e-16,0.8182679947244716,-0.8710443524255518,0.9774314154177761,0.9775531013021359,5.0,2.220446049250313e-16,1.0
haxs.stage5c2gR32.g1-quadrature.v1,limit_hopping_zero_chain6,chain6_hole_4,1,exact,static_only,0.6363636363636362,2.4380259174367076,-1.0408340855860843e-17,5.551115123125783e-17,0.8113395984622995,-0.9079732720963472,0.9645157073177,0.975210366974683,5.0,0.0,1.0000000000000002
haxs.stage5c2gR32.g1-quadrature.v1,limit_hopping_zero_chain6,chain6_hole_4,1,exact,static_only,0.6681818181818181,2.431910111752308,-1.0408340855860843e-17,-1.1102230246251565e-16,0.8046475725623626,-0.9439429454556214,0.9517672091152054,0.9727640447009233,5.0,4.440892098500626e-16,1.0000000000000004
haxs.stage5c2gR32.g1-quadrature.v1,limit_hopping_zero_chain6,chain6_hole_4,1,exact,static_only,0.7,2.4255409889346415,-2.6020852139652106e-17,-1.1102230246251565e-16,0.7981895277979117,-0.9789397443399888,0.9391895624536063,0.9702163955738566,5.0,0.0,1.0
haxs.stage5c2gR32.g1-quadrature.v1,limit_hopping_zero_chain6,chain6_hole_4,1,exact,static_only,0.7318181818181817,2.4189243497200223,4.85722573273506e-17,-1.1102230246251565e-16,0.7919633375560157,-1.0129492278633492,0.9267863857096231,0.967569739888009,5.0,2.220446049250313e-16,1.0000000000000002
haxs.stage5c2gR32.g1-quadrature.v1,limit_hopping_zero_chain6,chain6_hole_4,1,exact,static_only,0.7636363636363636,2.4120661270017294,3.122502256758253e-17,0.0,0.7859671340988202,-1.0459561398342923,0.9145612605850483,0.9648264508006917,5.0,2.220446049250313e-16,1.0000000000000002
haxs.stage5c2gR32.g1-quadrature.v1,limit_hopping_zero_chain6,chain6_hole_4,1,exact,static_only,0.7954545454545454,2.404972369768144,-2.0816681711721685e-17,8.326672684688674e-17,0.7801993045432576,-1.0779444114696553,0.9025177186929418,0.9619889479072576,5.0,2.220446049250313e-16,1.0000000000000002
haxs.stage5c2gR32.g1-quadrature.v1,limit_hopping_zero_chain6,chain6_hole_4,1,exact,static_only,0.8272727272727272,2.3976492268858896,4.85722573273506e-17,-5.551115123125783e-17,0.7746584865734174,-1.1088971695849035,0.8906592282167932,0.9590596907543558,5.0,0.0,0.9999999999999999
haxs.stage5c2gR32.g1-quadrature.v1,limit_hopping_zero_chain6,chain6_hole_4,1,exact,static_only,0.859090909090909,2.390102930788399,-2.0816681711721685e-17,-1.1102230246251565e-16,0.7693435639015929,-1.1387967504125438,0.8789891807200982,0.9560411723153596,5.0,2.220446049250313e-16,1.0000000000000002
haxs.stage5c2gR32.g1-quadrature.v1,limit_hopping_zero_chain6,chain6_hole_4,1,exact,static_only,0.8909090909090909,2.382339781130449,-1.734723475976807e-17,-5.551115123125783e-17,0.7642536614959642,-1.167624719166481,0.8675108781822933,0.9529359124521797,5.0,0.0,1.0000000000000009
haxs.stage5c2gR32.g1-quadrature.v1,limit_hopping_zero_chain6,chain6_hole_4,1,exact,static_only,0.9227272727272726,2.3743661284691004,3.469446951953614e-18,-1.6653345369377348e-16,0.7593881405948728,-1.1953618954336778,0.8562275203349121,0.9497464513876401,5.0,0.0,1.0000000000000004
haxs.stage5c2gR32.g1-quadrature.v1,limit_hopping_zero_chain6,chain6_hole_4,1,exact,static_only,0.9545454545454545,2.366188358031066,3.469446951953614e-17,-5.551115123125783e-17,0.7547465935297127,-1.221988384434365,0.8451421923692353,0.9464753432124263,5.0,0.0,0.9999999999999998
haxs.stage5c2gR32.g1-quadrature.v1,limit_hopping_zero_chain6,chain6_hole_4,1,exact,static_only,0.9863636363636362,2.3578128736259902,3.469446951953614e-18,-1.1102230246251565e-16,0.7503288383805057,-1.2474836141490884,0.8342578530836078,0.943125149450396,5.0,2.220446049250313e-16,1.0000000000000002
haxs.stage5c2gR32.g1-quadrature.v1,limit_hopping_zero_chain6,chain6_hole_4,1,exact,static_only,1.018181818181818,2.3492460817642082,3.469446951953614e-18,1.1102230246251565e-16,0.7461349134903492,-1.2718263782645005,0.8235773235350364,0.9396984327056833,5.0,0.0,1.0000000000000002
haxs.stage5c2gR32.g1-quadrature.v1,limit_hopping_zero_chain6,chain6_hole_4,1,exact,static_only,1.0499999999999998,2.3404943760365002,-3.8163916471489756e-17,-5.551115123125783e-17,0.7421650718669766,-1.2949948848410628,0.8131032762556822,0.9361977504146001,5.0,2.220446049250313e-16,1.0000000000000004
haxs.stage5c2gR32.g1-quadrature.v1,limit_hopping_zero_chain6,chain6_hole_4,1,exact,static_only,1.0818181818181818,2.331564121812029,-1.3877787807814457e-17,-1.1102230246251565e-16,0.7384197755016764,-1.3169668105547627,0.8028382250904555,0.9326256487248117,5.0,2.220446049250313e-16,1.0000000000000002
haxs.stage5c2gR32.g1-quadrature.v1,limit_hopping_zero_chain6,chain6_hole_4,1,exact,static_only,1.1136363636363635,2.322461641309086,-1.0408340855860843e-17,0.0,0.7348996896378086,-1.3377193603117818,0.7927845157071904,0.9289846565236344,5.0,0.0,1.0000000000000004
haxs.stage5c2gR32.g1-quadrature.v1,limit_hopping_zero_chain6,chain6_hole_4,1,exact,static_only,1.1454545454545453,2.313193199091532,6.938893903907228e-18,0.0,0.7316056770229638,-1.3572293319810702,0.7829443168257991,0.9252772796366129,5.0,2.220446049250313e-16,1.0000000000000004
haxs.stage5c2gR32.g1-quadrature.v1,limit_hopping_zero_chain6,chain6_hole_4,1,exact,static_only,1.1772727272727272,2.303764988041801,6.938893903907228e-18,5.551115123125783e-17,0.728538792180584,-1.375473185934664,0.7733196122075019,0.9215059952167204,5.0,0.0,1.0
haxs.stage5c2gR32.g1-quadrature.v1,limit_hopping_zero_chain6,chain6_hole_4,1,exact,static_only,1.209090909090909,2.2941831158592043,2.0816681711721685e-17,5.551115123125783e-17,0.7257002757384257,-1.3924271190308792,0.7639121934397199,0.9176732463436817,5.0,0.0,0.9999999999999998
haxs.stage5c2gR32.g1-quadrature.v1,limit_hopping_zero_chain6,chain6_hole_4,1,exact,static_only,1.2409090909090907,2.284453592129839,1.734723475976807e-17,0.0,0.7230915488526594,-1.4080671426214524,0.7547236535465036,0.9137814368519356,5.0,0.0,1.0
haxs.stage5c2gR32.g1-quadrature.v1,limit_hopping_zero_chain6,chain6_hole_4,1,exact,static_only,1.2727272727272725,2.274582316011897,0.0,-5.551115123125783e-17,0.7207142077676283,-1.4223691641112637,0.7457553814486436,0.9098329264047589,5.0,4.440892098500626e-16,1.0000000000000002
haxs.stage5c2gR32.g1-quadrature.v1,limit_hopping_zero_chain6,chain6_hole_4,1,exact,static_only,1.3045454545454545,2.264575064577399,2.0816681711721685e-17,-5.551115123125783e-17,0.7185700185522642,-1.435309071549503,0.7370085572917333,0.9058300258309597,5.0,2.220446049250313e-16,1.0000000000000004
haxs.stage5c2gR32.g1-quadrature.v1,limit_hopping_zero_chain6,chain6_hole_4,1,exact,static_only,1.3363636363636362,2.2544374818485218,-2.0816681711721685e-17,5.551115123125783e-17,0.7166609120549298,-1.446862820684619,0.7284841486546689,0.9017749927394088,5.0,4.440892098500626e-16,1.0000000000000002
haxs.stage5c2gR32.g1-quadrature.v1,limit_hopping_zero_chain6,chain6_hole_4,1,exact,static_only,1.368181818181818,2.24417506856361,-3.8163916471489756e-17,1.6653345369377348e-16,0.7149889791189649,-1.457006523873212,0.7201829076452886,0.8976700274254441,5.0,2.220446049250313e-16,1.0000000000000004
haxs.stage5c2gR32.g1-quadrature.v1,limit_hopping_zero_chain6,chain6_hole_4,1,exact,static_only,1.4,2.233793172704821,-6.938893903907228e-18,0.0,0.713556466101431,-1.4657165401962096,0.7121053688841869,0.8935172690819284,5.0,2.220446049250313e-16,1.0000000000000002
haxs.stage5c2gR32.g1-quadrature.v1,limit_hopping_zero_chain6,chain6_hole_4,2,exact,static_only,0.0,2.5000000000000004,0.0,-5.551115123125783e-17,0.9999999999999996,-1.9286549331065747e-15,1.25,1.0000000000000002,5.0,2.220446049250313e-16,1.0000000000000002
haxs.stage5c2gR32.g1-quadrature.v1,limit_hopping_zero_chain6,chain6_hole_4,2,exact,static_only,0.031818181818181815,2.4998396126093065,-3.903127820947816e-18,0.0,0.9877606723279415,-0.053482692566454854,1.2345424211349163,0.9999358450437226,5.0,1.1102230246251565e-16,1.0000000000000002
haxs.stage5c2gR32.g1-quadrature.v1,limit_hopping_zero_chain6,chain6_hole_4,2,exact,static_only,0.06363636363636363,2.4993586208964658,-3.686287386450715e-18,-5.551115123125783e-17,0.9758556326395247,-0.10614426785702355,1.2191937276755556,0.9997434483585863,5.0,0.0,0.9999999999999998
haxs.stage5c2gR32.g1-quadrature.v1,limit_hopping_zero_chain6,chain6_hole_4,2,exact,static_only,0.09545454545454544,2.498557535734684,-9.75781955236954e-18,-2.7755575615628914e-17,0.9642772243251648,-0.15798090903935455,1.2039559962434419,0.9994230142938736,5.0,0.0,0.9999999999999999
haxs.stage5c2gR32.g1-quadrature.v1,limit_hopping_zero_chain6,chain6_hole_4,2,exact,static_only,0.12727272727272726,2.4974372068995,-1.2576745200831851e-17,5.551115123125783e-17,0.953018061397633,-0.20898868626103376,1.18883144050172,0.9989748827598,5.0,4.440892098500626e-16,1.0
haxs.stage5c2gR32.g1-quadrature.v1,limit_hopping_zero_chain6,chain6_hole_4,2,exact,static_only,0.15909090909090906,2.4959988205559003,-2.168404344971009e-18,-1.6653345369377348e-16,0.9420710312543217,-0.2591635058420083,1.1738224102281198,0.9983995282223601,5.0,0.0,1.0000000000000002
haxs.stage5c2gR32.g1-quadrature.v1,limit_hopping_zero_chain6,chain6_hole_4,2,exact,static_only,0.1909090909090909,2.4942438957537996,6.071532165918825e-18,-1.1102230246251565e-16,0.9314292970743464,-0.3085010593773051,1.1589313893712256,0.9976975583015198,5.0,4.440892098500626e-16,1.0000000000000002
haxs.stage5c2gR32.g1-quadrature.v1,limit_hopping_zero_chain6,chain6_hole_4,2,exact,static_only,0.22272727272727272,2.4921742799454125,3.469446951953614e-18,5.551115123125783e-17,0.9210862998521807,-0.3569967730180456,1.1441609931004437,0.996869711978165,5.0,2.220446049250313e-16,1.0000000000000004
haxs.stage5c2gR32.g1-quadrature.v1,limit_hopping_zero_chain6,chain6_hole_4,2,exact,static_only,0.2545454545454545,2.48979214354174,6.071532165918825e-18,0.0,0.9110357600695622,-0.4046457572065827,1.1295139638658216,0.9959168574166959,5.0,1.1102230246251565e-16,0.9999999999999999
haxs.stage5c2gR32.g1-quadrature.v1,limit_hopping_zero_chain6,chain6_hole_4,2,exact,static_only,0.2863636363636363,2.487099973529094,-9.540979117872439e-18,5.551115123125783e-17,0.9012716790073266,-0.4514427571493335,1.1149931664896113,0.9948399894116375,5.0,0.0,1.0000000000000004
haxs.stage5c2gR32.g1-quadrature.v1,limit_hopping_zero_chain6,chain6_hole_4,2,exact,static_only,0.3181818181818181,2.484100566170213,6.071532165918825e-18,0.0,0.8917883396988053,-0.4973821043177198,1.1006015823171897,0.9936402264680853,5.0,4.440892098500626e-16,1.0000000000000002
haxs.stage5c2gR32.g1-quadrature.v1,limit_hopping_zero_chain6,chain6_hole_4,2,exact,static_only,0.35,2.480797018817954,-1.734723475976807e-18,1.1102230246251565e-16,0.8825803075264386,-0.5424576692736413,1.0863423024605536,0.9923188075271815,5.0,2.220446049250313e-16,1.0000000000000002
haxs.stage5c2gR32.g1-quadrature.v1,limit_hopping_zero_chain6,chain6_hole_4,2,exact,static_only,0.3818181818181818,2.4771927208730076,-1.1275702593849246e-17,-5.551115123125783e-17,0.8736424304632738,-0.5866628161212348,1.0722185201731111,0.9908770883492031,5.0,4.440892098500626e-16,1.0
haxs.stage5c2gR32.g1-quadrature.v1,limit_hopping_zero_chain6,chain6_hole_4,2,exact,static_only,0.4136363636363636,2.4732913439202724,1.734723475976807e-17,0.0,0.8649698389611697,-0.6299903588906257,1.0582335223997799,0.989316537568109,5.0,2.220446049250313e-16,1.0
haxs.stage5c2gR32.g1-quadrature.v1,limit_hopping_zero_chain6,chain6_hole_4,2,exact,static_only,0.44545454545454544,2.469096831081671,1.5612511283791264e-17,0.0,0.8565579454876916,-0.6724325201624505,1.0443906805514946,0.9876387324326684,5.0,4.440892098500626e-16,1.0000000000000002
haxs.stage5c2gR32.g1-quadrature.v1,limit_hopping_zero_chain6,chain6_hole_4,2,exact,static_only,0.47727272727272724,2.4646133856261265,3.469446951953614e-17,0.0,0.8484024437140133,-0.7139808922433142,1.030693440558038,0.9858453542504506,5.0,2.220446049250313e-16,0.9999999999999999
haxs.stage5c2gR32.g1-quadrature.v1,limit_hopping_zero_chain6,chain6_hole_4,2,exact,static_only,0.509090909090909,2.459845458880217,-2.2551405187698492e-17,-5.551115123125783e-17,0.8404993073565373,-0.7546264012023622,1.0171453122576166,0.9839381835520868,5.0,2.220446049250313e-16,1.0000000000000002
haxs.stage5c2gR32.g1-quadrature.v1,limit_hopping_zero_chain6,chain6_hole_4,2,exact,static_only,0.5409090909090909,2.45479773748562,-5.204170427930421e-18,0.0,0.8328447886754636,-0.7943592740774343,1.003749858185717,0.9819190949942479,5.0,4.440892098500626e-16,1.0000000000000002
haxs.stage5c2gR32.g1-quadrature.v1,limit_hopping_zero_chain6,chain6_hole_4,2,exact,static_only,0.5727272727272726,2.449475130051893,-5.204170427930421e-18,0.0,0.8254354166342233,-0.8331690095554078,0.990510681829563,0.9797900520207572,5.0,0.0,1.0000000000000002
haxs.stage5c2gR32.g1-quadrature.v1,limit_hopping_zero_chain6,chain6_hole_4,2,exact,static_only,0.6045454545454545,2.4438827532553398,-1.5612511283791264e-17,1.3877787807814457e-16,0.8182679947244716,-0.8710443524255518,0.9774314154177761,0.9775531013021359,5.0,2.220446049250313e-16,1.0
haxs.stage5c2gR32.g1-quadrature.v1,limit_hopping_zero_chain6,chain6_hole_4,2,exact,static_only,0.6363636363636362,2.4380259174367076,-1.0408340855860843e-17,5.551115123125783e-17,0.8113395984622995,-0.9079732720963472,0.9645157073177,0.975210366974683,5.0,0.0,1.0000000000000002
haxs.stage5c2gR32.g1-quadrature.v1,limit_hopping_zero_chain6,chain6_hole_4,2,exact,static_only,0.6681818181818181,2.431910111752308,-1.0408340855860843e-17,-1.1102230246251565e-16,0.8046475725623626,-0.9439429454556214,0.9517672091152054,0.9727640447009233,5.0,4.440892098500626e-16,1.0000000000000004
haxs.stage5c2gR32.g1-quadrature.v1,limit_hopping_zero_chain6,chain6_hole_4,2,exact,static_only,0.7,2.4255409889346415,-2.6020852139652106e-17,-1.1102230246251565e-16,0.7981895277979117,-0.9789397443399888,0.9391895624536063,0.9702163955738566,5.0,0.0,1.0
haxs.stage5c2gR32.g1-quadrature.v1,limit_hopping_zero_chain6,chain6_hole_4,2,exact,static_only,0.7318181818181817,2.4189243497200223,4.85722573273506e-17,-1.1102230246251565e-16,0.7919633375560157,-1.0129492278633492,0.9267863857096231,0.967569739888009,5.0,2.220446049250313e-16,1.0000000000000002
haxs.stage5c2gR32.g1-quadrature.v1,limit_hopping_zero_chain6,chain6_hole_4,2,exact,static_only,0.7636363636363636,2.4120661270017294,3.122502256758253e-17,0.0,0.7859671340988202,-1.0459561398342923,0.9145612605850483,0.9648264508006917,5.0,2.220446049250313e-16,1.0000000000000002
haxs.stage5c2gR32.g1-quadrature.v1,limit_hopping_zero_chain6,chain6_hole_4,2,exact,static_only,0.7954545454545454,2.404972369768144,-2.0816681711721685e-17,8.326672684688674e-17,0.7801993045432576,-1.0779444114696553,0.9025177186929418,0.9619889479072576,5.0,2.220446049250313e-16,1.0000000000000002
haxs.stage5c2gR32.g1-quadrature.v1,limit_hopping_zero_chain6,chain6_hole_4,2,exact,static_only,0.8272727272727272,2.3976492268858896,4.85722573273506e-17,-5.551115123125783e-17,0.7746584865734174,-1.1088971695849035,0.8906592282167932,0.9590596907543558,5.0,0.0,0.9999999999999999
haxs.stage5c2gR32.g1-quadrature.v1,limit_hopping_zero_chain6,chain6_hole_4,2,exact,static_only,0.859090909090909,2.390102930788399,-2.0816681711721685e-17,-1.1102230246251565e-16,0.7693435639015929,-1.1387967504125438,0.8789891807200982,0.9560411723153596,5.0,2.220446049250313e-16,1.0000000000000002
haxs.stage5c2gR32.g1-quadrature.v1,limit_hopping_zero_chain6,chain6_hole_4,2,exact,static_only,0.8909090909090909,2.382339781130449,-1.734723475976807e-17,-5.551115123125783e-17,0.7642536614959642,-1.167624719166481,0.8675108781822933,0.9529359124521797,5.0,0.0,1.0000000000000009
haxs.stage5c2gR32.g1-quadrature.v1,limit_hopping_zero_chain6,chain6_hole_4,2,exact,static_only,0.9227272727272726,2.3743661284691004,3.469446951953614e-18,-1.6653345369377348e-16,0.7593881405948728,-1.1953618954336778,0.8562275203349121,0.9497464513876401,5.0,0.0,1.0000000000000004
haxs.stage5c2gR32.g1-quadrature.v1,limit_hopping_zero_chain6,chain6_hole_4,2,exact,static_only,0.9545454545454545,2.366188358031066,3.469446951953614e-17,-5.551115123125783e-17,0.7547465935297127,-1.221988384434365,0.8451421923692353,0.9464753432124263,5.0,0.0,0.9999999999999998
haxs.stage5c2gR32.g1-quadrature.v1,limit_hopping_zero_chain6,chain6_hole_4,2,exact,static_only,0.9863636363636362,2.3578128736259902,3.469446951953614e-18,-1.1102230246251565e-16,0.7503288383805057,-1.2474836141490884,0.8342578530836078,0.943125149450396,5.0,2.220446049250313e-16,1.0000000000000002
haxs.stage5c2gR32.g1-quadrature.v1,limit_hopping_zero_chain6,chain6_hole_4,2,exact,static_only,1.018181818181818,2.3492460817642082,3.469446951953614e-18,1.1102230246251565e-16,0.7461349134903492,-1.2718263782645005,0.8235773235350364,0.9396984327056833,5.0,0.0,1.0000000000000002
haxs.stage5c2gR32.g1-quadrature.v1,limit_hopping_zero_chain6,chain6_hole_4,2,exact,static_only,1.0499999999999998,2.3404943760365002,-3.8163916471489756e-17,-5.551115123125783e-17,0.7421650718669766,-1.2949948848410628,0.8131032762556822,0.9361977504146001,5.0,2.220446049250313e-16,1.0000000000000004
haxs.stage5c2gR32.g1-quadrature.v1,limit_hopping_zero_chain6,chain6_hole_4,2,exact,static_only,1.0818181818181818,2.331564121812029,-1.3877787807814457e-17,-1.1102230246251565e-16,0.7384197755016764,-1.3169668105547627,0.8028382250904555,0.9326256487248117,5.0,2.220446049250313e-16,1.0000000000000002
haxs.stage5c2gR32.g1-quadrature.v1,limit_hopping_zero_chain6,chain6_hole_4,2,exact,static_only,1.1136363636363635,2.322461641309086,-1.0408340855860843e-17,0.0,0.7348996896378086,-1.3377193603117818,0.7927845157071904,0.9289846565236344,5.0,0.0,1.0000000000000004
haxs.stage5c2gR32.g1-quadrature.v1,limit_hopping_zero_chain6,chain6_hole_4,2,exact,static_only,1.1454545454545453,2.313193199091532,6.938893903907228e-18,0.0,0.7316056770229638,-1.3572293319810702,0.7829443168257991,0.9252772796366129,5.0,2.220446049250313e-16,1.0000000000000004
haxs.stage5c2gR32.g1-quadrature.v1,limit_hopping_zero_chain6,chain6_hole_4,2,exact,static_only,1.1772727272727272,2.303764988041801,6.938893903907228e-18,5.551115123125783e-17,0.728538792180584,-1.375473185934664,0.7733196122075019,0.9215059952167204,5.0,0.0,1.0
haxs.stage5c2gR32.g1-quadrature.v1,limit_hopping_zero_chain6,chain6_hole_4,2,exact,static_only,1.209090909090909,2.2941831158592043,2.0816681711721685e-17,5.551115123125783e-17,0.7257002757384257,-1.3924271190308792,0.7639121934397199,0.9176732463436817,5.0,0.0,0.9999999999999998
haxs.stage5c2gR32.g1-quadrature.v1,limit_hopping_zero_chain6,chain6_hole_4,2,exact,static_only,1.2409090909090907,2.284453592129839,1.734723475976807e-17,0.0,0.7230915488526594,-1.4080671426214524,0.7547236535465036,0.9137814368519356,5.0,0.0,1.0
haxs.stage5c2gR32.g1-quadrature.v1,limit_hopping_zero_chain6,chain6_hole_4,2,exact,static_only,1.2727272727272725,2.274582316011897,0.0,-5.551115123125783e-17,0.7207142077676283,-1.4223691641112637,0.7457553814486436,0.9098329264047589,5.0,4.440892098500626e-16,1.0000000000000002
haxs.stage5c2gR32.g1-quadrature.v1,limit_hopping_zero_chain6,chain6_hole_4,2,exact,static_only,1.3045454545454545,2.264575064577399,2.0816681711721685e-17,-5.551115123125783e-17,0.7185700185522642,-1.435309071549503,0.7370085572917333,0.9058300258309597,5.0,2.220446049250313e-16,1.0000000000000004
haxs.stage5c2gR32.g1-quadrature.v1,limit_hopping_zero_chain6,chain6_hole_4,2,exact,static_only,1.3363636363636362,2.2544374818485218,-2.0816681711721685e-17,5.551115123125783e-17,0.7166609120549298,-1.446862820684619,0.7284841486546689,0.9017749927394088,5.0,4.440892098500626e-16,1.0000000000000002
haxs.stage5c2gR32.g1-quadrature.v1,limit_hopping_zero_chain6,chain6_hole_4,2,exact,static_only,1.368181818181818,2.24417506856361,-3.8163916471489756e-17,1.6653345369377348e-16,0.7149889791189649,-1.457006523873212,0.7201829076452886,0.8976700274254441,5.0,2.220446049250313e-16,1.0000000000000004
haxs.stage5c2gR32.g1-quadrature.v1,limit_hopping_zero_chain6,chain6_hole_4,2,exact,static_only,1.4,2.233793172704821,-6.938893903907228e-18,0.0,0.713556466101431,-1.4657165401962096,0.7121053688841869,0.8935172690819284,5.0,2.220446049250313e-16,1.0000000000000002
haxs.stage5c2gR32.g1-quadrature.v1,limit_hopping_zero_chain6,chain6_hole_4,4,exact,static_only,0.0,2.5000000000000004,0.0,-5.551115123125783e-17,0.9999999999999996,-1.9286549331065747e-15,1.25,1.0000000000000002,5.0,2.220446049250313e-16,1.0000000000000002
haxs.stage5c2gR32.g1-quadrature.v1,limit_hopping_zero_chain6,chain6_hole_4,4,exact,static_only,0.031818181818181815,2.4998396126093065,-3.903127820947816e-18,0.0,0.9877606723279415,-0.053482692566454854,1.2345424211349163,0.9999358450437226,5.0,1.1102230246251565e-16,1.0000000000000002
haxs.stage5c2gR32.g1-quadrature.v1,limit_hopping_zero_chain6,chain6_hole_4,4,exact,static_only,0.06363636363636363,2.4993586208964658,-3.686287386450715e-18,-5.551115123125783e-17,0.9758556326395247,-0.10614426785702355,1.2191937276755556,0.9997434483585863,5.0,0.0,0.9999999999999998
haxs.stage5c2gR32.g1-quadrature.v1,limit_hopping_zero_chain6,chain6_hole_4,4,exact,static_only,0.09545454545454544,2.498557535734684,-9.75781955236954e-18,-2.7755575615628914e-17,0.9642772243251648,-0.15798090903935455,1.2039559962434419,0.9994230142938736,5.0,0.0,0.9999999999999999
haxs.stage5c2gR32.g1-quadrature.v1,limit_hopping_zero_chain6,chain6_hole_4,4,exact,static_only,0.12727272727272726,2.4974372068995,-1.2576745200831851e-17,5.551115123125783e-17,0.953018061397633,-0.20898868626103376,1.18883144050172,0.9989748827598,5.0,4.440892098500626e-16,1.0
haxs.stage5c2gR32.g1-quadrature.v1,limit_hopping_zero_chain6,chain6_hole_4,4,exact,static_only,0.15909090909090906,2.4959988205559003,-2.168404344971009e-18,-1.6653345369377348e-16,0.9420710312543217,-0.2591635058420083,1.1738224102281198,0.9983995282223601,5.0,0.0,1.0000000000000002
haxs.stage5c2gR32.g1-quadrature.v1,limit_hopping_zero_chain6,chain6_hole_4,4,exact,static_only,0.1909090909090909,2.4942438957537996,6.071532165918825e-18,-1.1102230246251565e-16,0.9314292970743464,-0.3085010593773051,1.1589313893712256,0.9976975583015198,5.0,4.440892098500626e-16,1.0000000000000002
haxs.stage5c2gR32.g1-quadrature.v1,limit_hopping_zero_chain6,chain6_hole_4,4,exact,static_only,0.22272727272727272,2.4921742799454125,3.469446951953614e-18,5.551115123125783e-17,0.9210862998521807,-0.3569967730180456,1.1441609931004437,0.996869711978165,5.0,2.220446049250313e-16,1.0000000000000004
haxs.stage5c2gR32.g1-quadrature.v1,limit_hopping_zero_chain6,chain6_hole_4,4,exact,static_only,0.2545454545454545,2.48979214354174,6.071532165918825e-18,0.0,0.9110357600695622,-0.4046457572065827,1.1295139638658216,0.9959168574166959,5.0,1.1102230246251565e-16,0.9999999999999999
haxs.stage5c2gR32.g1-quadrature.v1,limit_hopping_zero_chain6,chain6_hole_4,4,exact,static_only,0.2863636363636363,2.487099973529094,-9.540979117872439e-18,5.551115123125783e-17,0.9012716790073266,-0.4514427571493335,1.1149931664896113,0.9948399894116375,5.0,0.0,1.0000000000000004
haxs.stage5c2gR32.g1-quadrature.v1,limit_hopping_zero_chain6,chain6_hole_4,4,exact,static_only,0.3181818181818181,2.484100566170213,6.071532165918825e-18,0.0,0.8917883396988053,-0.4973821043177198,1.1006015823171897,0.9936402264680853,5.0,4.440892098500626e-16,1.0000000000000002
haxs.stage5c2gR32.g1-quadrature.v1,limit_hopping_zero_chain6,chain6_hole_4,4,exact,static_only,0.35,2.480797018817954,-1.734723475976807e-18,1.1102230246251565e-16,0.8825803075264386,-0.5424576692736413,1.0863423024605536,0.9923188075271815,5.0,2.220446049250313e-16,1.0000000000000002
haxs.stage5c2gR32.g1-quadrature.v1,limit_hopping_zero_chain6,chain6_hole_4,4,exact,static_only,0.3818181818181818,2.4771927208730076,-1.1275702593849246e-17,-5.551115123125783e-17,0.8736424304632738,-0.5866628161212348,1.0722185201731111,0.9908770883492031,5.0,4.440892098500626e-16,1.0
haxs.stage5c2gR32.g1-quadrature.v1,limit_hopping_zero_chain6,chain6_hole_4,4,exact,static_only,0.4136363636363636,2.4732913439202724,1.734723475976807e-17,0.0,0.8649698389611697,-0.6299903588906257,1.0582335223997799,0.989316537568109,5.0,2.220446049250313e-16,1.0
haxs.stage5c2gR32.g1-quadrature.v1,limit_hopping_zero_chain6,chain6_hole_4,4,exact,static_only,0.44545454545454544,2.469096831081671,1.5612511283791264e-17,0.0,0.8565579454876916,-0.6724325201624505,1.0443906805514946,0.9876387324326684,5.0,4.440892098500626e-16,1.0000000000000002
haxs.stage5c2gR32.g1-quadrature.v1,limit_hopping_zero_chain6,chain6_hole_4,4,exact,static_only,0.47727272727272724,2.4646133856261265,3.469446951953614e-17,0.0,0.8484024437140133,-0.7139808922433142,1.030693440558038,0.9858453542504506,5.0,2.220446049250313e-16,0.9999999999999999
haxs.stage5c2gR32.g1-quadrature.v1,limit_hopping_zero_chain6,chain6_hole_4,4,exact,static_only,0.509090909090909,2.459845458880217,-2.2551405187698492e-17,-5.551115123125783e-17,0.8404993073565373,-0.7546264012023622,1.0171453122576166,0.9839381835520868,5.0,2.220446049250313e-16,1.0000000000000002
haxs.stage5c2gR32.g1-quadrature.v1,limit_hopping_zero_chain6,chain6_hole_4,4,exact,static_only,0.5409090909090909,2.45479773748562,-5.204170427930421e-18,0.0,0.8328447886754636,-0.7943592740774343,1.003749858185717,0.9819190949942479,5.0,4.440892098500626e-16,1.0000000000000002
haxs.stage5c2gR32.g1-quadrature.v1,limit_hopping_zero_chain6,chain6_hole_4,4,exact,static_only,0.5727272727272726,2.449475130051893,-5.204170427930421e-18,0.0,0.8254354166342233,-0.8331690095554078,0.990510681829563,0.9797900520207572,5.0,0.0,1.0000000000000002
haxs.stage5c2gR32.g1-quadrature.v1,limit_hopping_zero_chain6,chain6_hole_4,4,exact,static_only,0.6045454545454545,2.4438827532553398,-1.5612511283791264e-17,1.3877787807814457e-16,0.8182679947244716,-0.8710443524255518,0.9774314154177761,0.9775531013021359,5.0,2.220446049250313e-16,1.0
haxs.stage5c2gR32.g1-quadrature.v1,limit_hopping_zero_chain6,chain6_hole_4,4,exact,static_only,0.6363636363636362,2.4380259174367076,-1.0408340855860843e-17,5.551115123125783e-17,0.8113395984622995,-0.9079732720963472,0.9645157073177,0.975210366974683,5.0,0.0,1.0000000000000002
haxs.stage5c2gR32.g1-quadrature.v1,limit_hopping_zero_chain6,chain6_hole_4,4,exact,static_only,0.6681818181818181,2.431910111752308,-1.0408340855860843e-17,-1.1102230246251565e-16,0.8046475725623626,-0.9439429454556214,0.9517672091152054,0.9727640447009233,5.0,4.440892098500626e-16,1.0000000000000004
haxs.stage5c2gR32.g1-quadrature.v1,limit_hopping_zero_chain6,chain6_hole_4,4,exact,static_only,0.7,2.4255409889346415,-2.6020852139652106e-17,-1.1102230246251565e-16,0.7981895277979117,-0.9789397443399888,0.9391895624536063,0.9702163955738566,5.0,0.0,1.0
haxs.stage5c2gR32.g1-quadrature.v1,limit_hopping_zero_chain6,chain6_hole_4,4,exact,static_only,0.7318181818181817,2.4189243497200223,4.85722573273506e-17,-1.1102230246251565e-16,0.7919633375560157,-1.0129492278633492,0.9267863857096231,0.967569739888009,5.0,2.220446049250313e-16,1.0000000000000002
haxs.stage5c2gR32.g1-quadrature.v1,limit_hopping_zero_chain6,chain6_hole_4,4,exact,static_only,0.7636363636363636,2.4120661270017294,3.122502256758253e-17,0.0,0.7859671340988202,-1.0459561398342923,0.9145612605850483,0.9648264508006917,5.0,2.220446049250313e-16,1.0000000000000002
haxs.stage5c2gR32.g1-quadrature.v1,limit_hopping_zero_chain6,chain6_hole_4,4,exact,static_only,0.7954545454545454,2.404972369768144,-2.0816681711721685e-17,8.326672684688674e-17,0.7801993045432576,-1.0779444114696553,0.9025177186929418,0.9619889479072576,5.0,2.220446049250313e-16,1.0000000000000002
haxs.stage5c2gR32.g1-quadrature.v1,limit_hopping_zero_chain6,chain6_hole_4,4,exact,static_only,0.8272727272727272,2.3976492268858896,4.85722573273506e-17,-5.551115123125783e-17,0.7746584865734174,-1.1088971695849035,0.8906592282167932,0.9590596907543558,5.0,0.0,0.9999999999999999
haxs.stage5c2gR32.g1-quadrature.v1,limit_hopping_zero_chain6,chain6_hole_4,4,exact,static_only,0.859090909090909,2.390102930788399,-2.0816681711721685e-17,-1.1102230246251565e-16,0.7693435639015929,-1.1387967504125438,0.8789891807200982,0.9560411723153596,5.0,2.220446049250313e-16,1.0000000000000002
haxs.stage5c2gR32.g1-quadrature.v1,limit_hopping_zero_chain6,chain6_hole_4,4,exact,static_only,0.8909090909090909,2.382339781130449,-1.734723475976807e-17,-5.551115123125783e-17,0.7642536614959642,-1.167624719166481,0.8675108781822933,0.9529359124521797,5.0,0.0,1.0000000000000009
haxs.stage5c2gR32.g1-quadrature.v1,limit_hopping_zero_chain6,chain6_hole_4,4,exact,static_only,0.9227272727272726,2.3743661284691004,3.469446951953614e-18,-1.6653345369377348e-16,0.7593881405948728,-1.1953618954336778,0.8562275203349121,0.9497464513876401,5.0,0.0,1.0000000000000004
haxs.stage5c2gR32.g1-quadrature.v1,limit_hopping_zero_chain6,chain6_hole_4,4,exact,static_only,0.9545454545454545,2.366188358031066,3.469446951953614e-17,-5.551115123125783e-17,0.7547465935297127,-1.221988384434365,0.8451421923692353,0.9464753432124263,5.0,0.0,0.9999999999999998
haxs.stage5c2gR32.g1-quadrature.v1,limit_hopping_zero_chain6,chain6_hole_4,4,exact,static_only,0.9863636363636362,2.3578128736259902,3.469446951953614e-18,-1.1102230246251565e-16,0.7503288383805057,-1.2474836141490884,0.8342578530836078,0.943125149450396,5.0,2.220446049250313e-16,1.0000000000000002
haxs.stage5c2gR32.g1-quadrature.v1,limit_hopping_zero_chain6,chain6_hole_4,4,exact,static_only,1.018181818181818,2.3492460817642082,3.469446951953614e-18,1.1102230246251565e-16,0.7461349134903492,-1.2718263782645005,0.8235773235350364,0.9396984327056833,5.0,0.0,1.0000000000000002
haxs.stage5c2gR32.g1-quadrature.v1,limit_hopping_zero_chain6,chain6_hole_4,4,exact,static_only,1.0499999999999998,2.3404943760365002,-3.8163916471489756e-17,-5.551115123125783e-17,0.7421650718669766,-1.2949948848410628,0.8131032762556822,0.9361977504146001,5.0,2.220446049250313e-16,1.0000000000000004
haxs.stage5c2gR32.g1-quadrature.v1,limit_hopping_zero_chain6,chain6_hole_4,4,exact,static_only,1.0818181818181818,2.331564121812029,-1.3877787807814457e-17,-1.1102230246251565e-16,0.7384197755016764,-1.3169668105547627,0.8028382250904555,0.9326256487248117,5.0,2.220446049250313e-16,1.0000000000000002
haxs.stage5c2gR32.g1-quadrature.v1,limit_hopping_zero_chain6,chain6_hole_4,4,exact,static_only,1.1136363636363635,2.322461641309086,-1.0408340855860843e-17,0.0,0.7348996896378086,-1.3377193603117818,0.7927845157071904,0.9289846565236344,5.0,0.0,1.0000000000000004
haxs.stage5c2gR32.g1-quadrature.v1,limit_hopping_zero_chain6,chain6_hole_4,4,exact,static_only,1.1454545454545453,2.313193199091532,6.938893903907228e-18,0.0,0.7316056770229638,-1.3572293319810702,0.7829443168257991,0.9252772796366129,5.0,2.220446049250313e-16,1.0000000000000004
haxs.stage5c2gR32.g1-quadrature.v1,limit_hopping_zero_chain6,chain6_hole_4,4,exact,static_only,1.1772727272727272,2.303764988041801,6.938893903907228e-18,5.551115123125783e-17,0.728538792180584,-1.375473185934664,0.7733196122075019,0.9215059952167204,5.0,0.0,1.0
haxs.stage5c2gR32.g1-quadrature.v1,limit_hopping_zero_chain6,chain6_hole_4,4,exact,static_only,1.209090909090909,2.2941831158592043,2.0816681711721685e-17,5.551115123125783e-17,0.7257002757384257,-1.3924271190308792,0.7639121934397199,0.9176732463436817,5.0,0.0,0.9999999999999998
haxs.stage5c2gR32.g1-quadrature.v1,limit_hopping_zero_chain6,chain6_hole_4,4,exact,static_only,1.2409090909090907,2.284453592129839,1.734723475976807e-17,0.0,0.7230915488526594,-1.4080671426214524,0.7547236535465036,0.9137814368519356,5.0,0.0,1.0
haxs.stage5c2gR32.g1-quadrature.v1,limit_hopping_zero_chain6,chain6_hole_4,4,exact,static_only,1.2727272727272725,2.274582316011897,0.0,-5.551115123125783e-17,0.7207142077676283,-1.4223691641112637,0.7457553814486436,0.9098329264047589,5.0,4.440892098500626e-16,1.0000000000000002
haxs.stage5c2gR32.g1-quadrature.v1,limit_hopping_zero_chain6,chain6_hole_4,4,exact,static_only,1.3045454545454545,2.264575064577399,2.0816681711721685e-17,-5.551115123125783e-17,0.7185700185522642,-1.435309071549503,0.7370085572917333,0.9058300258309597,5.0,2.220446049250313e-16,1.0000000000000004
haxs.stage5c2gR32.g1-quadrature.v1,limit_hopping_zero_chain6,chain6_hole_4,4,exact,static_only,1.3363636363636362,2.2544374818485218,-2.0816681711721685e-17,5.551115123125783e-17,0.7166609120549298,-1.446862820684619,0.7284841486546689,0.9017749927394088,5.0,4.440892098500626e-16,1.0000000000000002
haxs.stage5c2gR32.g1-quadrature.v1,limit_hopping_zero_chain6,chain6_hole_4,4,exact,static_only,1.368181818181818,2.24417506856361,-3.8163916471489756e-17,1.6653345369377348e-16,0.7149889791189649,-1.457006523873212,0.7201829076452886,0.8976700274254441,5.0,2.220446049250313e-16,1.0000000000000004
haxs.stage5c2gR32.g1-quadrature.v1,limit_hopping_zero_chain6,chain6_hole_4,4,exact,static_only,1.4,2.233793172704821,-6.938893903907228e-18,0.0,0.713556466101431,-1.4657165401962096,0.7121053688841869,0.8935172690819284,5.0,2.220446049250313e-16,1.0000000000000002
haxs.stage5c2gR32.g1-quadrature.v1,limit_hopping_zero_chain6,chain6_hole_4,1,exact,mobile_only,0.0,2.5000000000000004,0.0,-5.551115123125783e-17,0.9999999999999996,-1.9286549331065747e-15,1.25,1.0000000000000002,5.0,2.220446049250313e-16,1.0000000000000002
haxs.stage5c2gR32.g1-quadrature.v1,limit_hopping_zero_chain6,chain6_hole_4,1,exact,mobile_only,0.031818181818181815,2.4998396126093065,-3.903127820947816e-18,0.0,0.9877606723279415,-0.053482692566454854,1.2345424211349163,0.9999358450437226,5.0,1.1102230246251565e-16,1.0000000000000002
haxs.stage5c2gR32.g1-quadrature.v1,limit_hopping_zero_chain6,chain6_hole_4,1,exact,mobile_only,0.06363636363636363,2.4993586208964658,-3.686287386450715e-18,-5.551115123125783e-17,0.9758556326395247,-0.10614426785702355,1.2191937276755556,0.9997434483585863,5.0,0.0,0.9999999999999998
haxs.stage5c2gR32.g1-quadrature.v1,limit_hopping_zero_chain6,chain6_hole_4,1,exact,mobile_only,0.09545454545454544,2.498557535734684,-9.75781955236954e-18,-2.7755575615628914e-17,0.9642772243251648,-0.15798090903935455,1.2039559962434419,0.9994230142938736,5.0,0.0,0.9999999999999999
haxs.stage5c2gR32.g1-quadrature.v1,limit_hopping_zero_chain6,chain6_hole_4,1,exact,mobile_only,0.12727272727272726,2.4974372068995,-1.2576745200831851e-17,5.551115123125783e-17,0.953018061397633,-0.20898868626103376,1.18883144050172,0.9989748827598,5.0,4.440892098500626e-16,1.0
haxs.stage5c2gR32.g1-quadrature.v1,limit_hopping_zero_chain6,chain6_hole_4,1,exact,mobile_only,0.15909090909090906,2.4959988205559003,-2.168404344971009e-18,-1.6653345369377348e-16,0.9420710312543217,-0.2591635058420083,1.1738224102281198,0.9983995282223601,5.0,0.0,1.0000000000000002
haxs.stage5c2gR32.g1-quadrature.v1,limit_hopping_zero_chain6,chain6_hole_4,1,exact,mobile_only,0.1909090909090909,2.4942438957537996,6.071532165918825e-18,-1.1102230246251565e-16,0.9314292970743464,-0.3085010593773051,1.1589313893712256,0.9976975583015198,5.0,4.440892098500626e-16,1.0000000000000002
haxs.stage5c2gR32.g1-quadrature.v1,limit_hopping_zero_chain6,chain6_hole_4,1,exact,mobile_only,0.22272727272727272,2.4921742799454125,3.469446951953614e-18,5.551115123125783e-17,0.9210862998521807,-0.3569967730180456,1.1441609931004437,0.996869711978165,5.0,2.220446049250313e-16,1.0000000000000004
haxs.stage5c2gR32.g1-quadrature.v1,limit_hopping_zero_chain6,chain6_hole_4,1,exact,mobile_only,0.2545454545454545,2.48979214354174,6.071532165918825e-18,0.0,0.9110357600695622,-0.4046457572065827,1.1295139638658216,0.9959168574166959,5.0,1.1102230246251565e-16,0.9999999999999999
haxs.stage5c2gR32.g1-quadrature.v1,limit_hopping_zero_chain6,chain6_hole_4,1,exact,mobile_only,0.2863636363636363,2.487099973529094,-9.540979117872439e-18,5.551115123125783e-17,0.9012716790073266,-0.4514427571493335,1.1149931664896113,0.9948399894116375,5.0,0.0,1.0000000000000004
haxs.stage5c2gR32.g1-quadrature.v1,limit_hopping_zero_chain6,chain6_hole_4,1,exact,mobile_only,0.3181818181818181,2.484100566170213,6.071532165918825e-18,0.0,0.8917883396988053,-0.4973821043177198,1.1006015823171897,0.9936402264680853,5.0,4.440892098500626e-16,1.0000000000000002
haxs.stage5c2gR32.g1-quadrature.v1,limit_hopping_zero_chain6,chain6_hole_4,1,exact,mobile_only,0.35,2.480797018817954,-1.734723475976807e-18,1.1102230246251565e-16,0.8825803075264386,-0.5424576692736413,1.0863423024605536,0.9923188075271815,5.0,2.220446049250313e-16,1.0000000000000002
haxs.stage5c2gR32.g1-quadrature.v1,limit_hopping_zero_chain6,chain6_hole_4,1,exact,mobile_only,0.3818181818181818,2.4771927208730076,-1.1275702593849246e-17,-5.551115123125783e-17,0.8736424304632738,-0.5866628161212348,1.0722185201731111,0.9908770883492031,5.0,4.440892098500626e-16,1.0
haxs.stage5c2gR32.g1-quadrature.v1,limit_hopping_zero_chain6,chain6_hole_4,1,exact,mobile_only,0.4136363636363636,2.4732913439202724,1.734723475976807e-17,0.0,0.8649698389611697,-0.6299903588906257,1.0582335223997799,0.989316537568109,5.0,2.220446049250313e-16,1.0
haxs.stage5c2gR32.g1-quadrature.v1,limit_hopping_zero_chain6,chain6_hole_4,1,exact,mobile_only,0.44545454545454544,2.469096831081671,1.5612511283791264e-17,0.0,0.8565579454876916,-0.6724325201624505,1.0443906805514946,0.9876387324326684,5.0,4.440892098500626e-16,1.0000000000000002
haxs.stage5c2gR32.g1-quadrature.v1,limit_hopping_zero_chain6,chain6_hole_4,1,exact,mobile_only,0.47727272727272724,2.4646133856261265,3.469446951953614e-17,0.0,0.8484024437140133,-0.7139808922433142,1.030693440558038,0.9858453542504506,5.0,2.220446049250313e-16,0.9999999999999999
haxs.stage5c2gR32.g1-quadrature.v1,limit_hopping_zero_chain6,chain6_hole_4,1,exact,mobile_only,0.509090909090909,2.459845458880217,-2.2551405187698492e-17,-5.551115123125783e-17,0.8404993073565373,-0.7546264012023622,1.0171453122576166,0.9839381835520868,5.0,2.220446049250313e-16,1.0000000000000002
haxs.stage5c2gR32.g1-quadrature.v1,limit_hopping_zero_chain6,chain6_hole_4,1,exact,mobile_only,0.5409090909090909,2.45479773748562,-5.204170427930421e-18,0.0,0.8328447886754636,-0.7943592740774343,1.003749858185717,0.9819190949942479,5.0,4.440892098500626e-16,1.0000000000000002
haxs.stage5c2gR32.g1-quadrature.v1,limit_hopping_zero_chain6,chain6_hole_4,1,exact,mobile_only,0.5727272727272726,2.449475130051893,-5.204170427930421e-18,0.0,0.8254354166342233,-0.8331690095554078,0.990510681829563,0.9797900520207572,5.0,0.0,1.0000000000000002
haxs.stage5c2gR32.g1-quadrature.v1,limit_hopping_zero_chain6,chain6_hole_4,1,exact,mobile_only,0.6045454545454545,2.4438827532553398,-1.5612511283791264e-17,1.3877787807814457e-16,0.8182679947244716,-0.8710443524255518,0.9774314154177761,0.9775531013021359,5.0,2.220446049250313e-16,1.0
haxs.stage5c2gR32.g1-quadrature.v1,limit_hopping_zero_chain6,chain6_hole_4,1,exact,mobile_only,0.6363636363636362,2.4380259174367076,-1.0408340855860843e-17,5.551115123125783e-17,0.8113395984622995,-0.9079732720963472,0.9645157073177,0.975210366974683,5.0,0.0,1.0000000000000002
haxs.stage5c2gR32.g1-quadrature.v1,limit_hopping_zero_chain6,chain6_hole_4,1,exact,mobile_only,0.6681818181818181,2.431910111752308,-1.0408340855860843e-17,-1.1102230246251565e-16,0.8046475725623626,-0.9439429454556214,0.9517672091152054,0.9727640447009233,5.0,4.440892098500626e-16,1.0000000000000004
haxs.stage5c2gR32.g1-quadrature.v1,limit_hopping_zero_chain6,chain6_hole_4,1,exact,mobile_only,0.7,2.4255409889346415,-2.6020852139652106e-17,-1.1102230246251565e-16,0.7981895277979117,-0.9789397443399888,0.9391895624536063,0.9702163955738566,5.0,0.0,1.0
haxs.stage5c2gR32.g1-quadrature.v1,limit_hopping_zero_chain6,chain6_hole_4,1,exact,mobile_only,0.7318181818181817,2.4189243497200223,4.85722573273506e-17,-1.1102230246251565e-16,0.7919633375560157,-1.0129492278633492,0.9267863857096231,0.967569739888009,5.0,2.220446049250313e-16,1.0000000000000002
haxs.stage5c2gR32.g1-quadrature.v1,limit_hopping_zero_chain6,chain6_hole_4,1,exact,mobile_only,0.7636363636363636,2.4120661270017294,3.122502256758253e-17,0.0,0.7859671340988202,-1.0459561398342923,0.9145612605850483,0.9648264508006917,5.0,2.220446049250313e-16,1.0000000000000002
haxs.stage5c2gR32.g1-quadrature.v1,limit_hopping_zero_chain6,chain6_hole_4,1,exact,mobile_only,0.7954545454545454,2.404972369768144,-2.0816681711721685e-17,8.326672684688674e-17,0.7801993045432576,-1.0779444114696553,0.9025177186929418,0.9619889479072576,5.0,2.220446049250313e-16,1.0000000000000002
haxs.stage5c2gR32.g1-quadrature.v1,limit_hopping_zero_chain6,chain6_hole_4,1,exact,mobile_only,0.8272727272727272,2.3976492268858896,4.85722573273506e-17,-5.551115123125783e-17,0.7746584865734174,-1.1088971695849035,0.8906592282167932,0.9590596907543558,5.0,0.0,0.9999999999999999
haxs.stage5c2gR32.g1-quadrature.v1,limit_hopping_zero_chain6,chain6_hole_4,1,exact,mobile_only,0.859090909090909,2.390102930788399,-2.0816681711721685e-17,-1.1102230246251565e-16,0.7693435639015929,-1.1387967504125438,0.8789891807200982,0.9560411723153596,5.0,2.220446049250313e-16,1.0000000000000002
haxs.stage5c2gR32.g1-quadrature.v1,limit_hopping_zero_chain6,chain6_hole_4,1,exact,mobile_only,0.8909090909090909,2.382339781130449,-1.734723475976807e-17,-5.551115123125783e-17,0.7642536614959642,-1.167624719166481,0.8675108781822933,0.9529359124521797,5.0,0.0,1.0000000000000009
haxs.stage5c2gR32.g1-quadrature.v1,limit_hopping_zero_chain6,chain6_hole_4,1,exact,mobile_only,0.9227272727272726,2.3743661284691004,3.469446951953614e-18,-1.6653345369377348e-16,0.7593881405948728,-1.1953618954336778,0.8562275203349121,0.9497464513876401,5.0,0.0,1.0000000000000004
haxs.stage5c2gR32.g1-quadrature.v1,limit_hopping_zero_chain6,chain6_hole_4,1,exact,mobile_only,0.9545454545454545,2.366188358031066,3.469446951953614e-17,-5.551115123125783e-17,0.7547465935297127,-1.221988384434365,0.8451421923692353,0.9464753432124263,5.0,0.0,0.9999999999999998
haxs.stage5c2gR32.g1-quadrature.v1,limit_hopping_zero_chain6,chain6_hole_4,1,exact,mobile_only,0.9863636363636362,2.3578128736259902,3.469446951953614e-18,-1.1102230246251565e-16,0.7503288383805057,-1.2474836141490884,0.8342578530836078,0.943125149450396,5.0,2.220446049250313e-16,1.0000000000000002
haxs.stage5c2gR32.g1-quadrature.v1,limit_hopping_zero_chain6,chain6_hole_4,1,exact,mobile_only,1.018181818181818,2.3492460817642082,3.469446951953614e-18,1.1102230246251565e-16,0.7461349134903492,-1.2718263782645005,0.8235773235350364,0.9396984327056833,5.0,0.0,1.0000000000000002
haxs.stage5c2gR32.g1-quadrature.v1,limit_hopping_zero_chain6,chain6_hole_4,1,exact,mobile_only,1.0499999999999998,2.3404943760365002,-3.8163916471489756e-17,-5.551115123125783e-17,0.7421650718669766,-1.2949948848410628,0.8131032762556822,0.9361977504146001,5.0,2.220446049250313e-16,1.0000000000000004
haxs.stage5c2gR32.g1-quadrature.v1,limit_hopping_zero_chain6,chain6_hole_4,1,exact,mobile_only,1.0818181818181818,2.331564121812029,-1.3877787807814457e-17,-1.1102230246251565e-16,0.7384197755016764,-1.3169668105547627,0.8028382250904555,0.9326256487248117,5.0,2.220446049250313e-16,1.0000000000000002
haxs.stage5c2gR32.g1-quadrature.v1,limit_hopping_zero_chain6,chain6_hole_4,1,exact,mobile_only,1.1136363636363635,2.322461641309086,-1.0408340855860843e-17,0.0,0.7348996896378086,-1.3377193603117818,0.7927845157071904,0.9289846565236344,5.0,0.0,1.0000000000000004
haxs.stage5c2gR32.g1-quadrature.v1,limit_hopping_zero_chain6,chain6_hole_4,1,exact,mobile_only,1.1454545454545453,2.313193199091532,6.938893903907228e-18,0.0,0.7316056770229638,-1.3572293319810702,0.7829443168257991,0.9252772796366129,5.0,2.220446049250313e-16,1.0000000000000004
haxs.stage5c2gR32.g1-quadrature.v1,limit_hopping_zero_chain6,chain6_hole_4,1,exact,mobile_only,1.1772727272727272,2.303764988041801,6.938893903907228e-18,5.551115123125783e-17,0.728538792180584,-1.375473185934664,0.7733196122075019,0.9215059952167204,5.0,0.0,1.0
haxs.stage5c2gR32.g1-quadrature.v1,limit_hopping_zero_chain6,chain6_hole_4,1,exact,mobile_only,1.209090909090909,2.2941831158592043,2.0816681711721685e-17,5.551115123125783e-17,0.7257002757384257,-1.3924271190308792,0.7639121934397199,0.9176732463436817,5.0,0.0,0.9999999999999998
haxs.stage5c2gR32.g1-quadrature.v1,limit_hopping_zero_chain6,chain6_hole_4,1,exact,mobile_only,1.2409090909090907,2.284453592129839,1.734723475976807e-17,0.0,0.7230915488526594,-1.4080671426214524,0.7547236535465036,0.9137814368519356,5.0,0.0,1.0
haxs.stage5c2gR32.g1-quadrature.v1,limit_hopping_zero_chain6,chain6_hole_4,1,exact,mobile_only,1.2727272727272725,2.274582316011897,0.0,-5.551115123125783e-17,0.7207142077676283,-1.4223691641112637,0.7457553814486436,0.9098329264047589,5.0,4.440892098500626e-16,1.0000000000000002
haxs.stage5c2gR32.g1-quadrature.v1,limit_hopping_zero_chain6,chain6_hole_4,1,exact,mobile_only,1.3045454545454545,2.264575064577399,2.0816681711721685e-17,-5.551115123125783e-17,0.7185700185522642,-1.435309071549503,0.7370085572917333,0.9058300258309597,5.0,2.220446049250313e-16,1.0000000000000004
haxs.stage5c2gR32.g1-quadrature.v1,limit_hopping_zero_chain6,chain6_hole_4,1,exact,mobile_only,1.3363636363636362,2.2544374818485218,-2.0816681711721685e-17,5.551115123125783e-17,0.7166609120549298,-1.446862820684619,0.7284841486546689,0.9017749927394088,5.0,4.440892098500626e-16,1.0000000000000002
haxs.stage5c2gR32.g1-quadrature.v1,limit_hopping_zero_chain6,chain6_hole_4,1,exact,mobile_only,1.368181818181818,2.24417506856361,-3.8163916471489756e-17,1.6653345369377348e-16,0.7149889791189649,-1.457006523873212,0.7201829076452886,0.8976700274254441,5.0,2.220446049250313e-16,1.0000000000000004
haxs.stage5c2gR32.g1-quadrature.v1,limit_hopping_zero_chain6,chain6_hole_4,1,exact,mobile_only,1.4,2.233793172704821,-6.938893903907228e-18,0.0,0.713556466101431,-1.4657165401962096,0.7121053688841869,0.8935172690819284,5.0,2.220446049250313e-16,1.0000000000000002
haxs.stage5c2gR32.g1-quadrature.v1,limit_hopping_zero_chain6,chain6_hole_4,2,exact,mobile_only,0.0,2.5000000000000004,0.0,-5.551115123125783e-17,0.9999999999999996,-1.9286549331065747e-15,1.25,1.0000000000000002,5.0,2.220446049250313e-16,1.0000000000000002
haxs.stage5c2gR32.g1-quadrature.v1,limit_hopping_zero_chain6,chain6_hole_4,2,exact,mobile_only,0.031818181818181815,2.4998396126093065,-3.903127820947816e-18,0.0,0.9877606723279415,-0.053482692566454854,1.2345424211349163,0.9999358450437226,5.0,1.1102230246251565e-16,1.0000000000000002
haxs.stage5c2gR32.g1-quadrature.v1,limit_hopping_zero_chain6,chain6_hole_4,2,exact,mobile_only,0.06363636363636363,2.4993586208964658,-3.686287386450715e-18,-5.551115123125783e-17,0.9758556326395247,-0.10614426785702355,1.2191937276755556,0.9997434483585863,5.0,0.0,0.9999999999999998
haxs.stage5c2gR32.g1-quadrature.v1,limit_hopping_zero_chain6,chain6_hole_4,2,exact,mobile_only,0.09545454545454544,2.498557535734684,-9.75781955236954e-18,-2.7755575615628914e-17,0.9642772243251648,-0.15798090903935455,1.2039559962434419,0.9994230142938736,5.0,0.0,0.9999999999999999
haxs.stage5c2gR32.g1-quadrature.v1,limit_hopping_zero_chain6,chain6_hole_4,2,exact,mobile_only,0.12727272727272726,2.4974372068995,-1.2576745200831851e-17,5.551115123125783e-17,0.953018061397633,-0.20898868626103376,1.18883144050172,0.9989748827598,5.0,4.440892098500626e-16,1.0
haxs.stage5c2gR32.g1-quadrature.v1,limit_hopping_zero_chain6,chain6_hole_4,2,exact,mobile_only,0.15909090909090906,2.4959988205559003,-2.168404344971009e-18,-1.6653345369377348e-16,0.9420710312543217,-0.2591635058420083,1.1738224102281198,0.9983995282223601,5.0,0.0,1.0000000000000002
haxs.stage5c2gR32.g1-quadrature.v1,limit_hopping_zero_chain6,chain6_hole_4,2,exact,mobile_only,0.1909090909090909,2.4942438957537996,6.071532165918825e-18,-1.1102230246251565e-16,0.9314292970743464,-0.3085010593773051,1.1589313893712256,0.9976975583015198,5.0,4.440892098500626e-16,1.0000000000000002
haxs.stage5c2gR32.g1-quadrature.v1,limit_hopping_zero_chain6,chain6_hole_4,2,exact,mobile_only,0.22272727272727272,2.4921742799454125,3.469446951953614e-18,5.551115123125783e-17,0.9210862998521807,-0.3569967730180456,1.1441609931004437,0.996869711978165,5.0,2.220446049250313e-16,1.0000000000000004
haxs.stage5c2gR32.g1-quadrature.v1,limit_hopping_zero_chain6,chain6_hole_4,2,exact,mobile_only,0.2545454545454545,2.48979214354174,6.071532165918825e-18,0.0,0.9110357600695622,-0.4046457572065827,1.1295139638658216,0.9959168574166959,5.0,1.1102230246251565e-16,0.9999999999999999
haxs.stage5c2gR32.g1-quadrature.v1,limit_hopping_zero_chain6,chain6_hole_4,2,exact,mobile_only,0.2863636363636363,2.487099973529094,-9.540979117872439e-18,5.551115123125783e-17,0.9012716790073266,-0.4514427571493335,1.1149931664896113,0.9948399894116375,5.0,0.0,1.0000000000000004
haxs.stage5c2gR32.g1-quadrature.v1,limit_hopping_zero_chain6,chain6_hole_4,2,exact,mobile_only,0.3181818181818181,2.484100566170213,6.071532165918825e-18,0.0,0.8917883396988053,-0.4973821043177198,1.1006015823171897,0.9936402264680853,5.0,4.440892098500626e-16,1.0000000000000002
haxs.stage5c2gR32.g1-quadrature.v1,limit_hopping_zero_chain6,chain6_hole_4,2,exact,mobile_only,0.35,2.480797018817954,-1.734723475976807e-18,1.1102230246251565e-16,0.8825803075264386,-0.5424576692736413,1.0863423024605536,0.9923188075271815,5.0,2.220446049250313e-16,1.0000000000000002
haxs.stage5c2gR32.g1-quadrature.v1,limit_hopping_zero_chain6,chain6_hole_4,2,exact,mobile_only,0.3818181818181818,2.4771927208730076,-1.1275702593849246e-17,-5.551115123125783e-17,0.8736424304632738,-0.5866628161212348,1.0722185201731111,0.9908770883492031,5.0,4.440892098500626e-16,1.0
haxs.stage5c2gR32.g1-quadrature.v1,limit_hopping_zero_chain6,chain6_hole_4,2,exact,mobile_only,0.4136363636363636,2.4732913439202724,1.734723475976807e-17,0.0,0.8649698389611697,-0.6299903588906257,1.0582335223997799,0.989316537568109,5.0,2.220446049250313e-16,1.0
haxs.stage5c2gR32.g1-quadrature.v1,limit_hopping_zero_chain6,chain6_hole_4,2,exact,mobile_only,0.44545454545454544,2.469096831081671,1.5612511283791264e-17,0.0,0.8565579454876916,-0.6724325201624505,1.0443906805514946,0.9876387324326684,5.0,4.440892098500626e-16,1.0000000000000002
haxs.stage5c2gR32.g1-quadrature.v1,limit_hopping_zero_chain6,chain6_hole_4,2,exact,mobile_only,0.47727272727272724,2.4646133856261265,3.469446951953614e-17,0.0,0.8484024437140133,-0.7139808922433142,1.030693440558038,0.9858453542504506,5.0,2.220446049250313e-16,0.9999999999999999
haxs.stage5c2gR32.g1-quadrature.v1,limit_hopping_zero_chain6,chain6_hole_4,2,exact,mobile_only,0.509090909090909,2.459845458880217,-2.2551405187698492e-17,-5.551115123125783e-17,0.8404993073565373,-0.7546264012023622,1.0171453122576166,0.9839381835520868,5.0,2.220446049250313e-16,1.0000000000000002
haxs.stage5c2gR32.g1-quadrature.v1,limit_hopping_zero_chain6,chain6_hole_4,2,exact,mobile_only,0.5409090909090909,2.45479773748562,-5.204170427930421e-18,0.0,0.8328447886754636,-0.7943592740774343,1.003749858185717,0.9819190949942479,5.0,4.440892098500626e-16,1.0000000000000002
haxs.stage5c2gR32.g1-quadrature.v1,limit_hopping_zero_chain6,chain6_hole_4,2,exact,mobile_only,0.5727272727272726,2.449475130051893,-5.204170427930421e-18,0.0,0.8254354166342233,-0.8331690095554078,0.990510681829563,0.9797900520207572,5.0,0.0,1.0000000000000002
haxs.stage5c2gR32.g1-quadrature.v1,limit_hopping_zero_chain6,chain6_hole_4,2,exact,mobile_only,0.6045454545454545,2.4438827532553398,-1.5612511283791264e-17,1.3877787807814457e-16,0.8182679947244716,-0.8710443524255518,0.9774314154177761,0.9775531013021359,5.0,2.220446049250313e-16,1.0
haxs.stage5c2gR32.g1-quadrature.v1,limit_hopping_zero_chain6,chain6_hole_4,2,exact,mobile_only,0.6363636363636362,2.4380259174367076,-1.0408340855860843e-17,5.551115123125783e-17,0.8113395984622995,-0.9079732720963472,0.9645157073177,0.975210366974683,5.0,0.0,1.0000000000000002
haxs.stage5c2gR32.g1-quadrature.v1,limit_hopping_zero_chain6,chain6_hole_4,2,exact,mobile_only,0.6681818181818181,2.431910111752308,-1.0408340855860843e-17,-1.1102230246251565e-16,0.8046475725623626,-0.9439429454556214,0.9517672091152054,0.9727640447009233,5.0,4.440892098500626e-16,1.0000000000000004
haxs.stage5c2gR32.g1-quadrature.v1,limit_hopping_zero_chain6,chain6_hole_4,2,exact,mobile_only,0.7,2.4255409889346415,-2.6020852139652106e-17,-1.1102230246251565e-16,0.7981895277979117,-0.9789397443399888,0.9391895624536063,0.9702163955738566,5.0,0.0,1.0
haxs.stage5c2gR32.g1-quadrature.v1,limit_hopping_zero_chain6,chain6_hole_4,2,exact,mobile_only,0.7318181818181817,2.4189243497200223,4.85722573273506e-17,-1.1102230246251565e-16,0.7919633375560157,-1.0129492278633492,0.9267863857096231,0.967569739888009,5.0,2.220446049250313e-16,1.0000000000000002
haxs.stage5c2gR32.g1-quadrature.v1,limit_hopping_zero_chain6,chain6_hole_4,2,exact,mobile_only,0.7636363636363636,2.4120661270017294,3.122502256758253e-17,0.0,0.7859671340988202,-1.0459561398342923,0.9145612605850483,0.9648264508006917,5.0,2.220446049250313e-16,1.0000000000000002
haxs.stage5c2gR32.g1-quadrature.v1,limit_hopping_zero_chain6,chain6_hole_4,2,exact,mobile_only,0.7954545454545454,2.404972369768144,-2.0816681711721685e-17,8.326672684688674e-17,0.7801993045432576,-1.0779444114696553,0.9025177186929418,0.9619889479072576,5.0,2.220446049250313e-16,1.0000000000000002
haxs.stage5c2gR32.g1-quadrature.v1,limit_hopping_zero_chain6,chain6_hole_4,2,exact,mobile_only,0.8272727272727272,2.3976492268858896,4.85722573273506e-17,-5.551115123125783e-17,0.7746584865734174,-1.1088971695849035,0.8906592282167932,0.9590596907543558,5.0,0.0,0.9999999999999999
haxs.stage5c2gR32.g1-quadrature.v1,limit_hopping_zero_chain6,chain6_hole_4,2,exact,mobile_only,0.859090909090909,2.390102930788399,-2.0816681711721685e-17,-1.1102230246251565e-16,0.7693435639015929,-1.1387967504125438,0.8789891807200982,0.9560411723153596,5.0,2.220446049250313e-16,1.0000000000000002
haxs.stage5c2gR32.g1-quadrature.v1,limit_hopping_zero_chain6,chain6_hole_4,2,exact,mobile_only,0.8909090909090909,2.382339781130449,-1.734723475976807e-17,-5.551115123125783e-17,0.7642536614959642,-1.167624719166481,0.8675108781822933,0.9529359124521797,5.0,0.0,1.0000000000000009
haxs.stage5c2gR32.g1-quadrature.v1,limit_hopping_zero_chain6,chain6_hole_4,2,exact,mobile_only,0.9227272727272726,2.3743661284691004,3.469446951953614e-18,-1.6653345369377348e-16,0.7593881405948728,-1.1953618954336778,0.8562275203349121,0.9497464513876401,5.0,0.0,1.0000000000000004
haxs.stage5c2gR32.g1-quadrature.v1,limit_hopping_zero_chain6,chain6_hole_4,2,exact,mobile_only,0.9545454545454545,2.366188358031066,3.469446951953614e-17,-5.551115123125783e-17,0.7547465935297127,-1.221988384434365,0.8451421923692353,0.9464753432124263,5.0,0.0,0.9999999999999998
haxs.stage5c2gR32.g1-quadrature.v1,limit_hopping_zero_chain6,chain6_hole_4,2,exact,mobile_only,0.9863636363636362,2.3578128736259902,3.469446951953614e-18,-1.1102230246251565e-16,0.7503288383805057,-1.2474836141490884,0.8342578530836078,0.943125149450396,5.0,2.220446049250313e-16,1.0000000000000002
haxs.stage5c2gR32.g1-quadrature.v1,limit_hopping_zero_chain6,chain6_hole_4,2,exact,mobile_only,1.018181818181818,2.3492460817642082,3.469446951953614e-18,1.1102230246251565e-16,0.7461349134903492,-1.2718263782645005,0.8235773235350364,0.9396984327056833,5.0,0.0,1.0000000000000002
haxs.stage5c2gR32.g1-quadrature.v1,limit_hopping_zero_chain6,chain6_hole_4,2,exact,mobile_only,1.0499999999999998,2.3404943760365002,-3.8163916471489756e-17,-5.551115123125783e-17,0.7421650718669766,-1.2949948848410628,0.8131032762556822,0.9361977504146001,5.0,2.220446049250313e-16,1.0000000000000004
haxs.stage5c2gR32.g1-quadrature.v1,limit_hopping_zero_chain6,chain6_hole_4,2,exact,mobile_only,1.0818181818181818,2.331564121812029,-1.3877787807814457e-17,-1.1102230246251565e-16,0.7384197755016764,-1.3169668105547627,0.8028382250904555,0.9326256487248117,5.0,2.220446049250313e-16,1.0000000000000002
haxs.stage5c2gR32.g1-quadrature.v1,limit_hopping_zero_chain6,chain6_hole_4,2,exact,mobile_only,1.1136363636363635,2.322461641309086,-1.0408340855860843e-17,0.0,0.7348996896378086,-1.3377193603117818,0.7927845157071904,0.9289846565236344,5.0,0.0,1.0000000000000004
haxs.stage5c2gR32.g1-quadrature.v1,limit_hopping_zero_chain6,chain6_hole_4,2,exact,mobile_only,1.1454545454545453,2.313193199091532,6.938893903907228e-18,0.0,0.7316056770229638,-1.3572293319810702,0.7829443168257991,0.9252772796366129,5.0,2.220446049250313e-16,1.0000000000000004
haxs.stage5c2gR32.g1-quadrature.v1,limit_hopping_zero_chain6,chain6_hole_4,2,exact,mobile_only,1.1772727272727272,2.303764988041801,6.938893903907228e-18,5.551115123125783e-17,0.728538792180584,-1.375473185934664,0.7733196122075019,0.9215059952167204,5.0,0.0,1.0
haxs.stage5c2gR32.g1-quadrature.v1,limit_hopping_zero_chain6,chain6_hole_4,2,exact,mobile_only,1.209090909090909,2.2941831158592043,2.0816681711721685e-17,5.551115123125783e-17,0.7257002757384257,-1.3924271190308792,0.7639121934397199,0.9176732463436817,5.0,0.0,0.9999999999999998
haxs.stage5c2gR32.g1-quadrature.v1,limit_hopping_zero_chain6,chain6_hole_4,2,exact,mobile_only,1.2409090909090907,2.284453592129839,1.734723475976807e-17,0.0,0.7230915488526594,-1.4080671426214524,0.7547236535465036,0.9137814368519356,5.0,0.0,1.0
haxs.stage5c2gR32.g1-quadrature.v1,limit_hopping_zero_chain6,chain6_hole_4,2,exact,mobile_only,1.2727272727272725,2.274582316011897,0.0,-5.551115123125783e-17,0.7207142077676283,-1.4223691641112637,0.7457553814486436,0.9098329264047589,5.0,4.440892098500626e-16,1.0000000000000002
haxs.stage5c2gR32.g1-quadrature.v1,limit_hopping_zero_chain6,chain6_hole_4,2,exact,mobile_only,1.3045454545454545,2.264575064577399,2.0816681711721685e-17,-5.551115123125783e-17,0.7185700185522642,-1.435309071549503,0.7370085572917333,0.9058300258309597,5.0,2.220446049250313e-16,1.0000000000000004
haxs.stage5c2gR32.g1-quadrature.v1,limit_hopping_zero_chain6,chain6_hole_4,2,exact,mobile_only,1.3363636363636362,2.2544374818485218,-2.0816681711721685e-17,5.551115123125783e-17,0.7166609120549298,-1.446862820684619,0.7284841486546689,0.9017749927394088,5.0,4.440892098500626e-16,1.0000000000000002
haxs.stage5c2gR32.g1-quadrature.v1,limit_hopping_zero_chain6,chain6_hole_4,2,exact,mobile_only,1.368181818181818,2.24417506856361,-3.8163916471489756e-17,1.6653345369377348e-16,0.7149889791189649,-1.457006523873212,0.7201829076452886,0.8976700274254441,5.0,2.220446049250313e-16,1.0000000000000004
haxs.stage5c2gR32.g1-quadrature.v1,limit_hopping_zero_chain6,chain6_hole_4,2,exact,mobile_only,1.4,2.233793172704821,-6.938893903907228e-18,0.0,0.713556466101431,-1.4657165401962096,0.7121053688841869,0.8935172690819284,5.0,2.220446049250313e-16,1.0000000000000002
haxs.stage5c2gR32.g1-quadrature.v1,limit_hopping_zero_chain6,chain6_hole_4,4,exact,mobile_only,0.0,2.5000000000000004,0.0,-5.551115123125783e-17,0.9999999999999996,-1.9286549331065747e-15,1.25,1.0000000000000002,5.0,2.220446049250313e-16,1.0000000000000002
haxs.stage5c2gR32.g1-quadrature.v1,limit_hopping_zero_chain6,chain6_hole_4,4,exact,mobile_only,0.031818181818181815,2.4998396126093065,-3.903127820947816e-18,0.0,0.9877606723279415,-0.053482692566454854,1.2345424211349163,0.9999358450437226,5.0,1.1102230246251565e-16,1.0000000000000002
haxs.stage5c2gR32.g1-quadrature.v1,limit_hopping_zero_chain6,chain6_hole_4,4,exact,mobile_only,0.06363636363636363,2.4993586208964658,-3.686287386450715e-18,-5.551115123125783e-17,0.9758556326395247,-0.10614426785702355,1.2191937276755556,0.9997434483585863,5.0,0.0,0.9999999999999998
haxs.stage5c2gR32.g1-quadrature.v1,limit_hopping_zero_chain6,chain6_hole_4,4,exact,mobile_only,0.09545454545454544,2.498557535734684,-9.75781955236954e-18,-2.7755575615628914e-17,0.9642772243251648,-0.15798090903935455,1.2039559962434419,0.9994230142938736,5.0,0.0,0.9999999999999999
haxs.stage5c2gR32.g1-quadrature.v1,limit_hopping_zero_chain6,chain6_hole_4,4,exact,mobile_only,0.12727272727272726,2.4974372068995,-1.2576745200831851e-17,5.551115123125783e-17,0.953018061397633,-0.20898868626103376,1.18883144050172,0.9989748827598,5.0,4.440892098500626e-16,1.0
haxs.stage5c2gR32.g1-quadrature.v1,limit_hopping_zero_chain6,chain6_hole_4,4,exact,mobile_only,0.15909090909090906,2.4959988205559003,-2.168404344971009e-18,-1.6653345369377348e-16,0.9420710312543217,-0.2591635058420083,1.1738224102281198,0.9983995282223601,5.0,0.0,1.0000000000000002
haxs.stage5c2gR32.g1-quadrature.v1,limit_hopping_zero_chain6,chain6_hole_4,4,exact,mobile_only,0.1909090909090909,2.4942438957537996,6.071532165918825e-18,-1.1102230246251565e-16,0.9314292970743464,-0.3085010593773051,1.1589313893712256,0.9976975583015198,5.0,4.440892098500626e-16,1.0000000000000002
haxs.stage5c2gR32.g1-quadrature.v1,limit_hopping_zero_chain6,chain6_hole_4,4,exact,mobile_only,0.22272727272727272,2.4921742799454125,3.469446951953614e-18,5.551115123125783e-17,0.9210862998521807,-0.3569967730180456,1.1441609931004437,0.996869711978165,5.0,2.220446049250313e-16,1.0000000000000004
haxs.stage5c2gR32.g1-quadrature.v1,limit_hopping_zero_chain6,chain6_hole_4,4,exact,mobile_only,0.2545454545454545,2.48979214354174,6.071532165918825e-18,0.0,0.9110357600695622,-0.4046457572065827,1.1295139638658216,0.9959168574166959,5.0,1.1102230246251565e-16,0.9999999999999999
haxs.stage5c2gR32.g1-quadrature.v1,limit_hopping_zero_chain6,chain6_hole_4,4,exact,mobile_only,0.2863636363636363,2.487099973529094,-9.540979117872439e-18,5.551115123125783e-17,0.9012716790073266,-0.4514427571493335,1.1149931664896113,0.9948399894116375,5.0,0.0,1.0000000000000004
haxs.stage5c2gR32.g1-quadrature.v1,limit_hopping_zero_chain6,chain6_hole_4,4,exact,mobile_only,0.3181818181818181,2.484100566170213,6.071532165918825e-18,0.0,0.8917883396988053,-0.4973821043177198,1.1006015823171897,0.9936402264680853,5.0,4.440892098500626e-16,1.0000000000000002
haxs.stage5c2gR32.g1-quadrature.v1,limit_hopping_zero_chain6,chain6_hole_4,4,exact,mobile_only,0.35,2.480797018817954,-1.734723475976807e-18,1.1102230246251565e-16,0.8825803075264386,-0.5424576692736413,1.0863423024605536,0.9923188075271815,5.0,2.220446049250313e-16,1.0000000000000002
haxs.stage5c2gR32.g1-quadrature.v1,limit_hopping_zero_chain6,chain6_hole_4,4,exact,mobile_only,0.3818181818181818,2.4771927208730076,-1.1275702593849246e-17,-5.551115123125783e-17,0.8736424304632738,-0.5866628161212348,1.0722185201731111,0.9908770883492031,5.0,4.440892098500626e-16,1.0
haxs.stage5c2gR32.g1-quadrature.v1,limit_hopping_zero_chain6,chain6_hole_4,4,exact,mobile_only,0.4136363636363636,2.4732913439202724,1.734723475976807e-17,0.0,0.8649698389611697,-0.6299903588906257,1.0582335223997799,0.989316537568109,5.0,2.220446049250313e-16,1.0
haxs.stage5c2gR32.g1-quadrature.v1,limit_hopping_zero_chain6,chain6_hole_4,4,exact,mobile_only,0.44545454545454544,2.469096831081671,1.5612511283791264e-17,0.0,0.8565579454876916,-0.6724325201624505,1.0443906805514946,0.9876387324326684,5.0,4.440892098500626e-16,1.0000000000000002
haxs.stage5c2gR32.g1-quadrature.v1,limit_hopping_zero_chain6,chain6_hole_4,4,exact,mobile_only,0.47727272727272724,2.4646133856261265,3.469446951953614e-17,0.0,0.8484024437140133,-0.7139808922433142,1.030693440558038,0.9858453542504506,5.0,2.220446049250313e-16,0.9999999999999999
haxs.stage5c2gR32.g1-quadrature.v1,limit_hopping_zero_chain6,chain6_hole_4,4,exact,mobile_only,0.509090909090909,2.459845458880217,-2.2551405187698492e-17,-5.551115123125783e-17,0.8404993073565373,-0.7546264012023622,1.0171453122576166,0.9839381835520868,5.0,2.220446049250313e-16,1.0000000000000002
haxs.stage5c2gR32.g1-quadrature.v1,limit_hopping_zero_chain6,chain6_hole_4,4,exact,mobile_only,0.5409090909090909,2.45479773748562,-5.204170427930421e-18,0.0,0.8328447886754636,-0.7943592740774343,1.003749858185717,0.9819190949942479,5.0,4.440892098500626e-16,1.0000000000000002
haxs.stage5c2gR32.g1-quadrature.v1,limit_hopping_zero_chain6,chain6_hole_4,4,exact,mobile_only,0.5727272727272726,2.449475130051893,-5.204170427930421e-18,0.0,0.8254354166342233,-0.8331690095554078,0.990510681829563,0.9797900520207572,5.0,0.0,1.0000000000000002
haxs.stage5c2gR32.g1-quadrature.v1,limit_hopping_zero_chain6,chain6_hole_4,4,exact,mobile_only,0.6045454545454545,2.4438827532553398,-1.5612511283791264e-17,1.3877787807814457e-16,0.8182679947244716,-0.8710443524255518,0.9774314154177761,0.9775531013021359,5.0,2.220446049250313e-16,1.0
haxs.stage5c2gR32.g1-quadrature.v1,limit_hopping_zero_chain6,chain6_hole_4,4,exact,mobile_only,0.6363636363636362,2.4380259174367076,-1.0408340855860843e-17,5.551115123125783e-17,0.8113395984622995,-0.9079732720963472,0.9645157073177,0.975210366974683,5.0,0.0,1.0000000000000002
haxs.stage5c2gR32.g1-quadrature.v1,limit_hopping_zero_chain6,chain6_hole_4,4,exact,mobile_only,0.6681818181818181,2.431910111752308,-1.0408340855860843e-17,-1.1102230246251565e-16,0.8046475725623626,-0.9439429454556214,0.9517672091152054,0.9727640447009233,5.0,4.440892098500626e-16,1.0000000000000004
haxs.stage5c2gR32.g1-quadrature.v1,limit_hopping_zero_chain6,chain6_hole_4,4,exact,mobile_only,0.7,2.4255409889346415,-2.6020852139652106e-17,-1.1102230246251565e-16,0.7981895277979117,-0.9789397443399888,0.9391895624536063,0.9702163955738566,5.0,0.0,1.0
haxs.stage5c2gR32.g1-quadrature.v1,limit_hopping_zero_chain6,chain6_hole_4,4,exact,mobile_only,0.7318181818181817,2.4189243497200223,4.85722573273506e-17,-1.1102230246251565e-16,0.7919633375560157,-1.0129492278633492,0.9267863857096231,0.967569739888009,5.0,2.220446049250313e-16,1.0000000000000002
haxs.stage5c2gR32.g1-quadrature.v1,limit_hopping_zero_chain6,chain6_hole_4,4,exact,mobile_only,0.7636363636363636,2.4120661270017294,3.122502256758253e-17,0.0,0.7859671340988202,-1.0459561398342923,0.9145612605850483,0.9648264508006917,5.0,2.220446049250313e-16,1.0000000000000002
haxs.stage5c2gR32.g1-quadrature.v1,limit_hopping_zero_chain6,chain6_hole_4,4,exact,mobile_only,0.7954545454545454,2.404972369768144,-2.0816681711721685e-17,8.326672684688674e-17,0.7801993045432576,-1.0779444114696553,0.9025177186929418,0.9619889479072576,5.0,2.220446049250313e-16,1.0000000000000002
haxs.stage5c2gR32.g1-quadrature.v1,limit_hopping_zero_chain6,chain6_hole_4,4,exact,mobile_only,0.8272727272727272,2.3976492268858896,4.85722573273506e-17,-5.551115123125783e-17,0.7746584865734174,-1.1088971695849035,0.8906592282167932,0.9590596907543558,5.0,0.0,0.9999999999999999
haxs.stage5c2gR32.g1-quadrature.v1,limit_hopping_zero_chain6,chain6_hole_4,4,exact,mobile_only,0.859090909090909,2.390102930788399,-2.0816681711721685e-17,-1.1102230246251565e-16,0.7693435639015929,-1.1387967504125438,0.8789891807200982,0.9560411723153596,5.0,2.220446049250313e-16,1.0000000000000002
haxs.stage5c2gR32.g1-quadrature.v1,limit_hopping_zero_chain6,chain6_hole_4,4,exact,mobile_only,0.8909090909090909,2.382339781130449,-1.734723475976807e-17,-5.551115123125783e-17,0.7642536614959642,-1.167624719166481,0.8675108781822933,0.9529359124521797,5.0,0.0,1.0000000000000009
haxs.stage5c2gR32.g1-quadrature.v1,limit_hopping_zero_chain6,chain6_hole_4,4,exact,mobile_only,0.9227272727272726,2.3743661284691004,3.469446951953614e-18,-1.6653345369377348e-16,0.7593881405948728,-1.1953618954336778,0.8562275203349121,0.9497464513876401,5.0,0.0,1.0000000000000004
haxs.stage5c2gR32.g1-quadrature.v1,limit_hopping_zero_chain6,chain6_hole_4,4,exact,mobile_only,0.9545454545454545,2.366188358031066,3.469446951953614e-17,-5.551115123125783e-17,0.7547465935297127,-1.221988384434365,0.8451421923692353,0.9464753432124263,5.0,0.0,0.9999999999999998
haxs.stage5c2gR32.g1-quadrature.v1,limit_hopping_zero_chain6,chain6_hole_4,4,exact,mobile_only,0.9863636363636362,2.3578128736259902,3.469446951953614e-18,-1.1102230246251565e-16,0.7503288383805057,-1.2474836141490884,0.8342578530836078,0.943125149450396,5.0,2.220446049250313e-16,1.0000000000000002
haxs.stage5c2gR32.g1-quadrature.v1,limit_hopping_zero_chain6,chain6_hole_4,4,exact,mobile_only,1.018181818181818,2.3492460817642082,3.469446951953614e-18,1.1102230246251565e-16,0.7461349134903492,-1.2718263782645005,0.8235773235350364,0.9396984327056833,5.0,0.0,1.0000000000000002
haxs.stage5c2gR32.g1-quadrature.v1,limit_hopping_zero_chain6,chain6_hole_4,4,exact,mobile_only,1.0499999999999998,2.3404943760365002,-3.8163916471489756e-17,-5.551115123125783e-17,0.7421650718669766,-1.2949948848410628,0.8131032762556822,0.9361977504146001,5.0,2.220446049250313e-16,1.0000000000000004
haxs.stage5c2gR32.g1-quadrature.v1,limit_hopping_zero_chain6,chain6_hole_4,4,exact,mobile_only,1.0818181818181818,2.331564121812029,-1.3877787807814457e-17,-1.1102230246251565e-16,0.7384197755016764,-1.3169668105547627,0.8028382250904555,0.9326256487248117,5.0,2.220446049250313e-16,1.0000000000000002
haxs.stage5c2gR32.g1-quadrature.v1,limit_hopping_zero_chain6,chain6_hole_4,4,exact,mobile_only,1.1136363636363635,2.322461641309086,-1.0408340855860843e-17,0.0,0.7348996896378086,-1.3377193603117818,0.7927845157071904,0.9289846565236344,5.0,0.0,1.0000000000000004
haxs.stage5c2gR32.g1-quadrature.v1,limit_hopping_zero_chain6,chain6_hole_4,4,exact,mobile_only,1.1454545454545453,2.313193199091532,6.938893903907228e-18,0.0,0.7316056770229638,-1.3572293319810702,0.7829443168257991,0.9252772796366129,5.0,2.220446049250313e-16,1.0000000000000004
haxs.stage5c2gR32.g1-quadrature.v1,limit_hopping_zero_chain6,chain6_hole_4,4,exact,mobile_only,1.1772727272727272,2.303764988041801,6.938893903907228e-18,5.551115123125783e-17,0.728538792180584,-1.375473185934664,0.7733196122075019,0.9215059952167204,5.0,0.0,1.0
haxs.stage5c2gR32.g1-quadrature.v1,limit_hopping_zero_chain6,chain6_hole_4,4,exact,mobile_only,1.209090909090909,2.2941831158592043,2.0816681711721685e-17,5.551115123125783e-17,0.7257002757384257,-1.3924271190308792,0.7639121934397199,0.9176732463436817,5.0,0.0,0.9999999999999998
haxs.stage5c2gR32.g1-quadrature.v1,limit_hopping_zero_chain6,chain6_hole_4,4,exact,mobile_only,1.2409090909090907,2.284453592129839,1.734723475976807e-17,0.0,0.7230915488526594,-1.4080671426214524,0.7547236535465036,0.9137814368519356,5.0,0.0,1.0
haxs.stage5c2gR32.g1-quadrature.v1,limit_hopping_zero_chain6,chain6_hole_4,4,exact,mobile_only,1.2727272727272725,2.274582316011897,0.0,-5.551115123125783e-17,0.7207142077676283,-1.4223691641112637,0.7457553814486436,0.9098329264047589,5.0,4.440892098500626e-16,1.0000000000000002
haxs.stage5c2gR32.g1-quadrature.v1,limit_hopping_zero_chain6,chain6_hole_4,4,exact,mobile_only,1.3045454545454545,2.264575064577399,2.0816681711721685e-17,-5.551115123125783e-17,0.7185700185522642,-1.435309071549503,0.7370085572917333,0.9058300258309597,5.0,2.220446049250313e-16,1.0000000000000004
haxs.stage5c2gR32.g1-quadrature.v1,limit_hopping_zero_chain6,chain6_hole_4,4,exact,mobile_only,1.3363636363636362,2.2544374818485218,-2.0816681711721685e-17,5.551115123125783e-17,0.7166609120549298,-1.446862820684619,0.7284841486546689,0.9017749927394088,5.0,4.440892098500626e-16,1.0000000000000002
haxs.stage5c2gR32.g1-quadrature.v1,limit_hopping_zero_chain6,chain6_hole_4,4,exact,mobile_only,1.368181818181818,2.24417506856361,-3.8163916471489756e-17,1.6653345369377348e-16,0.7149889791189649,-1.457006523873212,0.7201829076452886,0.8976700274254441,5.0,2.220446049250313e-16,1.0000000000000004
haxs.stage5c2gR32.g1-quadrature.v1,limit_hopping_zero_chain6,chain6_hole_4,4,exact,mobile_only,1.4,2.233793172704821,-6.938893903907228e-18,0.0,0.713556466101431,-1.4657165401962096,0.7121053688841869,0.8935172690819284,5.0,2.220446049250313e-16,1.0000000000000002
haxs.stage5c2gR32.g1-quadrature.v1,limit_spin_density_zero_rect2x3,rect2x3_hole_2,1,exact,static_only,0.0,2.5000000000000004,0.0,-5.551115123125783e-17,0.9999999999999996,-1.9286549331065747e-15,1.25,1.0000000000000002,5.0,2.220446049250313e-16,1.0000000000000002
haxs.stage5c2gR32.g1-quadrature.v1,limit_spin_density_zero_rect2x3,rect2x3_hole_2,1,exact,static_only,0.031818181818181815,2.4997327245607126,1.734723475976807e-18,-5.551115123125783e-17,0.9796562597528977,-0.08926282144051918,1.2243085006305223,0.999893089824285,5.0,2.220446049250313e-16,1.0
haxs.stage5c2gR32.g1-quadrature.v1,limit_spin_density_zero_rect2x3,rect2x3_hole_2,1,exact,static_only,0.06363636363636363,2.4989316242808144,1.734723475976807e-18,0.0,0.9599725073677846,-0.177412045327605,1.1989402420394193,0.9995726497123257,5.0,0.0,1.0000000000000002
haxs.stage5c2gR32.g1-quadrature.v1,limit_spin_density_zero_rect2x3,rect2x3_hole_2,1,exact,static_only,0.09545454545454544,2.4975988719165674,2.6020852139652106e-18,0.0,0.9409251413328883,-0.26444927050179584,1.173898229849835,0.9990395487666269,5.0,0.0,1.0000000000000002
haxs.stage5c2gR32.g1-quadrature.v1,limit_spin_density_zero_rect2x3,rect2x3_hole_2,1,exact,static_only,0.12727272727272726,2.495738070917197,1.3877787807814457e-17,5.551115123125783e-17,0.9224914584985497,-0.3503764635494053,1.1491860811818342,0.9982952283668787,5.0,4.440892098500626e-16,1.0000000000000002
haxs.stage5c2gR32.g1-quadrature.v1,limit_spin_density_zero_rect2x3,rect2x3_hole_2,1,exact,static_only,0.15909090909090906,2.4933542288742316,2.6020852139652106e-17,-5.551115123125783e-17,0.9046496880588222,-0.4351956222670212,1.1248080062988643,0.9973416915496927,5.0,1.1102230246251565e-16,1.0000000000000002
haxs.stage5c2gR32.g1-quadrature.v1,limit_spin_density_zero_rect2x3,rect2x3_hole_2,1,exact,static_only,0.1909090909090909,2.490453720681195,-1.3877787807814457e-17,1.1102230246251565e-16,0.8873790197846323,-0.5189084348003945,1.1007687803734263,0.9961814882724781,5.0,0.0,1.0000000000000002
haxs.stage5c2gR32.g1-quadrature.v1,limit_spin_density_zero_rect2x3,rect2x3_hole_2,1,exact,static_only,0.22272727272727272,2.4870442417306156,-1.734723475976807e-17,-1.1102230246251565e-16,0.8706596265484082,-0.6015159378991046,1.0770737058639068,0.9948176966922462,5.0,2.220446049250313e-16,1.0000000000000004
haxs.stage5c2gR32.g1-quadrature.v1,limit_spin_density_zero_rect2x3,rect2x3_hole_2,1,exact,static_only,0.2545454545454545,2.483134751563331,1.3877787807814457e-17,5.551115123125783e-17,0.8544726812005199,-0.6830181778060656,1.0537285661115285,0.9932539006253324,5.0,0.0,1.0
haxs.stage5c2gR32.g1-quadrature.v1,limit_spin_density_zero_rect2x3,rect2x3_hole_2,1,exact,static_only,0.2863636363636363,2.4787354084693476,-2.7755575615628914e-17,5.551115123125783e-17,0.8388003678776069,-0.7634138773556874,1.0307395708770135,0.991494163387739,5.0,0.0,1.0
haxs.stage5c2gR32.g1-quadrature.v1,limit_spin_density_zero_rect2x3,rect2x3_hole_2,1,exact,static_only,0.3181818181818181,2.4738574956189647,-2.42861286636753e-17,-5.551115123125783e-17,0.8236258878431167,-0.8427001128819702,1.0081132946389082,0.9895429982475858,5.0,0.0,1.0000000000000004
haxs.stage5c2gR32.g1-quadrature.v1,limit_spin_density_zero_rect2x3,rect2x3_hole_2,1,exact,static_only,0.35,2.4685133393769974,-5.551115123125783e-17,-5.551115123125783e-17,0.8089334599816805,-0.9208720045357643,0.985856608567566,0.9874053357507989,5.0,2.220446049250313e-16,1.0
haxs.stage5c2gR32.g1-quadrature.v1,limit_spin_density_zero_rect2x3,rect2x3_hole_2,1,exact,static_only,0.3818181818181818,2.462716220520851,-4.163336342344337e-17,-1.1102230246251565e-16,0.7947083160921592,-0.9979224235741256,0.963976607168715,0.9850864882083403,5.0,0.0,0.9999999999999999
haxs.stage5c2gR32.g1-quadrature.v1,limit_spin_density_zero_rect2x3,rect2x3_hole_2,1,exact,static_only,0.4136363636363636,2.4564802791444134,2.0816681711721685e-17,-5.551115123125783e-17,0.7809366911495366,-1.0738417201111086,0.9424805306565871,0.9825921116577654,5.0,0.0,1.0000000000000002
haxs.stage5c2gR32.g1-quadrature.v1,limit_spin_density_zero_rect2x3,rect2x3_hole_2,1,exact,static_only,0.44545454545454544,2.449820414083583,0.0,5.551115123125783e-17,0.7676058087336934,-1.148617474703795,0.9213756841672692,0.9799281656334331,5.0,0.0,1.0000000000000002
haxs.stage5c2gR32.g1-quadrature.v1,limit_spin_density_zero_rect2x3,rect2x3_hole_2,1,exact,static_only,0.47727272727272724,2.4427521777452936,0.0,0.0,0.7547038618534025,-1.2222342769863566,0.9006693549570293,0.9771008710981175,5.0,2.220446049250313e-16,1.0000000000000002
haxs.stage5c2gR32.g1-quadrature.v1,limit_spin_density_zero_rect2x3,rect2x3_hole_2,1,exact,static_only,0.509090909090909,2.4352916672597074,2.0816681711721685e-17,0.0,0.742219989426447,-1.2946735343549876,0.88036872874689,0.974116666903883,5.0,0.0,1.0000000000000004
haxs.stage5c2gR32.g1-quadrature.v1,limit_spin_density_zero_rect2x3,rect2x3_hole_2,1,exact,static_only,0.5409090909090909,2.42745541290446,-1.0408340855860843e-16,-5.551115123125783e-17,0.7301442487112565,-1.3659133134442238,0.8604808063732237,0.970982165161784,5.0,4.440892098500626e-16,1.0000000000000002
haxs.stage5c2gR32.g1-quadrature.v1,limit_spin_density_zero_rect2x3,rect2x3_hole_2,1,exact,static_only,0.5727272727272726,2.419260264770219,4.163336342344337e-17,5.551115123125783e-17,0.7184675840211906,-1.4359282168188723,0.8410123218843235,0.9677041059080876,5.0,0.0,1.0000000000000002
haxs.stage5c2gR32.g1-quadrature.v1,limit_spin_density_zero_rect2x3,rect2x3_hole_2,1,exact,static_only,0.6045454545454545,2.4107232786481605,2.7755575615628914e-17,0.0,0.7071817920889031,-1.5046892969339185,0.8219696631851218,0.9642893114592642,5.0,0.0,1.0000000000000002
haxs.stage5c2gR32.g1-quadrature.v1,limit_spin_density_zero_rect2x3,rect2x3_hole_2,1,exact,static_only,0.6363636363636362,2.401861602122275,5.551115123125783e-17,5.551115123125783e-17,0.6962794844841209,-1.5721640089881217,0.8033587962770876,0.96074464084891,5.0,0.0,0.9999999999999998
haxs.stage5c2gR32.g1-quadrature.v1,limit_spin_density_zero_rect2x3,rect2x3_hole_2,1,exact,static_only,0.6681818181818181,2.3926923618425153,1.3877787807814457e-17,-5.551115123125783e-17,0.6857540475227081,-1.6383162038170507,0.7851851940689067,0.9570769447370061,5.0,0.0,0.9999999999999999
haxs.stage5c2gR32.g1-quadrature.v1,limit_spin_density_zero_rect2x3,rect2x3_hole_2,1,exact,static_only,0.7,2.38323255293899,-1.3877787807814457e-17,-5.551115123125783e-17,0.6755996001369117,-1.7031061614422636,0.7674537706472936,0.9532930211755961,5.0,0.0,1.0
haxs.stage5c2gR32.g1-quadrature.v1,limit_spin_density_zero_rect2x3,rect2x3_hole_2,1,exact,static_only,0.7318181818181817,2.3734989315126995,2.7755575615628914e-17,-1.1102230246251565e-16,0.6658109502051266,-1.766490665320766,0.7501688217980245,0.9493995726050798,5.0,0.0,1.0
haxs.stage5c2gR32.g1-quadrature.v1,limit_spin_density_zero_rect2x3,rect2x3_hole_2,1,exact,static_only,0.7636363636363636,2.3635079111050485,-1.3877787807814457e-17,-1.1102230246251565e-16,0.6563835498632413,-1.8284231167309326,0.7333339724570691,0.9454031644420194,5.0,0.0,1.0
haxs.stage5c2gR32.g1-quadrature.v1,limit_spin_density_zero_rect2x3,rect2x3_hole_2,1,exact,static_only,0.7954545454545454,2.3532754640068427,2.7755575615628914e-17,0.0,0.647313450337636,-1.8888536880977518,0.7169521316529434,0.941310185602737,5.0,0.0,1.0
haxs.stage5c2gR32.g1-quadrature.v1,limit_spin_density_zero_rect2x3,rect2x3_hole_2,1,exact,static_only,0.8272727272727272,2.342817028218196,1.3877787807814457e-17,0.0,0.6385972568511844,-1.9477295134144144,0.7010254553765607,0.9371268112872784,5.0,0.0,1.0000000000000002
haxs.stage5c2gR32.g1-quadrature.v1,limit_spin_density_zero_rect2x3,rect2x3_hole_2,1,exact,static_only,0.859090909090909,2.332147420814067,-4.163336342344337e-17,-5.551115123125783e-17,0.6302320841575507,-2.0049949132721103,0.6855553176866063,0.9328589683256269,5.0,0.0,1.0
haxs.stage5c2gR32.g1-quadrature.v1,limit_spin_density_zero_rect2x3,rect2x3_hole_2,1,exact,static_only,0.8909090909090909,2.3212807584067683,-1.3877787807814457e-17,0.0,0.6222155132549494,-2.0605916513822544,0.6705422902294124,0.9285123033627073,5.0,0.0,1.0
haxs.stage5c2gR32.g1-quadrature.v1,limit_spin_density_zero_rect2x3,rect2x3_hole_2,1,exact,static_only,0.9227272727272726,2.310230385327208,0.0,5.551115123125783e-17,0.6145455498181077,-2.1144592188815308,0.6559861302250599,0.9240921541308833,5.0,2.220446049250313e-16,1.0000000000000002
haxs.stage5c2gR32.g1-quadrature.v1,limit_spin_density_zero_rect2x3,rect2x3_hole_2,1,exact,static_only,0.9545454545454545,2.299008810071629,-2.7755575615628914e-17,0.0,0.6072205848663236,-2.1665351421678967,0.6418857768484733,0.9196035240286516,5.0,0.0,0.9999999999999999
haxs.stage5c2gR32.g1-quadrature.v1,limit_spin_density_zero_rect2x3,rect2x3_hole_2,1,exact,static_only,0.9863636363636362,2.287627650480853,-2.7755575615628914e-17,0.0,0.6002393581564549,-2.216755309542311,0.6282393558178763,0.9150510601923412,5.0,0.0,1.0
haxs.stage5c2gR32.g1-quadrature.v1,limit_spin_density_zero_rect2x3,rect2x3_hole_2,1,exact,static_only,1.018181818181818,2.2760975880353644,2.7755575615628914e-17,0.0,0.5936009247528022,-2.2650543115435564,0.6150441918951303,0.9104390352141458,5.0,0.0,1.0
haxs.stage5c2gR32.g1-quadrature.v1,limit_spin_density_zero_rect2x3,rect2x3_hole_2,1,exact,static_only,1.0499999999999998,2.2644283315627494,0.0,0.0,0.5873046251819402,-2.311365789576816,0.6022968289049535,0.9057713326250998,5.0,2.220446049250313e-16,0.9999999999999999
haxs.stage5c2gR32.g1-quadrature.v1,limit_spin_density_zero_rect2x3,rect2x3_hole_2,1,exact,static_only,1.0818181818181818,2.2526285905648598,-1.3877787807814457e-17,0.0,0.5813500595305067,-2.35562278726378,0.5899930567941579,0.9010514362259439,5.0,0.0,1.0
haxs.stage5c2gR32.g1-quadrature.v1,limit_spin_density_zero_rect2x3,rect2x3_hole_2,1,exact,static_only,1.1136363636363635,2.2407060582815452,-2.7755575615628914e-17,0.0,0.575737065788922,-2.3977580988929907,0.5781279451788618,0.8962824233126181,5.0,0.0,1.0000000000000002
haxs.stage5c2gR32.g1-quadrature.v1,limit_spin_density_zero_rect2x3,rect2x3_hole_2,1,exact,static_only,1.1454545454545453,2.2286674045166603,-2.7755575615628914e-17,-5.551115123125783e-17,0.5704657026852863,-2.4377046094300585,0.5666958827677859,0.8914669618066642,5.0,0.0,1.0000000000000002
haxs.stage5c2gR32.g1-quadrature.v1,limit_spin_density_zero_rect2x3,rect2x3_hole_2,1,exact,static_only,1.1772727272727272,2.2165182781612054,-5.551115123125783e-17,-1.1102230246251565e-16,0.5655362371927276,-2.475395620760496,0.5556906220034642,0.8866073112644821,5.0,0.0,1.0000000000000004
haxs.stage5c2gR32.g1-quadrature.v1,limit_spin_density_zero_rect2x3,rect2x3_hole_2,1,exact,static_only,1.209090909090909,2.2042633192588332,-2.7755575615628914e-17,5.551115123125783e-17,0.5609491368316509,-2.510765159181437,0.5451053282304098,0.8817053277035333,5.0,0.0,0.9999999999999998
haxs.stage5c2gR32.g1-quadrature.v1,limit_spin_density_zero_rect2x3,rect2x3_hole_2,1,exact,static_only,1.2409090909090907,2.1919061803713036,2.7755575615628914e-17,0.0,0.5567050668271648,-2.543748259625702,0.5349326326795418,0.8767624721485214,5.0,2.220446049250313e-16,1.0
haxs.stage5c2gR32.g1-quadrature.v1,limit_spin_density_zero_rect2x3,rect2x3_hole_2,1,exact,static_only,1.2727272727272725,2.179449556916664,2.7755575615628914e-17,0.0,0.5528048921228508,-2.574281222681601,0.5251646885507788,0.8717798227666655,5.0,1.1102230246251565e-16,0.9999999999999999
haxs.stage5c2gR32.g1-quadrature.v1,limit_spin_density_zero_rect2x3,rect2x3_hole_2,1,exact,static_only,1.3045454545454545,2.1668952260718157,-2.7755575615628914e-17,5.551115123125783e-17,0.5492496841962099,-2.602301841150221,0.5157932294796661,0.8667580904287263,5.0,2.220446049250313e-16,0.9999999999999999
haxs.stage5c2gR32.g1-quadrature.v1,limit_spin_density_zero_rect2x3,rect2x3_hole_2,1,exact,static_only,1.3363636363636362,2.1542440937543503,-2.7755575615628914e-17,-5.551115123125783e-17,0.5460407325697736,-2.627749593640006,0.5068096296880649,0.8616976375017401,5.0,2.220446049250313e-16,1.0000000000000002
haxs.stage5c2gR32.g1-quadrature.v1,limit_spin_density_zero_rect2x3,rect2x3_hole_2,1,exact,static_only,1.368181818181818,2.1414962491269285,-5.551115123125783e-17,5.551115123125783e-17,0.5431795608658596,-2.650565803515927,0.49820496514196694,0.8565984996507714,5.0,2.220446049250313e-16,1.0000000000000002
haxs.stage5c2gR32.g1-quadrature.v1,limit_spin_density_zero_rect2x3,rect2x3_hole_2,1,exact,static_only,1.4,2.12865102600164,-8.326672684688674e-17,5.551115123125783e-17,0.5406679472130439,-2.670693762374348,0.48997007507003865,0.851460410400656,5.0,0.0,1.0
haxs.stage5c2gR32.g1-quadrature.v1,limit_spin_density_zero_rect2x3,rect2x3_hole_2,2,exact,static_only,0.0,2.5000000000000004,0.0,-5.551115123125783e-17,0.9999999999999996,-1.9286549331065747e-15,1.25,1.0000000000000002,5.0,2.220446049250313e-16,1.0000000000000002
haxs.stage5c2gR32.g1-quadrature.v1,limit_spin_density_zero_rect2x3,rect2x3_hole_2,2,exact,static_only,0.031818181818181815,2.4997327245607126,1.734723475976807e-18,-5.551115123125783e-17,0.9796562597528977,-0.08926282144051918,1.2243085006305223,0.999893089824285,5.0,2.220446049250313e-16,1.0
haxs.stage5c2gR32.g1-quadrature.v1,limit_spin_density_zero_rect2x3,rect2x3_hole_2,2,exact,static_only,0.06363636363636363,2.4989316242808144,1.734723475976807e-18,0.0,0.9599725073677846,-0.177412045327605,1.1989402420394193,0.9995726497123257,5.0,0.0,1.0000000000000002
haxs.stage5c2gR32.g1-quadrature.v1,limit_spin_density_zero_rect2x3,rect2x3_hole_2,2,exact,static_only,0.09545454545454544,2.4975988719165674,2.6020852139652106e-18,0.0,0.9409251413328883,-0.26444927050179584,1.173898229849835,0.9990395487666269,5.0,0.0,1.0000000000000002
haxs.stage5c2gR32.g1-quadrature.v1,limit_spin_density_zero_rect2x3,rect2x3_hole_2,2,exact,static_only,0.12727272727272726,2.495738070917197,1.3877787807814457e-17,5.551115123125783e-17,0.9224914584985497,-0.3503764635494053,1.1491860811818342,0.9982952283668787,5.0,4.440892098500626e-16,1.0000000000000002
haxs.stage5c2gR32.g1-quadrature.v1,limit_spin_density_zero_rect2x3,rect2x3_hole_2,2,exact,static_only,0.15909090909090906,2.4933542288742316,2.6020852139652106e-17,-5.551115123125783e-17,0.9046496880588222,-0.4351956222670212,1.1248080062988643,0.9973416915496927,5.0,1.1102230246251565e-16,1.0000000000000002
haxs.stage5c2gR32.g1-quadrature.v1,limit_spin_density_zero_rect2x3,rect2x3_hole_2,2,exact,static_only,0.1909090909090909,2.490453720681195,-1.3877787807814457e-17,1.1102230246251565e-16,0.8873790197846323,-0.5189084348003945,1.1007687803734263,0.9961814882724781,5.0,0.0,1.0000000000000002
haxs.stage5c2gR32.g1-quadrature.v1,limit_spin_density_zero_rect2x3,rect2x3_hole_2,2,exact,static_only,0.22272727272727272,2.4870442417306156,-1.734723475976807e-17,-1.1102230246251565e-16,0.8706596265484082,-0.6015159378991046,1.0770737058639068,0.9948176966922462,5.0,2.220446049250313e-16,1.0000000000000004
haxs.stage5c2gR32.g1-quadrature.v1,limit_spin_density_zero_rect2x3,rect2x3_hole_2,2,exact,static_only,0.2545454545454545,2.483134751563331,1.3877787807814457e-17,5.551115123125783e-17,0.8544726812005199,-0.6830181778060656,1.0537285661115285,0.9932539006253324,5.0,0.0,1.0
haxs.stage5c2gR32.g1-quadrature.v1,limit_spin_density_zero_rect2x3,rect2x3_hole_2,2,exact,static_only,0.2863636363636363,2.4787354084693476,-2.7755575615628914e-17,5.551115123125783e-17,0.8388003678776069,-0.7634138773556874,1.0307395708770135,0.991494163387739,5.0,0.0,1.0
haxs.stage5c2gR32.g1-quadrature.v1,limit_spin_density_zero_rect2x3,rect2x3_hole_2,2,exact,static_only,0.3181818181818181,2.4738574956189647,-2.42861286636753e-17,-5.551115123125783e-17,0.8236258878431167,-0.8427001128819702,1.0081132946389082,0.9895429982475858,5.0,0.0,1.0000000000000004
haxs.stage5c2gR32.g1-quadrature.v1,limit_spin_density_zero_rect2x3,rect2x3_hole_2,2,exact,static_only,0.35,2.4685133393769974,-5.551115123125783e-17,-5.551115123125783e-17,0.8089334599816805,-0.9208720045357643,0.985856608567566,0.9874053357507989,5.0,2.220446049250313e-16,1.0
haxs.stage5c2gR32.g1-quadrature.v1,limit_spin_density_zero_rect2x3,rect2x3_hole_2,2,exact,static_only,0.3818181818181818,2.462716220520851,-4.163336342344337e-17,-1.1102230246251565e-16,0.7947083160921592,-0.9979224235741256,0.963976607168715,0.9850864882083403,5.0,0.0,0.9999999999999999
haxs.stage5c2gR32.g1-quadrature.v1,limit_spin_density_zero_rect2x3,rect2x3_hole_2,2,exact,static_only,0.4136363636363636,2.4564802791444134,2.0816681711721685e-17,-5.551115123125783e-17,0.7809366911495366,-1.0738417201111086,0.9424805306565871,0.9825921116577654,5.0,0.0,1.0000000000000002
haxs.stage5c2gR32.g1-quadrature.v1,limit_spin_density_zero_rect2x3,rect2x3_hole_2,2,exact,static_only,0.44545454545454544,2.449820414083583,0.0,5.551115123125783e-17,0.7676058087336934,-1.148617474703795,0.9213756841672692,0.9799281656334331,5.0,0.0,1.0000000000000002
haxs.stage5c2gR32.g1-quadrature.v1,limit_spin_density_zero_rect2x3,rect2x3_hole_2,2,exact,static_only,0.47727272727272724,2.4427521777452936,0.0,0.0,0.7547038618534025,-1.2222342769863566,0.9006693549570293,0.9771008710981175,5.0,2.220446049250313e-16,1.0000000000000002
haxs.stage5c2gR32.g1-quadrature.v1,limit_spin_density_zero_rect2x3,rect2x3_hole_2,2,exact,static_only,0.509090909090909,2.4352916672597074,2.0816681711721685e-17,0.0,0.742219989426447,-1.2946735343549876,0.88036872874689,0.974116666903883,5.0,0.0,1.0000000000000004
haxs.stage5c2gR32.g1-quadrature.v1,limit_spin_density_zero_rect2x3,rect2x3_hole_2,2,exact,static_only,0.5409090909090909,2.42745541290446,-1.0408340855860843e-16,-5.551115123125783e-17,0.7301442487112565,-1.3659133134442238,0.8604808063732237,0.970982165161784,5.0,4.440892098500626e-16,1.0000000000000002
haxs.stage5c2gR32.g1-quadrature.v1,limit_spin_density_zero_rect2x3,rect2x3_hole_2,2,exact,static_only,0.5727272727272726,2.419260264770219,4.163336342344337e-17,5.551115123125783e-17,0.7184675840211906,-1.4359282168188723,0.8410123218843235,0.9677041059080876,5.0,0.0,1.0000000000000002
haxs.stage5c2gR32.g1-quadrature.v1,limit_spin_density_zero_rect2x3,rect2x3_hole_2,2,exact,static_only,0.6045454545454545,2.4107232786481605,2.7755575615628914e-17,0.0,0.7071817920889031,-1.5046892969339185,0.8219696631851218,0.9642893114592642,5.0,0.0,1.0000000000000002
haxs.stage5c2gR32.g1-quadrature.v1,limit_spin_density_zero_rect2x3,rect2x3_hole_2,2,exact,static_only,0.6363636363636362,2.401861602122275,5.551115123125783e-17,5.551115123125783e-17,0.6962794844841209,-1.5721640089881217,0.8033587962770876,0.96074464084891,5.0,0.0,0.9999999999999998
haxs.stage5c2gR32.g1-quadrature.v1,limit_spin_density_zero_rect2x3,rect2x3_hole_2,2,exact,static_only,0.6681818181818181,2.3926923618425153,1.3877787807814457e-17,-5.551115123125783e-17,0.6857540475227081,-1.6383162038170507,0.7851851940689067,0.9570769447370061,5.0,0.0,0.9999999999999999
haxs.stage5c2gR32.g1-quadrature.v1,limit_spin_density_zero_rect2x3,rect2x3_hole_2,2,exact,static_only,0.7,2.38323255293899,-1.3877787807814457e-17,-5.551115123125783e-17,0.6755996001369117,-1.7031061614422636,0.7674537706472936,0.9532930211755961,5.0,0.0,1.0
haxs.stage5c2gR32.g1-quadrature.v1,limit_spin_density_zero_rect2x3,rect2x3_hole_2,2,exact,static_only,0.7318181818181817,2.3734989315126995,2.7755575615628914e-17,-1.1102230246251565e-16,0.6658109502051266,-1.766490665320766,0.7501688217980245,0.9493995726050798,5.0,0.0,1.0
haxs.stage5c2gR32.g1-quadrature.v1,limit_spin_density_zero_rect2x3,rect2x3_hole_2,2,exact,static_only,0.7636363636363636,2.3635079111050485,-1.3877787807814457e-17,-1.1102230246251565e-16,0.6563835498632413,-1.8284231167309326,0.7333339724570691,0.9454031644420194,5.0,0.0,1.0
haxs.stage5c2gR32.g1-quadrature.v1,limit_spin_density_zero_rect2x3,rect2x3_hole_2,2,exact,static_only,0.7954545454545454,2.3532754640068427,2.7755575615628914e-17,0.0,0.647313450337636,-1.8888536880977518,0.7169521316529434,0.941310185602737,5.0,0.0,1.0
haxs.stage5c2gR32.g1-quadrature.v1,limit_spin_density_zero_rect2x3,rect2x3_hole_2,2,exact,static_only,0.8272727272727272,2.342817028218196,1.3877787807814457e-17,0.0,0.6385972568511844,-1.9477295134144144,0.7010254553765607,0.9371268112872784,5.0,0.0,1.0000000000000002
haxs.stage5c2gR32.g1-quadrature.v1,limit_spin_density_zero_rect2x3,rect2x3_hole_2,2,exact,static_only,0.859090909090909,2.332147420814067,-4.163336342344337e-17,-5.551115123125783e-17,0.6302320841575507,-2.0049949132721103,0.6855553176866063,0.9328589683256269,5.0,0.0,1.0
haxs.stage5c2gR32.g1-quadrature.v1,limit_spin_density_zero_rect2x3,rect2x3_hole_2,2,exact,static_only,0.8909090909090909,2.3212807584067683,-1.3877787807814457e-17,0.0,0.6222155132549494,-2.0605916513822544,0.6705422902294124,0.9285123033627073,5.0,0.0,1.0
haxs.stage5c2gR32.g1-quadrature.v1,limit_spin_density_zero_rect2x3,rect2x3_hole_2,2,exact,static_only,0.9227272727272726,2.310230385327208,0.0,5.551115123125783e-17,0.6145455498181077,-2.1144592188815308,0.6559861302250599,0.9240921541308833,5.0,2.220446049250313e-16,1.0000000000000002
haxs.stage5c2gR32.g1-quadrature.v1,limit_spin_density_zero_rect2x3,rect2x3_hole_2,2,exact,static_only,0.9545454545454545,2.299008810071629,-2.7755575615628914e-17,0.0,0.6072205848663236,-2.1665351421678967,0.6418857768484733,0.9196035240286516,5.0,0.0,0.9999999999999999
haxs.stage5c2gR32.g1-quadrature.v1,limit_spin_density_zero_rect2x3,rect2x3_hole_2,2,exact,static_only,0.9863636363636362,2.287627650480853,-2.7755575615628914e-17,0.0,0.6002393581564549,-2.216755309542311,0.6282393558178763,0.9150510601923412,5.0,0.0,1.0
haxs.stage5c2gR32.g1-quadrature.v1,limit_spin_density_zero_rect2x3,rect2x3_hole_2,2,exact,static_only,1.018181818181818,2.2760975880353644,2.7755575615628914e-17,0.0,0.5936009247528022,-2.2650543115435564,0.6150441918951303,0.9104390352141458,5.0,0.0,1.0
haxs.stage5c2gR32.g1-quadrature.v1,limit_spin_density_zero_rect2x3,rect2x3_hole_2,2,exact,static_only,1.0499999999999998,2.2644283315627494,0.0,0.0,0.5873046251819402,-2.311365789576816,0.6022968289049535,0.9057713326250998,5.0,2.220446049250313e-16,0.9999999999999999
haxs.stage5c2gR32.g1-quadrature.v1,limit_spin_density_zero_rect2x3,rect2x3_hole_2,2,exact,static_only,1.0818181818181818,2.2526285905648598,-1.3877787807814457e-17,0.0,0.5813500595305067,-2.35562278726378,0.5899930567941579,0.9010514362259439,5.0,0.0,1.0
haxs.stage5c2gR32.g1-quadrature.v1,limit_spin_density_zero_rect2x3,rect2x3_hole_2,2,exact,static_only,1.1136363636363635,2.2407060582815452,-2.7755575615628914e-17,0.0,0.575737065788922,-2.3977580988929907,0.5781279451788618,0.8962824233126181,5.0,0.0,1.0000000000000002
haxs.stage5c2gR32.g1-quadrature.v1,limit_spin_density_zero_rect2x3,rect2x3_hole_2,2,exact,static_only,1.1454545454545453,2.2286674045166603,-2.7755575615628914e-17,-5.551115123125783e-17,0.5704657026852863,-2.4377046094300585,0.5666958827677859,0.8914669618066642,5.0,0.0,1.0000000000000002
haxs.stage5c2gR32.g1-quadrature.v1,limit_spin_density_zero_rect2x3,rect2x3_hole_2,2,exact,static_only,1.1772727272727272,2.2165182781612054,-5.551115123125783e-17,-1.1102230246251565e-16,0.5655362371927276,-2.475395620760496,0.5556906220034642,0.8866073112644821,5.0,0.0,1.0000000000000004
haxs.stage5c2gR32.g1-quadrature.v1,limit_spin_density_zero_rect2x3,rect2x3_hole_2,2,exact,static_only,1.209090909090909,2.2042633192588332,-2.7755575615628914e-17,5.551115123125783e-17,0.5609491368316509,-2.510765159181437,0.5451053282304098,0.8817053277035333,5.0,0.0,0.9999999999999998
haxs.stage5c2gR32.g1-quadrature.v1,limit_spin_density_zero_rect2x3,rect2x3_hole_2,2,exact,static_only,1.2409090909090907,2.1919061803713036,2.7755575615628914e-17,0.0,0.5567050668271648,-2.543748259625702,0.5349326326795418,0.8767624721485214,5.0,2.220446049250313e-16,1.0
haxs.stage5c2gR32.g1-quadrature.v1,limit_spin_density_zero_rect2x3,rect2x3_hole_2,2,exact,static_only,1.2727272727272725,2.179449556916664,2.7755575615628914e-17,0.0,0.5528048921228508,-2.574281222681601,0.5251646885507788,0.8717798227666655,5.0,1.1102230246251565e-16,0.9999999999999999
haxs.stage5c2gR32.g1-quadrature.v1,limit_spin_density_zero_rect2x3,rect2x3_hole_2,2,exact,static_only,1.3045454545454545,2.1668952260718157,-2.7755575615628914e-17,5.551115123125783e-17,0.5492496841962099,-2.602301841150221,0.5157932294796661,0.8667580904287263,5.0,2.220446049250313e-16,0.9999999999999999
haxs.stage5c2gR32.g1-quadrature.v1,limit_spin_density_zero_rect2x3,rect2x3_hole_2,2,exact,static_only,1.3363636363636362,2.1542440937543503,-2.7755575615628914e-17,-5.551115123125783e-17,0.5460407325697736,-2.627749593640006,0.5068096296880649,0.8616976375017401,5.0,2.220446049250313e-16,1.0000000000000002
haxs.stage5c2gR32.g1-quadrature.v1,limit_spin_density_zero_rect2x3,rect2x3_hole_2,2,exact,static_only,1.368181818181818,2.1414962491269285,-5.551115123125783e-17,5.551115123125783e-17,0.5431795608658596,-2.650565803515927,0.49820496514196694,0.8565984996507714,5.0,2.220446049250313e-16,1.0000000000000002
haxs.stage5c2gR32.g1-quadrature.v1,limit_spin_density_zero_rect2x3,rect2x3_hole_2,2,exact,static_only,1.4,2.12865102600164,-8.326672684688674e-17,5.551115123125783e-17,0.5406679472130439,-2.670693762374348,0.48997007507003865,0.851460410400656,5.0,0.0,1.0
haxs.stage5c2gR32.g1-quadrature.v1,limit_spin_density_zero_rect2x3,rect2x3_hole_2,4,exact,static_only,0.0,2.5000000000000004,0.0,-5.551115123125783e-17,0.9999999999999996,-1.9286549331065747e-15,1.25,1.0000000000000002,5.0,2.220446049250313e-16,1.0000000000000002
haxs.stage5c2gR32.g1-quadrature.v1,limit_spin_density_zero_rect2x3,rect2x3_hole_2,4,exact,static_only,0.031818181818181815,2.4997327245607126,1.734723475976807e-18,-5.551115123125783e-17,0.9796562597528977,-0.08926282144051918,1.2243085006305223,0.999893089824285,5.0,2.220446049250313e-16,1.0
haxs.stage5c2gR32.g1-quadrature.v1,limit_spin_density_zero_rect2x3,rect2x3_hole_2,4,exact,static_only,0.06363636363636363,2.4989316242808144,1.734723475976807e-18,0.0,0.9599725073677846,-0.177412045327605,1.1989402420394193,0.9995726497123257,5.0,0.0,1.0000000000000002
haxs.stage5c2gR32.g1-quadrature.v1,limit_spin_density_zero_rect2x3,rect2x3_hole_2,4,exact,static_only,0.09545454545454544,2.4975988719165674,2.6020852139652106e-18,0.0,0.9409251413328883,-0.26444927050179584,1.173898229849835,0.9990395487666269,5.0,0.0,1.0000000000000002
haxs.stage5c2gR32.g1-quadrature.v1,limit_spin_density_zero_rect2x3,rect2x3_hole_2,4,exact,static_only,0.12727272727272726,2.495738070917197,1.3877787807814457e-17,5.551115123125783e-17,0.9224914584985497,-0.3503764635494053,1.1491860811818342,0.9982952283668787,5.0,4.440892098500626e-16,1.0000000000000002
haxs.stage5c2gR32.g1-quadrature.v1,limit_spin_density_zero_rect2x3,rect2x3_hole_2,4,exact,static_only,0.15909090909090906,2.4933542288742316,2.6020852139652106e-17,-5.551115123125783e-17,0.9046496880588222,-0.4351956222670212,1.1248080062988643,0.9973416915496927,5.0,1.1102230246251565e-16,1.0000000000000002
haxs.stage5c2gR32.g1-quadrature.v1,limit_spin_density_zero_rect2x3,rect2x3_hole_2,4,exact,static_only,0.1909090909090909,2.490453720681195,-1.3877787807814457e-17,1.1102230246251565e-16,0.8873790197846323,-0.5189084348003945,1.1007687803734263,0.9961814882724781,5.0,0.0,1.0000000000000002
haxs.stage5c2gR32.g1-quadrature.v1,limit_spin_density_zero_rect2x3,rect2x3_hole_2,4,exact,static_only,0.22272727272727272,2.4870442417306156,-1.734723475976807e-17,-1.1102230246251565e-16,0.8706596265484082,-0.6015159378991046,1.0770737058639068,0.9948176966922462,5.0,2.220446049250313e-16,1.0000000000000004
haxs.stage5c2gR32.g1-quadrature.v1,limit_spin_density_zero_rect2x3,rect2x3_hole_2,4,exact,static_only,0.2545454545454545,2.483134751563331,1.3877787807814457e-17,5.551115123125783e-17,0.8544726812005199,-0.6830181778060656,1.0537285661115285,0.9932539006253324,5.0,0.0,1.0
haxs.stage5c2gR32.g1-quadrature.v1,limit_spin_density_zero_rect2x3,rect2x3_hole_2,4,exact,static_only,0.2863636363636363,2.4787354084693476,-2.7755575615628914e-17,5.551115123125783e-17,0.8388003678776069,-0.7634138773556874,1.0307395708770135,0.991494163387739,5.0,0.0,1.0
haxs.stage5c2gR32.g1-quadrature.v1,limit_spin_density_zero_rect2x3,rect2x3_hole_2,4,exact,static_only,0.3181818181818181,2.4738574956189647,-2.42861286636753e-17,-5.551115123125783e-17,0.8236258878431167,-0.8427001128819702,1.0081132946389082,0.9895429982475858,5.0,0.0,1.0000000000000004
haxs.stage5c2gR32.g1-quadrature.v1,limit_spin_density_zero_rect2x3,rect2x3_hole_2,4,exact,static_only,0.35,2.4685133393769974,-5.551115123125783e-17,-5.551115123125783e-17,0.8089334599816805,-0.9208720045357643,0.985856608567566,0.9874053357507989,5.0,2.220446049250313e-16,1.0
haxs.stage5c2gR32.g1-quadrature.v1,limit_spin_density_zero_rect2x3,rect2x3_hole_2,4,exact,static_only,0.3818181818181818,2.462716220520851,-4.163336342344337e-17,-1.1102230246251565e-16,0.7947083160921592,-0.9979224235741256,0.963976607168715,0.9850864882083403,5.0,0.0,0.9999999999999999
haxs.stage5c2gR32.g1-quadrature.v1,limit_spin_density_zero_rect2x3,rect2x3_hole_2,4,exact,static_only,0.4136363636363636,2.4564802791444134,2.0816681711721685e-17,-5.551115123125783e-17,0.7809366911495366,-1.0738417201111086,0.9424805306565871,0.9825921116577654,5.0,0.0,1.0000000000000002
haxs.stage5c2gR32.g1-quadrature.v1,limit_spin_density_zero_rect2x3,rect2x3_hole_2,4,exact,static_only,0.44545454545454544,2.449820414083583,0.0,5.551115123125783e-17,0.7676058087336934,-1.148617474703795,0.9213756841672692,0.9799281656334331,5.0,0.0,1.0000000000000002
haxs.stage5c2gR32.g1-quadrature.v1,limit_spin_density_zero_rect2x3,rect2x3_hole_2,4,exact,static_only,0.47727272727272724,2.4427521777452936,0.0,0.0,0.7547038618534025,-1.2222342769863566,0.9006693549570293,0.9771008710981175,5.0,2.220446049250313e-16,1.0000000000000002
haxs.stage5c2gR32.g1-quadrature.v1,limit_spin_density_zero_rect2x3,rect2x3_hole_2,4,exact,static_only,0.509090909090909,2.4352916672597074,2.0816681711721685e-17,0.0,0.742219989426447,-1.2946735343549876,0.88036872874689,0.974116666903883,5.0,0.0,1.0000000000000004
haxs.stage5c2gR32.g1-quadrature.v1,limit_spin_density_zero_rect2x3,rect2x3_hole_2,4,exact,static_only,0.5409090909090909,2.42745541290446,-1.0408340855860843e-16,-5.551115123125783e-17,0.7301442487112565,-1.3659133134442238,0.8604808063732237,0.970982165161784,5.0,4.440892098500626e-16,1.0000000000000002
haxs.stage5c2gR32.g1-quadrature.v1,limit_spin_density_zero_rect2x3,rect2x3_hole_2,4,exact,static_only,0.5727272727272726,2.419260264770219,4.163336342344337e-17,5.551115123125783e-17,0.7184675840211906,-1.4359282168188723,0.8410123218843235,0.9677041059080876,5.0,0.0,1.0000000000000002
haxs.stage5c2gR32.g1-quadrature.v1,limit_spin_density_zero_rect2x3,rect2x3_hole_2,4,exact,static_only,0.6045454545454545,2.4107232786481605,2.7755575615628914e-17,0.0,0.7071817920889031,-1.5046892969339185,0.8219696631851218,0.9642893114592642,5.0,0.0,1.0000000000000002
haxs.stage5c2gR32.g1-quadrature.v1,limit_spin_density_zero_rect2x3,rect2x3_hole_2,4,exact,static_only,0.6363636363636362,2.401861602122275,5.551115123125783e-17,5.551115123125783e-17,0.6962794844841209,-1.5721640089881217,0.8033587962770876,0.96074464084891,5.0,0.0,0.9999999999999998
haxs.stage5c2gR32.g1-quadrature.v1,limit_spin_density_zero_rect2x3,rect2x3_hole_2,4,exact,static_only,0.6681818181818181,2.3926923618425153,1.3877787807814457e-17,-5.551115123125783e-17,0.6857540475227081,-1.6383162038170507,0.7851851940689067,0.9570769447370061,5.0,0.0,0.9999999999999999
haxs.stage5c2gR32.g1-quadrature.v1,limit_spin_density_zero_rect2x3,rect2x3_hole_2,4,exact,static_only,0.7,2.38323255293899,-1.3877787807814457e-17,-5.551115123125783e-17,0.6755996001369117,-1.7031061614422636,0.7674537706472936,0.9532930211755961,5.0,0.0,1.0
haxs.stage5c2gR32.g1-quadrature.v1,limit_spin_density_zero_rect2x3,rect2x3_hole_2,4,exact,static_only,0.7318181818181817,2.3734989315126995,2.7755575615628914e-17,-1.1102230246251565e-16,0.6658109502051266,-1.766490665320766,0.7501688217980245,0.9493995726050798,5.0,0.0,1.0
haxs.stage5c2gR32.g1-quadrature.v1,limit_spin_density_zero_rect2x3,rect2x3_hole_2,4,exact,static_only,0.7636363636363636,2.3635079111050485,-1.3877787807814457e-17,-1.1102230246251565e-16,0.6563835498632413,-1.8284231167309326,0.7333339724570691,0.9454031644420194,5.0,0.0,1.0
haxs.stage5c2gR32.g1-quadrature.v1,limit_spin_density_zero_rect2x3,rect2x3_hole_2,4,exact,static_only,0.7954545454545454,2.3532754640068427,2.7755575615628914e-17,0.0,0.647313450337636,-1.8888536880977518,0.7169521316529434,0.941310185602737,5.0,0.0,1.0
haxs.stage5c2gR32.g1-quadrature.v1,limit_spin_density_zero_rect2x3,rect2x3_hole_2,4,exact,static_only,0.8272727272727272,2.342817028218196,1.3877787807814457e-17,0.0,0.6385972568511844,-1.9477295134144144,0.7010254553765607,0.9371268112872784,5.0,0.0,1.0000000000000002
haxs.stage5c2gR32.g1-quadrature.v1,limit_spin_density_zero_rect2x3,rect2x3_hole_2,4,exact,static_only,0.859090909090909,2.332147420814067,-4.163336342344337e-17,-5.551115123125783e-17,0.6302320841575507,-2.0049949132721103,0.6855553176866063,0.9328589683256269,5.0,0.0,1.0
haxs.stage5c2gR32.g1-quadrature.v1,limit_spin_density_zero_rect2x3,rect2x3_hole_2,4,exact,static_only,0.8909090909090909,2.3212807584067683,-1.3877787807814457e-17,0.0,0.6222155132549494,-2.0605916513822544,0.6705422902294124,0.9285123033627073,5.0,0.0,1.0
haxs.stage5c2gR32.g1-quadrature.v1,limit_spin_density_zero_rect2x3,rect2x3_hole_2,4,exact,static_only,0.9227272727272726,2.310230385327208,0.0,5.551115123125783e-17,0.6145455498181077,-2.1144592188815308,0.6559861302250599,0.9240921541308833,5.0,2.220446049250313e-16,1.0000000000000002
haxs.stage5c2gR32.g1-quadrature.v1,limit_spin_density_zero_rect2x3,rect2x3_hole_2,4,exact,static_only,0.9545454545454545,2.299008810071629,-2.7755575615628914e-17,0.0,0.6072205848663236,-2.1665351421678967,0.6418857768484733,0.9196035240286516,5.0,0.0,0.9999999999999999
haxs.stage5c2gR32.g1-quadrature.v1,limit_spin_density_zero_rect2x3,rect2x3_hole_2,4,exact,static_only,0.9863636363636362,2.287627650480853,-2.7755575615628914e-17,0.0,0.6002393581564549,-2.216755309542311,0.6282393558178763,0.9150510601923412,5.0,0.0,1.0
haxs.stage5c2gR32.g1-quadrature.v1,limit_spin_density_zero_rect2x3,rect2x3_hole_2,4,exact,static_only,1.018181818181818,2.2760975880353644,2.7755575615628914e-17,0.0,0.5936009247528022,-2.2650543115435564,0.6150441918951303,0.9104390352141458,5.0,0.0,1.0
haxs.stage5c2gR32.g1-quadrature.v1,limit_spin_density_zero_rect2x3,rect2x3_hole_2,4,exact,static_only,1.0499999999999998,2.2644283315627494,0.0,0.0,0.5873046251819402,-2.311365789576816,0.6022968289049535,0.9057713326250998,5.0,2.220446049250313e-16,0.9999999999999999
haxs.stage5c2gR32.g1-quadrature.v1,limit_spin_density_zero_rect2x3,rect2x3_hole_2,4,exact,static_only,1.0818181818181818,2.2526285905648598,-1.3877787807814457e-17,0.0,0.5813500595305067,-2.35562278726378,0.5899930567941579,0.9010514362259439,5.0,0.0,1.0
haxs.stage5c2gR32.g1-quadrature.v1,limit_spin_density_zero_rect2x3,rect2x3_hole_2,4,exact,static_only,1.1136363636363635,2.2407060582815452,-2.7755575615628914e-17,0.0,0.575737065788922,-2.3977580988929907,0.5781279451788618,0.8962824233126181,5.0,0.0,1.0000000000000002
haxs.stage5c2gR32.g1-quadrature.v1,limit_spin_density_zero_rect2x3,rect2x3_hole_2,4,exact,static_only,1.1454545454545453,2.2286674045166603,-2.7755575615628914e-17,-5.551115123125783e-17,0.5704657026852863,-2.4377046094300585,0.5666958827677859,0.8914669618066642,5.0,0.0,1.0000000000000002
haxs.stage5c2gR32.g1-quadrature.v1,limit_spin_density_zero_rect2x3,rect2x3_hole_2,4,exact,static_only,1.1772727272727272,2.2165182781612054,-5.551115123125783e-17,-1.1102230246251565e-16,0.5655362371927276,-2.475395620760496,0.5556906220034642,0.8866073112644821,5.0,0.0,1.0000000000000004
haxs.stage5c2gR32.g1-quadrature.v1,limit_spin_density_zero_rect2x3,rect2x3_hole_2,4,exact,static_only,1.209090909090909,2.2042633192588332,-2.7755575615628914e-17,5.551115123125783e-17,0.5609491368316509,-2.510765159181437,0.5451053282304098,0.8817053277035333,5.0,0.0,0.9999999999999998
haxs.stage5c2gR32.g1-quadrature.v1,limit_spin_density_zero_rect2x3,rect2x3_hole_2,4,exact,static_only,1.2409090909090907,2.1919061803713036,2.7755575615628914e-17,0.0,0.5567050668271648,-2.543748259625702,0.5349326326795418,0.8767624721485214,5.0,2.220446049250313e-16,1.0
haxs.stage5c2gR32.g1-quadrature.v1,limit_spin_density_zero_rect2x3,rect2x3_hole_2,4,exact,static_only,1.2727272727272725,2.179449556916664,2.7755575615628914e-17,0.0,0.5528048921228508,-2.574281222681601,0.5251646885507788,0.8717798227666655,5.0,1.1102230246251565e-16,0.9999999999999999
haxs.stage5c2gR32.g1-quadrature.v1,limit_spin_density_zero_rect2x3,rect2x3_hole_2,4,exact,static_only,1.3045454545454545,2.1668952260718157,-2.7755575615628914e-17,5.551115123125783e-17,0.5492496841962099,-2.602301841150221,0.5157932294796661,0.8667580904287263,5.0,2.220446049250313e-16,0.9999999999999999
haxs.stage5c2gR32.g1-quadrature.v1,limit_spin_density_zero_rect2x3,rect2x3_hole_2,4,exact,static_only,1.3363636363636362,2.1542440937543503,-2.7755575615628914e-17,-5.551115123125783e-17,0.5460407325697736,-2.627749593640006,0.5068096296880649,0.8616976375017401,5.0,2.220446049250313e-16,1.0000000000000002
haxs.stage5c2gR32.g1-quadrature.v1,limit_spin_density_zero_rect2x3,rect2x3_hole_2,4,exact,static_only,1.368181818181818,2.1414962491269285,-5.551115123125783e-17,5.551115123125783e-17,0.5431795608658596,-2.650565803515927,0.49820496514196694,0.8565984996507714,5.0,2.220446049250313e-16,1.0000000000000002
haxs.stage5c2gR32.g1-quadrature.v1,limit_spin_density_zero_rect2x3,rect2x3_hole_2,4,exact,static_only,1.4,2.12865102600164,-8.326672684688674e-17,5.551115123125783e-17,0.5406679472130439,-2.670693762374348,0.48997007507003865,0.851460410400656,5.0,0.0,1.0
haxs.stage5c2gR32.g1-quadrature.v1,limit_spin_density_zero_rect2x3,rect2x3_hole_2,1,exact,spin_density_only,0.0,2.5000000000000004,0.0,-5.551115123125783e-17,0.9999999999999996,-1.9286549331065747e-15,1.25,1.0000000000000002,5.0,2.220446049250313e-16,1.0000000000000002
haxs.stage5c2gR32.g1-quadrature.v1,limit_spin_density_zero_rect2x3,rect2x3_hole_2,1,exact,spin_density_only,0.031818181818181815,2.4997327245607126,1.734723475976807e-18,-5.551115123125783e-17,0.9796562597528977,-0.08926282144051918,1.2243085006305223,0.999893089824285,5.0,2.220446049250313e-16,1.0
haxs.stage5c2gR32.g1-quadrature.v1,limit_spin_density_zero_rect2x3,rect2x3_hole_2,1,exact,spin_density_only,0.06363636363636363,2.4989316242808144,1.734723475976807e-18,0.0,0.9599725073677846,-0.177412045327605,1.1989402420394193,0.9995726497123257,5.0,0.0,1.0000000000000002
haxs.stage5c2gR32.g1-quadrature.v1,limit_spin_density_zero_rect2x3,rect2x3_hole_2,1,exact,spin_density_only,0.09545454545454544,2.4975988719165674,2.6020852139652106e-18,0.0,0.9409251413328883,-0.26444927050179584,1.173898229849835,0.9990395487666269,5.0,0.0,1.0000000000000002
haxs.stage5c2gR32.g1-quadrature.v1,limit_spin_density_zero_rect2x3,rect2x3_hole_2,1,exact,spin_density_only,0.12727272727272726,2.495738070917197,1.3877787807814457e-17,5.551115123125783e-17,0.9224914584985497,-0.3503764635494053,1.1491860811818342,0.9982952283668787,5.0,4.440892098500626e-16,1.0000000000000002
haxs.stage5c2gR32.g1-quadrature.v1,limit_spin_density_zero_rect2x3,rect2x3_hole_2,1,exact,spin_density_only,0.15909090909090906,2.4933542288742316,2.6020852139652106e-17,-5.551115123125783e-17,0.9046496880588222,-0.4351956222670212,1.1248080062988643,0.9973416915496927,5.0,1.1102230246251565e-16,1.0000000000000002
haxs.stage5c2gR32.g1-quadrature.v1,limit_spin_density_zero_rect2x3,rect2x3_hole_2,1,exact,spin_density_only,0.1909090909090909,2.490453720681195,-1.3877787807814457e-17,1.1102230246251565e-16,0.8873790197846323,-0.5189084348003945,1.1007687803734263,0.9961814882724781,5.0,0.0,1.0000000000000002
haxs.stage5c2gR32.g1-quadrature.v1,limit_spin_density_zero_rect2x3,rect2x3_hole_2,1,exact,spin_density_only,0.22272727272727272,2.4870442417306156,-1.734723475976807e-17,-1.1102230246251565e-16,0.8706596265484082,-0.6015159378991046,1.0770737058639068,0.9948176966922462,5.0,2.220446049250313e-16,1.0000000000000004
haxs.stage5c2gR32.g1-quadrature.v1,limit_spin_density_zero_rect2x3,rect2x3_hole_2,1,exact,spin_density_only,0.2545454545454545,2.483134751563331,1.3877787807814457e-17,5.551115123125783e-17,0.8544726812005199,-0.6830181778060656,1.0537285661115285,0.9932539006253324,5.0,0.0,1.0
haxs.stage5c2gR32.g1-quadrature.v1,limit_spin_density_zero_rect2x3,rect2x3_hole_2,1,exact,spin_density_only,0.2863636363636363,2.4787354084693476,-2.7755575615628914e-17,5.551115123125783e-17,0.8388003678776069,-0.7634138773556874,1.0307395708770135,0.991494163387739,5.0,0.0,1.0
haxs.stage5c2gR32.g1-quadrature.v1,limit_spin_density_zero_rect2x3,rect2x3_hole_2,1,exact,spin_density_only,0.3181818181818181,2.4738574956189647,-2.42861286636753e-17,-5.551115123125783e-17,0.8236258878431167,-0.8427001128819702,1.0081132946389082,0.9895429982475858,5.0,0.0,1.0000000000000004
haxs.stage5c2gR32.g1-quadrature.v1,limit_spin_density_zero_rect2x3,rect2x3_hole_2,1,exact,spin_density_only,0.35,2.4685133393769974,-5.551115123125783e-17,-5.551115123125783e-17,0.8089334599816805,-0.9208720045357643,0.985856608567566,0.9874053357507989,5.0,2.220446049250313e-16,1.0
haxs.stage5c2gR32.g1-quadrature.v1,limit_spin_density_zero_rect2x3,rect2x3_hole_2,1,exact,spin_density_only,0.3818181818181818,2.462716220520851,-4.163336342344337e-17,-1.1102230246251565e-16,0.7947083160921592,-0.9979224235741256,0.963976607168715,0.9850864882083403,5.0,0.0,0.9999999999999999
haxs.stage5c2gR32.g1-quadrature.v1,limit_spin_density_zero_rect2x3,rect2x3_hole_2,1,exact,spin_density_only,0.4136363636363636,2.4564802791444134,2.0816681711721685e-17,-5.551115123125783e-17,0.7809366911495366,-1.0738417201111086,0.9424805306565871,0.9825921116577654,5.0,0.0,1.0000000000000002
haxs.stage5c2gR32.g1-quadrature.v1,limit_spin_density_zero_rect2x3,rect2x3_hole_2,1,exact,spin_density_only,0.44545454545454544,2.449820414083583,0.0,5.551115123125783e-17,0.7676058087336934,-1.148617474703795,0.9213756841672692,0.9799281656334331,5.0,0.0,1.0000000000000002
haxs.stage5c2gR32.g1-quadrature.v1,limit_spin_density_zero_rect2x3,rect2x3_hole_2,1,exact,spin_density_only,0.47727272727272724,2.4427521777452936,0.0,0.0,0.7547038618534025,-1.2222342769863566,0.9006693549570293,0.9771008710981175,5.0,2.220446049250313e-16,1.0000000000000002
haxs.stage5c2gR32.g1-quadrature.v1,limit_spin_density_zero_rect2x3,rect2x3_hole_2,1,exact,spin_density_only,0.509090909090909,2.4352916672597074,2.0816681711721685e-17,0.0,0.742219989426447,-1.2946735343549876,0.88036872874689,0.974116666903883,5.0,0.0,1.0000000000000004
haxs.stage5c2gR32.g1-quadrature.v1,limit_spin_density_zero_rect2x3,rect2x3_hole_2,1,exact,spin_density_only,0.5409090909090909,2.42745541290446,-1.0408340855860843e-16,-5.551115123125783e-17,0.7301442487112565,-1.3659133134442238,0.8604808063732237,0.970982165161784,5.0,4.440892098500626e-16,1.0000000000000002
haxs.stage5c2gR32.g1-quadrature.v1,limit_spin_density_zero_rect2x3,rect2x3_hole_2,1,exact,spin_density_only,0.5727272727272726,2.419260264770219,4.163336342344337e-17,5.551115123125783e-17,0.7184675840211906,-1.4359282168188723,0.8410123218843235,0.9677041059080876,5.0,0.0,1.0000000000000002
haxs.stage5c2gR32.g1-quadrature.v1,limit_spin_density_zero_rect2x3,rect2x3_hole_2,1,exact,spin_density_only,0.6045454545454545,2.4107232786481605,2.7755575615628914e-17,0.0,0.7071817920889031,-1.5046892969339185,0.8219696631851218,0.9642893114592642,5.0,0.0,1.0000000000000002
haxs.stage5c2gR32.g1-quadrature.v1,limit_spin_density_zero_rect2x3,rect2x3_hole_2,1,exact,spin_density_only,0.6363636363636362,2.401861602122275,5.551115123125783e-17,5.551115123125783e-17,0.6962794844841209,-1.5721640089881217,0.8033587962770876,0.96074464084891,5.0,0.0,0.9999999999999998
haxs.stage5c2gR32.g1-quadrature.v1,limit_spin_density_zero_rect2x3,rect2x3_hole_2,1,exact,spin_density_only,0.6681818181818181,2.3926923618425153,1.3877787807814457e-17,-5.551115123125783e-17,0.6857540475227081,-1.6383162038170507,0.7851851940689067,0.9570769447370061,5.0,0.0,0.9999999999999999
haxs.stage5c2gR32.g1-quadrature.v1,limit_spin_density_zero_rect2x3,rect2x3_hole_2,1,exact,spin_density_only,0.7,2.38323255293899,-1.3877787807814457e-17,-5.551115123125783e-17,0.6755996001369117,-1.7031061614422636,0.7674537706472936,0.9532930211755961,5.0,0.0,1.0
haxs.stage5c2gR32.g1-quadrature.v1,limit_spin_density_zero_rect2x3,rect2x3_hole_2,1,exact,spin_density_only,0.7318181818181817,2.3734989315126995,2.7755575615628914e-17,-1.1102230246251565e-16,0.6658109502051266,-1.766490665320766,0.7501688217980245,0.9493995726050798,5.0,0.0,1.0
haxs.stage5c2gR32.g1-quadrature.v1,limit_spin_density_zero_rect2x3,rect2x3_hole_2,1,exact,spin_density_only,0.7636363636363636,2.3635079111050485,-1.3877787807814457e-17,-1.1102230246251565e-16,0.6563835498632413,-1.8284231167309326,0.7333339724570691,0.9454031644420194,5.0,0.0,1.0
haxs.stage5c2gR32.g1-quadrature.v1,limit_spin_density_zero_rect2x3,rect2x3_hole_2,1,exact,spin_density_only,0.7954545454545454,2.3532754640068427,2.7755575615628914e-17,0.0,0.647313450337636,-1.8888536880977518,0.7169521316529434,0.941310185602737,5.0,0.0,1.0
haxs.stage5c2gR32.g1-quadrature.v1,limit_spin_density_zero_rect2x3,rect2x3_hole_2,1,exact,spin_density_only,0.8272727272727272,2.342817028218196,1.3877787807814457e-17,0.0,0.6385972568511844,-1.9477295134144144,0.7010254553765607,0.9371268112872784,5.0,0.0,1.0000000000000002
haxs.stage5c2gR32.g1-quadrature.v1,limit_spin_density_zero_rect2x3,rect2x3_hole_2,1,exact,spin_density_only,0.859090909090909,2.332147420814067,-4.163336342344337e-17,-5.551115123125783e-17,0.6302320841575507,-2.0049949132721103,0.6855553176866063,0.9328589683256269,5.0,0.0,1.0
haxs.stage5c2gR32.g1-quadrature.v1,limit_spin_density_zero_rect2x3,rect2x3_hole_2,1,exact,spin_density_only,0.8909090909090909,2.3212807584067683,-1.3877787807814457e-17,0.0,0.6222155132549494,-2.0605916513822544,0.6705422902294124,0.9285123033627073,5.0,0.0,1.0
haxs.stage5c2gR32.g1-quadrature.v1,limit_spin_density_zero_rect2x3,rect2x3_hole_2,1,exact,spin_density_only,0.9227272727272726,2.310230385327208,0.0,5.551115123125783e-17,0.6145455498181077,-2.1144592188815308,0.6559861302250599,0.9240921541308833,5.0,2.220446049250313e-16,1.0000000000000002
haxs.stage5c2gR32.g1-quadrature.v1,limit_spin_density_zero_rect2x3,rect2x3_hole_2,1,exact,spin_density_only,0.9545454545454545,2.299008810071629,-2.7755575615628914e-17,0.0,0.6072205848663236,-2.1665351421678967,0.6418857768484733,0.9196035240286516,5.0,0.0,0.9999999999999999
haxs.stage5c2gR32.g1-quadrature.v1,limit_spin_density_zero_rect2x3,rect2x3_hole_2,1,exact,spin_density_only,0.9863636363636362,2.287627650480853,-2.7755575615628914e-17,0.0,0.6002393581564549,-2.216755309542311,0.6282393558178763,0.9150510601923412,5.0,0.0,1.0
haxs.stage5c2gR32.g1-quadrature.v1,limit_spin_density_zero_rect2x3,rect2x3_hole_2,1,exact,spin_density_only,1.018181818181818,2.2760975880353644,2.7755575615628914e-17,0.0,0.5936009247528022,-2.2650543115435564,0.6150441918951303,0.9104390352141458,5.0,0.0,1.0
haxs.stage5c2gR32.g1-quadrature.v1,limit_spin_density_zero_rect2x3,rect2x3_hole_2,1,exact,spin_density_only,1.0499999999999998,2.2644283315627494,0.0,0.0,0.5873046251819402,-2.311365789576816,0.6022968289049535,0.9057713326250998,5.0,2.220446049250313e-16,0.9999999999999999
haxs.stage5c2gR32.g1-quadrature.v1,limit_spin_density_zero_rect2x3,rect2x3_hole_2,1,exact,spin_density_only,1.0818181818181818,2.2526285905648598,-1.3877787807814457e-17,0.0,0.5813500595305067,-2.35562278726378,0.5899930567941579,0.9010514362259439,5.0,0.0,1.0
haxs.stage5c2gR32.g1-quadrature.v1,limit_spin_density_zero_rect2x3,rect2x3_hole_2,1,exact,spin_density_only,1.1136363636363635,2.2407060582815452,-2.7755575615628914e-17,0.0,0.575737065788922,-2.3977580988929907,0.5781279451788618,0.8962824233126181,5.0,0.0,1.0000000000000002
haxs.stage5c2gR32.g1-quadrature.v1,limit_spin_density_zero_rect2x3,rect2x3_hole_2,1,exact,spin_density_only,1.1454545454545453,2.2286674045166603,-2.7755575615628914e-17,-5.551115123125783e-17,0.5704657026852863,-2.4377046094300585,0.5666958827677859,0.8914669618066642,5.0,0.0,1.0000000000000002
haxs.stage5c2gR32.g1-quadrature.v1,limit_spin_density_zero_rect2x3,rect2x3_hole_2,1,exact,spin_density_only,1.1772727272727272,2.2165182781612054,-5.551115123125783e-17,-1.1102230246251565e-16,0.5655362371927276,-2.475395620760496,0.5556906220034642,0.8866073112644821,5.0,0.0,1.0000000000000004
haxs.stage5c2gR32.g1-quadrature.v1,limit_spin_density_zero_rect2x3,rect2x3_hole_2,1,exact,spin_density_only,1.209090909090909,2.2042633192588332,-2.7755575615628914e-17,5.551115123125783e-17,0.5609491368316509,-2.510765159181437,0.5451053282304098,0.8817053277035333,5.0,0.0,0.9999999999999998
haxs.stage5c2gR32.g1-quadrature.v1,limit_spin_density_zero_rect2x3,rect2x3_hole_2,1,exact,spin_density_only,1.2409090909090907,2.1919061803713036,2.7755575615628914e-17,0.0,0.5567050668271648,-2.543748259625702,0.5349326326795418,0.8767624721485214,5.0,2.220446049250313e-16,1.0
haxs.stage5c2gR32.g1-quadrature.v1,limit_spin_density_zero_rect2x3,rect2x3_hole_2,1,exact,spin_density_only,1.2727272727272725,2.179449556916664,2.7755575615628914e-17,0.0,0.5528048921228508,-2.574281222681601,0.5251646885507788,0.8717798227666655,5.0,1.1102230246251565e-16,0.9999999999999999
haxs.stage5c2gR32.g1-quadrature.v1,limit_spin_density_zero_rect2x3,rect2x3_hole_2,1,exact,spin_density_only,1.3045454545454545,2.1668952260718157,-2.7755575615628914e-17,5.551115123125783e-17,0.5492496841962099,-2.602301841150221,0.5157932294796661,0.8667580904287263,5.0,2.220446049250313e-16,0.9999999999999999
haxs.stage5c2gR32.g1-quadrature.v1,limit_spin_density_zero_rect2x3,rect2x3_hole_2,1,exact,spin_density_only,1.3363636363636362,2.1542440937543503,-2.7755575615628914e-17,-5.551115123125783e-17,0.5460407325697736,-2.627749593640006,0.5068096296880649,0.8616976375017401,5.0,2.220446049250313e-16,1.0000000000000002
haxs.stage5c2gR32.g1-quadrature.v1,limit_spin_density_zero_rect2x3,rect2x3_hole_2,1,exact,spin_density_only,1.368181818181818,2.1414962491269285,-5.551115123125783e-17,5.551115123125783e-17,0.5431795608658596,-2.650565803515927,0.49820496514196694,0.8565984996507714,5.0,2.220446049250313e-16,1.0000000000000002
haxs.stage5c2gR32.g1-quadrature.v1,limit_spin_density_zero_rect2x3,rect2x3_hole_2,1,exact,spin_density_only,1.4,2.12865102600164,-8.326672684688674e-17,5.551115123125783e-17,0.5406679472130439,-2.670693762374348,0.48997007507003865,0.851460410400656,5.0,0.0,1.0
haxs.stage5c2gR32.g1-quadrature.v1,limit_spin_density_zero_rect2x3,rect2x3_hole_2,2,exact,spin_density_only,0.0,2.5000000000000004,0.0,-5.551115123125783e-17,0.9999999999999996,-1.9286549331065747e-15,1.25,1.0000000000000002,5.0,2.220446049250313e-16,1.0000000000000002
haxs.stage5c2gR32.g1-quadrature.v1,limit_spin_density_zero_rect2x3,rect2x3_hole_2,2,exact,spin_density_only,0.031818181818181815,2.4997327245607126,1.734723475976807e-18,-5.551115123125783e-17,0.9796562597528977,-0.08926282144051918,1.2243085006305223,0.999893089824285,5.0,2.220446049250313e-16,1.0
haxs.stage5c2gR32.g1-quadrature.v1,limit_spin_density_zero_rect2x3,rect2x3_hole_2,2,exact,spin_density_only,0.06363636363636363,2.4989316242808144,1.734723475976807e-18,0.0,0.9599725073677846,-0.177412045327605,1.1989402420394193,0.9995726497123257,5.0,0.0,1.0000000000000002
haxs.stage5c2gR32.g1-quadrature.v1,limit_spin_density_zero_rect2x3,rect2x3_hole_2,2,exact,spin_density_only,0.09545454545454544,2.4975988719165674,2.6020852139652106e-18,0.0,0.9409251413328883,-0.26444927050179584,1.173898229849835,0.9990395487666269,5.0,0.0,1.0000000000000002
haxs.stage5c2gR32.g1-quadrature.v1,limit_spin_density_zero_rect2x3,rect2x3_hole_2,2,exact,spin_density_only,0.12727272727272726,2.495738070917197,1.3877787807814457e-17,5.551115123125783e-17,0.9224914584985497,-0.3503764635494053,1.1491860811818342,0.9982952283668787,5.0,4.440892098500626e-16,1.0000000000000002
haxs.stage5c2gR32.g1-quadrature.v1,limit_spin_density_zero_rect2x3,rect2x3_hole_2,2,exact,spin_density_only,0.15909090909090906,2.4933542288742316,2.6020852139652106e-17,-5.551115123125783e-17,0.9046496880588222,-0.4351956222670212,1.1248080062988643,0.9973416915496927,5.0,1.1102230246251565e-16,1.0000000000000002
haxs.stage5c2gR32.g1-quadrature.v1,limit_spin_density_zero_rect2x3,rect2x3_hole_2,2,exact,spin_density_only,0.1909090909090909,2.490453720681195,-1.3877787807814457e-17,1.1102230246251565e-16,0.8873790197846323,-0.5189084348003945,1.1007687803734263,0.9961814882724781,5.0,0.0,1.0000000000000002
haxs.stage5c2gR32.g1-quadrature.v1,limit_spin_density_zero_rect2x3,rect2x3_hole_2,2,exact,spin_density_only,0.22272727272727272,2.4870442417306156,-1.734723475976807e-17,-1.1102230246251565e-16,0.8706596265484082,-0.6015159378991046,1.0770737058639068,0.9948176966922462,5.0,2.220446049250313e-16,1.0000000000000004
haxs.stage5c2gR32.g1-quadrature.v1,limit_spin_density_zero_rect2x3,rect2x3_hole_2,2,exact,spin_density_only,0.2545454545454545,2.483134751563331,1.3877787807814457e-17,5.551115123125783e-17,0.8544726812005199,-0.6830181778060656,1.0537285661115285,0.9932539006253324,5.0,0.0,1.0
haxs.stage5c2gR32.g1-quadrature.v1,limit_spin_density_zero_rect2x3,rect2x3_hole_2,2,exact,spin_density_only,0.2863636363636363,2.4787354084693476,-2.7755575615628914e-17,5.551115123125783e-17,0.8388003678776069,-0.7634138773556874,1.0307395708770135,0.991494163387739,5.0,0.0,1.0
haxs.stage5c2gR32.g1-quadrature.v1,limit_spin_density_zero_rect2x3,rect2x3_hole_2,2,exact,spin_density_only,0.3181818181818181,2.4738574956189647,-2.42861286636753e-17,-5.551115123125783e-17,0.8236258878431167,-0.8427001128819702,1.0081132946389082,0.9895429982475858,5.0,0.0,1.0000000000000004
haxs.stage5c2gR32.g1-quadrature.v1,limit_spin_density_zero_rect2x3,rect2x3_hole_2,2,exact,spin_density_only,0.35,2.4685133393769974,-5.551115123125783e-17,-5.551115123125783e-17,0.8089334599816805,-0.9208720045357643,0.985856608567566,0.9874053357507989,5.0,2.220446049250313e-16,1.0
haxs.stage5c2gR32.g1-quadrature.v1,limit_spin_density_zero_rect2x3,rect2x3_hole_2,2,exact,spin_density_only,0.3818181818181818,2.462716220520851,-4.163336342344337e-17,-1.1102230246251565e-16,0.7947083160921592,-0.9979224235741256,0.963976607168715,0.9850864882083403,5.0,0.0,0.9999999999999999
haxs.stage5c2gR32.g1-quadrature.v1,limit_spin_density_zero_rect2x3,rect2x3_hole_2,2,exact,spin_density_only,0.4136363636363636,2.4564802791444134,2.0816681711721685e-17,-5.551115123125783e-17,0.7809366911495366,-1.0738417201111086,0.9424805306565871,0.9825921116577654,5.0,0.0,1.0000000000000002
haxs.stage5c2gR32.g1-quadrature.v1,limit_spin_density_zero_rect2x3,rect2x3_hole_2,2,exact,spin_density_only,0.44545454545454544,2.449820414083583,0.0,5.551115123125783e-17,0.7676058087336934,-1.148617474703795,0.9213756841672692,0.9799281656334331,5.0,0.0,1.0000000000000002
haxs.stage5c2gR32.g1-quadrature.v1,limit_spin_density_zero_rect2x3,rect2x3_hole_2,2,exact,spin_density_only,0.47727272727272724,2.4427521777452936,0.0,0.0,0.7547038618534025,-1.2222342769863566,0.9006693549570293,0.9771008710981175,5.0,2.220446049250313e-16,1.0000000000000002
haxs.stage5c2gR32.g1-quadrature.v1,limit_spin_density_zero_rect2x3,rect2x3_hole_2,2,exact,spin_density_only,0.509090909090909,2.4352916672597074,2.0816681711721685e-17,0.0,0.742219989426447,-1.2946735343549876,0.88036872874689,0.974116666903883,5.0,0.0,1.0000000000000004
haxs.stage5c2gR32.g1-quadrature.v1,limit_spin_density_zero_rect2x3,rect2x3_hole_2,2,exact,spin_density_only,0.5409090909090909,2.42745541290446,-1.0408340855860843e-16,-5.551115123125783e-17,0.7301442487112565,-1.3659133134442238,0.8604808063732237,0.970982165161784,5.0,4.440892098500626e-16,1.0000000000000002
haxs.stage5c2gR32.g1-quadrature.v1,limit_spin_density_zero_rect2x3,rect2x3_hole_2,2,exact,spin_density_only,0.5727272727272726,2.419260264770219,4.163336342344337e-17,5.551115123125783e-17,0.7184675840211906,-1.4359282168188723,0.8410123218843235,0.9677041059080876,5.0,0.0,1.0000000000000002
haxs.stage5c2gR32.g1-quadrature.v1,limit_spin_density_zero_rect2x3,rect2x3_hole_2,2,exact,spin_density_only,0.6045454545454545,2.4107232786481605,2.7755575615628914e-17,0.0,0.7071817920889031,-1.5046892969339185,0.8219696631851218,0.9642893114592642,5.0,0.0,1.0000000000000002
haxs.stage5c2gR32.g1-quadrature.v1,limit_spin_density_zero_rect2x3,rect2x3_hole_2,2,exact,spin_density_only,0.6363636363636362,2.401861602122275,5.551115123125783e-17,5.551115123125783e-17,0.6962794844841209,-1.5721640089881217,0.8033587962770876,0.96074464084891,5.0,0.0,0.9999999999999998
haxs.stage5c2gR32.g1-quadrature.v1,limit_spin_density_zero_rect2x3,rect2x3_hole_2,2,exact,spin_density_only,0.6681818181818181,2.3926923618425153,1.3877787807814457e-17,-5.551115123125783e-17,0.6857540475227081,-1.6383162038170507,0.7851851940689067,0.9570769447370061,5.0,0.0,0.9999999999999999
haxs.stage5c2gR32.g1-quadrature.v1,limit_spin_density_zero_rect2x3,rect2x3_hole_2,2,exact,spin_density_only,0.7,2.38323255293899,-1.3877787807814457e-17,-5.551115123125783e-17,0.6755996001369117,-1.7031061614422636,0.7674537706472936,0.9532930211755961,5.0,0.0,1.0
haxs.stage5c2gR32.g1-quadrature.v1,limit_spin_density_zero_rect2x3,rect2x3_hole_2,2,exact,spin_density_only,0.7318181818181817,2.3734989315126995,2.7755575615628914e-17,-1.1102230246251565e-16,0.6658109502051266,-1.766490665320766,0.7501688217980245,0.9493995726050798,5.0,0.0,1.0
haxs.stage5c2gR32.g1-quadrature.v1,limit_spin_density_zero_rect2x3,rect2x3_hole_2,2,exact,spin_density_only,0.7636363636363636,2.3635079111050485,-1.3877787807814457e-17,-1.1102230246251565e-16,0.6563835498632413,-1.8284231167309326,0.7333339724570691,0.9454031644420194,5.0,0.0,1.0
haxs.stage5c2gR32.g1-quadrature.v1,limit_spin_density_zero_rect2x3,rect2x3_hole_2,2,exact,spin_density_only,0.7954545454545454,2.3532754640068427,2.7755575615628914e-17,0.0,0.647313450337636,-1.8888536880977518,0.7169521316529434,0.941310185602737,5.0,0.0,1.0
haxs.stage5c2gR32.g1-quadrature.v1,limit_spin_density_zero_rect2x3,rect2x3_hole_2,2,exact,spin_density_only,0.8272727272727272,2.342817028218196,1.3877787807814457e-17,0.0,0.6385972568511844,-1.9477295134144144,0.7010254553765607,0.9371268112872784,5.0,0.0,1.0000000000000002
haxs.stage5c2gR32.g1-quadrature.v1,limit_spin_density_zero_rect2x3,rect2x3_hole_2,2,exact,spin_density_only,0.859090909090909,2.332147420814067,-4.163336342344337e-17,-5.551115123125783e-17,0.6302320841575507,-2.0049949132721103,0.6855553176866063,0.9328589683256269,5.0,0.0,1.0
haxs.stage5c2gR32.g1-quadrature.v1,limit_spin_density_zero_rect2x3,rect2x3_hole_2,2,exact,spin_density_only,0.8909090909090909,2.3212807584067683,-1.3877787807814457e-17,0.0,0.6222155132549494,-2.0605916513822544,0.6705422902294124,0.9285123033627073,5.0,0.0,1.0
haxs.stage5c2gR32.g1-quadrature.v1,limit_spin_density_zero_rect2x3,rect2x3_hole_2,2,exact,spin_density_only,0.9227272727272726,2.310230385327208,0.0,5.551115123125783e-17,0.6145455498181077,-2.1144592188815308,0.6559861302250599,0.9240921541308833,5.0,2.220446049250313e-16,1.0000000000000002
haxs.stage5c2gR32.g1-quadrature.v1,limit_spin_density_zero_rect2x3,rect2x3_hole_2,2,exact,spin_density_only,0.9545454545454545,2.299008810071629,-2.7755575615628914e-17,0.0,0.6072205848663236,-2.1665351421678967,0.6418857768484733,0.9196035240286516,5.0,0.0,0.9999999999999999
haxs.stage5c2gR32.g1-quadrature.v1,limit_spin_density_zero_rect2x3,rect2x3_hole_2,2,exact,spin_density_only,0.9863636363636362,2.287627650480853,-2.7755575615628914e-17,0.0,0.6002393581564549,-2.216755309542311,0.6282393558178763,0.9150510601923412,5.0,0.0,1.0
haxs.stage5c2gR32.g1-quadrature.v1,limit_spin_density_zero_rect2x3,rect2x3_hole_2,2,exact,spin_density_only,1.018181818181818,2.2760975880353644,2.7755575615628914e-17,0.0,0.5936009247528022,-2.2650543115435564,0.6150441918951303,0.9104390352141458,5.0,0.0,1.0
haxs.stage5c2gR32.g1-quadrature.v1,limit_spin_density_zero_rect2x3,rect2x3_hole_2,2,exact,spin_density_only,1.0499999999999998,2.2644283315627494,0.0,0.0,0.5873046251819402,-2.311365789576816,0.6022968289049535,0.9057713326250998,5.0,2.220446049250313e-16,0.9999999999999999
haxs.stage5c2gR32.g1-quadrature.v1,limit_spin_density_zero_rect2x3,rect2x3_hole_2,2,exact,spin_density_only,1.0818181818181818,2.2526285905648598,-1.3877787807814457e-17,0.0,0.5813500595305067,-2.35562278726378,0.5899930567941579,0.9010514362259439,5.0,0.0,1.0
haxs.stage5c2gR32.g1-quadrature.v1,limit_spin_density_zero_rect2x3,rect2x3_hole_2,2,exact,spin_density_only,1.1136363636363635,2.2407060582815452,-2.7755575615628914e-17,0.0,0.575737065788922,-2.3977580988929907,0.5781279451788618,0.8962824233126181,5.0,0.0,1.0000000000000002
haxs.stage5c2gR32.g1-quadrature.v1,limit_spin_density_zero_rect2x3,rect2x3_hole_2,2,exact,spin_density_only,1.1454545454545453,2.2286674045166603,-2.7755575615628914e-17,-5.551115123125783e-17,0.5704657026852863,-2.4377046094300585,0.5666958827677859,0.8914669618066642,5.0,0.0,1.0000000000000002
haxs.stage5c2gR32.g1-quadrature.v1,limit_spin_density_zero_rect2x3,rect2x3_hole_2,2,exact,spin_density_only,1.1772727272727272,2.2165182781612054,-5.551115123125783e-17,-1.1102230246251565e-16,0.5655362371927276,-2.475395620760496,0.5556906220034642,0.8866073112644821,5.0,0.0,1.0000000000000004
haxs.stage5c2gR32.g1-quadrature.v1,limit_spin_density_zero_rect2x3,rect2x3_hole_2,2,exact,spin_density_only,1.209090909090909,2.2042633192588332,-2.7755575615628914e-17,5.551115123125783e-17,0.5609491368316509,-2.510765159181437,0.5451053282304098,0.8817053277035333,5.0,0.0,0.9999999999999998
haxs.stage5c2gR32.g1-quadrature.v1,limit_spin_density_zero_rect2x3,rect2x3_hole_2,2,exact,spin_density_only,1.2409090909090907,2.1919061803713036,2.7755575615628914e-17,0.0,0.5567050668271648,-2.543748259625702,0.5349326326795418,0.8767624721485214,5.0,2.220446049250313e-16,1.0
haxs.stage5c2gR32.g1-quadrature.v1,limit_spin_density_zero_rect2x3,rect2x3_hole_2,2,exact,spin_density_only,1.2727272727272725,2.179449556916664,2.7755575615628914e-17,0.0,0.5528048921228508,-2.574281222681601,0.5251646885507788,0.8717798227666655,5.0,1.1102230246251565e-16,0.9999999999999999
haxs.stage5c2gR32.g1-quadrature.v1,limit_spin_density_zero_rect2x3,rect2x3_hole_2,2,exact,spin_density_only,1.3045454545454545,2.1668952260718157,-2.7755575615628914e-17,5.551115123125783e-17,0.5492496841962099,-2.602301841150221,0.5157932294796661,0.8667580904287263,5.0,2.220446049250313e-16,0.9999999999999999
haxs.stage5c2gR32.g1-quadrature.v1,limit_spin_density_zero_rect2x3,rect2x3_hole_2,2,exact,spin_density_only,1.3363636363636362,2.1542440937543503,-2.7755575615628914e-17,-5.551115123125783e-17,0.5460407325697736,-2.627749593640006,0.5068096296880649,0.8616976375017401,5.0,2.220446049250313e-16,1.0000000000000002
haxs.stage5c2gR32.g1-quadrature.v1,limit_spin_density_zero_rect2x3,rect2x3_hole_2,2,exact,spin_density_only,1.368181818181818,2.1414962491269285,-5.551115123125783e-17,5.551115123125783e-17,0.5431795608658596,-2.650565803515927,0.49820496514196694,0.8565984996507714,5.0,2.220446049250313e-16,1.0000000000000002
haxs.stage5c2gR32.g1-quadrature.v1,limit_spin_density_zero_rect2x3,rect2x3_hole_2,2,exact,spin_density_only,1.4,2.12865102600164,-8.326672684688674e-17,5.551115123125783e-17,0.5406679472130439,-2.670693762374348,0.48997007507003865,0.851460410400656,5.0,0.0,1.0
haxs.stage5c2gR32.g1-quadrature.v1,limit_spin_density_zero_rect2x3,rect2x3_hole_2,4,exact,spin_density_only,0.0,2.5000000000000004,0.0,-5.551115123125783e-17,0.9999999999999996,-1.9286549331065747e-15,1.25,1.0000000000000002,5.0,2.220446049250313e-16,1.0000000000000002
haxs.stage5c2gR32.g1-quadrature.v1,limit_spin_density_zero_rect2x3,rect2x3_hole_2,4,exact,spin_density_only,0.031818181818181815,2.4997327245607126,1.734723475976807e-18,-5.551115123125783e-17,0.9796562597528977,-0.08926282144051918,1.2243085006305223,0.999893089824285,5.0,2.220446049250313e-16,1.0
haxs.stage5c2gR32.g1-quadrature.v1,limit_spin_density_zero_rect2x3,rect2x3_hole_2,4,exact,spin_density_only,0.06363636363636363,2.4989316242808144,1.734723475976807e-18,0.0,0.9599725073677846,-0.177412045327605,1.1989402420394193,0.9995726497123257,5.0,0.0,1.0000000000000002
haxs.stage5c2gR32.g1-quadrature.v1,limit_spin_density_zero_rect2x3,rect2x3_hole_2,4,exact,spin_density_only,0.09545454545454544,2.4975988719165674,2.6020852139652106e-18,0.0,0.9409251413328883,-0.26444927050179584,1.173898229849835,0.9990395487666269,5.0,0.0,1.0000000000000002
haxs.stage5c2gR32.g1-quadrature.v1,limit_spin_density_zero_rect2x3,rect2x3_hole_2,4,exact,spin_density_only,0.12727272727272726,2.495738070917197,1.3877787807814457e-17,5.551115123125783e-17,0.9224914584985497,-0.3503764635494053,1.1491860811818342,0.9982952283668787,5.0,4.440892098500626e-16,1.0000000000000002
haxs.stage5c2gR32.g1-quadrature.v1,limit_spin_density_zero_rect2x3,rect2x3_hole_2,4,exact,spin_density_only,0.15909090909090906,2.4933542288742316,2.6020852139652106e-17,-5.551115123125783e-17,0.9046496880588222,-0.4351956222670212,1.1248080062988643,0.9973416915496927,5.0,1.1102230246251565e-16,1.0000000000000002
haxs.stage5c2gR32.g1-quadrature.v1,limit_spin_density_zero_rect2x3,rect2x3_hole_2,4,exact,spin_density_only,0.1909090909090909,2.490453720681195,-1.3877787807814457e-17,1.1102230246251565e-16,0.8873790197846323,-0.5189084348003945,1.1007687803734263,0.9961814882724781,5.0,0.0,1.0000000000000002
haxs.stage5c2gR32.g1-quadrature.v1,limit_spin_density_zero_rect2x3,rect2x3_hole_2,4,exact,spin_density_only,0.22272727272727272,2.4870442417306156,-1.734723475976807e-17,-1.1102230246251565e-16,0.8706596265484082,-0.6015159378991046,1.0770737058639068,0.9948176966922462,5.0,2.220446049250313e-16,1.0000000000000004
haxs.stage5c2gR32.g1-quadrature.v1,limit_spin_density_zero_rect2x3,rect2x3_hole_2,4,exact,spin_density_only,0.2545454545454545,2.483134751563331,1.3877787807814457e-17,5.551115123125783e-17,0.8544726812005199,-0.6830181778060656,1.0537285661115285,0.9932539006253324,5.0,0.0,1.0
haxs.stage5c2gR32.g1-quadrature.v1,limit_spin_density_zero_rect2x3,rect2x3_hole_2,4,exact,spin_density_only,0.2863636363636363,2.4787354084693476,-2.7755575615628914e-17,5.551115123125783e-17,0.8388003678776069,-0.7634138773556874,1.0307395708770135,0.991494163387739,5.0,0.0,1.0
haxs.stage5c2gR32.g1-quadrature.v1,limit_spin_density_zero_rect2x3,rect2x3_hole_2,4,exact,spin_density_only,0.3181818181818181,2.4738574956189647,-2.42861286636753e-17,-5.551115123125783e-17,0.8236258878431167,-0.8427001128819702,1.0081132946389082,0.9895429982475858,5.0,0.0,1.0000000000000004
haxs.stage5c2gR32.g1-quadrature.v1,limit_spin_density_zero_rect2x3,rect2x3_hole_2,4,exact,spin_density_only,0.35,2.4685133393769974,-5.551115123125783e-17,-5.551115123125783e-17,0.8089334599816805,-0.9208720045357643,0.985856608567566,0.9874053357507989,5.0,2.220446049250313e-16,1.0
haxs.stage5c2gR32.g1-quadrature.v1,limit_spin_density_zero_rect2x3,rect2x3_hole_2,4,exact,spin_density_only,0.3818181818181818,2.462716220520851,-4.163336342344337e-17,-1.1102230246251565e-16,0.7947083160921592,-0.9979224235741256,0.963976607168715,0.9850864882083403,5.0,0.0,0.9999999999999999
haxs.stage5c2gR32.g1-quadrature.v1,limit_spin_density_zero_rect2x3,rect2x3_hole_2,4,exact,spin_density_only,0.4136363636363636,2.4564802791444134,2.0816681711721685e-17,-5.551115123125783e-17,0.7809366911495366,-1.0738417201111086,0.9424805306565871,0.9825921116577654,5.0,0.0,1.0000000000000002
haxs.stage5c2gR32.g1-quadrature.v1,limit_spin_density_zero_rect2x3,rect2x3_hole_2,4,exact,spin_density_only,0.44545454545454544,2.449820414083583,0.0,5.551115123125783e-17,0.7676058087336934,-1.148617474703795,0.9213756841672692,0.9799281656334331,5.0,0.0,1.0000000000000002
haxs.stage5c2gR32.g1-quadrature.v1,limit_spin_density_zero_rect2x3,rect2x3_hole_2,4,exact,spin_density_only,0.47727272727272724,2.4427521777452936,0.0,0.0,0.7547038618534025,-1.2222342769863566,0.9006693549570293,0.9771008710981175,5.0,2.220446049250313e-16,1.0000000000000002
haxs.stage5c2gR32.g1-quadrature.v1,limit_spin_density_zero_rect2x3,rect2x3_hole_2,4,exact,spin_density_only,0.509090909090909,2.4352916672597074,2.0816681711721685e-17,0.0,0.742219989426447,-1.2946735343549876,0.88036872874689,0.974116666903883,5.0,0.0,1.0000000000000004
haxs.stage5c2gR32.g1-quadrature.v1,limit_spin_density_zero_rect2x3,rect2x3_hole_2,4,exact,spin_density_only,0.5409090909090909,2.42745541290446,-1.0408340855860843e-16,-5.551115123125783e-17,0.7301442487112565,-1.3659133134442238,0.8604808063732237,0.970982165161784,5.0,4.440892098500626e-16,1.0000000000000002
haxs.stage5c2gR32.g1-quadrature.v1,limit_spin_density_zero_rect2x3,rect2x3_hole_2,4,exact,spin_density_only,0.5727272727272726,2.419260264770219,4.163336342344337e-17,5.551115123125783e-17,0.7184675840211906,-1.4359282168188723,0.8410123218843235,0.9677041059080876,5.0,0.0,1.0000000000000002
haxs.stage5c2gR32.g1-quadrature.v1,limit_spin_density_zero_rect2x3,rect2x3_hole_2,4,exact,spin_density_only,0.6045454545454545,2.4107232786481605,2.7755575615628914e-17,0.0,0.7071817920889031,-1.5046892969339185,0.8219696631851218,0.9642893114592642,5.0,0.0,1.0000000000000002
haxs.stage5c2gR32.g1-quadrature.v1,limit_spin_density_zero_rect2x3,rect2x3_hole_2,4,exact,spin_density_only,0.6363636363636362,2.401861602122275,5.551115123125783e-17,5.551115123125783e-17,0.6962794844841209,-1.5721640089881217,0.8033587962770876,0.96074464084891,5.0,0.0,0.9999999999999998
haxs.stage5c2gR32.g1-quadrature.v1,limit_spin_density_zero_rect2x3,rect2x3_hole_2,4,exact,spin_density_only,0.6681818181818181,2.3926923618425153,1.3877787807814457e-17,-5.551115123125783e-17,0.6857540475227081,-1.6383162038170507,0.7851851940689067,0.9570769447370061,5.0,0.0,0.9999999999999999
haxs.stage5c2gR32.g1-quadrature.v1,limit_spin_density_zero_rect2x3,rect2x3_hole_2,4,exact,spin_density_only,0.7,2.38323255293899,-1.3877787807814457e-17,-5.551115123125783e-17,0.6755996001369117,-1.7031061614422636,0.7674537706472936,0.9532930211755961,5.0,0.0,1.0
haxs.stage5c2gR32.g1-quadrature.v1,limit_spin_density_zero_rect2x3,rect2x3_hole_2,4,exact,spin_density_only,0.7318181818181817,2.3734989315126995,2.7755575615628914e-17,-1.1102230246251565e-16,0.6658109502051266,-1.766490665320766,0.7501688217980245,0.9493995726050798,5.0,0.0,1.0
haxs.stage5c2gR32.g1-quadrature.v1,limit_spin_density_zero_rect2x3,rect2x3_hole_2,4,exact,spin_density_only,0.7636363636363636,2.3635079111050485,-1.3877787807814457e-17,-1.1102230246251565e-16,0.6563835498632413,-1.8284231167309326,0.7333339724570691,0.9454031644420194,5.0,0.0,1.0
haxs.stage5c2gR32.g1-quadrature.v1,limit_spin_density_zero_rect2x3,rect2x3_hole_2,4,exact,spin_density_only,0.7954545454545454,2.3532754640068427,2.7755575615628914e-17,0.0,0.647313450337636,-1.8888536880977518,0.7169521316529434,0.941310185602737,5.0,0.0,1.0
haxs.stage5c2gR32.g1-quadrature.v1,limit_spin_density_zero_rect2x3,rect2x3_hole_2,4,exact,spin_density_only,0.8272727272727272,2.342817028218196,1.3877787807814457e-17,0.0,0.6385972568511844,-1.9477295134144144,0.7010254553765607,0.9371268112872784,5.0,0.0,1.0000000000000002
haxs.stage5c2gR32.g1-quadrature.v1,limit_spin_density_zero_rect2x3,rect2x3_hole_2,4,exact,spin_density_only,0.859090909090909,2.332147420814067,-4.163336342344337e-17,-5.551115123125783e-17,0.6302320841575507,-2.0049949132721103,0.6855553176866063,0.9328589683256269,5.0,0.0,1.0
haxs.stage5c2gR32.g1-quadrature.v1,limit_spin_density_zero_rect2x3,rect2x3_hole_2,4,exact,spin_density_only,0.8909090909090909,2.3212807584067683,-1.3877787807814457e-17,0.0,0.6222155132549494,-2.0605916513822544,0.6705422902294124,0.9285123033627073,5.0,0.0,1.0
haxs.stage5c2gR32.g1-quadrature.v1,limit_spin_density_zero_rect2x3,rect2x3_hole_2,4,exact,spin_density_only,0.9227272727272726,2.310230385327208,0.0,5.551115123125783e-17,0.6145455498181077,-2.1144592188815308,0.6559861302250599,0.9240921541308833,5.0,2.220446049250313e-16,1.0000000000000002
haxs.stage5c2gR32.g1-quadrature.v1,limit_spin_density_zero_rect2x3,rect2x3_hole_2,4,exact,spin_density_only,0.9545454545454545,2.299008810071629,-2.7755575615628914e-17,0.0,0.6072205848663236,-2.1665351421678967,0.6418857768484733,0.9196035240286516,5.0,0.0,0.9999999999999999
haxs.stage5c2gR32.g1-quadrature.v1,limit_spin_density_zero_rect2x3,rect2x3_hole_2,4,exact,spin_density_only,0.9863636363636362,2.287627650480853,-2.7755575615628914e-17,0.0,0.6002393581564549,-2.216755309542311,0.6282393558178763,0.9150510601923412,5.0,0.0,1.0
haxs.stage5c2gR32.g1-quadrature.v1,limit_spin_density_zero_rect2x3,rect2x3_hole_2,4,exact,spin_density_only,1.018181818181818,2.2760975880353644,2.7755575615628914e-17,0.0,0.5936009247528022,-2.2650543115435564,0.6150441918951303,0.9104390352141458,5.0,0.0,1.0
haxs.stage5c2gR32.g1-quadrature.v1,limit_spin_density_zero_rect2x3,rect2x3_hole_2,4,exact,spin_density_only,1.0499999999999998,2.2644283315627494,0.0,0.0,0.5873046251819402,-2.311365789576816,0.6022968289049535,0.9057713326250998,5.0,2.220446049250313e-16,0.9999999999999999
haxs.stage5c2gR32.g1-quadrature.v1,limit_spin_density_zero_rect2x3,rect2x3_hole_2,4,exact,spin_density_only,1.0818181818181818,2.2526285905648598,-1.3877787807814457e-17,0.0,0.5813500595305067,-2.35562278726378,0.5899930567941579,0.9010514362259439,5.0,0.0,1.0
haxs.stage5c2gR32.g1-quadrature.v1,limit_spin_density_zero_rect2x3,rect2x3_hole_2,4,exact,spin_density_only,1.1136363636363635,2.2407060582815452,-2.7755575615628914e-17,0.0,0.575737065788922,-2.3977580988929907,0.5781279451788618,0.8962824233126181,5.0,0.0,1.0000000000000002
haxs.stage5c2gR32.g1-quadrature.v1,limit_spin_density_zero_rect2x3,rect2x3_hole_2,4,exact,spin_density_only,1.1454545454545453,2.2286674045166603,-2.7755575615628914e-17,-5.551115123125783e-17,0.5704657026852863,-2.4377046094300585,0.5666958827677859,0.8914669618066642,5.0,0.0,1.0000000000000002
haxs.stage5c2gR32.g1-quadrature.v1,limit_spin_density_zero_rect2x3,rect2x3_hole_2,4,exact,spin_density_only,1.1772727272727272,2.2165182781612054,-5.551115123125783e-17,-1.1102230246251565e-16,0.5655362371927276,-2.475395620760496,0.5556906220034642,0.8866073112644821,5.0,0.0,1.0000000000000004
haxs.stage5c2gR32.g1-quadrature.v1,limit_spin_density_zero_rect2x3,rect2x3_hole_2,4,exact,spin_density_only,1.209090909090909,2.2042633192588332,-2.7755575615628914e-17,5.551115123125783e-17,0.5609491368316509,-2.510765159181437,0.5451053282304098,0.8817053277035333,5.0,0.0,0.9999999999999998
haxs.stage5c2gR32.g1-quadrature.v1,limit_spin_density_zero_rect2x3,rect2x3_hole_2,4,exact,spin_density_only,1.2409090909090907,2.1919061803713036,2.7755575615628914e-17,0.0,0.5567050668271648,-2.543748259625702,0.5349326326795418,0.8767624721485214,5.0,2.220446049250313e-16,1.0
haxs.stage5c2gR32.g1-quadrature.v1,limit_spin_density_zero_rect2x3,rect2x3_hole_2,4,exact,spin_density_only,1.2727272727272725,2.179449556916664,2.7755575615628914e-17,0.0,0.5528048921228508,-2.574281222681601,0.5251646885507788,0.8717798227666655,5.0,1.1102230246251565e-16,0.9999999999999999
haxs.stage5c2gR32.g1-quadrature.v1,limit_spin_density_zero_rect2x3,rect2x3_hole_2,4,exact,spin_density_only,1.3045454545454545,2.1668952260718157,-2.7755575615628914e-17,5.551115123125783e-17,0.5492496841962099,-2.602301841150221,0.5157932294796661,0.8667580904287263,5.0,2.220446049250313e-16,0.9999999999999999
haxs.stage5c2gR32.g1-quadrature.v1,limit_spin_density_zero_rect2x3,rect2x3_hole_2,4,exact,spin_density_only,1.3363636363636362,2.1542440937543503,-2.7755575615628914e-17,-5.551115123125783e-17,0.5460407325697736,-2.627749593640006,0.5068096296880649,0.8616976375017401,5.0,2.220446049250313e-16,1.0000000000000002
haxs.stage5c2gR32.g1-quadrature.v1,limit_spin_density_zero_rect2x3,rect2x3_hole_2,4,exact,spin_density_only,1.368181818181818,2.1414962491269285,-5.551115123125783e-17,5.551115123125783e-17,0.5431795608658596,-2.650565803515927,0.49820496514196694,0.8565984996507714,5.0,2.220446049250313e-16,1.0000000000000002
haxs.stage5c2gR32.g1-quadrature.v1,limit_spin_density_zero_rect2x3,rect2x3_hole_2,4,exact,spin_density_only,1.4,2.12865102600164,-8.326672684688674e-17,5.551115123125783e-17,0.5406679472130439,-2.670693762374348,0.48997007507003865,0.851460410400656,5.0,0.0,1.0
haxs.stage5c2gR32.g1-quadrature.v1,limit_spin_density_zero_rect2x3,rect2x3_hole_3,1,exact,static_only,0.0,2.5000000000000004,0.0,-5.551115123125783e-17,0.9999999999999996,-1.9286549331065747e-15,1.25,1.0000000000000002,5.0,2.220446049250313e-16,1.0000000000000002
haxs.stage5c2gR32.g1-quadrature.v1,limit_spin_density_zero_rect2x3,rect2x3_hole_3,1,exact,static_only,0.031818181818181815,2.4997327245607126,0.0,0.0,0.9796562597528976,-0.0892628214405197,1.224308500630522,0.999893089824285,5.0,2.220446049250313e-16,1.0000000000000002
haxs.stage5c2gR32.g1-quadrature.v1,limit_spin_density_zero_rect2x3,rect2x3_hole_3,1,exact,static_only,0.06363636363636363,2.4989316242808153,5.204170427930421e-18,-5.551115123125783e-17,0.9599725073677843,-0.1774120453276065,1.1989402420394195,0.9995726497123261,5.0,0.0,1.0000000000000004
haxs.stage5c2gR32.g1-quadrature.v1,limit_spin_density_zero_rect2x3,rect2x3_hole_3,1,exact,static_only,0.09545454545454544,2.4975988719165674,-3.469446951953614e-18,5.551115123125783e-17,0.9409251413328882,-0.26444927050179634,1.1738982298498348,0.9990395487666269,5.0,0.0,1.0000000000000004
haxs.stage5c2gR32.g1-quadrature.v1,limit_spin_density_zero_rect2x3,rect2x3_hole_3,1,exact,static_only,0.12727272727272726,2.495738070917197,1.734723475976807e-17,-5.551115123125783e-17,0.9224914584985497,-0.3503764635494053,1.1491860811818342,0.9982952283668787,5.0,2.220446049250313e-16,1.0
haxs.stage5c2gR32.g1-quadrature.v1,limit_spin_density_zero_rect2x3,rect2x3_hole_3,1,exact,static_only,0.15909090909090906,2.4933542288742316,3.469446951953614e-18,5.551115123125783e-17,0.9046496880588217,-0.43519562226702335,1.124808006298864,0.9973416915496927,5.0,1.1102230246251565e-16,1.0000000000000002
haxs.stage5c2gR32.g1-quadrature.v1,limit_spin_density_zero_rect2x3,rect2x3_hole_3,1,exact,static_only,0.1909090909090909,2.4904537206811956,-1.0408340855860843e-17,-1.1102230246251565e-16,0.887379019784632,-0.5189084348003961,1.1007687803734263,0.9961814882724782,5.0,0.0,1.0000000000000002
haxs.stage5c2gR32.g1-quadrature.v1,limit_spin_density_zero_rect2x3,rect2x3_hole_3,1,exact,static_only,0.22272727272727272,2.487044241730615,-2.0816681711721685e-17,-5.551115123125783e-17,0.8706596265484084,-0.6015159378991035,1.0770737058639066,0.9948176966922461,5.0,4.440892098500626e-16,1.0000000000000004
haxs.stage5c2gR32.g1-quadrature.v1,limit_spin_density_zero_rect2x3,rect2x3_hole_3,1,exact,static_only,0.2545454545454545,2.483134751563331,0.0,0.0,0.8544726812005198,-0.6830181778060661,1.0537285661115283,0.9932539006253324,5.0,0.0,1.0
haxs.stage5c2gR32.g1-quadrature.v1,limit_spin_density_zero_rect2x3,rect2x3_hole_3,1,exact,static_only,0.2863636363636363,2.4787354084693476,1.3877787807814457e-17,-1.6653345369377348e-16,0.8388003678776069,-0.7634138773556874,1.0307395708770135,0.991494163387739,5.0,0.0,1.0
haxs.stage5c2gR32.g1-quadrature.v1,limit_spin_density_zero_rect2x3,rect2x3_hole_3,1,exact,static_only,0.3181818181818181,2.4738574956189647,-1.3877787807814457e-17,0.0,0.8236258878431163,-0.8427001128819727,1.0081132946389078,0.9895429982475858,5.0,0.0,1.0000000000000004
haxs.stage5c2gR32.g1-quadrature.v1,limit_spin_density_zero_rect2x3,rect2x3_hole_3,1,exact,static_only,0.35,2.468513339376997,-5.551115123125783e-17,-5.551115123125783e-17,0.8089334599816808,-0.9208720045357632,0.9858566085675661,0.9874053357507988,5.0,2.220446049250313e-16,1.0
haxs.stage5c2gR32.g1-quadrature.v1,limit_spin_density_zero_rect2x3,rect2x3_hole_3,1,exact,static_only,0.3818181818181818,2.4627162205208504,4.163336342344337e-17,1.1102230246251565e-16,0.7947083160921595,-0.9979224235741238,0.963976607168715,0.9850864882083401,5.0,2.220446049250313e-16,1.0
haxs.stage5c2gR32.g1-quadrature.v1,limit_spin_density_zero_rect2x3,rect2x3_hole_3,1,exact,static_only,0.4136363636363636,2.4564802791444134,-1.3877787807814457e-17,2.220446049250313e-16,0.7809366911495365,-1.073841720111109,0.9424805306565869,0.9825921116577654,5.0,0.0,1.0000000000000002
haxs.stage5c2gR32.g1-quadrature.v1,limit_spin_density_zero_rect2x3,rect2x3_hole_3,1,exact,static_only,0.44545454545454544,2.4498204140835824,5.551115123125783e-17,5.551115123125783e-17,0.767605808733694,-1.1486174747037918,0.9213756841672693,0.979928165633433,5.0,1.1102230246251565e-16,1.0000000000000002
haxs.stage5c2gR32.g1-quadrature.v1,limit_spin_density_zero_rect2x3,rect2x3_hole_3,1,exact,static_only,0.47727272727272724,2.4427521777452936,1.3877787807814457e-17,1.1102230246251565e-16,0.7547038618534025,-1.2222342769863566,0.9006693549570293,0.9771008710981175,5.0,0.0,1.0000000000000002
haxs.stage5c2gR32.g1-quadrature.v1,limit_spin_density_zero_rect2x3,rect2x3_hole_3,1,exact,static_only,0.509090909090909,2.435291667259707,1.3877787807814457e-17,-5.551115123125783e-17,0.7422199894264474,-1.2946735343549851,0.8803687287468902,0.9741166669038828,5.0,4.440892098500626e-16,1.0000000000000004
haxs.stage5c2gR32.g1-quadrature.v1,limit_spin_density_zero_rect2x3,rect2x3_hole_3,1,exact,static_only,0.5409090909090909,2.42745541290446,-9.71445146547012e-17,-5.551115123125783e-17,0.7301442487112569,-1.3659133134442212,0.8604808063732241,0.970982165161784,5.0,2.220446049250313e-16,1.0000000000000002
haxs.stage5c2gR32.g1-quadrature.v1,limit_spin_density_zero_rect2x3,rect2x3_hole_3,1,exact,static_only,0.5727272727272726,2.4192602647702195,-2.7755575615628914e-17,5.551115123125783e-17,0.7184675840211906,-1.4359282168188723,0.841012321884324,0.9677041059080878,5.0,0.0,1.0000000000000002
haxs.stage5c2gR32.g1-quadrature.v1,limit_spin_density_zero_rect2x3,rect2x3_hole_3,1,exact,static_only,0.6045454545454545,2.4107232786481605,0.0,0.0,0.7071817920889031,-1.5046892969339185,0.8219696631851217,0.9642893114592642,5.0,0.0,1.0000000000000002
haxs.stage5c2gR32.g1-quadrature.v1,limit_spin_density_zero_rect2x3,rect2x3_hole_3,1,exact,static_only,0.6363636363636362,2.401861602122275,0.0,0.0,0.696279484484121,-1.5721640089881208,0.8033587962770878,0.96074464084891,5.0,2.220446049250313e-16,0.9999999999999998
haxs.stage5c2gR32.g1-quadrature.v1,limit_spin_density_zero_rect2x3,rect2x3_hole_3,1,exact,static_only,0.6681818181818181,2.3926923618425153,-2.7755575615628914e-17,1.1102230246251565e-16,0.6857540475227081,-1.6383162038170507,0.7851851940689069,0.9570769447370061,5.0,0.0,0.9999999999999999
haxs.stage5c2gR32.g1-quadrature.v1,limit_spin_density_zero_rect2x3,rect2x3_hole_3,1,exact,static_only,0.7,2.3832325529389897,4.163336342344337e-17,5.551115123125783e-17,0.675599600136912,-1.7031061614422613,0.7674537706472937,0.9532930211755959,5.0,0.0,1.0
haxs.stage5c2gR32.g1-quadrature.v1,limit_spin_density_zero_rect2x3,rect2x3_hole_3,1,exact,static_only,0.7318181818181817,2.3734989315127,0.0,-5.551115123125783e-17,0.6658109502051262,-1.766490665320769,0.7501688217980242,0.94939957260508,5.0,1.1102230246251565e-16,1.0
haxs.stage5c2gR32.g1-quadrature.v1,limit_spin_density_zero_rect2x3,rect2x3_hole_3,1,exact,static_only,0.7636363636363636,2.3635079111050485,-8.326672684688674e-17,1.1102230246251565e-16,0.6563835498632411,-1.828423116730934,0.7333339724570689,0.9454031644420194,5.0,0.0,1.0
haxs.stage5c2gR32.g1-quadrature.v1,limit_spin_density_zero_rect2x3,rect2x3_hole_3,1,exact,static_only,0.7954545454545454,2.3532754640068427,-8.326672684688674e-17,0.0,0.647313450337636,-1.8888536880977518,0.7169521316529434,0.941310185602737,5.0,0.0,1.0
haxs.stage5c2gR32.g1-quadrature.v1,limit_spin_density_zero_rect2x3,rect2x3_hole_3,1,exact,static_only,0.8272727272727272,2.342817028218196,0.0,-5.551115123125783e-17,0.6385972568511843,-1.9477295134144152,0.7010254553765606,0.9371268112872784,5.0,2.220446049250313e-16,1.0000000000000002
haxs.stage5c2gR32.g1-quadrature.v1,limit_spin_density_zero_rect2x3,rect2x3_hole_3,1,exact,static_only,0.859090909090909,2.3321474208140662,8.326672684688674e-17,-5.551115123125783e-17,0.6302320841575512,-2.004994913272107,0.6855553176866063,0.9328589683256265,5.0,1.1102230246251565e-16,1.0
haxs.stage5c2gR32.g1-quadrature.v1,limit_spin_density_zero_rect2x3,rect2x3_hole_3,1,exact,static_only,0.8909090909090909,2.3212807584067683,2.7755575615628914e-17,-5.551115123125783e-17,0.6222155132549497,-2.0605916513822518,0.6705422902294126,0.9285123033627073,5.0,0.0,1.0
haxs.stage5c2gR32.g1-quadrature.v1,limit_spin_density_zero_rect2x3,rect2x3_hole_3,1,exact,static_only,0.9227272727272726,2.310230385327208,8.326672684688674e-17,-1.1102230246251565e-16,0.6145455498181077,-2.1144592188815308,0.6559861302250599,0.9240921541308833,5.0,4.440892098500626e-16,1.0000000000000002
haxs.stage5c2gR32.g1-quadrature.v1,limit_spin_density_zero_rect2x3,rect2x3_hole_3,1,exact,static_only,0.9545454545454545,2.299008810071629,2.7755575615628914e-17,-5.551115123125783e-17,0.6072205848663235,-2.1665351421678976,0.6418857768484731,0.9196035240286516,5.0,0.0,0.9999999999999999
haxs.stage5c2gR32.g1-quadrature.v1,limit_spin_density_zero_rect2x3,rect2x3_hole_3,1,exact,static_only,0.9863636363636362,2.287627650480853,0.0,5.551115123125783e-17,0.6002393581564549,-2.216755309542311,0.6282393558178763,0.9150510601923412,5.0,0.0,1.0
haxs.stage5c2gR32.g1-quadrature.v1,limit_spin_density_zero_rect2x3,rect2x3_hole_3,1,exact,static_only,1.018181818181818,2.2760975880353644,0.0,5.551115123125783e-17,0.5936009247528022,-2.2650543115435564,0.6150441918951303,0.9104390352141458,5.0,0.0,1.0
haxs.stage5c2gR32.g1-quadrature.v1,limit_spin_density_zero_rect2x3,rect2x3_hole_3,1,exact,static_only,1.0499999999999998,2.2644283315627494,0.0,0.0,0.5873046251819402,-2.311365789576816,0.6022968289049536,0.9057713326250998,5.0,2.220446049250313e-16,0.9999999999999999
haxs.stage5c2gR32.g1-quadrature.v1,limit_spin_density_zero_rect2x3,rect2x3_hole_3,1,exact,static_only,1.0818181818181818,2.2526285905648598,0.0,-5.551115123125783e-17,0.581350059530507,-2.3556227872637776,0.5899930567941583,0.9010514362259439,5.0,2.220446049250313e-16,1.0
haxs.stage5c2gR32.g1-quadrature.v1,limit_spin_density_zero_rect2x3,rect2x3_hole_3,1,exact,static_only,1.1136363636363635,2.2407060582815452,8.326672684688674e-17,-5.551115123125783e-17,0.575737065788922,-2.3977580988929907,0.5781279451788618,0.8962824233126181,5.0,2.220446049250313e-16,1.0000000000000004
haxs.stage5c2gR32.g1-quadrature.v1,limit_spin_density_zero_rect2x3,rect2x3_hole_3,1,exact,static_only,1.1454545454545453,2.228667404516661,2.7755575615628914e-17,1.1102230246251565e-16,0.5704657026852861,-2.43770460943006,0.5666958827677859,0.8914669618066643,5.0,2.220446049250313e-16,1.0
haxs.stage5c2gR32.g1-quadrature.v1,limit_spin_density_zero_rect2x3,rect2x3_hole_3,1,exact,static_only,1.1772727272727272,2.216518278161206,2.7755575615628914e-17,-5.551115123125783e-17,0.5655362371927274,-2.475395620760498,0.5556906220034642,0.8866073112644823,5.0,0.0,1.0000000000000002
haxs.stage5c2gR32.g1-quadrature.v1,limit_spin_density_zero_rect2x3,rect2x3_hole_3,1,exact,static_only,1.209090909090909,2.2042633192588337,0.0,-5.551115123125783e-17,0.5609491368316508,-2.510765159181438,0.5451053282304099,0.8817053277035335,5.0,0.0,0.9999999999999998
haxs.stage5c2gR32.g1-quadrature.v1,limit_spin_density_zero_rect2x3,rect2x3_hole_3,1,exact,static_only,1.2409090909090907,2.1919061803713036,2.7755575615628914e-17,0.0,0.5567050668271648,-2.543748259625702,0.5349326326795418,0.8767624721485214,5.0,4.440892098500626e-16,1.0000000000000002
haxs.stage5c2gR32.g1-quadrature.v1,limit_spin_density_zero_rect2x3,rect2x3_hole_3,1,exact,static_only,1.2727272727272725,2.179449556916664,0.0,5.551115123125783e-17,0.5528048921228504,-2.574281222681604,0.5251646885507786,0.8717798227666655,5.0,0.0,1.0
haxs.stage5c2gR32.g1-quadrature.v1,limit_spin_density_zero_rect2x3,rect2x3_hole_3,1,exact,static_only,1.3045454545454545,2.1668952260718157,-5.551115123125783e-17,-5.551115123125783e-17,0.5492496841962097,-2.602301841150223,0.5157932294796659,0.8667580904287263,5.0,2.220446049250313e-16,0.9999999999999999
haxs.stage5c2gR32.g1-quadrature.v1,limit_spin_density_zero_rect2x3,rect2x3_hole_3,1,exact,static_only,1.3363636363636362,2.1542440937543503,2.7755575615628914e-17,-1.1102230246251565e-16,0.5460407325697735,-2.6277495936400075,0.5068096296880648,0.8616976375017401,5.0,4.440892098500626e-16,1.0000000000000002
haxs.stage5c2gR32.g1-quadrature.v1,limit_spin_density_zero_rect2x3,rect2x3_hole_3,1,exact,static_only,1.368181818181818,2.141496249126929,8.326672684688674e-17,-1.1102230246251565e-16,0.5431795608658594,-2.6505658035159287,0.49820496514196705,0.8565984996507716,5.0,2.220446049250313e-16,1.0000000000000004
haxs.stage5c2gR32.g1-quadrature.v1,limit_spin_density_zero_rect2x3,rect2x3_hole_3,1,exact,static_only,1.4,2.1286510260016405,2.7755575615628914e-17,-5.551115123125783e-17,0.5406679472130437,-2.6706937623743503,0.48997007507003854,0.8514604104006562,5.0,0.0,1.0000000000000002
haxs.stage5c2gR32.g1-quadrature.v1,limit_spin_density_zero_rect2x3,rect2x3_hole_3,2,exact,static_only,0.0,2.5000000000000004,0.0,-5.551115123125783e-17,0.9999999999999996,-1.9286549331065747e-15,1.25,1.0000000000000002,5.0,2.220446049250313e-16,1.0000000000000002
haxs.stage5c2gR32.g1-quadrature.v1,limit_spin_density_zero_rect2x3,rect2x3_hole_3,2,exact,static_only,0.031818181818181815,2.4997327245607126,0.0,0.0,0.9796562597528976,-0.0892628214405197,1.224308500630522,0.999893089824285,5.0,2.220446049250313e-16,1.0000000000000002
haxs.stage5c2gR32.g1-quadrature.v1,limit_spin_density_zero_rect2x3,rect2x3_hole_3,2,exact,static_only,0.06363636363636363,2.4989316242808153,5.204170427930421e-18,-5.551115123125783e-17,0.9599725073677843,-0.1774120453276065,1.1989402420394195,0.9995726497123261,5.0,0.0,1.0000000000000004
haxs.stage5c2gR32.g1-quadrature.v1,limit_spin_density_zero_rect2x3,rect2x3_hole_3,2,exact,static_only,0.09545454545454544,2.4975988719165674,-3.469446951953614e-18,5.551115123125783e-17,0.9409251413328882,-0.26444927050179634,1.1738982298498348,0.9990395487666269,5.0,0.0,1.0000000000000004
haxs.stage5c2gR32.g1-quadrature.v1,limit_spin_density_zero_rect2x3,rect2x3_hole_3,2,exact,static_only,0.12727272727272726,2.495738070917197,1.734723475976807e-17,-5.551115123125783e-17,0.9224914584985497,-0.3503764635494053,1.1491860811818342,0.9982952283668787,5.0,2.220446049250313e-16,1.0
haxs.stage5c2gR32.g1-quadrature.v1,limit_spin_density_zero_rect2x3,rect2x3_hole_3,2,exact,static_only,0.15909090909090906,2.4933542288742316,3.469446951953614e-18,5.551115123125783e-17,0.9046496880588217,-0.43519562226702335,1.124808006298864,0.9973416915496927,5.0,1.1102230246251565e-16,1.0000000000000002
haxs.stage5c2gR32.g1-quadrature.v1,limit_spin_density_zero_rect2x3,rect2x3_hole_3,2,exact,static_only,0.1909090909090909,2.4904537206811956,-1.0408340855860843e-17,-1.1102230246251565e-16,0.887379019784632,-0.5189084348003961,1.1007687803734263,0.9961814882724782,5.0,0.0,1.0000000000000002
haxs.stage5c2gR32.g1-quadrature.v1,limit_spin_density_zero_rect2x3,rect2x3_hole_3,2,exact,static_only,0.22272727272727272,2.487044241730615,-2.0816681711721685e-17,-5.551115123125783e-17,0.8706596265484084,-0.6015159378991035,1.0770737058639066,0.9948176966922461,5.0,4.440892098500626e-16,1.0000000000000004
haxs.stage5c2gR32.g1-quadrature.v1,limit_spin_density_zero_rect2x3,rect2x3_hole_3,2,exact,static_only,0.2545454545454545,2.483134751563331,0.0,0.0,0.8544726812005198,-0.6830181778060661,1.0537285661115283,0.9932539006253324,5.0,0.0,1.0
haxs.stage5c2gR32.g1-quadrature.v1,limit_spin_density_zero_rect2x3,rect2x3_hole_3,2,exact,static_only,0.2863636363636363,2.4787354084693476,1.3877787807814457e-17,-1.6653345369377348e-16,0.8388003678776069,-0.7634138773556874,1.0307395708770135,0.991494163387739,5.0,0.0,1.0
haxs.stage5c2gR32.g1-quadrature.v1,limit_spin_density_zero_rect2x3,rect2x3_hole_3,2,exact,static_only,0.3181818181818181,2.4738574956189647,-1.3877787807814457e-17,0.0,0.8236258878431163,-0.8427001128819727,1.0081132946389078,0.9895429982475858,5.0,0.0,1.0000000000000004
haxs.stage5c2gR32.g1-quadrature.v1,limit_spin_density_zero_rect2x3,rect2x3_hole_3,2,exact,static_only,0.35,2.468513339376997,-5.551115123125783e-17,-5.551115123125783e-17,0.8089334599816808,-0.9208720045357632,0.9858566085675661,0.9874053357507988,5.0,2.220446049250313e-16,1.0
haxs.stage5c2gR32.g1-quadrature.v1,limit_spin_density_zero_rect2x3,rect2x3_hole_3,2,exact,static_only,0.3818181818181818,2.4627162205208504,4.163336342344337e-17,1.1102230246251565e-16,0.7947083160921595,-0.9979224235741238,0.963976607168715,0.9850864882083401,5.0,2.220446049250313e-16,1.0
haxs.stage5c2gR32.g1-quadrature.v1,limit_spin_density_zero_rect2x3,rect2x3_hole_3,2,exact,static_only,0.4136363636363636,2.4564802791444134,-1.3877787807814457e-17,2.220446049250313e-16,0.7809366911495365,-1.073841720111109,0.9424805306565869,0.9825921116577654,5.0,0.0,1.0000000000000002
haxs.stage5c2gR32.g1-quadrature.v1,limit_spin_density_zero_rect2x3,rect2x3_hole_3,2,exact,static_only,0.44545454545454544,2.4498204140835824,5.551115123125783e-17,5.551115123125783e-17,0.767605808733694,-1.1486174747037918,0.9213756841672693,0.979928165633433,5.0,1.1102230246251565e-16,1.0000000000000002
haxs.stage5c2gR32.g1-quadrature.v1,limit_spin_density_zero_rect2x3,rect2x3_hole_3,2,exact,static_only,0.47727272727272724,2.4427521777452936,1.3877787807814457e-17,1.1102230246251565e-16,0.7547038618534025,-1.2222342769863566,0.9006693549570293,0.9771008710981175,5.0,0.0,1.0000000000000002
haxs.stage5c2gR32.g1-quadrature.v1,limit_spin_density_zero_rect2x3,rect2x3_hole_3,2,exact,static_only,0.509090909090909,2.435291667259707,1.3877787807814457e-17,-5.551115123125783e-17,0.7422199894264474,-1.2946735343549851,0.8803687287468902,0.9741166669038828,5.0,4.440892098500626e-16,1.0000000000000004
haxs.stage5c2gR32.g1-quadrature.v1,limit_spin_density_zero_rect2x3,rect2x3_hole_3,2,exact,static_only,0.5409090909090909,2.42745541290446,-9.71445146547012e-17,-5.551115123125783e-17,0.7301442487112569,-1.3659133134442212,0.8604808063732241,0.970982165161784,5.0,2.220446049250313e-16,1.0000000000000002
haxs.stage5c2gR32.g1-quadrature.v1,limit_spin_density_zero_rect2x3,rect2x3_hole_3,2,exact,static_only,0.5727272727272726,2.4192602647702195,-2.7755575615628914e-17,5.551115123125783e-17,0.7184675840211906,-1.4359282168188723,0.841012321884324,0.9677041059080878,5.0,0.0,1.0000000000000002
haxs.stage5c2gR32.g1-quadrature.v1,limit_spin_density_zero_rect2x3,rect2x3_hole_3,2,exact,static_only,0.6045454545454545,2.4107232786481605,0.0,0.0,0.7071817920889031,-1.5046892969339185,0.8219696631851217,0.9642893114592642,5.0,0.0,1.0000000000000002
haxs.stage5c2gR32.g1-quadrature.v1,limit_spin_density_zero_rect2x3,rect2x3_hole_3,2,exact,static_only,0.6363636363636362,2.401861602122275,0.0,0.0,0.696279484484121,-1.5721640089881208,0.8033587962770878,0.96074464084891,5.0,2.220446049250313e-16,0.9999999999999998
haxs.stage5c2gR32.g1-quadrature.v1,limit_spin_density_zero_rect2x3,rect2x3_hole_3,2,exact,static_only,0.6681818181818181,2.3926923618425153,-2.7755575615628914e-17,1.1102230246251565e-16,0.6857540475227081,-1.6383162038170507,0.7851851940689069,0.9570769447370061,5.0,0.0,0.9999999999999999
haxs.stage5c2gR32.g1-quadrature.v1,limit_spin_density_zero_rect2x3,rect2x3_hole_3,2,exact,static_only,0.7,2.3832325529389897,4.163336342344337e-17,5.551115123125783e-17,0.675599600136912,-1.7031061614422613,0.7674537706472937,0.9532930211755959,5.0,0.0,1.0
haxs.stage5c2gR32.g1-quadrature.v1,limit_spin_density_zero_rect2x3,rect2x3_hole_3,2,exact,static_only,0.7318181818181817,2.3734989315127,0.0,-5.551115123125783e-17,0.6658109502051262,-1.766490665320769,0.7501688217980242,0.94939957260508,5.0,1.1102230246251565e-16,1.0
haxs.stage5c2gR32.g1-quadrature.v1,limit_spin_density_zero_rect2x3,rect2x3_hole_3,2,exact,static_only,0.7636363636363636,2.3635079111050485,-8.326672684688674e-17,1.1102230246251565e-16,0.6563835498632411,-1.828423116730934,0.7333339724570689,0.9454031644420194,5.0,0.0,1.0
haxs.stage5c2gR32.g1-quadrature.v1,limit_spin_density_zero_rect2x3,rect2x3_hole_3,2,exact,static_only,0.7954545454545454,2.3532754640068427,-8.326672684688674e-17,0.0,0.647313450337636,-1.8888536880977518,0.7169521316529434,0.941310185602737,5.0,0.0,1.0
haxs.stage5c2gR32.g1-quadrature.v1,limit_spin_density_zero_rect2x3,rect2x3_hole_3,2,exact,static_only,0.8272727272727272,2.342817028218196,0.0,-5.551115123125783e-17,0.6385972568511843,-1.9477295134144152,0.7010254553765606,0.9371268112872784,5.0,2.220446049250313e-16,1.0000000000000002
haxs.stage5c2gR32.g1-quadrature.v1,limit_spin_density_zero_rect2x3,rect2x3_hole_3,2,exact,static_only,0.859090909090909,2.3321474208140662,8.326672684688674e-17,-5.551115123125783e-17,0.6302320841575512,-2.004994913272107,0.6855553176866063,0.9328589683256265,5.0,1.1102230246251565e-16,1.0
haxs.stage5c2gR32.g1-quadrature.v1,limit_spin_density_zero_rect2x3,rect2x3_hole_3,2,exact,static_only,0.8909090909090909,2.3212807584067683,2.7755575615628914e-17,-5.551115123125783e-17,0.6222155132549497,-2.0605916513822518,0.6705422902294126,0.9285123033627073,5.0,0.0,1.0
haxs.stage5c2gR32.g1-quadrature.v1,limit_spin_density_zero_rect2x3,rect2x3_hole_3,2,exact,static_only,0.9227272727272726,2.310230385327208,8.326672684688674e-17,-1.1102230246251565e-16,0.6145455498181077,-2.1144592188815308,0.6559861302250599,0.9240921541308833,5.0,4.440892098500626e-16,1.0000000000000002
haxs.stage5c2gR32.g1-quadrature.v1,limit_spin_density_zero_rect2x3,rect2x3_hole_3,2,exact,static_only,0.9545454545454545,2.299008810071629,2.7755575615628914e-17,-5.551115123125783e-17,0.6072205848663235,-2.1665351421678976,0.6418857768484731,0.9196035240286516,5.0,0.0,0.9999999999999999
haxs.stage5c2gR32.g1-quadrature.v1,limit_spin_density_zero_rect2x3,rect2x3_hole_3,2,exact,static_only,0.9863636363636362,2.287627650480853,0.0,5.551115123125783e-17,0.6002393581564549,-2.216755309542311,0.6282393558178763,0.9150510601923412,5.0,0.0,1.0
haxs.stage5c2gR32.g1-quadrature.v1,limit_spin_density_zero_rect2x3,rect2x3_hole_3,2,exact,static_only,1.018181818181818,2.2760975880353644,0.0,5.551115123125783e-17,0.5936009247528022,-2.2650543115435564,0.6150441918951303,0.9104390352141458,5.0,0.0,1.0
haxs.stage5c2gR32.g1-quadrature.v1,limit_spin_density_zero_rect2x3,rect2x3_hole_3,2,exact,static_only,1.0499999999999998,2.2644283315627494,0.0,0.0,0.5873046251819402,-2.311365789576816,0.6022968289049536,0.9057713326250998,5.0,2.220446049250313e-16,0.9999999999999999
haxs.stage5c2gR32.g1-quadrature.v1,limit_spin_density_zero_rect2x3,rect2x3_hole_3,2,exact,static_only,1.0818181818181818,2.2526285905648598,0.0,-5.551115123125783e-17,0.581350059530507,-2.3556227872637776,0.5899930567941583,0.9010514362259439,5.0,2.220446049250313e-16,1.0
haxs.stage5c2gR32.g1-quadrature.v1,limit_spin_density_zero_rect2x3,rect2x3_hole_3,2,exact,static_only,1.1136363636363635,2.2407060582815452,8.326672684688674e-17,-5.551115123125783e-17,0.575737065788922,-2.3977580988929907,0.5781279451788618,0.8962824233126181,5.0,2.220446049250313e-16,1.0000000000000004
haxs.stage5c2gR32.g1-quadrature.v1,limit_spin_density_zero_rect2x3,rect2x3_hole_3,2,exact,static_only,1.1454545454545453,2.228667404516661,2.7755575615628914e-17,1.1102230246251565e-16,0.5704657026852861,-2.43770460943006,0.5666958827677859,0.8914669618066643,5.0,2.220446049250313e-16,1.0
haxs.stage5c2gR32.g1-quadrature.v1,limit_spin_density_zero_rect2x3,rect2x3_hole_3,2,exact,static_only,1.1772727272727272,2.216518278161206,2.7755575615628914e-17,-5.551115123125783e-17,0.5655362371927274,-2.475395620760498,0.5556906220034642,0.8866073112644823,5.0,0.0,1.0000000000000002
haxs.stage5c2gR32.g1-quadrature.v1,limit_spin_density_zero_rect2x3,rect2x3_hole_3,2,exact,static_only,1.209090909090909,2.2042633192588337,0.0,-5.551115123125783e-17,0.5609491368316508,-2.510765159181438,0.5451053282304099,0.8817053277035335,5.0,0.0,0.9999999999999998
haxs.stage5c2gR32.g1-quadrature.v1,limit_spin_density_zero_rect2x3,rect2x3_hole_3,2,exact,static_only,1.2409090909090907,2.1919061803713036,2.7755575615628914e-17,0.0,0.5567050668271648,-2.543748259625702,0.5349326326795418,0.8767624721485214,5.0,4.440892098500626e-16,1.0000000000000002
haxs.stage5c2gR32.g1-quadrature.v1,limit_spin_density_zero_rect2x3,rect2x3_hole_3,2,exact,static_only,1.2727272727272725,2.179449556916664,0.0,5.551115123125783e-17,0.5528048921228504,-2.574281222681604,0.5251646885507786,0.8717798227666655,5.0,0.0,1.0
haxs.stage5c2gR32.g1-quadrature.v1,limit_spin_density_zero_rect2x3,rect2x3_hole_3,2,exact,static_only,1.3045454545454545,2.1668952260718157,-5.551115123125783e-17,-5.551115123125783e-17,0.5492496841962097,-2.602301841150223,0.5157932294796659,0.8667580904287263,5.0,2.220446049250313e-16,0.9999999999999999
haxs.stage5c2gR32.g1-quadrature.v1,limit_spin_density_zero_rect2x3,rect2x3_hole_3,2,exact,static_only,1.3363636363636362,2.1542440937543503,2.7755575615628914e-17,-1.1102230246251565e-16,0.5460407325697735,-2.6277495936400075,0.5068096296880648,0.8616976375017401,5.0,4.440892098500626e-16,1.0000000000000002
haxs.stage5c2gR32.g1-quadrature.v1,limit_spin_density_zero_rect2x3,rect2x3_hole_3,2,exact,static_only,1.368181818181818,2.141496249126929,8.326672684688674e-17,-1.1102230246251565e-16,0.5431795608658594,-2.6505658035159287,0.49820496514196705,0.8565984996507716,5.0,2.220446049250313e-16,1.0000000000000004
haxs.stage5c2gR32.g1-quadrature.v1,limit_spin_density_zero_rect2x3,rect2x3_hole_3,2,exact,static_only,1.4,2.1286510260016405,2.7755575615628914e-17,-5.551115123125783e-17,0.5406679472130437,-2.6706937623743503,0.48997007507003854,0.8514604104006562,5.0,0.0,1.0000000000000002
haxs.stage5c2gR32.g1-quadrature.v1,limit_spin_density_zero_rect2x3,rect2x3_hole_3,4,exact,static_only,0.0,2.5000000000000004,0.0,-5.551115123125783e-17,0.9999999999999996,-1.9286549331065747e-15,1.25,1.0000000000000002,5.0,2.220446049250313e-16,1.0000000000000002
haxs.stage5c2gR32.g1-quadrature.v1,limit_spin_density_zero_rect2x3,rect2x3_hole_3,4,exact,static_only,0.031818181818181815,2.4997327245607126,0.0,0.0,0.9796562597528976,-0.0892628214405197,1.224308500630522,0.999893089824285,5.0,2.220446049250313e-16,1.0000000000000002
haxs.stage5c2gR32.g1-quadrature.v1,limit_spin_density_zero_rect2x3,rect2x3_hole_3,4,exact,static_only,0.06363636363636363,2.4989316242808153,5.204170427930421e-18,-5.551115123125783e-17,0.9599725073677843,-0.1774120453276065,1.1989402420394195,0.9995726497123261,5.0,0.0,1.0000000000000004
haxs.stage5c2gR32.g1-quadrature.v1,limit_spin_density_zero_rect2x3,rect2x3_hole_3,4,exact,static_only,0.09545454545454544,2.4975988719165674,-3.469446951953614e-18,5.551115123125783e-17,0.9409251413328882,-0.26444927050179634,1.1738982298498348,0.9990395487666269,5.0,0.0,1.0000000000000004
haxs.stage5c2gR32.g1-quadrature.v1,limit_spin_density_zero_rect2x3,rect2x3_hole_3,4,exact,static_only,0.12727272727272726,2.495738070917197,1.734723475976807e-17,-5.551115123125783e-17,0.9224914584985497,-0.3503764635494053,1.1491860811818342,0.9982952283668787,5.0,2.220446049250313e-16,1.0
haxs.stage5c2gR32.g1-quadrature.v1,limit_spin_density_zero_rect2x3,rect2x3_hole_3,4,exact,static_only,0.15909090909090906,2.4933542288742316,3.469446951953614e-18,5.551115123125783e-17,0.9046496880588217,-0.43519562226702335,1.124808006298864,0.9973416915496927,5.0,1.1102230246251565e-16,1.0000000000000002
haxs.stage5c2gR32.g1-quadrature.v1,limit_spin_density_zero_rect2x3,rect2x3_hole_3,4,exact,static_only,0.1909090909090909,2.4904537206811956,-1.0408340855860843e-17,-1.1102230246251565e-16,0.887379019784632,-0.5189084348003961,1.1007687803734263,0.9961814882724782,5.0,0.0,1.0000000000000002
haxs.stage5c2gR32.g1-quadrature.v1,limit_spin_density_zero_rect2x3,rect2x3_hole_3,4,exact,static_only,0.22272727272727272,2.487044241730615,-2.0816681711721685e-17,-5.551115123125783e-17,0.8706596265484084,-0.6015159378991035,1.0770737058639066,0.9948176966922461,5.0,4.440892098500626e-16,1.0000000000000004
haxs.stage5c2gR32.g1-quadrature.v1,limit_spin_density_zero_rect2x3,rect2x3_hole_3,4,exact,static_only,0.2545454545454545,2.483134751563331,0.0,0.0,0.8544726812005198,-0.6830181778060661,1.0537285661115283,0.9932539006253324,5.0,0.0,1.0
haxs.stage5c2gR32.g1-quadrature.v1,limit_spin_density_zero_rect2x3,rect2x3_hole_3,4,exact,static_only,0.2863636363636363,2.4787354084693476,1.3877787807814457e-17,-1.6653345369377348e-16,0.8388003678776069,-0.7634138773556874,1.0307395708770135,0.991494163387739,5.0,0.0,1.0
haxs.stage5c2gR32.g1-quadrature.v1,limit_spin_density_zero_rect2x3,rect2x3_hole_3,4,exact,static_only,0.3181818181818181,2.4738574956189647,-1.3877787807814457e-17,0.0,0.8236258878431163,-0.8427001128819727,1.0081132946389078,0.9895429982475858,5.0,0.0,1.0000000000000004
haxs.stage5c2gR32.g1-quadrature.v1,limit_spin_density_zero_rect2x3,rect2x3_hole_3,4,exact,static_only,0.35,2.468513339376997,-5.551115123125783e-17,-5.551115123125783e-17,0.8089334599816808,-0.9208720045357632,0.9858566085675661,0.9874053357507988,5.0,2.220446049250313e-16,1.0
haxs.stage5c2gR32.g1-quadrature.v1,limit_spin_density_zero_rect2x3,rect2x3_hole_3,4,exact,static_only,0.3818181818181818,2.4627162205208504,4.163336342344337e-17,1.1102230246251565e-16,0.7947083160921595,-0.9979224235741238,0.963976607168715,0.9850864882083401,5.0,2.220446049250313e-16,1.0
haxs.stage5c2gR32.g1-quadrature.v1,limit_spin_density_zero_rect2x3,rect2x3_hole_3,4,exact,static_only,0.4136363636363636,2.4564802791444134,-1.3877787807814457e-17,2.220446049250313e-16,0.7809366911495365,-1.073841720111109,0.9424805306565869,0.9825921116577654,5.0,0.0,1.0000000000000002
haxs.stage5c2gR32.g1-quadrature.v1,limit_spin_density_zero_rect2x3,rect2x3_hole_3,4,exact,static_only,0.44545454545454544,2.4498204140835824,5.551115123125783e-17,5.551115123125783e-17,0.767605808733694,-1.1486174747037918,0.9213756841672693,0.979928165633433,5.0,1.1102230246251565e-16,1.0000000000000002
haxs.stage5c2gR32.g1-quadrature.v1,limit_spin_density_zero_rect2x3,rect2x3_hole_3,4,exact,static_only,0.47727272727272724,2.4427521777452936,1.3877787807814457e-17,1.1102230246251565e-16,0.7547038618534025,-1.2222342769863566,0.9006693549570293,0.9771008710981175,5.0,0.0,1.0000000000000002
haxs.stage5c2gR32.g1-quadrature.v1,limit_spin_density_zero_rect2x3,rect2x3_hole_3,4,exact,static_only,0.509090909090909,2.435291667259707,1.3877787807814457e-17,-5.551115123125783e-17,0.7422199894264474,-1.2946735343549851,0.8803687287468902,0.9741166669038828,5.0,4.440892098500626e-16,1.0000000000000004
haxs.stage5c2gR32.g1-quadrature.v1,limit_spin_density_zero_rect2x3,rect2x3_hole_3,4,exact,static_only,0.5409090909090909,2.42745541290446,-9.71445146547012e-17,-5.551115123125783e-17,0.7301442487112569,-1.3659133134442212,0.8604808063732241,0.970982165161784,5.0,2.220446049250313e-16,1.0000000000000002
haxs.stage5c2gR32.g1-quadrature.v1,limit_spin_density_zero_rect2x3,rect2x3_hole_3,4,exact,static_only,0.5727272727272726,2.4192602647702195,-2.7755575615628914e-17,5.551115123125783e-17,0.7184675840211906,-1.4359282168188723,0.841012321884324,0.9677041059080878,5.0,0.0,1.0000000000000002
haxs.stage5c2gR32.g1-quadrature.v1,limit_spin_density_zero_rect2x3,rect2x3_hole_3,4,exact,static_only,0.6045454545454545,2.4107232786481605,0.0,0.0,0.7071817920889031,-1.5046892969339185,0.8219696631851217,0.9642893114592642,5.0,0.0,1.0000000000000002
haxs.stage5c2gR32.g1-quadrature.v1,limit_spin_density_zero_rect2x3,rect2x3_hole_3,4,exact,static_only,0.6363636363636362,2.401861602122275,0.0,0.0,0.696279484484121,-1.5721640089881208,0.8033587962770878,0.96074464084891,5.0,2.220446049250313e-16,0.9999999999999998
haxs.stage5c2gR32.g1-quadrature.v1,limit_spin_density_zero_rect2x3,rect2x3_hole_3,4,exact,static_only,0.6681818181818181,2.3926923618425153,-2.7755575615628914e-17,1.1102230246251565e-16,0.6857540475227081,-1.6383162038170507,0.7851851940689069,0.9570769447370061,5.0,0.0,0.9999999999999999
haxs.stage5c2gR32.g1-quadrature.v1,limit_spin_density_zero_rect2x3,rect2x3_hole_3,4,exact,static_only,0.7,2.3832325529389897,4.163336342344337e-17,5.551115123125783e-17,0.675599600136912,-1.7031061614422613,0.7674537706472937,0.9532930211755959,5.0,0.0,1.0
haxs.stage5c2gR32.g1-quadrature.v1,limit_spin_density_zero_rect2x3,rect2x3_hole_3,4,exact,static_only,0.7318181818181817,2.3734989315127,0.0,-5.551115123125783e-17,0.6658109502051262,-1.766490665320769,0.7501688217980242,0.94939957260508,5.0,1.1102230246251565e-16,1.0
haxs.stage5c2gR32.g1-quadrature.v1,limit_spin_density_zero_rect2x3,rect2x3_hole_3,4,exact,static_only,0.7636363636363636,2.3635079111050485,-8.326672684688674e-17,1.1102230246251565e-16,0.6563835498632411,-1.828423116730934,0.7333339724570689,0.9454031644420194,5.0,0.0,1.0
haxs.stage5c2gR32.g1-quadrature.v1,limit_spin_density_zero_rect2x3,rect2x3_hole_3,4,exact,static_only,0.7954545454545454,2.3532754640068427,-8.326672684688674e-17,0.0,0.647313450337636,-1.8888536880977518,0.7169521316529434,0.941310185602737,5.0,0.0,1.0
haxs.stage5c2gR32.g1-quadrature.v1,limit_spin_density_zero_rect2x3,rect2x3_hole_3,4,exact,static_only,0.8272727272727272,2.342817028218196,0.0,-5.551115123125783e-17,0.6385972568511843,-1.9477295134144152,0.7010254553765606,0.9371268112872784,5.0,2.220446049250313e-16,1.0000000000000002
haxs.stage5c2gR32.g1-quadrature.v1,limit_spin_density_zero_rect2x3,rect2x3_hole_3,4,exact,static_only,0.859090909090909,2.3321474208140662,8.326672684688674e-17,-5.551115123125783e-17,0.6302320841575512,-2.004994913272107,0.6855553176866063,0.9328589683256265,5.0,1.1102230246251565e-16,1.0
haxs.stage5c2gR32.g1-quadrature.v1,limit_spin_density_zero_rect2x3,rect2x3_hole_3,4,exact,static_only,0.8909090909090909,2.3212807584067683,2.7755575615628914e-17,-5.551115123125783e-17,0.6222155132549497,-2.0605916513822518,0.6705422902294126,0.9285123033627073,5.0,0.0,1.0
haxs.stage5c2gR32.g1-quadrature.v1,limit_spin_density_zero_rect2x3,rect2x3_hole_3,4,exact,static_only,0.9227272727272726,2.310230385327208,8.326672684688674e-17,-1.1102230246251565e-16,0.6145455498181077,-2.1144592188815308,0.6559861302250599,0.9240921541308833,5.0,4.440892098500626e-16,1.0000000000000002
haxs.stage5c2gR32.g1-quadrature.v1,limit_spin_density_zero_rect2x3,rect2x3_hole_3,4,exact,static_only,0.9545454545454545,2.299008810071629,2.7755575615628914e-17,-5.551115123125783e-17,0.6072205848663235,-2.1665351421678976,0.6418857768484731,0.9196035240286516,5.0,0.0,0.9999999999999999
haxs.stage5c2gR32.g1-quadrature.v1,limit_spin_density_zero_rect2x3,rect2x3_hole_3,4,exact,static_only,0.9863636363636362,2.287627650480853,0.0,5.551115123125783e-17,0.6002393581564549,-2.216755309542311,0.6282393558178763,0.9150510601923412,5.0,0.0,1.0
haxs.stage5c2gR32.g1-quadrature.v1,limit_spin_density_zero_rect2x3,rect2x3_hole_3,4,exact,static_only,1.018181818181818,2.2760975880353644,0.0,5.551115123125783e-17,0.5936009247528022,-2.2650543115435564,0.6150441918951303,0.9104390352141458,5.0,0.0,1.0
haxs.stage5c2gR32.g1-quadrature.v1,limit_spin_density_zero_rect2x3,rect2x3_hole_3,4,exact,static_only,1.0499999999999998,2.2644283315627494,0.0,0.0,0.5873046251819402,-2.311365789576816,0.6022968289049536,0.9057713326250998,5.0,2.220446049250313e-16,0.9999999999999999
haxs.stage5c2gR32.g1-quadrature.v1,limit_spin_density_zero_rect2x3,rect2x3_hole_3,4,exact,static_only,1.0818181818181818,2.2526285905648598,0.0,-5.551115123125783e-17,0.581350059530507,-2.3556227872637776,0.5899930567941583,0.9010514362259439,5.0,2.220446049250313e-16,1.0
haxs.stage5c2gR32.g1-quadrature.v1,limit_spin_density_zero_rect2x3,rect2x3_hole_3,4,exact,static_only,1.1136363636363635,2.2407060582815452,8.326672684688674e-17,-5.551115123125783e-17,0.575737065788922,-2.3977580988929907,0.5781279451788618,0.8962824233126181,5.0,2.220446049250313e-16,1.0000000000000004
haxs.stage5c2gR32.g1-quadrature.v1,limit_spin_density_zero_rect2x3,rect2x3_hole_3,4,exact,static_only,1.1454545454545453,2.228667404516661,2.7755575615628914e-17,1.1102230246251565e-16,0.5704657026852861,-2.43770460943006,0.5666958827677859,0.8914669618066643,5.0,2.220446049250313e-16,1.0
haxs.stage5c2gR32.g1-quadrature.v1,limit_spin_density_zero_rect2x3,rect2x3_hole_3,4,exact,static_only,1.1772727272727272,2.216518278161206,2.7755575615628914e-17,-5.551115123125783e-17,0.5655362371927274,-2.475395620760498,0.5556906220034642,0.8866073112644823,5.0,0.0,1.0000000000000002
haxs.stage5c2gR32.g1-quadrature.v1,limit_spin_density_zero_rect2x3,rect2x3_hole_3,4,exact,static_only,1.209090909090909,2.2042633192588337,0.0,-5.551115123125783e-17,0.5609491368316508,-2.510765159181438,0.5451053282304099,0.8817053277035335,5.0,0.0,0.9999999999999998
haxs.stage5c2gR32.g1-quadrature.v1,limit_spin_density_zero_rect2x3,rect2x3_hole_3,4,exact,static_only,1.2409090909090907,2.1919061803713036,2.7755575615628914e-17,0.0,0.5567050668271648,-2.543748259625702,0.5349326326795418,0.8767624721485214,5.0,4.440892098500626e-16,1.0000000000000002
haxs.stage5c2gR32.g1-quadrature.v1,limit_spin_density_zero_rect2x3,rect2x3_hole_3,4,exact,static_only,1.2727272727272725,2.179449556916664,0.0,5.551115123125783e-17,0.5528048921228504,-2.574281222681604,0.5251646885507786,0.8717798227666655,5.0,0.0,1.0
haxs.stage5c2gR32.g1-quadrature.v1,limit_spin_density_zero_rect2x3,rect2x3_hole_3,4,exact,static_only,1.3045454545454545,2.1668952260718157,-5.551115123125783e-17,-5.551115123125783e-17,0.5492496841962097,-2.602301841150223,0.5157932294796659,0.8667580904287263,5.0,2.220446049250313e-16,0.9999999999999999
haxs.stage5c2gR32.g1-quadrature.v1,limit_spin_density_zero_rect2x3,rect2x3_hole_3,4,exact,static_only,1.3363636363636362,2.1542440937543503,2.7755575615628914e-17,-1.1102230246251565e-16,0.5460407325697735,-2.6277495936400075,0.5068096296880648,0.8616976375017401,5.0,4.440892098500626e-16,1.0000000000000002
haxs.stage5c2gR32.g1-quadrature.v1,limit_spin_density_zero_rect2x3,rect2x3_hole_3,4,exact,static_only,1.368181818181818,2.141496249126929,8.326672684688674e-17,-1.1102230246251565e-16,0.5431795608658594,-2.6505658035159287,0.49820496514196705,0.8565984996507716,5.0,2.220446049250313e-16,1.0000000000000004
haxs.stage5c2gR32.g1-quadrature.v1,limit_spin_density_zero_rect2x3,rect2x3_hole_3,4,exact,static_only,1.4,2.1286510260016405,2.7755575615628914e-17,-5.551115123125783e-17,0.5406679472130437,-2.6706937623743503,0.48997007507003854,0.8514604104006562,5.0,0.0,1.0000000000000002
haxs.stage5c2gR32.g1-quadrature.v1,limit_spin_density_zero_rect2x3,rect2x3_hole_3,1,exact,spin_density_only,0.0,2.5000000000000004,0.0,-5.551115123125783e-17,0.9999999999999996,-1.9286549331065747e-15,1.25,1.0000000000000002,5.0,2.220446049250313e-16,1.0000000000000002
haxs.stage5c2gR32.g1-quadrature.v1,limit_spin_density_zero_rect2x3,rect2x3_hole_3,1,exact,spin_density_only,0.031818181818181815,2.4997327245607126,0.0,0.0,0.9796562597528976,-0.0892628214405197,1.224308500630522,0.999893089824285,5.0,2.220446049250313e-16,1.0000000000000002
haxs.stage5c2gR32.g1-quadrature.v1,limit_spin_density_zero_rect2x3,rect2x3_hole_3,1,exact,spin_density_only,0.06363636363636363,2.4989316242808153,5.204170427930421e-18,-5.551115123125783e-17,0.9599725073677843,-0.1774120453276065,1.1989402420394195,0.9995726497123261,5.0,0.0,1.0000000000000004
haxs.stage5c2gR32.g1-quadrature.v1,limit_spin_density_zero_rect2x3,rect2x3_hole_3,1,exact,spin_density_only,0.09545454545454544,2.4975988719165674,-3.469446951953614e-18,5.551115123125783e-17,0.9409251413328882,-0.26444927050179634,1.1738982298498348,0.9990395487666269,5.0,0.0,1.0000000000000004
haxs.stage5c2gR32.g1-quadrature.v1,limit_spin_density_zero_rect2x3,rect2x3_hole_3,1,exact,spin_density_only,0.12727272727272726,2.495738070917197,1.734723475976807e-17,-5.551115123125783e-17,0.9224914584985497,-0.3503764635494053,1.1491860811818342,0.9982952283668787,5.0,2.220446049250313e-16,1.0
haxs.stage5c2gR32.g1-quadrature.v1,limit_spin_density_zero_rect2x3,rect2x3_hole_3,1,exact,spin_density_only,0.15909090909090906,2.4933542288742316,3.469446951953614e-18,5.551115123125783e-17,0.9046496880588217,-0.43519562226702335,1.124808006298864,0.9973416915496927,5.0,1.1102230246251565e-16,1.0000000000000002
haxs.stage5c2gR32.g1-quadrature.v1,limit_spin_density_zero_rect2x3,rect2x3_hole_3,1,exact,spin_density_only,0.1909090909090909,2.4904537206811956,-1.0408340855860843e-17,-1.1102230246251565e-16,0.887379019784632,-0.5189084348003961,1.1007687803734263,0.9961814882724782,5.0,0.0,1.0000000000000002
haxs.stage5c2gR32.g1-quadrature.v1,limit_spin_density_zero_rect2x3,rect2x3_hole_3,1,exact,spin_density_only,0.22272727272727272,2.487044241730615,-2.0816681711721685e-17,-5.551115123125783e-17,0.8706596265484084,-0.6015159378991035,1.0770737058639066,0.9948176966922461,5.0,4.440892098500626e-16,1.0000000000000004
haxs.stage5c2gR32.g1-quadrature.v1,limit_spin_density_zero_rect2x3,rect2x3_hole_3,1,exact,spin_density_only,0.2545454545454545,2.483134751563331,0.0,0.0,0.8544726812005198,-0.6830181778060661,1.0537285661115283,0.9932539006253324,5.0,0.0,1.0
haxs.stage5c2gR32.g1-quadrature.v1,limit_spin_density_zero_rect2x3,rect2x3_hole_3,1,exact,spin_density_only,0.2863636363636363,2.4787354084693476,1.3877787807814457e-17,-1.6653345369377348e-16,0.8388003678776069,-0.7634138773556874,1.0307395708770135,0.991494163387739,5.0,0.0,1.0
haxs.stage5c2gR32.g1-quadrature.v1,limit_spin_density_zero_rect2x3,rect2x3_hole_3,1,exact,spin_density_only,0.3181818181818181,2.4738574956189647,-1.3877787807814457e-17,0.0,0.8236258878431163,-0.8427001128819727,1.0081132946389078,0.9895429982475858,5.0,0.0,1.0000000000000004
haxs.stage5c2gR32.g1-quadrature.v1,limit_spin_density_zero_rect2x3,rect2x3_hole_3,1,exact,spin_density_only,0.35,2.468513339376997,-5.551115123125783e-17,-5.551115123125783e-17,0.8089334599816808,-0.9208720045357632,0.9858566085675661,0.9874053357507988,5.0,2.220446049250313e-16,1.0
haxs.stage5c2gR32.g1-quadrature.v1,limit_spin_density_zero_rect2x3,rect2x3_hole_3,1,exact,spin_density_only,0.3818181818181818,2.4627162205208504,4.163336342344337e-17,1.1102230246251565e-16,0.7947083160921595,-0.9979224235741238,0.963976607168715,0.9850864882083401,5.0,2.220446049250313e-16,1.0
haxs.stage5c2gR32.g1-quadrature.v1,limit_spin_density_zero_rect2x3,rect2x3_hole_3,1,exact,spin_density_only,0.4136363636363636,2.4564802791444134,-1.3877787807814457e-17,2.220446049250313e-16,0.7809366911495365,-1.073841720111109,0.9424805306565869,0.9825921116577654,5.0,0.0,1.0000000000000002
haxs.stage5c2gR32.g1-quadrature.v1,limit_spin_density_zero_rect2x3,rect2x3_hole_3,1,exact,spin_density_only,0.44545454545454544,2.4498204140835824,5.551115123125783e-17,5.551115123125783e-17,0.767605808733694,-1.1486174747037918,0.9213756841672693,0.979928165633433,5.0,1.1102230246251565e-16,1.0000000000000002
haxs.stage5c2gR32.g1-quadrature.v1,limit_spin_density_zero_rect2x3,rect2x3_hole_3,1,exact,spin_density_only,0.47727272727272724,2.4427521777452936,1.3877787807814457e-17,1.1102230246251565e-16,0.7547038618534025,-1.2222342769863566,0.9006693549570293,0.9771008710981175,5.0,0.0,1.0000000000000002
haxs.stage5c2gR32.g1-quadrature.v1,limit_spin_density_zero_rect2x3,rect2x3_hole_3,1,exact,spin_density_only,0.509090909090909,2.435291667259707,1.3877787807814457e-17,-5.551115123125783e-17,0.7422199894264474,-1.2946735343549851,0.8803687287468902,0.9741166669038828,5.0,4.440892098500626e-16,1.0000000000000004
haxs.stage5c2gR32.g1-quadrature.v1,limit_spin_density_zero_rect2x3,rect2x3_hole_3,1,exact,spin_density_only,0.5409090909090909,2.42745541290446,-9.71445146547012e-17,-5.551115123125783e-17,0.7301442487112569,-1.3659133134442212,0.8604808063732241,0.970982165161784,5.0,2.220446049250313e-16,1.0000000000000002
haxs.stage5c2gR32.g1-quadrature.v1,limit_spin_density_zero_rect2x3,rect2x3_hole_3,1,exact,spin_density_only,0.5727272727272726,2.4192602647702195,-2.7755575615628914e-17,5.551115123125783e-17,0.7184675840211906,-1.4359282168188723,0.841012321884324,0.9677041059080878,5.0,0.0,1.0000000000000002
haxs.stage5c2gR32.g1-quadrature.v1,limit_spin_density_zero_rect2x3,rect2x3_hole_3,1,exact,spin_density_only,0.6045454545454545,2.4107232786481605,0.0,0.0,0.7071817920889031,-1.5046892969339185,0.8219696631851217,0.9642893114592642,5.0,0.0,1.0000000000000002
haxs.stage5c2gR32.g1-quadrature.v1,limit_spin_density_zero_rect2x3,rect2x3_hole_3,1,exact,spin_density_only,0.6363636363636362,2.401861602122275,0.0,0.0,0.696279484484121,-1.5721640089881208,0.8033587962770878,0.96074464084891,5.0,2.220446049250313e-16,0.9999999999999998
haxs.stage5c2gR32.g1-quadrature.v1,limit_spin_density_zero_rect2x3,rect2x3_hole_3,1,exact,spin_density_only,0.6681818181818181,2.3926923618425153,-2.7755575615628914e-17,1.1102230246251565e-16,0.6857540475227081,-1.6383162038170507,0.7851851940689069,0.9570769447370061,5.0,0.0,0.9999999999999999
haxs.stage5c2gR32.g1-quadrature.v1,limit_spin_density_zero_rect2x3,rect2x3_hole_3,1,exact,spin_density_only,0.7,2.3832325529389897,4.163336342344337e-17,5.551115123125783e-17,0.675599600136912,-1.7031061614422613,0.7674537706472937,0.9532930211755959,5.0,0.0,1.0
haxs.stage5c2gR32.g1-quadrature.v1,limit_spin_density_zero_rect2x3,rect2x3_hole_3,1,exact,spin_density_only,0.7318181818181817,2.3734989315127,0.0,-5.551115123125783e-17,0.6658109502051262,-1.766490665320769,0.7501688217980242,0.94939957260508,5.0,1.1102230246251565e-16,1.0
haxs.stage5c2gR32.g1-quadrature.v1,limit_spin_density_zero_rect2x3,rect2x3_hole_3,1,exact,spin_density_only,0.7636363636363636,2.3635079111050485,-8.326672684688674e-17,1.1102230246251565e-16,0.6563835498632411,-1.828423116730934,0.7333339724570689,0.9454031644420194,5.0,0.0,1.0
haxs.stage5c2gR32.g1-quadrature.v1,limit_spin_density_zero_rect2x3,rect2x3_hole_3,1,exact,spin_density_only,0.7954545454545454,2.3532754640068427,-8.326672684688674e-17,0.0,0.647313450337636,-1.8888536880977518,0.7169521316529434,0.941310185602737,5.0,0.0,1.0
haxs.stage5c2gR32.g1-quadrature.v1,limit_spin_density_zero_rect2x3,rect2x3_hole_3,1,exact,spin_density_only,0.8272727272727272,2.342817028218196,0.0,-5.551115123125783e-17,0.6385972568511843,-1.9477295134144152,0.7010254553765606,0.9371268112872784,5.0,2.220446049250313e-16,1.0000000000000002
haxs.stage5c2gR32.g1-quadrature.v1,limit_spin_density_zero_rect2x3,rect2x3_hole_3,1,exact,spin_density_only,0.859090909090909,2.3321474208140662,8.326672684688674e-17,-5.551115123125783e-17,0.6302320841575512,-2.004994913272107,0.6855553176866063,0.9328589683256265,5.0,1.1102230246251565e-16,1.0
haxs.stage5c2gR32.g1-quadrature.v1,limit_spin_density_zero_rect2x3,rect2x3_hole_3,1,exact,spin_density_only,0.8909090909090909,2.3212807584067683,2.7755575615628914e-17,-5.551115123125783e-17,0.6222155132549497,-2.0605916513822518,0.6705422902294126,0.9285123033627073,5.0,0.0,1.0
haxs.stage5c2gR32.g1-quadrature.v1,limit_spin_density_zero_rect2x3,rect2x3_hole_3,1,exact,spin_density_only,0.9227272727272726,2.310230385327208,8.326672684688674e-17,-1.1102230246251565e-16,0.6145455498181077,-2.1144592188815308,0.6559861302250599,0.9240921541308833,5.0,4.440892098500626e-16,1.0000000000000002
haxs.stage5c2gR32.g1-quadrature.v1,limit_spin_density_zero_rect2x3,rect2x3_hole_3,1,exact,spin_density_only,0.9545454545454545,2.299008810071629,2.7755575615628914e-17,-5.551115123125783e-17,0.6072205848663235,-2.1665351421678976,0.6418857768484731,0.9196035240286516,5.0,0.0,0.9999999999999999
haxs.stage5c2gR32.g1-quadrature.v1,limit_spin_density_zero_rect2x3,rect2x3_hole_3,1,exact,spin_density_only,0.9863636363636362,2.287627650480853,0.0,5.551115123125783e-17,0.6002393581564549,-2.216755309542311,0.6282393558178763,0.9150510601923412,5.0,0.0,1.0
haxs.stage5c2gR32.g1-quadrature.v1,limit_spin_density_zero_rect2x3,rect2x3_hole_3,1,exact,spin_density_only,1.018181818181818,2.2760975880353644,0.0,5.551115123125783e-17,0.5936009247528022,-2.2650543115435564,0.6150441918951303,0.9104390352141458,5.0,0.0,1.0
haxs.stage5c2gR32.g1-quadrature.v1,limit_spin_density_zero_rect2x3,rect2x3_hole_3,1,exact,spin_density_only,1.0499999999999998,2.2644283315627494,0.0,0.0,0.5873046251819402,-2.311365789576816,0.6022968289049536,0.9057713326250998,5.0,2.220446049250313e-16,0.9999999999999999
haxs.stage5c2gR32.g1-quadrature.v1,limit_spin_density_zero_rect2x3,rect2x3_hole_3,1,exact,spin_density_only,1.0818181818181818,2.2526285905648598,0.0,-5.551115123125783e-17,0.581350059530507,-2.3556227872637776,0.5899930567941583,0.9010514362259439,5.0,2.220446049250313e-16,1.0
haxs.stage5c2gR32.g1-quadrature.v1,limit_spin_density_zero_rect2x3,rect2x3_hole_3,1,exact,spin_density_only,1.1136363636363635,2.2407060582815452,8.326672684688674e-17,-5.551115123125783e-17,0.575737065788922,-2.3977580988929907,0.5781279451788618,0.8962824233126181,5.0,2.220446049250313e-16,1.0000000000000004
haxs.stage5c2gR32.g1-quadrature.v1,limit_spin_density_zero_rect2x3,rect2x3_hole_3,1,exact,spin_density_only,1.1454545454545453,2.228667404516661,2.7755575615628914e-17,1.1102230246251565e-16,0.5704657026852861,-2.43770460943006,0.5666958827677859,0.8914669618066643,5.0,2.220446049250313e-16,1.0
haxs.stage5c2gR32.g1-quadrature.v1,limit_spin_density_zero_rect2x3,rect2x3_hole_3,1,exact,spin_density_only,1.1772727272727272,2.216518278161206,2.7755575615628914e-17,-5.551115123125783e-17,0.5655362371927274,-2.475395620760498,0.5556906220034642,0.8866073112644823,5.0,0.0,1.0000000000000002
haxs.stage5c2gR32.g1-quadrature.v1,limit_spin_density_zero_rect2x3,rect2x3_hole_3,1,exact,spin_density_only,1.209090909090909,2.2042633192588337,0.0,-5.551115123125783e-17,0.5609491368316508,-2.510765159181438,0.5451053282304099,0.8817053277035335,5.0,0.0,0.9999999999999998
haxs.stage5c2gR32.g1-quadrature.v1,limit_spin_density_zero_rect2x3,rect2x3_hole_3,1,exact,spin_density_only,1.2409090909090907,2.1919061803713036,2.7755575615628914e-17,0.0,0.5567050668271648,-2.543748259625702,0.5349326326795418,0.8767624721485214,5.0,4.440892098500626e-16,1.0000000000000002
haxs.stage5c2gR32.g1-quadrature.v1,limit_spin_density_zero_rect2x3,rect2x3_hole_3,1,exact,spin_density_only,1.2727272727272725,2.179449556916664,0.0,5.551115123125783e-17,0.5528048921228504,-2.574281222681604,0.5251646885507786,0.8717798227666655,5.0,0.0,1.0
haxs.stage5c2gR32.g1-quadrature.v1,limit_spin_density_zero_rect2x3,rect2x3_hole_3,1,exact,spin_density_only,1.3045454545454545,2.1668952260718157,-5.551115123125783e-17,-5.551115123125783e-17,0.5492496841962097,-2.602301841150223,0.5157932294796659,0.8667580904287263,5.0,2.220446049250313e-16,0.9999999999999999
haxs.stage5c2gR32.g1-quadrature.v1,limit_spin_density_zero_rect2x3,rect2x3_hole_3,1,exact,spin_density_only,1.3363636363636362,2.1542440937543503,2.7755575615628914e-17,-1.1102230246251565e-16,0.5460407325697735,-2.6277495936400075,0.5068096296880648,0.8616976375017401,5.0,4.440892098500626e-16,1.0000000000000002
haxs.stage5c2gR32.g1-quadrature.v1,limit_spin_density_zero_rect2x3,rect2x3_hole_3,1,exact,spin_density_only,1.368181818181818,2.141496249126929,8.326672684688674e-17,-1.1102230246251565e-16,0.5431795608658594,-2.6505658035159287,0.49820496514196705,0.8565984996507716,5.0,2.220446049250313e-16,1.0000000000000004
haxs.stage5c2gR32.g1-quadrature.v1,limit_spin_density_zero_rect2x3,rect2x3_hole_3,1,exact,spin_density_only,1.4,2.1286510260016405,2.7755575615628914e-17,-5.551115123125783e-17,0.5406679472130437,-2.6706937623743503,0.48997007507003854,0.8514604104006562,5.0,0.0,1.0000000000000002
haxs.stage5c2gR32.g1-quadrature.v1,limit_spin_density_zero_rect2x3,rect2x3_hole_3,2,exact,spin_density_only,0.0,2.5000000000000004,0.0,-5.551115123125783e-17,0.9999999999999996,-1.9286549331065747e-15,1.25,1.0000000000000002,5.0,2.220446049250313e-16,1.0000000000000002
haxs.stage5c2gR32.g1-quadrature.v1,limit_spin_density_zero_rect2x3,rect2x3_hole_3,2,exact,spin_density_only,0.031818181818181815,2.4997327245607126,0.0,0.0,0.9796562597528976,-0.0892628214405197,1.224308500630522,0.999893089824285,5.0,2.220446049250313e-16,1.0000000000000002
haxs.stage5c2gR32.g1-quadrature.v1,limit_spin_density_zero_rect2x3,rect2x3_hole_3,2,exact,spin_density_only,0.06363636363636363,2.4989316242808153,5.204170427930421e-18,-5.551115123125783e-17,0.9599725073677843,-0.1774120453276065,1.1989402420394195,0.9995726497123261,5.0,0.0,1.0000000000000004
haxs.stage5c2gR32.g1-quadrature.v1,limit_spin_density_zero_rect2x3,rect2x3_hole_3,2,exact,spin_density_only,0.09545454545454544,2.4975988719165674,-3.469446951953614e-18,5.551115123125783e-17,0.9409251413328882,-0.26444927050179634,1.1738982298498348,0.9990395487666269,5.0,0.0,1.0000000000000004
haxs.stage5c2gR32.g1-quadrature.v1,limit_spin_density_zero_rect2x3,rect2x3_hole_3,2,exact,spin_density_only,0.12727272727272726,2.495738070917197,1.734723475976807e-17,-5.551115123125783e-17,0.9224914584985497,-0.3503764635494053,1.1491860811818342,0.9982952283668787,5.0,2.220446049250313e-16,1.0
haxs.stage5c2gR32.g1-quadrature.v1,limit_spin_density_zero_rect2x3,rect2x3_hole_3,2,exact,spin_density_only,0.15909090909090906,2.4933542288742316,3.469446951953614e-18,5.551115123125783e-17,0.9046496880588217,-0.43519562226702335,1.124808006298864,0.9973416915496927,5.0,1.1102230246251565e-16,1.0000000000000002
haxs.stage5c2gR32.g1-quadrature.v1,limit_spin_density_zero_rect2x3,rect2x3_hole_3,2,exact,spin_density_only,0.1909090909090909,2.4904537206811956,-1.0408340855860843e-17,-1.1102230246251565e-16,0.887379019784632,-0.5189084348003961,1.1007687803734263,0.9961814882724782,5.0,0.0,1.0000000000000002
haxs.stage5c2gR32.g1-quadrature.v1,limit_spin_density_zero_rect2x3,rect2x3_hole_3,2,exact,spin_density_only,0.22272727272727272,2.487044241730615,-2.0816681711721685e-17,-5.551115123125783e-17,0.8706596265484084,-0.6015159378991035,1.0770737058639066,0.9948176966922461,5.0,4.440892098500626e-16,1.0000000000000004
haxs.stage5c2gR32.g1-quadrature.v1,limit_spin_density_zero_rect2x3,rect2x3_hole_3,2,exact,spin_density_only,0.2545454545454545,2.483134751563331,0.0,0.0,0.8544726812005198,-0.6830181778060661,1.0537285661115283,0.9932539006253324,5.0,0.0,1.0
haxs.stage5c2gR32.g1-quadrature.v1,limit_spin_density_zero_rect2x3,rect2x3_hole_3,2,exact,spin_density_only,0.2863636363636363,2.4787354084693476,1.3877787807814457e-17,-1.6653345369377348e-16,0.8388003678776069,-0.7634138773556874,1.0307395708770135,0.991494163387739,5.0,0.0,1.0
haxs.stage5c2gR32.g1-quadrature.v1,limit_spin_density_zero_rect2x3,rect2x3_hole_3,2,exact,spin_density_only,0.3181818181818181,2.4738574956189647,-1.3877787807814457e-17,0.0,0.8236258878431163,-0.8427001128819727,1.0081132946389078,0.9895429982475858,5.0,0.0,1.0000000000000004
haxs.stage5c2gR32.g1-quadrature.v1,limit_spin_density_zero_rect2x3,rect2x3_hole_3,2,exact,spin_density_only,0.35,2.468513339376997,-5.551115123125783e-17,-5.551115123125783e-17,0.8089334599816808,-0.9208720045357632,0.9858566085675661,0.9874053357507988,5.0,2.220446049250313e-16,1.0
haxs.stage5c2gR32.g1-quadrature.v1,limit_spin_density_zero_rect2x3,rect2x3_hole_3,2,exact,spin_density_only,0.3818181818181818,2.4627162205208504,4.163336342344337e-17,1.1102230246251565e-16,0.7947083160921595,-0.9979224235741238,0.963976607168715,0.9850864882083401,5.0,2.220446049250313e-16,1.0
haxs.stage5c2gR32.g1-quadrature.v1,limit_spin_density_zero_rect2x3,rect2x3_hole_3,2,exact,spin_density_only,0.4136363636363636,2.4564802791444134,-1.3877787807814457e-17,2.220446049250313e-16,0.7809366911495365,-1.073841720111109,0.9424805306565869,0.9825921116577654,5.0,0.0,1.0000000000000002
haxs.stage5c2gR32.g1-quadrature.v1,limit_spin_density_zero_rect2x3,rect2x3_hole_3,2,exact,spin_density_only,0.44545454545454544,2.4498204140835824,5.551115123125783e-17,5.551115123125783e-17,0.767605808733694,-1.1486174747037918,0.9213756841672693,0.979928165633433,5.0,1.1102230246251565e-16,1.0000000000000002
haxs.stage5c2gR32.g1-quadrature.v1,limit_spin_density_zero_rect2x3,rect2x3_hole_3,2,exact,spin_density_only,0.47727272727272724,2.4427521777452936,1.3877787807814457e-17,1.1102230246251565e-16,0.7547038618534025,-1.2222342769863566,0.9006693549570293,0.9771008710981175,5.0,0.0,1.0000000000000002
haxs.stage5c2gR32.g1-quadrature.v1,limit_spin_density_zero_rect2x3,rect2x3_hole_3,2,exact,spin_density_only,0.509090909090909,2.435291667259707,1.3877787807814457e-17,-5.551115123125783e-17,0.7422199894264474,-1.2946735343549851,0.8803687287468902,0.9741166669038828,5.0,4.440892098500626e-16,1.0000000000000004
haxs.stage5c2gR32.g1-quadrature.v1,limit_spin_density_zero_rect2x3,rect2x3_hole_3,2,exact,spin_density_only,0.5409090909090909,2.42745541290446,-9.71445146547012e-17,-5.551115123125783e-17,0.7301442487112569,-1.3659133134442212,0.8604808063732241,0.970982165161784,5.0,2.220446049250313e-16,1.0000000000000002
haxs.stage5c2gR32.g1-quadrature.v1,limit_spin_density_zero_rect2x3,rect2x3_hole_3,2,exact,spin_density_only,0.5727272727272726,2.4192602647702195,-2.7755575615628914e-17,5.551115123125783e-17,0.7184675840211906,-1.4359282168188723,0.841012321884324,0.9677041059080878,5.0,0.0,1.0000000000000002
haxs.stage5c2gR32.g1-quadrature.v1,limit_spin_density_zero_rect2x3,rect2x3_hole_3,2,exact,spin_density_only,0.6045454545454545,2.4107232786481605,0.0,0.0,0.7071817920889031,-1.5046892969339185,0.8219696631851217,0.9642893114592642,5.0,0.0,1.0000000000000002
haxs.stage5c2gR32.g1-quadrature.v1,limit_spin_density_zero_rect2x3,rect2x3_hole_3,2,exact,spin_density_only,0.6363636363636362,2.401861602122275,0.0,0.0,0.696279484484121,-1.5721640089881208,0.8033587962770878,0.96074464084891,5.0,2.220446049250313e-16,0.9999999999999998
haxs.stage5c2gR32.g1-quadrature.v1,limit_spin_density_zero_rect2x3,rect2x3_hole_3,2,exact,spin_density_only,0.6681818181818181,2.3926923618425153,-2.7755575615628914e-17,1.1102230246251565e-16,0.6857540475227081,-1.6383162038170507,0.7851851940689069,0.9570769447370061,5.0,0.0,0.9999999999999999
haxs.stage5c2gR32.g1-quadrature.v1,limit_spin_density_zero_rect2x3,rect2x3_hole_3,2,exact,spin_density_only,0.7,2.3832325529389897,4.163336342344337e-17,5.551115123125783e-17,0.675599600136912,-1.7031061614422613,0.7674537706472937,0.9532930211755959,5.0,0.0,1.0
haxs.stage5c2gR32.g1-quadrature.v1,limit_spin_density_zero_rect2x3,rect2x3_hole_3,2,exact,spin_density_only,0.7318181818181817,2.3734989315127,0.0,-5.551115123125783e-17,0.6658109502051262,-1.766490665320769,0.7501688217980242,0.94939957260508,5.0,1.1102230246251565e-16,1.0
haxs.stage5c2gR32.g1-quadrature.v1,limit_spin_density_zero_rect2x3,rect2x3_hole_3,2,exact,spin_density_only,0.7636363636363636,2.3635079111050485,-8.326672684688674e-17,1.1102230246251565e-16,0.6563835498632411,-1.828423116730934,0.7333339724570689,0.9454031644420194,5.0,0.0,1.0
haxs.stage5c2gR32.g1-quadrature.v1,limit_spin_density_zero_rect2x3,rect2x3_hole_3,2,exact,spin_density_only,0.7954545454545454,2.3532754640068427,-8.326672684688674e-17,0.0,0.647313450337636,-1.8888536880977518,0.7169521316529434,0.941310185602737,5.0,0.0,1.0
haxs.stage5c2gR32.g1-quadrature.v1,limit_spin_density_zero_rect2x3,rect2x3_hole_3,2,exact,spin_density_only,0.8272727272727272,2.342817028218196,0.0,-5.551115123125783e-17,0.6385972568511843,-1.9477295134144152,0.7010254553765606,0.9371268112872784,5.0,2.220446049250313e-16,1.0000000000000002
haxs.stage5c2gR32.g1-quadrature.v1,limit_spin_density_zero_rect2x3,rect2x3_hole_3,2,exact,spin_density_only,0.859090909090909,2.3321474208140662,8.326672684688674e-17,-5.551115123125783e-17,0.6302320841575512,-2.004994913272107,0.6855553176866063,0.9328589683256265,5.0,1.1102230246251565e-16,1.0
haxs.stage5c2gR32.g1-quadrature.v1,limit_spin_density_zero_rect2x3,rect2x3_hole_3,2,exact,spin_density_only,0.8909090909090909,2.3212807584067683,2.7755575615628914e-17,-5.551115123125783e-17,0.6222155132549497,-2.0605916513822518,0.6705422902294126,0.9285123033627073,5.0,0.0,1.0
haxs.stage5c2gR32.g1-quadrature.v1,limit_spin_density_zero_rect2x3,rect2x3_hole_3,2,exact,spin_density_only,0.9227272727272726,2.310230385327208,8.326672684688674e-17,-1.1102230246251565e-16,0.6145455498181077,-2.1144592188815308,0.6559861302250599,0.9240921541308833,5.0,4.440892098500626e-16,1.0000000000000002
haxs.stage5c2gR32.g1-quadrature.v1,limit_spin_density_zero_rect2x3,rect2x3_hole_3,2,exact,spin_density_only,0.9545454545454545,2.299008810071629,2.7755575615628914e-17,-5.551115123125783e-17,0.6072205848663235,-2.1665351421678976,0.6418857768484731,0.9196035240286516,5.0,0.0,0.9999999999999999
haxs.stage5c2gR32.g1-quadrature.v1,limit_spin_density_zero_rect2x3,rect2x3_hole_3,2,exact,spin_density_only,0.9863636363636362,2.287627650480853,0.0,5.551115123125783e-17,0.6002393581564549,-2.216755309542311,0.6282393558178763,0.9150510601923412,5.0,0.0,1.0
haxs.stage5c2gR32.g1-quadrature.v1,limit_spin_density_zero_rect2x3,rect2x3_hole_3,2,exact,spin_density_only,1.018181818181818,2.2760975880353644,0.0,5.551115123125783e-17,0.5936009247528022,-2.2650543115435564,0.6150441918951303,0.9104390352141458,5.0,0.0,1.0
haxs.stage5c2gR32.g1-quadrature.v1,limit_spin_density_zero_rect2x3,rect2x3_hole_3,2,exact,spin_density_only,1.0499999999999998,2.2644283315627494,0.0,0.0,0.5873046251819402,-2.311365789576816,0.6022968289049536,0.9057713326250998,5.0,2.220446049250313e-16,0.9999999999999999
haxs.stage5c2gR32.g1-quadrature.v1,limit_spin_density_zero_rect2x3,rect2x3_hole_3,2,exact,spin_density_only,1.0818181818181818,2.2526285905648598,0.0,-5.551115123125783e-17,0.581350059530507,-2.3556227872637776,0.5899930567941583,0.9010514362259439,5.0,2.220446049250313e-16,1.0
haxs.stage5c2gR32.g1-quadrature.v1,limit_spin_density_zero_rect2x3,rect2x3_hole_3,2,exact,spin_density_only,1.1136363636363635,2.2407060582815452,8.326672684688674e-17,-5.551115123125783e-17,0.575737065788922,-2.3977580988929907,0.5781279451788618,0.8962824233126181,5.0,2.220446049250313e-16,1.0000000000000004
haxs.stage5c2gR32.g1-quadrature.v1,limit_spin_density_zero_rect2x3,rect2x3_hole_3,2,exact,spin_density_only,1.1454545454545453,2.228667404516661,2.7755575615628914e-17,1.1102230246251565e-16,0.5704657026852861,-2.43770460943006,0.5666958827677859,0.8914669618066643,5.0,2.220446049250313e-16,1.0
haxs.stage5c2gR32.g1-quadrature.v1,limit_spin_density_zero_rect2x3,rect2x3_hole_3,2,exact,spin_density_only,1.1772727272727272,2.216518278161206,2.7755575615628914e-17,-5.551115123125783e-17,0.5655362371927274,-2.475395620760498,0.5556906220034642,0.8866073112644823,5.0,0.0,1.0000000000000002
haxs.stage5c2gR32.g1-quadrature.v1,limit_spin_density_zero_rect2x3,rect2x3_hole_3,2,exact,spin_density_only,1.209090909090909,2.2042633192588337,0.0,-5.551115123125783e-17,0.5609491368316508,-2.510765159181438,0.5451053282304099,0.8817053277035335,5.0,0.0,0.9999999999999998
haxs.stage5c2gR32.g1-quadrature.v1,limit_spin_density_zero_rect2x3,rect2x3_hole_3,2,exact,spin_density_only,1.2409090909090907,2.1919061803713036,2.7755575615628914e-17,0.0,0.5567050668271648,-2.543748259625702,0.5349326326795418,0.8767624721485214,5.0,4.440892098500626e-16,1.0000000000000002
haxs.stage5c2gR32.g1-quadrature.v1,limit_spin_density_zero_rect2x3,rect2x3_hole_3,2,exact,spin_density_only,1.2727272727272725,2.179449556916664,0.0,5.551115123125783e-17,0.5528048921228504,-2.574281222681604,0.5251646885507786,0.8717798227666655,5.0,0.0,1.0
haxs.stage5c2gR32.g1-quadrature.v1,limit_spin_density_zero_rect2x3,rect2x3_hole_3,2,exact,spin_density_only,1.3045454545454545,2.1668952260718157,-5.551115123125783e-17,-5.551115123125783e-17,0.5492496841962097,-2.602301841150223,0.5157932294796659,0.8667580904287263,5.0,2.220446049250313e-16,0.9999999999999999
haxs.stage5c2gR32.g1-quadrature.v1,limit_spin_density_zero_rect2x3,rect2x3_hole_3,2,exact,spin_density_only,1.3363636363636362,2.1542440937543503,2.7755575615628914e-17,-1.1102230246251565e-16,0.5460407325697735,-2.6277495936400075,0.5068096296880648,0.8616976375017401,5.0,4.440892098500626e-16,1.0000000000000002
haxs.stage5c2gR32.g1-quadrature.v1,limit_spin_density_zero_rect2x3,rect2x3_hole_3,2,exact,spin_density_only,1.368181818181818,2.141496249126929,8.326672684688674e-17,-1.1102230246251565e-16,0.5431795608658594,-2.6505658035159287,0.49820496514196705,0.8565984996507716,5.0,2.220446049250313e-16,1.0000000000000004
haxs.stage5c2gR32.g1-quadrature.v1,limit_spin_density_zero_rect2x3,rect2x3_hole_3,2,exact,spin_density_only,1.4,2.1286510260016405,2.7755575615628914e-17,-5.551115123125783e-17,0.5406679472130437,-2.6706937623743503,0.48997007507003854,0.8514604104006562,5.0,0.0,1.0000000000000002
haxs.stage5c2gR32.g1-quadrature.v1,limit_spin_density_zero_rect2x3,rect2x3_hole_3,4,exact,spin_density_only,0.0,2.5000000000000004,0.0,-5.551115123125783e-17,0.9999999999999996,-1.9286549331065747e-15,1.25,1.0000000000000002,5.0,2.220446049250313e-16,1.0000000000000002
haxs.stage5c2gR32.g1-quadrature.v1,limit_spin_density_zero_rect2x3,rect2x3_hole_3,4,exact,spin_density_only,0.031818181818181815,2.4997327245607126,0.0,0.0,0.9796562597528976,-0.0892628214405197,1.224308500630522,0.999893089824285,5.0,2.220446049250313e-16,1.0000000000000002
haxs.stage5c2gR32.g1-quadrature.v1,limit_spin_density_zero_rect2x3,rect2x3_hole_3,4,exact,spin_density_only,0.06363636363636363,2.4989316242808153,5.204170427930421e-18,-5.551115123125783e-17,0.9599725073677843,-0.1774120453276065,1.1989402420394195,0.9995726497123261,5.0,0.0,1.0000000000000004
haxs.stage5c2gR32.g1-quadrature.v1,limit_spin_density_zero_rect2x3,rect2x3_hole_3,4,exact,spin_density_only,0.09545454545454544,2.4975988719165674,-3.469446951953614e-18,5.551115123125783e-17,0.9409251413328882,-0.26444927050179634,1.1738982298498348,0.9990395487666269,5.0,0.0,1.0000000000000004
haxs.stage5c2gR32.g1-quadrature.v1,limit_spin_density_zero_rect2x3,rect2x3_hole_3,4,exact,spin_density_only,0.12727272727272726,2.495738070917197,1.734723475976807e-17,-5.551115123125783e-17,0.9224914584985497,-0.3503764635494053,1.1491860811818342,0.9982952283668787,5.0,2.220446049250313e-16,1.0
haxs.stage5c2gR32.g1-quadrature.v1,limit_spin_density_zero_rect2x3,rect2x3_hole_3,4,exact,spin_density_only,0.15909090909090906,2.4933542288742316,3.469446951953614e-18,5.551115123125783e-17,0.9046496880588217,-0.43519562226702335,1.124808006298864,0.9973416915496927,5.0,1.1102230246251565e-16,1.0000000000000002
haxs.stage5c2gR32.g1-quadrature.v1,limit_spin_density_zero_rect2x3,rect2x3_hole_3,4,exact,spin_density_only,0.1909090909090909,2.4904537206811956,-1.0408340855860843e-17,-1.1102230246251565e-16,0.887379019784632,-0.5189084348003961,1.1007687803734263,0.9961814882724782,5.0,0.0,1.0000000000000002
haxs.stage5c2gR32.g1-quadrature.v1,limit_spin_density_zero_rect2x3,rect2x3_hole_3,4,exact,spin_density_only,0.22272727272727272,2.487044241730615,-2.0816681711721685e-17,-5.551115123125783e-17,0.8706596265484084,-0.6015159378991035,1.0770737058639066,0.9948176966922461,5.0,4.440892098500626e-16,1.0000000000000004
haxs.stage5c2gR32.g1-quadrature.v1,limit_spin_density_zero_rect2x3,rect2x3_hole_3,4,exact,spin_density_only,0.2545454545454545,2.483134751563331,0.0,0.0,0.8544726812005198,-0.6830181778060661,1.0537285661115283,0.9932539006253324,5.0,0.0,1.0
haxs.stage5c2gR32.g1-quadrature.v1,limit_spin_density_zero_rect2x3,rect2x3_hole_3,4,exact,spin_density_only,0.2863636363636363,2.4787354084693476,1.3877787807814457e-17,-1.6653345369377348e-16,0.8388003678776069,-0.7634138773556874,1.0307395708770135,0.991494163387739,5.0,0.0,1.0
haxs.stage5c2gR32.g1-quadrature.v1,limit_spin_density_zero_rect2x3,rect2x3_hole_3,4,exact,spin_density_only,0.3181818181818181,2.4738574956189647,-1.3877787807814457e-17,0.0,0.8236258878431163,-0.8427001128819727,1.0081132946389078,0.9895429982475858,5.0,0.0,1.0000000000000004
haxs.stage5c2gR32.g1-quadrature.v1,limit_spin_density_zero_rect2x3,rect2x3_hole_3,4,exact,spin_density_only,0.35,2.468513339376997,-5.551115123125783e-17,-5.551115123125783e-17,0.8089334599816808,-0.9208720045357632,0.9858566085675661,0.9874053357507988,5.0,2.220446049250313e-16,1.0
haxs.stage5c2gR32.g1-quadrature.v1,limit_spin_density_zero_rect2x3,rect2x3_hole_3,4,exact,spin_density_only,0.3818181818181818,2.4627162205208504,4.163336342344337e-17,1.1102230246251565e-16,0.7947083160921595,-0.9979224235741238,0.963976607168715,0.9850864882083401,5.0,2.220446049250313e-16,1.0
haxs.stage5c2gR32.g1-quadrature.v1,limit_spin_density_zero_rect2x3,rect2x3_hole_3,4,exact,spin_density_only,0.4136363636363636,2.4564802791444134,-1.3877787807814457e-17,2.220446049250313e-16,0.7809366911495365,-1.073841720111109,0.9424805306565869,0.9825921116577654,5.0,0.0,1.0000000000000002
haxs.stage5c2gR32.g1-quadrature.v1,limit_spin_density_zero_rect2x3,rect2x3_hole_3,4,exact,spin_density_only,0.44545454545454544,2.4498204140835824,5.551115123125783e-17,5.551115123125783e-17,0.767605808733694,-1.1486174747037918,0.9213756841672693,0.979928165633433,5.0,1.1102230246251565e-16,1.0000000000000002
haxs.stage5c2gR32.g1-quadrature.v1,limit_spin_density_zero_rect2x3,rect2x3_hole_3,4,exact,spin_density_only,0.47727272727272724,2.4427521777452936,1.3877787807814457e-17,1.1102230246251565e-16,0.7547038618534025,-1.2222342769863566,0.9006693549570293,0.9771008710981175,5.0,0.0,1.0000000000000002
haxs.stage5c2gR32.g1-quadrature.v1,limit_spin_density_zero_rect2x3,rect2x3_hole_3,4,exact,spin_density_only,0.509090909090909,2.435291667259707,1.3877787807814457e-17,-5.551115123125783e-17,0.7422199894264474,-1.2946735343549851,0.8803687287468902,0.9741166669038828,5.0,4.440892098500626e-16,1.0000000000000004
haxs.stage5c2gR32.g1-quadrature.v1,limit_spin_density_zero_rect2x3,rect2x3_hole_3,4,exact,spin_density_only,0.5409090909090909,2.42745541290446,-9.71445146547012e-17,-5.551115123125783e-17,0.7301442487112569,-1.3659133134442212,0.8604808063732241,0.970982165161784,5.0,2.220446049250313e-16,1.0000000000000002
haxs.stage5c2gR32.g1-quadrature.v1,limit_spin_density_zero_rect2x3,rect2x3_hole_3,4,exact,spin_density_only,0.5727272727272726,2.4192602647702195,-2.7755575615628914e-17,5.551115123125783e-17,0.7184675840211906,-1.4359282168188723,0.841012321884324,0.9677041059080878,5.0,0.0,1.0000000000000002
haxs.stage5c2gR32.g1-quadrature.v1,limit_spin_density_zero_rect2x3,rect2x3_hole_3,4,exact,spin_density_only,0.6045454545454545,2.4107232786481605,0.0,0.0,0.7071817920889031,-1.5046892969339185,0.8219696631851217,0.9642893114592642,5.0,0.0,1.0000000000000002
haxs.stage5c2gR32.g1-quadrature.v1,limit_spin_density_zero_rect2x3,rect2x3_hole_3,4,exact,spin_density_only,0.6363636363636362,2.401861602122275,0.0,0.0,0.696279484484121,-1.5721640089881208,0.8033587962770878,0.96074464084891,5.0,2.220446049250313e-16,0.9999999999999998
haxs.stage5c2gR32.g1-quadrature.v1,limit_spin_density_zero_rect2x3,rect2x3_hole_3,4,exact,spin_density_only,0.6681818181818181,2.3926923618425153,-2.7755575615628914e-17,1.1102230246251565e-16,0.6857540475227081,-1.6383162038170507,0.7851851940689069,0.9570769447370061,5.0,0.0,0.9999999999999999
haxs.stage5c2gR32.g1-quadrature.v1,limit_spin_density_zero_rect2x3,rect2x3_hole_3,4,exact,spin_density_only,0.7,2.3832325529389897,4.163336342344337e-17,5.551115123125783e-17,0.675599600136912,-1.7031061614422613,0.7674537706472937,0.9532930211755959,5.0,0.0,1.0
haxs.stage5c2gR32.g1-quadrature.v1,limit_spin_density_zero_rect2x3,rect2x3_hole_3,4,exact,spin_density_only,0.7318181818181817,2.3734989315127,0.0,-5.551115123125783e-17,0.6658109502051262,-1.766490665320769,0.7501688217980242,0.94939957260508,5.0,1.1102230246251565e-16,1.0
haxs.stage5c2gR32.g1-quadrature.v1,limit_spin_density_zero_rect2x3,rect2x3_hole_3,4,exact,spin_density_only,0.7636363636363636,2.3635079111050485,-8.326672684688674e-17,1.1102230246251565e-16,0.6563835498632411,-1.828423116730934,0.7333339724570689,0.9454031644420194,5.0,0.0,1.0
haxs.stage5c2gR32.g1-quadrature.v1,limit_spin_density_zero_rect2x3,rect2x3_hole_3,4,exact,spin_density_only,0.7954545454545454,2.3532754640068427,-8.326672684688674e-17,0.0,0.647313450337636,-1.8888536880977518,0.7169521316529434,0.941310185602737,5.0,0.0,1.0
haxs.stage5c2gR32.g1-quadrature.v1,limit_spin_density_zero_rect2x3,rect2x3_hole_3,4,exact,spin_density_only,0.8272727272727272,2.342817028218196,0.0,-5.551115123125783e-17,0.6385972568511843,-1.9477295134144152,0.7010254553765606,0.9371268112872784,5.0,2.220446049250313e-16,1.0000000000000002
haxs.stage5c2gR32.g1-quadrature.v1,limit_spin_density_zero_rect2x3,rect2x3_hole_3,4,exact,spin_density_only,0.859090909090909,2.3321474208140662,8.326672684688674e-17,-5.551115123125783e-17,0.6302320841575512,-2.004994913272107,0.6855553176866063,0.9328589683256265,5.0,1.1102230246251565e-16,1.0
haxs.stage5c2gR32.g1-quadrature.v1,limit_spin_density_zero_rect2x3,rect2x3_hole_3,4,exact,spin_density_only,0.8909090909090909,2.3212807584067683,2.7755575615628914e-17,-5.551115123125783e-17,0.6222155132549497,-2.0605916513822518,0.6705422902294126,0.9285123033627073,5.0,0.0,1.0
haxs.stage5c2gR32.g1-quadrature.v1,limit_spin_density_zero_rect2x3,rect2x3_hole_3,4,exact,spin_density_only,0.9227272727272726,2.310230385327208,8.326672684688674e-17,-1.1102230246251565e-16,0.6145455498181077,-2.1144592188815308,0.6559861302250599,0.9240921541308833,5.0,4.440892098500626e-16,1.0000000000000002
haxs.stage5c2gR32.g1-quadrature.v1,limit_spin_density_zero_rect2x3,rect2x3_hole_3,4,exact,spin_density_only,0.9545454545454545,2.299008810071629,2.7755575615628914e-17,-5.551115123125783e-17,0.6072205848663235,-2.1665351421678976,0.6418857768484731,0.9196035240286516,5.0,0.0,0.9999999999999999
haxs.stage5c2gR32.g1-quadrature.v1,limit_spin_density_zero_rect2x3,rect2x3_hole_3,4,exact,spin_density_only,0.9863636363636362,2.287627650480853,0.0,5.551115123125783e-17,0.6002393581564549,-2.216755309542311,0.6282393558178763,0.9150510601923412,5.0,0.0,1.0
haxs.stage5c2gR32.g1-quadrature.v1,limit_spin_density_zero_rect2x3,rect2x3_hole_3,4,exact,spin_density_only,1.018181818181818,2.2760975880353644,0.0,5.551115123125783e-17,0.5936009247528022,-2.2650543115435564,0.6150441918951303,0.9104390352141458,5.0,0.0,1.0
haxs.stage5c2gR32.g1-quadrature.v1,limit_spin_density_zero_rect2x3,rect2x3_hole_3,4,exact,spin_density_only,1.0499999999999998,2.2644283315627494,0.0,0.0,0.5873046251819402,-2.311365789576816,0.6022968289049536,0.9057713326250998,5.0,2.220446049250313e-16,0.9999999999999999
haxs.stage5c2gR32.g1-quadrature.v1,limit_spin_density_zero_rect2x3,rect2x3_hole_3,4,exact,spin_density_only,1.0818181818181818,2.2526285905648598,0.0,-5.551115123125783e-17,0.581350059530507,-2.3556227872637776,0.5899930567941583,0.9010514362259439,5.0,2.220446049250313e-16,1.0
haxs.stage5c2gR32.g1-quadrature.v1,limit_spin_density_zero_rect2x3,rect2x3_hole_3,4,exact,spin_density_only,1.1136363636363635,2.2407060582815452,8.326672684688674e-17,-5.551115123125783e-17,0.575737065788922,-2.3977580988929907,0.5781279451788618,0.8962824233126181,5.0,2.220446049250313e-16,1.0000000000000004
haxs.stage5c2gR32.g1-quadrature.v1,limit_spin_density_zero_rect2x3,rect2x3_hole_3,4,exact,spin_density_only,1.1454545454545453,2.228667404516661,2.7755575615628914e-17,1.1102230246251565e-16,0.5704657026852861,-2.43770460943006,0.5666958827677859,0.8914669618066643,5.0,2.220446049250313e-16,1.0
haxs.stage5c2gR32.g1-quadrature.v1,limit_spin_density_zero_rect2x3,rect2x3_hole_3,4,exact,spin_density_only,1.1772727272727272,2.216518278161206,2.7755575615628914e-17,-5.551115123125783e-17,0.5655362371927274,-2.475395620760498,0.5556906220034642,0.8866073112644823,5.0,0.0,1.0000000000000002
haxs.stage5c2gR32.g1-quadrature.v1,limit_spin_density_zero_rect2x3,rect2x3_hole_3,4,exact,spin_density_only,1.209090909090909,2.2042633192588337,0.0,-5.551115123125783e-17,0.5609491368316508,-2.510765159181438,0.5451053282304099,0.8817053277035335,5.0,0.0,0.9999999999999998
haxs.stage5c2gR32.g1-quadrature.v1,limit_spin_density_zero_rect2x3,rect2x3_hole_3,4,exact,spin_density_only,1.2409090909090907,2.1919061803713036,2.7755575615628914e-17,0.0,0.5567050668271648,-2.543748259625702,0.5349326326795418,0.8767624721485214,5.0,4.440892098500626e-16,1.0000000000000002
haxs.stage5c2gR32.g1-quadrature.v1,limit_spin_density_zero_rect2x3,rect2x3_hole_3,4,exact,spin_density_only,1.2727272727272725,2.179449556916664,0.0,5.551115123125783e-17,0.5528048921228504,-2.574281222681604,0.5251646885507786,0.8717798227666655,5.0,0.0,1.0
haxs.stage5c2gR32.g1-quadrature.v1,limit_spin_density_zero_rect2x3,rect2x3_hole_3,4,exact,spin_density_only,1.3045454545454545,2.1668952260718157,-5.551115123125783e-17,-5.551115123125783e-17,0.5492496841962097,-2.602301841150223,0.5157932294796659,0.8667580904287263,5.0,2.220446049250313e-16,0.9999999999999999
haxs.stage5c2gR32.g1-quadrature.v1,limit_spin_density_zero_rect2x3,rect2x3_hole_3,4,exact,spin_density_only,1.3363636363636362,2.1542440937543503,2.7755575615628914e-17,-1.1102230246251565e-16,0.5460407325697735,-2.6277495936400075,0.5068096296880648,0.8616976375017401,5.0,4.440892098500626e-16,1.0000000000000002
haxs.stage5c2gR32.g1-quadrature.v1,limit_spin_density_zero_rect2x3,rect2x3_hole_3,4,exact,spin_density_only,1.368181818181818,2.141496249126929,8.326672684688674e-17,-1.1102230246251565e-16,0.5431795608658594,-2.6505658035159287,0.49820496514196705,0.8565984996507716,5.0,2.220446049250313e-16,1.0000000000000004
haxs.stage5c2gR32.g1-quadrature.v1,limit_spin_density_zero_rect2x3,rect2x3_hole_3,4,exact,spin_density_only,1.4,2.1286510260016405,2.7755575615628914e-17,-5.551115123125783e-17,0.5406679472130437,-2.6706937623743503,0.48997007507003854,0.8514604104006562,5.0,0.0,1.0000000000000002
