schema_version,unit_id,node_id,case_id,occupancy_id,node_index,phase_code,weight
haxs.stage5c2gR32.g1-quadrature.v1,7afe9cbede155b77b97a989366e0313c,7da9ae2875e858348776dd58b9800578,limit_hopping_zero_chain6,chain6_hole_2,0,00000,0.0009765625
haxs.stage5c2gR32.g1-quadrature.v1,7afe9cbede155b77b97a989366e0313c,564d761cd4315fa5beb66d2fd63f016f,limit_hopping_zero_chain6,chain6_hole_2,1,00001,0.0009765625
haxs.stage5c2gR32.g1-quadrature.v1,7afe9cbede155b77b97a989366e0313c,0ce7daba330853f8a80b1b196cfd88fa,limit_hopping_zero_chain6,chain6_hole_2,2,00002,0.0009765625
haxs.stage5c2gR32.g1-quadrature.v1,7afe9cbede155b77b97a989366e0313c,73ee1133d1cc5769afb08bbba22650b1,limit_hopping_zero_chain6,chain6_hole_2,3,00003,0.0009765625
haxs.stage5c2gR32.g1-quadrature.v1,7afe9cbede155b77b97a989366e0313c,ff80e8fadab3517db04a91aa44cb4897,limit_hopping_zero_chain6,chain6_hole_2,4,00010,0.0009765625
haxs.stage5c2gR32.g1-quadrature.v1,7afe9cbede155b77b97a989366e0313c,3d06fb192bd05bb4a8270ab8c46da600,limit_hopping_zero_chain6,chain6_hole_2,5,00011,0.0009765625
haxs.stage5c2gR32.g1-quadrature.v1,7afe9cbede155b77b97a989366e0313c,f817fe9303cf526e82b4d14cfd59995e,limit_hopping_zero_chain6,chain6_hole_2,6,00012,0.0009765625
haxs.stage5c2gR32.g1-quadrature.v1,7afe9cbede155b77b97a989366e0313c,8984644a4040595bb7ac82a9b9e9cbdf,limit_hopping_zero_chain6,chain6_hole_2,7,00013,0.0009765625
haxs.stage5c2gR32.g1-quadrature.v1,7afe9cbede155b77b97a989366e0313c,51383c8726425d4f8c058503530f6bcc,limit_hopping_zero_chain6,chain6_hole_2,8,00020,0.0009765625
haxs.stage5c2gR32.g1-quadrature.v1,7afe9cbede155b77b97a989366e0313c,1d2657031ca5519cad7e0e68e22722c4,limit_hopping_zero_chain6,chain6_hole_2,9,00021,0.0009765625
haxs.stage5c2gR32.g1-quadrature.v1,7afe9cbede155b77b97a989366e0313c,da2a3aa423685588ac7854026bcba627,limit_hopping_zero_chain6,chain6_hole_2,10,00022,0.0009765625
haxs.stage5c2gR32.g1-quadrature.v1,7afe9cbede155b77b97a989366e0313c,7fb863db37ee5eba89d4bd4043422a56,limit_hopping_zero_chain6,chain6_hole_2,11,00023,0.0009765625
haxs.stage5c2gR32.g1-quadrature.v1,7afe9cbede155b77b97a989366e0313c,56ac1601266e55d0bd7fea70a285867d,limit_hopping_zero_chain6,chain6_hole_2,12,00030,0.0009765625
haxs.stage5c2gR32.g1-quadrature.v1,7afe9cbede155b77b97a989366e0313c,eaf7a078d98f52f98a1795734a62076c,limit_hopping_zero_chain6,chain6_hole_2,13,00031,0.0009765625
haxs.stage5c2gR32.g1-quadrature.v1,7afe9cbede155b77b97a989366e0313c,ceff268608f25e219c31fc45c29ccfdb,limit_hopping_zero_chain6,chain6_hole_2,14,00032,0.0009765625
haxs.stage5c2gR32.g1-quadrature.v1,7afe9cbede155b77b97a989366e0313c,f898692da6d9590d88907ab4a044b226,limit_hopping_zero_chain6,chain6_hole_2,15,00033,0.0009765625
haxs.stage5c2gR32.g1-quadrature.v1,7afe9cbede155b77b97a989366e0313c,cbeb34057a9e5ccea6cd43afc03712d7,limit_hopping_zero_chain6,chain6_hole_2,16,00100,0.0009765625
haxs.stage5c2gR32.g1-quadrature.v1,7afe9cbede155b77b97a989366e0313c,133a566770ab5469893faf494f364808,limit_hopping_zero_chain6,chain6_hole_2,17,00101,0.0009765625
haxs.stage5c2gR32.g1-quadrature.v1,7afe9cbede155b77b97a989366e0313c,a479b8b36d545ef797ac4c80d70ce84b,limit_hopping_zero_chain6,chain6_hole_2,18,00102,0.0009765625
haxs.stage5c2gR32.g1-quadrature.v1,7afe9cbede155b77b97a989366e0313c,2a36c7bcff845328b3af684f7afb8a32,limit_hopping_zero_chain6,chain6_hole_2,19,00103,0.0009765625
haxs.stage5c2gR32.g1-quadrature.v1,7afe9cbede155b77b97a989366e0313c,69cc85ca24375529a2b984112a5e7dc2,limit_hopping_zero_chain6,chain6_hole_2,20,00110,0.0009765625
haxs.stage5c2gR32.g1-quadrature.v1,7afe9cbede155b77b97a989366e0313c,db9e5cd2569c5b24bccddda0cbe6521a,limit_hopping_zero_chain6,chain6_hole_2,21,00111,0.0009765625
haxs.stage5c2gR32.g1-quadrature.v1,7afe9cbede155b77b97a989366e0313c,413cb6b13719516899de5b1c4b4a5ff7,limit_hopping_zero_chain6,chain6_hole_2,22,00112,0.0009765625
haxs.stage5c2gR32.g1-quadrature.v1,7afe9cbede155b77b97a989366e0313c,c87106d90622571aacebb75b58e6048d,limit_hopping_zero_chain6,chain6_hole_2,23,00113,0.0009765625
haxs.stage5c2gR32.g1-quadrature.v1,7afe9cbede155b77b97a989366e0313c,b5b8780a1e395137a3b3de7a2d3bdc40,limit_hopping_zero_chain6,chain6_hole_2,24,00120,0.0009765625
haxs.stage5c2gR32.g1-quadrature.v1,7afe9cbede155b77b97a989366e0313c,21ce95ba4a2957e9b6529078ebf370d6,limit_hopping_zero_chain6,chain6_hole_2,25,00121,0.0009765625
haxs.stage5c2gR32.g1-quadrature.v1,7afe9cbede155b77b97a989366e0313c,591f8c4cc5a255d88b62915b4cbe5397,limit_hopping_zero_chain6,chain6_hole_2,26,00122,0.0009765625
haxs.stage5c2gR32.g1-quadrature.v1,7afe9cbede155b77b97a989366e0313c,fd66d04fb2675e9fa99250deace7dad1,limit_hopping_zero_chain6,chain6_hole_2,27,00123,0.0009765625
haxs.stage5c2gR32.g1-quadrature.v1,7afe9cbede155b77b97a989366e0313c,031caf1700d75092905240e05859c85c,limit_hopping_zero_chain6,chain6_hole_2,28,00130,0.0009765625
haxs.stage5c2gR32.g1-quadrature.v1,7afe9cbede155b77b97a989366e0313c,576660ca1cf656ccab505a7c4e071317,limit_hopping_zero_chain6,chain6_hole_2,29,00131,0.0009765625
haxs.stage5c2gR32.g1-quadrature.v1,7afe9cbede155b77b97a989366e0313c,eea09ebb877152e191c24cf763013e12,limit_hopping_zero_chain6,chain6_hole_2,30,00132,0.0009765625
haxs.stage5c2gR32.g1-quadrature.v1,7afe9cbede155b77b97a989366e0313c,e4ea01458faf51ecaf40baacb17eefab,limit_hopping_zero_chain6,chain6_hole_2,31,00133,0.0009765625
haxs.stage5c2gR32.g1-quadrature.v1,7afe9cbede155b77b97a989366e0313c,7a781654cdfc52b3859d42a4552e5d33,limit_hopping_zero_chain6,chain6_hole_2,32,00200,0.0009765625
haxs.stage5c2gR32.g1-quadrature.v1,7afe9cbede155b77b97a989366e0313c,fc1edfa341db582ebdddca1b307a0e84,limit_hopping_zero_chain6,chain6_hole_2,33,00201,0.0009765625
haxs.stage5c2gR32.g1-quadrature.v1,7afe9cbede155b77b97a989366e0313c,e24e128adda7554c8970ce51b3c33c78,limit_hopping_zero_chain6,chain6_hole_2,34,00202,0.0009765625
haxs.stage5c2gR32.g1-quadrature.v1,7afe9cbede155b77b97a989366e0313c,e2470cccb83856638be27e3e31eaf77e,limit_hopping_zero_chain6,chain6_hole_2,35,00203,0.0009765625
haxs.stage5c2gR32.g1-quadrature.v1,7afe9cbede155b77b97a989366e0313c,c165ebf657b45968b11aab0f92289d6c,limit_hopping_zero_chain6,chain6_hole_2,36,00210,0.0009765625
haxs.stage5c2gR32.g1-quadrature.v1,7afe9cbede155b77b97a989366e0313c,ce4eb8377a605ee2a39fdee23a23ce1c,limit_hopping_zero_chain6,chain6_hole_2,37,00211,0.0009765625
haxs.stage5c2gR32.g1-quadrature.v1,7afe9cbede155b77b97a989366e0313c,5272e3a66a225b3993041fa97e42b5c4,limit_hopping_zero_chain6,chain6_hole_2,38,00212,0.0009765625
haxs.stage5c2gR32.g1-quadrature.v1,7afe9cbede155b77b97a989366e0313c,e5ad059d18555f019249a7405f849064,limit_hopping_zero_chain6,chain6_hole_2,39,00213,0.0009765625
haxs.stage5c2gR32.g1-quadrature.v1,7afe9cbede155b77b97a989366e0313c,16dabcefee105601b0988b095f9e7dd9,limit_hopping_zero_chain6,chain6_hole_2,40,00220,0.0009765625
haxs.stage5c2gR32.g1-quadrature.v1,7afe9cbede155b77b97a989366e0313c,2901a75ee1685e5aafadabe0ab7f329d,limit_hopping_zero_chain6,chain6_hole_2,41,00221,0.0009765625
haxs.stage5c2gR32.g1-quadrature.v1,7afe9cbede155b77b97a989366e0313c,f823d08be10557d48e9f83625befd1a6,limit_hopping_zero_chain6,chain6_hole_2,42,00222,0.0009765625
haxs.stage5c2gR32.g1-quadrature.v1,7afe9cbede155b77b97a989366e0313c,38ee7615ce7050579dbac0a42e2620aa,limit_hopping_zero_chain6,chain6_hole_2,43,00223,0.0009765625
haxs.stage5c2gR32.g1-quadrature.v1,7afe9cbede155b77b97a989366e0313c,5f6e1e19ec7f59c2b0d4e2c162e31f3a,limit_hopping_zero_chain6,chain6_hole_2,44,00230,0.0009765625
haxs.stage5c2gR32.g1-quadrature.v1,7afe9cbede155b77b97a989366e0313c,02b0f79faaee5c6083652b3c704b20f7,limit_hopping_zero_chain6,chain6_hole_2,45,00231,0.0009765625
haxs.stage5c2gR32.g1-quadrature.v1,7afe9cbede155b77b97a989366e0313c,ac1cb65364e850f69937909ea5c4a6d7,limit_hopping_zero_chain6,chain6_hole_2,46,00232,0.0009765625
haxs.stage5c2gR32.g1-quadrature.v1,7afe9cbede155b77b97a989366e0313c,a51de32f76a151378fbbe0ded08151e4,limit_hopping_zero_chain6,chain6_hole_2,47,00233,0.0009765625
haxs.stage5c2gR32.g1-quadrature.v1,7afe9cbede155b77b97a989366e0313c,77a2b98a8f88546abd45ca3f659031b6,limit_hopping_zero_chain6,chain6_hole_2,48,00300,0.0009765625
haxs.stage5c2gR32.g1-quadrature.v1,7afe9cbede155b77b97a989366e0313c,2c8a08389bff5daeae9a9d200d2ebafb,limit_hopping_zero_chain6,chain6_hole_2,49,00301,0.0009765625
haxs.stage5c2gR32.g1-quadrature.v1,7afe9cbede155b77b97a989366e0313c,da68caa240405e7f84c7fce62dd6e4de,limit_hopping_zero_chain6,chain6_hole_2,50,00302,0.0009765625
haxs.stage5c2gR32.g1-quadrature.v1,7afe9cbede155b77b97a989366e0313c,ce5cd15a0a9a542280cf5852a7f854dc,limit_hopping_zero_chain6,chain6_hole_2,51,00303,0.0009765625
haxs.stage5c2gR32.g1-quadrature.v1,7afe9cbede155b77b97a989366e0313c,86899fc659bf56718880cb055204f917,limit_hopping_zero_chain6,chain6_hole_2,52,00310,0.0009765625
haxs.stage5c2gR32.g1-quadrature.v1,7afe9cbede155b77b97a989366e0313c,3abf3fdbbea6509891a33b0c4ff9ef4c,limit_hopping_zero_chain6,chain6_hole_2,53,00311,0.0009765625
haxs.stage5c2gR32.g1-quadrature.v1,7afe9cbede155b77b97a989366e0313c,377e25dbfaa9578c8e45d4146db05707,limit_hopping_zero_chain6,chain6_hole_2,54,00312,0.0009765625
haxs.stage5c2gR32.g1-quadrature.v1,7afe9cbede155b77b97a989366e0313c,f52e1f33209a58cf8cd31f542698bf9b,limit_hopping_zero_chain6,chain6_hole_2,55,00313,0.0009765625
haxs.stage5c2gR32.g1-quadrature.v1,7afe9cbede155b77b97a989366e0313c,272433e516e05bcabed9ef9a49d4ef52,limit_hopping_zero_chain6,chain6_hole_2,56,00320,0.0009765625
haxs.stage5c2gR32.g1-quadrature.v1,7afe9cbede155b77b97a989366e0313c,e1d060d53da151a384203efa134d91be,limit_hopping_zero_chain6,chain6_hole_2,57,00321,0.0009765625
haxs.stage5c2gR32.g1-quadrature.v1,7afe9cbede155b77b97a989366e0313c,2e01737bed76536c9e77093508f4ecc4,limit_hopping_zero_chain6,chain6_hole_2,58,00322,0.0009765625
haxs.stage5c2gR32.g1-quadrature.v1,7afe9cbede155b77b97a989366e0313c,67f3716adcdf51f5ba3a3700cfb1c4ad,limit_hopping_zero_chain6,chain6_hole_2,59,00323,0.0009765625
haxs.stage5c2gR32.g1-quadrature.v1,7afe9cbede155b77b97a989366e0313c,41c5073647a0572b889cfe90d52f7d51,limit_hopping_zero_chain6,chain6_hole_2,60,00330,0.0009765625
haxs.stage5c2gR32.g1-quadrature.v1,7afe9cbede155b77b97a989366e0313c,8a187717f0395db9882330b812319892,limit_hopping_zero_chain6,chain6_hole_2,61,00331,0.0009765625
haxs.stage5c2gR32.g1-quadrature.v1,7afe9cbede155b77b97a989366e0313c,af8ec0d3aae75c3aa85c5872eb112712,limit_hopping_zero_chain6,chain6_hole_2,62,00332,0.0009765625
haxs.stage5c2gR32.g1-quadrature.v1,7afe9cbede155b77b97a989366e0313c,9d05f458e4b45b1db8088b0908b33272,limit_hopping_zero_chain6,chain6_hole_2,63,00333,0.0009765625
haxs.stage5c2gR32.g1-quadrature.v1,7afe9cbede155b77b97a989366e0313c,e6a192182518500698692dd9972d12e4,limit_hopping_zero_chain6,chain6_hole_2,64,01000,0.0009765625
haxs.stage5c2gR32.g1-quadrature.v1,7afe9cbede155b77b97a989366e0313c,25d0adf50959578691c88dbd9a5d8e4a,limit_hopping_zero_chain6,chain6_hole_2,65,01001,0.0009765625
haxs.stage5c2gR32.g1-quadrature.v1,7afe9cbede155b77b97a989366e0313c,0dd2095360435ee696eb3fd6b826d712,limit_hopping_zero_chain6,chain6_hole_2,66,01002,0.0009765625
haxs.stage5c2gR32.g1-quadrature.v1,7afe9cbede155b77b97a989366e0313c,8c7365fd9d3b532d890eb34a80b64d76,limit_hopping_zero_chain6,chain6_hole_2,67,01003,0.0009765625
haxs.stage5c2gR32.g1-quadrature.v1,7afe9cbede155b77b97a989366e0313c,f228c2453ac25ea4b8e4db0262e16c18,limit_hopping_zero_chain6,chain6_hole_2,68,01010,0.0009765625
haxs.stage5c2gR32.g1-quadrature.v1,7afe9cbede155b77b97a989366e0313c,149ffd15deb7519e8af48ceb5448b68d,limit_hopping_zero_chain6,chain6_hole_2,69,01011,0.0009765625
haxs.stage5c2gR32.g1-quadrature.v1,7afe9cbede155b77b97a989366e0313c,31b3f9745e5a5b56a8553e1f7f5963d3,limit_hopping_zero_chain6,chain6_hole_2,70,01012,0.0009765625
haxs.stage5c2gR32.g1-quadrature.v1,7afe9cbede155b77b97a989366e0313c,ef1036749b1250478b071b2f4111896d,limit_hopping_zero_chain6,chain6_hole_2,71,01013,0.0009765625
haxs.stage5c2gR32.g1-quadrature.v1,7afe9cbede155b77b97a989366e0313c,41110012d813527eaa6ddb77eb0bf5d7,limit_hopping_zero_chain6,chain6_hole_2,72,01020,0.0009765625
haxs.stage5c2gR32.g1-quadrature.v1,7afe9cbede155b77b97a989366e0313c,a6e641e73eeb53fe9f5083fb229e8daf,limit_hopping_zero_chain6,chain6_hole_2,73,01021,0.0009765625
haxs.stage5c2gR32.g1-quadrature.v1,7afe9cbede155b77b97a989366e0313c,39e22b8bc9155640a9f164fb5ab5486b,limit_hopping_zero_chain6,chain6_hole_2,74,01022,0.0009765625
haxs.stage5c2gR32.g1-quadrature.v1,7afe9cbede155b77b97a989366e0313c,abaf7d3976385eb1a6bd644b5954a023,limit_hopping_zero_chain6,chain6_hole_2,75,01023,0.0009765625
haxs.stage5c2gR32.g1-quadrature.v1,7afe9cbede155b77b97a989366e0313c,cab0237b6d2b5c168e299bd0c2892f86,limit_hopping_zero_chain6,chain6_hole_2,76,01030,0.0009765625
haxs.stage5c2gR32.g1-quadrature.v1,7afe9cbede155b77b97a989366e0313c,19c2bc769c6b558c8dea5326eecc61ba,limit_hopping_zero_chain6,chain6_hole_2,77,01031,0.0009765625
haxs.stage5c2gR32.g1-quadrature.v1,7afe9cbede155b77b97a989366e0313c,10d309557fd85c72b3087b3a8562d933,limit_hopping_zero_chain6,chain6_hole_2,78,01032,0.0009765625
haxs.stage5c2gR32.g1-quadrature.v1,7afe9cbede155b77b97a989366e0313c,24928b0c51635440af3e1b7442d89dcf,limit_hopping_zero_chain6,chain6_hole_2,79,01033,0.0009765625
haxs.stage5c2gR32.g1-quadrature.v1,7afe9cbede155b77b97a989366e0313c,e78f321e89a35011ac26da56eaddceaf,limit_hopping_zero_chain6,chain6_hole_2,80,01100,0.0009765625
haxs.stage5c2gR32.g1-quadrature.v1,7afe9cbede155b77b97a989366e0313c,83e3633d2a9553d398e310037ed92e6e,limit_hopping_zero_chain6,chain6_hole_2,81,01101,0.0009765625
haxs.stage5c2gR32.g1-quadrature.v1,7afe9cbede155b77b97a989366e0313c,b175631a26fe53a18b699eea53f9a437,limit_hopping_zero_chain6,chain6_hole_2,82,01102,0.0009765625
haxs.stage5c2gR32.g1-quadrature.v1,7afe9cbede155b77b97a989366e0313c,f4c3ce8aeb6e570caa2f685437c68162,limit_hopping_zero_chain6,chain6_hole_2,83,01103,0.0009765625
haxs.stage5c2gR32.g1-quadrature.v1,7afe9cbede155b77b97a989366e0313c,d29e5f2392aa52108c4497792fb02dd8,limit_hopping_zero_chain6,chain6_hole_2,84,01110,0.0009765625
haxs.stage5c2gR32.g1-quadrature.v1,7afe9cbede155b77b97a989366e0313c,b530fda36b2c576c8561f6413d736435,limit_hopping_zero_chain6,chain6_hole_2,85,01111,0.0009765625
haxs.stage5c2gR32.g1-quadrature.v1,7afe9cbede155b77b97a989366e0313c,4e51a98003ce5b8f9975b5a18dda2ba5,limit_hopping_zero_chain6,chain6_hole_2,86,01112,0.0009765625
haxs.stage5c2gR32.g1-quadrature.v1,7afe9cbede155b77b97a989366e0313c,642d1aefa66058e3814fd0594d388f67,limit_hopping_zero_chain6,chain6_hole_2,87,01113,0.0009765625
haxs.stage5c2gR32.g1-quadrature.v1,7afe9cbede155b77b97a989366e0313c,bcddd76dc1db551a84cb4225146a5e16,limit_hopping_zero_chain6,chain6_hole_2,88,01120,0.0009765625
haxs.stage5c2gR32.g1-quadrature.v1,7afe9cbede155b77b97a989366e0313c,3c7a000a39a95cdeacfac7c0f1dc0a77,limit_hopping_zero_chain6,chain6_hole_2,89,01121,0.0009765625
haxs.stage5c2gR32.g1-quadrature.v1,7afe9cbede155b77b97a989366e0313c,2c8fcbe010fb50f1a94e9291c07e79c3,limit_hopping_zero_chain6,chain6_hole_2,90,01122,0.0009765625
haxs.stage5c2gR32.g1-quadrature.v1,7afe9cbede155b77b97a989366e0313c,004d247b89c951ba8b1132b203dfba4d,limit_hopping_zero_chain6,chain6_hole_2,91,01123,0.0009765625
haxs.stage5c2gR32.g1-quadrature.v1,7afe9cbede155b77b97a989366e0313c,64bed9c93bb65a2eb9ae86d50f86e862,limit_hopping_zero_chain6,chain6_hole_2,92,01130,0.0009765625
haxs.stage5c2gR32.g1-quadrature.v1,7afe9cbede155b77b97a989366e0313c,a2c816aec3e35db898358ec8158c6b42,limit_hopping_zero_chain6,chain6_hole_2,93,01131,0.0009765625
haxs.stage5c2gR32.g1-quadrature.v1,7afe9cbede155b77b97a989366e0313c,e09c7863ce1359278fa73d56e999f96e,limit_hopping_zero_chain6,chain6_hole_2,94,01132,0.0009765625
haxs.stage5c2gR32.g1-quadrature.v1,7afe9cbede155b77b97a989366e0313c,9120e0d886d155feaa28adcecc6f0cab,limit_hopping_zero_chain6,chain6_hole_2,95,01133,0.0009765625
haxs.stage5c2gR32.g1-quadrature.v1,7afe9cbede155b77b97a989366e0313c,de879e4fdfbe5275a95d440bd12bd6d7,limit_hopping_zero_chain6,chain6_hole_2,96,01200,0.0009765625
haxs.stage5c2gR32.g1-quadrature.v1,7afe9cbede155b77b97a989366e0313c,a38b5e4944bb52ae89f201d32c47fa78,limit_hopping_zero_chain6,chain6_hole_2,97,01201,0.0009765625
haxs.stage5c2gR32.g1-quadrature.v1,7afe9cbede155b77b97a989366e0313c,aa74d0fc9d5253e18f0353aef3bb7729,limit_hopping_zero_chain6,chain6_hole_2,98,01202,0.0009765625
haxs.stage5c2gR32.g1-quadrature.v1,7afe9cbede155b77b97a989366e0313c,9ec821ef05b657f2a4988e601caaff5d,limit_hopping_zero_chain6,chain6_hole_2,99,01203,0.0009765625
haxs.stage5c2gR32.g1-quadrature.v1,7afe9cbede155b77b97a989366e0313c,2975105299b7592391bdc80da0fe9670,limit_hopping_zero_chain6,chain6_hole_2,100,01210,0.0009765625
haxs.stage5c2gR32.g1-quadrature.v1,7afe9cbede155b77b97a989366e0313c,c20af22cf22e5e4aae838f704c090b4b,limit_hopping_zero_chain6,chain6_hole_2,101,01211,0.0009765625
haxs.stage5c2gR32.g1-quadrature.v1,7afe9cbede155b77b97a989366e0313c,6a5f4f40b76256558185b92d5cd612a5,limit_hopping_zero_chain6,chain6_hole_2,102,01212,0.0009765625
haxs.stage5c2gR32.g1-quadrature.v1,7afe9cbede155b77b97a989366e0313c,7df0d875490d5bbe90f807d22cd41319,limit_hopping_zero_chain6,chain6_hole_2,103,01213,0.0009765625
haxs.stage5c2gR32.g1-quadrature.v1,7afe9cbede155b77b97a989366e0313c,d013e430d92153b088fb8c0a09541f7d,limit_hopping_zero_chain6,chain6_hole_2,104,01220,0.0009765625
haxs.stage5c2gR32.g1-quadrature.v1,7afe9cbede155b77b97a989366e0313c,ad006146698c50d4867a3f7f0755d574,limit_hopping_zero_chain6,chain6_hole_2,105,01221,0.0009765625
haxs.stage5c2gR32.g1-quadrature.v1,7afe9cbede155b77b97a989366e0313c,b626cf817fff576ba1b5b101c057f748,limit_hopping_zero_chain6,chain6_hole_2,106,01222,0.0009765625
haxs.stage5c2gR32.g1-quadrature.v1,7afe9cbede155b77b97a989366e0313c,a97570680fa754908c9e8e389e94e045,limit_hopping_zero_chain6,chain6_hole_2,107,01223,0.0009765625
haxs.stage5c2gR32.g1-quadrature.v1,7afe9cbede155b77b97a989366e0313c,8eab2f5be0be5009b1793ec618e1882e,limit_hopping_zero_chain6,chain6_hole_2,108,01230,0.0009765625
haxs.stage5c2gR32.g1-quadrature.v1,7afe9cbede155b77b97a989366e0313c,307b5c3135d1510d95918c22ce5e9528,limit_hopping_zero_chain6,chain6_hole_2,109,01231,0.0009765625
haxs.stage5c2gR32.g1-quadrature.v1,7afe9cbede155b77b97a989366e0313c,9b6691cae991564faf0c3d8b699bab45,limit_hopping_zero_chain6,chain6_hole_2,110,01232,0.0009765625
haxs.stage5c2gR32.g1-quadrature.v1,7afe9cbede155b77b97a989366e0313c,e981f5f40bac56f4a6946b00c7be896b,limit_hopping_zero_chain6,chain6_hole_2,111,01233,0.0009765625
haxs.stage5c2gR32.g1-quadrature.v1,7afe9cbede155b77b97a989366e0313c,0d6eae3b612e593eabb50760419203ff,limit_hopping_zero_chain6,chain6_hole_2,112,01300,0.0009765625
haxs.stage5c2gR32.g1-quadrature.v1,7afe9cbede155b77b97a989366e0313c,9408fca6c29e56ab8bdfc805499c26c5,limit_hopping_zero_chain6,chain6_hole_2,113,01301,0.0009765625
haxs.stage5c2gR32.g1-quadrature.v1,7afe9cbede155b77b97a989366e0313c,9f3882164856520ca9ece04a54834380,limit_hopping_zero_chain6,chain6_hole_2,114,01302,0.0009765625
haxs.stage5c2gR32.g1-quadrature.v1,7afe9cbede155b77b97a989366e0313c,cc85a4b32d49540ab0e91800fe243a0d,limit_hopping_zero_chain6,chain6_hole_2,115,01303,0.0009765625
haxs.stage5c2gR32.g1-quadrature.v1,7afe9cbede155b77b97a989366e0313c,556d078eceba519ba1113030f63043ff,limit_hopping_zero_chain6,chain6_hole_2,116,01310,0.0009765625
haxs.stage5c2gR32.g1-quadrature.v1,7afe9cbede155b77b97a989366e0313c,8eaf78e4d3c4518caa3f5cf51920c3a5,limit_hopping_zero_chain6,chain6_hole_2,117,01311,0.0009765625
haxs.stage5c2gR32.g1-quadrature.v1,7afe9cbede155b77b97a989366e0313c,4294099f284f54a98879bb64ca392417,limit_hopping_zero_chain6,chain6_hole_2,118,01312,0.0009765625
haxs.stage5c2gR32.g1-quadrature.v1,7afe9cbede155b77b97a989366e0313c,b41c6853d3115cbdab7061ce9f9ef908,limit_hopping_zero_chain6,chain6_hole_2,119,01313,0.0009765625
haxs.stage5c2gR32.g1-quadrature.v1,7afe9cbede155b77b97a989366e0313c,fd70bfa0ef8a545db2f8486c3b2abdbb,limit_hopping_zero_chain6,chain6_hole_2,120,01320,0.0009765625
haxs.stage5c2gR32.g1-quadrature.v1,7afe9cbede155b77b97a989366e0313c,7e3004507c8f5c198fddd6f050d3b12d,limit_hopping_zero_chain6,chain6_hole_2,121,01321,0.0009765625
haxs.stage5c2gR32.g1-quadrature.v1,7afe9cbede155b77b97a989366e0313c,48f4b0542c315f6f87d7b69f860f98b7,limit_hopping_zero_chain6,chain6_hole_2,122,01322,0.0009765625
haxs.stage5c2gR32.g1-quadrature.v1,7afe9cbede155b77b97a989366e0313c,3a814cde0dc351209d95430c7016e5a0,limit_hopping_zero_chain6,chain6_hole_2,123,01323,0.0009765625
haxs.stage5c2gR32.g1-quadrature.v1,7afe9cbede155b77b97a989366e0313c,088f66fe7a8554a09287eed87eb0d364,limit_hopping_zero_chain6,chain6_hole_2,124,01330,0.0009765625
haxs.stage5c2gR32.g1-quadrature.v1,7afe9cbede155b77b97a989366e0313c,2fccab78532c52a0acc04a9924488098,limit_hopping_zero_chain6,chain6_hole_2,125,01331,0.0009765625
haxs.stage5c2gR32.g1-quadrature.v1,7afe9cbede155b77b97a989366e0313c,dfbb5ecc3bad5179bf0bead6a28a409c,limit_hopping_zero_chain6,chain6_hole_2,126,01332,0.0009765625
haxs.stage5c2gR32.g1-quadrature.v1,7afe9cbede155b77b97a989366e0313c,b87e6b6db822531cb34806498d867fe1,limit_hopping_zero_chain6,chain6_hole_2,127,01333,0.0009765625
haxs.stage5c2gR32.g1-quadrature.v1,7afe9cbede155b77b97a989366e0313c,c4b0d9cb4d9c5566b73adf22ad8b41f8,limit_hopping_zero_chain6,chain6_hole_2,128,02000,0.0009765625
haxs.stage5c2gR32.g1-quadrature.v1,7afe9cbede155b77b97a989366e0313c,c9eb9ad2a00f5c38992c37a728ab5d9a,limit_hopping_zero_chain6,chain6_hole_2,129,02001,0.0009765625
haxs.stage5c2gR32.g1-quadrature.v1,7afe9cbede155b77b97a989366e0313c,86a515d72948569f90226b122c10d634,limit_hopping_zero_chain6,chain6_hole_2,130,02002,0.0009765625
haxs.stage5c2gR32.g1-quadrature.v1,7afe9cbede155b77b97a989366e0313c,07b044f4d621574fbc496bdb7f2c9ed0,limit_hopping_zero_chain6,chain6_hole_2,131,02003,0.0009765625
haxs.stage5c2gR32.g1-quadrature.v1,7afe9cbede155b77b97a989366e0313c,c40121c699475692a62dd398415a0480,limit_hopping_zero_chain6,chain6_hole_2,132,02010,0.0009765625
haxs.stage5c2gR32.g1-quadrature.v1,7afe9cbede155b77b97a989366e0313c,e9288e5d92f95235a2310bde786ebd5a,limit_hopping_zero_chain6,chain6_hole_2,133,02011,0.0009765625
haxs.stage5c2gR32.g1-quadrature.v1,7afe9cbede155b77b97a989366e0313c,0f9fd1fab0b15b49a71eb6125ea4c257,limit_hopping_zero_chain6,chain6_hole_2,134,02012,0.0009765625
haxs.stage5c2gR32.g1-quadrature.v1,7afe9cbede155b77b97a989366e0313c,85086f9325a05184b761c8e4be176723,limit_hopping_zero_chain6,chain6_hole_2,135,02013,0.0009765625
haxs.stage5c2gR32.g1-quadrature.v1,7afe9cbede155b77b97a989366e0313c,c45ab9609183573397cc9d4866df986d,limit_hopping_zero_chain6,chain6_hole_2,136,02020,0.0009765625
haxs.stage5c2gR32.g1-quadrature.v1,7afe9cbede155b77b97a989366e0313c,9d2ecf834f955f159ab89d73454103d0,limit_hopping_zero_chain6,chain6_hole_2,137,02021,0.0009765625
haxs.stage5c2gR32.g1-quadrature.v1,7afe9cbede155b77b97a989366e0313c,1e7e72cd6b9c5b20911c0930d7b4fe7c,limit_hopping_zero_chain6,chain6_hole_2,138,02022,0.0009765625
haxs.stage5c2gR32.g1-quadrature.v1,7afe9cbede155b77b97a989366e0313c,6e55da5f0dba5e3aa70b51eac29364d5,limit_hopping_zero_chain6,chain6_hole_2,139,02023,0.0009765625
haxs.stage5c2gR32.g1-quadrature.v1,7afe9cbede155b77b97a989366e0313c,8b1f30e692705d4085ca3f0d3756627d,limit_hopping_zero_chain6,chain6_hole_2,140,02030,0.0009765625
haxs.stage5c2gR32.g1-quadrature.v1,7afe9cbede155b77b97a989366e0313c,dd6b06d473ff54519af28ec4090a16bb,limit_hopping_zero_chain6,chain6_hole_2,141,02031,0.0009765625
haxs.stage5c2gR32.g1-quadrature.v1,7afe9cbede155b77b97a989366e0313c,08fa1bca5b5652c78a24e3e92930ee36,limit_hopping_zero_chain6,chain6_hole_2,142,02032,0.0009765625
haxs.stage5c2gR32.g1-quadrature.v1,7afe9cbede155b77b97a989366e0313c,1e6333e106365a75b4484fa7b4315c06,limit_hopping_zero_chain6,chain6_hole_2,143,02033,0.0009765625
haxs.stage5c2gR32.g1-quadrature.v1,7afe9cbede155b77b97a989366e0313c,46eef05096355ee998db33573d241fc1,limit_hopping_zero_chain6,chain6_hole_2,144,02100,0.0009765625
haxs.stage5c2gR32.g1-quadrature.v1,7afe9cbede155b77b97a989366e0313c,b91e3502cd495b8fb50826b925f431cc,limit_hopping_zero_chain6,chain6_hole_2,145,02101,0.0009765625
haxs.stage5c2gR32.g1-quadrature.v1,7afe9cbede155b77b97a989366e0313c,a53c94da8007563a858ef9108353e708,limit_hopping_zero_chain6,chain6_hole_2,146,02102,0.0009765625
haxs.stage5c2gR32.g1-quadrature.v1,7afe9cbede155b77b97a989366e0313c,1f6dfc79009e526e9b050f63b4e8d8d0,limit_hopping_zero_chain6,chain6_hole_2,147,02103,0.0009765625
haxs.stage5c2gR32.g1-quadrature.v1,7afe9cbede155b77b97a989366e0313c,6e0268f5830b5c8fa8854ec03fc9095c,limit_hopping_zero_chain6,chain6_hole_2,148,02110,0.0009765625
haxs.stage5c2gR32.g1-quadrature.v1,7afe9cbede155b77b97a989366e0313c,2ba34810b6e35cefa7f17ef1dafa6b4a,limit_hopping_zero_chain6,chain6_hole_2,149,02111,0.0009765625
haxs.stage5c2gR32.g1-quadrature.v1,7afe9cbede155b77b97a989366e0313c,024514afa5bd54e487ca9c986bf15441,limit_hopping_zero_chain6,chain6_hole_2,150,02112,0.0009765625
haxs.stage5c2gR32.g1-quadrature.v1,7afe9cbede155b77b97a989366e0313c,f4c13ad3bd2a5246b2450a9f78cd002b,limit_hopping_zero_chain6,chain6_hole_2,151,02113,0.0009765625
haxs.stage5c2gR32.g1-quadrature.v1,7afe9cbede155b77b97a989366e0313c,2b5c5fd011c75bf1a2515748096cb22f,limit_hopping_zero_chain6,chain6_hole_2,152,02120,0.0009765625
haxs.stage5c2gR32.g1-quadrature.v1,7afe9cbede155b77b97a989366e0313c,6b7781c15ae95862a6ab9db19c3b88d1,limit_hopping_zero_chain6,chain6_hole_2,153,02121,0.0009765625
haxs.stage5c2gR32.g1-quadrature.v1,7afe9cbede155b77b97a989366e0313c,a6a1da44050155d8881658df1e678812,limit_hopping_zero_chain6,chain6_hole_2,154,02122,0.0009765625
haxs.stage5c2gR32.g1-quadrature.v1,7afe9cbede155b77b97a989366e0313c,b2d463ae99695c91a370b35a1ddb0e0a,limit_hopping_zero_chain6,chain6_hole_2,155,02123,0.0009765625
haxs.stage5c2gR32.g1-quadrature.v1,7afe9cbede155b77b97a989366e0313c,043b0fd713795361bd50dee821621117,limit_hopping_zero_chain6,chain6_hole_2,156,02130,0.0009765625
haxs.stage5c2gR32.g1-quadrature.v1,7afe9cbede155b77b97a989366e0313c,b4011749c49c5f1f88874941e345f94d,limit_hopping_zero_chain6,chain6_hole_2,157,02131,0.0009765625
haxs.stage5c2gR32.g1-quadrature.v1,7afe9cbede155b77b97a989366e0313c,e0a8e83a4fab5e6c8e983fdce0ff6fc1,limit_hopping_zero_chain6,chain6_hole_2,158,02132,0.0009765625
haxs.stage5c2gR32.g1-quadrature.v1,7afe9cbede155b77b97a989366e0313c,50cc55de3e0753689fb7a8bd7754854e,limit_hopping_zero_chain6,chain6_hole_2,159,02133,0.0009765625
haxs.stage5c2gR32.g1-quadrature.v1,7afe9cbede155b77b97a989366e0313c,ec7d7b93559b50f8baf86e36a621e59b,limit_hopping_zero_chain6,chain6_hole_2,160,02200,0.0009765625
haxs.stage5c2gR32.g1-quadrature.v1,7afe9cbede155b77b97a989366e0313c,7e857e85040a52b9bf2d762c0e72163b,limit_hopping_zero_chain6,chain6_hole_2,161,02201,0.0009765625
haxs.stage5c2gR32.g1-quadrature.v1,7afe9cbede155b77b97a989366e0313c,950a337ea9985716820ace39809c7d5f,limit_hopping_zero_chain6,chain6_hole_2,162,02202,0.0009765625
haxs.stage5c2gR32.g1-quadrature.v1,7afe9cbede155b77b97a989366e0313c,1c40e21dfabc5148aaa0b04b12232b4b,limit_hopping_zero_chain6,chain6_hole_2,163,02203,0.0009765625
haxs.stage5c2gR32.g1-quadrature.v1,7afe9cbede155b77b97a989366e0313c,9327b12fa7015112a87079700d8c80ac,limit_hopping_zero_chain6,chain6_hole_2,164,02210,0.0009765625
haxs.stage5c2gR32.g1-quadrature.v1,7afe9cbede155b77b97a989366e0313c,3e63ecc4093e58919306f3d989299594,limit_hopping_zero_chain6,chain6_hole_2,165,02211,0.0009765625
haxs.stage5c2gR32.g1-quadrature.v1,7afe9cbede155b77b97a989366e0313c,fcb34eb61b2754db9d6f810cb954539c,limit_hopping_zero_chain6,chain6_hole_2,166,02212,0.0009765625
haxs.stage5c2gR32.g1-quadrature.v1,7afe9cbede155b77b97a989366e0313c,355a5d89491259349a2f899d3d0b4164,limit_hopping_zero_chain6,chain6_hole_2,167,02213,0.0009765625
haxs.stage5c2gR32.g1-quadrature.v1,7afe9cbede155b77b97a989366e0313c,7cd86161d0765e59ab4404b922be6a3d,limit_hopping_zero_chain6,chain6_hole_2,168,02220,0.0009765625
haxs.stage5c2gR32.g1-quadrature.v1,7afe9cbede155b77b97a989366e0313c,1acd9250870b540e932993653c5e3fc7,limit_hopping_zero_chain6,chain6_hole_2,169,02221,0.0009765625
haxs.stage5c2gR32.g1-quadrature.v1,7afe9cbede155b77b97a989366e0313c,2d20c2d0b9ea51059ae4fe33c65a2e49,limit_hopping_zero_chain6,chain6_hole_2,170,02222,0.0009765625
haxs.stage5c2gR32.g1-quadrature.v1,7afe9cbede155b77b97a989366e0313c,cf0202df7e81580c9537308f7bbc743a,limit_hopping_zero_chain6,chain6_hole_2,171,02223,0.0009765625
haxs.stage5c2gR32.g1-quadrature.v1,7afe9cbede155b77b97a989366e0313c,9491a38ca3f654c584d4e5d449f46043,limit_hopping_zero_chain6,chain6_hole_2,172,02230,0.0009765625
haxs.stage5c2gR32.g1-quadrature.v1,7afe9cbede155b77b97a989366e0313c,fb57286a926d58e29bbf8a03383768be,limit_hopping_zero_chain6,chain6_hole_2,173,02231,0.0009765625
haxs.stage5c2gR32.g1-quadrature.v1,7afe9cbede155b77b97a989366e0313c,404d30d13c4456659e8ebce229e4f755,limit_hopping_zero_chain6,chain6_hole_2,174,02232,0.0009765625
haxs.stage5c2gR32.g1-quadrature.v1,7afe9cbede155b77b97a989366e0313c,7bed7c2b743d5692a300361af36deffb,limit_hopping_zero_chain6,chain6_hole_2,175,02233,0.0009765625
haxs.stage5c2gR32.g1-quadrature.v1,7afe9cbede155b77b97a989366e0313c,3022733b88c15661b246be6aa1d22cc5,limit_hopping_zero_chain6,chain6_hole_2,176,02300,0.0009765625
haxs.stage5c2gR32.g1-quadrature.v1,7afe9cbede155b77b97a989366e0313c,372a9f3acc065559a763f2973b1c289e,limit_hopping_zero_chain6,chain6_hole_2,177,02301,0.0009765625
haxs.stage5c2gR32.g1-quadrature.v1,7afe9cbede155b77b97a989366e0313c,c1a39598f4d3584487beef70a9abb2fc,limit_hopping_zero_chain6,chain6_hole_2,178,02302,0.0009765625
haxs.stage5c2gR32.g1-quadrature.v1,7afe9cbede155b77b97a989366e0313c,40246e5e31375071b2f5be554141116f,limit_hopping_zero_chain6,chain6_hole_2,179,02303,0.0009765625
haxs.stage5c2gR32.g1-quadrature.v1,7afe9cbede155b77b97a989366e0313c,3387783b7b875e1cb87fbc8a393ab8c6,limit_hopping_zero_chain6,chain6_hole_2,180,02310,0.0009765625
haxs.stage5c2gR32.g1-quadrature.v1,7afe9cbede155b77b97a989366e0313c,1df9b24cea685b2699b1ef978ef84a20,limit_hopping_zero_chain6,chain6_hole_2,181,02311,0.0009765625
haxs.stage5c2gR32.g1-quadrature.v1,7afe9cbede155b77b97a989366e0313c,ff4714ee0d875685ab75ad82bfcf7c62,limit_hopping_zero_chain6,chain6_hole_2,182,02312,0.0009765625
haxs.stage5c2gR32.g1-quadrature.v1,7afe9cbede155b77b97a989366e0313c,c1b37114ffaa5f31a91f545ed86811b8,limit_hopping_zero_chain6,chain6_hole_2,183,02313,0.0009765625
haxs.stage5c2gR32.g1-quadrature.v1,7afe9cbede155b77b97a989366e0313c,b5a580bb2c3d5831a09209a56bcdcb2d,limit_hopping_zero_chain6,chain6_hole_2,184,02320,0.0009765625
haxs.stage5c2gR32.g1-quadrature.v1,7afe9cbede155b77b97a989366e0313c,e6345f180a4a572bb7ed6c3876e2ae88,limit_hopping_zero_chain6,chain6_hole_2,185,02321,0.0009765625
haxs.stage5c2gR32.g1-quadrature.v1,7afe9cbede155b77b97a989366e0313c,56a8cd8038405aafa15e94cddad3253c,limit_hopping_zero_chain6,chain6_hole_2,186,02322,0.0009765625
haxs.stage5c2gR32.g1-quadrature.v1,7afe9cbede155b77b97a989366e0313c,4b86e2d75a915a97ab0267846cac6182,limit_hopping_zero_chain6,chain6_hole_2,187,02323,0.0009765625
haxs.stage5c2gR32.g1-quadrature.v1,7afe9cbede155b77b97a989366e0313c,1fd97faec0145a408e65944705b32862,limit_hopping_zero_chain6,chain6_hole_2,188,02330,0.0009765625
haxs.stage5c2gR32.g1-quadrature.v1,7afe9cbede155b77b97a989366e0313c,9c57a6adfe9f5e298c1956bf255e8316,limit_hopping_zero_chain6,chain6_hole_2,189,02331,0.0009765625
haxs.stage5c2gR32.g1-quadrature.v1,7afe9cbede155b77b97a989366e0313c,dbdd1b1d95de521b8ac4c3efcdb119d0,limit_hopping_zero_chain6,chain6_hole_2,190,02332,0.0009765625
haxs.stage5c2gR32.g1-quadrature.v1,7afe9cbede155b77b97a989366e0313c,11b729c73bfc5c8c87351c69090c594f,limit_hopping_zero_chain6,chain6_hole_2,191,02333,0.0009765625
haxs.stage5c2gR32.g1-quadrature.v1,7afe9cbede155b77b97a989366e0313c,ed50a37e96145335878a26b50420823b,limit_hopping_zero_chain6,chain6_hole_2,192,03000,0.0009765625
haxs.stage5c2gR32.g1-quadrature.v1,7afe9cbede155b77b97a989366e0313c,572a5038b009576bb01c10338a383ee1,limit_hopping_zero_chain6,chain6_hole_2,193,03001,0.0009765625
haxs.stage5c2gR32.g1-quadrature.v1,7afe9cbede155b77b97a989366e0313c,61fd847ad8ed5771aa6635c72c059d9e,limit_hopping_zero_chain6,chain6_hole_2,194,03002,0.0009765625
haxs.stage5c2gR32.g1-quadrature.v1,7afe9cbede155b77b97a989366e0313c,64af32e6ff9b56c4a8800c6c85e72395,limit_hopping_zero_chain6,chain6_hole_2,195,03003,0.0009765625
haxs.stage5c2gR32.g1-quadrature.v1,7afe9cbede155b77b97a989366e0313c,ab0223b2a72451208b438f0a6a9c8593,limit_hopping_zero_chain6,chain6_hole_2,196,03010,0.0009765625
haxs.stage5c2gR32.g1-quadrature.v1,7afe9cbede155b77b97a989366e0313c,b4c5af83910151eface962cd76321e30,limit_hopping_zero_chain6,chain6_hole_2,197,03011,0.0009765625
haxs.stage5c2gR32.g1-quadrature.v1,7afe9cbede155b77b97a989366e0313c,15b1a17918db5542a96fb19d1cfc32c8,limit_hopping_zero_chain6,chain6_hole_2,198,03012,0.0009765625
haxs.stage5c2gR32.g1-quadrature.v1,7afe9cbede155b77b97a989366e0313c,930e459024185422806b3cea8d5d5365,limit_hopping_zero_chain6,chain6_hole_2,199,03013,0.0009765625
haxs.stage5c2gR32.g1-quadrature.v1,7afe9cbede155b77b97a989366e0313c,914352ffb5e85582be9eb6b6f9d7f2a2,limit_hopping_zero_chain6,chain6_hole_2,200,03020,0.0009765625
haxs.stage5c2gR32.g1-quadrature.v1,7afe9cbede155b77b97a989366e0313c,e04100448c0f5a439879cf26c15b076c,limit_hopping_zero_chain6,chain6_hole_2,201,03021,0.0009765625
haxs.stage5c2gR32.g1-quadrature.v1,7afe9cbede155b77b97a989366e0313c,6f3d6b82be6858c2874f84844a610843,limit_hopping_zero_chain6,chain6_hole_2,202,03022,0.0009765625
haxs.stage5c2gR32.g1-quadrature.v1,7afe9cbede155b77b97a989366e0313c,9fa4ec4e51c352c69ab1e38e6d5933e6,limit_hopping_zero_chain6,chain6_hole_2,203,03023,0.0009765625
haxs.stage5c2gR32.g1-quadrature.v1,7afe9cbede155b77b97a989366e0313c,dfd33badd9945ec5ba62b0077a7428c0,limit_hopping_zero_chain6,chain6_hole_2,204,03030,0.0009765625
haxs.stage5c2gR32.g1-quadrature.v1,7afe9cbede155b77b97a989366e0313c,37c9b36dc74753839c91d0a6c9312846,limit_hopping_zero_chain6,chain6_hole_2,205,03031,0.0009765625
haxs.stage5c2gR32.g1-quadrature.v1,7afe9cbede155b77b97a989366e0313c,2d18fef9da73504d866d6c092460e5b1,limit_hopping_zero_chain6,chain6_hole_2,206,03032,0.0009765625
haxs.stage5c2gR32.g1-quadrature.v1,7afe9cbede155b77b97a989366e0313c,acbf55518d8e52edbaecd433d3f35667,limit_hopping_zero_chain6,chain6_hole_2,207,03033,0.0009765625
haxs.stage5c2gR32.g1-quadrature.v1,7afe9cbede155b77b97a989366e0313c,5e968b42b2b951d39e15f37c73ae0a25,limit_hopping_zero_chain6,chain6_hole_2,208,03100,0.0009765625
haxs.stage5c2gR32.g1-quadrature.v1,7afe9cbede155b77b97a989366e0313c,0087bebb24e25f66a3fa49a661d38e09,limit_hopping_zero_chain6,chain6_hole_2,209,03101,0.0009765625
haxs.stage5c2gR32.g1-quadrature.v1,7afe9cbede155b77b97a989366e0313c,089e421258c25595be9950c3a6efa941,limit_hopping_zero_chain6,chain6_hole_2,210,03102,0.0009765625
haxs.stage5c2gR32.g1-quadrature.v1,7afe9cbede155b77b97a989366e0313c,aedde6d2cb5855438c1d5400eaa3878a,limit_hopping_zero_chain6,chain6_hole_2,211,03103,0.0009765625
haxs.stage5c2gR32.g1-quadrature.v1,7afe9cbede155b77b97a989366e0313c,330f7a00fdf058649d69a30cb161fcb7,limit_hopping_zero_chain6,chain6_hole_2,212,03110,0.0009765625
haxs.stage5c2gR32.g1-quadrature.v1,7afe9cbede155b77b97a989366e0313c,d543fc1e32165f818ae7c64cbe4b2d3f,limit_hopping_zero_chain6,chain6_hole_2,213,03111,0.0009765625
haxs.stage5c2gR32.g1-quadrature.v1,7afe9cbede155b77b97a989366e0313c,4e22b182b0b35f6ca5cc09959afe07fa,limit_hopping_zero_chain6,chain6_hole_2,214,03112,0.0009765625
haxs.stage5c2gR32.g1-quadrature.v1,7afe9cbede155b77b97a989366e0313c,c3d74f52187c504489a0919c6d771cb5,limit_hopping_zero_chain6,chain6_hole_2,215,03113,0.0009765625
haxs.stage5c2gR32.g1-quadrature.v1,7afe9cbede155b77b97a989366e0313c,372871ae52e15259aed3859b8789e648,limit_hopping_zero_chain6,chain6_hole_2,216,03120,0.0009765625
haxs.stage5c2gR32.g1-quadrature.v1,7afe9cbede155b77b97a989366e0313c,a60467e5574952b09dc0334b002490c6,limit_hopping_zero_chain6,chain6_hole_2,217,03121,0.0009765625
haxs.stage5c2gR32.g1-quadrature.v1,7afe9cbede155b77b97a989366e0313c,a6c0f1c96ea25db38345171ba58324e0,limit_hopping_zero_chain6,chain6_hole_2,218,03122,0.0009765625
haxs.stage5c2gR32.g1-quadrature.v1,7afe9cbede155b77b97a989366e0313c,38688e92aeca59f4b76e2ca3657083e8,limit_hopping_zero_chain6,chain6_hole_2,219,03123,0.0009765625
haxs.stage5c2gR32.g1-quadrature.v1,7afe9cbede155b77b97a989366e0313c,f0209f66b3255dfba57934aac3398f68,limit_hopping_zero_chain6,chain6_hole_2,220,03130,0.0009765625
haxs.stage5c2gR32.g1-quadrature.v1,7afe9cbede155b77b97a989366e0313c,e9d3834f3f12547090b17739b6dff42c,limit_hopping_zero_chain6,chain6_hole_2,221,03131,0.0009765625
haxs.stage5c2gR32.g1-quadrature.v1,7afe9cbede155b77b97a989366e0313c,4054610213e2574abd08f8ddacb1e70a,limit_hopping_zero_chain6,chain6_hole_2,222,03132,0.0009765625
haxs.stage5c2gR32.g1-quadrature.v1,7afe9cbede155b77b97a989366e0313c,c22f1134cde7580e90625bc7f50a38ec,limit_hopping_zero_chain6,chain6_hole_2,223,03133,0.0009765625
haxs.stage5c2gR32.g1-quadrature.v1,7afe9cbede155b77b97a989366e0313c,61528e3e2cc75c08ba8a326844b4be13,limit_hopping_zero_chain6,chain6_hole_2,224,03200,0.0009765625
haxs.stage5c2gR32.g1-quadrature.v1,7afe9cbede155b77b97a989366e0313c,2d8c3e22b10c5aa4be27e0e701d8856b,limit_hopping_zero_chain6,chain6_hole_2,225,03201,0.0009765625
haxs.stage5c2gR32.g1-quadrature.v1,7afe9cbede155b77b97a989366e0313c,871851c81a035225829ece6616a13c37,limit_hopping_zero_chain6,chain6_hole_2,226,03202,0.0009765625
haxs.stage5c2gR32.g1-quadrature.v1,7afe9cbede155b77b97a989366e0313c,10a671431d5d56638d9a267c180acb3f,limit_hopping_zero_chain6,chain6_hole_2,227,03203,0.0009765625
haxs.stage5c2gR32.g1-quadrature.v1,7afe9cbede155b77b97a989366e0313c,fc21fea02365512a94517923fe788623,limit_hopping_zero_chain6,chain6_hole_2,228,03210,0.0009765625
haxs.stage5c2gR32.g1-quadrature.v1,7afe9cbede155b77b97a989366e0313c,45125f942dc75fbfa8e4c5c80fa8b2b0,limit_hopping_zero_chain6,chain6_hole_2,229,03211,0.0009765625
haxs.stage5c2gR32.g1-quadrature.v1,7afe9cbede155b77b97a989366e0313c,83c233425da65d51b1af2dafff24e51a,limit_hopping_zero_chain6,chain6_hole_2,230,03212,0.0009765625
haxs.stage5c2gR32.g1-quadrature.v1,7afe9cbede155b77b97a989366e0313c,a7bae43c17b75318beb87f4e5549ff7a,limit_hopping_zero_chain6,chain6_hole_2,231,03213,0.0009765625
haxs.stage5c2gR32.g1-quadrature.v1,7afe9cbede155b77b97a989366e0313c,cc11329f88d45f7197355c94219e8c69,limit_hopping_zero_chain6,chain6_hole_2,232,03220,0.0009765625
haxs.stage5c2gR32.g1-quadrature.v1,7afe9cbede155b77b97a989366e0313c,7a368452ce3657ea8a6f2fbe697b6360,limit_hopping_zero_chain6,chain6_hole_2,233,03221,0.0009765625
haxs.stage5c2gR32.g1-quadrature.v1,7afe9cbede155b77b97a989366e0313c,8bb2fd1ebf1b5d6ab39a6c11e5211805,limit_hopping_zero_chain6,chain6_hole_2,234,03222,0.0009765625
haxs.stage5c2gR32.g1-quadrature.v1,7afe9cbede155b77b97a989366e0313c,f84d95bd91cd531e81c77c3085e0d718,limit_hopping_zero_chain6,chain6_hole_2,235,03223,0.0009765625
haxs.stage5c2gR32.g1-quadrature.v1,7afe9cbede155b77b97a989366e0313c,3098203e6a745151bcff2dd5b4428904,limit_hopping_zero_chain6,chain6_hole_2,236,03230,0.0009765625
haxs.stage5c2gR32.g1-quadrature.v1,7afe9cbede155b77b97a989366e0313c,a01ab81395375c20b678e1e1fcd38dac,limit_hopping_zero_chain6,chain6_hole_2,237,03231,0.0009765625
haxs.stage5c2gR32.g1-quadrature.v1,7afe9cbede155b77b97a989366e0313c,c68be767c6f053d8bc84c2d8b444fbc7,limit_hopping_zero_chain6,chain6_hole_2,238,03232,0.0009765625
haxs.stage5c2gR32.g1-quadrature.v1,7afe9cbede155b77b97a989366e0313c,20fc4a682fb45f09acf5109300bedfea,limit_hopping_zero_chain6,chain6_hole_2,239,03233,0.0009765625
haxs.stage5c2gR32.g1-quadrature.v1,7afe9cbede155b77b97a989366e0313c,d16836ac3c7953f2ad97038931ea31c0,limit_hopping_zero_chain6,chain6_hole_2,240,03300,0.0009765625
haxs.stage5c2gR32.g1-quadrature.v1,7afe9cbede155b77b97a989366e0313c,d30bbce3f9115e28825013b034878ee5,limit_hopping_zero_chain6,chain6_hole_2,241,03301,0.0009765625
haxs.stage5c2gR32.g1-quadrature.v1,7afe9cbede155b77b97a989366e0313c,6dd2697cb255593cadd2acb3a2dac5c1,limit_hopping_zero_chain6,chain6_hole_2,242,03302,0.0009765625
haxs.stage5c2gR32.g1-quadrature.v1,7afe9cbede155b77b97a989366e0313c,3f1e410514395a9da937804d103c3047,limit_hopping_zero_chain6,chain6_hole_2,243,03303,0.0009765625
haxs.stage5c2gR32.g1-quadrature.v1,7afe9cbede155b77b97a989366e0313c,96137068e68555e9a2254b0e49963767,limit_hopping_zero_chain6,chain6_hole_2,244,03310,0.0009765625
haxs.stage5c2gR32.g1-quadrature.v1,7afe9cbede155b77b97a989366e0313c,1920b75c47145782a237f137e5b09e8e,limit_hopping_zero_chain6,chain6_hole_2,245,03311,0.0009765625
haxs.stage5c2gR32.g1-quadrature.v1,7afe9cbede155b77b97a989366e0313c,832a91a81aab5aab9ace159b4b72880c,limit_hopping_zero_chain6,chain6_hole_2,246,03312,0.0009765625
haxs.stage5c2gR32.g1-quadrature.v1,7afe9cbede155b77b97a989366e0313c,3116b25a861e51a0b12c36c0d9751237,limit_hopping_zero_chain6,chain6_hole_2,247,03313,0.0009765625
haxs.stage5c2gR32.g1-quadrature.v1,7afe9cbede155b77b97a989366e0313c,013f311fef2458bc833da9333de279f2,limit_hopping_zero_chain6,chain6_hole_2,248,03320,0.0009765625
haxs.stage5c2gR32.g1-quadrature.v1,7afe9cbede155b77b97a989366e0313c,18abce6fb7355710ae0590cedb8c1416,limit_hopping_zero_chain6,chain6_hole_2,249,03321,0.0009765625
haxs.stage5c2gR32.g1-quadrature.v1,7afe9cbede155b77b97a989366e0313c,1117ed7f942f5864867994bfdcf0a521,limit_hopping_zero_chain6,chain6_hole_2,250,03322,0.0009765625
haxs.stage5c2gR32.g1-quadrature.v1,7afe9cbede155b77b97a989366e0313c,6bd0ec0dc83e53efa05a923e948ada99,limit_hopping_zero_chain6,chain6_hole_2,251,03323,0.0009765625
haxs.stage5c2gR32.g1-quadrature.v1,7afe9cbede155b77b97a989366e0313c,b4b57686ff9952cc8b0c139c6481fe5e,limit_hopping_zero_chain6,chain6_hole_2,252,03330,0.0009765625
haxs.stage5c2gR32.g1-quadrature.v1,7afe9cbede155b77b97a989366e0313c,cbe12c0ad3e25a2eb6321d3a6af8a584,limit_hopping_zero_chain6,chain6_hole_2,253,03331,0.0009765625
haxs.stage5c2gR32.g1-quadrature.v1,7afe9cbede155b77b97a989366e0313c,b39a9c01a6c05132a9eb0a6d20b7e1c5,limit_hopping_zero_chain6,chain6_hole_2,254,03332,0.0009765625
haxs.stage5c2gR32.g1-quadrature.v1,7afe9cbede155b77b97a989366e0313c,d5df069fea6855ed86ca905f78d4be8b,limit_hopping_zero_chain6,chain6_hole_2,255,03333,0.0009765625
haxs.stage5c2gR32.g1-quadrature.v1,7afe9cbede155b77b97a989366e0313c,4ef5c400637b526399ccfaa6248f50ac,limit_hopping_zero_chain6,chain6_hole_2,256,10000,0.0009765625
haxs.stage5c2gR32.g1-quadrature.v1,7afe9cbede155b77b97a989366e0313c,5b491aa92d225d15812863db132ec9fa,limit_hopping_zero_chain6,chain6_hole_2,257,10001,0.0009765625
haxs.stage5c2gR32.g1-quadrature.v1,7afe9cbede155b77b97a989366e0313c,531bffbf11765580b3fdfa609c6c7c92,limit_hopping_zero_chain6,chain6_hole_2,258,10002,0.0009765625
haxs.stage5c2gR32.g1-quadrature.v1,7afe9cbede155b77b97a989366e0313c,21d3054f4ef556a9b211337bf644913d,limit_hopping_zero_chain6,chain6_hole_2,259,10003,0.0009765625
haxs.stage5c2gR32.g1-quadrature.v1,7afe9cbede155b77b97a989366e0313c,566da3c7e0bf5d9d9cf1bffe5594a32a,limit_hopping_zero_chain6,chain6_hole_2,260,10010,0.0009765625
haxs.stage5c2gR32.g1-quadrature.v1,7afe9cbede155b77b97a989366e0313c,5f78beb9c63356809e1758f0f5d05a88,limit_hopping_zero_chain6,chain6_hole_2,261,10011,0.0009765625
haxs.stage5c2gR32.g1-quadrature.v1,7afe9cbede155b77b97a989366e0313c,cafd6a8c53fc576988234f9bc6144a8e,limit_hopping_zero_chain6,chain6_hole_2,262,10012,0.0009765625
haxs.stage5c2gR32.g1-quadrature.v1,7afe9cbede155b77b97a989366e0313c,5904bef53e935c2a812732f9ebc8e723,limit_hopping_zero_chain6,chain6_hole_2,263,10013,0.0009765625
haxs.stage5c2gR32.g1-quadrature.v1,7afe9cbede155b77b97a989366e0313c,be6477318449522da385deb49f5f29f3,limit_hopping_zero_chain6,chain6_hole_2,264,10020,0.0009765625
haxs.stage5c2gR32.g1-quadrature.v1,7afe9cbede155b77b97a989366e0313c,6da139c2100856d3a52e8fc28ac747e1,limit_hopping_zero_chain6,chain6_hole_2,265,10021,0.0009765625
haxs.stage5c2gR32.g1-quadrature.v1,7afe9cbede155b77b97a989366e0313c,394eb36923c15c2cb14ac8fe2cb520e9,limit_hopping_zero_chain6,chain6_hole_2,266,10022,0.0009765625
haxs.stage5c2gR32.g1-quadrature.v1,7afe9cbede155b77b97a989366e0313c,e8e062b9418157d1a630e93badde5ee8,limit_hopping_zero_chain6,chain6_hole_2,267,10023,0.0009765625
haxs.stage5c2gR32.g1-quadrature.v1,7afe9cbede155b77b97a989366e0313c,ef7dbc5018b15844b7329e74b4aa5caa,limit_hopping_zero_chain6,chain6_hole_2,268,10030,0.0009765625
haxs.stage5c2gR32.g1-quadrature.v1,7afe9cbede155b77b97a989366e0313c,cfc8ce46bcaf5839adb1857d0a78ad65,limit_hopping_zero_chain6,chain6_hole_2,269,10031,0.0009765625
haxs.stage5c2gR32.g1-quadrature.v1,7afe9cbede155b77b97a989366e0313c,65c2384828da5e6db80ba4450e411558,limit_hopping_zero_chain6,chain6_hole_2,270,10032,0.0009765625
haxs.stage5c2gR32.g1-quadrature.v1,7afe9cbede155b77b97a989366e0313c,bc32e93716c15366ad51bd4d85c0822c,limit_hopping_zero_chain6,chain6_hole_2,271,10033,0.0009765625
haxs.stage5c2gR32.g1-quadrature.v1,7afe9cbede155b77b97a989366e0313c,db269d8bba3a5332831b05436d244143,limit_hopping_zero_chain6,chain6_hole_2,272,10100,0.0009765625
haxs.stage5c2gR32.g1-quadrature.v1,7afe9cbede155b77b97a989366e0313c,d6b67fb4d6fe58e89141dfe6e4be8997,limit_hopping_zero_chain6,chain6_hole_2,273,10101,0.0009765625
haxs.stage5c2gR32.g1-quadrature.v1,7afe9cbede155b77b97a989366e0313c,9fa623ed6625529bb40d710fd0d4e443,limit_hopping_zero_chain6,chain6_hole_2,274,10102,0.0009765625
haxs.stage5c2gR32.g1-quadrature.v1,7afe9cbede155b77b97a989366e0313c,fc8cc7ee5339518898e03527680d53a0,limit_hopping_zero_chain6,chain6_hole_2,275,10103,0.0009765625
haxs.stage5c2gR32.g1-quadrature.v1,7afe9cbede155b77b97a989366e0313c,984c80f655db589cad087cb3463aa878,limit_hopping_zero_chain6,chain6_hole_2,276,10110,0.0009765625
haxs.stage5c2gR32.g1-quadrature.v1,7afe9cbede155b77b97a989366e0313c,ae14d7666ca75b11b035521aef399773,limit_hopping_zero_chain6,chain6_hole_2,277,10111,0.0009765625
haxs.stage5c2gR32.g1-quadrature.v1,7afe9cbede155b77b97a989366e0313c,1f594ad3913854c4aac49a892b4992c0,limit_hopping_zero_chain6,chain6_hole_2,278,10112,0.0009765625
haxs.stage5c2gR32.g1-quadrature.v1,7afe9cbede155b77b97a989366e0313c,064f6cdd43b053ba9e9b933238422e9c,limit_hopping_zero_chain6,chain6_hole_2,279,10113,0.0009765625
haxs.stage5c2gR32.g1-quadrature.v1,7afe9cbede155b77b97a989366e0313c,0d41aa7d1579505fbbd2041c24f3e85c,limit_hopping_zero_chain6,chain6_hole_2,280,10120,0.0009765625
haxs.stage5c2gR32.g1-quadrature.v1,7afe9cbede155b77b97a989366e0313c,fd83106f451e5dfb94aa7caaa3de897e,limit_hopping_zero_chain6,chain6_hole_2,281,10121,0.0009765625
haxs.stage5c2gR32.g1-quadrature.v1,7afe9cbede155b77b97a989366e0313c,6b488d278e99581a82a2b81b442b1d10,limit_hopping_zero_chain6,chain6_hole_2,282,10122,0.0009765625
haxs.stage5c2gR32.g1-quadrature.v1,7afe9cbede155b77b97a989366e0313c,f7bc9a460cd45641ba44c19c365d9f05,limit_hopping_zero_chain6,chain6_hole_2,283,10123,0.0009765625
haxs.stage5c2gR32.g1-quadrature.v1,7afe9cbede155b77b97a989366e0313c,a1cc10d470c45ec581447966ddaa2581,limit_hopping_zero_chain6,chain6_hole_2,284,10130,0.0009765625
haxs.stage5c2gR32.g1-quadrature.v1,7afe9cbede155b77b97a989366e0313c,053be6513c665edc99b3c23379957498,limit_hopping_zero_chain6,chain6_hole_2,285,10131,0.0009765625
haxs.stage5c2gR32.g1-quadrature.v1,7afe9cbede155b77b97a989366e0313c,75775de981a55c4b9527d9fce1cc8320,limit_hopping_zero_chain6,chain6_hole_2,286,10132,0.0009765625
haxs.stage5c2gR32.g1-quadrature.v1,7afe9cbede155b77b97a989366e0313c,93f0be03906d5423ad1aeab23143fe7a,limit_hopping_zero_chain6,chain6_hole_2,287,10133,0.0009765625
haxs.stage5c2gR32.g1-quadrature.v1,7afe9cbede155b77b97a989366e0313c,6f38d1d3e8d75af3b05071942110735f,limit_hopping_zero_chain6,chain6_hole_2,288,10200,0.0009765625
haxs.stage5c2gR32.g1-quadrature.v1,7afe9cbede155b77b97a989366e0313c,114356fc264d542285670a21a1f394d0,limit_hopping_zero_chain6,chain6_hole_2,289,10201,0.0009765625
haxs.stage5c2gR32.g1-quadrature.v1,7afe9cbede155b77b97a989366e0313c,428e81b8db9d5ba68a132f8f2fbf74a7,limit_hopping_zero_chain6,chain6_hole_2,290,10202,0.0009765625
haxs.stage5c2gR32.g1-quadrature.v1,7afe9cbede155b77b97a989366e0313c,adb4728693295a9e96f0feda7590debc,limit_hopping_zero_chain6,chain6_hole_2,291,10203,0.0009765625
haxs.stage5c2gR32.g1-quadrature.v1,7afe9cbede155b77b97a989366e0313c,52117136d100569fb5f403c257d82aaa,limit_hopping_zero_chain6,chain6_hole_2,292,10210,0.0009765625
haxs.stage5c2gR32.g1-quadrature.v1,7afe9cbede155b77b97a989366e0313c,412e43d36a4f571c8b142da973fce521,limit_hopping_zero_chain6,chain6_hole_2,293,10211,0.0009765625
haxs.stage5c2gR32.g1-quadrature.v1,7afe9cbede155b77b97a989366e0313c,3f51be5346e05cc795cef8ffbd5bcce9,limit_hopping_zero_chain6,chain6_hole_2,294,10212,0.0009765625
haxs.stage5c2gR32.g1-quadrature.v1,7afe9cbede155b77b97a989366e0313c,786c7e5bec4c54fbaadb8ab8c4f6d743,limit_hopping_zero_chain6,chain6_hole_2,295,10213,0.0009765625
haxs.stage5c2gR32.g1-quadrature.v1,7afe9cbede155b77b97a989366e0313c,aa4d5ac2618d50b89f9fdfa8d142f816,limit_hopping_zero_chain6,chain6_hole_2,296,10220,0.0009765625
haxs.stage5c2gR32.g1-quadrature.v1,7afe9cbede155b77b97a989366e0313c,2379e91668125c81949ff2b3e2dc5f30,limit_hopping_zero_chain6,chain6_hole_2,297,10221,0.0009765625
haxs.stage5c2gR32.g1-quadrature.v1,7afe9cbede155b77b97a989366e0313c,243fa027011f541facd84ad382d2db78,limit_hopping_zero_chain6,chain6_hole_2,298,10222,0.0009765625
haxs.stage5c2gR32.g1-quadrature.v1,7afe9cbede155b77b97a989366e0313c,3fdd874b56c256f2bb5e32ef7222038f,limit_hopping_zero_chain6,chain6_hole_2,299,10223,0.0009765625
haxs.stage5c2gR32.g1-quadrature.v1,7afe9cbede155b77b97a989366e0313c,e2c16f169cda5ad6ab987eb452021e19,limit_hopping_zero_chain6,chain6_hole_2,300,10230,0.0009765625
haxs.stage5c2gR32.g1-quadrature.v1,7afe9cbede155b77b97a989366e0313c,b741f106d7d65119837a3d60aebdfad5,limit_hopping_zero_chain6,chain6_hole_2,301,10231,0.0009765625
haxs.stage5c2gR32.g1-quadrature.v1,7afe9cbede155b77b97a989366e0313c,7fdb8953511e54668be06ffe6e2039ff,limit_hopping_zero_chain6,chain6_hole_2,302,10232,0.0009765625
haxs.stage5c2gR32.g1-quadrature.v1,7afe9cbede155b77b97a989366e0313c,187d28dbda635ba78753faffed385479,limit_hopping_zero_chain6,chain6_hole_2,303,10233,0.0009765625
haxs.stage5c2gR32.g1-quadrature.v1,7afe9cbede155b77b97a989366e0313c,714a6d6abba254eb8d9ed38f4cda894c,limit_hopping_zero_chain6,chain6_hole_2,304,10300,0.0009765625
haxs.stage5c2gR32.g1-quadrature.v1,7afe9cbede155b77b97a989366e0313c,f4484c87cd435935996a869afe72acad,limit_hopping_zero_chain6,chain6_hole_2,305,10301,0.0009765625
haxs.stage5c2gR32.g1-quadrature.v1,7afe9cbede155b77b97a989366e0313c,94433c79f69759229074ab17252be10a,limit_hopping_zero_chain6,chain6_hole_2,306,10302,0.0009765625
haxs.stage5c2gR32.g1-quadrature.v1,7afe9cbede155b77b97a989366e0313c,c9ca834b30a45c34ac2b371f9ba80af6,limit_hopping_zero_chain6,chain6_hole_2,307,10303,0.0009765625
haxs.stage5c2gR32.g1-quadrature.v1,7afe9cbede155b77b97a989366e0313c,dc132bec518d5b198e66841b4e8993ec,limit_hopping_zero_chain6,chain6_hole_2,308,10310,0.0009765625
haxs.stage5c2gR32.g1-quadrature.v1,7afe9cbede155b77b97a989366e0313c,8377bf1f8dc4541d94e768b63fb48aeb,limit_hopping_zero_chain6,chain6_hole_2,309,10311,0.0009765625
haxs.stage5c2gR32.g1-quadrature.v1,7afe9cbede155b77b97a989366e0313c,bceba9227ac45c939f6923d769c4fc21,limit_hopping_zero_chain6,chain6_hole_2,310,10312,0.0009765625
haxs.stage5c2gR32.g1-quadrature.v1,7afe9cbede155b77b97a989366e0313c,812ddce816f85faaad7b18722ac94d29,limit_hopping_zero_chain6,chain6_hole_2,311,10313,0.0009765625
haxs.stage5c2gR32.g1-quadrature.v1,7afe9cbede155b77b97a989366e0313c,6f9aae3a4df95f3e910909db70572926,limit_hopping_zero_chain6,chain6_hole_2,312,10320,0.0009765625
haxs.stage5c2gR32.g1-quadrature.v1,7afe9cbede155b77b97a989366e0313c,9d3ad018dd70597e8afe763d82e45487,limit_hopping_zero_chain6,chain6_hole_2,313,10321,0.0009765625
haxs.stage5c2gR32.g1-quadrature.v1,7afe9cbede155b77b97a989366e0313c,d6d34f54994650b5a3d0d83930f0baf5,limit_hopping_zero_chain6,chain6_hole_2,314,10322,0.0009765625
haxs.stage5c2gR32.g1-quadrature.v1,7afe9cbede155b77b97a989366e0313c,a9aabb5b4df55cfaba30a715bef84eda,limit_hopping_zero_chain6,chain6_hole_2,315,10323,0.0009765625
haxs.stage5c2gR32.g1-quadrature.v1,7afe9cbede155b77b97a989366e0313c,02c8c06f759b55bd80e38c7c6bd4027a,limit_hopping_zero_chain6,chain6_hole_2,316,10330,0.0009765625
haxs.stage5c2gR32.g1-quadrature.v1,7afe9cbede155b77b97a989366e0313c,73d8cdd3de1c5c4b991d4ec4312d6804,limit_hopping_zero_chain6,chain6_hole_2,317,10331,0.0009765625
haxs.stage5c2gR32.g1-quadrature.v1,7afe9cbede155b77b97a989366e0313c,30add9732ee65d1e9fd33e820895c613,limit_hopping_zero_chain6,chain6_hole_2,318,10332,0.0009765625
haxs.stage5c2gR32.g1-quadrature.v1,7afe9cbede155b77b97a989366e0313c,4bb6c9993b2c55d4afd937af987d32ce,limit_hopping_zero_chain6,chain6_hole_2,319,10333,0.0009765625
haxs.stage5c2gR32.g1-quadrature.v1,7afe9cbede155b77b97a989366e0313c,e4ca3ec752a85754912e540f364e6303,limit_hopping_zero_chain6,chain6_hole_2,320,11000,0.0009765625
haxs.stage5c2gR32.g1-quadrature.v1,7afe9cbede155b77b97a989366e0313c,8744de9e1a3757fa9cff433308530b11,limit_hopping_zero_chain6,chain6_hole_2,321,11001,0.0009765625
haxs.stage5c2gR32.g1-quadrature.v1,7afe9cbede155b77b97a989366e0313c,a07a6664d2b5575d8c4192880ae59b1f,limit_hopping_zero_chain6,chain6_hole_2,322,11002,0.0009765625
haxs.stage5c2gR32.g1-quadrature.v1,7afe9cbede155b77b97a989366e0313c,a21a26a2372355d2b498f32aaf8cdc6e,limit_hopping_zero_chain6,chain6_hole_2,323,11003,0.0009765625
haxs.stage5c2gR32.g1-quadrature.v1,7afe9cbede155b77b97a989366e0313c,833b9c4600b35414a75906b6ccd8df2a,limit_hopping_zero_chain6,chain6_hole_2,324,11010,0.0009765625
haxs.stage5c2gR32.g1-quadrature.v1,7afe9cbede155b77b97a989366e0313c,4985ae860d1d570984e8cbdebbb0ba2d,limit_hopping_zero_chain6,chain6_hole_2,325,11011,0.0009765625
haxs.stage5c2gR32.g1-quadrature.v1,7afe9cbede155b77b97a989366e0313c,5e1f40f00af15f849905ed32f7ab16aa,limit_hopping_zero_chain6,chain6_hole_2,326,11012,0.0009765625
haxs.stage5c2gR32.g1-quadrature.v1,7afe9cbede155b77b97a989366e0313c,f2153610d470520f8fa506517212ae40,limit_hopping_zero_chain6,chain6_hole_2,327,11013,0.0009765625
haxs.stage5c2gR32.g1-quadrature.v1,7afe9cbede155b77b97a989366e0313c,99a22dc760f2571b8b441db986b20411,limit_hopping_zero_chain6,chain6_hole_2,328,11020,0.0009765625
haxs.stage5c2gR32.g1-quadrature.v1,7afe9cbede155b77b97a989366e0313c,2e82fabc743d508baf2201610ad06844,limit_hopping_zero_chain6,chain6_hole_2,329,11021,0.0009765625
haxs.stage5c2gR32.g1-quadrature.v1,7afe9cbede155b77b97a989366e0313c,521e87eec48e53029cf1e6ed235cdebe,limit_hopping_zero_chain6,chain6_hole_2,330,11022,0.0009765625
haxs.stage5c2gR32.g1-quadrature.v1,7afe9cbede155b77b97a989366e0313c,b99ce5728d4e557e99a5bf99d8828619,limit_hopping_zero_chain6,chain6_hole_2,331,11023,0.0009765625
haxs.stage5c2gR32.g1-quadrature.v1,7afe9cbede155b77b97a989366e0313c,0c96fb81951a5bc4b93eb933739aa21b,limit_hopping_zero_chain6,chain6_hole_2,332,11030,0.0009765625
haxs.stage5c2gR32.g1-quadrature.v1,7afe9cbede155b77b97a989366e0313c,aba0eedcd32a58ffac10c4f329bece2e,limit_hopping_zero_chain6,chain6_hole_2,333,11031,0.0009765625
haxs.stage5c2gR32.g1-quadrature.v1,7afe9cbede155b77b97a989366e0313c,0e9118b6489050bc8e10e26303560c8c,limit_hopping_zero_chain6,chain6_hole_2,334,11032,0.0009765625
haxs.stage5c2gR32.g1-quadrature.v1,7afe9cbede155b77b97a989366e0313c,e6d66aa8603c5dc19327b0696049e60b,limit_hopping_zero_chain6,chain6_hole_2,335,11033,0.0009765625
haxs.stage5c2gR32.g1-quadrature.v1,7afe9cbede155b77b97a989366e0313c,40a0e8e01b1c575cb0567367dc2121b6,limit_hopping_zero_chain6,chain6_hole_2,336,11100,0.0009765625
haxs.stage5c2gR32.g1-quadrature.v1,7afe9cbede155b77b97a989366e0313c,58707c7cc45f547d93203b206d0140dc,limit_hopping_zero_chain6,chain6_hole_2,337,11101,0.0009765625
haxs.stage5c2gR32.g1-quadrature.v1,7afe9cbede155b77b97a989366e0313c,f7ae087204855f26b20ba0e76a38674f,limit_hopping_zero_chain6,chain6_hole_2,338,11102,0.0009765625
haxs.stage5c2gR32.g1-quadrature.v1,7afe9cbede155b77b97a989366e0313c,4165d5c590525a26a4aa6499254216b0,limit_hopping_zero_chain6,chain6_hole_2,339,11103,0.0009765625
haxs.stage5c2gR32.g1-quadrature.v1,7afe9cbede155b77b97a989366e0313c,81dc4ad4e4b8575d9ac8ec3446fd7b9c,limit_hopping_zero_chain6,chain6_hole_2,340,11110,0.0009765625
haxs.stage5c2gR32.g1-quadrature.v1,7afe9cbede155b77b97a989366e0313c,6c9ea7d56fc45fbd9a24d12d4641e4fb,limit_hopping_zero_chain6,chain6_hole_2,341,11111,0.0009765625
haxs.stage5c2gR32.g1-quadrature.v1,7afe9cbede155b77b97a989366e0313c,f0f0c7be320856d4bfab20dc9d3d9f27,limit_hopping_zero_chain6,chain6_hole_2,342,11112,0.0009765625
haxs.stage5c2gR32.g1-quadrature.v1,7afe9cbede155b77b97a989366e0313c,749622f1dd97575f88c3ece24a7864a2,limit_hopping_zero_chain6,chain6_hole_2,343,11113,0.0009765625
haxs.stage5c2gR32.g1-quadrature.v1,7afe9cbede155b77b97a989366e0313c,2548eae3027b542a9d8c0d228971a5ef,limit_hopping_zero_chain6,chain6_hole_2,344,11120,0.0009765625
haxs.stage5c2gR32.g1-quadrature.v1,7afe9cbede155b77b97a989366e0313c,606caff2bdb9537c93003e4ee08af756,limit_hopping_zero_chain6,chain6_hole_2,345,11121,0.0009765625
haxs.stage5c2gR32.g1-quadrature.v1,7afe9cbede155b77b97a989366e0313c,8e9700e2f3235c108e8bcf98266ccf15,limit_hopping_zero_chain6,chain6_hole_2,346,11122,0.0009765625
haxs.stage5c2gR32.g1-quadrature.v1,7afe9cbede155b77b97a989366e0313c,6a9aa980bf9b51ff811a41a32b4bbbac,limit_hopping_zero_chain6,chain6_hole_2,347,11123,0.0009765625
haxs.stage5c2gR32.g1-quadrature.v1,7afe9cbede155b77b97a989366e0313c,14b4b1fedbf659d78e0e0650111f1e06,limit_hopping_zero_chain6,chain6_hole_2,348,11130,0.0009765625
haxs.stage5c2gR32.g1-quadrature.v1,7afe9cbede155b77b97a989366e0313c,5c70d8ec76725c6d80f39607cd13f0bd,limit_hopping_zero_chain6,chain6_hole_2,349,11131,0.0009765625
haxs.stage5c2gR32.g1-quadrature.v1,7afe9cbede155b77b97a989366e0313c,850f3b23054c53d7a6e0f87bfeb38f18,limit_hopping_zero_chain6,chain6_hole_2,350,11132,0.0009765625
haxs.stage5c2gR32.g1-quadrature.v1,7afe9cbede155b77b97a989366e0313c,d1ca6c65f7035002a79fdeaab813cdac,limit_hopping_zero_chain6,chain6_hole_2,351,11133,0.0009765625
haxs.stage5c2gR32.g1-quadrature.v1,7afe9cbede155b77b97a989366e0313c,317e4175ff4a53b9908626a4baca77d2,limit_hopping_zero_chain6,chain6_hole_2,352,11200,0.0009765625
haxs.stage5c2gR32.g1-quadrature.v1,7afe9cbede155b77b97a989366e0313c,4731c07e943854c7a391e4b6b136d212,limit_hopping_zero_chain6,chain6_hole_2,353,11201,0.0009765625
haxs.stage5c2gR32.g1-quadrature.v1,7afe9cbede155b77b97a989366e0313c,01ea47c4379f5d15a2eda732065d4274,limit_hopping_zero_chain6,chain6_hole_2,354,11202,0.0009765625
haxs.stage5c2gR32.g1-quadrature.v1,7afe9cbede155b77b97a989366e0313c,386db69d279e561ab21dba8ca0825e75,limit_hopping_zero_chain6,chain6_hole_2,355,11203,0.0009765625
haxs.stage5c2gR32.g1-quadrature.v1,7afe9cbede155b77b97a989366e0313c,3745275bc6db50718235f96e43a50b2a,limit_hopping_zero_chain6,chain6_hole_2,356,11210,0.0009765625
haxs.stage5c2gR32.g1-quadrature.v1,7afe9cbede155b77b97a989366e0313c,1b403785736957998344881ee0fc4903,limit_hopping_zero_chain6,chain6_hole_2,357,11211,0.0009765625
haxs.stage5c2gR32.g1-quadrature.v1,7afe9cbede155b77b97a989366e0313c,436dc9af7c085200a93a8f92934ef31f,limit_hopping_zero_chain6,chain6_hole_2,358,11212,0.0009765625
haxs.stage5c2gR32.g1-quadrature.v1,7afe9cbede155b77b97a989366e0313c,578a6d1fa1a4564bb2a697cfe4ce9414,limit_hopping_zero_chain6,chain6_hole_2,359,11213,0.0009765625
haxs.stage5c2gR32.g1-quadrature.v1,7afe9cbede155b77b97a989366e0313c,c033a4e50db55cfeab088afdf1c106c0,limit_hopping_zero_chain6,chain6_hole_2,360,11220,0.0009765625
haxs.stage5c2gR32.g1-quadrature.v1,7afe9cbede155b77b97a989366e0313c,5734f0c8ebe7512f81e19a6d2f683010,limit_hopping_zero_chain6,chain6_hole_2,361,11221,0.0009765625
haxs.stage5c2gR32.g1-quadrature.v1,7afe9cbede155b77b97a989366e0313c,ae331dd31265509b9893dde68ffdfdd9,limit_hopping_zero_chain6,chain6_hole_2,362,11222,0.0009765625
haxs.stage5c2gR32.g1-quadrature.v1,7afe9cbede155b77b97a989366e0313c,cd1a6659029254ae82242e936634258c,limit_hopping_zero_chain6,chain6_hole_2,363,11223,0.0009765625
haxs.stage5c2gR32.g1-quadrature.v1,7afe9cbede155b77b97a989366e0313c,94123c4e7dbf56848140c6d7fb4a1cc1,limit_hopping_zero_chain6,chain6_hole_2,364,11230,0.0009765625
haxs.stage5c2gR32.g1-quadrature.v1,7afe9cbede155b77b97a989366e0313c,b3c2d77999a05344945d2961ee60f3ee,limit_hopping_zero_chain6,chain6_hole_2,365,11231,0.0009765625
haxs.stage5c2gR32.g1-quadrature.v1,7afe9cbede155b77b97a989366e0313c,0d92863efbb8578b9edcd10cd73fae92,limit_hopping_zero_chain6,chain6_hole_2,366,11232,0.0009765625
haxs.stage5c2gR32.g1-quadrature.v1,7afe9cbede155b77b97a989366e0313c,0ec316c37e145667a031d266af3b990d,limit_hopping_zero_chain6,chain6_hole_2,367,11233,0.0009765625
haxs.stage5c2gR32.g1-quadrature.v1,7afe9cbede155b77b97a989366e0313c,59ab3168303c5198b886af89f1257f26,limit_hopping_zero_chain6,chain6_hole_2,368,11300,0.0009765625
haxs.stage5c2gR32.g1-quadrature.v1,7afe9cbede155b77b97a989366e0313c,b63ffc01664655198f26630325979272,limit_hopping_zero_chain6,chain6_hole_2,369,11301,0.0009765625
haxs.stage5c2gR32.g1-quadrature.v1,7afe9cbede155b77b97a989366e0313c,916a9bc14f3b5df490bf4c265511f83c,limit_hopping_zero_chain6,chain6_hole_2,370,11302,0.0009765625
haxs.stage5c2gR32.g1-quadrature.v1,7afe9cbede155b77b97a989366e0313c,4aa4a193668a5b39b370b361cead1c4d,limit_hopping_zero_chain6,chain6_hole_2,371,11303,0.0009765625
haxs.stage5c2gR32.g1-quadrature.v1,7afe9cbede155b77b97a989366e0313c,c41bf5183a945ed0a36b59f189bbd5e1,limit_hopping_zero_chain6,chain6_hole_2,372,11310,0.0009765625
haxs.stage5c2gR32.g1-quadrature.v1,7afe9cbede155b77b97a989366e0313c,13d0c12e4da95a25a89ef2eb4d8e5581,limit_hopping_zero_chain6,chain6_hole_2,373,11311,0.0009765625
haxs.stage5c2gR32.g1-quadrature.v1,7afe9cbede155b77b97a989366e0313c,5b19e079a99b5fd59c0c51d6b4e32356,limit_hopping_zero_chain6,chain6_hole_2,374,11312,0.0009765625
haxs.stage5c2gR32.g1-quadrature.v1,7afe9cbede155b77b97a989366e0313c,e04ad1f1340a508cbef4d68b7d204dc1,limit_hopping_zero_chain6,chain6_hole_2,375,11313,0.0009765625
haxs.stage5c2gR32.g1-quadrature.v1,7afe9cbede155b77b97a989366e0313c,b04f26c9e1da501581c808127b7ee8f1,limit_hopping_zero_chain6,chain6_hole_2,376,11320,0.0009765625
haxs.stage5c2gR32.g1-quadrature.v1,7afe9cbede155b77b97a989366e0313c,279166c14ed85933a29ddb82e60e598b,limit_hopping_zero_chain6,chain6_hole_2,377,11321,0.0009765625
haxs.stage5c2gR32.g1-quadrature.v1,7afe9cbede155b77b97a989366e0313c,92eee2a6270b5b7d87a0c8464ca09367,limit_hopping_zero_chain6,chain6_hole_2,378,11322,0.0009765625
haxs.stage5c2gR32.g1-quadrature.v1,7afe9cbede155b77b97a989366e0313c,50ef3150426d5b72a6b6e2afafc76246,limit_hopping_zero_chain6,chain6_hole_2,379,11323,0.0009765625
haxs.stage5c2gR32.g1-quadrature.v1,7afe9cbede155b77b97a989366e0313c,447a76295e825333a1e2a59fb4821c64,limit_hopping_zero_chain6,chain6_hole_2,380,11330,0.0009765625
haxs.stage5c2gR32.g1-quadrature.v1,7afe9cbede155b77b97a989366e0313c,d367e6ac71015b9b822e33bb401b23d1,limit_hopping_zero_chain6,chain6_hole_2,381,11331,0.0009765625
haxs.stage5c2gR32.g1-quadrature.v1,7afe9cbede155b77b97a989366e0313c,c82af96e8e6e5b19ae10471503046506,limit_hopping_zero_chain6,chain6_hole_2,382,11332,0.0009765625
haxs.stage5c2gR32.g1-quadrature.v1,7afe9cbede155b77b97a989366e0313c,e31bd402178755feb160316cf292b29a,limit_hopping_zero_chain6,chain6_hole_2,383,11333,0.0009765625
haxs.stage5c2gR32.g1-quadrature.v1,7afe9cbede155b77b97a989366e0313c,b13d52fdba2e51a1bc2042c02cfa7a51,limit_hopping_zero_chain6,chain6_hole_2,384,12000,0.0009765625
haxs.stage5c2gR32.g1-quadrature.v1,7afe9cbede155b77b97a989366e0313c,d4b792ddeede5ff0a55af9ac9a138d28,limit_hopping_zero_chain6,chain6_hole_2,385,12001,0.0009765625
haxs.stage5c2gR32.g1-quadrature.v1,7afe9cbede155b77b97a989366e0313c,dcc12ac0217459eb84774d7b9c72f17e,limit_hopping_zero_chain6,chain6_hole_2,386,12002,0.0009765625
haxs.stage5c2gR32.g1-quadrature.v1,7afe9cbede155b77b97a989366e0313c,4c256df558605cf4929c2d622f1bf1aa,limit_hopping_zero_chain6,chain6_hole_2,387,12003,0.0009765625
haxs.stage5c2gR32.g1-quadrature.v1,7afe9cbede155b77b97a989366e0313c,f1f19104a08f5bb6b9d1858e1b68a0e7,limit_hopping_zero_chain6,chain6_hole_2,388,12010,0.0009765625
haxs.stage5c2gR32.g1-quadrature.v1,7afe9cbede155b77b97a989366e0313c,473cf4290ccd548f8b1203fa8dc70f31,limit_hopping_zero_chain6,chain6_hole_2,389,12011,0.0009765625
haxs.stage5c2gR32.g1-quadrature.v1,7afe9cbede155b77b97a989366e0313c,dd3dc0f4adfd5b7ca887bfa23d56714f,limit_hopping_zero_chain6,chain6_hole_2,390,12012,0.0009765625
haxs.stage5c2gR32.g1-quadrature.v1,7afe9cbede155b77b97a989366e0313c,050616028d8255f2a1268ed9eb2f1540,limit_hopping_zero_chain6,chain6_hole_2,391,12013,0.0009765625
haxs.stage5c2gR32.g1-quadrature.v1,7afe9cbede155b77b97a989366e0313c,2a05d8276cb05964aebf429ac722dbbe,limit_hopping_zero_chain6,chain6_hole_2,392,12020,0.0009765625
haxs.stage5c2gR32.g1-quadrature.v1,7afe9cbede155b77b97a989366e0313c,847d42785fe056bd81ca410865fd9a99,limit_hopping_zero_chain6,chain6_hole_2,393,12021,0.0009765625
haxs.stage5c2gR32.g1-quadrature.v1,7afe9cbede155b77b97a989366e0313c,a5905a1d28d358e2bd5824ad94cd0ef2,limit_hopping_zero_chain6,chain6_hole_2,394,12022,0.0009765625
haxs.stage5c2gR32.g1-quadrature.v1,7afe9cbede155b77b97a989366e0313c,03fc7d0e358655d79bd2c3ff0e4f0a0b,limit_hopping_zero_chain6,chain6_hole_2,395,12023,0.0009765625
haxs.stage5c2gR32.g1-quadrature.v1,7afe9cbede155b77b97a989366e0313c,48299d8e217b5707b9d011847a4df688,limit_hopping_zero_chain6,chain6_hole_2,396,12030,0.0009765625
haxs.stage5c2gR32.g1-quadrature.v1,7afe9cbede155b77b97a989366e0313c,1293f91a508f5778ac08001be392a2e1,limit_hopping_zero_chain6,chain6_hole_2,397,12031,0.0009765625
haxs.stage5c2gR32.g1-quadrature.v1,7afe9cbede155b77b97a989366e0313c,2caa4681d36b5c728a2f7a58e165897c,limit_hopping_zero_chain6,chain6_hole_2,398,12032,0.0009765625
haxs.stage5c2gR32.g1-quadrature.v1,7afe9cbede155b77b97a989366e0313c,96a7eec9081a5664a9f0f214af52a756,limit_hopping_zero_chain6,chain6_hole_2,399,12033,0.0009765625
haxs.stage5c2gR32.g1-quadrature.v1,7afe9cbede155b77b97a989366e0313c,d7f571ddab4a5064a91a7c63d0daae6b,limit_hopping_zero_chain6,chain6_hole_2,400,12100,0.0009765625
haxs.stage5c2gR32.g1-quadrature.v1,7afe9cbede155b77b97a989366e0313c,130678ae920e5382a7b76402ef403b93,limit_hopping_zero_chain6,chain6_hole_2,401,12101,0.0009765625
haxs.stage5c2gR32.g1-quadrature.v1,7afe9cbede155b77b97a989366e0313c,38b1726e44c45d6ca654634b2d453000,limit_hopping_zero_chain6,chain6_hole_2,402,12102,0.0009765625
haxs.stage5c2gR32.g1-quadrature.v1,7afe9cbede155b77b97a989366e0313c,2d833033230852b0929c18edf871ab1b,limit_hopping_zero_chain6,chain6_hole_2,403,12103,0.0009765625
haxs.stage5c2gR32.g1-quadrature.v1,7afe9cbede155b77b97a989366e0313c,5c02271403305c8d98f38b3d02067efd,limit_hopping_zero_chain6,chain6_hole_2,404,12110,0.0009765625
haxs.stage5c2gR32.g1-quadrature.v1,7afe9cbede155b77b97a989366e0313c,6a559a2dd5bc530fae9957390b9c6f19,limit_hopping_zero_chain6,chain6_hole_2,405,12111,0.0009765625
haxs.stage5c2gR32.g1-quadrature.v1,7afe9cbede155b77b97a989366e0313c,0b79d3d1e72b5d9fae3c8016ddf71cc8,limit_hopping_zero_chain6,chain6_hole_2,406,12112,0.0009765625
haxs.stage5c2gR32.g1-quadrature.v1,7afe9cbede155b77b97a989366e0313c,0cfbfe7ad2fb53a0928af407a3467b00,limit_hopping_zero_chain6,chain6_hole_2,407,12113,0.0009765625
haxs.stage5c2gR32.g1-quadrature.v1,7afe9cbede155b77b97a989366e0313c,1f47d75b293756be914dd5760ca67228,limit_hopping_zero_chain6,chain6_hole_2,408,12120,0.0009765625
haxs.stage5c2gR32.g1-quadrature.v1,7afe9cbede155b77b97a989366e0313c,40f500fd7f7757b7b6619e28f7a6cf70,limit_hopping_zero_chain6,chain6_hole_2,409,12121,0.0009765625
haxs.stage5c2gR32.g1-quadrature.v1,7afe9cbede155b77b97a989366e0313c,54712ec0096b581d81ac0b535e6a3ba6,limit_hopping_zero_chain6,chain6_hole_2,410,12122,0.0009765625
haxs.stage5c2gR32.g1-quadrature.v1,7afe9cbede155b77b97a989366e0313c,6112de1f9be2575fa2866fb9594b882a,limit_hopping_zero_chain6,chain6_hole_2,411,12123,0.0009765625
haxs.stage5c2gR32.g1-quadrature.v1,7afe9cbede155b77b97a989366e0313c,9c7031005530505ea46203047ce4d3d2,limit_hopping_zero_chain6,chain6_hole_2,412,12130,0.0009765625
haxs.stage5c2gR32.g1-quadrature.v1,7afe9cbede155b77b97a989366e0313c,fa14880932ee5ada91bccd81ab94d3d6,limit_hopping_zero_chain6,chain6_hole_2,413,12131,0.0009765625
haxs.stage5c2gR32.g1-quadrature.v1,7afe9cbede155b77b97a989366e0313c,a9d3f7bc6ec7518884bdf8c856cbc164,limit_hopping_zero_chain6,chain6_hole_2,414,12132,0.0009765625
haxs.stage5c2gR32.g1-quadrature.v1,7afe9cbede155b77b97a989366e0313c,16e98af80a955f70b4a29ba9db7ef36f,limit_hopping_zero_chain6,chain6_hole_2,415,12133,0.0009765625
haxs.stage5c2gR32.g1-quadrature.v1,7afe9cbede155b77b97a989366e0313c,efcec8ce32035b289fc5a81a26f4aa06,limit_hopping_zero_chain6,chain6_hole_2,416,12200,0.0009765625
haxs.stage5c2gR32.g1-quadrature.v1,7afe9cbede155b77b97a989366e0313c,271da6592b3b5a4c90639f956d2aa654,limit_hopping_zero_chain6,chain6_hole_2,417,12201,0.0009765625
haxs.stage5c2gR32.g1-quadrature.v1,7afe9cbede155b77b97a989366e0313c,c500e7e2daba51799e131100b959f871,limit_hopping_zero_chain6,chain6_hole_2,418,12202,0.0009765625
haxs.stage5c2gR32.g1-quadrature.v1,7afe9cbede155b77b97a989366e0313c,743e4dd6584854448868e08d6f05d7f8,limit_hopping_zero_chain6,chain6_hole_2,419,12203,0.0009765625
haxs.stage5c2gR32.g1-quadrature.v1,7afe9cbede155b77b97a989366e0313c,de862c9fdef85a3c9da2a629a803b448,limit_hopping_zero_chain6,chain6_hole_2,420,12210,0.0009765625
haxs.stage5c2gR32.g1-quadrature.v1,7afe9cbede155b77b97a989366e0313c,d50898e01006579da6a6dfe9d4668e58,limit_hopping_zero_chain6,chain6_hole_2,421,12211,0.0009765625
haxs.stage5c2gR32.g1-quadrature.v1,7afe9cbede155b77b97a989366e0313c,70174fe37bd95c20842511a90a6d6b5c,limit_hopping_zero_chain6,chain6_hole_2,422,12212,0.0009765625
haxs.stage5c2gR32.g1-quadrature.v1,7afe9cbede155b77b97a989366e0313c,9165307db6645bd18682f567006eae81,limit_hopping_zero_chain6,chain6_hole_2,423,12213,0.0009765625
haxs.stage5c2gR32.g1-quadrature.v1,7afe9cbede155b77b97a989366e0313c,ca869ca2ce805499987252b86dbe5c8c,limit_hopping_zero_chain6,chain6_hole_2,424,12220,0.0009765625
haxs.stage5c2gR32.g1-quadrature.v1,7afe9cbede155b77b97a989366e0313c,5845a5eb9fed5f67b629441cd156b2a8,limit_hopping_zero_chain6,chain6_hole_2,425,12221,0.0009765625
haxs.stage5c2gR32.g1-quadrature.v1,7afe9cbede155b77b97a989366e0313c,25e114262d555caa88234a8eaf5aa202,limit_hopping_zero_chain6,chain6_hole_2,426,12222,0.0009765625
haxs.stage5c2gR32.g1-quadrature.v1,7afe9cbede155b77b97a989366e0313c,353df9a12161525daaaebfc81070d209,limit_hopping_zero_chain6,chain6_hole_2,427,12223,0.0009765625
haxs.stage5c2gR32.g1-quadrature.v1,7afe9cbede155b77b97a989366e0313c,48b883383cb55d3d90061f9458284f0a,limit_hopping_zero_chain6,chain6_hole_2,428,12230,0.0009765625
haxs.stage5c2gR32.g1-quadrature.v1,7afe9cbede155b77b97a989366e0313c,3dbe53682a565133a429df29aefaa329,limit_hopping_zero_chain6,chain6_hole_2,429,12231,0.0009765625
haxs.stage5c2gR32.g1-quadrature.v1,7afe9cbede155b77b97a989366e0313c,08427f057d6c557d9d52235f1f209c96,limit_hopping_zero_chain6,chain6_hole_2,430,12232,0.0009765625
haxs.stage5c2gR32.g1-quadrature.v1,7afe9cbede155b77b97a989366e0313c,3d2068a1e08b5ebab54e4c8671aabd32,limit_hopping_zero_chain6,chain6_hole_2,431,12233,0.0009765625
haxs.stage5c2gR32.g1-quadrature.v1,7afe9cbede155b77b97a989366e0313c,f4b746fa7dba58f492ebe6feb9d10a10,limit_hopping_zero_chain6,chain6_hole_2,432,12300,0.0009765625
haxs.stage5c2gR32.g1-quadrature.v1,7afe9cbede155b77b97a989366e0313c,e958b714e9225cb7aa75dcace7e65b8e,limit_hopping_zero_chain6,chain6_hole_2,433,12301,0.0009765625
haxs.stage5c2gR32.g1-quadrature.v1,7afe9cbede155b77b97a989366e0313c,0c77dd347b92510ab338087c032e26ad,limit_hopping_zero_chain6,chain6_hole_2,434,12302,0.0009765625
haxs.stage5c2gR32.g1-quadrature.v1,7afe9cbede155b77b97a989366e0313c,748a262a508c560ea0dcec25aff45fd0,limit_hopping_zero_chain6,chain6_hole_2,435,12303,0.0009765625
haxs.stage5c2gR32.g1-quadrature.v1,7afe9cbede155b77b97a989366e0313c,0b9153150e6b5da79bf9ca9ecc1053af,limit_hopping_zero_chain6,chain6_hole_2,436,12310,0.0009765625
haxs.stage5c2gR32.g1-quadrature.v1,7afe9cbede155b77b97a989366e0313c,d1b773f6f3485bd09454b0f31c1cec09,limit_hopping_zero_chain6,chain6_hole_2,437,12311,0.0009765625
haxs.stage5c2gR32.g1-quadrature.v1,7afe9cbede155b77b97a989366e0313c,27f2854e8aff5d91bfc497264d713636,limit_hopping_zero_chain6,chain6_hole_2,438,12312,0.0009765625
haxs.stage5c2gR32.g1-quadrature.v1,7afe9cbede155b77b97a989366e0313c,babb3e72408f5c149f6daeb898a7c4dd,limit_hopping_zero_chain6,chain6_hole_2,439,12313,0.0009765625
haxs.stage5c2gR32.g1-quadrature.v1,7afe9cbede155b77b97a989366e0313c,f1801ecf943957eaaa0e99f7a3bbd6df,limit_hopping_zero_chain6,chain6_hole_2,440,12320,0.0009765625
haxs.stage5c2gR32.g1-quadrature.v1,7afe9cbede155b77b97a989366e0313c,3c1bd23612ec53689986997aa0e83d7b,limit_hopping_zero_chain6,chain6_hole_2,441,12321,0.0009765625
haxs.stage5c2gR32.g1-quadrature.v1,7afe9cbede155b77b97a989366e0313c,8a43a0f0fa885eb19ab57592f4481f14,limit_hopping_zero_chain6,chain6_hole_2,442,12322,0.0009765625
haxs.stage5c2gR32.g1-quadrature.v1,7afe9cbede155b77b97a989366e0313c,63d82c7c5b325d0493c3d639c61ee229,limit_hopping_zero_chain6,chain6_hole_2,443,12323,0.0009765625
haxs.stage5c2gR32.g1-quadrature.v1,7afe9cbede155b77b97a989366e0313c,d4b6f58722965cb4a03a2c1362783c68,limit_hopping_zero_chain6,chain6_hole_2,444,12330,0.0009765625
haxs.stage5c2gR32.g1-quadrature.v1,7afe9cbede155b77b97a989366e0313c,c31d8685a65054e59cad1367d5e587be,limit_hopping_zero_chain6,chain6_hole_2,445,12331,0.0009765625
haxs.stage5c2gR32.g1-quadrature.v1,7afe9cbede155b77b97a989366e0313c,3e4fe0cbd6a75ab2b2a7dce2c42276be,limit_hopping_zero_chain6,chain6_hole_2,446,12332,0.0009765625
haxs.stage5c2gR32.g1-quadrature.v1,7afe9cbede155b77b97a989366e0313c,b449956561395f5aa9b5fe7a28b9402d,limit_hopping_zero_chain6,chain6_hole_2,447,12333,0.0009765625
haxs.stage5c2gR32.g1-quadrature.v1,7afe9cbede155b77b97a989366e0313c,b1071b1c5979520688fded60cf8c73f3,limit_hopping_zero_chain6,chain6_hole_2,448,13000,0.0009765625
haxs.stage5c2gR32.g1-quadrature.v1,7afe9cbede155b77b97a989366e0313c,2272729084c356e78952cd8d2e51d21b,limit_hopping_zero_chain6,chain6_hole_2,449,13001,0.0009765625
haxs.stage5c2gR32.g1-quadrature.v1,7afe9cbede155b77b97a989366e0313c,ee3c32b0a95a5c1cb3c547885c58a22d,limit_hopping_zero_chain6,chain6_hole_2,450,13002,0.0009765625
haxs.stage5c2gR32.g1-quadrature.v1,7afe9cbede155b77b97a989366e0313c,a38ca31fc05d5d668b6c9d4bd571db91,limit_hopping_zero_chain6,chain6_hole_2,451,13003,0.0009765625
haxs.stage5c2gR32.g1-quadrature.v1,7afe9cbede155b77b97a989366e0313c,583cff46b1e85c68a9f3309e305a3b0b,limit_hopping_zero_chain6,chain6_hole_2,452,13010,0.0009765625
haxs.stage5c2gR32.g1-quadrature.v1,7afe9cbede155b77b97a989366e0313c,5d50630c16cd5ed097e3499ac355eae1,limit_hopping_zero_chain6,chain6_hole_2,453,13011,0.0009765625
haxs.stage5c2gR32.g1-quadrature.v1,7afe9cbede155b77b97a989366e0313c,ceda7ed4b8c25718a4132bfff2f83089,limit_hopping_zero_chain6,chain6_hole_2,454,13012,0.0009765625
haxs.stage5c2gR32.g1-quadrature.v1,7afe9cbede155b77b97a989366e0313c,9aea82210ef5540fb0ee0d5bc427b60c,limit_hopping_zero_chain6,chain6_hole_2,455,13013,0.0009765625
haxs.stage5c2gR32.g1-quadrature.v1,7afe9cbede155b77b97a989366e0313c,25d2c2da048451e79aa18af7f1cc9660,limit_hopping_zero_chain6,chain6_hole_2,456,13020,0.0009765625
haxs.stage5c2gR32.g1-quadrature.v1,7afe9cbede155b77b97a989366e0313c,7092a77fa01c51babc0f2fbb6166d9c4,limit_hopping_zero_chain6,chain6_hole_2,457,13021,0.0009765625
haxs.stage5c2gR32.g1-quadrature.v1,7afe9cbede155b77b97a989366e0313c,eb83eb940281519bb97318864c6a9228,limit_hopping_zero_chain6,chain6_hole_2,458,13022,0.0009765625
haxs.stage5c2gR32.g1-quadrature.v1,7afe9cbede155b77b97a989366e0313c,080675a9897056978e32f87c6af22979,limit_hopping_zero_chain6,chain6_hole_2,459,13023,0.0009765625
haxs.stage5c2gR32.g1-quadrature.v1,7afe9cbede155b77b97a989366e0313c,6a23322d01a15ddd85e9fd834daa891c,limit_hopping_zero_chain6,chain6_hole_2,460,13030,0.0009765625
haxs.stage5c2gR32.g1-quadrature.v1,7afe9cbede155b77b97a989366e0313c,e5f218151ac05577a59c09881e396aaa,limit_hopping_zero_chain6,chain6_hole_2,461,13031,0.0009765625
haxs.stage5c2gR32.g1-quadrature.v1,7afe9cbede155b77b97a989366e0313c,a02de5f6a28f5aa7be3ce241c71cf062,limit_hopping_zero_chain6,chain6_hole_2,462,13032,0.0009765625
haxs.stage5c2gR32.g1-quadrature.v1,7afe9cbede155b77b97a989366e0313c,f329ab7a10df5022bfcde60048c5b547,limit_hopping_zero_chain6,chain6_hole_2,463,13033,0.0009765625
haxs.stage5c2gR32.g1-quadrature.v1,7afe9cbede155b77b97a989366e0313c,198b8fde08fb5bcbb32310a125388689,limit_hopping_zero_chain6,chain6_hole_2,464,13100,0.0009765625
haxs.stage5c2gR32.g1-quadrature.v1,7afe9cbede155b77b97a989366e0313c,2cb9c1153fb8508487a450038b5b09a2,limit_hopping_zero_chain6,chain6_hole_2,465,13101,0.0009765625
haxs.stage5c2gR32.g1-quadrature.v1,7afe9cbede155b77b97a989366e0313c,c22afc7935c15b6fadd616eaf61a19b3,limit_hopping_zero_chain6,chain6_hole_2,466,13102,0.0009765625
haxs.stage5c2gR32.g1-quadrature.v1,7afe9cbede155b77b97a989366e0313c,26030417520a5b72a483c2cef1b91780,limit_hopping_zero_chain6,chain6_hole_2,467,13103,0.0009765625
haxs.stage5c2gR32.g1-quadrature.v1,7afe9cbede155b77b97a989366e0313c,33e7a74f9e14556a9255feaf70d9a39c,limit_hopping_zero_chain6,chain6_hole_2,468,13110,0.0009765625
haxs.stage5c2gR32.g1-quadrature.v1,7afe9cbede155b77b97a989366e0313c,8e6a34df65f654c0841ea2623d3bb80b,limit_hopping_zero_chain6,chain6_hole_2,469,13111,0.0009765625
haxs.stage5c2gR32.g1-quadrature.v1,7afe9cbede155b77b97a989366e0313c,7f913112c47053418dd7e3103752b50f,limit_hopping_zero_chain6,chain6_hole_2,470,13112,0.0009765625
haxs.stage5c2gR32.g1-quadrature.v1,7afe9cbede155b77b97a989366e0313c,871ccd132ab85f9fb5a95cb89abaac08,limit_hopping_zero_chain6,chain6_hole_2,471,13113,0.0009765625
haxs.stage5c2gR32.g1-quadrature.v1,7afe9cbede155b77b97a989366e0313c,c709350358a55a319078b6a3df4f56c7,limit_hopping_zero_chain6,chain6_hole_2,472,13120,0.0009765625
haxs.stage5c2gR32.g1-quadrature.v1,7afe9cbede155b77b97a989366e0313c,629140a950ae5ac6b3a20b064b116ded,limit_hopping_zero_chain6,chain6_hole_2,473,13121,0.0009765625
haxs.stage5c2gR32.g1-quadrature.v1,7afe9cbede155b77b97a989366e0313c,37569d765d8b5cc4ac04ba2896bc36e9,limit_hopping_zero_chain6,chain6_hole_2,474,13122,0.0009765625
haxs.stage5c2gR32.g1-quadrature.v1,7afe9cbede155b77b97a989366e0313c,b25a8eb3564b575e82ef37c51c77da2e,limit_hopping_zero_chain6,chain6_hole_2,475,13123,0.0009765625
haxs.stage5c2gR32.g1-quadrature.v1,7afe9cbede155b77b97a989366e0313c,ff98d3290a2b531eab17fc4b5d210413,limit_hopping_zero_chain6,chain6_hole_2,476,13130,0.0009765625
haxs.stage5c2gR32.g1-quadrature.v1,7afe9cbede155b77b97a989366e0313c,d55a0721fce154b29efb1b612336a862,limit_hopping_zero_chain6,chain6_hole_2,477,13131,0.0009765625
haxs.stage5c2gR32.g1-quadrature.v1,7afe9cbede155b77b97a989366e0313c,9fe8794065c75b2b9678d00ddaf1b5be,limit_hopping_zero_chain6,chain6_hole_2,478,13132,0.0009765625
haxs.stage5c2gR32.g1-quadrature.v1,7afe9cbede155b77b97a989366e0313c,7a671c269181528eb0783af63135fa66,limit_hopping_zero_chain6,chain6_hole_2,479,13133,0.0009765625
haxs.stage5c2gR32.g1-quadrature.v1,7afe9cbede155b77b97a989366e0313c,5ee5cfbe5a8f5b2f9b614659c95ccc86,limit_hopping_zero_chain6,chain6_hole_2,480,13200,0.0009765625
haxs.stage5c2gR32.g1-quadrature.v1,7afe9cbede155b77b97a989366e0313c,c69d87e48e0a5cbdb568383e5941babd,limit_hopping_zero_chain6,chain6_hole_2,481,13201,0.0009765625
haxs.stage5c2gR32.g1-quadrature.v1,7afe9cbede155b77b97a989366e0313c,3290d1ff0dc25714bde0a6d51130ed79,limit_hopping_zero_chain6,chain6_hole_2,482,13202,0.0009765625
haxs.stage5c2gR32.g1-quadrature.v1,7afe9cbede155b77b97a989366e0313c,01016f78ce845932ac56ec0d586ba168,limit_hopping_zero_chain6,chain6_hole_2,483,13203,0.0009765625
haxs.stage5c2gR32.g1-quadrature.v1,7afe9cbede155b77b97a989366e0313c,11762a0d8bdc547a8bebd78aa7d3b47d,limit_hopping_zero_chain6,chain6_hole_2,484,13210,0.0009765625
haxs.stage5c2gR32.g1-quadrature.v1,7afe9cbede155b77b97a989366e0313c,175292dd88ce58dab01e8a2752b1c818,limit_hopping_zero_chain6,chain6_hole_2,485,13211,0.0009765625
haxs.stage5c2gR32.g1-quadrature.v1,7afe9cbede155b77b97a989366e0313c,55c49aa4e42657689bf1017a52fbf9fc,limit_hopping_zero_chain6,chain6_hole_2,486,13212,0.0009765625
haxs.stage5c2gR32.g1-quadrature.v1,7afe9cbede155b77b97a989366e0313c,ca36cee59cb35249aed5ed48b4129473,limit_hopping_zero_chain6,chain6_hole_2,487,13213,0.0009765625
haxs.stage5c2gR32.g1-quadrature.v1,7afe9cbede155b77b97a989366e0313c,767b9794e4125f18951937b8902dd305,limit_hopping_zero_chain6,chain6_hole_2,488,13220,0.0009765625
haxs.stage5c2gR32.g1-quadrature.v1,7afe9cbede155b77b97a989366e0313c,2217015502b05f1da21097d5948be4c6,limit_hopping_zero_chain6,chain6_hole_2,489,13221,0.0009765625
haxs.stage5c2gR32.g1-quadrature.v1,7afe9cbede155b77b97a989366e0313c,2a48fa173f49514698b7a87fd32ac40b,limit_hopping_zero_chain6,chain6_hole_2,490,13222,0.0009765625
haxs.stage5c2gR32.g1-quadrature.v1,7afe9cbede155b77b97a989366e0313c,aecea25adb6b59a9854879d4397c1982,limit_hopping_zero_chain6,chain6_hole_2,491,13223,0.0009765625
haxs.stage5c2gR32.g1-quadrature.v1,7afe9cbede155b77b97a989366e0313c,33d4f24a70515711aa2a7057df4be09a,limit_hopping_zero_chain6,chain6_hole_2,492,13230,0.0009765625
haxs.stage5c2gR32.g1-quadrature.v1,7afe9cbede155b77b97a989366e0313c,c6cadd215ed5556c8e9c08b0eb85b6e2,limit_hopping_zero_chain6,chain6_hole_2,493,13231,0.0009765625
haxs.stage5c2gR32.g1-quadrature.v1,7afe9cbede155b77b97a989366e0313c,a2b7720819ba5853bea3bf9bf308c37c,limit_hopping_zero_chain6,chain6_hole_2,494,13232,0.0009765625
haxs.stage5c2gR32.g1-quadrature.v1,7afe9cbede155b77b97a989366e0313c,0313dea4b990522db7dcf1ab0a968326,limit_hopping_zero_chain6,chain6_hole_2,495,13233,0.0009765625
haxs.stage5c2gR32.g1-quadrature.v1,7afe9cbede155b77b97a989366e0313c,330c1fd02cf85d2bb88d3900f84e6f1b,limit_hopping_zero_chain6,chain6_hole_2,496,13300,0.0009765625
haxs.stage5c2gR32.g1-quadrature.v1,7afe9cbede155b77b97a989366e0313c,0900b6df89d55fa1aaa923295fbb6928,limit_hopping_zero_chain6,chain6_hole_2,497,13301,0.0009765625
haxs.stage5c2gR32.g1-quadrature.v1,7afe9cbede155b77b97a989366e0313c,39aad20b7cbe59e0be9a29ac33f029b9,limit_hopping_zero_chain6,chain6_hole_2,498,13302,0.0009765625
haxs.stage5c2gR32.g1-quadrature.v1,7afe9cbede155b77b97a989366e0313c,1b00877c524258b4922d5802526fefa1,limit_hopping_zero_chain6,chain6_hole_2,499,13303,0.0009765625
haxs.stage5c2gR32.g1-quadrature.v1,7afe9cbede155b77b97a989366e0313c,84f279239e0b5bd7b739874b5a3c4f91,limit_hopping_zero_chain6,chain6_hole_2,500,13310,0.0009765625
haxs.stage5c2gR32.g1-quadrature.v1,7afe9cbede155b77b97a989366e0313c,cff655d7a9c5582982365c2d4f216d75,limit_hopping_zero_chain6,chain6_hole_2,501,13311,0.0009765625
haxs.stage5c2gR32.g1-quadrature.v1,7afe9cbede155b77b97a989366e0313c,7de60e2316de5829bca648caac50b61b,limit_hopping_zero_chain6,chain6_hole_2,502,13312,0.0009765625
haxs.stage5c2gR32.g1-quadrature.v1,7afe9cbede155b77b97a989366e0313c,5625fb300b7d5b6f81ab4aab056214b9,limit_hopping_zero_chain6,chain6_hole_2,503,13313,0.0009765625
haxs.stage5c2gR32.g1-quadrature.v1,7afe9cbede155b77b97a989366e0313c,6c03fbc2cbdd508ea27bca72b0659253,limit_hopping_zero_chain6,chain6_hole_2,504,13320,0.0009765625
haxs.stage5c2gR32.g1-quadrature.v1,7afe9cbede155b77b97a989366e0313c,0e0d40c2e975516b807eec7261d96c99,limit_hopping_zero_chain6,chain6_hole_2,505,13321,0.0009765625
haxs.stage5c2gR32.g1-quadrature.v1,7afe9cbede155b77b97a989366e0313c,1a5556f48444505cb4d498b75d5dc846,limit_hopping_zero_chain6,chain6_hole_2,506,13322,0.0009765625
haxs.stage5c2gR32.g1-quadrature.v1,7afe9cbede155b77b97a989366e0313c,1975bb8c68885399b695ed788169e942,limit_hopping_zero_chain6,chain6_hole_2,507,13323,0.0009765625
haxs.stage5c2gR32.g1-quadrature.v1,7afe9cbede155b77b97a989366e0313c,6520345246a751c4a6dd38d683f0d541,limit_hopping_zero_chain6,chain6_hole_2,508,13330,0.0009765625
haxs.stage5c2gR32.g1-quadrature.v1,7afe9cbede155b77b97a989366e0313c,fb5d77f8705a5e99b99c6f927a2c4b9b,limit_hopping_zero_chain6,chain6_hole_2,509,13331,0.0009765625
haxs.stage5c2gR32.g1-quadrature.v1,7afe9cbede155b77b97a989366e0313c,a5caa96e468b5600b7ef171c88c5a049,limit_hopping_zero_chain6,chain6_hole_2,510,13332,0.0009765625
haxs.stage5c2gR32.g1-quadrature.v1,7afe9cbede155b77b97a989366e0313c,25337971966753a9b0d3f6ae7fa40939,limit_hopping_zero_chain6,chain6_hole_2,511,13333,0.0009765625
haxs.stage5c2gR32.g1-quadrature.v1,7afe9cbede155b77b97a989366e0313c,b88f739e56ef5a919205927307e4a3dd,limit_hopping_zero_chain6,chain6_hole_2,512,20000,0.0009765625
haxs.stage5c2gR32.g1-quadrature.v1,7afe9cbede155b77b97a989366e0313c,b519fbfece595f2c8f6cd129653c1bf6,limit_hopping_zero_chain6,chain6_hole_2,513,20001,0.0009765625
haxs.stage5c2gR32.g1-quadrature.v1,7afe9cbede155b77b97a989366e0313c,188a57ff90c8568db521a16159cd3e45,limit_hopping_zero_chain6,chain6_hole_2,514,20002,0.0009765625
haxs.stage5c2gR32.g1-quadrature.v1,7afe9cbede155b77b97a989366e0313c,14fe8d3e695758a7bac81742259507ab,limit_hopping_zero_chain6,chain6_hole_2,515,20003,0.0009765625
haxs.stage5c2gR32.g1-quadrature.v1,7afe9cbede155b77b97a989366e0313c,4dc49283bc795e57b7db8c12e4bf7661,limit_hopping_zero_chain6,chain6_hole_2,516,20010,0.0009765625
haxs.stage5c2gR32.g1-quadrature.v1,7afe9cbede155b77b97a989366e0313c,45babc7ea3fe5aa2bf41ed8bfe75c9b6,limit_hopping_zero_chain6,chain6_hole_2,517,20011,0.0009765625
haxs.stage5c2gR32.g1-quadrature.v1,7afe9cbede155b77b97a989366e0313c,e8ef270d5ff1503d94a7355b97373547,limit_hopping_zero_chain6,chain6_hole_2,518,20012,0.0009765625
haxs.stage5c2gR32.g1-quadrature.v1,7afe9cbede155b77b97a989366e0313c,d7f623a624875a7bab671b83ec9ad8cb,limit_hopping_zero_chain6,chain6_hole_2,519,20013,0.0009765625
haxs.stage5c2gR32.g1-quadrature.v1,7afe9cbede155b77b97a989366e0313c,51afc3917280532d85b5792180ae2bd6,limit_hopping_zero_chain6,chain6_hole_2,520,20020,0.0009765625
haxs.stage5c2gR32.g1-quadrature.v1,7afe9cbede155b77b97a989366e0313c,46a84e1e3e2453eeb4f59106b1bf1b82,limit_hopping_zero_chain6,chain6_hole_2,521,20021,0.0009765625
haxs.stage5c2gR32.g1-quadrature.v1,7afe9cbede155b77b97a989366e0313c,2f7e8c405af651f19880af20b125f03d,limit_hopping_zero_chain6,chain6_hole_2,522,20022,0.0009765625
haxs.stage5c2gR32.g1-quadrature.v1,7afe9cbede155b77b97a989366e0313c,74fb489c5d6c5671b207b3334370a3ce,limit_hopping_zero_chain6,chain6_hole_2,523,20023,0.0009765625
haxs.stage5c2gR32.g1-quadrature.v1,7afe9cbede155b77b97a989366e0313c,3670792516c855f5a661e9e958d7b685,limit_hopping_zero_chain6,chain6_hole_2,524,20030,0.0009765625
haxs.stage5c2gR32.g1-quadrature.v1,7afe9cbede155b77b97a989366e0313c,3b9f92ccbfb3584d8adc0a66d13cf16f,limit_hopping_zero_chain6,chain6_hole_2,525,20031,0.0009765625
haxs.stage5c2gR32.g1-quadrature.v1,7afe9cbede155b77b97a989366e0313c,e2e3112b86d15b499fa4593f0b455d17,limit_hopping_zero_chain6,chain6_hole_2,526,20032,0.0009765625
haxs.stage5c2gR32.g1-quadrature.v1,7afe9cbede155b77b97a989366e0313c,666421f235f75da7b24772b4d8df377d,limit_hopping_zero_chain6,chain6_hole_2,527,20033,0.0009765625
haxs.stage5c2gR32.g1-quadrature.v1,7afe9cbede155b77b97a989366e0313c,49be4731c28a53718d04c53d16754bd9,limit_hopping_zero_chain6,chain6_hole_2,528,20100,0.0009765625
haxs.stage5c2gR32.g1-quadrature.v1,7afe9cbede155b77b97a989366e0313c,4cbfbfa04bbc5201a5887052eba330b7,limit_hopping_zero_chain6,chain6_hole_2,529,20101,0.0009765625
haxs.stage5c2gR32.g1-quadrature.v1,7afe9cbede155b77b97a989366e0313c,03e209189a4e5ec7977017f07535d464,limit_hopping_zero_chain6,chain6_hole_2,530,20102,0.0009765625
haxs.stage5c2gR32.g1-quadrature.v1,7afe9cbede155b77b97a989366e0313c,a6c457a1446a5ba0bb0850c1a8fd7e6c,limit_hopping_zero_chain6,chain6_hole_2,531,20103,0.0009765625
haxs.stage5c2gR32.g1-quadrature.v1,7afe9cbede155b77b97a989366e0313c,930cc36617c654c193066f5010377bfe,limit_hopping_zero_chain6,chain6_hole_2,532,20110,0.0009765625
haxs.stage5c2gR32.g1-quadrature.v1,7afe9cbede155b77b97a989366e0313c,7b0e4af448345dfabeb5c79109d85cf6,limit_hopping_zero_chain6,chain6_hole_2,533,20111,0.0009765625
haxs.stage5c2gR32.g1-quadrature.v1,7afe9cbede155b77b97a989366e0313c,3c89b26791255698aaf613b213b606ba,limit_hopping_zero_chain6,chain6_hole_2,534,20112,0.0009765625
haxs.stage5c2gR32.g1-quadrature.v1,7afe9cbede155b77b97a989366e0313c,9adf6b9cb64f55bab49b1d2e6d98f1c6,limit_hopping_zero_chain6,chain6_hole_2,535,20113,0.0009765625
haxs.stage5c2gR32.g1-quadrature.v1,7afe9cbede155b77b97a989366e0313c,8662318523f65d2698302487dbdda8c3,limit_hopping_zero_chain6,chain6_hole_2,536,20120,0.0009765625
haxs.stage5c2gR32.g1-quadrature.v1,7afe9cbede155b77b97a989366e0313c,a7fdc90a57255d618e9cfa783fb779bd,limit_hopping_zero_chain6,chain6_hole_2,537,20121,0.0009765625
haxs.stage5c2gR32.g1-quadrature.v1,7afe9cbede155b77b97a989366e0313c,797330e67b6a50b0abb67b4782d7f787,limit_hopping_zero_chain6,chain6_hole_2,538,20122,0.0009765625
haxs.stage5c2gR32.g1-quadrature.v1,7afe9cbede155b77b97a989366e0313c,4280f7d7d7b857d4b2b65d9f89fdaf35,limit_hopping_zero_chain6,chain6_hole_2,539,20123,0.0009765625
haxs.stage5c2gR32.g1-quadrature.v1,7afe9cbede155b77b97a989366e0313c,d32f38440ac85a20aee0609b37c92cdf,limit_hopping_zero_chain6,chain6_hole_2,540,20130,0.0009765625
haxs.stage5c2gR32.g1-quadrature.v1,7afe9cbede155b77b97a989366e0313c,ecccad8a9f4f50659470133f8f3832c0,limit_hopping_zero_chain6,chain6_hole_2,541,20131,0.0009765625
haxs.stage5c2gR32.g1-quadrature.v1,7afe9cbede155b77b97a989366e0313c,91c0d87036d452cebcf3984e9ca38a2f,limit_hopping_zero_chain6,chain6_hole_2,542,20132,0.0009765625
haxs.stage5c2gR32.g1-quadrature.v1,7afe9cbede155b77b97a989366e0313c,29d05687f94c5a2a8e6279599b0f68e5,limit_hopping_zero_chain6,chain6_hole_2,543,20133,0.0009765625
haxs.stage5c2gR32.g1-quadrature.v1,7afe9cbede155b77b97a989366e0313c,0f2037aae3a45f3aa57011b2e0e0277a,limit_hopping_zero_chain6,chain6_hole_2,544,20200,0.0009765625
haxs.stage5c2gR32.g1-quadrature.v1,7afe9cbede155b77b97a989366e0313c,4bcb384648ef50088e8a2d9413b401f2,limit_hopping_zero_chain6,chain6_hole_2,545,20201,0.0009765625
haxs.stage5c2gR32.g1-quadrature.v1,7afe9cbede155b77b97a989366e0313c,2ac2b050b4d25d7eb2b774ff00dbb1b3,limit_hopping_zero_chain6,chain6_hole_2,546,20202,0.0009765625
haxs.stage5c2gR32.g1-quadrature.v1,7afe9cbede155b77b97a989366e0313c,6c21f7df06de56e8a48983da03be017a,limit_hopping_zero_chain6,chain6_hole_2,547,20203,0.0009765625
haxs.stage5c2gR32.g1-quadrature.v1,7afe9cbede155b77b97a989366e0313c,382578db56425ca29d06d086c7d1c9ae,limit_hopping_zero_chain6,chain6_hole_2,548,20210,0.0009765625
haxs.stage5c2gR32.g1-quadrature.v1,7afe9cbede155b77b97a989366e0313c,06e3f8488c145a4191acdbd99e16bc6b,limit_hopping_zero_chain6,chain6_hole_2,549,20211,0.0009765625
haxs.stage5c2gR32.g1-quadrature.v1,7afe9cbede155b77b97a989366e0313c,a7965cf4ec2d5c6fa06cf838738ae1c2,limit_hopping_zero_chain6,chain6_hole_2,550,20212,0.0009765625
haxs.stage5c2gR32.g1-quadrature.v1,7afe9cbede155b77b97a989366e0313c,be6c7eb0dc2d54cea3e7be44159da8ef,limit_hopping_zero_chain6,chain6_hole_2,551,20213,0.0009765625
haxs.stage5c2gR32.g1-quadrature.v1,7afe9cbede155b77b97a989366e0313c,aeb36516047356488769d1e2e92f05c7,limit_hopping_zero_chain6,chain6_hole_2,552,20220,0.0009765625
haxs.stage5c2gR32.g1-quadrature.v1,7afe9cbede155b77b97a989366e0313c,5c484e4a64cb5c1781b78ffa5f12d88f,limit_hopping_zero_chain6,chain6_hole_2,553,20221,0.0009765625
haxs.stage5c2gR32.g1-quadrature.v1,7afe9cbede155b77b97a989366e0313c,12b5f6bf6bfe5a5faf6bf504864523f0,limit_hopping_zero_chain6,chain6_hole_2,554,20222,0.0009765625
haxs.stage5c2gR32.g1-quadrature.v1,7afe9cbede155b77b97a989366e0313c,86df9cec244756f88b0c99bc150408f2,limit_hopping_zero_chain6,chain6_hole_2,555,20223,0.0009765625
haxs.stage5c2gR32.g1-quadrature.v1,7afe9cbede155b77b97a989366e0313c,c9f359a1a71e5632a28be736b10bc710,limit_hopping_zero_chain6,chain6_hole_2,556,20230,0.0009765625
haxs.stage5c2gR32.g1-quadrature.v1,7afe9cbede155b77b97a989366e0313c,694ccfced98054a0b5235b72c45fd827,limit_hopping_zero_chain6,chain6_hole_2,557,20231,0.0009765625
haxs.stage5c2gR32.g1-quadrature.v1,7afe9cbede155b77b97a989366e0313c,daf0c99bd47d5365b780a5efbf448851,limit_hopping_zero_chain6,chain6_hole_2,558,20232,0.0009765625
haxs.stage5c2gR32.g1-quadrature.v1,7afe9cbede155b77b97a989366e0313c,004c9c2d2b4e582e9f90fe6c1fb96411,limit_hopping_zero_chain6,chain6_hole_2,559,20233,0.0009765625
haxs.stage5c2gR32.g1-quadrature.v1,7afe9cbede155b77b97a989366e0313c,b03a123e17f55f66a44b588b9d8f5360,limit_hopping_zero_chain6,chain6_hole_2,560,20300,0.0009765625
haxs.stage5c2gR32.g1-quadrature.v1,7afe9cbede155b77b97a989366e0313c,699be526fe745f3c8bda9d19ebd71e8e,limit_hopping_zero_chain6,chain6_hole_2,561,20301,0.0009765625
haxs.stage5c2gR32.g1-quadrature.v1,7afe9cbede155b77b97a989366e0313c,e6ae0ef075d15290a88a400ebbd073ae,limit_hopping_zero_chain6,chain6_hole_2,562,20302,0.0009765625
haxs.stage5c2gR32.g1-quadrature.v1,7afe9cbede155b77b97a989366e0313c,efadf028132459698653829d1ac74cf1,limit_hopping_zero_chain6,chain6_hole_2,563,20303,0.0009765625
haxs.stage5c2gR32.g1-quadrature.v1,7afe9cbede155b77b97a989366e0313c,4b6a06685d2a559d8a56319e6d3eb603,limit_hopping_zero_chain6,chain6_hole_2,564,20310,0.0009765625
haxs.stage5c2gR32.g1-quadrature.v1,7afe9cbede155b77b97a989366e0313c,71dc3ae0abbc50a5af4a7cc941a2b981,limit_hopping_zero_chain6,chain6_hole_2,565,20311,0.0009765625
haxs.stage5c2gR32.g1-quadrature.v1,7afe9cbede155b77b97a989366e0313c,913b1e887c005b05bf5985a64b537af2,limit_hopping_zero_chain6,chain6_hole_2,566,20312,0.0009765625
haxs.stage5c2gR32.g1-quadrature.v1,7afe9cbede155b77b97a989366e0313c,f3c899ab30405fa885e2476cc6796275,limit_hopping_zero_chain6,chain6_hole_2,567,20313,0.0009765625
haxs.stage5c2gR32.g1-quadrature.v1,7afe9cbede155b77b97a989366e0313c,68136dd041205a53a1eba0ab46a062ed,limit_hopping_zero_chain6,chain6_hole_2,568,20320,0.0009765625
haxs.stage5c2gR32.g1-quadrature.v1,7afe9cbede155b77b97a989366e0313c,f2ec57a4bcd857958e5a804fea9434ec,limit_hopping_zero_chain6,chain6_hole_2,569,20321,0.0009765625
haxs.stage5c2gR32.g1-quadrature.v1,7afe9cbede155b77b97a989366e0313c,0ea550b09a105a21829b8542762d0cca,limit_hopping_zero_chain6,chain6_hole_2,570,20322,0.0009765625
haxs.stage5c2gR32.g1-quadrature.v1,7afe9cbede155b77b97a989366e0313c,4c06dd9b063d58f9a097c618525832da,limit_hopping_zero_chain6,chain6_hole_2,571,20323,0.0009765625
haxs.stage5c2gR32.g1-quadrature.v1,7afe9cbede155b77b97a989366e0313c,4c5870ccfee85761aa69cd801da07e6c,limit_hopping_zero_chain6,chain6_hole_2,572,20330,0.0009765625
haxs.stage5c2gR32.g1-quadrature.v1,7afe9cbede155b77b97a989366e0313c,8a125e5d73ef5060b66ddae58225e8ea,limit_hopping_zero_chain6,chain6_hole_2,573,20331,0.0009765625
haxs.stage5c2gR32.g1-quadrature.v1,7afe9cbede155b77b97a989366e0313c,6787737ee5d951738fc92ca13bfe63a1,limit_hopping_zero_chain6,chain6_hole_2,574,20332,0.0009765625
haxs.stage5c2gR32.g1-quadrature.v1,7afe9cbede155b77b97a989366e0313c,c7197722f2925298bbcab8ba9d299cd4,limit_hopping_zero_chain6,chain6_hole_2,575,20333,0.0009765625
haxs.stage5c2gR32.g1-quadrature.v1,7afe9cbede155b77b97a989366e0313c,f8dd094ee0c65ab0b9d8de78df4171ab,limit_hopping_zero_chain6,chain6_hole_2,576,21000,0.0009765625
haxs.stage5c2gR32.g1-quadrature.v1,7afe9cbede155b77b97a989366e0313c,b9564ce37bdc5f77a4921266ed4a62f0,limit_hopping_zero_chain6,chain6_hole_2,577,21001,0.0009765625
haxs.stage5c2gR32.g1-quadrature.v1,7afe9cbede155b77b97a989366e0313c,5c7cb429036e5dbaa6f1e10345adc203,limit_hopping_zero_chain6,chain6_hole_2,578,21002,0.0009765625
haxs.stage5c2gR32.g1-quadrature.v1,7afe9cbede155b77b97a989366e0313c,4934e53c419b527abff57dde391daec4,limit_hopping_zero_chain6,chain6_hole_2,579,21003,0.0009765625
haxs.stage5c2gR32.g1-quadrature.v1,7afe9cbede155b77b97a989366e0313c,100e97375c4958128d574043f8022641,limit_hopping_zero_chain6,chain6_hole_2,580,21010,0.0009765625
haxs.stage5c2gR32.g1-quadrature.v1,7afe9cbede155b77b97a989366e0313c,9d7848cae96e57f89967aa5d4ace21a2,limit_hopping_zero_chain6,chain6_hole_2,581,21011,0.0009765625
haxs.stage5c2gR32.g1-quadrature.v1,7afe9cbede155b77b97a989366e0313c,ff5e4d1d1aa351358c06b5e9d26e8958,limit_hopping_zero_chain6,chain6_hole_2,582,21012,0.0009765625
haxs.stage5c2gR32.g1-quadrature.v1,7afe9cbede155b77b97a989366e0313c,3b3ec1942c4554e3bb5ad8940ebff183,limit_hopping_zero_chain6,chain6_hole_2,583,21013,0.0009765625
haxs.stage5c2gR32.g1-quadrature.v1,7afe9cbede155b77b97a989366e0313c,c6b6422db7f05cb6b0b006a878c2b3ce,limit_hopping_zero_chain6,chain6_hole_2,584,21020,0.0009765625
haxs.stage5c2gR32.g1-quadrature.v1,7afe9cbede155b77b97a989366e0313c,475d72a223f75b9e8fdd7750a3199478,limit_hopping_zero_chain6,chain6_hole_2,585,21021,0.0009765625
haxs.stage5c2gR32.g1-quadrature.v1,7afe9cbede155b77b97a989366e0313c,b671c446c7075335af95f9ef935a4d33,limit_hopping_zero_chain6,chain6_hole_2,586,21022,0.0009765625
haxs.stage5c2gR32.g1-quadrature.v1,7afe9cbede155b77b97a989366e0313c,939fe9d967835daaad6a1b6a9977b754,limit_hopping_zero_chain6,chain6_hole_2,587,21023,0.0009765625
haxs.stage5c2gR32.g1-quadrature.v1,7afe9cbede155b77b97a989366e0313c,2977de918d5353549e2f112064c7a2ce,limit_hopping_zero_chain6,chain6_hole_2,588,21030,0.0009765625
haxs.stage5c2gR32.g1-quadrature.v1,7afe9cbede155b77b97a989366e0313c,45bd1cbcd095552facf056bf2dd70c13,limit_hopping_zero_chain6,chain6_hole_2,589,21031,0.0009765625
haxs.stage5c2gR32.g1-quadrature.v1,7afe9cbede155b77b97a989366e0313c,37d11558aafc5093bd4aba059abbcd52,limit_hopping_zero_chain6,chain6_hole_2,590,21032,0.0009765625
haxs.stage5c2gR32.g1-quadrature.v1,7afe9cbede155b77b97a989366e0313c,898a578052b957ab8e0fcadb45fe16e2,limit_hopping_zero_chain6,chain6_hole_2,591,21033,0.0009765625
haxs.stage5c2gR32.g1-quadrature.v1,7afe9cbede155b77b97a989366e0313c,ccd3411d9dfd58a9ac1df0ba03576de4,limit_hopping_zero_chain6,chain6_hole_2,592,21100,0.0009765625
haxs.stage5c2gR32.g1-quadrature.v1,7afe9cbede155b77b97a989366e0313c,385724dc6a2751bfb5be6c7e57fd0f7f,limit_hopping_zero_chain6,chain6_hole_2,593,21101,0.0009765625
haxs.stage5c2gR32.g1-quadrature.v1,7afe9cbede155b77b97a989366e0313c,8592bb57b278508e9dbe9693019d11be,limit_hopping_zero_chain6,chain6_hole_2,594,21102,0.0009765625
haxs.stage5c2gR32.g1-quadrature.v1,7afe9cbede155b77b97a989366e0313c,2771bf79555950d7a7206afcdc0652b9,limit_hopping_zero_chain6,chain6_hole_2,595,21103,0.0009765625
haxs.stage5c2gR32.g1-quadrature.v1,7afe9cbede155b77b97a989366e0313c,b3bb7d3ea2b751bab09e5ef5e90d11b4,limit_hopping_zero_chain6,chain6_hole_2,596,21110,0.0009765625
haxs.stage5c2gR32.g1-quadrature.v1,7afe9cbede155b77b97a989366e0313c,258acd412cca5a9eb34eb39352f75e54,limit_hopping_zero_chain6,chain6_hole_2,597,21111,0.0009765625
haxs.stage5c2gR32.g1-quadrature.v1,7afe9cbede155b77b97a989366e0313c,33abbfcd5c0959d3ac7f7385feb0d808,limit_hopping_zero_chain6,chain6_hole_2,598,21112,0.0009765625
haxs.stage5c2gR32.g1-quadrature.v1,7afe9cbede155b77b97a989366e0313c,82153b96ebac5ec38ec78fcd8fa91c39,limit_hopping_zero_chain6,chain6_hole_2,599,21113,0.0009765625
haxs.stage5c2gR32.g1-quadrature.v1,7afe9cbede155b77b97a989366e0313c,3e78d1d2836853c890e5839fb57193df,limit_hopping_zero_chain6,chain6_hole_2,600,21120,0.0009765625
haxs.stage5c2gR32.g1-quadrature.v1,7afe9cbede155b77b97a989366e0313c,3cbd4f4cf0cf527f887ed1d4508ef46a,limit_hopping_zero_chain6,chain6_hole_2,601,21121,0.0009765625
haxs.stage5c2gR32.g1-quadrature.v1,7afe9cbede155b77b97a989366e0313c,405e8495847c55879898f4b021f0a6a3,limit_hopping_zero_chain6,chain6_hole_2,602,21122,0.0009765625
haxs.stage5c2gR32.g1-quadrature.v1,7afe9cbede155b77b97a989366e0313c,17a16333a55255ed9f9193cbdf3012b9,limit_hopping_zero_chain6,chain6_hole_2,603,21123,0.0009765625
haxs.stage5c2gR32.g1-quadrature.v1,7afe9cbede155b77b97a989366e0313c,41117a3fed465a8f8a1abbcd03902e92,limit_hopping_zero_chain6,chain6_hole_2,604,21130,0.0009765625
haxs.stage5c2gR32.g1-quadrature.v1,7afe9cbede155b77b97a989366e0313c,011f82f6d9df5b9e9baac5ca42fc3188,limit_hopping_zero_chain6,chain6_hole_2,605,21131,0.0009765625
haxs.stage5c2gR32.g1-quadrature.v1,7afe9cbede155b77b97a989366e0313c,903ce72a08ec539c9d0d7fdcddeb8117,limit_hopping_zero_chain6,chain6_hole_2,606,21132,0.0009765625
haxs.stage5c2gR32.g1-quadrature.v1,7afe9cbede155b77b97a989366e0313c,96340c51fad05939a2a9e79ea42b832f,limit_hopping_zero_chain6,chain6_hole_2,607,21133,0.0009765625
haxs.stage5c2gR32.g1-quadrature.v1,7afe9cbede155b77b97a989366e0313c,b416c79bbdba59109b8a07e434d755c0,limit_hopping_zero_chain6,chain6_hole_2,608,21200,0.0009765625
haxs.stage5c2gR32.g1-quadrature.v1,7afe9cbede155b77b97a989366e0313c,5ebc4882176b5ed89012b426eacac053,limit_hopping_zero_chain6,chain6_hole_2,609,21201,0.0009765625
haxs.stage5c2gR32.g1-quadrature.v1,7afe9cbede155b77b97a989366e0313c,96126da31add5df9b1db9867a2b75fbf,limit_hopping_zero_chain6,chain6_hole_2,610,21202,0.0009765625
haxs.stage5c2gR32.g1-quadrature.v1,7afe9cbede155b77b97a989366e0313c,cfec7336a84e591ca82f219869709944,limit_hopping_zero_chain6,chain6_hole_2,611,21203,0.0009765625
haxs.stage5c2gR32.g1-quadrature.v1,7afe9cbede155b77b97a989366e0313c,16c3f6a0f5f35336b2bfaf9fb7c09ba2,limit_hopping_zero_chain6,chain6_hole_2,612,21210,0.0009765625
haxs.stage5c2gR32.g1-quadrature.v1,7afe9cbede155b77b97a989366e0313c,b37125600c4a5d108d2035b5608cc7e6,limit_hopping_zero_chain6,chain6_hole_2,613,21211,0.0009765625
haxs.stage5c2gR32.g1-quadrature.v1,7afe9cbede155b77b97a989366e0313c,c0a29b2527fe53c4b5d877ff1e53dd14,limit_hopping_zero_chain6,chain6_hole_2,614,21212,0.0009765625
haxs.stage5c2gR32.g1-quadrature.v1,7afe9cbede155b77b97a989366e0313c,f92dfb3c104254d18e1ad4475de503cf,limit_hopping_zero_chain6,chain6_hole_2,615,21213,0.0009765625
haxs.stage5c2gR32.g1-quadrature.v1,7afe9cbede155b77b97a989366e0313c,76ab67ccd861598681b7b2a79f944db9,limit_hopping_zero_chain6,chain6_hole_2,616,21220,0.0009765625
haxs.stage5c2gR32.g1-quadrature.v1,7afe9cbede155b77b97a989366e0313c,c9167f2806a8549fa6d69c401b84a1fa,limit_hopping_zero_chain6,chain6_hole_2,617,21221,0.0009765625
haxs.stage5c2gR32.g1-quadrature.v1,7afe9cbede155b77b97a989366e0313c,d6025ef1a42a5cc1aa590427f4bae909,limit_hopping_zero_chain6,chain6_hole_2,618,21222,0.0009765625
haxs.stage5c2gR32.g1-quadrature.v1,7afe9cbede155b77b97a989366e0313c,a343b41ab22e533b88c122bf5a33b493,limit_hopping_zero_chain6,chain6_hole_2,619,21223,0.0009765625
haxs.stage5c2gR32.g1-quadrature.v1,7afe9cbede155b77b97a989366e0313c,9e3c0696a1f65530a665cb0eeef57c29,limit_hopping_zero_chain6,chain6_hole_2,620,21230,0.0009765625
haxs.stage5c2gR32.g1-quadrature.v1,7afe9cbede155b77b97a989366e0313c,e625451f67ec5e88a08594f3befcc061,limit_hopping_zero_chain6,chain6_hole_2,621,21231,0.0009765625
haxs.stage5c2gR32.g1-quadrature.v1,7afe9cbede155b77b97a989366e0313c,98a88d719bd451cc977b7d3760457a06,limit_hopping_zero_chain6,chain6_hole_2,622,21232,0.0009765625
haxs.stage5c2gR32.g1-quadrature.v1,7afe9cbede155b77b97a989366e0313c,dbae6d969de45036a19b7b640cc68cf8,limit_hopping_zero_chain6,chain6_hole_2,623,21233,0.0009765625
haxs.stage5c2gR32.g1-quadrature.v1,7afe9cbede155b77b97a989366e0313c,b1b4ade2b0255b6a810b648987204bb8,limit_hopping_zero_chain6,chain6_hole_2,624,21300,0.0009765625
haxs.stage5c2gR32.g1-quadrature.v1,7afe9cbede155b77b97a989366e0313c,f4c241d50c515036bb083887237be026,limit_hopping_zero_chain6,chain6_hole_2,625,21301,0.0009765625
haxs.stage5c2gR32.g1-quadrature.v1,7afe9cbede155b77b97a989366e0313c,28f9c4b2624159729bbfd698f83add47,limit_hopping_zero_chain6,chain6_hole_2,626,21302,0.0009765625
haxs.stage5c2gR32.g1-quadrature.v1,7afe9cbede155b77b97a989366e0313c,3aca1c53b29d58f69a232bf6160f6fcc,limit_hopping_zero_chain6,chain6_hole_2,627,21303,0.0009765625
haxs.stage5c2gR32.g1-quadrature.v1,7afe9cbede155b77b97a989366e0313c,f348e01faec25a66b85fd1d6d8d25eeb,limit_hopping_zero_chain6,chain6_hole_2,628,21310,0.0009765625
haxs.stage5c2gR32.g1-quadrature.v1,7afe9cbede155b77b97a989366e0313c,098f5055775157f0a971625892e5e491,limit_hopping_zero_chain6,chain6_hole_2,629,21311,0.0009765625
haxs.stage5c2gR32.g1-quadrature.v1,7afe9cbede155b77b97a989366e0313c,3ef87f5c900c56d7934708c917074a33,limit_hopping_zero_chain6,chain6_hole_2,630,21312,0.0009765625
haxs.stage5c2gR32.g1-quadrature.v1,7afe9cbede155b77b97a989366e0313c,a16d9af707b3572cade2890df80e416d,limit_hopping_zero_chain6,chain6_hole_2,631,21313,0.0009765625
haxs.stage5c2gR32.g1-quadrature.v1,7afe9cbede155b77b97a989366e0313c,9598bc72c62d5c55b2ed84cf1cbf8b84,limit_hopping_zero_chain6,chain6_hole_2,632,21320,0.0009765625
haxs.stage5c2gR32.g1-quadrature.v1,7afe9cbede155b77b97a989366e0313c,590b6ca87e4b53be9297d3a5eacabbd5,limit_hopping_zero_chain6,chain6_hole_2,633,21321,0.0009765625
haxs.stage5c2gR32.g1-quadrature.v1,7afe9cbede155b77b97a989366e0313c,520a8bbfa8e35b4e897d67abd8175f69,limit_hopping_zero_chain6,chain6_hole_2,634,21322,0.0009765625
haxs.stage5c2gR32.g1-quadrature.v1,7afe9cbede155b77b97a989366e0313c,f0924582f28b561887afc7d234155ab9,limit_hopping_zero_chain6,chain6_hole_2,635,21323,0.0009765625
haxs.stage5c2gR32.g1-quadrature.v1,7afe9cbede155b77b97a989366e0313c,e00ef7ddf222588cb47507c831d3157d,limit_hopping_zero_chain6,chain6_hole_2,636,21330,0.0009765625
haxs.stage5c2gR32.g1-quadrature.v1,7afe9cbede155b77b97a989366e0313c,2fa69ca8d71151b786db319cb8d2d77c,limit_hopping_zero_chain6,chain6_hole_2,637,21331,0.0009765625
haxs.stage5c2gR32.g1-quadrature.v1,7afe9cbede155b77b97a989366e0313c,e47c4323b7935370a9765fa65a38f18e,limit_hopping_zero_chain6,chain6_hole_2,638,21332,0.0009765625
haxs.stage5c2gR32.g1-quadrature.v1,7afe9cbede155b77b97a989366e0313c,dec6d4b34676582b850142b3fdec8ca2,limit_hopping_zero_chain6,chain6_hole_2,639,21333,0.0009765625
haxs.stage5c2gR32.g1-quadrature.v1,7afe9cbede155b77b97a989366e0313c,24f6edfefce556c0af1a44ec86b4a948,limit_hopping_zero_chain6,chain6_hole_2,640,22000,0.0009765625
haxs.stage5c2gR32.g1-quadrature.v1,7afe9cbede155b77b97a989366e0313c,dfd115f725da5cb2a3eb0f19f185d259,limit_hopping_zero_chain6,chain6_hole_2,641,22001,0.0009765625
haxs.stage5c2gR32.g1-quadrature.v1,7afe9cbede155b77b97a989366e0313c,4c68c8218c3a5472b1b669d81d81916a,limit_hopping_zero_chain6,chain6_hole_2,642,22002,0.0009765625
haxs.stage5c2gR32.g1-quadrature.v1,7afe9cbede155b77b97a989366e0313c,85181b93c6e252dd89745ece34213dae,limit_hopping_zero_chain6,chain6_hole_2,643,22003,0.0009765625
haxs.stage5c2gR32.g1-quadrature.v1,7afe9cbede155b77b97a989366e0313c,ca7a5fb66cf15f5a9b1561af48811227,limit_hopping_zero_chain6,chain6_hole_2,644,22010,0.0009765625
haxs.stage5c2gR32.g1-quadrature.v1,7afe9cbede155b77b97a989366e0313c,014008163f115d3384e6a08228933dba,limit_hopping_zero_chain6,chain6_hole_2,645,22011,0.0009765625
haxs.stage5c2gR32.g1-quadrature.v1,7afe9cbede155b77b97a989366e0313c,b11d2a8fd68d58bd8226f6c01fc27f64,limit_hopping_zero_chain6,chain6_hole_2,646,22012,0.0009765625
haxs.stage5c2gR32.g1-quadrature.v1,7afe9cbede155b77b97a989366e0313c,a2eb56da6a5f5f9f915de73920221b5c,limit_hopping_zero_chain6,chain6_hole_2,647,22013,0.0009765625
haxs.stage5c2gR32.g1-quadrature.v1,7afe9cbede155b77b97a989366e0313c,caa2c4ba6c22560f90f764c40e3b4f0f,limit_hopping_zero_chain6,chain6_hole_2,648,22020,0.0009765625
haxs.stage5c2gR32.g1-quadrature.v1,7afe9cbede155b77b97a989366e0313c,3026dfbcc6d1531ea39589a0702bb611,limit_hopping_zero_chain6,chain6_hole_2,649,22021,0.0009765625
haxs.stage5c2gR32.g1-quadrature.v1,7afe9cbede155b77b97a989366e0313c,3a4b069bbf785be8b86f2a4b3a74f3d0,limit_hopping_zero_chain6,chain6_hole_2,650,22022,0.0009765625
haxs.stage5c2gR32.g1-quadrature.v1,7afe9cbede155b77b97a989366e0313c,94935776fe7c59bab7e56908c2f4e088,limit_hopping_zero_chain6,chain6_hole_2,651,22023,0.0009765625
haxs.stage5c2gR32.g1-quadrature.v1,7afe9cbede155b77b97a989366e0313c,1376cc51c3f6524d8dd8d5ac2d8a90ab,limit_hopping_zero_chain6,chain6_hole_2,652,22030,0.0009765625
haxs.stage5c2gR32.g1-quadrature.v1,7afe9cbede155b77b97a989366e0313c,bd6f4d145394566a8fe314926b82c122,limit_hopping_zero_chain6,chain6_hole_2,653,22031,0.0009765625
haxs.stage5c2gR32.g1-quadrature.v1,7afe9cbede155b77b97a989366e0313c,39e89ebf4c08559f9a2a2487a4251e5b,limit_hopping_zero_chain6,chain6_hole_2,654,22032,0.0009765625
haxs.stage5c2gR32.g1-quadrature.v1,7afe9cbede155b77b97a989366e0313c,a1d5973d3a5a59bf8689badc22bab73a,limit_hopping_zero_chain6,chain6_hole_2,655,22033,0.0009765625
haxs.stage5c2gR32.g1-quadrature.v1,7afe9cbede155b77b97a989366e0313c,a0f854b160de5121953c954cdcbaefbf,limit_hopping_zero_chain6,chain6_hole_2,656,22100,0.0009765625
haxs.stage5c2gR32.g1-quadrature.v1,7afe9cbede155b77b97a989366e0313c,15a24630cc6153488789eacc5d2fe2a5,limit_hopping_zero_chain6,chain6_hole_2,657,22101,0.0009765625
haxs.stage5c2gR32.g1-quadrature.v1,7afe9cbede155b77b97a989366e0313c,cf2dc5d6fba15cfba3de518b19834fda,limit_hopping_zero_chain6,chain6_hole_2,658,22102,0.0009765625
haxs.stage5c2gR32.g1-quadrature.v1,7afe9cbede155b77b97a989366e0313c,f168a2f39b605551b737082ea6b1e16a,limit_hopping_zero_chain6,chain6_hole_2,659,22103,0.0009765625
haxs.stage5c2gR32.g1-quadrature.v1,7afe9cbede155b77b97a989366e0313c,eb285db264895658868fe1c129599300,limit_hopping_zero_chain6,chain6_hole_2,660,22110,0.0009765625
haxs.stage5c2gR32.g1-quadrature.v1,7afe9cbede155b77b97a989366e0313c,b487532c8e1f523798222a5a78c59379,limit_hopping_zero_chain6,chain6_hole_2,661,22111,0.0009765625
haxs.stage5c2gR32.g1-quadrature.v1,7afe9cbede155b77b97a989366e0313c,838f0ec219195e8fa58536bd95f5e724,limit_hopping_zero_chain6,chain6_hole_2,662,22112,0.0009765625
haxs.stage5c2gR32.g1-quadrature.v1,7afe9cbede155b77b97a989366e0313c,13d425bd50fe56d98723703f0a8f8578,limit_hopping_zero_chain6,chain6_hole_2,663,22113,0.0009765625
haxs.stage5c2gR32.g1-quadrature.v1,7afe9cbede155b77b97a989366e0313c,9cc789ce24f0592cac7a10ef28b047db,limit_hopping_zero_chain6,chain6_hole_2,664,22120,0.0009765625
haxs.stage5c2gR32.g1-quadrature.v1,7afe9cbede155b77b97a989366e0313c,f9f1db4799875bd5888edc6bc7abd50b,limit_hopping_zero_chain6,chain6_hole_2,665,22121,0.0009765625
haxs.stage5c2gR32.g1-quadrature.v1,7afe9cbede155b77b97a989366e0313c,51a8ddb6380c5a548d9b25fcad8cdaff,limit_hopping_zero_chain6,chain6_hole_2,666,22122,0.0009765625
haxs.stage5c2gR32.g1-quadrature.v1,7afe9cbede155b77b97a989366e0313c,dc47a9ba73b359079b34f9b17e679822,limit_hopping_zero_chain6,chain6_hole_2,667,22123,0.0009765625
haxs.stage5c2gR32.g1-quadrature.v1,7afe9cbede155b77b97a989366e0313c,b727ba7ed09053baa9c128ae8192cb21,limit_hopping_zero_chain6,chain6_hole_2,668,22130,0.0009765625
haxs.stage5c2gR32.g1-quadrature.v1,7afe9cbede155b77b97a989366e0313c,23a824d3abcf5237b00b7f69d13ceb4a,limit_hopping_zero_chain6,chain6_hole_2,669,22131,0.0009765625
haxs.stage5c2gR32.g1-quadrature.v1,7afe9cbede155b77b97a989366e0313c,128410f957b5535f9e22ac0f0bb480be,limit_hopping_zero_chain6,chain6_hole_2,670,22132,0.0009765625
haxs.stage5c2gR32.g1-quadrature.v1,7afe9cbede155b77b97a989366e0313c,1d05c54a26f85a8ea91e1e6b2226aa26,limit_hopping_zero_chain6,chain6_hole_2,671,22133,0.0009765625
haxs.stage5c2gR32.g1-quadrature.v1,7afe9cbede155b77b97a989366e0313c,f66407c1a5695bf1bbbead15894c174f,limit_hopping_zero_chain6,chain6_hole_2,672,22200,0.0009765625
haxs.stage5c2gR32.g1-quadrature.v1,7afe9cbede155b77b97a989366e0313c,3cb3c38e500f58a389fd4781874cce44,limit_hopping_zero_chain6,chain6_hole_2,673,22201,0.0009765625
haxs.stage5c2gR32.g1-quadrature.v1,7afe9cbede155b77b97a989366e0313c,d240accadc685a229e195a07a462f70b,limit_hopping_zero_chain6,chain6_hole_2,674,22202,0.0009765625
haxs.stage5c2gR32.g1-quadrature.v1,7afe9cbede155b77b97a989366e0313c,0322bdd56ab3558ab41bab50401d5f12,limit_hopping_zero_chain6,chain6_hole_2,675,22203,0.0009765625
haxs.stage5c2gR32.g1-quadrature.v1,7afe9cbede155b77b97a989366e0313c,50eb1df72e9352f0a4daa28b501638cc,limit_hopping_zero_chain6,chain6_hole_2,676,22210,0.0009765625
haxs.stage5c2gR32.g1-quadrature.v1,7afe9cbede155b77b97a989366e0313c,75b30865a3ff51709807421bddf7fd7f,limit_hopping_zero_chain6,chain6_hole_2,677,22211,0.0009765625
haxs.stage5c2gR32.g1-quadrature.v1,7afe9cbede155b77b97a989366e0313c,13fc57f9883c521cafbdb707d1d119a4,limit_hopping_zero_chain6,chain6_hole_2,678,22212,0.0009765625
haxs.stage5c2gR32.g1-quadrature.v1,7afe9cbede155b77b97a989366e0313c,63c9f580a2dd55cfa854fcd31e32ce99,limit_hopping_zero_chain6,chain6_hole_2,679,22213,0.0009765625
haxs.stage5c2gR32.g1-quadrature.v1,7afe9cbede155b77b97a989366e0313c,727663b142a45beb891f14330628fa71,limit_hopping_zero_chain6,chain6_hole_2,680,22220,0.0009765625
haxs.stage5c2gR32.g1-quadrature.v1,7afe9cbede155b77b97a989366e0313c,e9ce009b02b053b089f3401eef2f85ae,limit_hopping_zero_chain6,chain6_hole_2,681,22221,0.0009765625
haxs.stage5c2gR32.g1-quadrature.v1,7afe9cbede155b77b97a989366e0313c,f9c8829bda3d59b3ad3a6d26c4a0a2ec,limit_hopping_zero_chain6,chain6_hole_2,682,22222,0.0009765625
haxs.stage5c2gR32.g1-quadrature.v1,7afe9cbede155b77b97a989366e0313c,2b8510239b8b5c7ab1e6aebf39285321,limit_hopping_zero_chain6,chain6_hole_2,683,22223,0.0009765625
haxs.stage5c2gR32.g1-quadrature.v1,7afe9cbede155b77b97a989366e0313c,fbcb63c092b85476ab468a612ebd282f,limit_hopping_zero_chain6,chain6_hole_2,684,22230,0.0009765625
haxs.stage5c2gR32.g1-quadrature.v1,7afe9cbede155b77b97a989366e0313c,8e3d5de2606a575bb9d3d7f1e034cefa,limit_hopping_zero_chain6,chain6_hole_2,685,22231,0.0009765625
haxs.stage5c2gR32.g1-quadrature.v1,7afe9cbede155b77b97a989366e0313c,bc5042bb929c542a8487e238378c3618,limit_hopping_zero_chain6,chain6_hole_2,686,22232,0.0009765625
haxs.stage5c2gR32.g1-quadrature.v1,7afe9cbede155b77b97a989366e0313c,43c7122dafbe5bd586328d54957dd2e7,limit_hopping_zero_chain6,chain6_hole_2,687,22233,0.0009765625
haxs.stage5c2gR32.g1-quadrature.v1,7afe9cbede155b77b97a989366e0313c,2b5c6bd427b150f881f66515d05b7adb,limit_hopping_zero_chain6,chain6_hole_2,688,22300,0.0009765625
haxs.stage5c2gR32.g1-quadrature.v1,7afe9cbede155b77b97a989366e0313c,ddc5403399015228b133649994d8352d,limit_hopping_zero_chain6,chain6_hole_2,689,22301,0.0009765625
haxs.stage5c2gR32.g1-quadrature.v1,7afe9cbede155b77b97a989366e0313c,e839e0845469555d9c67d27af929745a,limit_hopping_zero_chain6,chain6_hole_2,690,22302,0.0009765625
haxs.stage5c2gR32.g1-quadrature.v1,7afe9cbede155b77b97a989366e0313c,9b2cc6f54f7158feb0de2d4742571ba5,limit_hopping_zero_chain6,chain6_hole_2,691,22303,0.0009765625
haxs.stage5c2gR32.g1-quadrature.v1,7afe9cbede155b77b97a989366e0313c,0635e272083654b0a4bc177555f0e8bd,limit_hopping_zero_chain6,chain6_hole_2,692,22310,0.0009765625
haxs.stage5c2gR32.g1-quadrature.v1,7afe9cbede155b77b97a989366e0313c,854505d26cd05f16a1c584615d12b52a,limit_hopping_zero_chain6,chain6_hole_2,693,22311,0.0009765625
haxs.stage5c2gR32.g1-quadrature.v1,7afe9cbede155b77b97a989366e0313c,6266416bc3b25694b5d99eac7844c805,limit_hopping_zero_chain6,chain6_hole_2,694,22312,0.0009765625
haxs.stage5c2gR32.g1-quadrature.v1,7afe9cbede155b77b97a989366e0313c,8ce0eff41aed5b39a4531710daaa7f5f,limit_hopping_zero_chain6,chain6_hole_2,695,22313,0.0009765625
haxs.stage5c2gR32.g1-quadrature.v1,7afe9cbede155b77b97a989366e0313c,48adc2fc8a945f1482e70fedc9f546e3,limit_hopping_zero_chain6,chain6_hole_2,696,22320,0.0009765625
haxs.stage5c2gR32.g1-quadrature.v1,7afe9cbede155b77b97a989366e0313c,8647256b77d2536dad8f9f6c262a8b2e,limit_hopping_zero_chain6,chain6_hole_2,697,22321,0.0009765625
haxs.stage5c2gR32.g1-quadrature.v1,7afe9cbede155b77b97a989366e0313c,fcc58c0d9a585a408d6f6c74d5f99608,limit_hopping_zero_chain6,chain6_hole_2,698,22322,0.0009765625
haxs.stage5c2gR32.g1-quadrature.v1,7afe9cbede155b77b97a989366e0313c,5fbb01ac4cd553ad8390f55fc3daf626,limit_hopping_zero_chain6,chain6_hole_2,699,22323,0.0009765625
haxs.stage5c2gR32.g1-quadrature.v1,7afe9cbede155b77b97a989366e0313c,e8ea7c1c979b54218e61afdef59f8c81,limit_hopping_zero_chain6,chain6_hole_2,700,22330,0.0009765625
haxs.stage5c2gR32.g1-quadrature.v1,7afe9cbede155b77b97a989366e0313c,828126aef7535c17a9dc1a5b80a17d6d,limit_hopping_zero_chain6,chain6_hole_2,701,22331,0.0009765625
haxs.stage5c2gR32.g1-quadrature.v1,7afe9cbede155b77b97a989366e0313c,07f989cb15215724b03ef30bddfa2317,limit_hopping_zero_chain6,chain6_hole_2,702,22332,0.0009765625
haxs.stage5c2gR32.g1-quadrature.v1,7afe9cbede155b77b97a989366e0313c,a9b725552c575325b4c7cbee2b06f113,limit_hopping_zero_chain6,chain6_hole_2,703,22333,0.0009765625
haxs.stage5c2gR32.g1-quadrature.v1,7afe9cbede155b77b97a989366e0313c,da9e320cf6855ccf9d67de06007488dc,limit_hopping_zero_chain6,chain6_hole_2,704,23000,0.0009765625
haxs.stage5c2gR32.g1-quadrature.v1,7afe9cbede155b77b97a989366e0313c,5a198052a68656bebfc9f21fbd2c9c86,limit_hopping_zero_chain6,chain6_hole_2,705,23001,0.0009765625
haxs.stage5c2gR32.g1-quadrature.v1,7afe9cbede155b77b97a989366e0313c,e4f63a361b8a5afa83a0b533de99006c,limit_hopping_zero_chain6,chain6_hole_2,706,23002,0.0009765625
haxs.stage5c2gR32.g1-quadrature.v1,7afe9cbede155b77b97a989366e0313c,81b78dbf38c2527dafd47328a39106d9,limit_hopping_zero_chain6,chain6_hole_2,707,23003,0.0009765625
haxs.stage5c2gR32.g1-quadrature.v1,7afe9cbede155b77b97a989366e0313c,a07c78911e0a5e0e83871144ae8c931c,limit_hopping_zero_chain6,chain6_hole_2,708,23010,0.0009765625
haxs.stage5c2gR32.g1-quadrature.v1,7afe9cbede155b77b97a989366e0313c,c51453e0b098503dabef1eaf061b35bc,limit_hopping_zero_chain6,chain6_hole_2,709,23011,0.0009765625
haxs.stage5c2gR32.g1-quadrature.v1,7afe9cbede155b77b97a989366e0313c,17b2f968fae15e8db106f756b4fb18ef,limit_hopping_zero_chain6,chain6_hole_2,710,23012,0.0009765625
haxs.stage5c2gR32.g1-quadrature.v1,7afe9cbede155b77b97a989366e0313c,1d51e54af6395c1eac9b42d800ebe1f3,limit_hopping_zero_chain6,chain6_hole_2,711,23013,0.0009765625
haxs.stage5c2gR32.g1-quadrature.v1,7afe9cbede155b77b97a989366e0313c,e8a433c3294550e1a4ef7af0d60f2a90,limit_hopping_zero_chain6,chain6_hole_2,712,23020,0.0009765625
haxs.stage5c2gR32.g1-quadrature.v1,7afe9cbede155b77b97a989366e0313c,a9257814044b5eed95a8a825df2186db,limit_hopping_zero_chain6,chain6_hole_2,713,23021,0.0009765625
haxs.stage5c2gR32.g1-quadrature.v1,7afe9cbede155b77b97a989366e0313c,27f3ee246af65f838a88cf38b7c3f426,limit_hopping_zero_chain6,chain6_hole_2,714,23022,0.0009765625
haxs.stage5c2gR32.g1-quadrature.v1,7afe9cbede155b77b97a989366e0313c,ad3ef68b91bf5f239a2076a35ad58877,limit_hopping_zero_chain6,chain6_hole_2,715,23023,0.0009765625
haxs.stage5c2gR32.g1-quadrature.v1,7afe9cbede155b77b97a989366e0313c,35c18b8482c859b984ddf13564316703,limit_hopping_zero_chain6,chain6_hole_2,716,23030,0.0009765625
haxs.stage5c2gR32.g1-quadrature.v1,7afe9cbede155b77b97a989366e0313c,cf7066f320045f468609fad4bd4abafb,limit_hopping_zero_chain6,chain6_hole_2,717,23031,0.0009765625
haxs.stage5c2gR32.g1-quadrature.v1,7afe9cbede155b77b97a989366e0313c,577b3ed5d0915cb5b1bf454ab62df33b,limit_hopping_zero_chain6,chain6_hole_2,718,23032,0.0009765625
haxs.stage5c2gR32.g1-quadrature.v1,7afe9cbede155b77b97a989366e0313c,6f72ecaeae6b525b97033e45caecab84,limit_hopping_zero_chain6,chain6_hole_2,719,23033,0.0009765625
haxs.stage5c2gR32.g1-quadrature.v1,7afe9cbede155b77b97a989366e0313c,d6db4400f8a75ce789388f1456c5bfed,limit_hopping_zero_chain6,chain6_hole_2,720,23100,0.0009765625
haxs.stage5c2gR32.g1-quadrature.v1,7afe9cbede155b77b97a989366e0313c,4a9bf270a8a35019baedf5a303c7fce9,limit_hopping_zero_chain6,chain6_hole_2,721,23101,0.0009765625
haxs.stage5c2gR32.g1-quadrature.v1,7afe9cbede155b77b97a989366e0313c,a2c4bb20632e57778cd6924987712d68,limit_hopping_zero_chain6,chain6_hole_2,722,23102,0.0009765625
haxs.stage5c2gR32.g1-quadrature.v1,7afe9cbede155b77b97a989366e0313c,29e2f1b141475d0e91d45cfa50591d56,limit_hopping_zero_chain6,chain6_hole_2,723,23103,0.0009765625
haxs.stage5c2gR32.g1-quadrature.v1,7afe9cbede155b77b97a989366e0313c,29317a36b9b855a8bc82e23ebc3ea169,limit_hopping_zero_chain6,chain6_hole_2,724,23110,0.0009765625
haxs.stage5c2gR32.g1-quadrature.v1,7afe9cbede155b77b97a989366e0313c,cd4729edf263567b998e6d4694be9bd0,limit_hopping_zero_chain6,chain6_hole_2,725,23111,0.0009765625
haxs.stage5c2gR32.g1-quadrature.v1,7afe9cbede155b77b97a989366e0313c,2d05e46cede453bfb7b29c7ef790cb81,limit_hopping_zero_chain6,chain6_hole_2,726,23112,0.0009765625
haxs.stage5c2gR32.g1-quadrature.v1,7afe9cbede155b77b97a989366e0313c,83297bde65685069a4c6ceb382859f71,limit_hopping_zero_chain6,chain6_hole_2,727,23113,0.0009765625
haxs.stage5c2gR32.g1-quadrature.v1,7afe9cbede155b77b97a989366e0313c,35ee51e27d2f59b48889818eeff29fae,limit_hopping_zero_chain6,chain6_hole_2,728,23120,0.0009765625
haxs.stage5c2gR32.g1-quadrature.v1,7afe9cbede155b77b97a989366e0313c,4bdc339067bb5ea498a6ddad4fbe3e39,limit_hopping_zero_chain6,chain6_hole_2,729,23121,0.0009765625
haxs.stage5c2gR32.g1-quadrature.v1,7afe9cbede155b77b97a989366e0313c,1696ea3dc7545d3a8d17c314d397d36f,limit_hopping_zero_chain6,chain6_hole_2,730,23122,0.0009765625
haxs.stage5c2gR32.g1-quadrature.v1,7afe9cbede155b77b97a989366e0313c,7f4a5f18aa825a8eacb97a02cec16e62,limit_hopping_zero_chain6,chain6_hole_2,731,23123,0.0009765625
haxs.stage5c2gR32.g1-quadrature.v1,7afe9cbede155b77b97a989366e0313c,925b2025b463546392a000782a3aeb5d,limit_hopping_zero_chain6,chain6_hole_2,732,23130,0.0009765625
haxs.stage5c2gR32.g1-quadrature.v1,7afe9cbede155b77b97a989366e0313c,b70eab4d0f64543e9b31497910c4ad62,limit_hopping_zero_chain6,chain6_hole_2,733,23131,0.0009765625
haxs.stage5c2gR32.g1-quadrature.v1,7afe9cbede155b77b97a989366e0313c,3107c4559900574195a8769cfb23356e,limit_hopping_zero_chain6,chain6_hole_2,734,23132,0.0009765625
haxs.stage5c2gR32.g1-quadrature.v1,7afe9cbede155b77b97a989366e0313c,73b5236c1dec5e6998543159cedd40e4,limit_hopping_zero_chain6,chain6_hole_2,735,23133,0.0009765625
haxs.stage5c2gR32.g1-quadrature.v1,7afe9cbede155b77b97a989366e0313c,a433dcf0926454e489717ae99514503f,limit_hopping_zero_chain6,chain6_hole_2,736,23200,0.0009765625
haxs.stage5c2gR32.g1-quadrature.v1,7afe9cbede155b77b97a989366e0313c,fab509e726295cda97304c53059bfd2d,limit_hopping_zero_chain6,chain6_hole_2,737,23201,0.0009765625
haxs.stage5c2gR32.g1-quadrature.v1,7afe9cbede155b77b97a989366e0313c,33ba5ca84cfa577c84998ef77fc80a2f,limit_hopping_zero_chain6,chain6_hole_2,738,23202,0.0009765625
haxs.stage5c2gR32.g1-quadrature.v1,7afe9cbede155b77b97a989366e0313c,81f6eef4eaa656ca8dea5eea6be2babc,limit_hopping_zero_chain6,chain6_hole_2,739,23203,0.0009765625
haxs.stage5c2gR32.g1-quadrature.v1,7afe9cbede155b77b97a989366e0313c,bd7b20a7f9e15b42834f0f549b10b767,limit_hopping_zero_chain6,chain6_hole_2,740,23210,0.0009765625
haxs.stage5c2gR32.g1-quadrature.v1,7afe9cbede155b77b97a989366e0313c,e7e8d5bcf3df5433bf2532cffa175d63,limit_hopping_zero_chain6,chain6_hole_2,741,23211,0.0009765625
haxs.stage5c2gR32.g1-quadrature.v1,7afe9cbede155b77b97a989366e0313c,7c6c809de7df5f009115b9802cd626a6,limit_hopping_zero_chain6,chain6_hole_2,742,23212,0.0009765625
haxs.stage5c2gR32.g1-quadrature.v1,7afe9cbede155b77b97a989366e0313c,724dd739aa3f55b9938cb8c22c3b84dc,limit_hopping_zero_chain6,chain6_hole_2,743,23213,0.0009765625
haxs.stage5c2gR32.g1-quadrature.v1,7afe9cbede155b77b97a989366e0313c,536a0edcd01953bebc016707c3d0cee3,limit_hopping_zero_chain6,chain6_hole_2,744,23220,0.0009765625
haxs.stage5c2gR32.g1-quadrature.v1,7afe9cbede155b77b97a989366e0313c,2929db3f1d01542396c3ccbacbb4e80e,limit_hopping_zero_chain6,chain6_hole_2,745,23221,0.0009765625
haxs.stage5c2gR32.g1-quadrature.v1,7afe9cbede155b77b97a989366e0313c,5ef7429c9fca5dca815650b378d6b66d,limit_hopping_zero_chain6,chain6_hole_2,746,23222,0.0009765625
haxs.stage5c2gR32.g1-quadrature.v1,7afe9cbede155b77b97a989366e0313c,543c3e9ebaa0561a86c53718280bd164,limit_hopping_zero_chain6,chain6_hole_2,747,23223,0.0009765625
haxs.stage5c2gR32.g1-quadrature.v1,7afe9cbede155b77b97a989366e0313c,b4ba2248f03c557ea2e4128d910bd40f,limit_hopping_zero_chain6,chain6_hole_2,748,23230,0.0009765625
haxs.stage5c2gR32.g1-quadrature.v1,7afe9cbede155b77b97a989366e0313c,e7a9381a74eb576991726d3c997b6660,limit_hopping_zero_chain6,chain6_hole_2,749,23231,0.0009765625
haxs.stage5c2gR32.g1-quadrature.v1,7afe9cbede155b77b97a989366e0313c,f650d28365ba503586d82f4d33420a67,limit_hopping_zero_chain6,chain6_hole_2,750,23232,0.0009765625
haxs.stage5c2gR32.g1-quadrature.v1,7afe9cbede155b77b97a989366e0313c,6f188727961c5902af4530d64d2a6440,limit_hopping_zero_chain6,chain6_hole_2,751,23233,0.0009765625
haxs.stage5c2gR32.g1-quadrature.v1,7afe9cbede155b77b97a989366e0313c,d7c3fda7c5a95d0cac138a9eb6acd500,limit_hopping_zero_chain6,chain6_hole_2,752,23300,0.0009765625
haxs.stage5c2gR32.g1-quadrature.v1,7afe9cbede155b77b97a989366e0313c,307c4b7a39845cc1b10af40382713df5,limit_hopping_zero_chain6,chain6_hole_2,753,23301,0.0009765625
haxs.stage5c2gR32.g1-quadrature.v1,7afe9cbede155b77b97a989366e0313c,27862ddbe32e5ef7bc8ba9314b157f2d,limit_hopping_zero_chain6,chain6_hole_2,754,23302,0.0009765625
haxs.stage5c2gR32.g1-quadrature.v1,7afe9cbede155b77b97a989366e0313c,7e6d80c821415aca8aff74495b977321,limit_hopping_zero_chain6,chain6_hole_2,755,23303,0.0009765625
haxs.stage5c2gR32.g1-quadrature.v1,7afe9cbede155b77b97a989366e0313c,eedeef3be3525e6fb681efde41a868c1,limit_hopping_zero_chain6,chain6_hole_2,756,23310,0.0009765625
haxs.stage5c2gR32.g1-quadrature.v1,7afe9cbede155b77b97a989366e0313c,6632e9c31c7e500480d025e437fd2533,limit_hopping_zero_chain6,chain6_hole_2,757,23311,0.0009765625
haxs.stage5c2gR32.g1-quadrature.v1,7afe9cbede155b77b97a989366e0313c,9e99a2b17f625f888ec4b308a1757d6c,limit_hopping_zero_chain6,chain6_hole_2,758,23312,0.0009765625
haxs.stage5c2gR32.g1-quadrature.v1,7afe9cbede155b77b97a989366e0313c,ced85b77504150eca0fa44a96558afdb,limit_hopping_zero_chain6,chain6_hole_2,759,23313,0.0009765625
haxs.stage5c2gR32.g1-quadrature.v1,7afe9cbede155b77b97a989366e0313c,2a2a74e937995c3a99044d853f889908,limit_hopping_zero_chain6,chain6_hole_2,760,23320,0.0009765625
haxs.stage5c2gR32.g1-quadrature.v1,7afe9cbede155b77b97a989366e0313c,e00c7882ffe25a72abd2fee100fc7520,limit_hopping_zero_chain6,chain6_hole_2,761,23321,0.0009765625
haxs.stage5c2gR32.g1-quadrature.v1,7afe9cbede155b77b97a989366e0313c,8aa34f60cb905c7d8962ea3210094cac,limit_hopping_zero_chain6,chain6_hole_2,762,23322,0.0009765625
haxs.stage5c2gR32.g1-quadrature.v1,7afe9cbede155b77b97a989366e0313c,8a1fcc8dc9ca573796e8eee19ef8e46e,limit_hopping_zero_chain6,chain6_hole_2,763,23323,0.0009765625
haxs.stage5c2gR32.g1-quadrature.v1,7afe9cbede155b77b97a989366e0313c,ed60fcb7a7ff5026a3794c984fcf567f,limit_hopping_zero_chain6,chain6_hole_2,764,23330,0.0009765625
haxs.stage5c2gR32.g1-quadrature.v1,7afe9cbede155b77b97a989366e0313c,66d5152a89975c9495a12a09d35614af,limit_hopping_zero_chain6,chain6_hole_2,765,23331,0.0009765625
haxs.stage5c2gR32.g1-quadrature.v1,7afe9cbede155b77b97a989366e0313c,29f16e91cdc85d0dbaf900f99608f1bd,limit_hopping_zero_chain6,chain6_hole_2,766,23332,0.0009765625
haxs.stage5c2gR32.g1-quadrature.v1,7afe9cbede155b77b97a989366e0313c,c4e1da98071852fa8531a5976030ca63,limit_hopping_zero_chain6,chain6_hole_2,767,23333,0.0009765625
haxs.stage5c2gR32.g1-quadrature.v1,7afe9cbede155b77b97a989366e0313c,5bf70038a4bc5b1a8a9867593fa3bffe,limit_hopping_zero_chain6,chain6_hole_2,768,30000,0.0009765625
haxs.stage5c2gR32.g1-quadrature.v1,7afe9cbede155b77b97a989366e0313c,e548e4aeaf59510b8f5cc80bd3183193,limit_hopping_zero_chain6,chain6_hole_2,769,30001,0.0009765625
haxs.stage5c2gR32.g1-quadrature.v1,7afe9cbede155b77b97a989366e0313c,faaa34c9bea5502094f21491c9c7bd7b,limit_hopping_zero_chain6,chain6_hole_2,770,30002,0.0009765625
haxs.stage5c2gR32.g1-quadrature.v1,7afe9cbede155b77b97a989366e0313c,31f90885fe215b35882ee0208428cc32,limit_hopping_zero_chain6,chain6_hole_2,771,30003,0.0009765625
haxs.stage5c2gR32.g1-quadrature.v1,7afe9cbede155b77b97a989366e0313c,e7d5b7b8f521515bb58b83f6097ced30,limit_hopping_zero_chain6,chain6_hole_2,772,30010,0.0009765625
haxs.stage5c2gR32.g1-quadrature.v1,7afe9cbede155b77b97a989366e0313c,5bd1875e943e5eadbac3d85f8e794460,limit_hopping_zero_chain6,chain6_hole_2,773,30011,0.0009765625
haxs.stage5c2gR32.g1-quadrature.v1,7afe9cbede155b77b97a989366e0313c,8a64655671b1552ab3e637ec2932fee1,limit_hopping_zero_chain6,chain6_hole_2,774,30012,0.0009765625
haxs.stage5c2gR32.g1-quadrature.v1,7afe9cbede155b77b97a989366e0313c,989788e4059a523f959454572ca72090,limit_hopping_zero_chain6,chain6_hole_2,775,30013,0.0009765625
haxs.stage5c2gR32.g1-quadrature.v1,7afe9cbede155b77b97a989366e0313c,6ea807084d7859d1b67f3dd1b5631914,limit_hopping_zero_chain6,chain6_hole_2,776,30020,0.0009765625
haxs.stage5c2gR32.g1-quadrature.v1,7afe9cbede155b77b97a989366e0313c,8c638468d41d5e16a15d3d26c33b52ad,limit_hopping_zero_chain6,chain6_hole_2,777,30021,0.0009765625
haxs.stage5c2gR32.g1-quadrature.v1,7afe9cbede155b77b97a989366e0313c,76d197ae4b555ca99f563bb335ece8f6,limit_hopping_zero_chain6,chain6_hole_2,778,30022,0.0009765625
haxs.stage5c2gR32.g1-quadrature.v1,7afe9cbede155b77b97a989366e0313c,131648cdc9df5574b778b175bc1df6f2,limit_hopping_zero_chain6,chain6_hole_2,779,30023,0.0009765625
haxs.stage5c2gR32.g1-quadrature.v1,7afe9cbede155b77b97a989366e0313c,0d606951dd3e5d17872815c5c0e14161,limit_hopping_zero_chain6,chain6_hole_2,780,30030,0.0009765625
haxs.stage5c2gR32.g1-quadrature.v1,7afe9cbede155b77b97a989366e0313c,f33d08c585cc57adabce978b9b27270a,limit_hopping_zero_chain6,chain6_hole_2,781,30031,0.0009765625
haxs.stage5c2gR32.g1-quadrature.v1,7afe9cbede155b77b97a989366e0313c,996c3d0a24a1538983729f718358f21e,limit_hopping_zero_chain6,chain6_hole_2,782,30032,0.0009765625
haxs.stage5c2gR32.g1-quadrature.v1,7afe9cbede155b77b97a989366e0313c,0fb89022403a5dc393369ce29e7305f0,limit_hopping_zero_chain6,chain6_hole_2,783,30033,0.0009765625
haxs.stage5c2gR32.g1-quadrature.v1,7afe9cbede155b77b97a989366e0313c,f395dc681b205d56a544727c396b8c7d,limit_hopping_zero_chain6,chain6_hole_2,784,30100,0.0009765625
haxs.stage5c2gR32.g1-quadrature.v1,7afe9cbede155b77b97a989366e0313c,9cfa6a0483e85c9b8cedd72be3220843,limit_hopping_zero_chain6,chain6_hole_2,785,30101,0.0009765625
haxs.stage5c2gR32.g1-quadrature.v1,7afe9cbede155b77b97a989366e0313c,a84932fbba16544ea43ea82a0086a353,limit_hopping_zero_chain6,chain6_hole_2,786,30102,0.0009765625
haxs.stage5c2gR32.g1-quadrature.v1,7afe9cbede155b77b97a989366e0313c,af69b67c06fa5e51ab47154f7c850a9a,limit_hopping_zero_chain6,chain6_hole_2,787,30103,0.0009765625
haxs.stage5c2gR32.g1-quadrature.v1,7afe9cbede155b77b97a989366e0313c,a8b76b0285ea5af7b57e553506b548a6,limit_hopping_zero_chain6,chain6_hole_2,788,30110,0.0009765625
haxs.stage5c2gR32.g1-quadrature.v1,7afe9cbede155b77b97a989366e0313c,6251bdc390ab5d95a6e32266343e9f58,limit_hopping_zero_chain6,chain6_hole_2,789,30111,0.0009765625
haxs.stage5c2gR32.g1-quadrature.v1,7afe9cbede155b77b97a989366e0313c,2a0ea03ff0835421a03856c73aea3af1,limit_hopping_zero_chain6,chain6_hole_2,790,30112,0.0009765625
haxs.stage5c2gR32.g1-quadrature.v1,7afe9cbede155b77b97a989366e0313c,48531f9f6995503d814897a84b0cb00b,limit_hopping_zero_chain6,chain6_hole_2,791,30113,0.0009765625
haxs.stage5c2gR32.g1-quadrature.v1,7afe9cbede155b77b97a989366e0313c,ab929de5e9df55c5be59a719cab84214,limit_hopping_zero_chain6,chain6_hole_2,792,30120,0.0009765625
haxs.stage5c2gR32.g1-quadrature.v1,7afe9cbede155b77b97a989366e0313c,94ddb509868059119674c951b12c65f5,limit_hopping_zero_chain6,chain6_hole_2,793,30121,0.0009765625
haxs.stage5c2gR32.g1-quadrature.v1,7afe9cbede155b77b97a989366e0313c,ec5ded49d8c356ccbb9fb0b5ac5bcdd1,limit_hopping_zero_chain6,chain6_hole_2,794,30122,0.0009765625
haxs.stage5c2gR32.g1-quadrature.v1,7afe9cbede155b77b97a989366e0313c,3252a90c5d2151bd8a801467b75812b6,limit_hopping_zero_chain6,chain6_hole_2,795,30123,0.0009765625
haxs.stage5c2gR32.g1-quadrature.v1,7afe9cbede155b77b97a989366e0313c,c86bd32183e95934b398f19408d5b0aa,limit_hopping_zero_chain6,chain6_hole_2,796,30130,0.0009765625
haxs.stage5c2gR32.g1-quadrature.v1,7afe9cbede155b77b97a989366e0313c,947a722fbef15174a895e33ad79a1f57,limit_hopping_zero_chain6,chain6_hole_2,797,30131,0.0009765625
haxs.stage5c2gR32.g1-quadrature.v1,7afe9cbede155b77b97a989366e0313c,3fb23a65a5f254849a746f97ab821cde,limit_hopping_zero_chain6,chain6_hole_2,798,30132,0.0009765625
haxs.stage5c2gR32.g1-quadrature.v1,7afe9cbede155b77b97a989366e0313c,2deddeeb959e581681c78c9c1c23b729,limit_hopping_zero_chain6,chain6_hole_2,799,30133,0.0009765625
haxs.stage5c2gR32.g1-quadrature.v1,7afe9cbede155b77b97a989366e0313c,d1c96a47db4c5125ae2a5cbc18f5e63a,limit_hopping_zero_chain6,chain6_hole_2,800,30200,0.0009765625
haxs.stage5c2gR32.g1-quadrature.v1,7afe9cbede155b77b97a989366e0313c,8f65ee234bfa5732b9cadc0c3c5e205c,limit_hopping_zero_chain6,chain6_hole_2,801,30201,0.0009765625
haxs.stage5c2gR32.g1-quadrature.v1,7afe9cbede155b77b97a989366e0313c,2d3dd7e3a9065b188775acc4a7fcb531,limit_hopping_zero_chain6,chain6_hole_2,802,30202,0.0009765625
haxs.stage5c2gR32.g1-quadrature.v1,7afe9cbede155b77b97a989366e0313c,5e7121d2d6815a7bbdea943a959cbf9e,limit_hopping_zero_chain6,chain6_hole_2,803,30203,0.0009765625
haxs.stage5c2gR32.g1-quadrature.v1,7afe9cbede155b77b97a989366e0313c,db73b69ee1e653079d9d1ce599391f03,limit_hopping_zero_chain6,chain6_hole_2,804,30210,0.0009765625
haxs.stage5c2gR32.g1-quadrature.v1,7afe9cbede155b77b97a989366e0313c,a0bef3805cf056ca8c86d84bfcc1100f,limit_hopping_zero_chain6,chain6_hole_2,805,30211,0.0009765625
haxs.stage5c2gR32.g1-quadrature.v1,7afe9cbede155b77b97a989366e0313c,92b4b7f3aede5ee58879e0ae65d7b45e,limit_hopping_zero_chain6,chain6_hole_2,806,30212,0.0009765625
haxs.stage5c2gR32.g1-quadrature.v1,7afe9cbede155b77b97a989366e0313c,1673f23b80655b84aaae7c95e3f7806b,limit_hopping_zero_chain6,chain6_hole_2,807,30213,0.0009765625
haxs.stage5c2gR32.g1-quadrature.v1,7afe9cbede155b77b97a989366e0313c,82b5af062481572b880adcd030556ab5,limit_hopping_zero_chain6,chain6_hole_2,808,30220,0.0009765625
haxs.stage5c2gR32.g1-quadrature.v1,7afe9cbede155b77b97a989366e0313c,7f36ccbe97cb50868f29bd2743015b70,limit_hopping_zero_chain6,chain6_hole_2,809,30221,0.0009765625
haxs.stage5c2gR32.g1-quadrature.v1,7afe9cbede155b77b97a989366e0313c,f48700216f03585dbbc33990a7e30744,limit_hopping_zero_chain6,chain6_hole_2,810,30222,0.0009765625
haxs.stage5c2gR32.g1-quadrature.v1,7afe9cbede155b77b97a989366e0313c,42710f02c30b5ec1a97391ff5416ca8a,limit_hopping_zero_chain6,chain6_hole_2,811,30223,0.0009765625
haxs.stage5c2gR32.g1-quadrature.v1,7afe9cbede155b77b97a989366e0313c,0a1763c443245a53bd04c8878d0eefc1,limit_hopping_zero_chain6,chain6_hole_2,812,30230,0.0009765625
haxs.stage5c2gR32.g1-quadrature.v1,7afe9cbede155b77b97a989366e0313c,77e28142f2065f64bcb12ff44de62d76,limit_hopping_zero_chain6,chain6_hole_2,813,30231,0.0009765625
haxs.stage5c2gR32.g1-quadrature.v1,7afe9cbede155b77b97a989366e0313c,20126b98205b58a1b05c6cd56e1e1e25,limit_hopping_zero_chain6,chain6_hole_2,814,30232,0.0009765625
haxs.stage5c2gR32.g1-quadrature.v1,7afe9cbede155b77b97a989366e0313c,95a9908ae66c5b269bb37faa4c07a997,limit_hopping_zero_chain6,chain6_hole_2,815,30233,0.0009765625
haxs.stage5c2gR32.g1-quadrature.v1,7afe9cbede155b77b97a989366e0313c,ccd1ab642de85244a65bfcd2cf64022d,limit_hopping_zero_chain6,chain6_hole_2,816,30300,0.0009765625
haxs.stage5c2gR32.g1-quadrature.v1,7afe9cbede155b77b97a989366e0313c,511e2157f6c35f16a5fff40799cdf55b,limit_hopping_zero_chain6,chain6_hole_2,817,30301,0.0009765625
haxs.stage5c2gR32.g1-quadrature.v1,7afe9cbede155b77b97a989366e0313c,8d495cd9afaf5629a5f9c8a539ea976b,limit_hopping_zero_chain6,chain6_hole_2,818,30302,0.0009765625
haxs.stage5c2gR32.g1-quadrature.v1,7afe9cbede155b77b97a989366e0313c,5c01f294379c51dcaa63942756cc0636,limit_hopping_zero_chain6,chain6_hole_2,819,30303,0.0009765625
haxs.stage5c2gR32.g1-quadrature.v1,7afe9cbede155b77b97a989366e0313c,9cde8fecbbfc5601916f85bfa82049d6,limit_hopping_zero_chain6,chain6_hole_2,820,30310,0.0009765625
haxs.stage5c2gR32.g1-quadrature.v1,7afe9cbede155b77b97a989366e0313c,c052448a26ad5becacc33d5c04b52174,limit_hopping_zero_chain6,chain6_hole_2,821,30311,0.0009765625
haxs.stage5c2gR32.g1-quadrature.v1,7afe9cbede155b77b97a989366e0313c,4d9a390cf3065edb81058f8c3573bc7a,limit_hopping_zero_chain6,chain6_hole_2,822,30312,0.0009765625
haxs.stage5c2gR32.g1-quadrature.v1,7afe9cbede155b77b97a989366e0313c,bb87ad4ee8f4585e8e6b83005107e7d7,limit_hopping_zero_chain6,chain6_hole_2,823,30313,0.0009765625
haxs.stage5c2gR32.g1-quadrature.v1,7afe9cbede155b77b97a989366e0313c,aae0a939cc5554b1ad1bc6725a9c4dce,limit_hopping_zero_chain6,chain6_hole_2,824,30320,0.0009765625
haxs.stage5c2gR32.g1-quadrature.v1,7afe9cbede155b77b97a989366e0313c,ccecaa55e2d859cdbf21294eb89b755c,limit_hopping_zero_chain6,chain6_hole_2,825,30321,0.0009765625
haxs.stage5c2gR32.g1-quadrature.v1,7afe9cbede155b77b97a989366e0313c,c4c0cb5de85b5e148130904443959245,limit_hopping_zero_chain6,chain6_hole_2,826,30322,0.0009765625
haxs.stage5c2gR32.g1-quadrature.v1,7afe9cbede155b77b97a989366e0313c,b217d3ef301a54a0a19951ee657b77c2,limit_hopping_zero_chain6,chain6_hole_2,827,30323,0.0009765625
haxs.stage5c2gR32.g1-quadrature.v1,7afe9cbede155b77b97a989366e0313c,db87111805725ce681581d462acb528e,limit_hopping_zero_chain6,chain6_hole_2,828,30330,0.0009765625
haxs.stage5c2gR32.g1-quadrature.v1,7afe9cbede155b77b97a989366e0313c,a5d1185521245437990141b6010e9ea2,limit_hopping_zero_chain6,chain6_hole_2,829,30331,0.0009765625
haxs.stage5c2gR32.g1-quadrature.v1,7afe9cbede155b77b97a989366e0313c,6d65efaa485e5391871788c226173b03,limit_hopping_zero_chain6,chain6_hole_2,830,30332,0.0009765625
haxs.stage5c2gR32.g1-quadrature.v1,7afe9cbede155b77b97a989366e0313c,14b06167979a54dcb17169faf6524ebf,limit_hopping_zero_chain6,chain6_hole_2,831,30333,0.0009765625
haxs.stage5c2gR32.g1-quadrature.v1,7afe9cbede155b77b97a989366e0313c,8e578bcc53f95ba49f42f5afe44fcd8a,limit_hopping_zero_chain6,chain6_hole_2,832,31000,0.0009765625
haxs.stage5c2gR32.g1-quadrature.v1,7afe9cbede155b77b97a989366e0313c,63844cd3369e5df1a546f6eb0f2ac47d,limit_hopping_zero_chain6,chain6_hole_2,833,31001,0.0009765625
haxs.stage5c2gR32.g1-quadrature.v1,7afe9cbede155b77b97a989366e0313c,760fca7b3244504ca030aab412f67442,limit_hopping_zero_chain6,chain6_hole_2,834,31002,0.0009765625
haxs.stage5c2gR32.g1-quadrature.v1,7afe9cbede155b77b97a989366e0313c,2bec781a21b155bf807279a552d0bb08,limit_hopping_zero_chain6,chain6_hole_2,835,31003,0.0009765625
haxs.stage5c2gR32.g1-quadrature.v1,7afe9cbede155b77b97a989366e0313c,c92dea7e62c05c7cb9109c77a61e9e5d,limit_hopping_zero_chain6,chain6_hole_2,836,31010,0.0009765625
haxs.stage5c2gR32.g1-quadrature.v1,7afe9cbede155b77b97a989366e0313c,0002fd3f3e715ef6b72c45848cb972aa,limit_hopping_zero_chain6,chain6_hole_2,837,31011,0.0009765625
haxs.stage5c2gR32.g1-quadrature.v1,7afe9cbede155b77b97a989366e0313c,f252fff41bee5c4e97f6d0227f6c3220,limit_hopping_zero_chain6,chain6_hole_2,838,31012,0.0009765625
haxs.stage5c2gR32.g1-quadrature.v1,7afe9cbede155b77b97a989366e0313c,aecd21acb4ff563c834bcd0d29360924,limit_hopping_zero_chain6,chain6_hole_2,839,31013,0.0009765625
haxs.stage5c2gR32.g1-quadrature.v1,7afe9cbede155b77b97a989366e0313c,5389880ac4d751889729d60d8420cdcb,limit_hopping_zero_chain6,chain6_hole_2,840,31020,0.0009765625
haxs.stage5c2gR32.g1-quadrature.v1,7afe9cbede155b77b97a989366e0313c,33afa57ed3c55faeb2028dff65101da4,limit_hopping_zero_chain6,chain6_hole_2,841,31021,0.0009765625
haxs.stage5c2gR32.g1-quadrature.v1,7afe9cbede155b77b97a989366e0313c,7eb2673352b35f7f9fc43d6f49c5b9a1,limit_hopping_zero_chain6,chain6_hole_2,842,31022,0.0009765625
haxs.stage5c2gR32.g1-quadrature.v1,7afe9cbede155b77b97a989366e0313c,0158701e9fa25530b40725c129cf2209,limit_hopping_zero_chain6,chain6_hole_2,843,31023,0.0009765625
haxs.stage5c2gR32.g1-quadrature.v1,7afe9cbede155b77b97a989366e0313c,d08542f50a975dce9cf6f43688583631,limit_hopping_zero_chain6,chain6_hole_2,844,31030,0.0009765625
haxs.stage5c2gR32.g1-quadrature.v1,7afe9cbede155b77b97a989366e0313c,75f2a196a4c75b92840a040deeb838b6,limit_hopping_zero_chain6,chain6_hole_2,845,31031,0.0009765625
haxs.stage5c2gR32.g1-quadrature.v1,7afe9cbede155b77b97a989366e0313c,c1f5988c58de5c4a9ecf0539d84827b2,limit_hopping_zero_chain6,chain6_hole_2,846,31032,0.0009765625
haxs.stage5c2gR32.g1-quadrature.v1,7afe9cbede155b77b97a989366e0313c,966827a1088d5a3faecd06511cffc728,limit_hopping_zero_chain6,chain6_hole_2,847,31033,0.0009765625
haxs.stage5c2gR32.g1-quadrature.v1,7afe9cbede155b77b97a989366e0313c,bac779a3adb854d297d32eb7c86339c3,limit_hopping_zero_chain6,chain6_hole_2,848,31100,0.0009765625
haxs.stage5c2gR32.g1-quadrature.v1,7afe9cbede155b77b97a989366e0313c,ac198d42cde159bea2e3c13c73f7b244,limit_hopping_zero_chain6,chain6_hole_2,849,31101,0.0009765625
haxs.stage5c2gR32.g1-quadrature.v1,7afe9cbede155b77b97a989366e0313c,9a577b015a0257b384bb4d67691590e1,limit_hopping_zero_chain6,chain6_hole_2,850,31102,0.0009765625
haxs.stage5c2gR32.g1-quadrature.v1,7afe9cbede155b77b97a989366e0313c,572d2298277b577ba90b3d3908a2778b,limit_hopping_zero_chain6,chain6_hole_2,851,31103,0.0009765625
haxs.stage5c2gR32.g1-quadrature.v1,7afe9cbede155b77b97a989366e0313c,56345d7cd79f5c33a89ebd6f0e9ab730,limit_hopping_zero_chain6,chain6_hole_2,852,31110,0.0009765625
haxs.stage5c2gR32.g1-quadrature.v1,7afe9cbede155b77b97a989366e0313c,5884bfb3be9b5457bfc42787f5b6315f,limit_hopping_zero_chain6,chain6_hole_2,853,31111,0.0009765625
haxs.stage5c2gR32.g1-quadrature.v1,7afe9cbede155b77b97a989366e0313c,a73849714a8a5dceb922c83eb9af5fe4,limit_hopping_zero_chain6,chain6_hole_2,854,31112,0.0009765625
haxs.stage5c2gR32.g1-quadrature.v1,7afe9cbede155b77b97a989366e0313c,46115f3d05a95613bd0049103dcee905,limit_hopping_zero_chain6,chain6_hole_2,855,31113,0.0009765625
haxs.stage5c2gR32.g1-quadrature.v1,7afe9cbede155b77b97a989366e0313c,98807967f7f45fdfbfe256e0c27940c6,limit_hopping_zero_chain6,chain6_hole_2,856,31120,0.0009765625
haxs.stage5c2gR32.g1-quadrature.v1,7afe9cbede155b77b97a989366e0313c,9584fd87cace58e9ab23af70e222870c,limit_hopping_zero_chain6,chain6_hole_2,857,31121,0.0009765625
haxs.stage5c2gR32.g1-quadrature.v1,7afe9cbede155b77b97a989366e0313c,0e9e0506fbb85b71b53c70af75eebe51,limit_hopping_zero_chain6,chain6_hole_2,858,31122,0.0009765625
haxs.stage5c2gR32.g1-quadrature.v1,7afe9cbede155b77b97a989366e0313c,82902106ec545b1f8ca7a0d6409049e4,limit_hopping_zero_chain6,chain6_hole_2,859,31123,0.0009765625
haxs.stage5c2gR32.g1-quadrature.v1,7afe9cbede155b77b97a989366e0313c,7ec95aff83505353abf914f4792460fc,limit_hopping_zero_chain6,chain6_hole_2,860,31130,0.0009765625
haxs.stage5c2gR32.g1-quadrature.v1,7afe9cbede155b77b97a989366e0313c,444f78f9546c51808f4196a40dca04dd,limit_hopping_zero_chain6,chain6_hole_2,861,31131,0.0009765625
haxs.stage5c2gR32.g1-quadrature.v1,7afe9cbede155b77b97a989366e0313c,fe50f30125335a1a99de6e2af3c3bdf3,limit_hopping_zero_chain6,chain6_hole_2,862,31132,0.0009765625
haxs.stage5c2gR32.g1-quadrature.v1,7afe9cbede155b77b97a989366e0313c,6e58f13b44e055f28db1a4b7d8adf2fc,limit_hopping_zero_chain6,chain6_hole_2,863,31133,0.0009765625
haxs.stage5c2gR32.g1-quadrature.v1,7afe9cbede155b77b97a989366e0313c,bc7002fa676a5448b58df89bf7b14b30,limit_hopping_zero_chain6,chain6_hole_2,864,31200,0.0009765625
haxs.stage5c2gR32.g1-quadrature.v1,7afe9cbede155b77b97a989366e0313c,b39ce6a3a46d536794aabd4cd725540a,limit_hopping_zero_chain6,chain6_hole_2,865,31201,0.0009765625
haxs.stage5c2gR32.g1-quadrature.v1,7afe9cbede155b77b97a989366e0313c,3bb03cd7d68a50a5a6772add6d4a835f,limit_hopping_zero_chain6,chain6_hole_2,866,31202,0.0009765625
haxs.stage5c2gR32.g1-quadrature.v1,7afe9cbede155b77b97a989366e0313c,73e9bfcbd4cc57979393abe394a94db7,limit_hopping_zero_chain6,chain6_hole_2,867,31203,0.0009765625
haxs.stage5c2gR32.g1-quadrature.v1,7afe9cbede155b77b97a989366e0313c,544d8792cd7e59b08bb4afa9f2704555,limit_hopping_zero_chain6,chain6_hole_2,868,31210,0.0009765625
haxs.stage5c2gR32.g1-quadrature.v1,7afe9cbede155b77b97a989366e0313c,dfcdaae3e3e35c908e5662383a510ca7,limit_hopping_zero_chain6,chain6_hole_2,869,31211,0.0009765625
haxs.stage5c2gR32.g1-quadrature.v1,7afe9cbede155b77b97a989366e0313c,4797c92b37ea5dd2963ef104fd50d981,limit_hopping_zero_chain6,chain6_hole_2,870,31212,0.0009765625
haxs.stage5c2gR32.g1-quadrature.v1,7afe9cbede155b77b97a989366e0313c,65670c5243b15c5a832b62a9e24f4e9d,limit_hopping_zero_chain6,chain6_hole_2,871,31213,0.0009765625
haxs.stage5c2gR32.g1-quadrature.v1,7afe9cbede155b77b97a989366e0313c,be9bf1b97f6f5e579badd2dbe89102bf,limit_hopping_zero_chain6,chain6_hole_2,872,31220,0.0009765625
haxs.stage5c2gR32.g1-quadrature.v1,7afe9cbede155b77b97a989366e0313c,bad8ee23cae459daba3df69310dd6a75,limit_hopping_zero_chain6,chain6_hole_2,873,31221,0.0009765625
haxs.stage5c2gR32.g1-quadrature.v1,7afe9cbede155b77b97a989366e0313c,826ce34021435c269e0d335d46720bc5,limit_hopping_zero_chain6,chain6_hole_2,874,31222,0.0009765625
haxs.stage5c2gR32.g1-quadrature.v1,7afe9cbede155b77b97a989366e0313c,2e904051040950d3a1934be5c4791906,limit_hopping_zero_chain6,chain6_hole_2,875,31223,0.0009765625
haxs.stage5c2gR32.g1-quadrature.v1,7afe9cbede155b77b97a989366e0313c,f1b705212229555394ca8e4e9b44331d,limit_hopping_zero_chain6,chain6_hole_2,876,31230,0.0009765625
haxs.stage5c2gR32.g1-quadrature.v1,7afe9cbede155b77b97a989366e0313c,8989c694693f5412b6c80400ac17592e,limit_hopping_zero_chain6,chain6_hole_2,877,31231,0.0009765625
haxs.stage5c2gR32.g1-quadrature.v1,7afe9cbede155b77b97a989366e0313c,f592dd633696539a9b3563bfa56456e7,limit_hopping_zero_chain6,chain6_hole_2,878,31232,0.0009765625
haxs.stage5c2gR32.g1-quadrature.v1,7afe9cbede155b77b97a989366e0313c,61d805c0ec1856a28d682a56ed34f043,limit_hopping_zero_chain6,chain6_hole_2,879,31233,0.0009765625
haxs.stage5c2gR32.g1-quadrature.v1,7afe9cbede155b77b97a989366e0313c,bb0d198e3dc6548cac5edd4fa158f460,limit_hopping_zero_chain6,chain6_hole_2,880,31300,0.0009765625
haxs.stage5c2gR32.g1-quadrature.v1,7afe9cbede155b77b97a989366e0313c,ff31eab86fe5535e866c43a81571c6a3,limit_hopping_zero_chain6,chain6_hole_2,881,31301,0.0009765625
haxs.stage5c2gR32.g1-quadrature.v1,7afe9cbede155b77b97a989366e0313c,48faedead9845462ae948e143bbfb8be,limit_hopping_zero_chain6,chain6_hole_2,882,31302,0.0009765625
haxs.stage5c2gR32.g1-quadrature.v1,7afe9cbede155b77b97a989366e0313c,79e7e2d057a65756b74985d13a3a5274,limit_hopping_zero_chain6,chain6_hole_2,883,31303,0.0009765625
haxs.stage5c2gR32.g1-quadrature.v1,7afe9cbede155b77b97a989366e0313c,04b0c38356e053b3aaa974e1268c254e,limit_hopping_zero_chain6,chain6_hole_2,884,31310,0.0009765625
haxs.stage5c2gR32.g1-quadrature.v1,7afe9cbede155b77b97a989366e0313c,1fa3c183b587583e95650eb25c9e36aa,limit_hopping_zero_chain6,chain6_hole_2,885,31311,0.0009765625
haxs.stage5c2gR32.g1-quadrature.v1,7afe9cbede155b77b97a989366e0313c,ebd8bc3a6c355a77b157566a60af4ec7,limit_hopping_zero_chain6,chain6_hole_2,886,31312,0.0009765625
haxs.stage5c2gR32.g1-quadrature.v1,7afe9cbede155b77b97a989366e0313c,3c3cf8b9fcd2591f8d93564d4f7704d1,limit_hopping_zero_chain6,chain6_hole_2,887,31313,0.0009765625
haxs.stage5c2gR32.g1-quadrature.v1,7afe9cbede155b77b97a989366e0313c,20c109454d515053953c9679af99afb3,limit_hopping_zero_chain6,chain6_hole_2,888,31320,0.0009765625
haxs.stage5c2gR32.g1-quadrature.v1,7afe9cbede155b77b97a989366e0313c,6634429804b659b3a3121c9fe86cac72,limit_hopping_zero_chain6,chain6_hole_2,889,31321,0.0009765625
haxs.stage5c2gR32.g1-quadrature.v1,7afe9cbede155b77b97a989366e0313c,0a1f8dd18fb85683b7a3390ca88b1fa7,limit_hopping_zero_chain6,chain6_hole_2,890,31322,0.0009765625
haxs.stage5c2gR32.g1-quadrature.v1,7afe9cbede155b77b97a989366e0313c,b35249bddd38529b9094ed490d1ad136,limit_hopping_zero_chain6,chain6_hole_2,891,31323,0.0009765625
haxs.stage5c2gR32.g1-quadrature.v1,7afe9cbede155b77b97a989366e0313c,f86d8d41efb254909bc785181466a194,limit_hopping_zero_chain6,chain6_hole_2,892,31330,0.0009765625
haxs.stage5c2gR32.g1-quadrature.v1,7afe9cbede155b77b97a989366e0313c,4c81546a7d3252fdab32dad82d87f8d8,limit_hopping_zero_chain6,chain6_hole_2,893,31331,0.0009765625
haxs.stage5c2gR32.g1-quadrature.v1,7afe9cbede155b77b97a989366e0313c,1b27b00f1bb054e8be60272835fa31e2,limit_hopping_zero_chain6,chain6_hole_2,894,31332,0.0009765625
haxs.stage5c2gR32.g1-quadrature.v1,7afe9cbede155b77b97a989366e0313c,6325f4467fe3591984cdd0dcad7a8bbf,limit_hopping_zero_chain6,chain6_hole_2,895,31333,0.0009765625
haxs.stage5c2gR32.g1-quadrature.v1,7afe9cbede155b77b97a989366e0313c,9197ea0ce33352c8ac596691f1799416,limit_hopping_zero_chain6,chain6_hole_2,896,32000,0.0009765625
haxs.stage5c2gR32.g1-quadrature.v1,7afe9cbede155b77b97a989366e0313c,a0bba412b3355f1982d4d4d3756a7028,limit_hopping_zero_chain6,chain6_hole_2,897,32001,0.0009765625
haxs.stage5c2gR32.g1-quadrature.v1,7afe9cbede155b77b97a989366e0313c,a31492d9480b57b1ad58e6175ec92804,limit_hopping_zero_chain6,chain6_hole_2,898,32002,0.0009765625
haxs.stage5c2gR32.g1-quadrature.v1,7afe9cbede155b77b97a989366e0313c,ec17a3575e4451b8aa3b7e2369d7fff4,limit_hopping_zero_chain6,chain6_hole_2,899,32003,0.0009765625
haxs.stage5c2gR32.g1-quadrature.v1,7afe9cbede155b77b97a989366e0313c,07af80b565375eb183db327d7b269467,limit_hopping_zero_chain6,chain6_hole_2,900,32010,0.0009765625
haxs.stage5c2gR32.g1-quadrature.v1,7afe9cbede155b77b97a989366e0313c,b868a2c9d2375ae680a218477c3d8bbb,limit_hopping_zero_chain6,chain6_hole_2,901,32011,0.0009765625
haxs.stage5c2gR32.g1-quadrature.v1,7afe9cbede155b77b97a989366e0313c,661e3448421e5a6e8eb171f294d8dae2,limit_hopping_zero_chain6,chain6_hole_2,902,32012,0.0009765625
haxs.stage5c2gR32.g1-quadrature.v1,7afe9cbede155b77b97a989366e0313c,2089da0f9f945506ac25250600a81670,limit_hopping_zero_chain6,chain6_hole_2,903,32013,0.0009765625
haxs.stage5c2gR32.g1-quadrature.v1,7afe9cbede155b77b97a989366e0313c,bbf66635285b52ff9407e80bd6e86e2e,limit_hopping_zero_chain6,chain6_hole_2,904,32020,0.0009765625
haxs.stage5c2gR32.g1-quadrature.v1,7afe9cbede155b77b97a989366e0313c,dd27314d5fdb54b18eccb86f3bf3dda3,limit_hopping_zero_chain6,chain6_hole_2,905,32021,0.0009765625
haxs.stage5c2gR32.g1-quadrature.v1,7afe9cbede155b77b97a989366e0313c,bd8b58fa9cbc52ebb87b68b52734f841,limit_hopping_zero_chain6,chain6_hole_2,906,32022,0.0009765625
haxs.stage5c2gR32.g1-quadrature.v1,7afe9cbede155b77b97a989366e0313c,9e3ccc3cf6b855e99436de3fc94205cd,limit_hopping_zero_chain6,chain6_hole_2,907,32023,0.0009765625
haxs.stage5c2gR32.g1-quadrature.v1,7afe9cbede155b77b97a989366e0313c,f5d6880f1e745c2bbd83d34d68ad915c,limit_hopping_zero_chain6,chain6_hole_2,908,32030,0.0009765625
haxs.stage5c2gR32.g1-quadrature.v1,7afe9cbede155b77b97a989366e0313c,92496fe49f4c5731abae1e8ea1364402,limit_hopping_zero_chain6,chain6_hole_2,909,32031,0.0009765625
haxs.stage5c2gR32.g1-quadrature.v1,7afe9cbede155b77b97a989366e0313c,a04a3214c3bc5e7ebd08b66709139d04,limit_hopping_zero_chain6,chain6_hole_2,910,32032,0.0009765625
haxs.stage5c2gR32.g1-quadrature.v1,7afe9cbede155b77b97a989366e0313c,ae418e0aa8c957348e4b48deb97f109d,limit_hopping_zero_chain6,chain6_hole_2,911,32033,0.0009765625
haxs.stage5c2gR32.g1-quadrature.v1,7afe9cbede155b77b97a989366e0313c,9fdc0a9545ee5d1689d55ac2a3d2052d,limit_hopping_zero_chain6,chain6_hole_2,912,32100,0.0009765625
haxs.stage5c2gR32.g1-quadrature.v1,7afe9cbede155b77b97a989366e0313c,8e6da504384758acb54962b07309570a,limit_hopping_zero_chain6,chain6_hole_2,913,32101,0.0009765625
haxs.stage5c2gR32.g1-quadrature.v1,7afe9cbede155b77b97a989366e0313c,f6c9c12daae45e12a1bf35908b05d7b1,limit_hopping_zero_chain6,chain6_hole_2,914,32102,0.0009765625
haxs.stage5c2gR32.g1-quadrature.v1,7afe9cbede155b77b97a989366e0313c,92c9489af4c25650bffee1acfcd28524,limit_hopping_zero_chain6,chain6_hole_2,915,32103,0.0009765625
haxs.stage5c2gR32.g1-quadrature.v1,7afe9cbede155b77b97a989366e0313c,033cf064f0585afcad8a99faaabc8e79,limit_hopping_zero_chain6,chain6_hole_2,916,32110,0.0009765625
haxs.stage5c2gR32.g1-quadrature.v1,7afe9cbede155b77b97a989366e0313c,ad918f397f515b68ac28c04f2313dc67,limit_hopping_zero_chain6,chain6_hole_2,917,32111,0.0009765625
haxs.stage5c2gR32.g1-quadrature.v1,7afe9cbede155b77b97a989366e0313c,7c2fc4eb2a435eada1b5987504df1819,limit_hopping_zero_chain6,chain6_hole_2,918,32112,0.0009765625
haxs.stage5c2gR32.g1-quadrature.v1,7afe9cbede155b77b97a989366e0313c,d0503042686459099ba099a3ab92ba05,limit_hopping_zero_chain6,chain6_hole_2,919,32113,0.0009765625
haxs.stage5c2gR32.g1-quadrature.v1,7afe9cbede155b77b97a989366e0313c,24111e8bb9fa586285bbb0db5dbc8b98,limit_hopping_zero_chain6,chain6_hole_2,920,32120,0.0009765625
haxs.stage5c2gR32.g1-quadrature.v1,7afe9cbede155b77b97a989366e0313c,923eabfa18635ac099faa1dc087db812,limit_hopping_zero_chain6,chain6_hole_2,921,32121,0.0009765625
haxs.stage5c2gR32.g1-quadrature.v1,7afe9cbede155b77b97a989366e0313c,cdf831d4dce0592c85ce33acca9f99f9,limit_hopping_zero_chain6,chain6_hole_2,922,32122,0.0009765625
haxs.stage5c2gR32.g1-quadrature.v1,7afe9cbede155b77b97a989366e0313c,032227ae47cd58a08ec745f39f9ed97d,limit_hopping_zero_chain6,chain6_hole_2,923,32123,0.0009765625
haxs.stage5c2gR32.g1-quadrature.v1,7afe9cbede155b77b97a989366e0313c,a22c776a7cee517cac0b0795dfcbe888,limit_hopping_zero_chain6,chain6_hole_2,924,32130,0.0009765625
haxs.stage5c2gR32.g1-quadrature.v1,7afe9cbede155b77b97a989366e0313c,c2a9dc142aa35921a6c9f2f9a8af4b4b,limit_hopping_zero_chain6,chain6_hole_2,925,32131,0.0009765625
haxs.stage5c2gR32.g1-quadrature.v1,7afe9cbede155b77b97a989366e0313c,5e3464af8225576ca7b41c51fc06c0b2,limit_hopping_zero_chain6,chain6_hole_2,926,32132,0.0009765625
haxs.stage5c2gR32.g1-quadrature.v1,7afe9cbede155b77b97a989366e0313c,5dc114a51ae855ee95c2e96e85725d0a,limit_hopping_zero_chain6,chain6_hole_2,927,32133,0.0009765625
haxs.stage5c2gR32.g1-quadrature.v1,7afe9cbede155b77b97a989366e0313c,13423dfc9d715a06912e5b3f539d0e95,limit_hopping_zero_chain6,chain6_hole_2,928,32200,0.0009765625
haxs.stage5c2gR32.g1-quadrature.v1,7afe9cbede155b77b97a989366e0313c,7f11975d8d38556eb943c2ee87331142,limit_hopping_zero_chain6,chain6_hole_2,929,32201,0.0009765625
haxs.stage5c2gR32.g1-quadrature.v1,7afe9cbede155b77b97a989366e0313c,8648deccb5dd580f8c83ebf186f74228,limit_hopping_zero_chain6,chain6_hole_2,930,32202,0.0009765625
haxs.stage5c2gR32.g1-quadrature.v1,7afe9cbede155b77b97a989366e0313c,de39335fc5b85e41861e4a6834d1241c,limit_hopping_zero_chain6,chain6_hole_2,931,32203,0.0009765625
haxs.stage5c2gR32.g1-quadrature.v1,7afe9cbede155b77b97a989366e0313c,297fced415d455f5a8fe8da641e6ac08,limit_hopping_zero_chain6,chain6_hole_2,932,32210,0.0009765625
haxs.stage5c2gR32.g1-quadrature.v1,7afe9cbede155b77b97a989366e0313c,68b6733ed1995f36aa365799fd3fb195,limit_hopping_zero_chain6,chain6_hole_2,933,32211,0.0009765625
haxs.stage5c2gR32.g1-quadrature.v1,7afe9cbede155b77b97a989366e0313c,c79d45aeb8155494becabf4b02550ded,limit_hopping_zero_chain6,chain6_hole_2,934,32212,0.0009765625
haxs.stage5c2gR32.g1-quadrature.v1,7afe9cbede155b77b97a989366e0313c,0e8352f2520a5693b1567a83f08ea35a,limit_hopping_zero_chain6,chain6_hole_2,935,32213,0.0009765625
haxs.stage5c2gR32.g1-quadrature.v1,7afe9cbede155b77b97a989366e0313c,2c0d1f8ab6e45e9a81e05f6879421bb3,limit_hopping_zero_chain6,chain6_hole_2,936,32220,0.0009765625
haxs.stage5c2gR32.g1-quadrature.v1,7afe9cbede155b77b97a989366e0313c,b9ba8899a21e5769ad92f3622150b402,limit_hopping_zero_chain6,chain6_hole_2,937,32221,0.0009765625
haxs.stage5c2gR32.g1-quadrature.v1,7afe9cbede155b77b97a989366e0313c,c0b97ece11935296a676d46bd32bc186,limit_hopping_zero_chain6,chain6_hole_2,938,32222,0.0009765625
haxs.stage5c2gR32.g1-quadrature.v1,7afe9cbede155b77b97a989366e0313c,a4a6b3957e1152abaed115b91359e6c5,limit_hopping_zero_chain6,chain6_hole_2,939,32223,0.0009765625
haxs.stage5c2gR32.g1-quadrature.v1,7afe9cbede155b77b97a989366e0313c,c830538e38435e69ba3e0bdae50f6b6b,limit_hopping_zero_chain6,chain6_hole_2,940,32230,0.0009765625
haxs.stage5c2gR32.g1-quadrature.v1,7afe9cbede155b77b97a989366e0313c,b0e90decf2b650359f6f94dfc6fc73fe,limit_hopping_zero_chain6,chain6_hole_2,941,32231,0.0009765625
haxs.stage5c2gR32.g1-quadrature.v1,7afe9cbede155b77b97a989366e0313c,f1e0cd573ab350e6900e8a2151e58cbc,limit_hopping_zero_chain6,chain6_hole_2,942,32232,0.0009765625
haxs.stage5c2gR32.g1-quadrature.v1,7afe9cbede155b77b97a989366e0313c,3306eeb75b6c5ee09c255fb664fa094a,limit_hopping_zero_chain6,chain6_hole_2,943,32233,0.0009765625
haxs.stage5c2gR32.g1-quadrature.v1,7afe9cbede155b77b97a989366e0313c,b4f44fb071d2525589347609da14564c,limit_hopping_zero_chain6,chain6_hole_2,944,32300,0.0009765625
haxs.stage5c2gR32.g1-quadrature.v1,7afe9cbede155b77b97a989366e0313c,9d83ea90dc3d588c865c5c064db9afb1,limit_hopping_zero_chain6,chain6_hole_2,945,32301,0.0009765625
haxs.stage5c2gR32.g1-quadrature.v1,7afe9cbede155b77b97a989366e0313c,82b1c2d8a80a5b36b654ba8a79ec3a0e,limit_hopping_zero_chain6,chain6_hole_2,946,32302,0.0009765625
haxs.stage5c2gR32.g1-quadrature.v1,7afe9cbede155b77b97a989366e0313c,39e32cb19436583cb577e9ef2ea2da2a,limit_hopping_zero_chain6,chain6_hole_2,947,32303,0.0009765625
haxs.stage5c2gR32.g1-quadrature.v1,7afe9cbede155b77b97a989366e0313c,157e1ac10d10570a886177b6a65e3561,limit_hopping_zero_chain6,chain6_hole_2,948,32310,0.0009765625
haxs.stage5c2gR32.g1-quadrature.v1,7afe9cbede155b77b97a989366e0313c,f69adc9b653657009efd5b93e5e82581,limit_hopping_zero_chain6,chain6_hole_2,949,32311,0.0009765625
haxs.stage5c2gR32.g1-quadrature.v1,7afe9cbede155b77b97a989366e0313c,cff63d5914455fe0847120844ab46ee1,limit_hopping_zero_chain6,chain6_hole_2,950,32312,0.0009765625
haxs.stage5c2gR32.g1-quadrature.v1,7afe9cbede155b77b97a989366e0313c,59d32af8dc7e54ce94cc4484979c8d5a,limit_hopping_zero_chain6,chain6_hole_2,951,32313,0.0009765625
haxs.stage5c2gR32.g1-quadrature.v1,7afe9cbede155b77b97a989366e0313c,fb7374ed6cee5a4c8498784267a668b2,limit_hopping_zero_chain6,chain6_hole_2,952,32320,0.0009765625
haxs.stage5c2gR32.g1-quadrature.v1,7afe9cbede155b77b97a989366e0313c,92e5ee8aed1e586bb499779c793438f3,limit_hopping_zero_chain6,chain6_hole_2,953,32321,0.0009765625
haxs.stage5c2gR32.g1-quadrature.v1,7afe9cbede155b77b97a989366e0313c,98213785bf1a56f6acf1428d221c6009,limit_hopping_zero_chain6,chain6_hole_2,954,32322,0.0009765625
haxs.stage5c2gR32.g1-quadrature.v1,7afe9cbede155b77b97a989366e0313c,5d61d796468e548f9a08a5e913efe89b,limit_hopping_zero_chain6,chain6_hole_2,955,32323,0.0009765625
haxs.stage5c2gR32.g1-quadrature.v1,7afe9cbede155b77b97a989366e0313c,5c168cfc639d5b74a119af3b2a0b8009,limit_hopping_zero_chain6,chain6_hole_2,956,32330,0.0009765625
haxs.stage5c2gR32.g1-quadrature.v1,7afe9cbede155b77b97a989366e0313c,ec3cc5ae0bd559fabb762cc0dcc9f241,limit_hopping_zero_chain6,chain6_hole_2,957,32331,0.0009765625
haxs.stage5c2gR32.g1-quadrature.v1,7afe9cbede155b77b97a989366e0313c,1aeae92f2c4458ec90d8ff06665b299f,limit_hopping_zero_chain6,chain6_hole_2,958,32332,0.0009765625
haxs.stage5c2gR32.g1-quadrature.v1,7afe9cbede155b77b97a989366e0313c,1fae92c33ed45dd3a76f3e5166c8856a,limit_hopping_zero_chain6,chain6_hole_2,959,32333,0.0009765625
haxs.stage5c2gR32.g1-quadrature.v1,7afe9cbede155b77b97a989366e0313c,a295e04df25655afb6c3da5ee1d62630,limit_hopping_zero_chain6,chain6_hole_2,960,33000,0.0009765625
haxs.stage5c2gR32.g1-quadrature.v1,7afe9cbede155b77b97a989366e0313c,d733ab1e6db15e79bf36e2b7e156ae25,limit_hopping_zero_chain6,chain6_hole_2,961,33001,0.0009765625
haxs.stage5c2gR32.g1-quadrature.v1,7afe9cbede155b77b97a989366e0313c,1b74e77d144c5e99a929d366432c3af3,limit_hopping_zero_chain6,chain6_hole_2,962,33002,0.0009765625
haxs.stage5c2gR32.g1-quadrature.v1,7afe9cbede155b77b97a989366e0313c,b202a1436a025300bf730abef4647ccb,limit_hopping_zero_chain6,chain6_hole_2,963,33003,0.0009765625
haxs.stage5c2gR32.g1-quadrature.v1,7afe9cbede155b77b97a989366e0313c,4526dbb9e86451e188eb1e1f8d3c0d19,limit_hopping_zero_chain6,chain6_hole_2,964,33010,0.0009765625
haxs.stage5c2gR32.g1-quadrature.v1,7afe9cbede155b77b97a989366e0313c,620d5209e74a578d81650f4bf466540b,limit_hopping_zero_chain6,chain6_hole_2,965,33011,0.0009765625
haxs.stage5c2gR32.g1-quadrature.v1,7afe9cbede155b77b97a989366e0313c,79b21bf735a95c4da1666fa557ebc1b7,limit_hopping_zero_chain6,chain6_hole_2,966,33012,0.0009765625
haxs.stage5c2gR32.g1-quadrature.v1,7afe9cbede155b77b97a989366e0313c,08cd94ad20335075a2778918846f5d71,limit_hopping_zero_chain6,chain6_hole_2,967,33013,0.0009765625
haxs.stage5c2gR32.g1-quadrature.v1,7afe9cbede155b77b97a989366e0313c,5b4f6029f8175558b7d171fb2011e77e,limit_hopping_zero_chain6,chain6_hole_2,968,33020,0.0009765625
haxs.stage5c2gR32.g1-quadrature.v1,7afe9cbede155b77b97a989366e0313c,8fce503002bc5209b6532885ea2a5562,limit_hopping_zero_chain6,chain6_hole_2,969,33021,0.0009765625
haxs.stage5c2gR32.g1-quadrature.v1,7afe9cbede155b77b97a989366e0313c,24383c2aa4c258b3a7f39200ae0939ad,limit_hopping_zero_chain6,chain6_hole_2,970,33022,0.0009765625
haxs.stage5c2gR32.g1-quadrature.v1,7afe9cbede155b77b97a989366e0313c,3f1f7729fb325d4ea88fd4b5a44811c4,limit_hopping_zero_chain6,chain6_hole_2,971,33023,0.0009765625
haxs.stage5c2gR32.g1-quadrature.v1,7afe9cbede155b77b97a989366e0313c,ed606511a70557928bb6a3df3958ade4,limit_hopping_zero_chain6,chain6_hole_2,972,33030,0.0009765625
haxs.stage5c2gR32.g1-quadrature.v1,7afe9cbede155b77b97a989366e0313c,44fa7a028e1b549a879697c0c61c03cc,limit_hopping_zero_chain6,chain6_hole_2,973,33031,0.0009765625
haxs.stage5c2gR32.g1-quadrature.v1,7afe9cbede155b77b97a989366e0313c,e966bacf1b2158e089ccc7de679c4d69,limit_hopping_zero_chain6,chain6_hole_2,974,33032,0.0009765625
haxs.stage5c2gR32.g1-quadrature.v1,7afe9cbede155b77b97a989366e0313c,39773ed8603155409c68f5a2d0636e2b,limit_hopping_zero_chain6,chain6_hole_2,975,33033,0.0009765625
haxs.stage5c2gR32.g1-quadrature.v1,7afe9cbede155b77b97a989366e0313c,a9c7417574f757459d994cb9176719de,limit_hopping_zero_chain6,chain6_hole_2,976,33100,0.0009765625
haxs.stage5c2gR32.g1-quadrature.v1,7afe9cbede155b77b97a989366e0313c,1a6cdfb794a952199ae47105822a295e,limit_hopping_zero_chain6,chain6_hole_2,977,33101,0.0009765625
haxs.stage5c2gR32.g1-quadrature.v1,7afe9cbede155b77b97a989366e0313c,62220fb1d9495fe3aaa8c0994ee1ec80,limit_hopping_zero_chain6,chain6_hole_2,978,33102,0.0009765625
haxs.stage5c2gR32.g1-quadrature.v1,7afe9cbede155b77b97a989366e0313c,cb5efc458f0e5d378af327c36fb9033d,limit_hopping_zero_chain6,chain6_hole_2,979,33103,0.0009765625
haxs.stage5c2gR32.g1-quadrature.v1,7afe9cbede155b77b97a989366e0313c,a325ec8adc175bbdad4128d924a0e59a,limit_hopping_zero_chain6,chain6_hole_2,980,33110,0.0009765625
haxs.stage5c2gR32.g1-quadrature.v1,7afe9cbede155b77b97a989366e0313c,22298c0db8365cfdb24a8cd15825e83c,limit_hopping_zero_chain6,chain6_hole_2,981,33111,0.0009765625
haxs.stage5c2gR32.g1-quadrature.v1,7afe9cbede155b77b97a989366e0313c,409f8dab53ca5b94b948814d9325fb75,limit_hopping_zero_chain6,chain6_hole_2,982,33112,0.0009765625
haxs.stage5c2gR32.g1-quadrature.v1,7afe9cbede155b77b97a989366e0313c,4816cd50e468572987d3580c6a14bc00,limit_hopping_zero_chain6,chain6_hole_2,983,33113,0.0009765625
haxs.stage5c2gR32.g1-quadrature.v1,7afe9cbede155b77b97a989366e0313c,e2c43ed7df68509490e480b1267e4904,limit_hopping_zero_chain6,chain6_hole_2,984,33120,0.0009765625
haxs.stage5c2gR32.g1-quadrature.v1,7afe9cbede155b77b97a989366e0313c,17ee1a28897e5f508025d9d1c84bca95,limit_hopping_zero_chain6,chain6_hole_2,985,33121,0.0009765625
haxs.stage5c2gR32.g1-quadrature.v1,7afe9cbede155b77b97a989366e0313c,abb6d93f1a8359c9b7ac3043cea55236,limit_hopping_zero_chain6,chain6_hole_2,986,33122,0.0009765625
haxs.stage5c2gR32.g1-quadrature.v1,7afe9cbede155b77b97a989366e0313c,01b82197192458c381f10348fbae6344,limit_hopping_zero_chain6,chain6_hole_2,987,33123,0.0009765625
haxs.stage5c2gR32.g1-quadrature.v1,7afe9cbede155b77b97a989366e0313c,8ab0e71fcf4254d0912fed2c7d8c1216,limit_hopping_zero_chain6,chain6_hole_2,988,33130,0.0009765625
haxs.stage5c2gR32.g1-quadrature.v1,7afe9cbede155b77b97a989366e0313c,ab1914bdb1a7530883623080edadce7d,limit_hopping_zero_chain6,chain6_hole_2,989,33131,0.0009765625
haxs.stage5c2gR32.g1-quadrature.v1,7afe9cbede155b77b97a989366e0313c,afe1d3e174935f92a7f3fb6923ac4cca,limit_hopping_zero_chain6,chain6_hole_2,990,33132,0.0009765625
haxs.stage5c2gR32.g1-quadrature.v1,7afe9cbede155b77b97a989366e0313c,e24419c2b5c25201ace15bd53147975d,limit_hopping_zero_chain6,chain6_hole_2,991,33133,0.0009765625
haxs.stage5c2gR32.g1-quadrature.v1,7afe9cbede155b77b97a989366e0313c,b7697abe8c1c55cf8084a7b348389ad8,limit_hopping_zero_chain6,chain6_hole_2,992,33200,0.0009765625
haxs.stage5c2gR32.g1-quadrature.v1,7afe9cbede155b77b97a989366e0313c,31aec778ea3052489c8475dfce36976f,limit_hopping_zero_chain6,chain6_hole_2,993,33201,0.0009765625
haxs.stage5c2gR32.g1-quadrature.v1,7afe9cbede155b77b97a989366e0313c,83043f2b855b5f3894eaa66269f06c54,limit_hopping_zero_chain6,chain6_hole_2,994,33202,0.0009765625
haxs.stage5c2gR32.g1-quadrature.v1,7afe9cbede155b77b97a989366e0313c,fecd38c777ac5e19879ae4232ccfff99,limit_hopping_zero_chain6,chain6_hole_2,995,33203,0.0009765625
haxs.stage5c2gR32.g1-quadrature.v1,7afe9cbede155b77b97a989366e0313c,5857f887b12f563c91c496c5d80b68fc,limit_hopping_zero_chain6,chain6_hole_2,996,33210,0.0009765625
haxs.stage5c2gR32.g1-quadrature.v1,7afe9cbede155b77b97a989366e0313c,dc3ec1bb24e85f1caeb135786751d8ad,limit_hopping_zero_chain6,chain6_hole_2,997,33211,0.0009765625
haxs.stage5c2gR32.g1-quadrature.v1,7afe9cbede155b77b97a989366e0313c,a953ac007bfd539d81a764e2012f4974,limit_hopping_zero_chain6,chain6_hole_2,998,33212,0.0009765625
haxs.stage5c2gR32.g1-quadrature.v1,7afe9cbede155b77b97a989366e0313c,8ab30b21bdc5576893b3a68f7ec00ddb,limit_hopping_zero_chain6,chain6_hole_2,999,33213,0.0009765625
haxs.stage5c2gR32.g1-quadrature.v1,7afe9cbede155b77b97a989366e0313c,4257b8e31ad55264894b68abc4963c92,limit_hopping_zero_chain6,chain6_hole_2,1000,33220,0.0009765625
haxs.stage5c2gR32.g1-quadrature.v1,7afe9cbede155b77b97a989366e0313c,2e96ec6d89bc550aa5d55023db875b5f,limit_hopping_zero_chain6,chain6_hole_2,1001,33221,0.0009765625
haxs.stage5c2gR32.g1-quadrature.v1,7afe9cbede155b77b97a989366e0313c,09fa7227e6905871a3ab0d52e7334fba,limit_hopping_zero_chain6,chain6_hole_2,1002,33222,0.0009765625
haxs.stage5c2gR32.g1-quadrature.v1,7afe9cbede155b77b97a989366e0313c,b6efb70b15da52e2afc17d9e74a05414,limit_hopping_zero_chain6,chain6_hole_2,1003,33223,0.0009765625
haxs.stage5c2gR32.g1-quadrature.v1,7afe9cbede155b77b97a989366e0313c,40dd34042057509daa0f5680c4bb4d94,limit_hopping_zero_chain6,chain6_hole_2,1004,33230,0.0009765625
haxs.stage5c2gR32.g1-quadrature.v1,7afe9cbede155b77b97a989366e0313c,35394a2629ba55a4851e347ffa64bd1b,limit_hopping_zero_chain6,chain6_hole_2,1005,33231,0.0009765625
haxs.stage5c2gR32.g1-quadrature.v1,7afe9cbede155b77b97a989366e0313c,ed5b27622d0c58a69a471add58a4d13d,limit_hopping_zero_chain6,chain6_hole_2,1006,33232,0.0009765625
haxs.stage5c2gR32.g1-quadrature.v1,7afe9cbede155b77b97a989366e0313c,81082fc1472a5b9fb87be2ce7b108b51,limit_hopping_zero_chain6,chain6_hole_2,1007,33233,0.0009765625
haxs.stage5c2gR32.g1-quadrature.v1,7afe9cbede155b77b97a989366e0313c,34c50652f1685660a2042ac1361cc905,limit_hopping_zero_chain6,chain6_hole_2,1008,33300,0.0009765625
haxs.stage5c2gR32.g1-quadrature.v1,7afe9cbede155b77b97a989366e0313c,f838b4c7cc5c5842a7ba29c1f1265c33,limit_hopping_zero_chain6,chain6_hole_2,1009,33301,0.0009765625
haxs.stage5c2gR32.g1-quadrature.v1,7afe9cbede155b77b97a989366e0313c,7f573226325755d38398e24db2d2e0ee,limit_hopping_zero_chain6,chain6_hole_2,1010,33302,0.0009765625
haxs.stage5c2gR32.g1-quadrature.v1,7afe9cbede155b77b97a989366e0313c,fef79bc7c20e5d8183cdd09fd423959b,limit_hopping_zero_chain6,chain6_hole_2,1011,33303,0.0009765625
haxs.stage5c2gR32.g1-quadrature.v1,7afe9cbede155b77b97a989366e0313c,d656b1436559569791c75560ca32aaf9,limit_hopping_zero_chain6,chain6_hole_2,1012,33310,0.0009765625
haxs.stage5c2gR32.g1-quadrature.v1,7afe9cbede155b77b97a989366e0313c,97320a716292518e9e76c977ffc62cda,limit_hopping_zero_chain6,chain6_hole_2,1013,33311,0.0009765625
haxs.stage5c2gR32.g1-quadrature.v1,7afe9cbede155b77b97a989366e0313c,29ae7e4a2ed558fab51e835f594f3723,limit_hopping_zero_chain6,chain6_hole_2,1014,33312,0.0009765625
haxs.stage5c2gR32.g1-quadrature.v1,7afe9cbede155b77b97a989366e0313c,41132d5d496c5f598a3fa9df0e307970,limit_hopping_zero_chain6,chain6_hole_2,1015,33313,0.0009765625
haxs.stage5c2gR32.g1-quadrature.v1,7afe9cbede155b77b97a989366e0313c,e8afc3d01e305ce789346abe56e993ec,limit_hopping_zero_chain6,chain6_hole_2,1016,33320,0.0009765625
haxs.stage5c2gR32.g1-quadrature.v1,7afe9cbede155b77b97a989366e0313c,4d121a1b89985ce48c4ee14196783e60,limit_hopping_zero_chain6,chain6_hole_2,1017,33321,0.0009765625
haxs.stage5c2gR32.g1-quadrature.v1,7afe9cbede155b77b97a989366e0313c,c2cddbaa250f5f289ddcbf5e5b5d8f67,limit_hopping_zero_chain6,chain6_hole_2,1018,33322,0.0009765625
haxs.stage5c2gR32.g1-quadrature.v1,7afe9cbede155b77b97a989366e0313c,0dd13c59d90c5b009a5cbd8275f1269b,limit_hopping_zero_chain6,chain6_hole_2,1019,33323,0.0009765625
haxs.stage5c2gR32.g1-quadrature.v1,7afe9cbede155b77b97a989366e0313c,5c3bc6ec79205a1cb174540ba3d22c53,limit_hopping_zero_chain6,chain6_hole_2,1020,33330,0.0009765625
haxs.stage5c2gR32.g1-quadrature.v1,7afe9cbede155b77b97a989366e0313c,99094752c3fd59b68e42d496e9a550bb,limit_hopping_zero_chain6,chain6_hole_2,1021,33331,0.0009765625
haxs.stage5c2gR32.g1-quadrature.v1,7afe9cbede155b77b97a989366e0313c,821df662b69558be8f4e6669289fe6dd,limit_hopping_zero_chain6,chain6_hole_2,1022,33332,0.0009765625
haxs.stage5c2gR32.g1-quadrature.v1,7afe9cbede155b77b97a989366e0313c,b2628c46298c5c9ca90eba67f6365381,limit_hopping_zero_chain6,chain6_hole_2,1023,33333,0.0009765625
haxs.stage5c2gR32.g1-quadrature.v1,c0ffa9154a58554596830f69a0f60a83,2df797b6ebe15dabbd623732005ce38a,limit_hopping_zero_chain6,chain6_hole_4,0,00000,0.0009765625
haxs.stage5c2gR32.g1-quadrature.v1,c0ffa9154a58554596830f69a0f60a83,2e5f6c1aa1a0501ca1a6180b58477039,limit_hopping_zero_chain6,chain6_hole_4,1,00001,0.0009765625
haxs.stage5c2gR32.g1-quadrature.v1,c0ffa9154a58554596830f69a0f60a83,9598c335d0915be79bc33e40647dc24e,limit_hopping_zero_chain6,chain6_hole_4,2,00002,0.0009765625
haxs.stage5c2gR32.g1-quadrature.v1,c0ffa9154a58554596830f69a0f60a83,fbbbe7734b2a5b0793e6a5366bceefab,limit_hopping_zero_chain6,chain6_hole_4,3,00003,0.0009765625
haxs.stage5c2gR32.g1-quadrature.v1,c0ffa9154a58554596830f69a0f60a83,74d20f173fb15d898dd9a8fe3ca79389,limit_hopping_zero_chain6,chain6_hole_4,4,00010,0.0009765625
haxs.stage5c2gR32.g1-quadrature.v1,c0ffa9154a58554596830f69a0f60a83,34f4cf9211475a6d8372a017c780286e,limit_hopping_zero_chain6,chain6_hole_4,5,00011,0.0009765625
haxs.stage5c2gR32.g1-quadrature.v1,c0ffa9154a58554596830f69a0f60a83,313f782efe175e06bc2e02d9cd023ce8,limit_hopping_zero_chain6,chain6_hole_4,6,00012,0.0009765625
haxs.stage5c2gR32.g1-quadrature.v1,c0ffa9154a58554596830f69a0f60a83,fcb216d110bc58c78f486a7d434bdb35,limit_hopping_zero_chain6,chain6_hole_4,7,00013,0.0009765625
haxs.stage5c2gR32.g1-quadrature.v1,c0ffa9154a58554596830f69a0f60a83,d711596e3f675d7bb72f0de3fb4c5802,limit_hopping_zero_chain6,chain6_hole_4,8,00020,0.0009765625
haxs.stage5c2gR32.g1-quadrature.v1,c0ffa9154a58554596830f69a0f60a83,00cdad5e93e2548bac48572a770a86e0,limit_hopping_zero_chain6,chain6_hole_4,9,00021,0.0009765625
haxs.stage5c2gR32.g1-quadrature.v1,c0ffa9154a58554596830f69a0f60a83,ca1b5c0ec84054f9a3866f33aa7dbe91,limit_hopping_zero_chain6,chain6_hole_4,10,00022,0.0009765625
haxs.stage5c2gR32.g1-quadrature.v1,c0ffa9154a58554596830f69a0f60a83,2b9e74fc33d259c4bf4b3025cd3d7825,limit_hopping_zero_chain6,chain6_hole_4,11,00023,0.0009765625
haxs.stage5c2gR32.g1-quadrature.v1,c0ffa9154a58554596830f69a0f60a83,dbb0c23a48045017826607ab5144e466,limit_hopping_zero_chain6,chain6_hole_4,12,00030,0.0009765625
haxs.stage5c2gR32.g1-quadrature.v1,c0ffa9154a58554596830f69a0f60a83,f0681a8178425eba9efa4fe24d54e83a,limit_hopping_zero_chain6,chain6_hole_4,13,00031,0.0009765625
haxs.stage5c2gR32.g1-quadrature.v1,c0ffa9154a58554596830f69a0f60a83,944cf801a6ef505b8fdff5c6db35870a,limit_hopping_zero_chain6,chain6_hole_4,14,00032,0.0009765625
haxs.stage5c2gR32.g1-quadrature.v1,c0ffa9154a58554596830f69a0f60a83,61df76ff74a65c019566468ce0d9d483,limit_hopping_zero_chain6,chain6_hole_4,15,00033,0.0009765625
haxs.stage5c2gR32.g1-quadrature.v1,c0ffa9154a58554596830f69a0f60a83,7d146419a3825b5db409d395c57e3e2f,limit_hopping_zero_chain6,chain6_hole_4,16,00100,0.0009765625
haxs.stage5c2gR32.g1-quadrature.v1,c0ffa9154a58554596830f69a0f60a83,a40b338a1a2a5d7283c63f6bbdda764b,limit_hopping_zero_chain6,chain6_hole_4,17,00101,0.0009765625
haxs.stage5c2gR32.g1-quadrature.v1,c0ffa9154a58554596830f69a0f60a83,fa7f0c0cf6f055a0b3b0ea07979adf11,limit_hopping_zero_chain6,chain6_hole_4,18,00102,0.0009765625
haxs.stage5c2gR32.g1-quadrature.v1,c0ffa9154a58554596830f69a0f60a83,026e0d3fb451552bac13839ee6bb2387,limit_hopping_zero_chain6,chain6_hole_4,19,00103,0.0009765625
haxs.stage5c2gR32.g1-quadrature.v1,c0ffa9154a58554596830f69a0f60a83,f00d5fa1febc513c904444e4101da58a,limit_hopping_zero_chain6,chain6_hole_4,20,00110,0.0009765625
haxs.stage5c2gR32.g1-quadrature.v1,c0ffa9154a58554596830f69a0f60a83,6d86e26c8de15c0db3e0d5ede45d4853,limit_hopping_zero_chain6,chain6_hole_4,21,00111,0.0009765625
haxs.stage5c2gR32.g1-quadrature.v1,c0ffa9154a58554596830f69a0f60a83,0650d3670cfd5254813d582be6fe5795,limit_hopping_zero_chain6,chain6_hole_4,22,00112,0.0009765625
haxs.stage5c2gR32.g1-quadrature.v1,c0ffa9154a58554596830f69a0f60a83,876e520b7ac75b4dae697d2d90d61fd1,limit_hopping_zero_chain6,chain6_hole_4,23,00113,0.0009765625
haxs.stage5c2gR32.g1-quadrature.v1,c0ffa9154a58554596830f69a0f60a83,8a82e4aa11945791834ff606b0f90705,limit_hopping_zero_chain6,chain6_hole_4,24,00120,0.0009765625
haxs.stage5c2gR32.g1-quadrature.v1,c0ffa9154a58554596830f69a0f60a83,06236d413530582f8b94f0340fcf922a,limit_hopping_zero_chain6,chain6_hole_4,25,00121,0.0009765625
haxs.stage5c2gR32.g1-quadrature.v1,c0ffa9154a58554596830f69a0f60a83,f5528019143c56f4b1098ccd03436aba,limit_hopping_zero_chain6,chain6_hole_4,26,00122,0.0009765625
haxs.stage5c2gR32.g1-quadrature.v1,c0ffa9154a58554596830f69a0f60a83,b9978896b6fa558ca82a3727011e4ce9,limit_hopping_zero_chain6,chain6_hole_4,27,00123,0.0009765625
haxs.stage5c2gR32.g1-quadrature.v1,c0ffa9154a58554596830f69a0f60a83,1a02207a451e5d10a148f425d31241c5,limit_hopping_zero_chain6,chain6_hole_4,28,00130,0.0009765625
haxs.stage5c2gR32.g1-quadrature.v1,c0ffa9154a58554596830f69a0f60a83,6e726f38d48b59c3a9a6ff44750c1fc5,limit_hopping_zero_chain6,chain6_hole_4,29,00131,0.0009765625
haxs.stage5c2gR32.g1-quadrature.v1,c0ffa9154a58554596830f69a0f60a83,77c88ca1aec856ea8e27a251758c0d07,limit_hopping_zero_chain6,chain6_hole_4,30,00132,0.0009765625
haxs.stage5c2gR32.g1-quadrature.v1,c0ffa9154a58554596830f69a0f60a83,998487e5e1d854b69215bf346d20048d,limit_hopping_zero_chain6,chain6_hole_4,31,00133,0.0009765625
haxs.stage5c2gR32.g1-quadrature.v1,c0ffa9154a58554596830f69a0f60a83,e4cacbe1e8e056128208ef364c771dc5,limit_hopping_zero_chain6,chain6_hole_4,32,00200,0.0009765625
haxs.stage5c2gR32.g1-quadrature.v1,c0ffa9154a58554596830f69a0f60a83,681f2feede4556c5a303b8e6989ff732,limit_hopping_zero_chain6,chain6_hole_4,33,00201,0.0009765625
haxs.stage5c2gR32.g1-quadrature.v1,c0ffa9154a58554596830f69a0f60a83,af7722de09e4541c8b0fa115fa0b70fd,limit_hopping_zero_chain6,chain6_hole_4,34,00202,0.0009765625
haxs.stage5c2gR32.g1-quadrature.v1,c0ffa9154a58554596830f69a0f60a83,d6ee26f18c2653499ec6bb26d8ae73bf,limit_hopping_zero_chain6,chain6_hole_4,35,00203,0.0009765625
haxs.stage5c2gR32.g1-quadrature.v1,c0ffa9154a58554596830f69a0f60a83,32468923f6955863a8bd69b2fda0c352,limit_hopping_zero_chain6,chain6_hole_4,36,00210,0.0009765625
haxs.stage5c2gR32.g1-quadrature.v1,c0ffa9154a58554596830f69a0f60a83,d83e65e413c55c03869cdfdf43f09162,limit_hopping_zero_chain6,chain6_hole_4,37,00211,0.0009765625
haxs.stage5c2gR32.g1-quadrature.v1,c0ffa9154a58554596830f69a0f60a83,917da0d93fed5ec7bfb7a05efbbf6b16,limit_hopping_zero_chain6,chain6_hole_4,38,00212,0.0009765625
haxs.stage5c2gR32.g1-quadrature.v1,c0ffa9154a58554596830f69a0f60a83,cd2f4e05169253028905b1fda8686f7f,limit_hopping_zero_chain6,chain6_hole_4,39,00213,0.0009765625
haxs.stage5c2gR32.g1-quadrature.v1,c0ffa9154a58554596830f69a0f60a83,e196922d016c54728d39b7c34821f4e8,limit_hopping_zero_chain6,chain6_hole_4,40,00220,0.0009765625
haxs.stage5c2gR32.g1-quadrature.v1,c0ffa9154a58554596830f69a0f60a83,82e73d88275258f4b0179a4763652f56,limit_hopping_zero_chain6,chain6_hole_4,41,00221,0.0009765625
haxs.stage5c2gR32.g1-quadrature.v1,c0ffa9154a58554596830f69a0f60a83,5fe20166f10853a6bf46cb942cbbe913,limit_hopping_zero_chain6,chain6_hole_4,42,00222,0.0009765625
haxs.stage5c2gR32.g1-quadrature.v1,c0ffa9154a58554596830f69a0f60a83,0648b79610815a079f671ee7949819f1,limit_hopping_zero_chain6,chain6_hole_4,43,00223,0.0009765625
haxs.stage5c2gR32.g1-quadrature.v1,c0ffa9154a58554596830f69a0f60a83,8dd0c53857915dffb0049ef0df26afe8,limit_hopping_zero_chain6,chain6_hole_4,44,00230,0.0009765625
haxs.stage5c2gR32.g1-quadrature.v1,c0ffa9154a58554596830f69a0f60a83,5b8d22907f9650b7b0abb6a114c8d800,limit_hopping_zero_chain6,chain6_hole_4,45,00231,0.0009765625
haxs.stage5c2gR32.g1-quadrature.v1,c0ffa9154a58554596830f69a0f60a83,74722446122752c9b52746c69709530a,limit_hopping_zero_chain6,chain6_hole_4,46,00232,0.0009765625
haxs.stage5c2gR32.g1-quadrature.v1,c0ffa9154a58554596830f69a0f60a83,9f2128b2aadc51848d06533ddf69dd89,limit_hopping_zero_chain6,chain6_hole_4,47,00233,0.0009765625
haxs.stage5c2gR32.g1-quadrature.v1,c0ffa9154a58554596830f69a0f60a83,77e7993366a95851bffe7f9c29a73285,limit_hopping_zero_chain6,chain6_hole_4,48,00300,0.0009765625
haxs.stage5c2gR32.g1-quadrature.v1,c0ffa9154a58554596830f69a0f60a83,035138d88aac53048942bc7dc72bc013,limit_hopping_zero_chain6,chain6_hole_4,49,00301,0.0009765625
haxs.stage5c2gR32.g1-quadrature.v1,c0ffa9154a58554596830f69a0f60a83,25e59a8d3abe563c856918171a6c0851,limit_hopping_zero_chain6,chain6_hole_4,50,00302,0.0009765625
haxs.stage5c2gR32.g1-quadrature.v1,c0ffa9154a58554596830f69a0f60a83,a24c4ec726355beaa47587e1e4840f93,limit_hopping_zero_chain6,chain6_hole_4,51,00303,0.0009765625
haxs.stage5c2gR32.g1-quadrature.v1,c0ffa9154a58554596830f69a0f60a83,0a58dc12652e5d7ea54e979cd22f758a,limit_hopping_zero_chain6,chain6_hole_4,52,00310,0.0009765625
haxs.stage5c2gR32.g1-quadrature.v1,c0ffa9154a58554596830f69a0f60a83,f4f71d3a04155274a601dc674cc4ff19,limit_hopping_zero_chain6,chain6_hole_4,53,00311,0.0009765625
haxs.stage5c2gR32.g1-quadrature.v1,c0ffa9154a58554596830f69a0f60a83,80959fc32d455496af68ffc575c87052,limit_hopping_zero_chain6,chain6_hole_4,54,00312,0.0009765625
haxs.stage5c2gR32.g1-quadrature.v1,c0ffa9154a58554596830f69a0f60a83,7b351060e2fc56ab9ef96ed57fcc76f2,limit_hopping_zero_chain6,chain6_hole_4,55,00313,0.0009765625
haxs.stage5c2gR32.g1-quadrature.v1,c0ffa9154a58554596830f69a0f60a83,eed6c93a2bd053e09b7ca4e0f00b73b4,limit_hopping_zero_chain6,chain6_hole_4,56,00320,0.0009765625
haxs.stage5c2gR32.g1-quadrature.v1,c0ffa9154a58554596830f69a0f60a83,43e5bd42670a594e8385b4da5675ce44,limit_hopping_zero_chain6,chain6_hole_4,57,00321,0.0009765625
haxs.stage5c2gR32.g1-quadrature.v1,c0ffa9154a58554596830f69a0f60a83,6557be28808f51b093c1c2d8dc69dfe6,limit_hopping_zero_chain6,chain6_hole_4,58,00322,0.0009765625
haxs.stage5c2gR32.g1-quadrature.v1,c0ffa9154a58554596830f69a0f60a83,3dbc6c0e59a6529baa0ab3401108880e,limit_hopping_zero_chain6,chain6_hole_4,59,00323,0.0009765625
haxs.stage5c2gR32.g1-quadrature.v1,c0ffa9154a58554596830f69a0f60a83,50cd7fa2c5ee5e2aa8a9c20e5f6d3383,limit_hopping_zero_chain6,chain6_hole_4,60,00330,0.0009765625
haxs.stage5c2gR32.g1-quadrature.v1,c0ffa9154a58554596830f69a0f60a83,00c4be0513815d338d9eb06610c6a6c8,limit_hopping_zero_chain6,chain6_hole_4,61,00331,0.0009765625
haxs.stage5c2gR32.g1-quadrature.v1,c0ffa9154a58554596830f69a0f60a83,3d5931b218e85795bee8c791529ac8ab,limit_hopping_zero_chain6,chain6_hole_4,62,00332,0.0009765625
haxs.stage5c2gR32.g1-quadrature.v1,c0ffa9154a58554596830f69a0f60a83,2264fd524b855b69a7f4fec1055a99a2,limit_hopping_zero_chain6,chain6_hole_4,63,00333,0.0009765625
haxs.stage5c2gR32.g1-quadrature.v1,c0ffa9154a58554596830f69a0f60a83,8aec9a548e6d5731923ec0ed0356e5c0,limit_hopping_zero_chain6,chain6_hole_4,64,01000,0.0009765625
haxs.stage5c2gR32.g1-quadrature.v1,c0ffa9154a58554596830f69a0f60a83,ec08ced6434b52a1b8849fa473d50e4f,limit_hopping_zero_chain6,chain6_hole_4,65,01001,0.0009765625
haxs.stage5c2gR32.g1-quadrature.v1,c0ffa9154a58554596830f69a0f60a83,e9afc9b827795e59af3e4b1bc18aceb5,limit_hopping_zero_chain6,chain6_hole_4,66,01002,0.0009765625
haxs.stage5c2gR32.g1-quadrature.v1,c0ffa9154a58554596830f69a0f60a83,6cacc65d0dd65f8fa230054f0f7e9407,limit_hopping_zero_chain6,chain6_hole_4,67,01003,0.0009765625
haxs.stage5c2gR32.g1-quadrature.v1,c0ffa9154a58554596830f69a0f60a83,d3544901ccb6524c957920e00da9daef,limit_hopping_zero_chain6,chain6_hole_4,68,01010,0.0009765625
haxs.stage5c2gR32.g1-quadrature.v1,c0ffa9154a58554596830f69a0f60a83,b4f92747326e5db7a81a34d7de483cf3,limit_hopping_zero_chain6,chain6_hole_4,69,01011,0.0009765625
haxs.stage5c2gR32.g1-quadrature.v1,c0ffa9154a58554596830f69a0f60a83,f573e238bc835bd98ac271f88a26c684,limit_hopping_zero_chain6,chain6_hole_4,70,01012,0.0009765625
haxs.stage5c2gR32.g1-quadrature.v1,c0ffa9154a58554596830f69a0f60a83,47e571059bf356d1b61500f7d2ee5aac,limit_hopping_zero_chain6,chain6_hole_4,71,01013,0.0009765625
haxs.stage5c2gR32.g1-quadrature.v1,c0ffa9154a58554596830f69a0f60a83,8a99988aa5bf51f38fee12eff75ea479,limit_hopping_zero_chain6,chain6_hole_4,72,01020,0.0009765625
haxs.stage5c2gR32.g1-quadrature.v1,c0ffa9154a58554596830f69a0f60a83,2afcd1c1e09c504eb16a243ed7c4f9b5,limit_hopping_zero_chain6,chain6_hole_4,73,01021,0.0009765625
haxs.stage5c2gR32.g1-quadrature.v1,c0ffa9154a58554596830f69a0f60a83,af6e18955e53550e8c6c04c30fd98d42,limit_hopping_zero_chain6,chain6_hole_4,74,01022,0.0009765625
haxs.stage5c2gR32.g1-quadrature.v1,c0ffa9154a58554596830f69a0f60a83,f827e75ca8a85715acbd68c2d9b464e6,limit_hopping_zero_chain6,chain6_hole_4,75,01023,0.0009765625
haxs.stage5c2gR32.g1-quadrature.v1,c0ffa9154a58554596830f69a0f60a83,df10570274185df585e7833919d102bc,limit_hopping_zero_chain6,chain6_hole_4,76,01030,0.0009765625
haxs.stage5c2gR32.g1-quadrature.v1,c0ffa9154a58554596830f69a0f60a83,fbb68f61ccb452ebbdb92ba6d6e022c2,limit_hopping_zero_chain6,chain6_hole_4,77,01031,0.0009765625
haxs.stage5c2gR32.g1-quadrature.v1,c0ffa9154a58554596830f69a0f60a83,571a2905668d54a89a3c1df3476adbe5,limit_hopping_zero_chain6,chain6_hole_4,78,01032,0.0009765625
haxs.stage5c2gR32.g1-quadrature.v1,c0ffa9154a58554596830f69a0f60a83,385d57e53a865a3d844867923ec5bc2b,limit_hopping_zero_chain6,chain6_hole_4,79,01033,0.0009765625
haxs.stage5c2gR32.g1-quadrature.v1,c0ffa9154a58554596830f69a0f60a83,59377fa6a53259c18ea302d46efbe3cb,limit_hopping_zero_chain6,chain6_hole_4,80,01100,0.0009765625
haxs.stage5c2gR32.g1-quadrature.v1,c0ffa9154a58554596830f69a0f60a83,c0df51a25ad35e0f8500046d5d9f72c1,limit_hopping_zero_chain6,chain6_hole_4,81,01101,0.0009765625
haxs.stage5c2gR32.g1-quadrature.v1,c0ffa9154a58554596830f69a0f60a83,e528e28f2f225507800c328447a66520,limit_hopping_zero_chain6,chain6_hole_4,82,01102,0.0009765625
haxs.stage5c2gR32.g1-quadrature.v1,c0ffa9154a58554596830f69a0f60a83,0c9717870102538d886bc9192a11e537,limit_hopping_zero_chain6,chain6_hole_4,83,01103,0.0009765625
haxs.stage5c2gR32.g1-quadrature.v1,c0ffa9154a58554596830f69a0f60a83,352acb85ae7d5b8dbb81b92a36b28a0c,limit_hopping_zero_chain6,chain6_hole_4,84,01110,0.0009765625
haxs.stage5c2gR32.g1-quadrature.v1,c0ffa9154a58554596830f69a0f60a83,84e4ba4e47ba5c73a6bc534b1a3bb8fe,limit_hopping_zero_chain6,chain6_hole_4,85,01111,0.0009765625
haxs.stage5c2gR32.g1-quadrature.v1,c0ffa9154a58554596830f69a0f60a83,ed8591ade67a559593c384b927bcdc7b,limit_hopping_zero_chain6,chain6_hole_4,86,01112,0.0009765625
haxs.stage5c2gR32.g1-quadrature.v1,c0ffa9154a58554596830f69a0f60a83,3a430440abfc5f008d451847843656af,limit_hopping_zero_chain6,chain6_hole_4,87,01113,0.0009765625
haxs.stage5c2gR32.g1-quadrature.v1,c0ffa9154a58554596830f69a0f60a83,e790c33e573359d09ad4a26047f6359e,limit_hopping_zero_chain6,chain6_hole_4,88,01120,0.0009765625
haxs.stage5c2gR32.g1-quadrature.v1,c0ffa9154a58554596830f69a0f60a83,04f6373ab92956938eb525db8faea5e8,limit_hopping_zero_chain6,chain6_hole_4,89,01121,0.0009765625
haxs.stage5c2gR32.g1-quadrature.v1,c0ffa9154a58554596830f69a0f60a83,c4893e60cbe259c3abcf65f05d29ad92,limit_hopping_zero_chain6,chain6_hole_4,90,01122,0.0009765625
haxs.stage5c2gR32.g1-quadrature.v1,c0ffa9154a58554596830f69a0f60a83,2ce1a894479452e796c746bdccd1e01c,limit_hopping_zero_chain6,chain6_hole_4,91,01123,0.0009765625
haxs.stage5c2gR32.g1-quadrature.v1,c0ffa9154a58554596830f69a0f60a83,28cbd54cb68457a7bc05592359add0b3,limit_hopping_zero_chain6,chain6_hole_4,92,01130,0.0009765625
haxs.stage5c2gR32.g1-quadrature.v1,c0ffa9154a58554596830f69a0f60a83,ad570a4ac8f55e5d99850608e2edd08d,limit_hopping_zero_chain6,chain6_hole_4,93,01131,0.0009765625
haxs.stage5c2gR32.g1-quadrature.v1,c0ffa9154a58554596830f69a0f60a83,223ebd6ff0855da7920d9f0b3923dd86,limit_hopping_zero_chain6,chain6_hole_4,94,01132,0.0009765625
haxs.stage5c2gR32.g1-quadrature.v1,c0ffa9154a58554596830f69a0f60a83,b5a831939ba35922b7e7a612d1e81b12,limit_hopping_zero_chain6,chain6_hole_4,95,01133,0.0009765625
haxs.stage5c2gR32.g1-quadrature.v1,c0ffa9154a58554596830f69a0f60a83,3bb7ddc848ac58ac8b96382bd2da8ecb,limit_hopping_zero_chain6,chain6_hole_4,96,01200,0.0009765625
haxs.stage5c2gR32.g1-quadrature.v1,c0ffa9154a58554596830f69a0f60a83,cf685ea2fd5959559eb7dec1c9baeb68,limit_hopping_zero_chain6,chain6_hole_4,97,01201,0.0009765625
haxs.stage5c2gR32.g1-quadrature.v1,c0ffa9154a58554596830f69a0f60a83,65057e1bafc95ab587c91ad871f74998,limit_hopping_zero_chain6,chain6_hole_4,98,01202,0.0009765625
haxs.stage5c2gR32.g1-quadrature.v1,c0ffa9154a58554596830f69a0f60a83,25cbcc1df04656d6b657f37717b76022,limit_hopping_zero_chain6,chain6_hole_4,99,01203,0.0009765625
haxs.stage5c2gR32.g1-quadrature.v1,c0ffa9154a58554596830f69a0f60a83,74c85af797085db3a658ccce6233d220,limit_hopping_zero_chain6,chain6_hole_4,100,01210,0.0009765625
haxs.stage5c2gR32.g1-quadrature.v1,c0ffa9154a58554596830f69a0f60a83,a09f06cdc5df5fa2ace3c473de2993c8,limit_hopping_zero_chain6,chain6_hole_4,101,01211,0.0009765625
haxs.stage5c2gR32.g1-quadrature.v1,c0ffa9154a58554596830f69a0f60a83,6a2f5d459bdc517690464557db04f8f8,limit_hopping_zero_chain6,chain6_hole_4,102,01212,0.0009765625
haxs.stage5c2gR32.g1-quadrature.v1,c0ffa9154a58554596830f69a0f60a83,756a707ae8b950e6baf3e7732d82abf9,limit_hopping_zero_chain6,chain6_hole_4,103,01213,0.0009765625
haxs.stage5c2gR32.g1-quadrature.v1,c0ffa9154a58554596830f69a0f60a83,7763525f9419535787b56e6f4f78c735,limit_hopping_zero_chain6,chain6_hole_4,104,01220,0.0009765625
haxs.stage5c2gR32.g1-quadrature.v1,c0ffa9154a58554596830f69a0f60a83,718733336ffd5a1989b98239aecaff07,limit_hopping_zero_chain6,chain6_hole_4,105,01221,0.0009765625
haxs.stage5c2gR32.g1-quadrature.v1,c0ffa9154a58554596830f69a0f60a83,0c860cee612d552f8e03832b061370ca,limit_hopping_zero_chain6,chain6_hole_4,106,01222,0.0009765625
haxs.stage5c2gR32.g1-quadrature.v1,c0ffa9154a58554596830f69a0f60a83,f16d0598f6c350b8bf40fab41af1c17f,limit_hopping_zero_chain6,chain6_hole_4,107,01223,0.0009765625
haxs.stage5c2gR32.g1-quadrature.v1,c0ffa9154a58554596830f69a0f60a83,ceff4fe7e5255710a898d139fc25e71b,limit_hopping_zero_chain6,chain6_hole_4,108,01230,0.0009765625
haxs.stage5c2gR32.g1-quadrature.v1,c0ffa9154a58554596830f69a0f60a83,0e64698e105b5600814df19f703d28c4,limit_hopping_zero_chain6,chain6_hole_4,109,01231,0.0009765625
haxs.stage5c2gR32.g1-quadrature.v1,c0ffa9154a58554596830f69a0f60a83,5930db729f4556dda62fdf33be4682f3,limit_hopping_zero_chain6,chain6_hole_4,110,01232,0.0009765625
haxs.stage5c2gR32.g1-quadrature.v1,c0ffa9154a58554596830f69a0f60a83,c7131f24b66757c08dde5ccf274d1ac0,limit_hopping_zero_chain6,chain6_hole_4,111,01233,0.0009765625
haxs.stage5c2gR32.g1-quadrature.v1,c0ffa9154a58554596830f69a0f60a83,55992e9f9a7c54088e9c1ee20ca9582d,limit_hopping_zero_chain6,chain6_hole_4,112,01300,0.0009765625
haxs.stage5c2gR32.g1-quadrature.v1,c0ffa9154a58554596830f69a0f60a83,2d7c5f7e46775a1da68c8c7c4c430713,limit_hopping_zero_chain6,chain6_hole_4,113,01301,0.0009765625
haxs.stage5c2gR32.g1-quadrature.v1,c0ffa9154a58554596830f69a0f60a83,02e5054a77ef54a4aa514364844f4b66,limit_hopping_zero_chain6,chain6_hole_4,114,01302,0.0009765625
haxs.stage5c2gR32.g1-quadrature.v1,c0ffa9154a58554596830f69a0f60a83,0291fa5498d4548fbf8f3ecc65a9d278,limit_hopping_zero_chain6,chain6_hole_4,115,01303,0.0009765625
haxs.stage5c2gR32.g1-quadrature.v1,c0ffa9154a58554596830f69a0f60a83,becd4c07a01f5d01a140744556980c70,limit_hopping_zero_chain6,chain6_hole_4,116,01310,0.0009765625
haxs.stage5c2gR32.g1-quadrature.v1,c0ffa9154a58554596830f69a0f60a83,46e7f007f18f5f8da45daae089ade0a7,limit_hopping_zero_chain6,chain6_hole_4,117,01311,0.0009765625
haxs.stage5c2gR32.g1-quadrature.v1,c0ffa9154a58554596830f69a0f60a83,5017c668606f559f974a73e494a731b6,limit_hopping_zero_chain6,chain6_hole_4,118,01312,0.0009765625
haxs.stage5c2gR32.g1-quadrature.v1,c0ffa9154a58554596830f69a0f60a83,7da64d4a15b85aa7b4e50be974622454,limit_hopping_zero_chain6,chain6_hole_4,119,01313,0.0009765625
haxs.stage5c2gR32.g1-quadrature.v1,c0ffa9154a58554596830f69a0f60a83,e160f10043cb582594687f1f7eb16aba,limit_hopping_zero_chain6,chain6_hole_4,120,01320,0.0009765625
haxs.stage5c2gR32.g1-quadrature.v1,c0ffa9154a58554596830f69a0f60a83,035d5b48996a53e49928fd32949e048b,limit_hopping_zero_chain6,chain6_hole_4,121,01321,0.0009765625
haxs.stage5c2gR32.g1-quadrature.v1,c0ffa9154a58554596830f69a0f60a83,1432faa4234b54acaae9e04ce5cf14c5,limit_hopping_zero_chain6,chain6_hole_4,122,01322,0.0009765625
haxs.stage5c2gR32.g1-quadrature.v1,c0ffa9154a58554596830f69a0f60a83,469e901a81a452c0b202db1b0af1f6fb,limit_hopping_zero_chain6,chain6_hole_4,123,01323,0.0009765625
haxs.stage5c2gR32.g1-quadrature.v1,c0ffa9154a58554596830f69a0f60a83,8687a0a4841e5f2a9a8b4585789894e1,limit_hopping_zero_chain6,chain6_hole_4,124,01330,0.0009765625
haxs.stage5c2gR32.g1-quadrature.v1,c0ffa9154a58554596830f69a0f60a83,d366e9b4151e526a911b5e06dd4fb7c7,limit_hopping_zero_chain6,chain6_hole_4,125,01331,0.0009765625
haxs.stage5c2gR32.g1-quadrature.v1,c0ffa9154a58554596830f69a0f60a83,a552f74d900b5c4c9ae5bbc998dc1efb,limit_hopping_zero_chain6,chain6_hole_4,126,01332,0.0009765625
haxs.stage5c2gR32.g1-quadrature.v1,c0ffa9154a58554596830f69a0f60a83,80f21c8ce3bd595285592aca74333766,limit_hopping_zero_chain6,chain6_hole_4,127,01333,0.0009765625
haxs.stage5c2gR32.g1-quadrature.v1,c0ffa9154a58554596830f69a0f60a83,956d9739f6505e9b9e2a539b4caaf0ba,limit_hopping_zero_chain6,chain6_hole_4,128,02000,0.0009765625
haxs.stage5c2gR32.g1-quadrature.v1,c0ffa9154a58554596830f69a0f60a83,8c08f1b3f2015b8dbbcfc98ced4f7428,limit_hopping_zero_chain6,chain6_hole_4,129,02001,0.0009765625
haxs.stage5c2gR32.g1-quadrature.v1,c0ffa9154a58554596830f69a0f60a83,2c632d92a1ba5ea5a936260aeda0177d,limit_hopping_zero_chain6,chain6_hole_4,130,02002,0.0009765625
haxs.stage5c2gR32.g1-quadrature.v1,c0ffa9154a58554596830f69a0f60a83,41324cd4c8c756d8809c0b246fe9fd48,limit_hopping_zero_chain6,chain6_hole_4,131,02003,0.0009765625
haxs.stage5c2gR32.g1-quadrature.v1,c0ffa9154a58554596830f69a0f60a83,ca2a75846ca2534a8cc32cb222362087,limit_hopping_zero_chain6,chain6_hole_4,132,02010,0.0009765625
haxs.stage5c2gR32.g1-quadrature.v1,c0ffa9154a58554596830f69a0f60a83,a45a1cc024565f3db7b7bc1e4aa1c9cb,limit_hopping_zero_chain6,chain6_hole_4,133,02011,0.0009765625
haxs.stage5c2gR32.g1-quadrature.v1,c0ffa9154a58554596830f69a0f60a83,01481fa27c925714af7e0c36b6918d54,limit_hopping_zero_chain6,chain6_hole_4,134,02012,0.0009765625
haxs.stage5c2gR32.g1-quadrature.v1,c0ffa9154a58554596830f69a0f60a83,e0ac5049cee65f9bb18d1fae1bdb52e0,limit_hopping_zero_chain6,chain6_hole_4,135,02013,0.0009765625
haxs.stage5c2gR32.g1-quadrature.v1,c0ffa9154a58554596830f69a0f60a83,b7ce5448359a50ca9c9ad125a0514c07,limit_hopping_zero_chain6,chain6_hole_4,136,02020,0.0009765625
haxs.stage5c2gR32.g1-quadrature.v1,c0ffa9154a58554596830f69a0f60a83,9c56c62850b95bb68e91df8a37036dde,limit_hopping_zero_chain6,chain6_hole_4,137,02021,0.0009765625
haxs.stage5c2gR32.g1-quadrature.v1,c0ffa9154a58554596830f69a0f60a83,a87179354caf5cc884ee76061bc4ff50,limit_hopping_zero_chain6,chain6_hole_4,138,02022,0.0009765625
haxs.stage5c2gR32.g1-quadrature.v1,c0ffa9154a58554596830f69a0f60a83,0fe39e8d25295743aa536b898b85351a,limit_hopping_zero_chain6,chain6_hole_4,139,02023,0.0009765625
haxs.stage5c2gR32.g1-quadrature.v1,c0ffa9154a58554596830f69a0f60a83,b565cdefec1e57039a84aa8992d92430,limit_hopping_zero_chain6,chain6_hole_4,140,02030,0.0009765625
haxs.stage5c2gR32.g1-quadrature.v1,c0ffa9154a58554596830f69a0f60a83,adf618f8801853c58df160aec8213c2f,limit_hopping_zero_chain6,chain6_hole_4,141,02031,0.0009765625
haxs.stage5c2gR32.g1-quadrature.v1,c0ffa9154a58554596830f69a0f60a83,a4cf55a70aef564eb7dd7689d2f84101,limit_hopping_zero_chain6,chain6_hole_4,142,02032,0.0009765625
haxs.stage5c2gR32.g1-quadrature.v1,c0ffa9154a58554596830f69a0f60a83,5727b68f59355ef1b95a13b7cbfc94d2,limit_hopping_zero_chain6,chain6_hole_4,143,02033,0.0009765625
haxs.stage5c2gR32.g1-quadrature.v1,c0ffa9154a58554596830f69a0f60a83,b976f516f87050048d9f1e5ba779958a,limit_hopping_zero_chain6,chain6_hole_4,144,02100,0.0009765625
haxs.stage5c2gR32.g1-quadrature.v1,c0ffa9154a58554596830f69a0f60a83,18f57a06a18c59eda4af54259ef9e2c5,limit_hopping_zero_chain6,chain6_hole_4,145,02101,0.0009765625
haxs.stage5c2gR32.g1-quadrature.v1,c0ffa9154a58554596830f69a0f60a83,69c6e7a2c18c58e8baca54b497275f3f,limit_hopping_zero_chain6,chain6_hole_4,146,02102,0.0009765625
haxs.stage5c2gR32.g1-quadrature.v1,c0ffa9154a58554596830f69a0f60a83,f6e550d01e185430bc61226dcda0abca,limit_hopping_zero_chain6,chain6_hole_4,147,02103,0.0009765625
haxs.stage5c2gR32.g1-quadrature.v1,c0ffa9154a58554596830f69a0f60a83,2b33ed7d99b4587dad5f6d0cbe5b0abc,limit_hopping_zero_chain6,chain6_hole_4,148,02110,0.0009765625
haxs.stage5c2gR32.g1-quadrature.v1,c0ffa9154a58554596830f69a0f60a83,4d0cece9dcd65e829a78bec3900ed069,limit_hopping_zero_chain6,chain6_hole_4,149,02111,0.0009765625
haxs.stage5c2gR32.g1-quadrature.v1,c0ffa9154a58554596830f69a0f60a83,2543683a77d6549ebf5dfbab0137ef72,limit_hopping_zero_chain6,chain6_hole_4,150,02112,0.0009765625
haxs.stage5c2gR32.g1-quadrature.v1,c0ffa9154a58554596830f69a0f60a83,e202a70250c05d9784b8858167ae99cf,limit_hopping_zero_chain6,chain6_hole_4,151,02113,0.0009765625
haxs.stage5c2gR32.g1-quadrature.v1,c0ffa9154a58554596830f69a0f60a83,5af6f589f25a5db8b0ad3d282045b3a7,limit_hopping_zero_chain6,chain6_hole_4,152,02120,0.0009765625
haxs.stage5c2gR32.g1-quadrature.v1,c0ffa9154a58554596830f69a0f60a83,33b885125de65df3b34eec7ac1022bc2,limit_hopping_zero_chain6,chain6_hole_4,153,02121,0.0009765625
haxs.stage5c2gR32.g1-quadrature.v1,c0ffa9154a58554596830f69a0f60a83,a12dca92e80d5c8489c451138396d6b4,limit_hopping_zero_chain6,chain6_hole_4,154,02122,0.0009765625
haxs.stage5c2gR32.g1-quadrature.v1,c0ffa9154a58554596830f69a0f60a83,23382d4f514055f4bd6e33f9488e9fee,limit_hopping_zero_chain6,chain6_hole_4,155,02123,0.0009765625
haxs.stage5c2gR32.g1-quadrature.v1,c0ffa9154a58554596830f69a0f60a83,2181088581845b73848c684f0c2006fb,limit_hopping_zero_chain6,chain6_hole_4,156,02130,0.0009765625
haxs.stage5c2gR32.g1-quadrature.v1,c0ffa9154a58554596830f69a0f60a83,0f585b9272165e499a96cdcf9f19e682,limit_hopping_zero_chain6,chain6_hole_4,157,02131,0.0009765625
haxs.stage5c2gR32.g1-quadrature.v1,c0ffa9154a58554596830f69a0f60a83,0f25826230b75ad2b358b09c513edc23,limit_hopping_zero_chain6,chain6_hole_4,158,02132,0.0009765625
haxs.stage5c2gR32.g1-quadrature.v1,c0ffa9154a58554596830f69a0f60a83,2c5d53af10f45e928c677a2d43a2a589,limit_hopping_zero_chain6,chain6_hole_4,159,02133,0.0009765625
haxs.stage5c2gR32.g1-quadrature.v1,c0ffa9154a58554596830f69a0f60a83,fb753018395d5657ba123828c59b056d,limit_hopping_zero_chain6,chain6_hole_4,160,02200,0.0009765625
haxs.stage5c2gR32.g1-quadrature.v1,c0ffa9154a58554596830f69a0f60a83,e139f09da9245db9b31ef13404a51b20,limit_hopping_zero_chain6,chain6_hole_4,161,02201,0.0009765625
haxs.stage5c2gR32.g1-quadrature.v1,c0ffa9154a58554596830f69a0f60a83,87027a8313565f42b9bea1e76db9ff28,limit_hopping_zero_chain6,chain6_hole_4,162,02202,0.0009765625
haxs.stage5c2gR32.g1-quadrature.v1,c0ffa9154a58554596830f69a0f60a83,02c5a53ecebf54ce983e35ab6a59af91,limit_hopping_zero_chain6,chain6_hole_4,163,02203,0.0009765625
haxs.stage5c2gR32.g1-quadrature.v1,c0ffa9154a58554596830f69a0f60a83,503d749c6d92512a9de6efe79ab8ceed,limit_hopping_zero_chain6,chain6_hole_4,164,02210,0.0009765625
haxs.stage5c2gR32.g1-quadrature.v1,c0ffa9154a58554596830f69a0f60a83,a530b68d979152a8841f2e3357911200,limit_hopping_zero_chain6,chain6_hole_4,165,02211,0.0009765625
haxs.stage5c2gR32.g1-quadrature.v1,c0ffa9154a58554596830f69a0f60a83,9d7c3977dae154e5be2a6ff48459ac27,limit_hopping_zero_chain6,chain6_hole_4,166,02212,0.0009765625
haxs.stage5c2gR32.g1-quadrature.v1,c0ffa9154a58554596830f69a0f60a83,4afcc45c06fd534b9c6d3bc3173300fa,limit_hopping_zero_chain6,chain6_hole_4,167,02213,0.0009765625
haxs.stage5c2gR32.g1-quadrature.v1,c0ffa9154a58554596830f69a0f60a83,9e3070e7ded356398129c9ee75e12320,limit_hopping_zero_chain6,chain6_hole_4,168,02220,0.0009765625
haxs.stage5c2gR32.g1-quadrature.v1,c0ffa9154a58554596830f69a0f60a83,6911443822ff51a09c548e9907208dab,limit_hopping_zero_chain6,chain6_hole_4,169,02221,0.0009765625
haxs.stage5c2gR32.g1-quadrature.v1,c0ffa9154a58554596830f69a0f60a83,b9f730b03cc554babb39ea6bc499bbf2,limit_hopping_zero_chain6,chain6_hole_4,170,02222,0.0009765625
haxs.stage5c2gR32.g1-quadrature.v1,c0ffa9154a58554596830f69a0f60a83,04c64ece65f35000bfbdcfa3fe8f1e0e,limit_hopping_zero_chain6,chain6_hole_4,171,02223,0.0009765625
haxs.stage5c2gR32.g1-quadrature.v1,c0ffa9154a58554596830f69a0f60a83,0b5a6c5d69f95f15a76c1284c5d3fb6b,limit_hopping_zero_chain6,chain6_hole_4,172,02230,0.0009765625
haxs.stage5c2gR32.g1-quadrature.v1,c0ffa9154a58554596830f69a0f60a83,56c716bdeafe52d3b4103b127840e9cb,limit_hopping_zero_chain6,chain6_hole_4,173,02231,0.0009765625
haxs.stage5c2gR32.g1-quadrature.v1,c0ffa9154a58554596830f69a0f60a83,9b11417016735282960d3cb6e3b017f2,limit_hopping_zero_chain6,chain6_hole_4,174,02232,0.0009765625
haxs.stage5c2gR32.g1-quadrature.v1,c0ffa9154a58554596830f69a0f60a83,5765bb0a7c2b5305aedcd9abbf89654d,limit_hopping_zero_chain6,chain6_hole_4,175,02233,0.0009765625
haxs.stage5c2gR32.g1-quadrature.v1,c0ffa9154a58554596830f69a0f60a83,324f69860ff8567f920e878a94aa400e,limit_hopping_zero_chain6,chain6_hole_4,176,02300,0.0009765625
haxs.stage5c2gR32.g1-quadrature.v1,c0ffa9154a58554596830f69a0f60a83,da685b3de3125f90b46748c7d6adc358,limit_hopping_zero_chain6,chain6_hole_4,177,02301,0.0009765625
haxs.stage5c2gR32.g1-quadrature.v1,c0ffa9154a58554596830f69a0f60a83,5939646746105d9689db2aab7d767fed,limit_hopping_zero_chain6,chain6_hole_4,178,02302,0.0009765625
haxs.stage5c2gR32.g1-quadrature.v1,c0ffa9154a58554596830f69a0f60a83,c0c2fc7a466d55beaf17c87864e99ac7,limit_hopping_zero_chain6,chain6_hole_4,179,02303,0.0009765625
haxs.stage5c2gR32.g1-quadrature.v1,c0ffa9154a58554596830f69a0f60a83,ca654f55d637516a97c72753074ff5bd,limit_hopping_zero_chain6,chain6_hole_4,180,02310,0.0009765625
haxs.stage5c2gR32.g1-quadrature.v1,c0ffa9154a58554596830f69a0f60a83,2db87fcb7d965c7ab354395d6cb08165,limit_hopping_zero_chain6,chain6_hole_4,181,02311,0.0009765625
haxs.stage5c2gR32.g1-quadrature.v1,c0ffa9154a58554596830f69a0f60a83,7380b8b52ae552828b2bd7ada2eda6de,limit_hopping_zero_chain6,chain6_hole_4,182,02312,0.0009765625
haxs.stage5c2gR32.g1-quadrature.v1,c0ffa9154a58554596830f69a0f60a83,665a8a3654bc5c62bed36234f20d9a1a,limit_hopping_zero_chain6,chain6_hole_4,183,02313,0.0009765625
haxs.stage5c2gR32.g1-quadrature.v1,c0ffa9154a58554596830f69a0f60a83,d996c21ba83f5d86ad066b209a365755,limit_hopping_zero_chain6,chain6_hole_4,184,02320,0.0009765625
haxs.stage5c2gR32.g1-quadrature.v1,c0ffa9154a58554596830f69a0f60a83,c848cbeae4ae557884cdcdac2357f508,limit_hopping_zero_chain6,chain6_hole_4,185,02321,0.0009765625
haxs.stage5c2gR32.g1-quadrature.v1,c0ffa9154a58554596830f69a0f60a83,9caed6976df1524195dd16fba9111689,limit_hopping_zero_chain6,chain6_hole_4,186,02322,0.0009765625
haxs.stage5c2gR32.g1-quadrature.v1,c0ffa9154a58554596830f69a0f60a83,e41371b807c953fa9f3f4a3520952aaa,limit_hopping_zero_chain6,chain6_hole_4,187,02323,0.0009765625
haxs.stage5c2gR32.g1-quadrature.v1,c0ffa9154a58554596830f69a0f60a83,78541bd8c8815aa09e96a74328b2512a,limit_hopping_zero_chain6,chain6_hole_4,188,02330,0.0009765625
haxs.stage5c2gR32.g1-quadrature.v1,c0ffa9154a58554596830f69a0f60a83,9da675b4072951b0a7203ce2bf2e9b5d,limit_hopping_zero_chain6,chain6_hole_4,189,02331,0.0009765625
haxs.stage5c2gR32.g1-quadrature.v1,c0ffa9154a58554596830f69a0f60a83,8ca3814dde75599da0d3247d370362b5,limit_hopping_zero_chain6,chain6_hole_4,190,02332,0.0009765625
haxs.stage5c2gR32.g1-quadrature.v1,c0ffa9154a58554596830f69a0f60a83,604bfdeb485b59cfb3533346da204649,limit_hopping_zero_chain6,chain6_hole_4,191,02333,0.0009765625
haxs.stage5c2gR32.g1-quadrature.v1,c0ffa9154a58554596830f69a0f60a83,52b722675d0d5e23a9aad8fa23eba3f0,limit_hopping_zero_chain6,chain6_hole_4,192,03000,0.0009765625
haxs.stage5c2gR32.g1-quadrature.v1,c0ffa9154a58554596830f69a0f60a83,46e5794c90f450648c7d2c31e09f71ca,limit_hopping_zero_chain6,chain6_hole_4,193,03001,0.0009765625
haxs.stage5c2gR32.g1-quadrature.v1,c0ffa9154a58554596830f69a0f60a83,19a5729f356b5279ae595c4f5d0f22ac,limit_hopping_zero_chain6,chain6_hole_4,194,03002,0.0009765625
haxs.stage5c2gR32.g1-quadrature.v1,c0ffa9154a58554596830f69a0f60a83,fbe932338a4d55259d09e0eeab138e0d,limit_hopping_zero_chain6,chain6_hole_4,195,03003,0.0009765625
haxs.stage5c2gR32.g1-quadrature.v1,c0ffa9154a58554596830f69a0f60a83,05e7580225c054bb9fdf00dbcf245a17,limit_hopping_zero_chain6,chain6_hole_4,196,03010,0.0009765625
haxs.stage5c2gR32.g1-quadrature.v1,c0ffa9154a58554596830f69a0f60a83,ff286e0397845238958f3a2972619162,limit_hopping_zero_chain6,chain6_hole_4,197,03011,0.0009765625
haxs.stage5c2gR32.g1-quadrature.v1,c0ffa9154a58554596830f69a0f60a83,667e3169616d557f9fe2f4e628993b80,limit_hopping_zero_chain6,chain6_hole_4,198,03012,0.0009765625
haxs.stage5c2gR32.g1-quadrature.v1,c0ffa9154a58554596830f69a0f60a83,89999b643c0c5b09ba6d43df5050b58a,limit_hopping_zero_chain6,chain6_hole_4,199,03013,0.0009765625
haxs.stage5c2gR32.g1-quadrature.v1,c0ffa9154a58554596830f69a0f60a83,0f28e02fc7e45c93842c8de1b0f29764,limit_hopping_zero_chain6,chain6_hole_4,200,03020,0.0009765625
haxs.stage5c2gR32.g1-quadrature.v1,c0ffa9154a58554596830f69a0f60a83,7ec1e6f7be045c4c88d553d628a10e05,limit_hopping_zero_chain6,chain6_hole_4,201,03021,0.0009765625
haxs.stage5c2gR32.g1-quadrature.v1,c0ffa9154a58554596830f69a0f60a83,3f1f614bd46e5dedbafb39bf32c15eb6,limit_hopping_zero_chain6,chain6_hole_4,202,03022,0.0009765625
haxs.stage5c2gR32.g1-quadrature.v1,c0ffa9154a58554596830f69a0f60a83,c1bf71c858bf5a73899cd734f3fe7cec,limit_hopping_zero_chain6,chain6_hole_4,203,03023,0.0009765625
haxs.stage5c2gR32.g1-quadrature.v1,c0ffa9154a58554596830f69a0f60a83,a9bc9a6e33b9510d992fa4383eeb0d5b,limit_hopping_zero_chain6,chain6_hole_4,204,03030,0.0009765625
haxs.stage5c2gR32.g1-quadrature.v1,c0ffa9154a58554596830f69a0f60a83,85fc28c9ad705be5b0401f758c0d670b,limit_hopping_zero_chain6,chain6_hole_4,205,03031,0.0009765625
haxs.stage5c2gR32.g1-quadrature.v1,c0ffa9154a58554596830f69a0f60a83,6f78b771d92c5b128359bc400eee51df,limit_hopping_zero_chain6,chain6_hole_4,206,03032,0.0009765625
haxs.stage5c2gR32.g1-quadrature.v1,c0ffa9154a58554596830f69a0f60a83,cdb21a504e945a81ab86544abe07073e,limit_hopping_zero_chain6,chain6_hole_4,207,03033,0.0009765625
haxs.stage5c2gR32.g1-quadrature.v1,c0ffa9154a58554596830f69a0f60a83,9a444b93c19e583fa77da0e64ef76d31,limit_hopping_zero_chain6,chain6_hole_4,208,03100,0.0009765625
haxs.stage5c2gR32.g1-quadrature.v1,c0ffa9154a58554596830f69a0f60a83,46f759cd99e454e7b80a37bbbffe8f48,limit_hopping_zero_chain6,chain6_hole_4,209,03101,0.0009765625
haxs.stage5c2gR32.g1-quadrature.v1,c0ffa9154a58554596830f69a0f60a83,794962c2c74f5458bb0219b5b839dc05,limit_hopping_zero_chain6,chain6_hole_4,210,03102,0.0009765625
haxs.stage5c2gR32.g1-quadrature.v1,c0ffa9154a58554596830f69a0f60a83,ef567ea924205f799693416e9d671973,limit_hopping_zero_chain6,chain6_hole_4,211,03103,0.0009765625
haxs.stage5c2gR32.g1-quadrature.v1,c0ffa9154a58554596830f69a0f60a83,73137d7d70d05d37b82c5bc2d39bb2ba,limit_hopping_zero_chain6,chain6_hole_4,212,03110,0.0009765625
haxs.stage5c2gR32.g1-quadrature.v1,c0ffa9154a58554596830f69a0f60a83,37256a694d295f8e8cb3f26f225f31b1,limit_hopping_zero_chain6,chain6_hole_4,213,03111,0.0009765625
haxs.stage5c2gR32.g1-quadrature.v1,c0ffa9154a58554596830f69a0f60a83,558db058ddef5ef88e2991c6dd5e1d46,limit_hopping_zero_chain6,chain6_hole_4,214,03112,0.0009765625
haxs.stage5c2gR32.g1-quadrature.v1,c0ffa9154a58554596830f69a0f60a83,3a03a4d828d65103a5cf0f787bd0405a,limit_hopping_zero_chain6,chain6_hole_4,215,03113,0.0009765625
haxs.stage5c2gR32.g1-quadrature.v1,c0ffa9154a58554596830f69a0f60a83,0c5ffa32050a59fbafd4c2d1f31ba043,limit_hopping_zero_chain6,chain6_hole_4,216,03120,0.0009765625
haxs.stage5c2gR32.g1-quadrature.v1,c0ffa9154a58554596830f69a0f60a83,0c343eae71d95667b5b3061d50f1734c,limit_hopping_zero_chain6,chain6_hole_4,217,03121,0.0009765625
haxs.stage5c2gR32.g1-quadrature.v1,c0ffa9154a58554596830f69a0f60a83,dc22bf8b5358580f9e25c384032b5db7,limit_hopping_zero_chain6,chain6_hole_4,218,03122,0.0009765625
haxs.stage5c2gR32.g1-quadrature.v1,c0ffa9154a58554596830f69a0f60a83,2cdb26b1f4d352d5b4c1877fbae6feab,limit_hopping_zero_chain6,chain6_hole_4,219,03123,0.0009765625
haxs.stage5c2gR32.g1-quadrature.v1,c0ffa9154a58554596830f69a0f60a83,df88435846a456859181fe1caad60f7f,limit_hopping_zero_chain6,chain6_hole_4,220,03130,0.0009765625
haxs.stage5c2gR32.g1-quadrature.v1,c0ffa9154a58554596830f69a0f60a83,bffa38e1ecb855eeb9bcd279912689b5,limit_hopping_zero_chain6,chain6_hole_4,221,03131,0.0009765625
haxs.stage5c2gR32.g1-quadrature.v1,c0ffa9154a58554596830f69a0f60a83,c9ef26da84205cabb6b819d83309c472,limit_hopping_zero_chain6,chain6_hole_4,222,03132,0.0009765625
haxs.stage5c2gR32.g1-quadrature.v1,c0ffa9154a58554596830f69a0f60a83,18e4d1ea191c591fbcd33dfc9903b106,limit_hopping_zero_chain6,chain6_hole_4,223,03133,0.0009765625
haxs.stage5c2gR32.g1-quadrature.v1,c0ffa9154a58554596830f69a0f60a83,301af116b6a75e6fbf8a13a3512b63dc,limit_hopping_zero_chain6,chain6_hole_4,224,03200,0.0009765625
haxs.stage5c2gR32.g1-quadrature.v1,c0ffa9154a58554596830f69a0f60a83,36396b72e80e50869b399b5710c3d769,limit_hopping_zero_chain6,chain6_hole_4,225,03201,0.0009765625
haxs.stage5c2gR32.g1-quadrature.v1,c0ffa9154a58554596830f69a0f60a83,193724af71cb561b9b926fa5012e59c1,limit_hopping_zero_chain6,chain6_hole_4,226,03202,0.0009765625
haxs.stage5c2gR32.g1-quadrature.v1,c0ffa9154a58554596830f69a0f60a83,796281430ad25b68aa3ab53b9dfd0fa7,limit_hopping_zero_chain6,chain6_hole_4,227,03203,0.0009765625
haxs.stage5c2gR32.g1-quadrature.v1,c0ffa9154a58554596830f69a0f60a83,b947efcc807b53208b9e49adb676a3ef,limit_hopping_zero_chain6,chain6_hole_4,228,03210,0.0009765625
haxs.stage5c2gR32.g1-quadrature.v1,c0ffa9154a58554596830f69a0f60a83,c77e297e42515518b486ca41ee889571,limit_hopping_zero_chain6,chain6_hole_4,229,03211,0.0009765625
haxs.stage5c2gR32.g1-quadrature.v1,c0ffa9154a58554596830f69a0f60a83,e3e6da83a3c3595987ae5b5ed29587a0,limit_hopping_zero_chain6,chain6_hole_4,230,03212,0.0009765625
haxs.stage5c2gR32.g1-quadrature.v1,c0ffa9154a58554596830f69a0f60a83,d495a1dfdbb759f6ac095665a9ea1df7,limit_hopping_zero_chain6,chain6_hole_4,231,03213,0.0009765625
haxs.stage5c2gR32.g1-quadrature.v1,c0ffa9154a58554596830f69a0f60a83,b4f4526584cd539ab7ea34d9d4d173b0,limit_hopping_zero_chain6,chain6_hole_4,232,03220,0.0009765625
haxs.stage5c2gR32.g1-quadrature.v1,c0ffa9154a58554596830f69a0f60a83,8c73f615d15952719de4473c0d261c3a,limit_hopping_zero_chain6,chain6_hole_4,233,03221,0.0009765625
haxs.stage5c2gR32.g1-quadrature.v1,c0ffa9154a58554596830f69a0f60a83,9674ab5ee773540cb83d1da57fdbe9bc,limit_hopping_zero_chain6,chain6_hole_4,234,03222,0.0009765625
haxs.stage5c2gR32.g1-quadrature.v1,c0ffa9154a58554596830f69a0f60a83,84eb592f1b15525bb075f5cb011f4812,limit_hopping_zero_chain6,chain6_hole_4,235,03223,0.0009765625
haxs.stage5c2gR32.g1-quadrature.v1,c0ffa9154a58554596830f69a0f60a83,98988041525151e88cd81e4cfed8fd90,limit_hopping_zero_chain6,chain6_hole_4,236,03230,0.0009765625
haxs.stage5c2gR32.g1-quadrature.v1,c0ffa9154a58554596830f69a0f60a83,a02a7444fbc75abe91ea871763e64dd5,limit_hopping_zero_chain6,chain6_hole_4,237,03231,0.0009765625
haxs.stage5c2gR32.g1-quadrature.v1,c0ffa9154a58554596830f69a0f60a83,811163991e6c5436930840a4a901224a,limit_hopping_zero_chain6,chain6_hole_4,238,03232,0.0009765625
haxs.stage5c2gR32.g1-quadrature.v1,c0ffa9154a58554596830f69a0f60a83,42abc5748acb56ba8038239bf755b681,limit_hopping_zero_chain6,chain6_hole_4,239,03233,0.0009765625
haxs.stage5c2gR32.g1-quadrature.v1,c0ffa9154a58554596830f69a0f60a83,0261b3f032ea5457b798b0c388047072,limit_hopping_zero_chain6,chain6_hole_4,240,03300,0.0009765625
haxs.stage5c2gR32.g1-quadrature.v1,c0ffa9154a58554596830f69a0f60a83,463b58bbf7b554c0b016616bc7262b6e,limit_hopping_zero_chain6,chain6_hole_4,241,03301,0.0009765625
haxs.stage5c2gR32.g1-quadrature.v1,c0ffa9154a58554596830f69a0f60a83,5fc11f45dd72516d92df81cfbf7cedfd,limit_hopping_zero_chain6,chain6_hole_4,242,03302,0.0009765625
haxs.stage5c2gR32.g1-quadrature.v1,c0ffa9154a58554596830f69a0f60a83,49d119c7e8a05ad599b4b0f9690698c2,limit_hopping_zero_chain6,chain6_hole_4,243,03303,0.0009765625
haxs.stage5c2gR32.g1-quadrature.v1,c0ffa9154a58554596830f69a0f60a83,57dd3a7bd1645573988ce824f499af6c,limit_hopping_zero_chain6,chain6_hole_4,244,03310,0.0009765625
haxs.stage5c2gR32.g1-quadrature.v1,c0ffa9154a58554596830f69a0f60a83,68d5a8c33f5d5946bea95dc25fd4dcd2,limit_hopping_zero_chain6,chain6_hole_4,245,03311,0.0009765625
haxs.stage5c2gR32.g1-quadrature.v1,c0ffa9154a58554596830f69a0f60a83,6a8f63756cba57c39b7ebfa4ab60691e,limit_hopping_zero_chain6,chain6_hole_4,246,03312,0.0009765625
haxs.stage5c2gR32.g1-quadrature.v1,c0ffa9154a58554596830f69a0f60a83,fd9317617a8e5fab9b4e5c462bee20e2,limit_hopping_zero_chain6,chain6_hole_4,247,03313,0.0009765625
haxs.stage5c2gR32.g1-quadrature.v1,c0ffa9154a58554596830f69a0f60a83,03b373592658507b9fd6a57c6fe55df1,limit_hopping_zero_chain6,chain6_hole_4,248,03320,0.0009765625
haxs.stage5c2gR32.g1-quadrature.v1,c0ffa9154a58554596830f69a0f60a83,32474aa9db0a50808830ed5543d354d1,limit_hopping_zero_chain6,chain6_hole_4,249,03321,0.0009765625
haxs.stage5c2gR32.g1-quadrature.v1,c0ffa9154a58554596830f69a0f60a83,06bfd2284fc45c0d94fe8fa23a802746,limit_hopping_zero_chain6,chain6_hole_4,250,03322,0.0009765625
haxs.stage5c2gR32.g1-quadrature.v1,c0ffa9154a58554596830f69a0f60a83,0124004fdf4e5f77be7fd2e46c4a78c8,limit_hopping_zero_chain6,chain6_hole_4,251,03323,0.0009765625
haxs.stage5c2gR32.g1-quadrature.v1,c0ffa9154a58554596830f69a0f60a83,c59195183375571b87e94971ee45305a,limit_hopping_zero_chain6,chain6_hole_4,252,03330,0.0009765625
haxs.stage5c2gR32.g1-quadrature.v1,c0ffa9154a58554596830f69a0f60a83,70a9d381f0ae50e593ee81429e4e7544,limit_hopping_zero_chain6,chain6_hole_4,253,03331,0.0009765625
haxs.stage5c2gR32.g1-quadrature.v1,c0ffa9154a58554596830f69a0f60a83,43dcd012c4da5c60b10c3f1dea78109e,limit_hopping_zero_chain6,chain6_hole_4,254,03332,0.0009765625
haxs.stage5c2gR32.g1-quadrature.v1,c0ffa9154a58554596830f69a0f60a83,58aa43da4e4957b0814c16bf254d85b5,limit_hopping_zero_chain6,chain6_hole_4,255,03333,0.0009765625
haxs.stage5c2gR32.g1-quadrature.v1,c0ffa9154a58554596830f69a0f60a83,3c9db1422d58571dbc1165d442cc2bf4,limit_hopping_zero_chain6,chain6_hole_4,256,10000,0.0009765625
haxs.stage5c2gR32.g1-quadrature.v1,c0ffa9154a58554596830f69a0f60a83,fb6def49978c57c59096bcc39b10be4c,limit_hopping_zero_chain6,chain6_hole_4,257,10001,0.0009765625
haxs.stage5c2gR32.g1-quadrature.v1,c0ffa9154a58554596830f69a0f60a83,1d979759975d5f4bafbd0148ebe52cbc,limit_hopping_zero_chain6,chain6_hole_4,258,10002,0.0009765625
haxs.stage5c2gR32.g1-quadrature.v1,c0ffa9154a58554596830f69a0f60a83,2bd9df70596259e390c5119e882eb1c6,limit_hopping_zero_chain6,chain6_hole_4,259,10003,0.0009765625
haxs.stage5c2gR32.g1-quadrature.v1,c0ffa9154a58554596830f69a0f60a83,12e7a39a83935f07a99d91b644b0c63f,limit_hopping_zero_chain6,chain6_hole_4,260,10010,0.0009765625
haxs.stage5c2gR32.g1-quadrature.v1,c0ffa9154a58554596830f69a0f60a83,6c8820b1fa965139bfcf8ef59980e6f7,limit_hopping_zero_chain6,chain6_hole_4,261,10011,0.0009765625
haxs.stage5c2gR32.g1-quadrature.v1,c0ffa9154a58554596830f69a0f60a83,a99715d7bd585099b7f1fbfcbe3fd828,limit_hopping_zero_chain6,chain6_hole_4,262,10012,0.0009765625
haxs.stage5c2gR32.g1-quadrature.v1,c0ffa9154a58554596830f69a0f60a83,839ab639569f595da938993efc966f69,limit_hopping_zero_chain6,chain6_hole_4,263,10013,0.0009765625
haxs.stage5c2gR32.g1-quadrature.v1,c0ffa9154a58554596830f69a0f60a83,a2d2e49694325f88840428233278a964,limit_hopping_zero_chain6,chain6_hole_4,264,10020,0.0009765625
haxs.stage5c2gR32.g1-quadrature.v1,c0ffa9154a58554596830f69a0f60a83,640a6be3618b5dcc8e2f60a08f799233,limit_hopping_zero_chain6,chain6_hole_4,265,10021,0.0009765625
haxs.stage5c2gR32.g1-quadrature.v1,c0ffa9154a58554596830f69a0f60a83,ca7780b60b07586ead96c97fc5a593cb,limit_hopping_zero_chain6,chain6_hole_4,266,10022,0.0009765625
haxs.stage5c2gR32.g1-quadrature.v1,c0ffa9154a58554596830f69a0f60a83,810aaf821d7d51b895c7b5d20d511a92,limit_hopping_zero_chain6,chain6_hole_4,267,10023,0.0009765625
haxs.stage5c2gR32.g1-quadrature.v1,c0ffa9154a58554596830f69a0f60a83,a1fd45542f70583ea07f32abbace2616,limit_hopping_zero_chain6,chain6_hole_4,268,10030,0.0009765625
haxs.stage5c2gR32.g1-quadrature.v1,c0ffa9154a58554596830f69a0f60a83,5827bfcddfe255aeba6b5509e426f819,limit_hopping_zero_chain6,chain6_hole_4,269,10031,0.0009765625
haxs.stage5c2gR32.g1-quadrature.v1,c0ffa9154a58554596830f69a0f60a83,2c7dc8a6ef745423a6dd876736885be5,limit_hopping_zero_chain6,chain6_hole_4,270,10032,0.0009765625
haxs.stage5c2gR32.g1-quadrature.v1,c0ffa9154a58554596830f69a0f60a83,3bd9aae6d29c54d19c6b80f0e24a7555,limit_hopping_zero_chain6,chain6_hole_4,271,10033,0.0009765625
haxs.stage5c2gR32.g1-quadrature.v1,c0ffa9154a58554596830f69a0f60a83,7a7993f1d4925dd987d88186eca1b777,limit_hopping_zero_chain6,chain6_hole_4,272,10100,0.0009765625
haxs.stage5c2gR32.g1-quadrature.v1,c0ffa9154a58554596830f69a0f60a83,7b3d330688e752619ee1a94d065c812e,limit_hopping_zero_chain6,chain6_hole_4,273,10101,0.0009765625
haxs.stage5c2gR32.g1-quadrature.v1,c0ffa9154a58554596830f69a0f60a83,c6fc0462147a55ee8e4b72b33dd79cad,limit_hopping_zero_chain6,chain6_hole_4,274,10102,0.0009765625
haxs.stage5c2gR32.g1-quadrature.v1,c0ffa9154a58554596830f69a0f60a83,d92f53ee906c5599bb336584f2268d41,limit_hopping_zero_chain6,chain6_hole_4,275,10103,0.0009765625
haxs.stage5c2gR32.g1-quadrature.v1,c0ffa9154a58554596830f69a0f60a83,4a635b401d9451b693eadae9bb1f70d1,limit_hopping_zero_chain6,chain6_hole_4,276,10110,0.0009765625
haxs.stage5c2gR32.g1-quadrature.v1,c0ffa9154a58554596830f69a0f60a83,756added04655939a45081d7b6f0b327,limit_hopping_zero_chain6,chain6_hole_4,277,10111,0.0009765625
haxs.stage5c2gR32.g1-quadrature.v1,c0ffa9154a58554596830f69a0f60a83,f8a4d17968b05d0f8839666c6d60d530,limit_hopping_zero_chain6,chain6_hole_4,278,10112,0.0009765625
haxs.stage5c2gR32.g1-quadrature.v1,c0ffa9154a58554596830f69a0f60a83,7c143bb5669050b68095fd4fa81f541f,limit_hopping_zero_chain6,chain6_hole_4,279,10113,0.0009765625
haxs.stage5c2gR32.g1-quadrature.v1,c0ffa9154a58554596830f69a0f60a83,a25b7205ea6053e3b1f76665f57d521f,limit_hopping_zero_chain6,chain6_hole_4,280,10120,0.0009765625
haxs.stage5c2gR32.g1-quadrature.v1,c0ffa9154a58554596830f69a0f60a83,159fd81c3bbc5f9292d73b24890790f4,limit_hopping_zero_chain6,chain6_hole_4,281,10121,0.0009765625
haxs.stage5c2gR32.g1-quadrature.v1,c0ffa9154a58554596830f69a0f60a83,ce39f2d20bdb56d5b6edde3ba9cff9bc,limit_hopping_zero_chain6,chain6_hole_4,282,10122,0.0009765625
haxs.stage5c2gR32.g1-quadrature.v1,c0ffa9154a58554596830f69a0f60a83,3e28e4b2b36c590b80c8550994ec9aa7,limit_hopping_zero_chain6,chain6_hole_4,283,10123,0.0009765625
haxs.stage5c2gR32.g1-quadrature.v1,c0ffa9154a58554596830f69a0f60a83,bad2fe4c3390588babdd317a07ca4575,limit_hopping_zero_chain6,chain6_hole_4,284,10130,0.0009765625
haxs.stage5c2gR32.g1-quadrature.v1,c0ffa9154a58554596830f69a0f60a83,b93cdd6dadba52b0a522cb7d4b1f3624,limit_hopping_zero_chain6,chain6_hole_4,285,10131,0.0009765625
haxs.stage5c2gR32.g1-quadrature.v1,c0ffa9154a58554596830f69a0f60a83,7720a41029355a3eac29c44e4f94d7d2,limit_hopping_zero_chain6,chain6_hole_4,286,10132,0.0009765625
haxs.stage5c2gR32.g1-quadrature.v1,c0ffa9154a58554596830f69a0f60a83,b061c7a134f85f53b21f5c6e33ececbf,limit_hopping_zero_chain6,chain6_hole_4,287,10133,0.0009765625
haxs.stage5c2gR32.g1-quadrature.v1,c0ffa9154a58554596830f69a0f60a83,20e3191c2917536e986e61f8f75b80ab,limit_hopping_zero_chain6,chain6_hole_4,288,10200,0.0009765625
haxs.stage5c2gR32.g1-quadrature.v1,c0ffa9154a58554596830f69a0f60a83,c7efb4a3d44a56ac971e02ae408d542c,limit_hopping_zero_chain6,chain6_hole_4,289,10201,0.0009765625
haxs.stage5c2gR32.g1-quadrature.v1,c0ffa9154a58554596830f69a0f60a83,1c2fecb21e145403a739e0102ce583ee,limit_hopping_zero_chain6,chain6_hole_4,290,10202,0.0009765625
haxs.stage5c2gR32.g1-quadrature.v1,c0ffa9154a58554596830f69a0f60a83,0ff578d2a9db5f04a6264e06c0c122a1,limit_hopping_zero_chain6,chain6_hole_4,291,10203,0.0009765625
haxs.stage5c2gR32.g1-quadrature.v1,c0ffa9154a58554596830f69a0f60a83,81f5d2c1af195b4899ac61d3bf374611,limit_hopping_zero_chain6,chain6_hole_4,292,10210,0.0009765625
haxs.stage5c2gR32.g1-quadrature.v1,c0ffa9154a58554596830f69a0f60a83,ddb9e34e220d5e0a9ce3b73d753e2ff2,limit_hopping_zero_chain6,chain6_hole_4,293,10211,0.0009765625
haxs.stage5c2gR32.g1-quadrature.v1,c0ffa9154a58554596830f69a0f60a83,54d6aa0d54e35c00808a176087130f88,limit_hopping_zero_chain6,chain6_hole_4,294,10212,0.0009765625
haxs.stage5c2gR32.g1-quadrature.v1,c0ffa9154a58554596830f69a0f60a83,f54cc8e606fd5a0bb7103eb0348af872,limit_hopping_zero_chain6,chain6_hole_4,295,10213,0.0009765625
haxs.stage5c2gR32.g1-quadrature.v1,c0ffa9154a58554596830f69a0f60a83,241b87afa1f15ac794ff58e4fda846e9,limit_hopping_zero_chain6,chain6_hole_4,296,10220,0.0009765625
haxs.stage5c2gR32.g1-quadrature.v1,c0ffa9154a58554596830f69a0f60a83,889a15892f3258f383f39a3e089d5b47,limit_hopping_zero_chain6,chain6_hole_4,297,10221,0.0009765625
haxs.stage5c2gR32.g1-quadrature.v1,c0ffa9154a58554596830f69a0f60a83,d5ef49e382a15d44b40c4a85962b49fa,limit_hopping_zero_chain6,chain6_hole_4,298,10222,0.0009765625
haxs.stage5c2gR32.g1-quadrature.v1,c0ffa9154a58554596830f69a0f60a83,78684af806e65006b4872115d205f465,limit_hopping_zero_chain6,chain6_hole_4,299,10223,0.0009765625
haxs.stage5c2gR32.g1-quadrature.v1,c0ffa9154a58554596830f69a0f60a83,366e7b8f2e8d50deb28be89225f970a3,limit_hopping_zero_chain6,chain6_hole_4,300,10230,0.0009765625
haxs.stage5c2gR32.g1-quadrature.v1,c0ffa9154a58554596830f69a0f60a83,37e10ca427ac5370963c7c92259f1bff,limit_hopping_zero_chain6,chain6_hole_4,301,10231,0.0009765625
haxs.stage5c2gR32.g1-quadrature.v1,c0ffa9154a58554596830f69a0f60a83,a310157855e1535ea9e1e9ac6904bd09,limit_hopping_zero_chain6,chain6_hole_4,302,10232,0.0009765625
haxs.stage5c2gR32.g1-quadrature.v1,c0ffa9154a58554596830f69a0f60a83,254479018fc957c1a16f5d5d7dd94b33,limit_hopping_zero_chain6,chain6_hole_4,303,10233,0.0009765625
haxs.stage5c2gR32.g1-quadrature.v1,c0ffa9154a58554596830f69a0f60a83,d98392a8189753aa91d4aadb888c134e,limit_hopping_zero_chain6,chain6_hole_4,304,10300,0.0009765625
haxs.stage5c2gR32.g1-quadrature.v1,c0ffa9154a58554596830f69a0f60a83,45e58616feb3543ead9ee0bce1a60c0d,limit_hopping_zero_chain6,chain6_hole_4,305,10301,0.0009765625
haxs.stage5c2gR32.g1-quadrature.v1,c0ffa9154a58554596830f69a0f60a83,8be1d6bb4c965092a69c9bc165b96352,limit_hopping_zero_chain6,chain6_hole_4,306,10302,0.0009765625
haxs.stage5c2gR32.g1-quadrature.v1,c0ffa9154a58554596830f69a0f60a83,9278e7e5ac9153229e7da07f00e0cb8e,limit_hopping_zero_chain6,chain6_hole_4,307,10303,0.0009765625
haxs.stage5c2gR32.g1-quadrature.v1,c0ffa9154a58554596830f69a0f60a83,9a1295ba65b051cc95e14841ca3ae7c5,limit_hopping_zero_chain6,chain6_hole_4,308,10310,0.0009765625
haxs.stage5c2gR32.g1-quadrature.v1,c0ffa9154a58554596830f69a0f60a83,2666f698faee5dc3840053e2d250157d,limit_hopping_zero_chain6,chain6_hole_4,309,10311,0.0009765625
haxs.stage5c2gR32.g1-quadrature.v1,c0ffa9154a58554596830f69a0f60a83,6e043d9b1ce65725b58531fe9a417e55,limit_hopping_zero_chain6,chain6_hole_4,310,10312,0.0009765625
haxs.stage5c2gR32.g1-quadrature.v1,c0ffa9154a58554596830f69a0f60a83,b899f9f27add5bf0ba4eda552476880b,limit_hopping_zero_chain6,chain6_hole_4,311,10313,0.0009765625
haxs.stage5c2gR32.g1-quadrature.v1,c0ffa9154a58554596830f69a0f60a83,d846504f811e5de58a30093ca87cff38,limit_hopping_zero_chain6,chain6_hole_4,312,10320,0.0009765625
haxs.stage5c2gR32.g1-quadrature.v1,c0ffa9154a58554596830f69a0f60a83,6b54613d8f22551ba7340630398046f6,limit_hopping_zero_chain6,chain6_hole_4,313,10321,0.0009765625
haxs.stage5c2gR32.g1-quadrature.v1,c0ffa9154a58554596830f69a0f60a83,f56ad6163a3456aa9b4330887001eb96,limit_hopping_zero_chain6,chain6_hole_4,314,10322,0.0009765625
haxs.stage5c2gR32.g1-quadrature.v1,c0ffa9154a58554596830f69a0f60a83,be87363120b759da9c939d8ef0772053,limit_hopping_zero_chain6,chain6_hole_4,315,10323,0.0009765625
haxs.stage5c2gR32.g1-quadrature.v1,c0ffa9154a58554596830f69a0f60a83,07540168aa5d56ed8327e3a86fd86668,limit_hopping_zero_chain6,chain6_hole_4,316,10330,0.0009765625
haxs.stage5c2gR32.g1-quadrature.v1,c0ffa9154a58554596830f69a0f60a83,d0870f91c3295307a1bad84d61dc9826,limit_hopping_zero_chain6,chain6_hole_4,317,10331,0.0009765625
haxs.stage5c2gR32.g1-quadrature.v1,c0ffa9154a58554596830f69a0f60a83,7a46b5f70d8d51f8a7ab2e93a0a53647,limit_hopping_zero_chain6,chain6_hole_4,318,10332,0.0009765625
haxs.stage5c2gR32.g1-quadrature.v1,c0ffa9154a58554596830f69a0f60a83,c9e670d84f22537b98e80dce7272cf88,limit_hopping_zero_chain6,chain6_hole_4,319,10333,0.0009765625
haxs.stage5c2gR32.g1-quadrature.v1,c0ffa9154a58554596830f69a0f60a83,b64607c013b35154a7bd131f71558837,limit_hopping_zero_chain6,chain6_hole_4,320,11000,0.0009765625
haxs.stage5c2gR32.g1-quadrature.v1,c0ffa9154a58554596830f69a0f60a83,5dd40720a22456de80390cc757c5a500,limit_hopping_zero_chain6,chain6_hole_4,321,11001,0.0009765625
haxs.stage5c2gR32.g1-quadrature.v1,c0ffa9154a58554596830f69a0f60a83,8b8babe05a275cce9f384e76593c0e71,limit_hopping_zero_chain6,chain6_hole_4,322,11002,0.0009765625
haxs.stage5c2gR32.g1-quadrature.v1,c0ffa9154a58554596830f69a0f60a83,ccbfc028782458b59b2122f99de36b39,limit_hopping_zero_chain6,chain6_hole_4,323,11003,0.0009765625
haxs.stage5c2gR32.g1-quadrature.v1,c0ffa9154a58554596830f69a0f60a83,aefd4d6637d151d8a9688bf89605e10e,limit_hopping_zero_chain6,chain6_hole_4,324,11010,0.0009765625
haxs.stage5c2gR32.g1-quadrature.v1,c0ffa9154a58554596830f69a0f60a83,a74d4e8515de5237aad608d99a35a278,limit_hopping_zero_chain6,chain6_hole_4,325,11011,0.0009765625
haxs.stage5c2gR32.g1-quadrature.v1,c0ffa9154a58554596830f69a0f60a83,6e6c398b27ed517abd8c60fc6496254e,limit_hopping_zero_chain6,chain6_hole_4,326,11012,0.0009765625
haxs.stage5c2gR32.g1-quadrature.v1,c0ffa9154a58554596830f69a0f60a83,ebf11291db7256cf9615d4137ebf0671,limit_hopping_zero_chain6,chain6_hole_4,327,11013,0.0009765625
haxs.stage5c2gR32.g1-quadrature.v1,c0ffa9154a58554596830f69a0f60a83,76960c0707f05c7baacbac108217c2c9,limit_hopping_zero_chain6,chain6_hole_4,328,11020,0.0009765625
haxs.stage5c2gR32.g1-quadrature.v1,c0ffa9154a58554596830f69a0f60a83,2927255ba0c15575a80dbabb11de599d,limit_hopping_zero_chain6,chain6_hole_4,329,11021,0.0009765625
haxs.stage5c2gR32.g1-quadrature.v1,c0ffa9154a58554596830f69a0f60a83,a56093710848555392a2a1f15d4843ab,limit_hopping_zero_chain6,chain6_hole_4,330,11022,0.0009765625
haxs.stage5c2gR32.g1-quadrature.v1,c0ffa9154a58554596830f69a0f60a83,5ac5e970c0bf50e7ba22a23871368fd4,limit_hopping_zero_chain6,chain6_hole_4,331,11023,0.0009765625
haxs.stage5c2gR32.g1-quadrature.v1,c0ffa9154a58554596830f69a0f60a83,9f5dd12fff33569f92c6281107bb2dd0,limit_hopping_zero_chain6,chain6_hole_4,332,11030,0.0009765625
haxs.stage5c2gR32.g1-quadrature.v1,c0ffa9154a58554596830f69a0f60a83,93ea52b9832b5102b269786571508770,limit_hopping_zero_chain6,chain6_hole_4,333,11031,0.0009765625
haxs.stage5c2gR32.g1-quadrature.v1,c0ffa9154a58554596830f69a0f60a83,3fb86a97d21754029cc3808f644858d1,limit_hopping_zero_chain6,chain6_hole_4,334,11032,0.0009765625
haxs.stage5c2gR32.g1-quadrature.v1,c0ffa9154a58554596830f69a0f60a83,b72dabb7fe635b8396dcd5d588268209,limit_hopping_zero_chain6,chain6_hole_4,335,11033,0.0009765625
haxs.stage5c2gR32.g1-quadrature.v1,c0ffa9154a58554596830f69a0f60a83,66ec9cb03b365972a661d270e78d7697,limit_hopping_zero_chain6,chain6_hole_4,336,11100,0.0009765625
haxs.stage5c2gR32.g1-quadrature.v1,c0ffa9154a58554596830f69a0f60a83,ce845964648f5645bc90806385e92e74,limit_hopping_zero_chain6,chain6_hole_4,337,11101,0.0009765625
haxs.stage5c2gR32.g1-quadrature.v1,c0ffa9154a58554596830f69a0f60a83,94cb85e6632b529aacb0d21eb916b6b3,limit_hopping_zero_chain6,chain6_hole_4,338,11102,0.0009765625
haxs.stage5c2gR32.g1-quadrature.v1,c0ffa9154a58554596830f69a0f60a83,d9770462f1f153509f48af398ff80cab,limit_hopping_zero_chain6,chain6_hole_4,339,11103,0.0009765625
haxs.stage5c2gR32.g1-quadrature.v1,c0ffa9154a58554596830f69a0f60a83,451df13233605fca9647eb6b93c82b77,limit_hopping_zero_chain6,chain6_hole_4,340,11110,0.0009765625
haxs.stage5c2gR32.g1-quadrature.v1,c0ffa9154a58554596830f69a0f60a83,69c4acf722ab5da582de6ffd8a42ef24,limit_hopping_zero_chain6,chain6_hole_4,341,11111,0.0009765625
haxs.stage5c2gR32.g1-quadrature.v1,c0ffa9154a58554596830f69a0f60a83,a18a07c62e0354f3bea770ca2ac39a45,limit_hopping_zero_chain6,chain6_hole_4,342,11112,0.0009765625
haxs.stage5c2gR32.g1-quadrature.v1,c0ffa9154a58554596830f69a0f60a83,bcde3d37e1025e27a63318c107485492,limit_hopping_zero_chain6,chain6_hole_4,343,11113,0.0009765625
haxs.stage5c2gR32.g1-quadrature.v1,c0ffa9154a58554596830f69a0f60a83,24eed5a8bfed5f49b54149b99d01a985,limit_hopping_zero_chain6,chain6_hole_4,344,11120,0.0009765625
haxs.stage5c2gR32.g1-quadrature.v1,c0ffa9154a58554596830f69a0f60a83,c634cdb2b55f5c6cad865b2f562596c8,limit_hopping_zero_chain6,chain6_hole_4,345,11121,0.0009765625
haxs.stage5c2gR32.g1-quadrature.v1,c0ffa9154a58554596830f69a0f60a83,c5acb80067f75c4eae83f7d80dfb67f5,limit_hopping_zero_chain6,chain6_hole_4,346,11122,0.0009765625
haxs.stage5c2gR32.g1-quadrature.v1,c0ffa9154a58554596830f69a0f60a83,d8bdfd1e8e9d51cf99b600ca5b3a122d,limit_hopping_zero_chain6,chain6_hole_4,347,11123,0.0009765625
haxs.stage5c2gR32.g1-quadrature.v1,c0ffa9154a58554596830f69a0f60a83,3d129159bc205652918b9e5c07be5d5a,limit_hopping_zero_chain6,chain6_hole_4,348,11130,0.0009765625
haxs.stage5c2gR32.g1-quadrature.v1,c0ffa9154a58554596830f69a0f60a83,c4c7be27ae7c5103af36af629338b839,limit_hopping_zero_chain6,chain6_hole_4,349,11131,0.0009765625
haxs.stage5c2gR32.g1-quadrature.v1,c0ffa9154a58554596830f69a0f60a83,782e9df236dd5c6ea586ed24b2bc8844,limit_hopping_zero_chain6,chain6_hole_4,350,11132,0.0009765625
haxs.stage5c2gR32.g1-quadrature.v1,c0ffa9154a58554596830f69a0f60a83,a20a9de118fd5028abec1f8106666650,limit_hopping_zero_chain6,chain6_hole_4,351,11133,0.0009765625
haxs.stage5c2gR32.g1-quadrature.v1,c0ffa9154a58554596830f69a0f60a83,0b530b2b4a5251e2b747142d01d6e8b6,limit_hopping_zero_chain6,chain6_hole_4,352,11200,0.0009765625
haxs.stage5c2gR32.g1-quadrature.v1,c0ffa9154a58554596830f69a0f60a83,2ebcfbeab98b5fff95b574d3129eaef9,limit_hopping_zero_chain6,chain6_hole_4,353,11201,0.0009765625
haxs.stage5c2gR32.g1-quadrature.v1,c0ffa9154a58554596830f69a0f60a83,e18f257493055ed89ddc18e9c571eddf,limit_hopping_zero_chain6,chain6_hole_4,354,11202,0.0009765625
haxs.stage5c2gR32.g1-quadrature.v1,c0ffa9154a58554596830f69a0f60a83,e900c4d193cf58848d5e54e9cc3b6969,limit_hopping_zero_chain6,chain6_hole_4,355,11203,0.0009765625
haxs.stage5c2gR32.g1-quadrature.v1,c0ffa9154a58554596830f69a0f60a83,ee3dd33b87ea56cfbf85d9e68654f1f1,limit_hopping_zero_chain6,chain6_hole_4,356,11210,0.0009765625
haxs.stage5c2gR32.g1-quadrature.v1,c0ffa9154a58554596830f69a0f60a83,4a12ecc8d64f520e843b370696c48e45,limit_hopping_zero_chain6,chain6_hole_4,357,11211,0.0009765625
haxs.stage5c2gR32.g1-quadrature.v1,c0ffa9154a58554596830f69a0f60a83,52e28f18fa105f1ea62127c0ebd16e2b,limit_hopping_zero_chain6,chain6_hole_4,358,11212,0.0009765625
haxs.stage5c2gR32.g1-quadrature.v1,c0ffa9154a58554596830f69a0f60a83,82f064c9442f58f89747bccb9149b9d4,limit_hopping_zero_chain6,chain6_hole_4,359,11213,0.0009765625
haxs.stage5c2gR32.g1-quadrature.v1,c0ffa9154a58554596830f69a0f60a83,546c67faeb915d9d83bd194ef0f7a104,limit_hopping_zero_chain6,chain6_hole_4,360,11220,0.0009765625
haxs.stage5c2gR32.g1-quadrature.v1,c0ffa9154a58554596830f69a0f60a83,caebd8e7305b5088bbb2ebbc00e1f7d3,limit_hopping_zero_chain6,chain6_hole_4,361,11221,0.0009765625
haxs.stage5c2gR32.g1-quadrature.v1,c0ffa9154a58554596830f69a0f60a83,2d8c9ee174de568e8af98ffa6a3711d7,limit_hopping_zero_chain6,chain6_hole_4,362,11222,0.0009765625
haxs.stage5c2gR32.g1-quadrature.v1,c0ffa9154a58554596830f69a0f60a83,0382bdf7511151919c9b7a702ec08e0d,limit_hopping_zero_chain6,chain6_hole_4,363,11223,0.0009765625
haxs.stage5c2gR32.g1-quadrature.v1,c0ffa9154a58554596830f69a0f60a83,8eac8929fb3853c0b5090556edb9425d,limit_hopping_zero_chain6,chain6_hole_4,364,11230,0.0009765625
haxs.stage5c2gR32.g1-quadrature.v1,c0ffa9154a58554596830f69a0f60a83,39ba338138bd5d34b7a6c264ddadc8b1,limit_hopping_zero_chain6,chain6_hole_4,365,11231,0.0009765625
haxs.stage5c2gR32.g1-quadrature.v1,c0ffa9154a58554596830f69a0f60a83,4fe5ed70ed215b50b042012a14572ffb,limit_hopping_zero_chain6,chain6_hole_4,366,11232,0.0009765625
haxs.stage5c2gR32.g1-quadrature.v1,c0ffa9154a58554596830f69a0f60a83,06f7c740bc7a5d4eb658e32a6e4a5f99,limit_hopping_zero_chain6,chain6_hole_4,367,11233,0.0009765625
haxs.stage5c2gR32.g1-quadrature.v1,c0ffa9154a58554596830f69a0f60a83,4b8087463cd75ee68193771d6019cee6,limit_hopping_zero_chain6,chain6_hole_4,368,11300,0.0009765625
haxs.stage5c2gR32.g1-quadrature.v1,c0ffa9154a58554596830f69a0f60a83,7f33f4524eeb5dac81f1a2a0fb8b0fa5,limit_hopping_zero_chain6,chain6_hole_4,369,11301,0.0009765625
haxs.stage5c2gR32.g1-quadrature.v1,c0ffa9154a58554596830f69a0f60a83,f06673f66ce553359a579313a7d19804,limit_hopping_zero_chain6,chain6_hole_4,370,11302,0.0009765625
haxs.stage5c2gR32.g1-quadrature.v1,c0ffa9154a58554596830f69a0f60a83,c7b43456d6b2537ebb4001c1b3163003,limit_hopping_zero_chain6,chain6_hole_4,371,11303,0.0009765625
haxs.stage5c2gR32.g1-quadrature.v1,c0ffa9154a58554596830f69a0f60a83,5dc5081c5b20577ea4ea2e28821db1ca,limit_hopping_zero_chain6,chain6_hole_4,372,11310,0.0009765625
haxs.stage5c2gR32.g1-quadrature.v1,c0ffa9154a58554596830f69a0f60a83,7f16d6e444ee5089b934b052d81d410e,limit_hopping_zero_chain6,chain6_hole_4,373,11311,0.0009765625
haxs.stage5c2gR32.g1-quadrature.v1,c0ffa9154a58554596830f69a0f60a83,6b2dc4f1ddd5527a879bc7039230285a,limit_hopping_zero_chain6,chain6_hole_4,374,11312,0.0009765625
haxs.stage5c2gR32.g1-quadrature.v1,c0ffa9154a58554596830f69a0f60a83,874fef4a0bbf560ea798130ac8c5660d,limit_hopping_zero_chain6,chain6_hole_4,375,11313,0.0009765625
haxs.stage5c2gR32.g1-quadrature.v1,c0ffa9154a58554596830f69a0f60a83,b88b68a979d85db8816211a0c00d67ca,limit_hopping_zero_chain6,chain6_hole_4,376,11320,0.0009765625
haxs.stage5c2gR32.g1-quadrature.v1,c0ffa9154a58554596830f69a0f60a83,51ce8ceb873c547d8564e03200834769,limit_hopping_zero_chain6,chain6_hole_4,377,11321,0.0009765625
haxs.stage5c2gR32.g1-quadrature.v1,c0ffa9154a58554596830f69a0f60a83,37727ff8a3645865a716711317635de7,limit_hopping_zero_chain6,chain6_hole_4,378,11322,0.0009765625
haxs.stage5c2gR32.g1-quadrature.v1,c0ffa9154a58554596830f69a0f60a83,24d98fffa6685bbeb26da32cd5c362f8,limit_hopping_zero_chain6,chain6_hole_4,379,11323,0.0009765625
haxs.stage5c2gR32.g1-quadrature.v1,c0ffa9154a58554596830f69a0f60a83,acb02282f4205ad6a5649033299e5fcb,limit_hopping_zero_chain6,chain6_hole_4,380,11330,0.0009765625
haxs.stage5c2gR32.g1-quadrature.v1,c0ffa9154a58554596830f69a0f60a83,beb64e93b0b95b6fa5be15fba199cda7,limit_hopping_zero_chain6,chain6_hole_4,381,11331,0.0009765625
haxs.stage5c2gR32.g1-quadrature.v1,c0ffa9154a58554596830f69a0f60a83,8351837b053956f1a70bea8109f9560b,limit_hopping_zero_chain6,chain6_hole_4,382,11332,0.0009765625
haxs.stage5c2gR32.g1-quadrature.v1,c0ffa9154a58554596830f69a0f60a83,c4a4b3eac9cc5874bb88a60c69634f5f,limit_hopping_zero_chain6,chain6_hole_4,383,11333,0.0009765625
haxs.stage5c2gR32.g1-quadrature.v1,c0ffa9154a58554596830f69a0f60a83,95a4a7d6e61c510eb696eab54c0bb484,limit_hopping_zero_chain6,chain6_hole_4,384,12000,0.0009765625
haxs.stage5c2gR32.g1-quadrature.v1,c0ffa9154a58554596830f69a0f60a83,d54c86066a7e54ce9460fcc89fdefdad,limit_hopping_zero_chain6,chain6_hole_4,385,12001,0.0009765625
haxs.stage5c2gR32.g1-quadrature.v1,c0ffa9154a58554596830f69a0f60a83,55f438850ae756d78f05bc54ba6dac3c,limit_hopping_zero_chain6,chain6_hole_4,386,12002,0.0009765625
haxs.stage5c2gR32.g1-quadrature.v1,c0ffa9154a58554596830f69a0f60a83,125bc319df575de183690f3f9ee8eae6,limit_hopping_zero_chain6,chain6_hole_4,387,12003,0.0009765625
haxs.stage5c2gR32.g1-quadrature.v1,c0ffa9154a58554596830f69a0f60a83,caf9ef15c19a5fa094b5987db42b1bd8,limit_hopping_zero_chain6,chain6_hole_4,388,12010,0.0009765625
haxs.stage5c2gR32.g1-quadrature.v1,c0ffa9154a58554596830f69a0f60a83,b9d84a1fc9b85611bbca9ade5e044c85,limit_hopping_zero_chain6,chain6_hole_4,389,12011,0.0009765625
haxs.stage5c2gR32.g1-quadrature.v1,c0ffa9154a58554596830f69a0f60a83,03d380c6b8905536984df7fa20971171,limit_hopping_zero_chain6,chain6_hole_4,390,12012,0.0009765625
haxs.stage5c2gR32.g1-quadrature.v1,c0ffa9154a58554596830f69a0f60a83,be3aaf5095f35ca2933df8404a1bf537,limit_hopping_zero_chain6,chain6_hole_4,391,12013,0.0009765625
haxs.stage5c2gR32.g1-quadrature.v1,c0ffa9154a58554596830f69a0f60a83,e44fe328975853be86af1b9c4f7a3e48,limit_hopping_zero_chain6,chain6_hole_4,392,12020,0.0009765625
haxs.stage5c2gR32.g1-quadrature.v1,c0ffa9154a58554596830f69a0f60a83,c45fcb6f289952268dfead3325e1a030,limit_hopping_zero_chain6,chain6_hole_4,393,12021,0.0009765625
haxs.stage5c2gR32.g1-quadrature.v1,c0ffa9154a58554596830f69a0f60a83,355179587b3a5240bc5c068fc7b3995d,limit_hopping_zero_chain6,chain6_hole_4,394,12022,0.0009765625
haxs.stage5c2gR32.g1-quadrature.v1,c0ffa9154a58554596830f69a0f60a83,ed41182ad9555a029dd1ed8803cb6e32,limit_hopping_zero_chain6,chain6_hole_4,395,12023,0.0009765625
haxs.stage5c2gR32.g1-quadrature.v1,c0ffa9154a58554596830f69a0f60a83,265d383323c25a3aad7eba1ffd49b736,limit_hopping_zero_chain6,chain6_hole_4,396,12030,0.0009765625
haxs.stage5c2gR32.g1-quadrature.v1,c0ffa9154a58554596830f69a0f60a83,b8dc515d20bb574c995b14c4197b3fab,limit_hopping_zero_chain6,chain6_hole_4,397,12031,0.0009765625
haxs.stage5c2gR32.g1-quadrature.v1,c0ffa9154a58554596830f69a0f60a83,ab48fdb9c4da5e4ca9422d8636c7a1bc,limit_hopping_zero_chain6,chain6_hole_4,398,12032,0.0009765625
haxs.stage5c2gR32.g1-quadrature.v1,c0ffa9154a58554596830f69a0f60a83,c0ea7cb595ad5757a32595f7f687f55d,limit_hopping_zero_chain6,chain6_hole_4,399,12033,0.0009765625
haxs.stage5c2gR32.g1-quadrature.v1,c0ffa9154a58554596830f69a0f60a83,da9234e4c17051b1a107a993be61d7a4,limit_hopping_zero_chain6,chain6_hole_4,400,12100,0.0009765625
haxs.stage5c2gR32.g1-quadrature.v1,c0ffa9154a58554596830f69a0f60a83,9e6c1f79d5095e1b9ef40c107cd7cd23,limit_hopping_zero_chain6,chain6_hole_4,401,12101,0.0009765625
haxs.stage5c2gR32.g1-quadrature.v1,c0ffa9154a58554596830f69a0f60a83,8f2703b0c94a569ab05dfd3b6e2a0829,limit_hopping_zero_chain6,chain6_hole_4,402,12102,0.0009765625
haxs.stage5c2gR32.g1-quadrature.v1,c0ffa9154a58554596830f69a0f60a83,d79e7b7e861057aaa4afa40925f4b920,limit_hopping_zero_chain6,chain6_hole_4,403,12103,0.0009765625
haxs.stage5c2gR32.g1-quadrature.v1,c0ffa9154a58554596830f69a0f60a83,01b1aecce48e51d8bc660a96a72b8490,limit_hopping_zero_chain6,chain6_hole_4,404,12110,0.0009765625
haxs.stage5c2gR32.g1-quadrature.v1,c0ffa9154a58554596830f69a0f60a83,f96794bd082957fbb1e357ddd08cf066,limit_hopping_zero_chain6,chain6_hole_4,405,12111,0.0009765625
haxs.stage5c2gR32.g1-quadrature.v1,c0ffa9154a58554596830f69a0f60a83,89b43a6862935a2caa0a598d5b6427d8,limit_hopping_zero_chain6,chain6_hole_4,406,12112,0.0009765625
haxs.stage5c2gR32.g1-quadrature.v1,c0ffa9154a58554596830f69a0f60a83,d738470e5a2f58b49956bd5d0c184d8a,limit_hopping_zero_chain6,chain6_hole_4,407,12113,0.0009765625
haxs.stage5c2gR32.g1-quadrature.v1,c0ffa9154a58554596830f69a0f60a83,ce4a7cf5c4665a76beab573d3d3ccff7,limit_hopping_zero_chain6,chain6_hole_4,408,12120,0.0009765625
haxs.stage5c2gR32.g1-quadrature.v1,c0ffa9154a58554596830f69a0f60a83,09df40d0c3d75654b6ddb2b8ecebf03d,limit_hopping_zero_chain6,chain6_hole_4,409,12121,0.0009765625
haxs.stage5c2gR32.g1-quadrature.v1,c0ffa9154a58554596830f69a0f60a83,332ff2bce59657aeb7e724e8348ab0bd,limit_hopping_zero_chain6,chain6_hole_4,410,12122,0.0009765625
haxs.stage5c2gR32.g1-quadrature.v1,c0ffa9154a58554596830f69a0f60a83,71f43de65a755ed99256baa3c970058e,limit_hopping_zero_chain6,chain6_hole_4,411,12123,0.0009765625
haxs.stage5c2gR32.g1-quadrature.v1,c0ffa9154a58554596830f69a0f60a83,3e6d04c656cc57b183bc4c2bcf9ca712,limit_hopping_zero_chain6,chain6_hole_4,412,12130,0.0009765625
haxs.stage5c2gR32.g1-quadrature.v1,c0ffa9154a58554596830f69a0f60a83,6e59193d39155aa8832595e60c47c2a0,limit_hopping_zero_chain6,chain6_hole_4,413,12131,0.0009765625
haxs.stage5c2gR32.g1-quadrature.v1,c0ffa9154a58554596830f69a0f60a83,a4513eab41fe5c5bb4ba7d109c10f48d,limit_hopping_zero_chain6,chain6_hole_4,414,12132,0.0009765625
haxs.stage5c2gR32.g1-quadrature.v1,c0ffa9154a58554596830f69a0f60a83,a7cc1dbcb96f53138ee55cd3e98b26ee,limit_hopping_zero_chain6,chain6_hole_4,415,12133,0.0009765625
haxs.stage5c2gR32.g1-quadrature.v1,c0ffa9154a58554596830f69a0f60a83,2d46b659700950faa821a03f9c1ac913,limit_hopping_zero_chain6,chain6_hole_4,416,12200,0.0009765625
haxs.stage5c2gR32.g1-quadrature.v1,c0ffa9154a58554596830f69a0f60a83,420c011f898357688073c1235f28d70d,limit_hopping_zero_chain6,chain6_hole_4,417,12201,0.0009765625
haxs.stage5c2gR32.g1-quadrature.v1,c0ffa9154a58554596830f69a0f60a83,c29fa91ad4d3543ba15a18fd36931f5e,limit_hopping_zero_chain6,chain6_hole_4,418,12202,0.0009765625
haxs.stage5c2gR32.g1-quadrature.v1,c0ffa9154a58554596830f69a0f60a83,96cb7fd9ebc05afe98940178b2a5254d,limit_hopping_zero_chain6,chain6_hole_4,419,12203,0.0009765625
haxs.stage5c2gR32.g1-quadrature.v1,c0ffa9154a58554596830f69a0f60a83,78afde11da1953408fb6bf724a60fa4e,limit_hopping_zero_chain6,chain6_hole_4,420,12210,0.0009765625
haxs.stage5c2gR32.g1-quadrature.v1,c0ffa9154a58554596830f69a0f60a83,ed28ab1057355950bf11c98eabe85982,limit_hopping_zero_chain6,chain6_hole_4,421,12211,0.0009765625
haxs.stage5c2gR32.g1-quadrature.v1,c0ffa9154a58554596830f69a0f60a83,3268727fb1ec5a908be273c2cb2f7fa8,limit_hopping_zero_chain6,chain6_hole_4,422,12212,0.0009765625
haxs.stage5c2gR32.g1-quadrature.v1,c0ffa9154a58554596830f69a0f60a83,c4c3653757b15377bb39c309f3f3d7f2,limit_hopping_zero_chain6,chain6_hole_4,423,12213,0.0009765625
haxs.stage5c2gR32.g1-quadrature.v1,c0ffa9154a58554596830f69a0f60a83,2208a692969d5e889a383ef551d7764e,limit_hopping_zero_chain6,chain6_hole_4,424,12220,0.0009765625
haxs.stage5c2gR32.g1-quadrature.v1,c0ffa9154a58554596830f69a0f60a83,673cf1756e3c5d0c92499cc4a9a28742,limit_hopping_zero_chain6,chain6_hole_4,425,12221,0.0009765625
haxs.stage5c2gR32.g1-quadrature.v1,c0ffa9154a58554596830f69a0f60a83,cd9cc15d2fbe5b9c903ff9ff2533392d,limit_hopping_zero_chain6,chain6_hole_4,426,12222,0.0009765625
haxs.stage5c2gR32.g1-quadrature.v1,c0ffa9154a58554596830f69a0f60a83,d6b558c6babb5365bc9ed22dea6e4d4e,limit_hopping_zero_chain6,chain6_hole_4,427,12223,0.0009765625
haxs.stage5c2gR32.g1-quadrature.v1,c0ffa9154a58554596830f69a0f60a83,1a04ff0b96ed5490b94e6ecd5d675ce2,limit_hopping_zero_chain6,chain6_hole_4,428,12230,0.0009765625
haxs.stage5c2gR32.g1-quadrature.v1,c0ffa9154a58554596830f69a0f60a83,94af5bd5e47656f38dbcf6ba27b17e8d,limit_hopping_zero_chain6,chain6_hole_4,429,12231,0.0009765625
haxs.stage5c2gR32.g1-quadrature.v1,c0ffa9154a58554596830f69a0f60a83,a27977d86927580cad67a6782b94e6f6,limit_hopping_zero_chain6,chain6_hole_4,430,12232,0.0009765625
haxs.stage5c2gR32.g1-quadrature.v1,c0ffa9154a58554596830f69a0f60a83,e66d4e46915858cca5662e80c5129251,limit_hopping_zero_chain6,chain6_hole_4,431,12233,0.0009765625
haxs.stage5c2gR32.g1-quadrature.v1,c0ffa9154a58554596830f69a0f60a83,aefa2e50e3785514bd97c79169303d54,limit_hopping_zero_chain6,chain6_hole_4,432,12300,0.0009765625
haxs.stage5c2gR32.g1-quadrature.v1,c0ffa9154a58554596830f69a0f60a83,9dfb45cc4c165c65873ddf5f91d98356,limit_hopping_zero_chain6,chain6_hole_4,433,12301,0.0009765625
haxs.stage5c2gR32.g1-quadrature.v1,c0ffa9154a58554596830f69a0f60a83,99a02d3ae3ac54889bd4646568112d1e,limit_hopping_zero_chain6,chain6_hole_4,434,12302,0.0009765625
haxs.stage5c2gR32.g1-quadrature.v1,c0ffa9154a58554596830f69a0f60a83,de70e98740045908b80a4b371f90acae,limit_hopping_zero_chain6,chain6_hole_4,435,12303,0.0009765625
haxs.stage5c2gR32.g1-quadrature.v1,c0ffa9154a58554596830f69a0f60a83,4d2b89f637755fe682de17d876ad9806,limit_hopping_zero_chain6,chain6_hole_4,436,12310,0.0009765625
haxs.stage5c2gR32.g1-quadrature.v1,c0ffa9154a58554596830f69a0f60a83,b67ced994b515ab2b1ca5c279d2afecb,limit_hopping_zero_chain6,chain6_hole_4,437,12311,0.0009765625
haxs.stage5c2gR32.g1-quadrature.v1,c0ffa9154a58554596830f69a0f60a83,aace5c865aeb5e919e4b3f8bdee6e7e6,limit_hopping_zero_chain6,chain6_hole_4,438,12312,0.0009765625
haxs.stage5c2gR32.g1-quadrature.v1,c0ffa9154a58554596830f69a0f60a83,d8119fab6aef5b4590b23880fc8beff8,limit_hopping_zero_chain6,chain6_hole_4,439,12313,0.0009765625
haxs.stage5c2gR32.g1-quadrature.v1,c0ffa9154a58554596830f69a0f60a83,f542fe96496b5d499aad11d0ce000ecb,limit_hopping_zero_chain6,chain6_hole_4,440,12320,0.0009765625
haxs.stage5c2gR32.g1-quadrature.v1,c0ffa9154a58554596830f69a0f60a83,993393cb0535515cb982f6618f87c811,limit_hopping_zero_chain6,chain6_hole_4,441,12321,0.0009765625
haxs.stage5c2gR32.g1-quadrature.v1,c0ffa9154a58554596830f69a0f60a83,cf0d6697f88852e6b120c33278836228,limit_hopping_zero_chain6,chain6_hole_4,442,12322,0.0009765625
haxs.stage5c2gR32.g1-quadrature.v1,c0ffa9154a58554596830f69a0f60a83,8aa6b0dc4b06540ba75c2b364aa0b8d7,limit_hopping_zero_chain6,chain6_hole_4,443,12323,0.0009765625
haxs.stage5c2gR32.g1-quadrature.v1,c0ffa9154a58554596830f69a0f60a83,62e4eee6e3915ea982d4b136f90f02df,limit_hopping_zero_chain6,chain6_hole_4,444,12330,0.0009765625
haxs.stage5c2gR32.g1-quadrature.v1,c0ffa9154a58554596830f69a0f60a83,f012223e70285ae18e852f05cf27580a,limit_hopping_zero_chain6,chain6_hole_4,445,12331,0.0009765625
haxs.stage5c2gR32.g1-quadrature.v1,c0ffa9154a58554596830f69a0f60a83,dc1a1d7ac4465ebe8eca4535de3bf7fe,limit_hopping_zero_chain6,chain6_hole_4,446,12332,0.0009765625
haxs.stage5c2gR32.g1-quadrature.v1,c0ffa9154a58554596830f69a0f60a83,9e1825a25b4b53668a4e24d1e7c155a5,limit_hopping_zero_chain6,chain6_hole_4,447,12333,0.0009765625
haxs.stage5c2gR32.g1-quadrature.v1,c0ffa9154a58554596830f69a0f60a83,204564185bfc5262961575b79d54aa3f,limit_hopping_zero_chain6,chain6_hole_4,448,13000,0.0009765625
haxs.stage5c2gR32.g1-quadrature.v1,c0ffa9154a58554596830f69a0f60a83,66cb9b9dbfd55415a3ccf4b8f692bdde,limit_hopping_zero_chain6,chain6_hole_4,449,13001,0.0009765625
haxs.stage5c2gR32.g1-quadrature.v1,c0ffa9154a58554596830f69a0f60a83,f17670efe032567dba670af061d32ef3,limit_hopping_zero_chain6,chain6_hole_4,450,13002,0.0009765625
haxs.stage5c2gR32.g1-quadrature.v1,c0ffa9154a58554596830f69a0f60a83,411431e6118b5c9d8704446a62114830,limit_hopping_zero_chain6,chain6_hole_4,451,13003,0.0009765625
haxs.stage5c2gR32.g1-quadrature.v1,c0ffa9154a58554596830f69a0f60a83,03da2b2e37155336b73f67e34d9fe12f,limit_hopping_zero_chain6,chain6_hole_4,452,13010,0.0009765625
haxs.stage5c2gR32.g1-quadrature.v1,c0ffa9154a58554596830f69a0f60a83,1d6061f493925a548bc6cebaf9831ed5,limit_hopping_zero_chain6,chain6_hole_4,453,13011,0.0009765625
haxs.stage5c2gR32.g1-quadrature.v1,c0ffa9154a58554596830f69a0f60a83,f3d8a0f7755055a89860736ac147f8b2,limit_hopping_zero_chain6,chain6_hole_4,454,13012,0.0009765625
haxs.stage5c2gR32.g1-quadrature.v1,c0ffa9154a58554596830f69a0f60a83,97e16eb270a8593f92e1323bdca00c0c,limit_hopping_zero_chain6,chain6_hole_4,455,13013,0.0009765625
haxs.stage5c2gR32.g1-quadrature.v1,c0ffa9154a58554596830f69a0f60a83,56cf206511925ab38f278d644dbee29c,limit_hopping_zero_chain6,chain6_hole_4,456,13020,0.0009765625
haxs.stage5c2gR32.g1-quadrature.v1,c0ffa9154a58554596830f69a0f60a83,fe6dc7694142573fa7e976897f695825,limit_hopping_zero_chain6,chain6_hole_4,457,13021,0.0009765625
haxs.stage5c2gR32.g1-quadrature.v1,c0ffa9154a58554596830f69a0f60a83,ac618cedb29c564c806f50adcd70077d,limit_hopping_zero_chain6,chain6_hole_4,458,13022,0.0009765625
haxs.stage5c2gR32.g1-quadrature.v1,c0ffa9154a58554596830f69a0f60a83,76d9622b7f62595bbcd9228548a3e266,limit_hopping_zero_chain6,chain6_hole_4,459,13023,0.0009765625
haxs.stage5c2gR32.g1-quadrature.v1,c0ffa9154a58554596830f69a0f60a83,7e552de629c15d04860af4835e924d19,limit_hopping_zero_chain6,chain6_hole_4,460,13030,0.0009765625
haxs.stage5c2gR32.g1-quadrature.v1,c0ffa9154a58554596830f69a0f60a83,6cbb3f3c237d5210b5f178faca0d1a37,limit_hopping_zero_chain6,chain6_hole_4,461,13031,0.0009765625
haxs.stage5c2gR32.g1-quadrature.v1,c0ffa9154a58554596830f69a0f60a83,2292111b29e55219928ca498f5f740c3,limit_hopping_zero_chain6,chain6_hole_4,462,13032,0.0009765625
haxs.stage5c2gR32.g1-quadrature.v1,c0ffa9154a58554596830f69a0f60a83,ad82da1aa78e584fae8e146fab527389,limit_hopping_zero_chain6,chain6_hole_4,463,13033,0.0009765625
haxs.stage5c2gR32.g1-quadrature.v1,c0ffa9154a58554596830f69a0f60a83,6686b3192d3a5379bf3aeadb892c3c53,limit_hopping_zero_chain6,chain6_hole_4,464,13100,0.0009765625
haxs.stage5c2gR32.g1-quadrature.v1,c0ffa9154a58554596830f69a0f60a83,3755e919b5465a778617da97d2f3585e,limit_hopping_zero_chain6,chain6_hole_4,465,13101,0.0009765625
haxs.stage5c2gR32.g1-quadrature.v1,c0ffa9154a58554596830f69a0f60a83,2b0093a657ac51968858ac042865abcb,limit_hopping_zero_chain6,chain6_hole_4,466,13102,0.0009765625
haxs.stage5c2gR32.g1-quadrature.v1,c0ffa9154a58554596830f69a0f60a83,3b0040855c6f5cccbb5b4598cd8bb9fe,limit_hopping_zero_chain6,chain6_hole_4,467,13103,0.0009765625
haxs.stage5c2gR32.g1-quadrature.v1,c0ffa9154a58554596830f69a0f60a83,0b6b56960b6c5e1cb7c293eadb2421e2,limit_hopping_zero_chain6,chain6_hole_4,468,13110,0.0009765625
haxs.stage5c2gR32.g1-quadrature.v1,c0ffa9154a58554596830f69a0f60a83,f79582c939265b198cc9d09921815521,limit_hopping_zero_chain6,chain6_hole_4,469,13111,0.0009765625
haxs.stage5c2gR32.g1-quadrature.v1,c0ffa9154a58554596830f69a0f60a83,84db361a9f69595084402717646da841,limit_hopping_zero_chain6,chain6_hole_4,470,13112,0.0009765625
haxs.stage5c2gR32.g1-quadrature.v1,c0ffa9154a58554596830f69a0f60a83,bd4bcf24f3ac557b8f20c277db0416b5,limit_hopping_zero_chain6,chain6_hole_4,471,13113,0.0009765625
haxs.stage5c2gR32.g1-quadrature.v1,c0ffa9154a58554596830f69a0f60a83,b3b18026f215505e9a054de654767d83,limit_hopping_zero_chain6,chain6_hole_4,472,13120,0.0009765625
haxs.stage5c2gR32.g1-quadrature.v1,c0ffa9154a58554596830f69a0f60a83,2c4fd07fa48f549bb2f3290140d6743e,limit_hopping_zero_chain6,chain6_hole_4,473,13121,0.0009765625
haxs.stage5c2gR32.g1-quadrature.v1,c0ffa9154a58554596830f69a0f60a83,3a32e662d42b56da8d054723fe790eed,limit_hopping_zero_chain6,chain6_hole_4,474,13122,0.0009765625
haxs.stage5c2gR32.g1-quadrature.v1,c0ffa9154a58554596830f69a0f60a83,7384b0f65184522db2d6b5c1b1c0cccf,limit_hopping_zero_chain6,chain6_hole_4,475,13123,0.0009765625
haxs.stage5c2gR32.g1-quadrature.v1,c0ffa9154a58554596830f69a0f60a83,1d8e9f53f6b85337808e8b21e9e6431f,limit_hopping_zero_chain6,chain6_hole_4,476,13130,0.0009765625
haxs.stage5c2gR32.g1-quadrature.v1,c0ffa9154a58554596830f69a0f60a83,3bdb5bab68a75c9ba840fb1c9f484bbc,limit_hopping_zero_chain6,chain6_hole_4,477,13131,0.0009765625
haxs.stage5c2gR32.g1-quadrature.v1,c0ffa9154a58554596830f69a0f60a83,d74c0aaaf5b050d6b52965a36a921ce9,limit_hopping_zero_chain6,chain6_hole_4,478,13132,0.0009765625
haxs.stage5c2gR32.g1-quadrature.v1,c0ffa9154a58554596830f69a0f60a83,298e0dc0fc1354a4ba655ab4c6a614e0,limit_hopping_zero_chain6,chain6_hole_4,479,13133,0.0009765625
haxs.stage5c2gR32.g1-quadrature.v1,c0ffa9154a58554596830f69a0f60a83,361448119b015d64bc763f6f2da5c10b,limit_hopping_zero_chain6,chain6_hole_4,480,13200,0.0009765625
haxs.stage5c2gR32.g1-quadrature.v1,c0ffa9154a58554596830f69a0f60a83,824f55cb7150508196db4ee6d7b11f79,limit_hopping_zero_chain6,chain6_hole_4,481,13201,0.0009765625
haxs.stage5c2gR32.g1-quadrature.v1,c0ffa9154a58554596830f69a0f60a83,cd91b5e22a81536381caccdb23f30091,limit_hopping_zero_chain6,chain6_hole_4,482,13202,0.0009765625
haxs.stage5c2gR32.g1-quadrature.v1,c0ffa9154a58554596830f69a0f60a83,6e8e15dab7bc5e608f1d8c7aae8194b2,limit_hopping_zero_chain6,chain6_hole_4,483,13203,0.0009765625
haxs.stage5c2gR32.g1-quadrature.v1,c0ffa9154a58554596830f69a0f60a83,c06794adba2f51668acdbe8f761a62f1,limit_hopping_zero_chain6,chain6_hole_4,484,13210,0.0009765625
haxs.stage5c2gR32.g1-quadrature.v1,c0ffa9154a58554596830f69a0f60a83,7b04445b66015a9884e5f2c1ee3b04e7,limit_hopping_zero_chain6,chain6_hole_4,485,13211,0.0009765625
haxs.stage5c2gR32.g1-quadrature.v1,c0ffa9154a58554596830f69a0f60a83,e40657465ed5537fbf9e2a3ba4fcbc7d,limit_hopping_zero_chain6,chain6_hole_4,486,13212,0.0009765625
haxs.stage5c2gR32.g1-quadrature.v1,c0ffa9154a58554596830f69a0f60a83,0fcb1ed4d9025a1288b263b684cd019f,limit_hopping_zero_chain6,chain6_hole_4,487,13213,0.0009765625
haxs.stage5c2gR32.g1-quadrature.v1,c0ffa9154a58554596830f69a0f60a83,9075a4df7419556bbe825672466bbf9f,limit_hopping_zero_chain6,chain6_hole_4,488,13220,0.0009765625
haxs.stage5c2gR32.g1-quadrature.v1,c0ffa9154a58554596830f69a0f60a83,1edc00b787fb5bb58428d8ee5e8b41ba,limit_hopping_zero_chain6,chain6_hole_4,489,13221,0.0009765625
haxs.stage5c2gR32.g1-quadrature.v1,c0ffa9154a58554596830f69a0f60a83,2047c58e4b35528d892bb50032533b2d,limit_hopping_zero_chain6,chain6_hole_4,490,13222,0.0009765625
haxs.stage5c2gR32.g1-quadrature.v1,c0ffa9154a58554596830f69a0f60a83,4086a3f46d5455dbad8f78d74e7e050d,limit_hopping_zero_chain6,chain6_hole_4,491,13223,0.0009765625
haxs.stage5c2gR32.g1-quadrature.v1,c0ffa9154a58554596830f69a0f60a83,58ffb749e1fc5d09927c726164a7612a,limit_hopping_zero_chain6,chain6_hole_4,492,13230,0.0009765625
haxs.stage5c2gR32.g1-quadrature.v1,c0ffa9154a58554596830f69a0f60a83,17aad8da37fb5d15bac0fd62796dd96b,limit_hopping_zero_chain6,chain6_hole_4,493,13231,0.0009765625
haxs.stage5c2gR32.g1-quadrature.v1,c0ffa9154a58554596830f69a0f60a83,e48f2002ef1b5d47bc721e336ac2971c,limit_hopping_zero_chain6,chain6_hole_4,494,13232,0.0009765625
haxs.stage5c2gR32.g1-quadrature.v1,c0ffa9154a58554596830f69a0f60a83,0e1723f41e7452a0b876ddc2ffcad92f,limit_hopping_zero_chain6,chain6_hole_4,495,13233,0.0009765625
haxs.stage5c2gR32.g1-quadrature.v1,c0ffa9154a58554596830f69a0f60a83,2eacf84ddff95ee58c97adf6e40bf9ac,limit_hopping_zero_chain6,chain6_hole_4,496,13300,0.0009765625
haxs.stage5c2gR32.g1-quadrature.v1,c0ffa9154a58554596830f69a0f60a83,f0cb1f9c3392511c81ddd3c320c5f5e4,limit_hopping_zero_chain6,chain6_hole_4,497,13301,0.0009765625
haxs.stage5c2gR32.g1-quadrature.v1,c0ffa9154a58554596830f69a0f60a83,f710a7d955ab50309e2595a2796b82df,limit_hopping_zero_chain6,chain6_hole_4,498,13302,0.0009765625
haxs.stage5c2gR32.g1-quadrature.v1,c0ffa9154a58554596830f69a0f60a83,1e77943c57945f81a9eb091e0b265b5e,limit_hopping_zero_chain6,chain6_hole_4,499,13303,0.0009765625
haxs.stage5c2gR32.g1-quadrature.v1,c0ffa9154a58554596830f69a0f60a83,7ead8fbc7c2755a5a3ed7053bac95e80,limit_hopping_zero_chain6,chain6_hole_4,500,13310,0.0009765625
haxs.stage5c2gR32.g1-quadrature.v1,c0ffa9154a58554596830f69a0f60a83,ac030e6e5cde5505a7a8715d8752669d,limit_hopping_zero_chain6,chain6_hole_4,501,13311,0.0009765625
haxs.stage5c2gR32.g1-quadrature.v1,c0ffa9154a58554596830f69a0f60a83,707e6458e50f5ca6abeb2699cadb4b38,limit_hopping_zero_chain6,chain6_hole_4,502,13312,0.0009765625
haxs.stage5c2gR32.g1-quadrature.v1,c0ffa9154a58554596830f69a0f60a83,44c257eb03e557b18f1421964aadd54c,limit_hopping_zero_chain6,chain6_hole_4,503,13313,0.0009765625
haxs.stage5c2gR32.g1-quadrature.v1,c0ffa9154a58554596830f69a0f60a83,25828ea74bc7541099edcb607a1eba80,limit_hopping_zero_chain6,chain6_hole_4,504,13320,0.0009765625
haxs.stage5c2gR32.g1-quadrature.v1,c0ffa9154a58554596830f69a0f60a83,085a5bb246e857fd991f1acaa9feb628,limit_hopping_zero_chain6,chain6_hole_4,505,13321,0.0009765625
haxs.stage5c2gR32.g1-quadrature.v1,c0ffa9154a58554596830f69a0f60a83,ca17e1907edf594990732e54726a35f3,limit_hopping_zero_chain6,chain6_hole_4,506,13322,0.0009765625
haxs.stage5c2gR32.g1-quadrature.v1,c0ffa9154a58554596830f69a0f60a83,f9f8596e72335076a3834f7c338daf24,limit_hopping_zero_chain6,chain6_hole_4,507,13323,0.0009765625
haxs.stage5c2gR32.g1-quadrature.v1,c0ffa9154a58554596830f69a0f60a83,29496f1ca14a5a51af2a3d702caad170,limit_hopping_zero_chain6,chain6_hole_4,508,13330,0.0009765625
haxs.stage5c2gR32.g1-quadrature.v1,c0ffa9154a58554596830f69a0f60a83,8e47594808505cbf92e069f988edb2dd,limit_hopping_zero_chain6,chain6_hole_4,509,13331,0.0009765625
haxs.stage5c2gR32.g1-quadrature.v1,c0ffa9154a58554596830f69a0f60a83,1a6646856509524c9c53fb9d4a767089,limit_hopping_zero_chain6,chain6_hole_4,510,13332,0.0009765625
haxs.stage5c2gR32.g1-quadrature.v1,c0ffa9154a58554596830f69a0f60a83,720039a341d25c6fb88567d224a6615f,limit_hopping_zero_chain6,chain6_hole_4,511,13333,0.0009765625
haxs.stage5c2gR32.g1-quadrature.v1,c0ffa9154a58554596830f69a0f60a83,73da16efa72f5aca857a7ea0f7247879,limit_hopping_zero_chain6,chain6_hole_4,512,20000,0.0009765625
haxs.stage5c2gR32.g1-quadrature.v1,c0ffa9154a58554596830f69a0f60a83,a6c9b8734b065ab1b63a863f8ab73537,limit_hopping_zero_chain6,chain6_hole_4,513,20001,0.0009765625
haxs.stage5c2gR32.g1-quadrature.v1,c0ffa9154a58554596830f69a0f60a83,fdb92d73fa985e3b945df52cad6ba281,limit_hopping_zero_chain6,chain6_hole_4,514,20002,0.0009765625
haxs.stage5c2gR32.g1-quadrature.v1,c0ffa9154a58554596830f69a0f60a83,dc5e28b024b15b618ce567f5ddfd87dc,limit_hopping_zero_chain6,chain6_hole_4,515,20003,0.0009765625
haxs.stage5c2gR32.g1-quadrature.v1,c0ffa9154a58554596830f69a0f60a83,8c11c18a30c45ff682ef6b7f582f443a,limit_hopping_zero_chain6,chain6_hole_4,516,20010,0.0009765625
haxs.stage5c2gR32.g1-quadrature.v1,c0ffa9154a58554596830f69a0f60a83,4351b75e2b635f8dac9f7f5678ff7979,limit_hopping_zero_chain6,chain6_hole_4,517,20011,0.0009765625
haxs.stage5c2gR32.g1-quadrature.v1,c0ffa9154a58554596830f69a0f60a83,73ab1bcf222d522596f2d0fccd2b7a71,limit_hopping_zero_chain6,chain6_hole_4,518,20012,0.0009765625
haxs.stage5c2gR32.g1-quadrature.v1,c0ffa9154a58554596830f69a0f60a83,baa3b98f030d586a8b1eb5884a949236,limit_hopping_zero_chain6,chain6_hole_4,519,20013,0.0009765625
haxs.stage5c2gR32.g1-quadrature.v1,c0ffa9154a58554596830f69a0f60a83,5ddc1c566c265ed1bc44dc154d358f6f,limit_hopping_zero_chain6,chain6_hole_4,520,20020,0.0009765625
haxs.stage5c2gR32.g1-quadrature.v1,c0ffa9154a58554596830f69a0f60a83,b210b9275360532395f7de80907b38b5,limit_hopping_zero_chain6,chain6_hole_4,521,20021,0.0009765625
haxs.stage5c2gR32.g1-quadrature.v1,c0ffa9154a58554596830f69a0f60a83,c8207f5642635ce6b11ae38fcf051d66,limit_hopping_zero_chain6,chain6_hole_4,522,20022,0.0009765625
haxs.stage5c2gR32.g1-quadrature.v1,c0ffa9154a58554596830f69a0f60a83,e4665675b9c559abbf5a4bc85339c5b8,limit_hopping_zero_chain6,chain6_hole_4,523,20023,0.0009765625
haxs.stage5c2gR32.g1-quadrature.v1,c0ffa9154a58554596830f69a0f60a83,f943ec6b7d28585a883a1be89bf4b7b3,limit_hopping_zero_chain6,chain6_hole_4,524,20030,0.0009765625
haxs.stage5c2gR32.g1-quadrature.v1,c0ffa9154a58554596830f69a0f60a83,cf4cf204ef22530ca82792db13a61169,limit_hopping_zero_chain6,chain6_hole_4,525,20031,0.0009765625
haxs.stage5c2gR32.g1-quadrature.v1,c0ffa9154a58554596830f69a0f60a83,2d051809cff25b159b8d383669c70415,limit_hopping_zero_chain6,chain6_hole_4,526,20032,0.0009765625
haxs.stage5c2gR32.g1-quadrature.v1,c0ffa9154a58554596830f69a0f60a83,92b0e5b61f6e5a0aad7702b9fd51b864,limit_hopping_zero_chain6,chain6_hole_4,527,20033,0.0009765625
haxs.stage5c2gR32.g1-quadrature.v1,c0ffa9154a58554596830f69a0f60a83,c88e9935c6bb5f39928ee7bdb4b16784,limit_hopping_zero_chain6,chain6_hole_4,528,20100,0.0009765625
haxs.stage5c2gR32.g1-quadrature.v1,c0ffa9154a58554596830f69a0f60a83,6675688f2523571f80650518780e3063,limit_hopping_zero_chain6,chain6_hole_4,529,20101,0.0009765625
haxs.stage5c2gR32.g1-quadrature.v1,c0ffa9154a58554596830f69a0f60a83,a2bbc4cac7f15d509eea7802f39ab678,limit_hopping_zero_chain6,chain6_hole_4,530,20102,0.0009765625
haxs.stage5c2gR32.g1-quadrature.v1,c0ffa9154a58554596830f69a0f60a83,fe209d1d7e7a5946b1b7af60a6b1bc27,limit_hopping_zero_chain6,chain6_hole_4,531,20103,0.0009765625
haxs.stage5c2gR32.g1-quadrature.v1,c0ffa9154a58554596830f69a0f60a83,b1205e6f9a2c585ba5692105b9718b72,limit_hopping_zero_chain6,chain6_hole_4,532,20110,0.0009765625
haxs.stage5c2gR32.g1-quadrature.v1,c0ffa9154a58554596830f69a0f60a83,702d5d6e41825f33ace0daf7736fac25,limit_hopping_zero_chain6,chain6_hole_4,533,20111,0.0009765625
haxs.stage5c2gR32.g1-quadrature.v1,c0ffa9154a58554596830f69a0f60a83,5ee0d5f304ac52c892cc4faa9cd38d99,limit_hopping_zero_chain6,chain6_hole_4,534,20112,0.0009765625
haxs.stage5c2gR32.g1-quadrature.v1,c0ffa9154a58554596830f69a0f60a83,0a3deddcc0f65e18bc982e0f0a8709a9,limit_hopping_zero_chain6,chain6_hole_4,535,20113,0.0009765625
haxs.stage5c2gR32.g1-quadrature.v1,c0ffa9154a58554596830f69a0f60a83,18f72d7dc37e5255ab67c9b0dff253c7,limit_hopping_zero_chain6,chain6_hole_4,536,20120,0.0009765625
haxs.stage5c2gR32.g1-quadrature.v1,c0ffa9154a58554596830f69a0f60a83,7bf9c4ee2be55665a4caedceed8b43f4,limit_hopping_zero_chain6,chain6_hole_4,537,20121,0.0009765625
haxs.stage5c2gR32.g1-quadrature.v1,c0ffa9154a58554596830f69a0f60a83,8812dd0269585f8fb3f0a59978940aec,limit_hopping_zero_chain6,chain6_hole_4,538,20122,0.0009765625
haxs.stage5c2gR32.g1-quadrature.v1,c0ffa9154a58554596830f69a0f60a83,21a93767ab395ca9a51e245afec3bc47,limit_hopping_zero_chain6,chain6_hole_4,539,20123,0.0009765625
haxs.stage5c2gR32.g1-quadrature.v1,c0ffa9154a58554596830f69a0f60a83,6c2b22e3da735282b2d1a4421fa48e57,limit_hopping_zero_chain6,chain6_hole_4,540,20130,0.0009765625
haxs.stage5c2gR32.g1-quadrature.v1,c0ffa9154a58554596830f69a0f60a83,c7ea985077805b31beed86ce0cd33783,limit_hopping_zero_chain6,chain6_hole_4,541,20131,0.0009765625
haxs.stage5c2gR32.g1-quadrature.v1,c0ffa9154a58554596830f69a0f60a83,d7d2dac5dce459d0bfd2e7f2f5e5488b,limit_hopping_zero_chain6,chain6_hole_4,542,20132,0.0009765625
haxs.stage5c2gR32.g1-quadrature.v1,c0ffa9154a58554596830f69a0f60a83,245055b5450f5be8ba0da2936f14b9f2,limit_hopping_zero_chain6,chain6_hole_4,543,20133,0.0009765625
haxs.stage5c2gR32.g1-quadrature.v1,c0ffa9154a58554596830f69a0f60a83,86e69fea61a05547a677230009d04e5a,limit_hopping_zero_chain6,chain6_hole_4,544,20200,0.0009765625
haxs.stage5c2gR32.g1-quadrature.v1,c0ffa9154a58554596830f69a0f60a83,ab9afe812b925056b23443997ae03ebb,limit_hopping_zero_chain6,chain6_hole_4,545,20201,0.0009765625
haxs.stage5c2gR32.g1-quadrature.v1,c0ffa9154a58554596830f69a0f60a83,65e5392a10cd56e18e7992f6a32bcc98,limit_hopping_zero_chain6,chain6_hole_4,546,20202,0.0009765625
haxs.stage5c2gR32.g1-quadrature.v1,c0ffa9154a58554596830f69a0f60a83,7b86ffaf9da75e499bc2f23d52084511,limit_hopping_zero_chain6,chain6_hole_4,547,20203,0.0009765625
haxs.stage5c2gR32.g1-quadrature.v1,c0ffa9154a58554596830f69a0f60a83,88a2b11d95b8520b852ba4a2767a0440,limit_hopping_zero_chain6,chain6_hole_4,548,20210,0.0009765625
haxs.stage5c2gR32.g1-quadrature.v1,c0ffa9154a58554596830f69a0f60a83,85d7775218c953dfac30f89f5ceb1973,limit_hopping_zero_chain6,chain6_hole_4,549,20211,0.0009765625
haxs.stage5c2gR32.g1-quadrature.v1,c0ffa9154a58554596830f69a0f60a83,fc55f61b40715a79b1f871d098c31512,limit_hopping_zero_chain6,chain6_hole_4,550,20212,0.0009765625
haxs.stage5c2gR32.g1-quadrature.v1,c0ffa9154a58554596830f69a0f60a83,9e4e26bad9e85d7ba7a25bd2cc0477d1,limit_hopping_zero_chain6,chain6_hole_4,551,20213,0.0009765625
haxs.stage5c2gR32.g1-quadrature.v1,c0ffa9154a58554596830f69a0f60a83,567eeba9edf354d994eeb61363c4e6a4,limit_hopping_zero_chain6,chain6_hole_4,552,20220,0.0009765625
haxs.stage5c2gR32.g1-quadrature.v1,c0ffa9154a58554596830f69a0f60a83,1477b4bcf14c5b4c9fd08821c59d0abd,limit_hopping_zero_chain6,chain6_hole_4,553,20221,0.0009765625
haxs.stage5c2gR32.g1-quadrature.v1,c0ffa9154a58554596830f69a0f60a83,4861a4304ac95d4283a86f3ffd393c77,limit_hopping_zero_chain6,chain6_hole_4,554,20222,0.0009765625
haxs.stage5c2gR32.g1-quadrature.v1,c0ffa9154a58554596830f69a0f60a83,84a5f5d99c74558489efaee981b722ae,limit_hopping_zero_chain6,chain6_hole_4,555,20223,0.0009765625
haxs.stage5c2gR32.g1-quadrature.v1,c0ffa9154a58554596830f69a0f60a83,879ba24eff5c5d57810e2f76ec24bec9,limit_hopping_zero_chain6,chain6_hole_4,556,20230,0.0009765625
haxs.stage5c2gR32.g1-quadrature.v1,c0ffa9154a58554596830f69a0f60a83,38e58a591a375f20aae7d21ce91ccc28,limit_hopping_zero_chain6,chain6_hole_4,557,20231,0.0009765625
haxs.stage5c2gR32.g1-quadrature.v1,c0ffa9154a58554596830f69a0f60a83,30d5fc47d5d65f3f9ef20b482c779db7,limit_hopping_zero_chain6,chain6_hole_4,558,20232,0.0009765625
haxs.stage5c2gR32.g1-quadrature.v1,c0ffa9154a58554596830f69a0f60a83,fc26d5882677522b9b2626cedaaeb360,limit_hopping_zero_chain6,chain6_hole_4,559,20233,0.0009765625
haxs.stage5c2gR32.g1-quadrature.v1,c0ffa9154a58554596830f69a0f60a83,6842bd4a32e552589920602ac5a88761,limit_hopping_zero_chain6,chain6_hole_4,560,20300,0.0009765625
haxs.stage5c2gR32.g1-quadrature.v1,c0ffa9154a58554596830f69a0f60a83,c6f97d8af4245d0eb5abaebb481abec2,limit_hopping_zero_chain6,chain6_hole_4,561,20301,0.0009765625
haxs.stage5c2gR32.g1-quadrature.v1,c0ffa9154a58554596830f69a0f60a83,09f4956689865fd4b990746961c6fdae,limit_hopping_zero_chain6,chain6_hole_4,562,20302,0.0009765625
haxs.stage5c2gR32.g1-quadrature.v1,c0ffa9154a58554596830f69a0f60a83,4e99d47d7e66549b80012e9e3743cebd,limit_hopping_zero_chain6,chain6_hole_4,563,20303,0.0009765625
haxs.stage5c2gR32.g1-quadrature.v1,c0ffa9154a58554596830f69a0f60a83,ad375c5bfd1154e4b5a24fbeae50bd25,limit_hopping_zero_chain6,chain6_hole_4,564,20310,0.0009765625
haxs.stage5c2gR32.g1-quadrature.v1,c0ffa9154a58554596830f69a0f60a83,df226e95b03b5bfc861033d014b48eeb,limit_hopping_zero_chain6,chain6_hole_4,565,20311,0.0009765625
haxs.stage5c2gR32.g1-quadrature.v1,c0ffa9154a58554596830f69a0f60a83,0c453fced2455d4eb5040a8ee0149bd8,limit_hopping_zero_chain6,chain6_hole_4,566,20312,0.0009765625
haxs.stage5c2gR32.g1-quadrature.v1,c0ffa9154a58554596830f69a0f60a83,1049c9b724075dedb5c3413a1e6d6c78,limit_hopping_zero_chain6,chain6_hole_4,567,20313,0.0009765625
haxs.stage5c2gR32.g1-quadrature.v1,c0ffa9154a58554596830f69a0f60a83,23fd2c1ffc735505970803e033d9be96,limit_hopping_zero_chain6,chain6_hole_4,568,20320,0.0009765625
haxs.stage5c2gR32.g1-quadrature.v1,c0ffa9154a58554596830f69a0f60a83,31a2f8dc342b529e9f81209bd7c6e04d,limit_hopping_zero_chain6,chain6_hole_4,569,20321,0.0009765625
haxs.stage5c2gR32.g1-quadrature.v1,c0ffa9154a58554596830f69a0f60a83,daf22a6d991257bfa750cebfe04e03da,limit_hopping_zero_chain6,chain6_hole_4,570,20322,0.0009765625
haxs.stage5c2gR32.g1-quadrature.v1,c0ffa9154a58554596830f69a0f60a83,2b15317defd75e41bc97b55625a58ef3,limit_hopping_zero_chain6,chain6_hole_4,571,20323,0.0009765625
haxs.stage5c2gR32.g1-quadrature.v1,c0ffa9154a58554596830f69a0f60a83,dcfc774a54ef51ef9f27f79f8b3b2888,limit_hopping_zero_chain6,chain6_hole_4,572,20330,0.0009765625
haxs.stage5c2gR32.g1-quadrature.v1,c0ffa9154a58554596830f69a0f60a83,01d5a6eda8da5e78ba8bf0314fce3b87,limit_hopping_zero_chain6,chain6_hole_4,573,20331,0.0009765625
haxs.stage5c2gR32.g1-quadrature.v1,c0ffa9154a58554596830f69a0f60a83,fbe262e6524a5bbaad681838e58e8108,limit_hopping_zero_chain6,chain6_hole_4,574,20332,0.0009765625
haxs.stage5c2gR32.g1-quadrature.v1,c0ffa9154a58554596830f69a0f60a83,88e1c1a7a3f7561595713d48899d27d2,limit_hopping_zero_chain6,chain6_hole_4,575,20333,0.0009765625
haxs.stage5c2gR32.g1-quadrature.v1,c0ffa9154a58554596830f69a0f60a83,17e419b807155d4297f00970807abaec,limit_hopping_zero_chain6,chain6_hole_4,576,21000,0.0009765625
haxs.stage5c2gR32.g1-quadrature.v1,c0ffa9154a58554596830f69a0f60a83,37e17c92ea5d52e78f2ce94993d9b7dd,limit_hopping_zero_chain6,chain6_hole_4,577,21001,0.0009765625
haxs.stage5c2gR32.g1-quadrature.v1,c0ffa9154a58554596830f69a0f60a83,da2fce76263a5580b0f8603469444863,limit_hopping_zero_chain6,chain6_hole_4,578,21002,0.0009765625
haxs.stage5c2gR32.g1-quadrature.v1,c0ffa9154a58554596830f69a0f60a83,0aed5f17ca4f5fb999d6ebcedc5d14cc,limit_hopping_zero_chain6,chain6_hole_4,579,21003,0.0009765625
haxs.stage5c2gR32.g1-quadrature.v1,c0ffa9154a58554596830f69a0f60a83,7776f636fda8590d998f24fb7f17175f,limit_hopping_zero_chain6,chain6_hole_4,580,21010,0.0009765625
haxs.stage5c2gR32.g1-quadrature.v1,c0ffa9154a58554596830f69a0f60a83,737d8ded210a57829f4607d25aca7a64,limit_hopping_zero_chain6,chain6_hole_4,581,21011,0.0009765625
haxs.stage5c2gR32.g1-quadrature.v1,c0ffa9154a58554596830f69a0f60a83,9a29fb0effa75206bd59f5cc5b429248,limit_hopping_zero_chain6,chain6_hole_4,582,21012,0.0009765625
haxs.stage5c2gR32.g1-quadrature.v1,c0ffa9154a58554596830f69a0f60a83,9d8f49212f72539bbd9e51780471f4e0,limit_hopping_zero_chain6,chain6_hole_4,583,21013,0.0009765625
haxs.stage5c2gR32.g1-quadrature.v1,c0ffa9154a58554596830f69a0f60a83,8fa4d509ca665739badc58b5ef8a4206,limit_hopping_zero_chain6,chain6_hole_4,584,21020,0.0009765625
haxs.stage5c2gR32.g1-quadrature.v1,c0ffa9154a58554596830f69a0f60a83,7e5a5d248f6053328362cb08d722785e,limit_hopping_zero_chain6,chain6_hole_4,585,21021,0.0009765625
haxs.stage5c2gR32.g1-quadrature.v1,c0ffa9154a58554596830f69a0f60a83,4d4c34e645bb5cfa96852c9fa7ff3dfa,limit_hopping_zero_chain6,chain6_hole_4,586,21022,0.0009765625
haxs.stage5c2gR32.g1-quadrature.v1,c0ffa9154a58554596830f69a0f60a83,f40f45f124c358e38f4d84c32b6e5e5c,limit_hopping_zero_chain6,chain6_hole_4,587,21023,0.0009765625
haxs.stage5c2gR32.g1-quadrature.v1,c0ffa9154a58554596830f69a0f60a83,d11128e9c5fc5b719ace8043c3980805,limit_hopping_zero_chain6,chain6_hole_4,588,21030,0.0009765625
haxs.stage5c2gR32.g1-quadrature.v1,c0ffa9154a58554596830f69a0f60a83,870891f3b9eb5ca2a4ef9c2980208253,limit_hopping_zero_chain6,chain6_hole_4,589,21031,0.0009765625
haxs.stage5c2gR32.g1-quadrature.v1,c0ffa9154a58554596830f69a0f60a83,26a3911574515d838cf4667a91670c89,limit_hopping_zero_chain6,chain6_hole_4,590,21032,0.0009765625
haxs.stage5c2gR32.g1-quadrature.v1,c0ffa9154a58554596830f69a0f60a83,5b5702971e505b10a04fc00d2181ab8e,limit_hopping_zero_chain6,chain6_hole_4,591,21033,0.0009765625
haxs.stage5c2gR32.g1-quadrature.v1,c0ffa9154a58554596830f69a0f60a83,93272d0aa1065709878487c952a4bf9d,limit_hopping_zero_chain6,chain6_hole_4,592,21100,0.0009765625
haxs.stage5c2gR32.g1-quadrature.v1,c0ffa9154a58554596830f69a0f60a83,c91ec6f0fda45a44b5aec05fc57abf56,limit_hopping_zero_chain6,chain6_hole_4,593,21101,0.0009765625
haxs.stage5c2gR32.g1-quadrature.v1,c0ffa9154a58554596830f69a0f60a83,4e32ca3d2e38515a8979873a03b8abe3,limit_hopping_zero_chain6,chain6_hole_4,594,21102,0.0009765625
haxs.stage5c2gR32.g1-quadrature.v1,c0ffa9154a58554596830f69a0f60a83,3e6d27b5035d554b985ea1364bf968d6,limit_hopping_zero_chain6,chain6_hole_4,595,21103,0.0009765625
haxs.stage5c2gR32.g1-quadrature.v1,c0ffa9154a58554596830f69a0f60a83,37b00884cdea5823a7bb3dcbde64a9d1,limit_hopping_zero_chain6,chain6_hole_4,596,21110,0.0009765625
haxs.stage5c2gR32.g1-quadrature.v1,c0ffa9154a58554596830f69a0f60a83,a874adc652ce5f85bf66b287cbb7c927,limit_hopping_zero_chain6,chain6_hole_4,597,21111,0.0009765625
haxs.stage5c2gR32.g1-quadrature.v1,c0ffa9154a58554596830f69a0f60a83,0c888e2956e855239ab307d7e096c69f,limit_hopping_zero_chain6,chain6_hole_4,598,21112,0.0009765625
haxs.stage5c2gR32.g1-quadrature.v1,c0ffa9154a58554596830f69a0f60a83,5ae8057e456b5998b86cb50449f0286b,limit_hopping_zero_chain6,chain6_hole_4,599,21113,0.0009765625
haxs.stage5c2gR32.g1-quadrature.v1,c0ffa9154a58554596830f69a0f60a83,b56a764f53735534bf25273c652e9bce,limit_hopping_zero_chain6,chain6_hole_4,600,21120,0.0009765625
haxs.stage5c2gR32.g1-quadrature.v1,c0ffa9154a58554596830f69a0f60a83,e9382332ce1a567f930f08eac3a2ae6c,limit_hopping_zero_chain6,chain6_hole_4,601,21121,0.0009765625
haxs.stage5c2gR32.g1-quadrature.v1,c0ffa9154a58554596830f69a0f60a83,b4af1927602f51239026580a647e3538,limit_hopping_zero_chain6,chain6_hole_4,602,21122,0.0009765625
haxs.stage5c2gR32.g1-quadrature.v1,c0ffa9154a58554596830f69a0f60a83,497191bf58735c4dae96f36820bcbf3f,limit_hopping_zero_chain6,chain6_hole_4,603,21123,0.0009765625
haxs.stage5c2gR32.g1-quadrature.v1,c0ffa9154a58554596830f69a0f60a83,eedd890d9990502c9c82dd4be8f44709,limit_hopping_zero_chain6,chain6_hole_4,604,21130,0.0009765625
haxs.stage5c2gR32.g1-quadrature.v1,c0ffa9154a58554596830f69a0f60a83,16940e45cbb5579bad2927278a4ff302,limit_hopping_zero_chain6,chain6_hole_4,605,21131,0.0009765625
haxs.stage5c2gR32.g1-quadrature.v1,c0ffa9154a58554596830f69a0f60a83,498ce6b65317527eaba0f5dede100292,limit_hopping_zero_chain6,chain6_hole_4,606,21132,0.0009765625
haxs.stage5c2gR32.g1-quadrature.v1,c0ffa9154a58554596830f69a0f60a83,1d3476d1abe552e3b013f549b609134d,limit_hopping_zero_chain6,chain6_hole_4,607,21133,0.0009765625
haxs.stage5c2gR32.g1-quadrature.v1,c0ffa9154a58554596830f69a0f60a83,5c89f49352e15fbfb178c498cb0d7a8f,limit_hopping_zero_chain6,chain6_hole_4,608,21200,0.0009765625
haxs.stage5c2gR32.g1-quadrature.v1,c0ffa9154a58554596830f69a0f60a83,e4ea89943ac85dff9eae0227db6acebc,limit_hopping_zero_chain6,chain6_hole_4,609,21201,0.0009765625
haxs.stage5c2gR32.g1-quadrature.v1,c0ffa9154a58554596830f69a0f60a83,218e4a79cad35f56a848f2a68140c8d1,limit_hopping_zero_chain6,chain6_hole_4,610,21202,0.0009765625
haxs.stage5c2gR32.g1-quadrature.v1,c0ffa9154a58554596830f69a0f60a83,765b878a05115bc09fe9daacadd6b3ae,limit_hopping_zero_chain6,chain6_hole_4,611,21203,0.0009765625
haxs.stage5c2gR32.g1-quadrature.v1,c0ffa9154a58554596830f69a0f60a83,ff225db0fad25b68bbd1f234b9fd60ce,limit_hopping_zero_chain6,chain6_hole_4,612,21210,0.0009765625
haxs.stage5c2gR32.g1-quadrature.v1,c0ffa9154a58554596830f69a0f60a83,c56a466ff5f45a2f82273b4e646de392,limit_hopping_zero_chain6,chain6_hole_4,613,21211,0.0009765625
haxs.stage5c2gR32.g1-quadrature.v1,c0ffa9154a58554596830f69a0f60a83,16c21a35d744525aa42d175ea968bbe8,limit_hopping_zero_chain6,chain6_hole_4,614,21212,0.0009765625
haxs.stage5c2gR32.g1-quadrature.v1,c0ffa9154a58554596830f69a0f60a83,dcfe2ec003cc5dbdace92589591caf48,limit_hopping_zero_chain6,chain6_hole_4,615,21213,0.0009765625
haxs.stage5c2gR32.g1-quadrature.v1,c0ffa9154a58554596830f69a0f60a83,9dd56ad761a55d57b92a9daef96c3a13,limit_hopping_zero_chain6,chain6_hole_4,616,21220,0.0009765625
haxs.stage5c2gR32.g1-quadrature.v1,c0ffa9154a58554596830f69a0f60a83,bd2c7b98ca6c5d2bacb87c2d65ba627a,limit_hopping_zero_chain6,chain6_hole_4,617,21221,0.0009765625
haxs.stage5c2gR32.g1-quadrature.v1,c0ffa9154a58554596830f69a0f60a83,db8b8625e2f051d58442730dd49a5978,limit_hopping_zero_chain6,chain6_hole_4,618,21222,0.0009765625
haxs.stage5c2gR32.g1-quadrature.v1,c0ffa9154a58554596830f69a0f60a83,e625eb5bc3a65498813b4e17a62b2078,limit_hopping_zero_chain6,chain6_hole_4,619,21223,0.0009765625
haxs.stage5c2gR32.g1-quadrature.v1,c0ffa9154a58554596830f69a0f60a83,50e2e68d0d695273ba2521007463028f,limit_hopping_zero_chain6,chain6_hole_4,620,21230,0.0009765625
haxs.stage5c2gR32.g1-quadrature.v1,c0ffa9154a58554596830f69a0f60a83,bfbcc51c37c75ac5a64f83dcb7d73194,limit_hopping_zero_chain6,chain6_hole_4,621,21231,0.0009765625
haxs.stage5c2gR32.g1-quadrature.v1,c0ffa9154a58554596830f69a0f60a83,6d53ccb404375c9fbc023d7653ac47a8,limit_hopping_zero_chain6,chain6_hole_4,622,21232,0.0009765625
haxs.stage5c2gR32.g1-quadrature.v1,c0ffa9154a58554596830f69a0f60a83,3f6567008708522bbfee98271afc1cd7,limit_hopping_zero_chain6,chain6_hole_4,623,21233,0.0009765625
haxs.stage5c2gR32.g1-quadrature.v1,c0ffa9154a58554596830f69a0f60a83,cc475fa9176556268ae20ded8c1b6921,limit_hopping_zero_chain6,chain6_hole_4,624,21300,0.0009765625
haxs.stage5c2gR32.g1-quadrature.v1,c0ffa9154a58554596830f69a0f60a83,5cbaf489170357479479bc22b6ebb3a1,limit_hopping_zero_chain6,chain6_hole_4,625,21301,0.0009765625
haxs.stage5c2gR32.g1-quadrature.v1,c0ffa9154a58554596830f69a0f60a83,891f173cd7b853aa992cae7d470f9557,limit_hopping_zero_chain6,chain6_hole_4,626,21302,0.0009765625
haxs.stage5c2gR32.g1-quadrature.v1,c0ffa9154a58554596830f69a0f60a83,8b563732c4e65b6a82c90adef3a78e7d,limit_hopping_zero_chain6,chain6_hole_4,627,21303,0.0009765625
haxs.stage5c2gR32.g1-quadrature.v1,c0ffa9154a58554596830f69a0f60a83,0a9d214827755be282ddd51f8abb4eef,limit_hopping_zero_chain6,chain6_hole_4,628,21310,0.0009765625
haxs.stage5c2gR32.g1-quadrature.v1,c0ffa9154a58554596830f69a0f60a83,a701204c82745530be4931e5956e3db6,limit_hopping_zero_chain6,chain6_hole_4,629,21311,0.0009765625
haxs.stage5c2gR32.g1-quadrature.v1,c0ffa9154a58554596830f69a0f60a83,d8d9a3fd5adc5bb79642c033a162690f,limit_hopping_zero_chain6,chain6_hole_4,630,21312,0.0009765625
haxs.stage5c2gR32.g1-quadrature.v1,c0ffa9154a58554596830f69a0f60a83,145e741d8b1c50639c43d68048a2e82e,limit_hopping_zero_chain6,chain6_hole_4,631,21313,0.0009765625
haxs.stage5c2gR32.g1-quadrature.v1,c0ffa9154a58554596830f69a0f60a83,9666ef96a6625c748aa16af392040499,limit_hopping_zero_chain6,chain6_hole_4,632,21320,0.0009765625
haxs.stage5c2gR32.g1-quadrature.v1,c0ffa9154a58554596830f69a0f60a83,75da2aef504652e9b1313030c67f0097,limit_hopping_zero_chain6,chain6_hole_4,633,21321,0.0009765625
haxs.stage5c2gR32.g1-quadrature.v1,c0ffa9154a58554596830f69a0f60a83,f034a89cae7a509ca3d28c9a587868dd,limit_hopping_zero_chain6,chain6_hole_4,634,21322,0.0009765625
haxs.stage5c2gR32.g1-quadrature.v1,c0ffa9154a58554596830f69a0f60a83,e3095e8d8eb051f2845b0d9fd964431b,limit_hopping_zero_chain6,chain6_hole_4,635,21323,0.0009765625
haxs.stage5c2gR32.g1-quadrature.v1,c0ffa9154a58554596830f69a0f60a83,2f139f5275ad5526bf51951de03a13df,limit_hopping_zero_chain6,chain6_hole_4,636,21330,0.0009765625
haxs.stage5c2gR32.g1-quadrature.v1,c0ffa9154a58554596830f69a0f60a83,274d2388c5f15e7a84058c4fb082390e,limit_hopping_zero_chain6,chain6_hole_4,637,21331,0.0009765625
haxs.stage5c2gR32.g1-quadrature.v1,c0ffa9154a58554596830f69a0f60a83,4516982d9ea052e9bee3f20010d964f9,limit_hopping_zero_chain6,chain6_hole_4,638,21332,0.0009765625
haxs.stage5c2gR32.g1-quadrature.v1,c0ffa9154a58554596830f69a0f60a83,8f0235696f8956139c1e990ef0bc0eff,limit_hopping_zero_chain6,chain6_hole_4,639,21333,0.0009765625
haxs.stage5c2gR32.g1-quadrature.v1,c0ffa9154a58554596830f69a0f60a83,c043fdb7e8335283af9e50e90bcabd63,limit_hopping_zero_chain6,chain6_hole_4,640,22000,0.0009765625
haxs.stage5c2gR32.g1-quadrature.v1,c0ffa9154a58554596830f69a0f60a83,67da1044ee0053f695f1ded5be2fbf90,limit_hopping_zero_chain6,chain6_hole_4,641,22001,0.0009765625
haxs.stage5c2gR32.g1-quadrature.v1,c0ffa9154a58554596830f69a0f60a83,81d2d4ba217f5b19b94c3832a38007a9,limit_hopping_zero_chain6,chain6_hole_4,642,22002,0.0009765625
haxs.stage5c2gR32.g1-quadrature.v1,c0ffa9154a58554596830f69a0f60a83,8a7725fcc6425230a3bdd887cdc0e31d,limit_hopping_zero_chain6,chain6_hole_4,643,22003,0.0009765625
haxs.stage5c2gR32.g1-quadrature.v1,c0ffa9154a58554596830f69a0f60a83,04ed47e80fd0574497033d9f65614430,limit_hopping_zero_chain6,chain6_hole_4,644,22010,0.0009765625
haxs.stage5c2gR32.g1-quadrature.v1,c0ffa9154a58554596830f69a0f60a83,63062f08777a58e1b347bef6d9754e2b,limit_hopping_zero_chain6,chain6_hole_4,645,22011,0.0009765625
haxs.stage5c2gR32.g1-quadrature.v1,c0ffa9154a58554596830f69a0f60a83,936a7492e6145173b78d4730e5b9af77,limit_hopping_zero_chain6,chain6_hole_4,646,22012,0.0009765625
haxs.stage5c2gR32.g1-quadrature.v1,c0ffa9154a58554596830f69a0f60a83,25d360b09f935351abd9dd85e7db860b,limit_hopping_zero_chain6,chain6_hole_4,647,22013,0.0009765625
haxs.stage5c2gR32.g1-quadrature.v1,c0ffa9154a58554596830f69a0f60a83,96ccc25bc5b85d1c922dc128e48a68e8,limit_hopping_zero_chain6,chain6_hole_4,648,22020,0.0009765625
haxs.stage5c2gR32.g1-quadrature.v1,c0ffa9154a58554596830f69a0f60a83,3d7b4df31c8852e0ad2dd40b6434281d,limit_hopping_zero_chain6,chain6_hole_4,649,22021,0.0009765625
haxs.stage5c2gR32.g1-quadrature.v1,c0ffa9154a58554596830f69a0f60a83,c5f9eed4030a5703a0f9efccc90f9376,limit_hopping_zero_chain6,chain6_hole_4,650,22022,0.0009765625
haxs.stage5c2gR32.g1-quadrature.v1,c0ffa9154a58554596830f69a0f60a83,191e6e1afed25427a000b0d5ed7fae20,limit_hopping_zero_chain6,chain6_hole_4,651,22023,0.0009765625
haxs.stage5c2gR32.g1-quadrature.v1,c0ffa9154a58554596830f69a0f60a83,3252bea60cd0517dbfd88c11b0ceeca5,limit_hopping_zero_chain6,chain6_hole_4,652,22030,0.0009765625
haxs.stage5c2gR32.g1-quadrature.v1,c0ffa9154a58554596830f69a0f60a83,2821e786cc515406b9005245e4d77747,limit_hopping_zero_chain6,chain6_hole_4,653,22031,0.0009765625
haxs.stage5c2gR32.g1-quadrature.v1,c0ffa9154a58554596830f69a0f60a83,ff1b3f31e37a5aaaacd60aabcfb9649b,limit_hopping_zero_chain6,chain6_hole_4,654,22032,0.0009765625
haxs.stage5c2gR32.g1-quadrature.v1,c0ffa9154a58554596830f69a0f60a83,788aa7c76d605cb8aef94a19eb0feee9,limit_hopping_zero_chain6,chain6_hole_4,655,22033,0.0009765625
haxs.stage5c2gR32.g1-quadrature.v1,c0ffa9154a58554596830f69a0f60a83,8bf83c39c46157059c4f4d90c82c5c70,limit_hopping_zero_chain6,chain6_hole_4,656,22100,0.0009765625
haxs.stage5c2gR32.g1-quadrature.v1,c0ffa9154a58554596830f69a0f60a83,66e9f5152f80578ca106c0a4c90db1e7,limit_hopping_zero_chain6,chain6_hole_4,657,22101,0.0009765625
haxs.stage5c2gR32.g1-quadrature.v1,c0ffa9154a58554596830f69a0f60a83,dd351d2ab69656598cbc6626fa21f0b4,limit_hopping_zero_chain6,chain6_hole_4,658,22102,0.0009765625
haxs.stage5c2gR32.g1-quadrature.v1,c0ffa9154a58554596830f69a0f60a83,0983cb0ba79d5cfe9541995b7790c162,limit_hopping_zero_chain6,chain6_hole_4,659,22103,0.0009765625
haxs.stage5c2gR32.g1-quadrature.v1,c0ffa9154a58554596830f69a0f60a83,64511cfae8e7527fa8821a6d47b9d847,limit_hopping_zero_chain6,chain6_hole_4,660,22110,0.0009765625
haxs.stage5c2gR32.g1-quadrature.v1,c0ffa9154a58554596830f69a0f60a83,b8d3fffd88df5043937f88f9633a61c5,limit_hopping_zero_chain6,chain6_hole_4,661,22111,0.0009765625
haxs.stage5c2gR32.g1-quadrature.v1,c0ffa9154a58554596830f69a0f60a83,c94d47cbd68b5e57a66ff437fca93aa4,limit_hopping_zero_chain6,chain6_hole_4,662,22112,0.0009765625
haxs.stage5c2gR32.g1-quadrature.v1,c0ffa9154a58554596830f69a0f60a83,ea643e9749315a28b484d04f1cada772,limit_hopping_zero_chain6,chain6_hole_4,663,22113,0.0009765625
haxs.stage5c2gR32.g1-quadrature.v1,c0ffa9154a58554596830f69a0f60a83,094cb9c5175e5e7d8869d0f0234eeb1e,limit_hopping_zero_chain6,chain6_hole_4,664,22120,0.0009765625
haxs.stage5c2gR32.g1-quadrature.v1,c0ffa9154a58554596830f69a0f60a83,739bf519351e5b11853ba8c081e3bec7,limit_hopping_zero_chain6,chain6_hole_4,665,22121,0.0009765625
haxs.stage5c2gR32.g1-quadrature.v1,c0ffa9154a58554596830f69a0f60a83,c107b7cf83dc584b8ac71d333c62b49e,limit_hopping_zero_chain6,chain6_hole_4,666,22122,0.0009765625
haxs.stage5c2gR32.g1-quadrature.v1,c0ffa9154a58554596830f69a0f60a83,54ef2df4c168586895d8e981e1d6f8ff,limit_hopping_zero_chain6,chain6_hole_4,667,22123,0.0009765625
haxs.stage5c2gR32.g1-quadrature.v1,c0ffa9154a58554596830f69a0f60a83,dea095f3acd75af2b7b2402f4ecb2183,limit_hopping_zero_chain6,chain6_hole_4,668,22130,0.0009765625
haxs.stage5c2gR32.g1-quadrature.v1,c0ffa9154a58554596830f69a0f60a83,9eefbb8023815a22b2cf7e6e463482b1,limit_hopping_zero_chain6,chain6_hole_4,669,22131,0.0009765625
haxs.stage5c2gR32.g1-quadrature.v1,c0ffa9154a58554596830f69a0f60a83,2ce87026fc3d5eacac069afcb2aa46a8,limit_hopping_zero_chain6,chain6_hole_4,670,22132,0.0009765625
haxs.stage5c2gR32.g1-quadrature.v1,c0ffa9154a58554596830f69a0f60a83,32775c3b66785fb6a1d6817808f21e28,limit_hopping_zero_chain6,chain6_hole_4,671,22133,0.0009765625
haxs.stage5c2gR32.g1-quadrature.v1,c0ffa9154a58554596830f69a0f60a83,9d7e2fd6612d55c5af996c640d5e77e2,limit_hopping_zero_chain6,chain6_hole_4,672,22200,0.0009765625
haxs.stage5c2gR32.g1-quadrature.v1,c0ffa9154a58554596830f69a0f60a83,3b4c08242767574daa055385d84ecb28,limit_hopping_zero_chain6,chain6_hole_4,673,22201,0.0009765625
haxs.stage5c2gR32.g1-quadrature.v1,c0ffa9154a58554596830f69a0f60a83,6f5b4ad62e09538b9982f7a50d800bd3,limit_hopping_zero_chain6,chain6_hole_4,674,22202,0.0009765625
haxs.stage5c2gR32.g1-quadrature.v1,c0ffa9154a58554596830f69a0f60a83,9aaeaad31415572c8c6dd1c3b8da51ea,limit_hopping_zero_chain6,chain6_hole_4,675,22203,0.0009765625
haxs.stage5c2gR32.g1-quadrature.v1,c0ffa9154a58554596830f69a0f60a83,516637a4ef2b5c099f8abc7e71dd5fe5,limit_hopping_zero_chain6,chain6_hole_4,676,22210,0.0009765625
haxs.stage5c2gR32.g1-quadrature.v1,c0ffa9154a58554596830f69a0f60a83,4ae6e25d206b5e1898252fb9717d2307,limit_hopping_zero_chain6,chain6_hole_4,677,22211,0.0009765625
haxs.stage5c2gR32.g1-quadrature.v1,c0ffa9154a58554596830f69a0f60a83,faf10add14b35c5b8e72966bf528e96a,limit_hopping_zero_chain6,chain6_hole_4,678,22212,0.0009765625
haxs.stage5c2gR32.g1-quadrature.v1,c0ffa9154a58554596830f69a0f60a83,b374eda0a88c548f9969c2bb146e915b,limit_hopping_zero_chain6,chain6_hole_4,679,22213,0.0009765625
haxs.stage5c2gR32.g1-quadrature.v1,c0ffa9154a58554596830f69a0f60a83,cfd29d2a70f553a0a005b3dca7ec5762,limit_hopping_zero_chain6,chain6_hole_4,680,22220,0.0009765625
haxs.stage5c2gR32.g1-quadrature.v1,c0ffa9154a58554596830f69a0f60a83,bbae974c16705660b863bf22ea376efb,limit_hopping_zero_chain6,chain6_hole_4,681,22221,0.0009765625
haxs.stage5c2gR32.g1-quadrature.v1,c0ffa9154a58554596830f69a0f60a83,e4f08bbf8d5e5394958546e19d909b4b,limit_hopping_zero_chain6,chain6_hole_4,682,22222,0.0009765625
haxs.stage5c2gR32.g1-quadrature.v1,c0ffa9154a58554596830f69a0f60a83,1c077687f078500d8a459590c6b08e88,limit_hopping_zero_chain6,chain6_hole_4,683,22223,0.0009765625
haxs.stage5c2gR32.g1-quadrature.v1,c0ffa9154a58554596830f69a0f60a83,be6d99dfdca0595fa3d8abd6bc756227,limit_hopping_zero_chain6,chain6_hole_4,684,22230,0.0009765625
haxs.stage5c2gR32.g1-quadrature.v1,c0ffa9154a58554596830f69a0f60a83,d78315e871fc5813896c353963535b2f,limit_hopping_zero_chain6,chain6_hole_4,685,22231,0.0009765625
haxs.stage5c2gR32.g1-quadrature.v1,c0ffa9154a58554596830f69a0f60a83,cbde3ea4310957989c261c28957c0f80,limit_hopping_zero_chain6,chain6_hole_4,686,22232,0.0009765625
haxs.stage5c2gR32.g1-quadrature.v1,c0ffa9154a58554596830f69a0f60a83,37c24b7c3a4456ddaea04538c9ab0876,limit_hopping_zero_chain6,chain6_hole_4,687,22233,0.0009765625
haxs.stage5c2gR32.g1-quadrature.v1,c0ffa9154a58554596830f69a0f60a83,531d1da6faff597bbd83c1da981b78ed,limit_hopping_zero_chain6,chain6_hole_4,688,22300,0.0009765625
haxs.stage5c2gR32.g1-quadrature.v1,c0ffa9154a58554596830f69a0f60a83,8162f7c6bc515d21b351a437e05f28ef,limit_hopping_zero_chain6,chain6_hole_4,689,22301,0.0009765625
haxs.stage5c2gR32.g1-quadrature.v1,c0ffa9154a58554596830f69a0f60a83,52b07fbe739d5178abc24dab9dcccf59,limit_hopping_zero_chain6,chain6_hole_4,690,22302,0.0009765625
haxs.stage5c2gR32.g1-quadrature.v1,c0ffa9154a58554596830f69a0f60a83,14cccdd1aca4523a89d1a2216fada530,limit_hopping_zero_chain6,chain6_hole_4,691,22303,0.0009765625
haxs.stage5c2gR32.g1-quadrature.v1,c0ffa9154a58554596830f69a0f60a83,d6b0c25e62ae584daba7dc77b19ca78b,limit_hopping_zero_chain6,chain6_hole_4,692,22310,0.0009765625
haxs.stage5c2gR32.g1-quadrature.v1,c0ffa9154a58554596830f69a0f60a83,fab86223061a561b87b7c9ef3d73f27c,limit_hopping_zero_chain6,chain6_hole_4,693,22311,0.0009765625
haxs.stage5c2gR32.g1-quadrature.v1,c0ffa9154a58554596830f69a0f60a83,539dd83032ba5d81a09b9a446fffca54,limit_hopping_zero_chain6,chain6_hole_4,694,22312,0.0009765625
haxs.stage5c2gR32.g1-quadrature.v1,c0ffa9154a58554596830f69a0f60a83,bcbd7b89c6ef5a5d952205b6d9c40fb2,limit_hopping_zero_chain6,chain6_hole_4,695,22313,0.0009765625
haxs.stage5c2gR32.g1-quadrature.v1,c0ffa9154a58554596830f69a0f60a83,4411f98bafd35c30a40f464601d16009,limit_hopping_zero_chain6,chain6_hole_4,696,22320,0.0009765625
haxs.stage5c2gR32.g1-quadrature.v1,c0ffa9154a58554596830f69a0f60a83,85ea88669a1e55349402f20bd22c6fd2,limit_hopping_zero_chain6,chain6_hole_4,697,22321,0.0009765625
haxs.stage5c2gR32.g1-quadrature.v1,c0ffa9154a58554596830f69a0f60a83,20176a3562cb5f3c8e595dbab6653f5b,limit_hopping_zero_chain6,chain6_hole_4,698,22322,0.0009765625
haxs.stage5c2gR32.g1-quadrature.v1,c0ffa9154a58554596830f69a0f60a83,43d633421fba51b89b18d5e9c61dcd54,limit_hopping_zero_chain6,chain6_hole_4,699,22323,0.0009765625
haxs.stage5c2gR32.g1-quadrature.v1,c0ffa9154a58554596830f69a0f60a83,cc0acc31ca45537998e1ef9a1f2ef970,limit_hopping_zero_chain6,chain6_hole_4,700,22330,0.0009765625
haxs.stage5c2gR32.g1-quadrature.v1,c0ffa9154a58554596830f69a0f60a83,3a154d2fd3c35f6cae704d6b87a305a7,limit_hopping_zero_chain6,chain6_hole_4,701,22331,0.0009765625
haxs.stage5c2gR32.g1-quadrature.v1,c0ffa9154a58554596830f69a0f60a83,f6e98326968b52d6927a3f48f2dc7856,limit_hopping_zero_chain6,chain6_hole_4,702,22332,0.0009765625
haxs.stage5c2gR32.g1-quadrature.v1,c0ffa9154a58554596830f69a0f60a83,4901e998724f5fd2bc620c4b90abf967,limit_hopping_zero_chain6,chain6_hole_4,703,22333,0.0009765625
haxs.stage5c2gR32.g1-quadrature.v1,c0ffa9154a58554596830f69a0f60a83,511266de96f75e0da773a97f33f1718c,limit_hopping_zero_chain6,chain6_hole_4,704,23000,0.0009765625
haxs.stage5c2gR32.g1-quadrature.v1,c0ffa9154a58554596830f69a0f60a83,93043a62d928579bbb20ca1a4008c0e7,limit_hopping_zero_chain6,chain6_hole_4,705,23001,0.0009765625
haxs.stage5c2gR32.g1-quadrature.v1,c0ffa9154a58554596830f69a0f60a83,8e6c8d236e385ef795f30c564e6b55a4,limit_hopping_zero_chain6,chain6_hole_4,706,23002,0.0009765625
haxs.stage5c2gR32.g1-quadrature.v1,c0ffa9154a58554596830f69a0f60a83,dc8e556ded055a85b2d9c930a8614425,limit_hopping_zero_chain6,chain6_hole_4,707,23003,0.0009765625
haxs.stage5c2gR32.g1-quadrature.v1,c0ffa9154a58554596830f69a0f60a83,8a9800c6dbec5e12adbcdb67cda177fa,limit_hopping_zero_chain6,chain6_hole_4,708,23010,0.0009765625
haxs.stage5c2gR32.g1-quadrature.v1,c0ffa9154a58554596830f69a0f60a83,54ecdec5a45857cc8669647e02d45c87,limit_hopping_zero_chain6,chain6_hole_4,709,23011,0.0009765625
haxs.stage5c2gR32.g1-quadrature.v1,c0ffa9154a58554596830f69a0f60a83,9f3dfd7463a151fd9a4434fbedff08bc,limit_hopping_zero_chain6,chain6_hole_4,710,23012,0.0009765625
haxs.stage5c2gR32.g1-quadrature.v1,c0ffa9154a58554596830f69a0f60a83,7cfa2b9b4488543497170437e51fd94f,limit_hopping_zero_chain6,chain6_hole_4,711,23013,0.0009765625
haxs.stage5c2gR32.g1-quadrature.v1,c0ffa9154a58554596830f69a0f60a83,701655bbcced53c599659e2baed535e3,limit_hopping_zero_chain6,chain6_hole_4,712,23020,0.0009765625
haxs.stage5c2gR32.g1-quadrature.v1,c0ffa9154a58554596830f69a0f60a83,cfa4f52572d05d108c21d39e555fbb70,limit_hopping_zero_chain6,chain6_hole_4,713,23021,0.0009765625
haxs.stage5c2gR32.g1-quadrature.v1,c0ffa9154a58554596830f69a0f60a83,9e6ecab130ad54cfb4fa13ee74f73697,limit_hopping_zero_chain6,chain6_hole_4,714,23022,0.0009765625
haxs.stage5c2gR32.g1-quadrature.v1,c0ffa9154a58554596830f69a0f60a83,681c889e2a7050a28e08a82ff71aab55,limit_hopping_zero_chain6,chain6_hole_4,715,23023,0.0009765625
haxs.stage5c2gR32.g1-quadrature.v1,c0ffa9154a58554596830f69a0f60a83,1e8caa175d3a5fc18b43389c3de41f3b,limit_hopping_zero_chain6,chain6_hole_4,716,23030,0.0009765625
haxs.stage5c2gR32.g1-quadrature.v1,c0ffa9154a58554596830f69a0f60a83,fbbc18ff5cd4550a8b920545b49e0119,limit_hopping_zero_chain6,chain6_hole_4,717,23031,0.0009765625
haxs.stage5c2gR32.g1-quadrature.v1,c0ffa9154a58554596830f69a0f60a83,826fd1c4550d5584afffb7bf973e2cd3,limit_hopping_zero_chain6,chain6_hole_4,718,23032,0.0009765625
haxs.stage5c2gR32.g1-quadrature.v1,c0ffa9154a58554596830f69a0f60a83,228e94a43fc456bc9b3a02d3ea82556c,limit_hopping_zero_chain6,chain6_hole_4,719,23033,0.0009765625
haxs.stage5c2gR32.g1-quadrature.v1,c0ffa9154a58554596830f69a0f60a83,71f6436730015fd59c4e2bc454689feb,limit_hopping_zero_chain6,chain6_hole_4,720,23100,0.0009765625
haxs.stage5c2gR32.g1-quadrature.v1,c0ffa9154a58554596830f69a0f60a83,c844d2567be355ed80e239d89c355c47,limit_hopping_zero_chain6,chain6_hole_4,721,23101,0.0009765625
haxs.stage5c2gR32.g1-quadrature.v1,c0ffa9154a58554596830f69a0f60a83,eb28d5c117615802b11ab0ea2a8d49df,limit_hopping_zero_chain6,chain6_hole_4,722,23102,0.0009765625
haxs.stage5c2gR32.g1-quadrature.v1,c0ffa9154a58554596830f69a0f60a83,d14c2a1ca7415ddeaf8fae83df330111,limit_hopping_zero_chain6,chain6_hole_4,723,23103,0.0009765625
haxs.stage5c2gR32.g1-quadrature.v1,c0ffa9154a58554596830f69a0f60a83,ecb8b236c8425e979a816ce1db9ae8a3,limit_hopping_zero_chain6,chain6_hole_4,724,23110,0.0009765625
haxs.stage5c2gR32.g1-quadrature.v1,c0ffa9154a58554596830f69a0f60a83,7fbb05d140f45ceeb976a5cc12e88779,limit_hopping_zero_chain6,chain6_hole_4,725,23111,0.0009765625
haxs.stage5c2gR32.g1-quadrature.v1,c0ffa9154a58554596830f69a0f60a83,1ec8fc117702542b840dab1eb8d7d7a2,limit_hopping_zero_chain6,chain6_hole_4,726,23112,0.0009765625
haxs.stage5c2gR32.g1-quadrature.v1,c0ffa9154a58554596830f69a0f60a83,e14c5194145c56749b99ad3f8a526c50,limit_hopping_zero_chain6,chain6_hole_4,727,23113,0.0009765625
haxs.stage5c2gR32.g1-quadrature.v1,c0ffa9154a58554596830f69a0f60a83,dca9b62fe5bf5bbeba8eec598f40b02a,limit_hopping_zero_chain6,chain6_hole_4,728,23120,0.0009765625
haxs.stage5c2gR32.g1-quadrature.v1,c0ffa9154a58554596830f69a0f60a83,ac9d646723c1569e928901d372c1256b,limit_hopping_zero_chain6,chain6_hole_4,729,23121,0.0009765625
haxs.stage5c2gR32.g1-quadrature.v1,c0ffa9154a58554596830f69a0f60a83,0d184dafd9b651c6ba7d0d54375105ad,limit_hopping_zero_chain6,chain6_hole_4,730,23122,0.0009765625
haxs.stage5c2gR32.g1-quadrature.v1,c0ffa9154a58554596830f69a0f60a83,c4e1fdfacd79554285cce354cc7c8c39,limit_hopping_zero_chain6,chain6_hole_4,731,23123,0.0009765625
haxs.stage5c2gR32.g1-quadrature.v1,c0ffa9154a58554596830f69a0f60a83,d9708eff499555f9ac44237f4c193061,limit_hopping_zero_chain6,chain6_hole_4,732,23130,0.0009765625
haxs.stage5c2gR32.g1-quadrature.v1,c0ffa9154a58554596830f69a0f60a83,2ad2ba0ebcc85d71bc1dfca3a1c9138c,limit_hopping_zero_chain6,chain6_hole_4,733,23131,0.0009765625
haxs.stage5c2gR32.g1-quadrature.v1,c0ffa9154a58554596830f69a0f60a83,d18a36aeffde5993a41e24fa65e9ad35,limit_hopping_zero_chain6,chain6_hole_4,734,23132,0.0009765625
haxs.stage5c2gR32.g1-quadrature.v1,c0ffa9154a58554596830f69a0f60a83,af1ac22fe8825205a2d1cb01fd5d1d6a,limit_hopping_zero_chain6,chain6_hole_4,735,23133,0.0009765625
haxs.stage5c2gR32.g1-quadrature.v1,c0ffa9154a58554596830f69a0f60a83,1375e6e2c1b65cf4860b8a32af735e6c,limit_hopping_zero_chain6,chain6_hole_4,736,23200,0.0009765625
haxs.stage5c2gR32.g1-quadrature.v1,c0ffa9154a58554596830f69a0f60a83,fb2bbeb485215e5491982623a2c4f679,limit_hopping_zero_chain6,chain6_hole_4,737,23201,0.0009765625
haxs.stage5c2gR32.g1-quadrature.v1,c0ffa9154a58554596830f69a0f60a83,64728e2da4c059c5a821a8ecc685cf70,limit_hopping_zero_chain6,chain6_hole_4,738,23202,0.0009765625
haxs.stage5c2gR32.g1-quadrature.v1,c0ffa9154a58554596830f69a0f60a83,db445e1795e15380b22f2739edbe74fd,limit_hopping_zero_chain6,chain6_hole_4,739,23203,0.0009765625
haxs.stage5c2gR32.g1-quadrature.v1,c0ffa9154a58554596830f69a0f60a83,a2dd8c70e3e85a448f32263effb9cfdd,limit_hopping_zero_chain6,chain6_hole_4,740,23210,0.0009765625
haxs.stage5c2gR32.g1-quadrature.v1,c0ffa9154a58554596830f69a0f60a83,216ffca9c67658fc94bd618948c5a122,limit_hopping_zero_chain6,chain6_hole_4,741,23211,0.0009765625
haxs.stage5c2gR32.g1-quadrature.v1,c0ffa9154a58554596830f69a0f60a83,7e1e97a9111953dba3578a9506afe00c,limit_hopping_zero_chain6,chain6_hole_4,742,23212,0.0009765625
haxs.stage5c2gR32.g1-quadrature.v1,c0ffa9154a58554596830f69a0f60a83,266887e894ea5799af120d8ce6edfd95,limit_hopping_zero_chain6,chain6_hole_4,743,23213,0.0009765625
haxs.stage5c2gR32.g1-quadrature.v1,c0ffa9154a58554596830f69a0f60a83,4e4407f9691252e0bc95379be54f30b0,limit_hopping_zero_chain6,chain6_hole_4,744,23220,0.0009765625
haxs.stage5c2gR32.g1-quadrature.v1,c0ffa9154a58554596830f69a0f60a83,1c85612fded4525ab0ab18c14f9f9f65,limit_hopping_zero_chain6,chain6_hole_4,745,23221,0.0009765625
haxs.stage5c2gR32.g1-quadrature.v1,c0ffa9154a58554596830f69a0f60a83,a7638a5856145d098b1ae9a2c6d1fecf,limit_hopping_zero_chain6,chain6_hole_4,746,23222,0.0009765625
haxs.stage5c2gR32.g1-quadrature.v1,c0ffa9154a58554596830f69a0f60a83,3ce362b963d3535b8da379cf3d5fa30c,limit_hopping_zero_chain6,chain6_hole_4,747,23223,0.0009765625
haxs.stage5c2gR32.g1-quadrature.v1,c0ffa9154a58554596830f69a0f60a83,adb2da5c101752208696ec86499a1d11,limit_hopping_zero_chain6,chain6_hole_4,748,23230,0.0009765625
haxs.stage5c2gR32.g1-quadrature.v1,c0ffa9154a58554596830f69a0f60a83,cb2979f84e55561b944f1ba0c8f81b02,limit_hopping_zero_chain6,chain6_hole_4,749,23231,0.0009765625
haxs.stage5c2gR32.g1-quadrature.v1,c0ffa9154a58554596830f69a0f60a83,dee0b5bf11ac5d9fad338addc2f71b2b,limit_hopping_zero_chain6,chain6_hole_4,750,23232,0.0009765625
haxs.stage5c2gR32.g1-quadrature.v1,c0ffa9154a58554596830f69a0f60a83,1bdc7dd1e0fe5edf932d5dfbad17e7c7,limit_hopping_zero_chain6,chain6_hole_4,751,23233,0.0009765625
haxs.stage5c2gR32.g1-quadrature.v1,c0ffa9154a58554596830f69a0f60a83,afe91f4af45055d7800123ec1bbd1728,limit_hopping_zero_chain6,chain6_hole_4,752,23300,0.0009765625
haxs.stage5c2gR32.g1-quadrature.v1,c0ffa9154a58554596830f69a0f60a83,543bdf20167c5ef796a255a35a150b2f,limit_hopping_zero_chain6,chain6_hole_4,753,23301,0.0009765625
haxs.stage5c2gR32.g1-quadrature.v1,c0ffa9154a58554596830f69a0f60a83,a68567ad04d757cb81930851217db987,limit_hopping_zero_chain6,chain6_hole_4,754,23302,0.0009765625
haxs.stage5c2gR32.g1-quadrature.v1,c0ffa9154a58554596830f69a0f60a83,f45903608ccd55dbaa11f6d1f59ed709,limit_hopping_zero_chain6,chain6_hole_4,755,23303,0.0009765625
haxs.stage5c2gR32.g1-quadrature.v1,c0ffa9154a58554596830f69a0f60a83,c7ed4d4ff4775603bc75ade29671824c,limit_hopping_zero_chain6,chain6_hole_4,756,23310,0.0009765625
haxs.stage5c2gR32.g1-quadrature.v1,c0ffa9154a58554596830f69a0f60a83,3f73d4e7149c54779ee93e395225279b,limit_hopping_zero_chain6,chain6_hole_4,757,23311,0.0009765625
haxs.stage5c2gR32.g1-quadrature.v1,c0ffa9154a58554596830f69a0f60a83,0a9814ae857a5b2bb5fdbbef5a461736,limit_hopping_zero_chain6,chain6_hole_4,758,23312,0.0009765625
haxs.stage5c2gR32.g1-quadrature.v1,c0ffa9154a58554596830f69a0f60a83,2cbc5c73557b5c7cb05cf53b843d4e58,limit_hopping_zero_chain6,chain6_hole_4,759,23313,0.0009765625
haxs.stage5c2gR32.g1-quadrature.v1,c0ffa9154a58554596830f69a0f60a83,34449a682a3056ada1a28bcc5832750f,limit_hopping_zero_chain6,chain6_hole_4,760,23320,0.0009765625
haxs.stage5c2gR32.g1-quadrature.v1,c0ffa9154a58554596830f69a0f60a83,f4d725a9f8af5dc68cfccd6cb43613d6,limit_hopping_zero_chain6,chain6_hole_4,761,23321,0.0009765625
haxs.stage5c2gR32.g1-quadrature.v1,c0ffa9154a58554596830f69a0f60a83,ede39c0176d85d0cab91b3e4d1b7d069,limit_hopping_zero_chain6,chain6_hole_4,762,23322,0.0009765625
haxs.stage5c2gR32.g1-quadrature.v1,c0ffa9154a58554596830f69a0f60a83,4837ddc87128527390322f7d2e22cd67,limit_hopping_zero_chain6,chain6_hole_4,763,23323,0.0009765625
haxs.stage5c2gR32.g1-quadrature.v1,c0ffa9154a58554596830f69a0f60a83,d7d6983b27475129a5ba303b02675712,limit_hopping_zero_chain6,chain6_hole_4,764,23330,0.0009765625
haxs.stage5c2gR32.g1-quadrature.v1,c0ffa9154a58554596830f69a0f60a83,02209704eaaa57949ff90cdd5b658dbd,limit_hopping_zero_chain6,chain6_hole_4,765,23331,0.0009765625
haxs.stage5c2gR32.g1-quadrature.v1,c0ffa9154a58554596830f69a0f60a83,83e22e11046c54d69c515fe3ed75a9ac,limit_hopping_zero_chain6,chain6_hole_4,766,23332,0.0009765625
haxs.stage5c2gR32.g1-quadrature.v1,c0ffa9154a58554596830f69a0f60a83,36db9042333d57df85634fbc5de6ce25,limit_hopping_zero_chain6,chain6_hole_4,767,23333,0.0009765625
haxs.stage5c2gR32.g1-quadrature.v1,c0ffa9154a58554596830f69a0f60a83,64de6844c82050fb9d51515d01e5f384,limit_hopping_zero_chain6,chain6_hole_4,768,30000,0.0009765625
haxs.stage5c2gR32.g1-quadrature.v1,c0ffa9154a58554596830f69a0f60a83,f3e0a4bbb74753eaa7b958f281d04938,limit_hopping_zero_chain6,chain6_hole_4,769,30001,0.0009765625
haxs.stage5c2gR32.g1-quadrature.v1,c0ffa9154a58554596830f69a0f60a83,3cca910443d15352acc93c81d7ffa72f,limit_hopping_zero_chain6,chain6_hole_4,770,30002,0.0009765625
haxs.stage5c2gR32.g1-quadrature.v1,c0ffa9154a58554596830f69a0f60a83,d6a372abe31a5eb892cf8063f0173838,limit_hopping_zero_chain6,chain6_hole_4,771,30003,0.0009765625
haxs.stage5c2gR32.g1-quadrature.v1,c0ffa9154a58554596830f69a0f60a83,9d2cb980541550f09098551abef0cb96,limit_hopping_zero_chain6,chain6_hole_4,772,30010,0.0009765625
haxs.stage5c2gR32.g1-quadrature.v1,c0ffa9154a58554596830f69a0f60a83,13fd545b4a285474bceed9747e63b8b2,limit_hopping_zero_chain6,chain6_hole_4,773,30011,0.0009765625
haxs.stage5c2gR32.g1-quadrature.v1,c0ffa9154a58554596830f69a0f60a83,980dde4af15e5bc09ecfae9234e104fa,limit_hopping_zero_chain6,chain6_hole_4,774,30012,0.0009765625
haxs.stage5c2gR32.g1-quadrature.v1,c0ffa9154a58554596830f69a0f60a83,fb1ebec33adb52668465b4ff7f56de8a,limit_hopping_zero_chain6,chain6_hole_4,775,30013,0.0009765625
haxs.stage5c2gR32.g1-quadrature.v1,c0ffa9154a58554596830f69a0f60a83,fd160cac5a13538db865648f226531e1,limit_hopping_zero_chain6,chain6_hole_4,776,30020,0.0009765625
haxs.stage5c2gR32.g1-quadrature.v1,c0ffa9154a58554596830f69a0f60a83,fcf14080ee7a5f199b4abedc05e98ce2,limit_hopping_zero_chain6,chain6_hole_4,777,30021,0.0009765625
haxs.stage5c2gR32.g1-quadrature.v1,c0ffa9154a58554596830f69a0f60a83,584e86a565c458b7927b0052ea67133a,limit_hopping_zero_chain6,chain6_hole_4,778,30022,0.0009765625
haxs.stage5c2gR32.g1-quadrature.v1,c0ffa9154a58554596830f69a0f60a83,c4be050fae0c5d40b52dcb6645bc4ee9,limit_hopping_zero_chain6,chain6_hole_4,779,30023,0.0009765625
haxs.stage5c2gR32.g1-quadrature.v1,c0ffa9154a58554596830f69a0f60a83,d0c9551227835bc79829fa5c44915bc6,limit_hopping_zero_chain6,chain6_hole_4,780,30030,0.0009765625
haxs.stage5c2gR32.g1-quadrature.v1,c0ffa9154a58554596830f69a0f60a83,ab0c6d3795ae501b9c7d9963b0fc59cd,limit_hopping_zero_chain6,chain6_hole_4,781,30031,0.0009765625
haxs.stage5c2gR32.g1-quadrature.v1,c0ffa9154a58554596830f69a0f60a83,fe623b36caeb5fccadf06717812b164c,limit_hopping_zero_chain6,chain6_hole_4,782,30032,0.0009765625
haxs.stage5c2gR32.g1-quadrature.v1,c0ffa9154a58554596830f69a0f60a83,86645d500d6d51389c4249dae51a632d,limit_hopping_zero_chain6,chain6_hole_4,783,30033,0.0009765625
haxs.stage5c2gR32.g1-quadrature.v1,c0ffa9154a58554596830f69a0f60a83,64b61771a08654b288d5011d325ce6e4,limit_hopping_zero_chain6,chain6_hole_4,784,30100,0.0009765625
haxs.stage5c2gR32.g1-quadrature.v1,c0ffa9154a58554596830f69a0f60a83,daea05f322c257179f6310a04f50f618,limit_hopping_zero_chain6,chain6_hole_4,785,30101,0.0009765625
haxs.stage5c2gR32.g1-quadrature.v1,c0ffa9154a58554596830f69a0f60a83,d9becf678d23521fad1490fa1c293cf8,limit_hopping_zero_chain6,chain6_hole_4,786,30102,0.0009765625
haxs.stage5c2gR32.g1-quadrature.v1,c0ffa9154a58554596830f69a0f60a83,c0116cdc559753be9a6b132cb643ab31,limit_hopping_zero_chain6,chain6_hole_4,787,30103,0.0009765625
haxs.stage5c2gR32.g1-quadrature.v1,c0ffa9154a58554596830f69a0f60a83,53cd40ab30ef5881adc0a5b28fb21c72,limit_hopping_zero_chain6,chain6_hole_4,788,30110,0.0009765625
haxs.stage5c2gR32.g1-quadrature.v1,c0ffa9154a58554596830f69a0f60a83,658e9cb5facf5bbcab055566fae6bb07,limit_hopping_zero_chain6,chain6_hole_4,789,30111,0.0009765625
haxs.stage5c2gR32.g1-quadrature.v1,c0ffa9154a58554596830f69a0f60a83,4f0b96a48c4f54f2a8352d042fba66f0,limit_hopping_zero_chain6,chain6_hole_4,790,30112,0.0009765625
haxs.stage5c2gR32.g1-quadrature.v1,c0ffa9154a58554596830f69a0f60a83,6160583e79da529fb445da9bd817bd98,limit_hopping_zero_chain6,chain6_hole_4,791,30113,0.0009765625
haxs.stage5c2gR32.g1-quadrature.v1,c0ffa9154a58554596830f69a0f60a83,ea2b588fab8b525c9ed988e5376a1a21,limit_hopping_zero_chain6,chain6_hole_4,792,30120,0.0009765625
haxs.stage5c2gR32.g1-quadrature.v1,c0ffa9154a58554596830f69a0f60a83,83e860576639501782c6010d65bb9fcc,limit_hopping_zero_chain6,chain6_hole_4,793,30121,0.0009765625
haxs.stage5c2gR32.g1-quadrature.v1,c0ffa9154a58554596830f69a0f60a83,10594387aa5d556ead1dcf7b803e098c,limit_hopping_zero_chain6,chain6_hole_4,794,30122,0.0009765625
haxs.stage5c2gR32.g1-quadrature.v1,c0ffa9154a58554596830f69a0f60a83,8194a78082645250af6e18e09f648c5f,limit_hopping_zero_chain6,chain6_hole_4,795,30123,0.0009765625
haxs.stage5c2gR32.g1-quadrature.v1,c0ffa9154a58554596830f69a0f60a83,f9f66e4cfa4b5127b7de604a2915986a,limit_hopping_zero_chain6,chain6_hole_4,796,30130,0.0009765625
haxs.stage5c2gR32.g1-quadrature.v1,c0ffa9154a58554596830f69a0f60a83,c7f35bedb75558488e5a952ecab85d17,limit_hopping_zero_chain6,chain6_hole_4,797,30131,0.0009765625
haxs.stage5c2gR32.g1-quadrature.v1,c0ffa9154a58554596830f69a0f60a83,cecd3f9f38c953c5b30a42bc5540f19c,limit_hopping_zero_chain6,chain6_hole_4,798,30132,0.0009765625
haxs.stage5c2gR32.g1-quadrature.v1,c0ffa9154a58554596830f69a0f60a83,e26a3300c39b5ac8ae2b7eb1b2f63a2a,limit_hopping_zero_chain6,chain6_hole_4,799,30133,0.0009765625
haxs.stage5c2gR32.g1-quadrature.v1,c0ffa9154a58554596830f69a0f60a83,cc4477d63b6e5d5983f3eed8b1f97998,limit_hopping_zero_chain6,chain6_hole_4,800,30200,0.0009765625
haxs.stage5c2gR32.g1-quadrature.v1,c0ffa9154a58554596830f69a0f60a83,3f5e57e5fc755d17a6adb57dcb563705,limit_hopping_zero_chain6,chain6_hole_4,801,30201,0.0009765625
haxs.stage5c2gR32.g1-quadrature.v1,c0ffa9154a58554596830f69a0f60a83,8642b8270c5258098f1d4b522f5319e8,limit_hopping_zero_chain6,chain6_hole_4,802,30202,0.0009765625
haxs.stage5c2gR32.g1-quadrature.v1,c0ffa9154a58554596830f69a0f60a83,caacad90513e568d8492643875e35541,limit_hopping_zero_chain6,chain6_hole_4,803,30203,0.0009765625
haxs.stage5c2gR32.g1-quadrature.v1,c0ffa9154a58554596830f69a0f60a83,7ee69dc88a0758bfa99202c9d9e14986,limit_hopping_zero_chain6,chain6_hole_4,804,30210,0.0009765625
haxs.stage5c2gR32.g1-quadrature.v1,c0ffa9154a58554596830f69a0f60a83,f6447cb857b958fd80d412a4e2cc3f04,limit_hopping_zero_chain6,chain6_hole_4,805,30211,0.0009765625
haxs.stage5c2gR32.g1-quadrature.v1,c0ffa9154a58554596830f69a0f60a83,0abee849c787551895a568d10fb2ba55,limit_hopping_zero_chain6,chain6_hole_4,806,30212,0.0009765625
haxs.stage5c2gR32.g1-quadrature.v1,c0ffa9154a58554596830f69a0f60a83,e3e8b829f2ca5e84b530383040a10eda,limit_hopping_zero_chain6,chain6_hole_4,807,30213,0.0009765625
haxs.stage5c2gR32.g1-quadrature.v1,c0ffa9154a58554596830f69a0f60a83,f9f9b5aec07d549e9131c5de1b8be2e9,limit_hopping_zero_chain6,chain6_hole_4,808,30220,0.0009765625
haxs.stage5c2gR32.g1-quadrature.v1,c0ffa9154a58554596830f69a0f60a83,1db1922d8db051a98b205764c4f2c0bf,limit_hopping_zero_chain6,chain6_hole_4,809,30221,0.0009765625
haxs.stage5c2gR32.g1-quadrature.v1,c0ffa9154a58554596830f69a0f60a83,35613abc454f55e0afe80d823e4564e3,limit_hopping_zero_chain6,chain6_hole_4,810,30222,0.0009765625
haxs.stage5c2gR32.g1-quadrature.v1,c0ffa9154a58554596830f69a0f60a83,2f87f40a3e1f58d6acf3d3a738c500ed,limit_hopping_zero_chain6,chain6_hole_4,811,30223,0.0009765625
haxs.stage5c2gR32.g1-quadrature.v1,c0ffa9154a58554596830f69a0f60a83,ff019c27166f5b708af5992da6171f6b,limit_hopping_zero_chain6,chain6_hole_4,812,30230,0.0009765625
haxs.stage5c2gR32.g1-quadrature.v1,c0ffa9154a58554596830f69a0f60a83,a9c1f810c18759e895207b036ac667d5,limit_hopping_zero_chain6,chain6_hole_4,813,30231,0.0009765625
haxs.stage5c2gR32.g1-quadrature.v1,c0ffa9154a58554596830f69a0f60a83,8178bafd7a8d5184a77366f3ef82c98d,limit_hopping_zero_chain6,chain6_hole_4,814,30232,0.0009765625
haxs.stage5c2gR32.g1-quadrature.v1,c0ffa9154a58554596830f69a0f60a83,1fc61a8f8f555b66b4cfb50e3960c438,limit_hopping_zero_chain6,chain6_hole_4,815,30233,0.0009765625
haxs.stage5c2gR32.g1-quadrature.v1,c0ffa9154a58554596830f69a0f60a83,54a4e584f55d5fc5b6c0b6d4fd8759f5,limit_hopping_zero_chain6,chain6_hole_4,816,30300,0.0009765625
haxs.stage5c2gR32.g1-quadrature.v1,c0ffa9154a58554596830f69a0f60a83,f172be3eb0965c3d883af15a6f5716fa,limit_hopping_zero_chain6,chain6_hole_4,817,30301,0.0009765625
haxs.stage5c2gR32.g1-quadrature.v1,c0ffa9154a58554596830f69a0f60a83,82bd7a017a995747b5e474c16a942ef6,limit_hopping_zero_chain6,chain6_hole_4,818,30302,0.0009765625
haxs.stage5c2gR32.g1-quadrature.v1,c0ffa9154a58554596830f69a0f60a83,dbceaf55863d538f8300fa876309f9bf,limit_hopping_zero_chain6,chain6_hole_4,819,30303,0.0009765625
haxs.stage5c2gR32.g1-quadrature.v1,c0ffa9154a58554596830f69a0f60a83,f4cb4772ee9552189b7c13d04a423430,limit_hopping_zero_chain6,chain6_hole_4,820,30310,0.0009765625
haxs.stage5c2gR32.g1-quadrature.v1,c0ffa9154a58554596830f69a0f60a83,42774364529954e7955254afeea0a65c,limit_hopping_zero_chain6,chain6_hole_4,821,30311,0.0009765625
haxs.stage5c2gR32.g1-quadrature.v1,c0ffa9154a58554596830f69a0f60a83,a833f8218cc4568a8dd0f71e347ba346,limit_hopping_zero_chain6,chain6_hole_4,822,30312,0.0009765625
haxs.stage5c2gR32.g1-quadrature.v1,c0ffa9154a58554596830f69a0f60a83,b003035761585f7e9d7bea54c6cd57fa,limit_hopping_zero_chain6,chain6_hole_4,823,30313,0.0009765625
haxs.stage5c2gR32.g1-quadrature.v1,c0ffa9154a58554596830f69a0f60a83,35a714d169025045ab978368e92981bf,limit_hopping_zero_chain6,chain6_hole_4,824,30320,0.0009765625
haxs.stage5c2gR32.g1-quadrature.v1,c0ffa9154a58554596830f69a0f60a83,2690f7e62c8f5eeca809d2eed10223de,limit_hopping_zero_chain6,chain6_hole_4,825,30321,0.0009765625
haxs.stage5c2gR32.g1-quadrature.v1,c0ffa9154a58554596830f69a0f60a83,c525fe012386594cbf3b58ecee101ce8,limit_hopping_zero_chain6,chain6_hole_4,826,30322,0.0009765625
haxs.stage5c2gR32.g1-quadrature.v1,c0ffa9154a58554596830f69a0f60a83,b213a8b815455f5caa5674f6d8e46e4b,limit_hopping_zero_chain6,chain6_hole_4,827,30323,0.0009765625
haxs.stage5c2gR32.g1-quadrature.v1,c0ffa9154a58554596830f69a0f60a83,e775be04f8ae5b54b8f5ea3fb63d60e6,limit_hopping_zero_chain6,chain6_hole_4,828,30330,0.0009765625
haxs.stage5c2gR32.g1-quadrature.v1,c0ffa9154a58554596830f69a0f60a83,13a52228d0d35b8582832089d2b92479,limit_hopping_zero_chain6,chain6_hole_4,829,30331,0.0009765625
haxs.stage5c2gR32.g1-quadrature.v1,c0ffa9154a58554596830f69a0f60a83,81da6c01f2af544e8892c3ef78937f38,limit_hopping_zero_chain6,chain6_hole_4,830,30332,0.0009765625
haxs.stage5c2gR32.g1-quadrature.v1,c0ffa9154a58554596830f69a0f60a83,e0f9cf3def8c5f56ba319e045ac1f6d6,limit_hopping_zero_chain6,chain6_hole_4,831,30333,0.0009765625
haxs.stage5c2gR32.g1-quadrature.v1,c0ffa9154a58554596830f69a0f60a83,daaeb8c3e5d25ab7921c30e2eec44a9e,limit_hopping_zero_chain6,chain6_hole_4,832,31000,0.0009765625
haxs.stage5c2gR32.g1-quadrature.v1,c0ffa9154a58554596830f69a0f60a83,fe02eb3f6a7c530b94fdd4fe79aced29,limit_hopping_zero_chain6,chain6_hole_4,833,31001,0.0009765625
haxs.stage5c2gR32.g1-quadrature.v1,c0ffa9154a58554596830f69a0f60a83,bd5d575137965d4ab10284b94144386b,limit_hopping_zero_chain6,chain6_hole_4,834,31002,0.0009765625
haxs.stage5c2gR32.g1-quadrature.v1,c0ffa9154a58554596830f69a0f60a83,6dd09b3d0afe563ca9691f8c95fe3779,limit_hopping_zero_chain6,chain6_hole_4,835,31003,0.0009765625
haxs.stage5c2gR32.g1-quadrature.v1,c0ffa9154a58554596830f69a0f60a83,00471d056d015b478ada65df52b55463,limit_hopping_zero_chain6,chain6_hole_4,836,31010,0.0009765625
haxs.stage5c2gR32.g1-quadrature.v1,c0ffa9154a58554596830f69a0f60a83,857a8b93c9415fc9a052cbeb9f907511,limit_hopping_zero_chain6,chain6_hole_4,837,31011,0.0009765625
haxs.stage5c2gR32.g1-quadrature.v1,c0ffa9154a58554596830f69a0f60a83,e781fb60360759bf8158e38194747c40,limit_hopping_zero_chain6,chain6_hole_4,838,31012,0.0009765625
haxs.stage5c2gR32.g1-quadrature.v1,c0ffa9154a58554596830f69a0f60a83,14f2da12dbe658f2be7ef848f241ac34,limit_hopping_zero_chain6,chain6_hole_4,839,31013,0.0009765625
haxs.stage5c2gR32.g1-quadrature.v1,c0ffa9154a58554596830f69a0f60a83,a6d721bad4ca5c408d1587f6316114eb,limit_hopping_zero_chain6,chain6_hole_4,840,31020,0.0009765625
haxs.stage5c2gR32.g1-quadrature.v1,c0ffa9154a58554596830f69a0f60a83,dbaca8cbdd7256079bf72c7a19848d01,limit_hopping_zero_chain6,chain6_hole_4,841,31021,0.0009765625
haxs.stage5c2gR32.g1-quadrature.v1,c0ffa9154a58554596830f69a0f60a83,88b7f1495db65127b3e0fcb54fdb8ef2,limit_hopping_zero_chain6,chain6_hole_4,842,31022,0.0009765625
haxs.stage5c2gR32.g1-quadrature.v1,c0ffa9154a58554596830f69a0f60a83,02c7a656d8c25554a213d16b9e58b661,limit_hopping_zero_chain6,chain6_hole_4,843,31023,0.0009765625
haxs.stage5c2gR32.g1-quadrature.v1,c0ffa9154a58554596830f69a0f60a83,df9b87b549385b4bb9f36c718ee62568,limit_hopping_zero_chain6,chain6_hole_4,844,31030,0.0009765625
haxs.stage5c2gR32.g1-quadrature.v1,c0ffa9154a58554596830f69a0f60a83,4ec53750569c5305b83349697df0fbfa,limit_hopping_zero_chain6,chain6_hole_4,845,31031,0.0009765625
haxs.stage5c2gR32.g1-quadrature.v1,c0ffa9154a58554596830f69a0f60a83,e920a44b5c2851e381a243655f8a5103,limit_hopping_zero_chain6,chain6_hole_4,846,31032,0.0009765625
haxs.stage5c2gR32.g1-quadrature.v1,c0ffa9154a58554596830f69a0f60a83,6beda48221715752b9997e3517ae6b38,limit_hopping_zero_chain6,chain6_hole_4,847,31033,0.0009765625
haxs.stage5c2gR32.g1-quadrature.v1,c0ffa9154a58554596830f69a0f60a83,9cbba30a81e25eb6a94e592869b5025c,limit_hopping_zero_chain6,chain6_hole_4,848,31100,0.0009765625
haxs.stage5c2gR32.g1-quadrature.v1,c0ffa9154a58554596830f69a0f60a83,75890f45dec85254a4b4db57ca38aded,limit_hopping_zero_chain6,chain6_hole_4,849,31101,0.0009765625
haxs.stage5c2gR32.g1-quadrature.v1,c0ffa9154a58554596830f69a0f60a83,5f16d4498e505e059911d461c53a8024,limit_hopping_zero_chain6,chain6_hole_4,850,31102,0.0009765625
haxs.stage5c2gR32.g1-quadrature.v1,c0ffa9154a58554596830f69a0f60a83,2e86578b66795892b55f08917e163c01,limit_hopping_zero_chain6,chain6_hole_4,851,31103,0.0009765625
haxs.stage5c2gR32.g1-quadrature.v1,c0ffa9154a58554596830f69a0f60a83,33143e01df185d94b5c506b5772c0109,limit_hopping_zero_chain6,chain6_hole_4,852,31110,0.0009765625
haxs.stage5c2gR32.g1-quadrature.v1,c0ffa9154a58554596830f69a0f60a83,3b0803a178f05857bd234940f2835d49,limit_hopping_zero_chain6,chain6_hole_4,853,31111,0.0009765625
haxs.stage5c2gR32.g1-quadrature.v1,c0ffa9154a58554596830f69a0f60a83,f76f405dd9bf5ecd85f738fe4c9a6ca4,limit_hopping_zero_chain6,chain6_hole_4,854,31112,0.0009765625
haxs.stage5c2gR32.g1-quadrature.v1,c0ffa9154a58554596830f69a0f60a83,17c7a9c48dca5f9aa033f12e90128aa7,limit_hopping_zero_chain6,chain6_hole_4,855,31113,0.0009765625
haxs.stage5c2gR32.g1-quadrature.v1,c0ffa9154a58554596830f69a0f60a83,3e90826fdccd5332ba7111c64b1b3a7f,limit_hopping_zero_chain6,chain6_hole_4,856,31120,0.0009765625
haxs.stage5c2gR32.g1-quadrature.v1,c0ffa9154a58554596830f69a0f60a83,dff00bed996251a38de20f01af9326cf,limit_hopping_zero_chain6,chain6_hole_4,857,31121,0.0009765625
haxs.stage5c2gR32.g1-quadrature.v1,c0ffa9154a58554596830f69a0f60a83,facb0c8713d45e8e94c74fff9d84f052,limit_hopping_zero_chain6,chain6_hole_4,858,31122,0.0009765625
haxs.stage5c2gR32.g1-quadrature.v1,c0ffa9154a58554596830f69a0f60a83,345a421fa94e57fd951e9249a44b9d38,limit_hopping_zero_chain6,chain6_hole_4,859,31123,0.0009765625
haxs.stage5c2gR32.g1-quadrature.v1,c0ffa9154a58554596830f69a0f60a83,c35377b5935e5dfcba34e10940400233,limit_hopping_zero_chain6,chain6_hole_4,860,31130,0.0009765625
haxs.stage5c2gR32.g1-quadrature.v1,c0ffa9154a58554596830f69a0f60a83,1ff5c7d2869453eb9bbf717aba8fc16c,limit_hopping_zero_chain6,chain6_hole_4,861,31131,0.0009765625
haxs.stage5c2gR32.g1-quadrature.v1,c0ffa9154a58554596830f69a0f60a83,126e24b4263e5741a0150110a606fa8e,limit_hopping_zero_chain6,chain6_hole_4,862,31132,0.0009765625
haxs.stage5c2gR32.g1-quadrature.v1,c0ffa9154a58554596830f69a0f60a83,27d2c4e11cfe5ef5855ca73e9f9ae0db,limit_hopping_zero_chain6,chain6_hole_4,863,31133,0.0009765625
haxs.stage5c2gR32.g1-quadrature.v1,c0ffa9154a58554596830f69a0f60a83,fb28eabd514551eea99170639e07f2e7,limit_hopping_zero_chain6,chain6_hole_4,864,31200,0.0009765625
haxs.stage5c2gR32.g1-quadrature.v1,c0ffa9154a58554596830f69a0f60a83,2be0112a5ddf527ea11e83a937fd4b85,limit_hopping_zero_chain6,chain6_hole_4,865,31201,0.0009765625
haxs.stage5c2gR32.g1-quadrature.v1,c0ffa9154a58554596830f69a0f60a83,28fbfa24fd565869b74f11bb7fdf32a7,limit_hopping_zero_chain6,chain6_hole_4,866,31202,0.0009765625
haxs.stage5c2gR32.g1-quadrature.v1,c0ffa9154a58554596830f69a0f60a83,34ea2633d0195739925469b56cb9382f,limit_hopping_zero_chain6,chain6_hole_4,867,31203,0.0009765625
haxs.stage5c2gR32.g1-quadrature.v1,c0ffa9154a58554596830f69a0f60a83,c970da89d6b059f9ad91a058b96216a4,limit_hopping_zero_chain6,chain6_hole_4,868,31210,0.0009765625
haxs.stage5c2gR32.g1-quadrature.v1,c0ffa9154a58554596830f69a0f60a83,b15e11736af754c48032eaac2a9adf26,limit_hopping_zero_chain6,chain6_hole_4,869,31211,0.0009765625
haxs.stage5c2gR32.g1-quadrature.v1,c0ffa9154a58554596830f69a0f60a83,9ade4249a7895b1995bb9ffbd2f4a366,limit_hopping_zero_chain6,chain6_hole_4,870,31212,0.0009765625
haxs.stage5c2gR32.g1-quadrature.v1,c0ffa9154a58554596830f69a0f60a83,ab3f5cc70e685d12bab20ea35f56ce29,limit_hopping_zero_chain6,chain6_hole_4,871,31213,0.0009765625
haxs.stage5c2gR32.g1-quadrature.v1,c0ffa9154a58554596830f69a0f60a83,aef808998a0d512c82d42476dc5a393f,limit_hopping_zero_chain6,chain6_hole_4,872,31220,0.0009765625
haxs.stage5c2gR32.g1-quadrature.v1,c0ffa9154a58554596830f69a0f60a83,a1faa4348ef05b9dbca311357d7d67f4,limit_hopping_zero_chain6,chain6_hole_4,873,31221,0.0009765625
haxs.stage5c2gR32.g1-quadrature.v1,c0ffa9154a58554596830f69a0f60a83,04f02adcfcf852ff8d821398edeef6df,limit_hopping_zero_chain6,chain6_hole_4,874,31222,0.0009765625
haxs.stage5c2gR32.g1-quadrature.v1,c0ffa9154a58554596830f69a0f60a83,001bcd671e535369a762dbd04ac2fc1f,limit_hopping_zero_chain6,chain6_hole_4,875,31223,0.0009765625
haxs.stage5c2gR32.g1-quadrature.v1,c0ffa9154a58554596830f69a0f60a83,1398db6ac7de58ca8e5a9cfe78960d97,limit_hopping_zero_chain6,chain6_hole_4,876,31230,0.0009765625
haxs.stage5c2gR32.g1-quadrature.v1,c0ffa9154a58554596830f69a0f60a83,c115f5119c2f5708b4d58ffaffe9148a,limit_hopping_zero_chain6,chain6_hole_4,877,31231,0.0009765625
haxs.stage5c2gR32.g1-quadrature.v1,c0ffa9154a58554596830f69a0f60a83,7435faaa55e05ede9adb75ec2a58a69b,limit_hopping_zero_chain6,chain6_hole_4,878,31232,0.0009765625
haxs.stage5c2gR32.g1-quadrature.v1,c0ffa9154a58554596830f69a0f60a83,3533d816be085750a10bc4df36c4770b,limit_hopping_zero_chain6,chain6_hole_4,879,31233,0.0009765625
haxs.stage5c2gR32.g1-quadrature.v1,c0ffa9154a58554596830f69a0f60a83,6255dfcc8d3f5190acf148f47bae934c,limit_hopping_zero_chain6,chain6_hole_4,880,31300,0.0009765625
haxs.stage5c2gR32.g1-quadrature.v1,c0ffa9154a58554596830f69a0f60a83,9ff37e137a1d5bc490fb88a541d10825,limit_hopping_zero_chain6,chain6_hole_4,881,31301,0.0009765625
haxs.stage5c2gR32.g1-quadrature.v1,c0ffa9154a58554596830f69a0f60a83,47dc3b05036356cf98c005415e128a8c,limit_hopping_zero_chain6,chain6_hole_4,882,31302,0.0009765625
haxs.stage5c2gR32.g1-quadrature.v1,c0ffa9154a58554596830f69a0f60a83,e43bee141ee553ee879f1ae4d90f0619,limit_hopping_zero_chain6,chain6_hole_4,883,31303,0.0009765625
haxs.stage5c2gR32.g1-quadrature.v1,c0ffa9154a58554596830f69a0f60a83,4b9b7ce23c5f5d37934cdad6d5f5a8c7,limit_hopping_zero_chain6,chain6_hole_4,884,31310,0.0009765625
haxs.stage5c2gR32.g1-quadrature.v1,c0ffa9154a58554596830f69a0f60a83,30267b4d6ec659339214a359a481a4b4,limit_hopping_zero_chain6,chain6_hole_4,885,31311,0.0009765625
haxs.stage5c2gR32.g1-quadrature.v1,c0ffa9154a58554596830f69a0f60a83,394227be63cc59bcb17e38992950ccfc,limit_hopping_zero_chain6,chain6_hole_4,886,31312,0.0009765625
haxs.stage5c2gR32.g1-quadrature.v1,c0ffa9154a58554596830f69a0f60a83,f0a1c2211dcb5538aef1ae7183c5dbb4,limit_hopping_zero_chain6,chain6_hole_4,887,31313,0.0009765625
haxs.stage5c2gR32.g1-quadrature.v1,c0ffa9154a58554596830f69a0f60a83,a19a34cf2cfd5f0081fb01cf97549913,limit_hopping_zero_chain6,chain6_hole_4,888,31320,0.0009765625
haxs.stage5c2gR32.g1-quadrature.v1,c0ffa9154a58554596830f69a0f60a83,c1c92f44d5225ecc8d41d87577f8ec7e,limit_hopping_zero_chain6,chain6_hole_4,889,31321,0.0009765625
haxs.stage5c2gR32.g1-quadrature.v1,c0ffa9154a58554596830f69a0f60a83,dd70b16aba9657388754731a46468339,limit_hopping_zero_chain6,chain6_hole_4,890,31322,0.0009765625
haxs.stage5c2gR32.g1-quadrature.v1,c0ffa9154a58554596830f69a0f60a83,608d1cf4c2d258d69b4468d77ad1645a,limit_hopping_zero_chain6,chain6_hole_4,891,31323,0.0009765625
haxs.stage5c2gR32.g1-quadrature.v1,c0ffa9154a58554596830f69a0f60a83,415a62089b0f5bc6900bfd6e3fcd0a32,limit_hopping_zero_chain6,chain6_hole_4,892,31330,0.0009765625
haxs.stage5c2gR32.g1-quadrature.v1,c0ffa9154a58554596830f69a0f60a83,fd5518d2ad6554ebaf7d77ced83c87d9,limit_hopping_zero_chain6,chain6_hole_4,893,31331,0.0009765625
haxs.stage5c2gR32.g1-quadrature.v1,c0ffa9154a58554596830f69a0f60a83,a4c46531f71c5920969a0b294b95e4c6,limit_hopping_zero_chain6,chain6_hole_4,894,31332,0.0009765625
haxs.stage5c2gR32.g1-quadrature.v1,c0ffa9154a58554596830f69a0f60a83,75ed8c22b47f5e179fa859cde37e4277,limit_hopping_zero_chain6,chain6_hole_4,895,31333,0.0009765625
haxs.stage5c2gR32.g1-quadrature.v1,c0ffa9154a58554596830f69a0f60a83,5654a04aa72b56039dbbce0ab034b929,limit_hopping_zero_chain6,chain6_hole_4,896,32000,0.0009765625
haxs.stage5c2gR32.g1-quadrature.v1,c0ffa9154a58554596830f69a0f60a83,5c99ba7363f456babf6e3074d790e361,limit_hopping_zero_chain6,chain6_hole_4,897,32001,0.0009765625
haxs.stage5c2gR32.g1-quadrature.v1,c0ffa9154a58554596830f69a0f60a83,e42f306456fe558fa7ceefe3bdd06624,limit_hopping_zero_chain6,chain6_hole_4,898,32002,0.0009765625
haxs.stage5c2gR32.g1-quadrature.v1,c0ffa9154a58554596830f69a0f60a83,1b61f1cf2bcd5be88da244a619715ddf,limit_hopping_zero_chain6,chain6_hole_4,899,32003,0.0009765625
haxs.stage5c2gR32.g1-quadrature.v1,c0ffa9154a58554596830f69a0f60a83,48278995ed2d57e98b2064860e0e1b93,limit_hopping_zero_chain6,chain6_hole_4,900,32010,0.0009765625
haxs.stage5c2gR32.g1-quadrature.v1,c0ffa9154a58554596830f69a0f60a83,28045f7c45355cdda8f4eba407d5351d,limit_hopping_zero_chain6,chain6_hole_4,901,32011,0.0009765625
haxs.stage5c2gR32.g1-quadrature.v1,c0ffa9154a58554596830f69a0f60a83,788d9f98569053f09c2838a7eae5a58a,limit_hopping_zero_chain6,chain6_hole_4,902,32012,0.0009765625
haxs.stage5c2gR32.g1-quadrature.v1,c0ffa9154a58554596830f69a0f60a83,94c397a0517a5ecb9ef09f23a86b6225,limit_hopping_zero_chain6,chain6_hole_4,903,32013,0.0009765625
haxs.stage5c2gR32.g1-quadrature.v1,c0ffa9154a58554596830f69a0f60a83,a90d2f10daac5c9fbd4d420bb3824698,limit_hopping_zero_chain6,chain6_hole_4,904,32020,0.0009765625
haxs.stage5c2gR32.g1-quadrature.v1,c0ffa9154a58554596830f69a0f60a83,eea51da0edda5276a69e431b4ce5eb7e,limit_hopping_zero_chain6,chain6_hole_4,905,32021,0.0009765625
haxs.stage5c2gR32.g1-quadrature.v1,c0ffa9154a58554596830f69a0f60a83,a6b628e1915458288296c672fc77a6c1,limit_hopping_zero_chain6,chain6_hole_4,906,32022,0.0009765625
haxs.stage5c2gR32.g1-quadrature.v1,c0ffa9154a58554596830f69a0f60a83,7f2c1b639bf25dd785b5b88337e3d051,limit_hopping_zero_chain6,chain6_hole_4,907,32023,0.0009765625
haxs.stage5c2gR32.g1-quadrature.v1,c0ffa9154a58554596830f69a0f60a83,aa4bbab0b12158a9b3c50f2f25440f97,limit_hopping_zero_chain6,chain6_hole_4,908,32030,0.0009765625
haxs.stage5c2gR32.g1-quadrature.v1,c0ffa9154a58554596830f69a0f60a83,62b1b028cb5d5e82b995c92473209ef1,limit_hopping_zero_chain6,chain6_hole_4,909,32031,0.0009765625
haxs.stage5c2gR32.g1-quadrature.v1,c0ffa9154a58554596830f69a0f60a83,7086ea6b2d1252b797f256310b2b5182,limit_hopping_zero_chain6,chain6_hole_4,910,32032,0.0009765625
haxs.stage5c2gR32.g1-quadrature.v1,c0ffa9154a58554596830f69a0f60a83,8aaf28cde80957e18eefe39ed43ab413,limit_hopping_zero_chain6,chain6_hole_4,911,32033,0.0009765625
haxs.stage5c2gR32.g1-quadrature.v1,c0ffa9154a58554596830f69a0f60a83,9bf345b6cf1857859b9c254fafdc5329,limit_hopping_zero_chain6,chain6_hole_4,912,32100,0.0009765625
haxs.stage5c2gR32.g1-quadrature.v1,c0ffa9154a58554596830f69a0f60a83,bb86b451217b52aa9b22da4009abffb6,limit_hopping_zero_chain6,chain6_hole_4,913,32101,0.0009765625
haxs.stage5c2gR32.g1-quadrature.v1,c0ffa9154a58554596830f69a0f60a83,ef5feed2045d5dd286d79877fb6b4c74,limit_hopping_zero_chain6,chain6_hole_4,914,32102,0.0009765625
haxs.stage5c2gR32.g1-quadrature.v1,c0ffa9154a58554596830f69a0f60a83,aebd9bfa89055d459634042bde67f2ad,limit_hopping_zero_chain6,chain6_hole_4,915,32103,0.0009765625
haxs.stage5c2gR32.g1-quadrature.v1,c0ffa9154a58554596830f69a0f60a83,65b110528d7d51f6990cc3409e951ef1,limit_hopping_zero_chain6,chain6_hole_4,916,32110,0.0009765625
haxs.stage5c2gR32.g1-quadrature.v1,c0ffa9154a58554596830f69a0f60a83,51c8d3f42da05b9d8b5d823c0a4725e4,limit_hopping_zero_chain6,chain6_hole_4,917,32111,0.0009765625
haxs.stage5c2gR32.g1-quadrature.v1,c0ffa9154a58554596830f69a0f60a83,baca73bdd10d5c6cae79a977993cd6cd,limit_hopping_zero_chain6,chain6_hole_4,918,32112,0.0009765625
haxs.stage5c2gR32.g1-quadrature.v1,c0ffa9154a58554596830f69a0f60a83,01edd1a3ee125a0aa756acd29a9b6e11,limit_hopping_zero_chain6,chain6_hole_4,919,32113,0.0009765625
haxs.stage5c2gR32.g1-quadrature.v1,c0ffa9154a58554596830f69a0f60a83,043e3003fa1352b080f5db49718e6bdd,limit_hopping_zero_chain6,chain6_hole_4,920,32120,0.0009765625
haxs.stage5c2gR32.g1-quadrature.v1,c0ffa9154a58554596830f69a0f60a83,0fde91e0bf845ba7a7a4de3f3636e931,limit_hopping_zero_chain6,chain6_hole_4,921,32121,0.0009765625
haxs.stage5c2gR32.g1-quadrature.v1,c0ffa9154a58554596830f69a0f60a83,b6d417c1d549564c9efd546af00aaaa6,limit_hopping_zero_chain6,chain6_hole_4,922,32122,0.0009765625
haxs.stage5c2gR32.g1-quadrature.v1,c0ffa9154a58554596830f69a0f60a83,4470e03cd4645549bf6bb2928de93c7d,limit_hopping_zero_chain6,chain6_hole_4,923,32123,0.0009765625
haxs.stage5c2gR32.g1-quadrature.v1,c0ffa9154a58554596830f69a0f60a83,85da9f9cc3975953a5ee2bdf5bccb132,limit_hopping_zero_chain6,chain6_hole_4,924,32130,0.0009765625
haxs.stage5c2gR32.g1-quadrature.v1,c0ffa9154a58554596830f69a0f60a83,76aea6b32b695d568594e50243d55a98,limit_hopping_zero_chain6,chain6_hole_4,925,32131,0.0009765625
haxs.stage5c2gR32.g1-quadrature.v1,c0ffa9154a58554596830f69a0f60a83,dfb5b40182e05e469c9acafb243dcd4f,limit_hopping_zero_chain6,chain6_hole_4,926,32132,0.0009765625
haxs.stage5c2gR32.g1-quadrature.v1,c0ffa9154a58554596830f69a0f60a83,15079d533a8857deaa3ac3739b6415f9,limit_hopping_zero_chain6,chain6_hole_4,927,32133,0.0009765625
haxs.stage5c2gR32.g1-quadrature.v1,c0ffa9154a58554596830f69a0f60a83,0c3061b60a6b5646b306596ced1364cd,limit_hopping_zero_chain6,chain6_hole_4,928,32200,0.0009765625
haxs.stage5c2gR32.g1-quadrature.v1,c0ffa9154a58554596830f69a0f60a83,fa7e935ea2585ea2b3311645b7c768a3,limit_hopping_zero_chain6,chain6_hole_4,929,32201,0.0009765625
haxs.stage5c2gR32.g1-quadrature.v1,c0ffa9154a58554596830f69a0f60a83,2c519a168e8e50efaf29372c2b14e77d,limit_hopping_zero_chain6,chain6_hole_4,930,32202,0.0009765625
haxs.stage5c2gR32.g1-quadrature.v1,c0ffa9154a58554596830f69a0f60a83,45364ff8dd3b5ed48d0cb60b56edbeac,limit_hopping_zero_chain6,chain6_hole_4,931,32203,0.0009765625
haxs.stage5c2gR32.g1-quadrature.v1,c0ffa9154a58554596830f69a0f60a83,48571384e8225ef09c9d50e3515757b7,limit_hopping_zero_chain6,chain6_hole_4,932,32210,0.0009765625
haxs.stage5c2gR32.g1-quadrature.v1,c0ffa9154a58554596830f69a0f60a83,83e5a6af227a5b0380d5dcd4ab434ab6,limit_hopping_zero_chain6,chain6_hole_4,933,32211,0.0009765625
haxs.stage5c2gR32.g1-quadrature.v1,c0ffa9154a58554596830f69a0f60a83,dde9c996a28c56b5acff05c57fc5594b,limit_hopping_zero_chain6,chain6_hole_4,934,32212,0.0009765625
haxs.stage5c2gR32.g1-quadrature.v1,c0ffa9154a58554596830f69a0f60a83,64bc5f2bc8d45979922f54d4bf748da2,limit_hopping_zero_chain6,chain6_hole_4,935,32213,0.0009765625
haxs.stage5c2gR32.g1-quadrature.v1,c0ffa9154a58554596830f69a0f60a83,a572315934e4550dbf82302e7b6fb368,limit_hopping_zero_chain6,chain6_hole_4,936,32220,0.0009765625
haxs.stage5c2gR32.g1-quadrature.v1,c0ffa9154a58554596830f69a0f60a83,fd6d31d700b751a1bf4dd5a5ffecca0f,limit_hopping_zero_chain6,chain6_hole_4,937,32221,0.0009765625
haxs.stage5c2gR32.g1-quadrature.v1,c0ffa9154a58554596830f69a0f60a83,81fb1959849c5ea6a647bccf9080c704,limit_hopping_zero_chain6,chain6_hole_4,938,32222,0.0009765625
haxs.stage5c2gR32.g1-quadrature.v1,c0ffa9154a58554596830f69a0f60a83,9efb4e04cd135410843496d4c135a255,limit_hopping_zero_chain6,chain6_hole_4,939,32223,0.0009765625
haxs.stage5c2gR32.g1-quadrature.v1,c0ffa9154a58554596830f69a0f60a83,aa75b4ae3d80517784ef4a0b379f5de3,limit_hopping_zero_chain6,chain6_hole_4,940,32230,0.0009765625
haxs.stage5c2gR32.g1-quadrature.v1,c0ffa9154a58554596830f69a0f60a83,5961f045ae9a5791b0b5c10833a0dff9,limit_hopping_zero_chain6,chain6_hole_4,941,32231,0.0009765625
haxs.stage5c2gR32.g1-quadrature.v1,c0ffa9154a58554596830f69a0f60a83,e5af8eb98bb3571387dd2b35e39422c5,limit_hopping_zero_chain6,chain6_hole_4,942,32232,0.0009765625
haxs.stage5c2gR32.g1-quadrature.v1,c0ffa9154a58554596830f69a0f60a83,80d18b688c6b5bd491e596e3974a8606,limit_hopping_zero_chain6,chain6_hole_4,943,32233,0.0009765625
haxs.stage5c2gR32.g1-quadrature.v1,c0ffa9154a58554596830f69a0f60a83,02ca9c29f57d507dbe999623cb6ca798,limit_hopping_zero_chain6,chain6_hole_4,944,32300,0.0009765625
haxs.stage5c2gR32.g1-quadrature.v1,c0ffa9154a58554596830f69a0f60a83,394f9796995d5e859e73df7f0bade452,limit_hopping_zero_chain6,chain6_hole_4,945,32301,0.0009765625
haxs.stage5c2gR32.g1-quadrature.v1,c0ffa9154a58554596830f69a0f60a83,f8e5cad3f3e95f8b85e15c53a94deb76,limit_hopping_zero_chain6,chain6_hole_4,946,32302,0.0009765625
haxs.stage5c2gR32.g1-quadrature.v1,c0ffa9154a58554596830f69a0f60a83,b50ab4d3569c535092bfcb373484748e,limit_hopping_zero_chain6,chain6_hole_4,947,32303,0.0009765625
haxs.stage5c2gR32.g1-quadrature.v1,c0ffa9154a58554596830f69a0f60a83,282b5b2bc25e57449b3fe6d71699f994,limit_hopping_zero_chain6,chain6_hole_4,948,32310,0.0009765625
haxs.stage5c2gR32.g1-quadrature.v1,c0ffa9154a58554596830f69a0f60a83,ad990911677558b6939bc60772f7a4d5,limit_hopping_zero_chain6,chain6_hole_4,949,32311,0.0009765625
haxs.stage5c2gR32.g1-quadrature.v1,c0ffa9154a58554596830f69a0f60a83,d78b5859f9a85711a80c4939f3b82a83,limit_hopping_zero_chain6,chain6_hole_4,950,32312,0.0009765625
haxs.stage5c2gR32.g1-quadrature.v1,c0ffa9154a58554596830f69a0f60a83,3b35de65e39659cea97fa8a5afe0139f,limit_hopping_zero_chain6,chain6_hole_4,951,32313,0.0009765625
haxs.stage5c2gR32.g1-quadrature.v1,c0ffa9154a58554596830f69a0f60a83,c55b7a55033f5aacb9a54b9ddcd7e689,limit_hopping_zero_chain6,chain6_hole_4,952,32320,0.0009765625
haxs.stage5c2gR32.g1-quadrature.v1,c0ffa9154a58554596830f69a0f60a83,a69120b8ea605f978f033c66a4955319,limit_hopping_zero_chain6,chain6_hole_4,953,32321,0.0009765625
haxs.stage5c2gR32.g1-quadrature.v1,c0ffa9154a58554596830f69a0f60a83,0983b5f847ec5e578326567cbe5837e3,limit_hopping_zero_chain6,chain6_hole_4,954,32322,0.0009765625
haxs.stage5c2gR32.g1-quadrature.v1,c0ffa9154a58554596830f69a0f60a83,823677a4a87e58b894caffc2f3f55c6c,limit_hopping_zero_chain6,chain6_hole_4,955,32323,0.0009765625
haxs.stage5c2gR32.g1-quadrature.v1,c0ffa9154a58554596830f69a0f60a83,eef482a80d1b526ba33eac3c68abb720,limit_hopping_zero_chain6,chain6_hole_4,956,32330,0.0009765625
haxs.stage5c2gR32.g1-quadrature.v1,c0ffa9154a58554596830f69a0f60a83,5978add7253455878b0b4e11508752b3,limit_hopping_zero_chain6,chain6_hole_4,957,32331,0.0009765625
haxs.stage5c2gR32.g1-quadrature.v1,c0ffa9154a58554596830f69a0f60a83,df72f4cc8506581e9a341911a710a0db,limit_hopping_zero_chain6,chain6_hole_4,958,32332,0.0009765625
haxs.stage5c2gR32.g1-quadrature.v1,c0ffa9154a58554596830f69a0f60a83,e08dfef81628535b8af04f9ba894ac33,limit_hopping_zero_chain6,chain6_hole_4,959,32333,0.0009765625
haxs.stage5c2gR32.g1-quadrature.v1,c0ffa9154a58554596830f69a0f60a83,3b3a3e84230e585f919c43ac338e031e,limit_hopping_zero_chain6,chain6_hole_4,960,33000,0.0009765625
haxs.stage5c2gR32.g1-quadrature.v1,c0ffa9154a58554596830f69a0f60a83,cf683373687d55d38444e2ed36120a5a,limit_hopping_zero_chain6,chain6_hole_4,961,33001,0.0009765625
haxs.stage5c2gR32.g1-quadrature.v1,c0ffa9154a58554596830f69a0f60a83,93d232e036cd51d1a38296103444ace8,limit_hopping_zero_chain6,chain6_hole_4,962,33002,0.0009765625
haxs.stage5c2gR32.g1-quadrature.v1,c0ffa9154a58554596830f69a0f60a83,959aa909e20b58869a9ad93aba3dc918,limit_hopping_zero_chain6,chain6_hole_4,963,33003,0.0009765625
haxs.stage5c2gR32.g1-quadrature.v1,c0ffa9154a58554596830f69a0f60a83,c3e76258534455f58ac787f4db520ca2,limit_hopping_zero_chain6,chain6_hole_4,964,33010,0.0009765625
haxs.stage5c2gR32.g1-quadrature.v1,c0ffa9154a58554596830f69a0f60a83,e29294a04b365f83a1c1eba0087286b6,limit_hopping_zero_chain6,chain6_hole_4,965,33011,0.0009765625
haxs.stage5c2gR32.g1-quadrature.v1,c0ffa9154a58554596830f69a0f60a83,f0db1634efce55ff9dd5f9441ca476c3,limit_hopping_zero_chain6,chain6_hole_4,966,33012,0.0009765625
haxs.stage5c2gR32.g1-quadrature.v1,c0ffa9154a58554596830f69a0f60a83,a8dba46dca235d068f7f6e4f0bbcadaa,limit_hopping_zero_chain6,chain6_hole_4,967,33013,0.0009765625
haxs.stage5c2gR32.g1-quadrature.v1,c0ffa9154a58554596830f69a0f60a83,c0c196e35534597d9ca1e2b60b7c1ca1,limit_hopping_zero_chain6,chain6_hole_4,968,33020,0.0009765625
haxs.stage5c2gR32.g1-quadrature.v1,c0ffa9154a58554596830f69a0f60a83,d76a263c90da5bc586ed052e30336e15,limit_hopping_zero_chain6,chain6_hole_4,969,33021,0.0009765625
haxs.stage5c2gR32.g1-quadrature.v1,c0ffa9154a58554596830f69a0f60a83,47d18a18f16a53b79e9cb02e06902fe7,limit_hopping_zero_chain6,chain6_hole_4,970,33022,0.0009765625
haxs.stage5c2gR32.g1-quadrature.v1,c0ffa9154a58554596830f69a0f60a83,d03158c574e552089b95613ed59a4d96,limit_hopping_zero_chain6,chain6_hole_4,971,33023,0.0009765625
haxs.stage5c2gR32.g1-quadrature.v1,c0ffa9154a58554596830f69a0f60a83,e297f446d76452d795b560aec17e27f3,limit_hopping_zero_chain6,chain6_hole_4,972,33030,0.0009765625
haxs.stage5c2gR32.g1-quadrature.v1,c0ffa9154a58554596830f69a0f60a83,9ea9c3ac8a465e2cb50ab3663ba1029f,limit_hopping_zero_chain6,chain6_hole_4,973,33031,0.0009765625
haxs.stage5c2gR32.g1-quadrature.v1,c0ffa9154a58554596830f69a0f60a83,798917bc535d5e39a93722624479cf18,limit_hopping_zero_chain6,chain6_hole_4,974,33032,0.0009765625
haxs.stage5c2gR32.g1-quadrature.v1,c0ffa9154a58554596830f69a0f60a83,9aa5be31b2d655a29f3e221feed4a808,limit_hopping_zero_chain6,chain6_hole_4,975,33033,0.0009765625
haxs.stage5c2gR32.g1-quadrature.v1,c0ffa9154a58554596830f69a0f60a83,2c615ec673b45ecb97cd41c6bad98473,limit_hopping_zero_chain6,chain6_hole_4,976,33100,0.0009765625
haxs.stage5c2gR32.g1-quadrature.v1,c0ffa9154a58554596830f69a0f60a83,74235f29fdf75df884a71395cdb545f5,limit_hopping_zero_chain6,chain6_hole_4,977,33101,0.0009765625
haxs.stage5c2gR32.g1-quadrature.v1,c0ffa9154a58554596830f69a0f60a83,1f411a3d523c5678b29ae4081c979291,limit_hopping_zero_chain6,chain6_hole_4,978,33102,0.0009765625
haxs.stage5c2gR32.g1-quadrature.v1,c0ffa9154a58554596830f69a0f60a83,8b5ce4bef2695baab81913b463286f1a,limit_hopping_zero_chain6,chain6_hole_4,979,33103,0.0009765625
haxs.stage5c2gR32.g1-quadrature.v1,c0ffa9154a58554596830f69a0f60a83,baf4b0dcde0a5660af36d0e887f6ce94,limit_hopping_zero_chain6,chain6_hole_4,980,33110,0.0009765625
haxs.stage5c2gR32.g1-quadrature.v1,c0ffa9154a58554596830f69a0f60a83,31e4a8cfb7d15efc895a121c52c0f368,limit_hopping_zero_chain6,chain6_hole_4,981,33111,0.0009765625
haxs.stage5c2gR32.g1-quadrature.v1,c0ffa9154a58554596830f69a0f60a83,2f393529175752a986c404fb82b90110,limit_hopping_zero_chain6,chain6_hole_4,982,33112,0.0009765625
haxs.stage5c2gR32.g1-quadrature.v1,c0ffa9154a58554596830f69a0f60a83,069afb0991ce5a0d834d009480b947cd,limit_hopping_zero_chain6,chain6_hole_4,983,33113,0.0009765625
haxs.stage5c2gR32.g1-quadrature.v1,c0ffa9154a58554596830f69a0f60a83,a8c8d29c86715ab7941fb958684d2c41,limit_hopping_zero_chain6,chain6_hole_4,984,33120,0.0009765625
haxs.stage5c2gR32.g1-quadrature.v1,c0ffa9154a58554596830f69a0f60a83,62e06859335653b09001cc012bbfd5a0,limit_hopping_zero_chain6,chain6_hole_4,985,33121,0.0009765625
haxs.stage5c2gR32.g1-quadrature.v1,c0ffa9154a58554596830f69a0f60a83,2f05f57fca975d7ca1e3cb460a53218f,limit_hopping_zero_chain6,chain6_hole_4,986,33122,0.0009765625
haxs.stage5c2gR32.g1-quadrature.v1,c0ffa9154a58554596830f69a0f60a83,085f2012c89d5732b5a2b7874b340b98,limit_hopping_zero_chain6,chain6_hole_4,987,33123,0.0009765625
haxs.stage5c2gR32.g1-quadrature.v1,c0ffa9154a58554596830f69a0f60a83,121285f5a43d54e69772b4a916bb0d92,limit_hopping_zero_chain6,chain6_hole_4,988,33130,0.0009765625
haxs.stage5c2gR32.g1-quadrature.v1,c0ffa9154a58554596830f69a0f60a83,da136e876a2753d598a59f71592e1e4a,limit_hopping_zero_chain6,chain6_hole_4,989,33131,0.0009765625
haxs.stage5c2gR32.g1-quadrature.v1,c0ffa9154a58554596830f69a0f60a83,76585dbc43dc5080adc9a7709022bfce,limit_hopping_zero_chain6,chain6_hole_4,990,33132,0.0009765625
haxs.stage5c2gR32.g1-quadrature.v1,c0ffa9154a58554596830f69a0f60a83,13f01adc4c645db78f69121317290336,limit_hopping_zero_chain6,chain6_hole_4,991,33133,0.0009765625
haxs.stage5c2gR32.g1-quadrature.v1,c0ffa9154a58554596830f69a0f60a83,92198a3dc14b5bb98e419667bbf3be5b,limit_hopping_zero_chain6,chain6_hole_4,992,33200,0.0009765625
haxs.stage5c2gR32.g1-quadrature.v1,c0ffa9154a58554596830f69a0f60a83,2a6c3fc472045ea7a6932858545d8eeb,limit_hopping_zero_chain6,chain6_hole_4,993,33201,0.0009765625
haxs.stage5c2gR32.g1-quadrature.v1,c0ffa9154a58554596830f69a0f60a83,d8235f9f3346533fa610bb53fb4dd241,limit_hopping_zero_chain6,chain6_hole_4,994,33202,0.0009765625
haxs.stage5c2gR32.g1-quadrature.v1,c0ffa9154a58554596830f69a0f60a83,add8868e092153068d6a2d4560e4059d,limit_hopping_zero_chain6,chain6_hole_4,995,33203,0.0009765625
haxs.stage5c2gR32.g1-quadrature.v1,c0ffa9154a58554596830f69a0f60a83,6fb9c02c9eb6593091cc53ed8f730824,limit_hopping_zero_chain6,chain6_hole_4,996,33210,0.0009765625
haxs.stage5c2gR32.g1-quadrature.v1,c0ffa9154a58554596830f69a0f60a83,b7db75a14721583c8871cde6b9781743,limit_hopping_zero_chain6,chain6_hole_4,997,33211,0.0009765625
haxs.stage5c2gR32.g1-quadrature.v1,c0ffa9154a58554596830f69a0f60a83,c0dd25b5ab205efd8f4040856315a860,limit_hopping_zero_chain6,chain6_hole_4,998,33212,0.0009765625
haxs.stage5c2gR32.g1-quadrature.v1,c0ffa9154a58554596830f69a0f60a83,6bef47e39e6b5dcc85b1b09173c9cf45,limit_hopping_zero_chain6,chain6_hole_4,999,33213,0.0009765625
haxs.stage5c2gR32.g1-quadrature.v1,c0ffa9154a58554596830f69a0f60a83,b570041df0bf5148bcc62d9528b2a066,limit_hopping_zero_chain6,chain6_hole_4,1000,33220,0.0009765625
haxs.stage5c2gR32.g1-quadrature.v1,c0ffa9154a58554596830f69a0f60a83,ae8773663fd95324b11d6b31ac5e425c,limit_hopping_zero_chain6,chain6_hole_4,1001,33221,0.0009765625
haxs.stage5c2gR32.g1-quadrature.v1,c0ffa9154a58554596830f69a0f60a83,60e1b4bda3fa5034a4c138c115e293dd,limit_hopping_zero_chain6,chain6_hole_4,1002,33222,0.0009765625
haxs.stage5c2gR32.g1-quadrature.v1,c0ffa9154a58554596830f69a0f60a83,9f645fd5c877502594186a3766097782,limit_hopping_zero_chain6,chain6_hole_4,1003,33223,0.0009765625
haxs.stage5c2gR32.g1-quadrature.v1,c0ffa9154a58554596830f69a0f60a83,df3e658fb85257729153646255d61654,limit_hopping_zero_chain6,chain6_hole_4,1004,33230,0.0009765625
haxs.stage5c2gR32.g1-quadrature.v1,c0ffa9154a58554596830f69a0f60a83,1449d8d88c1e59709d3b0452c0826557,limit_hopping_zero_chain6,chain6_hole_4,1005,33231,0.0009765625
haxs.stage5c2gR32.g1-quadrature.v1,c0ffa9154a58554596830f69a0f60a83,f9b97c7fdaf55cf08390ded1ff2e1e83,limit_hopping_zero_chain6,chain6_hole_4,1006,33232,0.0009765625
haxs.stage5c2gR32.g1-quadrature.v1,c0ffa9154a58554596830f69a0f60a83,e8bae864fe495ac6a95667480396bccb,limit_hopping_zero_chain6,chain6_hole_4,1007,33233,0.0009765625
haxs.stage5c2gR32.g1-quadrature.v1,c0ffa9154a58554596830f69a0f60a83,5dfa0f85da405a819e599282e75b4594,limit_hopping_zero_chain6,chain6_hole_4,1008,33300,0.0009765625
haxs.stage5c2gR32.g1-quadrature.v1,c0ffa9154a58554596830f69a0f60a83,dfdd958c22125ad8849a813d4e4dc394,limit_hopping_zero_chain6,chain6_hole_4,1009,33301,0.0009765625
haxs.stage5c2gR32.g1-quadrature.v1,c0ffa9154a58554596830f69a0f60a83,f8d1de8fcb4a5a6ba539d06ce9efe7f0,limit_hopping_zero_chain6,chain6_hole_4,1010,33302,0.0009765625
haxs.stage5c2gR32.g1-quadrature.v1,c0ffa9154a58554596830f69a0f60a83,11f822b613015790bf8e742dd740d2c9,limit_hopping_zero_chain6,chain6_hole_4,1011,33303,0.0009765625
haxs.stage5c2gR32.g1-quadrature.v1,c0ffa9154a58554596830f69a0f60a83,25101eef305251289c687cb147234b7f,limit_hopping_zero_chain6,chain6_hole_4,1012,33310,0.0009765625
haxs.stage5c2gR32.g1-quadrature.v1,c0ffa9154a58554596830f69a0f60a83,ef04462ef1dc53d4b4522e59771222bd,limit_hopping_zero_chain6,chain6_hole_4,1013,33311,0.0009765625
haxs.stage5c2gR32.g1-quadrature.v1,c0ffa9154a58554596830f69a0f60a83,1eae84aea96b56dbb5234622f0eb14a2,limit_hopping_zero_chain6,chain6_hole_4,1014,33312,0.0009765625
haxs.stage5c2gR32.g1-quadrature.v1,c0ffa9154a58554596830f69a0f60a83,5aa63d806fe15882876e29c6fdf2834a,limit_hopping_zero_chain6,chain6_hole_4,1015,33313,0.0009765625
haxs.stage5c2gR32.g1-quadrature.v1,c0ffa9154a58554596830f69a0f60a83,55ecfcdb6db55ea7be988a79b1b901fd,limit_hopping_zero_chain6,chain6_hole_4,1016,33320,0.0009765625
haxs.stage5c2gR32.g1-quadrature.v1,c0ffa9154a58554596830f69a0f60a83,231d38cd41f85c52ae7105845c891aeb,limit_hopping_zero_chain6,chain6_hole_4,1017,33321,0.0009765625
haxs.stage5c2gR32.g1-quadrature.v1,c0ffa9154a58554596830f69a0f60a83,67b3032388135f0399c8220c02706237,limit_hopping_zero_chain6,chain6_hole_4,1018,33322,0.0009765625
haxs.stage5c2gR32.g1-quadrature.v1,c0ffa9154a58554596830f69a0f60a83,ca3b6438995d5b7288c598df36eef6c8,limit_hopping_zero_chain6,chain6_hole_4,1019,33323,0.0009765625
haxs.stage5c2gR32.g1-quadrature.v1,c0ffa9154a58554596830f69a0f60a83,7db70db6ffef5d008d48270f1313844d,limit_hopping_zero_chain6,chain6_hole_4,1020,33330,0.0009765625
haxs.stage5c2gR32.g1-quadrature.v1,c0ffa9154a58554596830f69a0f60a83,f69418daeb305485af40a7e5b6550f9b,limit_hopping_zero_chain6,chain6_hole_4,1021,33331,0.0009765625
haxs.stage5c2gR32.g1-quadrature.v1,c0ffa9154a58554596830f69a0f60a83,fb0e6dd3891554fd951debf1f3d116d7,limit_hopping_zero_chain6,chain6_hole_4,1022,33332,0.0009765625
haxs.stage5c2gR32.g1-quadrature.v1,c0ffa9154a58554596830f69a0f60a83,4d270a5c81645d29a68107e57e68676e,limit_hopping_zero_chain6,chain6_hole_4,1023,33333,0.0009765625
haxs.stage5c2gR32.g1-quadrature.v1,db1740ac0ad95dc9b7cd3bf474aaf42c,0f720d7ae35c50c4a5b995924b9ecebc,limit_spin_density_zero_rect2x3,rect2x3_hole_2,0,00000,0.0009765625
haxs.stage5c2gR32.g1-quadrature.v1,db1740ac0ad95dc9b7cd3bf474aaf42c,24e158a7ee7b565081c69ee55ee23a3e,limit_spin_density_zero_rect2x3,rect2x3_hole_2,1,00001,0.0009765625
haxs.stage5c2gR32.g1-quadrature.v1,db1740ac0ad95dc9b7cd3bf474aaf42c,2fd3316c38bf5003ac74cfbc88f1c599,limit_spin_density_zero_rect2x3,rect2x3_hole_2,2,00002,0.0009765625
haxs.stage5c2gR32.g1-quadrature.v1,db1740ac0ad95dc9b7cd3bf474aaf42c,48bf4dc3087d552aa862beec8fd22d09,limit_spin_density_zero_rect2x3,rect2x3_hole_2,3,00003,0.0009765625
haxs.stage5c2gR32.g1-quadrature.v1,db1740ac0ad95dc9b7cd3bf474aaf42c,f9808cec73665967a20ac54c771cbc53,limit_spin_density_zero_rect2x3,rect2x3_hole_2,4,00010,0.0009765625
haxs.stage5c2gR32.g1-quadrature.v1,db1740ac0ad95dc9b7cd3bf474aaf42c,a05991047c5050a1a0606797044b629c,limit_spin_density_zero_rect2x3,rect2x3_hole_2,5,00011,0.0009765625
haxs.stage5c2gR32.g1-quadrature.v1,db1740ac0ad95dc9b7cd3bf474aaf42c,9141be9ce92057e68d08023ddb76538a,limit_spin_density_zero_rect2x3,rect2x3_hole_2,6,00012,0.0009765625
haxs.stage5c2gR32.g1-quadrature.v1,db1740ac0ad95dc9b7cd3bf474aaf42c,da71cffab7af5ed28e3e0d0e0c785dd5,limit_spin_density_zero_rect2x3,rect2x3_hole_2,7,00013,0.0009765625
haxs.stage5c2gR32.g1-quadrature.v1,db1740ac0ad95dc9b7cd3bf474aaf42c,3d794ca824685e2faf0424bb77d83673,limit_spin_density_zero_rect2x3,rect2x3_hole_2,8,00020,0.0009765625
haxs.stage5c2gR32.g1-quadrature.v1,db1740ac0ad95dc9b7cd3bf474aaf42c,e89b64341fc8507c80149d765d537a81,limit_spin_density_zero_rect2x3,rect2x3_hole_2,9,00021,0.0009765625
haxs.stage5c2gR32.g1-quadrature.v1,db1740ac0ad95dc9b7cd3bf474aaf42c,c83561f794d25446817f71292a0d92c3,limit_spin_density_zero_rect2x3,rect2x3_hole_2,10,00022,0.0009765625
haxs.stage5c2gR32.g1-quadrature.v1,db1740ac0ad95dc9b7cd3bf474aaf42c,5d049e2c194354a885ed40011f03fa7e,limit_spin_density_zero_rect2x3,rect2x3_hole_2,11,00023,0.0009765625
haxs.stage5c2gR32.g1-quadrature.v1,db1740ac0ad95dc9b7cd3bf474aaf42c,9618bfc3f2af544ba69fc36268b84aac,limit_spin_density_zero_rect2x3,rect2x3_hole_2,12,00030,0.0009765625
haxs.stage5c2gR32.g1-quadrature.v1,db1740ac0ad95dc9b7cd3bf474aaf42c,7655b923059f5e62ba38008a7cdf21d8,limit_spin_density_zero_rect2x3,rect2x3_hole_2,13,00031,0.0009765625
haxs.stage5c2gR32.g1-quadrature.v1,db1740ac0ad95dc9b7cd3bf474aaf42c,3428fde00eb9534c825f075b77d9824b,limit_spin_density_zero_rect2x3,rect2x3_hole_2,14,00032,0.0009765625
haxs.stage5c2gR32.g1-quadrature.v1,db1740ac0ad95dc9b7cd3bf474aaf42c,c360eed44a6e528590a5a3544286f336,limit_spin_density_zero_rect2x3,rect2x3_hole_2,15,00033,0.0009765625
haxs.stage5c2gR32.g1-quadrature.v1,db1740ac0ad95dc9b7cd3bf474aaf42c,5a00dd8362ac591ab6f732d61e53955f,limit_spin_density_zero_rect2x3,rect2x3_hole_2,16,00100,0.0009765625
haxs.stage5c2gR32.g1-quadrature.v1,db1740ac0ad95dc9b7cd3bf474aaf42c,2a9fde85175852139e98e31163f6d80c,limit_spin_density_zero_rect2x3,rect2x3_hole_2,17,00101,0.0009765625
haxs.stage5c2gR32.g1-quadrature.v1,db1740ac0ad95dc9b7cd3bf474aaf42c,7072e4d3d09a5edab369564bf6e95f23,limit_spin_density_zero_rect2x3,rect2x3_hole_2,18,00102,0.0009765625
haxs.stage5c2gR32.g1-quadrature.v1,db1740ac0ad95dc9b7cd3bf474aaf42c,a090980fd2fa5d3daedce042203a1bb5,limit_spin_density_zero_rect2x3,rect2x3_hole_2,19,00103,0.0009765625
haxs.stage5c2gR32.g1-quadrature.v1,db1740ac0ad95dc9b7cd3bf474aaf42c,789beaa7d0be5cc285ccfeaa219962ae,limit_spin_density_zero_rect2x3,rect2x3_hole_2,20,00110,0.0009765625
haxs.stage5c2gR32.g1-quadrature.v1,db1740ac0ad95dc9b7cd3bf474aaf42c,0635f298327a50f296bae6245dd842fe,limit_spin_density_zero_rect2x3,rect2x3_hole_2,21,00111,0.0009765625
haxs.stage5c2gR32.g1-quadrature.v1,db1740ac0ad95dc9b7cd3bf474aaf42c,b1f4732a75bc5196b085a02b15b871ac,limit_spin_density_zero_rect2x3,rect2x3_hole_2,22,00112,0.0009765625
haxs.stage5c2gR32.g1-quadrature.v1,db1740ac0ad95dc9b7cd3bf474aaf42c,bcb07ad33c06571683952aa9c23128be,limit_spin_density_zero_rect2x3,rect2x3_hole_2,23,00113,0.0009765625
haxs.stage5c2gR32.g1-quadrature.v1,db1740ac0ad95dc9b7cd3bf474aaf42c,5f3bfc736492528ca5782d3332505cef,limit_spin_density_zero_rect2x3,rect2x3_hole_2,24,00120,0.0009765625
haxs.stage5c2gR32.g1-quadrature.v1,db1740ac0ad95dc9b7cd3bf474aaf42c,3c000bbaed8d5766aa99249540a8d2f6,limit_spin_density_zero_rect2x3,rect2x3_hole_2,25,00121,0.0009765625
haxs.stage5c2gR32.g1-quadrature.v1,db1740ac0ad95dc9b7cd3bf474aaf42c,0156caffc01858e5b0481e6eacb8eddc,limit_spin_density_zero_rect2x3,rect2x3_hole_2,26,00122,0.0009765625
haxs.stage5c2gR32.g1-quadrature.v1,db1740ac0ad95dc9b7cd3bf474aaf42c,b83ca3a292d75bfa87b919f885ced9c9,limit_spin_density_zero_rect2x3,rect2x3_hole_2,27,00123,0.0009765625
haxs.stage5c2gR32.g1-quadrature.v1,db1740ac0ad95dc9b7cd3bf474aaf42c,4ef628d0115b5041bb4fb44c8cddb1f7,limit_spin_density_zero_rect2x3,rect2x3_hole_2,28,00130,0.0009765625
haxs.stage5c2gR32.g1-quadrature.v1,db1740ac0ad95dc9b7cd3bf474aaf42c,20ee5083c86c5aea8dc4064e643cdb29,limit_spin_density_zero_rect2x3,rect2x3_hole_2,29,00131,0.0009765625
haxs.stage5c2gR32.g1-quadrature.v1,db1740ac0ad95dc9b7cd3bf474aaf42c,8408490881005dd1b543ff9030c37e28,limit_spin_density_zero_rect2x3,rect2x3_hole_2,30,00132,0.0009765625
haxs.stage5c2gR32.g1-quadrature.v1,db1740ac0ad95dc9b7cd3bf474aaf42c,e341d352a3db5c22b084a63818de217a,limit_spin_density_zero_rect2x3,rect2x3_hole_2,31,00133,0.0009765625
haxs.stage5c2gR32.g1-quadrature.v1,db1740ac0ad95dc9b7cd3bf474aaf42c,ce901c8fbf1955929837ed0eefbfe7a5,limit_spin_density_zero_rect2x3,rect2x3_hole_2,32,00200,0.0009765625
haxs.stage5c2gR32.g1-quadrature.v1,db1740ac0ad95dc9b7cd3bf474aaf42c,0dea3b82cd455aeebaf7a668e4c48aa5,limit_spin_density_zero_rect2x3,rect2x3_hole_2,33,00201,0.0009765625
haxs.stage5c2gR32.g1-quadrature.v1,db1740ac0ad95dc9b7cd3bf474aaf42c,8da0c9956e235bf8b9ae2ecae3e24826,limit_spin_density_zero_rect2x3,rect2x3_hole_2,34,00202,0.0009765625
haxs.stage5c2gR32.g1-quadrature.v1,db1740ac0ad95dc9b7cd3bf474aaf42c,f58dd88111e45f8488a079d8d5a842c5,limit_spin_density_zero_rect2x3,rect2x3_hole_2,35,00203,0.0009765625
haxs.stage5c2gR32.g1-quadrature.v1,db1740ac0ad95dc9b7cd3bf474aaf42c,5214e0b8e60a513f94bc444930d1d84d,limit_spin_density_zero_rect2x3,rect2x3_hole_2,36,00210,0.0009765625
haxs.stage5c2gR32.g1-quadrature.v1,db1740ac0ad95dc9b7cd3bf474aaf42c,f083aad0593b5098af679d5a55d5932c,limit_spin_density_zero_rect2x3,rect2x3_hole_2,37,00211,0.0009765625
haxs.stage5c2gR32.g1-quadrature.v1,db1740ac0ad95dc9b7cd3bf474aaf42c,d454e1b421605ce98a0e755ef5e9ee2b,limit_spin_density_zero_rect2x3,rect2x3_hole_2,38,00212,0.0009765625
haxs.stage5c2gR32.g1-quadrature.v1,db1740ac0ad95dc9b7cd3bf474aaf42c,5c4843c92ac95e668a6f1c63743d8c4f,limit_spin_density_zero_rect2x3,rect2x3_hole_2,39,00213,0.0009765625
haxs.stage5c2gR32.g1-quadrature.v1,db1740ac0ad95dc9b7cd3bf474aaf42c,3a14ac8867a35443bd9e50a12223e6da,limit_spin_density_zero_rect2x3,rect2x3_hole_2,40,00220,0.0009765625
haxs.stage5c2gR32.g1-quadrature.v1,db1740ac0ad95dc9b7cd3bf474aaf42c,739089e3424c5f1fa949d85ba54d771f,limit_spin_density_zero_rect2x3,rect2x3_hole_2,41,00221,0.0009765625
haxs.stage5c2gR32.g1-quadrature.v1,db1740ac0ad95dc9b7cd3bf474aaf42c,f348b0a55ffa5c28a2fea82763b37eb4,limit_spin_density_zero_rect2x3,rect2x3_hole_2,42,00222,0.0009765625
haxs.stage5c2gR32.g1-quadrature.v1,db1740ac0ad95dc9b7cd3bf474aaf42c,30a55534899158858adbea4c0b4f7ada,limit_spin_density_zero_rect2x3,rect2x3_hole_2,43,00223,0.0009765625
haxs.stage5c2gR32.g1-quadrature.v1,db1740ac0ad95dc9b7cd3bf474aaf42c,2ce875eceba75d5b86857b7081a4b1bc,limit_spin_density_zero_rect2x3,rect2x3_hole_2,44,00230,0.0009765625
haxs.stage5c2gR32.g1-quadrature.v1,db1740ac0ad95dc9b7cd3bf474aaf42c,176f78e441195fcca48fc10c3c328174,limit_spin_density_zero_rect2x3,rect2x3_hole_2,45,00231,0.0009765625
haxs.stage5c2gR32.g1-quadrature.v1,db1740ac0ad95dc9b7cd3bf474aaf42c,310870e0e736519996c6c25d5de3e868,limit_spin_density_zero_rect2x3,rect2x3_hole_2,46,00232,0.0009765625
haxs.stage5c2gR32.g1-quadrature.v1,db1740ac0ad95dc9b7cd3bf474aaf42c,425a46e8aacc5d008c084c95e21a4a1d,limit_spin_density_zero_rect2x3,rect2x3_hole_2,47,00233,0.0009765625
haxs.stage5c2gR32.g1-quadrature.v1,db1740ac0ad95dc9b7cd3bf474aaf42c,e46ef96120a75a449fbc152664170853,limit_spin_density_zero_rect2x3,rect2x3_hole_2,48,00300,0.0009765625
haxs.stage5c2gR32.g1-quadrature.v1,db1740ac0ad95dc9b7cd3bf474aaf42c,f72886da51c1554883655b72ff6e2582,limit_spin_density_zero_rect2x3,rect2x3_hole_2,49,00301,0.0009765625
haxs.stage5c2gR32.g1-quadrature.v1,db1740ac0ad95dc9b7cd3bf474aaf42c,445263bb31775524b65fbb661ec6ea73,limit_spin_density_zero_rect2x3,rect2x3_hole_2,50,00302,0.0009765625
haxs.stage5c2gR32.g1-quadrature.v1,db1740ac0ad95dc9b7cd3bf474aaf42c,85c1dd2f9e0e5ce29bb70b4dc9b14b10,limit_spin_density_zero_rect2x3,rect2x3_hole_2,51,00303,0.0009765625
haxs.stage5c2gR32.g1-quadrature.v1,db1740ac0ad95dc9b7cd3bf474aaf42c,4cee7923cbf85b55b17ddd4a5dce7ebd,limit_spin_density_zero_rect2x3,rect2x3_hole_2,52,00310,0.0009765625
haxs.stage5c2gR32.g1-quadrature.v1,db1740ac0ad95dc9b7cd3bf474aaf42c,19303afb566f545fa2e74df5c4a2bafd,limit_spin_density_zero_rect2x3,rect2x3_hole_2,53,00311,0.0009765625
haxs.stage5c2gR32.g1-quadrature.v1,db1740ac0ad95dc9b7cd3bf474aaf42c,94875c977e55537389956f2dc2a9a6c2,limit_spin_density_zero_rect2x3,rect2x3_hole_2,54,00312,0.0009765625
haxs.stage5c2gR32.g1-quadrature.v1,db1740ac0ad95dc9b7cd3bf474aaf42c,69f5eb72e2d452fdab29875bcc4d9132,limit_spin_density_zero_rect2x3,rect2x3_hole_2,55,00313,0.0009765625
haxs.stage5c2gR32.g1-quadrature.v1,db1740ac0ad95dc9b7cd3bf474aaf42c,7d241a3f9ae35a959f665b9c502b0e71,limit_spin_density_zero_rect2x3,rect2x3_hole_2,56,00320,0.0009765625
haxs.stage5c2gR32.g1-quadrature.v1,db1740ac0ad95dc9b7cd3bf474aaf42c,bf799d800f6c544d98b3c14b9c498132,limit_spin_density_zero_rect2x3,rect2x3_hole_2,57,00321,0.0009765625
haxs.stage5c2gR32.g1-quadrature.v1,db1740ac0ad95dc9b7cd3bf474aaf42c,14907bae991b5416ab3040e2736f087b,limit_spin_density_zero_rect2x3,rect2x3_hole_2,58,00322,0.0009765625
haxs.stage5c2gR32.g1-quadrature.v1,db1740ac0ad95dc9b7cd3bf474aaf42c,043abacbd7e75862ba3b9e334d048b14,limit_spin_density_zero_rect2x3,rect2x3_hole_2,59,00323,0.0009765625
haxs.stage5c2gR32.g1-quadrature.v1,db1740ac0ad95dc9b7cd3bf474aaf42c,3d59d6508ff259bf816a2aa28843657e,limit_spin_density_zero_rect2x3,rect2x3_hole_2,60,00330,0.0009765625
haxs.stage5c2gR32.g1-quadrature.v1,db1740ac0ad95dc9b7cd3bf474aaf42c,59d32283a4c7585f8e9467da587cbf21,limit_spin_density_zero_rect2x3,rect2x3_hole_2,61,00331,0.0009765625
haxs.stage5c2gR32.g1-quadrature.v1,db1740ac0ad95dc9b7cd3bf474aaf42c,e54275a440bc5f87be8d90eef762ce4e,limit_spin_density_zero_rect2x3,rect2x3_hole_2,62,00332,0.0009765625
haxs.stage5c2gR32.g1-quadrature.v1,db1740ac0ad95dc9b7cd3bf474aaf42c,91cd18aec4c752da86aa9d1bc411583d,limit_spin_density_zero_rect2x3,rect2x3_hole_2,63,00333,0.0009765625
haxs.stage5c2gR32.g1-quadrature.v1,db1740ac0ad95dc9b7cd3bf474aaf42c,1318cc4866db5050b66a24695a5cd8b0,limit_spin_density_zero_rect2x3,rect2x3_hole_2,64,01000,0.0009765625
haxs.stage5c2gR32.g1-quadrature.v1,db1740ac0ad95dc9b7cd3bf474aaf42c,f30d1ef53a64559093ec36e1384904f6,limit_spin_density_zero_rect2x3,rect2x3_hole_2,65,01001,0.0009765625
haxs.stage5c2gR32.g1-quadrature.v1,db1740ac0ad95dc9b7cd3bf474aaf42c,c686b46ee5eb52278cb9db6a2462fc1a,limit_spin_density_zero_rect2x3,rect2x3_hole_2,66,01002,0.0009765625
haxs.stage5c2gR32.g1-quadrature.v1,db1740ac0ad95dc9b7cd3bf474aaf42c,c6f001a476c85b5aa0d62c2124352afc,limit_spin_density_zero_rect2x3,rect2x3_hole_2,67,01003,0.0009765625
haxs.stage5c2gR32.g1-quadrature.v1,db1740ac0ad95dc9b7cd3bf474aaf42c,3629f7fe28fb522eb7a7f7548fb474fe,limit_spin_density_zero_rect2x3,rect2x3_hole_2,68,01010,0.0009765625
haxs.stage5c2gR32.g1-quadrature.v1,db1740ac0ad95dc9b7cd3bf474aaf42c,35a8818f807a515c94e34f42b5c60f05,limit_spin_density_zero_rect2x3,rect2x3_hole_2,69,01011,0.0009765625
haxs.stage5c2gR32.g1-quadrature.v1,db1740ac0ad95dc9b7cd3bf474aaf42c,783f771dbcaf552690667e6c35f955ae,limit_spin_density_zero_rect2x3,rect2x3_hole_2,70,01012,0.0009765625
haxs.stage5c2gR32.g1-quadrature.v1,db1740ac0ad95dc9b7cd3bf474aaf42c,3fbd79faa0ec5ab2b921e11f1302be0f,limit_spin_density_zero_rect2x3,rect2x3_hole_2,71,01013,0.0009765625
haxs.stage5c2gR32.g1-quadrature.v1,db1740ac0ad95dc9b7cd3bf474aaf42c,b05dd10d435f5bc593249fa3473dbb5f,limit_spin_density_zero_rect2x3,rect2x3_hole_2,72,01020,0.0009765625
haxs.stage5c2gR32.g1-quadrature.v1,db1740ac0ad95dc9b7cd3bf474aaf42c,6318ffae2fb3570b80b893e2d34cae0a,limit_spin_density_zero_rect2x3,rect2x3_hole_2,73,01021,0.0009765625
haxs.stage5c2gR32.g1-quadrature.v1,db1740ac0ad95dc9b7cd3bf474aaf42c,269200e92aa6501abfb6c830986f691c,limit_spin_density_zero_rect2x3,rect2x3_hole_2,74,01022,0.0009765625
haxs.stage5c2gR32.g1-quadrature.v1,db1740ac0ad95dc9b7cd3bf474aaf42c,d6920c4b7fbf55c491cce06d40cb6142,limit_spin_density_zero_rect2x3,rect2x3_hole_2,75,01023,0.0009765625
haxs.stage5c2gR32.g1-quadrature.v1,db1740ac0ad95dc9b7cd3bf474aaf42c,82436d437544511781d94f317c139995,limit_spin_density_zero_rect2x3,rect2x3_hole_2,76,01030,0.0009765625
haxs.stage5c2gR32.g1-quadrature.v1,db1740ac0ad95dc9b7cd3bf474aaf42c,98dc8744245a5a70bebdd7daa9035778,limit_spin_density_zero_rect2x3,rect2x3_hole_2,77,01031,0.0009765625
haxs.stage5c2gR32.g1-quadrature.v1,db1740ac0ad95dc9b7cd3bf474aaf42c,28d8645164bb528fbc7c8804d86a2220,limit_spin_density_zero_rect2x3,rect2x3_hole_2,78,01032,0.0009765625
haxs.stage5c2gR32.g1-quadrature.v1,db1740ac0ad95dc9b7cd3bf474aaf42c,262fca4e9ca555c6a9390d6009d3f998,limit_spin_density_zero_rect2x3,rect2x3_hole_2,79,01033,0.0009765625
haxs.stage5c2gR32.g1-quadrature.v1,db1740ac0ad95dc9b7cd3bf474aaf42c,392f3f1b94df5699881ca093c9cb03b4,limit_spin_density_zero_rect2x3,rect2x3_hole_2,80,01100,0.0009765625
haxs.stage5c2gR32.g1-quadrature.v1,db1740ac0ad95dc9b7cd3bf474aaf42c,74df2227cf525d26ae8f3bc66c319130,limit_spin_density_zero_rect2x3,rect2x3_hole_2,81,01101,0.0009765625
haxs.stage5c2gR32.g1-quadrature.v1,db1740ac0ad95dc9b7cd3bf474aaf42c,91a7d16034b25bee9fa5bba92343cb87,limit_spin_density_zero_rect2x3,rect2x3_hole_2,82,01102,0.0009765625
haxs.stage5c2gR32.g1-quadrature.v1,db1740ac0ad95dc9b7cd3bf474aaf42c,0eff56f3676b5878be2485038425be69,limit_spin_density_zero_rect2x3,rect2x3_hole_2,83,01103,0.0009765625
haxs.stage5c2gR32.g1-quadrature.v1,db1740ac0ad95dc9b7cd3bf474aaf42c,8a29565988dd5f93b9cb817a77f170f5,limit_spin_density_zero_rect2x3,rect2x3_hole_2,84,01110,0.0009765625
haxs.stage5c2gR32.g1-quadrature.v1,db1740ac0ad95dc9b7cd3bf474aaf42c,8b6c4b0f65395bd2bf929f8d0b6434d2,limit_spin_density_zero_rect2x3,rect2x3_hole_2,85,01111,0.0009765625
haxs.stage5c2gR32.g1-quadrature.v1,db1740ac0ad95dc9b7cd3bf474aaf42c,39908b8e0ec955d7bdba91c5b487b896,limit_spin_density_zero_rect2x3,rect2x3_hole_2,86,01112,0.0009765625
haxs.stage5c2gR32.g1-quadrature.v1,db1740ac0ad95dc9b7cd3bf474aaf42c,0de04f4f56ba54f6a9d0d91a8c6c657a,limit_spin_density_zero_rect2x3,rect2x3_hole_2,87,01113,0.0009765625
haxs.stage5c2gR32.g1-quadrature.v1,db1740ac0ad95dc9b7cd3bf474aaf42c,78506eee71b75f03bf51b0fbca20d970,limit_spin_density_zero_rect2x3,rect2x3_hole_2,88,01120,0.0009765625
haxs.stage5c2gR32.g1-quadrature.v1,db1740ac0ad95dc9b7cd3bf474aaf42c,e494ee86e6b55f848f16a799958b5eaa,limit_spin_density_zero_rect2x3,rect2x3_hole_2,89,01121,0.0009765625
haxs.stage5c2gR32.g1-quadrature.v1,db1740ac0ad95dc9b7cd3bf474aaf42c,654396574d045c4f8146f52a9f3272d2,limit_spin_density_zero_rect2x3,rect2x3_hole_2,90,01122,0.0009765625
haxs.stage5c2gR32.g1-quadrature.v1,db1740ac0ad95dc9b7cd3bf474aaf42c,553e8c6c79975252971f318b5afa22de,limit_spin_density_zero_rect2x3,rect2x3_hole_2,91,01123,0.0009765625
haxs.stage5c2gR32.g1-quadrature.v1,db1740ac0ad95dc9b7cd3bf474aaf42c,49b7dfed606b507589b4d77ae8bd18e2,limit_spin_density_zero_rect2x3,rect2x3_hole_2,92,01130,0.0009765625
haxs.stage5c2gR32.g1-quadrature.v1,db1740ac0ad95dc9b7cd3bf474aaf42c,da1733d5bd275ed69be385a67363b3b2,limit_spin_density_zero_rect2x3,rect2x3_hole_2,93,01131,0.0009765625
haxs.stage5c2gR32.g1-quadrature.v1,db1740ac0ad95dc9b7cd3bf474aaf42c,6a2adadc7f215e1883d54b4a9ddfd845,limit_spin_density_zero_rect2x3,rect2x3_hole_2,94,01132,0.0009765625
haxs.stage5c2gR32.g1-quadrature.v1,db1740ac0ad95dc9b7cd3bf474aaf42c,12007f953cb15b6f952f06636f0f6657,limit_spin_density_zero_rect2x3,rect2x3_hole_2,95,01133,0.0009765625
haxs.stage5c2gR32.g1-quadrature.v1,db1740ac0ad95dc9b7cd3bf474aaf42c,6119d01dfc5059f1b190c6d8178cd5d7,limit_spin_density_zero_rect2x3,rect2x3_hole_2,96,01200,0.0009765625
haxs.stage5c2gR32.g1-quadrature.v1,db1740ac0ad95dc9b7cd3bf474aaf42c,d7756885da1c5ff486429dd96d81529b,limit_spin_density_zero_rect2x3,rect2x3_hole_2,97,01201,0.0009765625
haxs.stage5c2gR32.g1-quadrature.v1,db1740ac0ad95dc9b7cd3bf474aaf42c,09f8af30c5015808a498af691ab01319,limit_spin_density_zero_rect2x3,rect2x3_hole_2,98,01202,0.0009765625
haxs.stage5c2gR32.g1-quadrature.v1,db1740ac0ad95dc9b7cd3bf474aaf42c,2a4942cba79353ff9e6225d84c9e8235,limit_spin_density_zero_rect2x3,rect2x3_hole_2,99,01203,0.0009765625
haxs.stage5c2gR32.g1-quadrature.v1,db1740ac0ad95dc9b7cd3bf474aaf42c,ec5bb53608915091b1b0cecbda4019b1,limit_spin_density_zero_rect2x3,rect2x3_hole_2,100,01210,0.0009765625
haxs.stage5c2gR32.g1-quadrature.v1,db1740ac0ad95dc9b7cd3bf474aaf42c,c377b3fc6ac45ef09d0a47f61a6b5235,limit_spin_density_zero_rect2x3,rect2x3_hole_2,101,01211,0.0009765625
haxs.stage5c2gR32.g1-quadrature.v1,db1740ac0ad95dc9b7cd3bf474aaf42c,564fec1487bb5408b19c7a05d1212352,limit_spin_density_zero_rect2x3,rect2x3_hole_2,102,01212,0.0009765625
haxs.stage5c2gR32.g1-quadrature.v1,db1740ac0ad95dc9b7cd3bf474aaf42c,8a2f2b5053d25f37ae833880c217a4c8,limit_spin_density_zero_rect2x3,rect2x3_hole_2,103,01213,0.0009765625
haxs.stage5c2gR32.g1-quadrature.v1,db1740ac0ad95dc9b7cd3bf474aaf42c,2939517a575858dfb0d04d7b0f414c3b,limit_spin_density_zero_rect2x3,rect2x3_hole_2,104,01220,0.0009765625
haxs.stage5c2gR32.g1-quadrature.v1,db1740ac0ad95dc9b7cd3bf474aaf42c,2b7a89b1043150d7bbaa858810833d33,limit_spin_density_zero_rect2x3,rect2x3_hole_2,105,01221,0.0009765625
haxs.stage5c2gR32.g1-quadrature.v1,db1740ac0ad95dc9b7cd3bf474aaf42c,e74f1961e9a459c9a900e8af4a57c1eb,limit_spin_density_zero_rect2x3,rect2x3_hole_2,106,01222,0.0009765625
haxs.stage5c2gR32.g1-quadrature.v1,db1740ac0ad95dc9b7cd3bf474aaf42c,c8bbea84d78d59888cbcaa728b6b71d5,limit_spin_density_zero_rect2x3,rect2x3_hole_2,107,01223,0.0009765625
haxs.stage5c2gR32.g1-quadrature.v1,db1740ac0ad95dc9b7cd3bf474aaf42c,2c34a05f761452a183a3f58fee8581df,limit_spin_density_zero_rect2x3,rect2x3_hole_2,108,01230,0.0009765625
haxs.stage5c2gR32.g1-quadrature.v1,db1740ac0ad95dc9b7cd3bf474aaf42c,401070e081915f3782732c0908507079,limit_spin_density_zero_rect2x3,rect2x3_hole_2,109,01231,0.0009765625
haxs.stage5c2gR32.g1-quadrature.v1,db1740ac0ad95dc9b7cd3bf474aaf42c,293e58926824531388e88851f72741c0,limit_spin_density_zero_rect2x3,rect2x3_hole_2,110,01232,0.0009765625
haxs.stage5c2gR32.g1-quadrature.v1,db1740ac0ad95dc9b7cd3bf474aaf42c,073bbf8c8c015b629276497d2a06117f,limit_spin_density_zero_rect2x3,rect2x3_hole_2,111,01233,0.0009765625
haxs.stage5c2gR32.g1-quadrature.v1,db1740ac0ad95dc9b7cd3bf474aaf42c,ad2d84eb3c8950e0b239768179a4bb6b,limit_spin_density_zero_rect2x3,rect2x3_hole_2,112,01300,0.0009765625
haxs.stage5c2gR32.g1-quadrature.v1,db1740ac0ad95dc9b7cd3bf474aaf42c,1e22f11f6dbf5adb84a5f36f5908631a,limit_spin_density_zero_rect2x3,rect2x3_hole_2,113,01301,0.0009765625
haxs.stage5c2gR32.g1-quadrature.v1,db1740ac0ad95dc9b7cd3bf474aaf42c,43fa9101f38257eba6f4ee1e39e7cb4e,limit_spin_density_zero_rect2x3,rect2x3_hole_2,114,01302,0.0009765625
haxs.stage5c2gR32.g1-quadrature.v1,db1740ac0ad95dc9b7cd3bf474aaf42c,d939838d9f755f6ea04bf39bc2cfb2a5,limit_spin_density_zero_rect2x3,rect2x3_hole_2,115,01303,0.0009765625
haxs.stage5c2gR32.g1-quadrature.v1,db1740ac0ad95dc9b7cd3bf474aaf42c,01d9e1ae6d08541bba819e6f2fdfd4b3,limit_spin_density_zero_rect2x3,rect2x3_hole_2,116,01310,0.0009765625
haxs.stage5c2gR32.g1-quadrature.v1,db1740ac0ad95dc9b7cd3bf474aaf42c,975662829c725cb2a9ebb1468c3e7a7e,limit_spin_density_zero_rect2x3,rect2x3_hole_2,117,01311,0.0009765625
haxs.stage5c2gR32.g1-quadrature.v1,db1740ac0ad95dc9b7cd3bf474aaf42c,4bd7488efe5d5f22928b3743cb4c9dd5,limit_spin_density_zero_rect2x3,rect2x3_hole_2,118,01312,0.0009765625
haxs.stage5c2gR32.g1-quadrature.v1,db1740ac0ad95dc9b7cd3bf474aaf42c,789779f75a55585988d932c5cd2e6af5,limit_spin_density_zero_rect2x3,rect2x3_hole_2,119,01313,0.0009765625
haxs.stage5c2gR32.g1-quadrature.v1,db1740ac0ad95dc9b7cd3bf474aaf42c,975bcd5538d254aa90ba6b4dd6d297b9,limit_spin_density_zero_rect2x3,rect2x3_hole_2,120,01320,0.0009765625
haxs.stage5c2gR32.g1-quadrature.v1,db1740ac0ad95dc9b7cd3bf474aaf42c,5c94c65dc7795af0a7b5d50152c7e2e7,limit_spin_density_zero_rect2x3,rect2x3_hole_2,121,01321,0.0009765625
haxs.stage5c2gR32.g1-quadrature.v1,db1740ac0ad95dc9b7cd3bf474aaf42c,3f21ce944ff35666a03bbc94ee187f27,limit_spin_density_zero_rect2x3,rect2x3_hole_2,122,01322,0.0009765625
haxs.stage5c2gR32.g1-quadrature.v1,db1740ac0ad95dc9b7cd3bf474aaf42c,30467f48987658b6846fa6f4f09cb250,limit_spin_density_zero_rect2x3,rect2x3_hole_2,123,01323,0.0009765625
haxs.stage5c2gR32.g1-quadrature.v1,db1740ac0ad95dc9b7cd3bf474aaf42c,f781ddccb8105b98bf72597339b8f2c0,limit_spin_density_zero_rect2x3,rect2x3_hole_2,124,01330,0.0009765625
haxs.stage5c2gR32.g1-quadrature.v1,db1740ac0ad95dc9b7cd3bf474aaf42c,d93bab905af1509e9f66d02497b69333,limit_spin_density_zero_rect2x3,rect2x3_hole_2,125,01331,0.0009765625
haxs.stage5c2gR32.g1-quadrature.v1,db1740ac0ad95dc9b7cd3bf474aaf42c,2f0176844bcf52c19c611ddd54aaa5df,limit_spin_density_zero_rect2x3,rect2x3_hole_2,126,01332,0.0009765625
haxs.stage5c2gR32.g1-quadrature.v1,db1740ac0ad95dc9b7cd3bf474aaf42c,9ec2bde19473569392ca32d931172d0e,limit_spin_density_zero_rect2x3,rect2x3_hole_2,127,01333,0.0009765625
haxs.stage5c2gR32.g1-quadrature.v1,db1740ac0ad95dc9b7cd3bf474aaf42c,c5645c7dbdc059e393646c578cc8aa9e,limit_spin_density_zero_rect2x3,rect2x3_hole_2,128,02000,0.0009765625
haxs.stage5c2gR32.g1-quadrature.v1,db1740ac0ad95dc9b7cd3bf474aaf42c,965a48730e16569ebc98a8bafa143eaf,limit_spin_density_zero_rect2x3,rect2x3_hole_2,129,02001,0.0009765625
haxs.stage5c2gR32.g1-quadrature.v1,db1740ac0ad95dc9b7cd3bf474aaf42c,b2fe20035b7b5c6b807ee1af7419c2df,limit_spin_density_zero_rect2x3,rect2x3_hole_2,130,02002,0.0009765625
haxs.stage5c2gR32.g1-quadrature.v1,db1740ac0ad95dc9b7cd3bf474aaf42c,6ddaf38cc9015ad6b80ed3f3eb46262f,limit_spin_density_zero_rect2x3,rect2x3_hole_2,131,02003,0.0009765625
haxs.stage5c2gR32.g1-quadrature.v1,db1740ac0ad95dc9b7cd3bf474aaf42c,d85a48a5207551c38a21a6be687b6b60,limit_spin_density_zero_rect2x3,rect2x3_hole_2,132,02010,0.0009765625
haxs.stage5c2gR32.g1-quadrature.v1,db1740ac0ad95dc9b7cd3bf474aaf42c,33832dd8113f5389927c675e7f83f062,limit_spin_density_zero_rect2x3,rect2x3_hole_2,133,02011,0.0009765625
haxs.stage5c2gR32.g1-quadrature.v1,db1740ac0ad95dc9b7cd3bf474aaf42c,7b5faa8e6a7f533e91f4942b6af30871,limit_spin_density_zero_rect2x3,rect2x3_hole_2,134,02012,0.0009765625
haxs.stage5c2gR32.g1-quadrature.v1,db1740ac0ad95dc9b7cd3bf474aaf42c,e8e6e0ab5fc059c59590527221caab69,limit_spin_density_zero_rect2x3,rect2x3_hole_2,135,02013,0.0009765625
haxs.stage5c2gR32.g1-quadrature.v1,db1740ac0ad95dc9b7cd3bf474aaf42c,487ac7b528f753958af1633f9dc712c3,limit_spin_density_zero_rect2x3,rect2x3_hole_2,136,02020,0.0009765625
haxs.stage5c2gR32.g1-quadrature.v1,db1740ac0ad95dc9b7cd3bf474aaf42c,347163e757185e0a833f9d0d0ad8b11f,limit_spin_density_zero_rect2x3,rect2x3_hole_2,137,02021,0.0009765625
haxs.stage5c2gR32.g1-quadrature.v1,db1740ac0ad95dc9b7cd3bf474aaf42c,dc28229fd1c553f1b6333493dd4c4a88,limit_spin_density_zero_rect2x3,rect2x3_hole_2,138,02022,0.0009765625
haxs.stage5c2gR32.g1-quadrature.v1,db1740ac0ad95dc9b7cd3bf474aaf42c,03bf6b9a2a3958ad9d6950feed4b80d0,limit_spin_density_zero_rect2x3,rect2x3_hole_2,139,02023,0.0009765625
haxs.stage5c2gR32.g1-quadrature.v1,db1740ac0ad95dc9b7cd3bf474aaf42c,5b5952e71f57585ab8d925119a14d1d7,limit_spin_density_zero_rect2x3,rect2x3_hole_2,140,02030,0.0009765625
haxs.stage5c2gR32.g1-quadrature.v1,db1740ac0ad95dc9b7cd3bf474aaf42c,a35b0ef954c75c64910fc9f646442364,limit_spin_density_zero_rect2x3,rect2x3_hole_2,141,02031,0.0009765625
haxs.stage5c2gR32.g1-quadrature.v1,db1740ac0ad95dc9b7cd3bf474aaf42c,30540b13e60352c7b2339017ee7c781f,limit_spin_density_zero_rect2x3,rect2x3_hole_2,142,02032,0.0009765625
haxs.stage5c2gR32.g1-quadrature.v1,db1740ac0ad95dc9b7cd3bf474aaf42c,933b4ddb6aa8518f8265577825d92f7e,limit_spin_density_zero_rect2x3,rect2x3_hole_2,143,02033,0.0009765625
haxs.stage5c2gR32.g1-quadrature.v1,db1740ac0ad95dc9b7cd3bf474aaf42c,a37d4e41dc69533eb3f95b31388beebf,limit_spin_density_zero_rect2x3,rect2x3_hole_2,144,02100,0.0009765625
haxs.stage5c2gR32.g1-quadrature.v1,db1740ac0ad95dc9b7cd3bf474aaf42c,b003e394b24f5484add8494993c74e53,limit_spin_density_zero_rect2x3,rect2x3_hole_2,145,02101,0.0009765625
haxs.stage5c2gR32.g1-quadrature.v1,db1740ac0ad95dc9b7cd3bf474aaf42c,5389d05e89ad538c911d8e56f554ae88,limit_spin_density_zero_rect2x3,rect2x3_hole_2,146,02102,0.0009765625
haxs.stage5c2gR32.g1-quadrature.v1,db1740ac0ad95dc9b7cd3bf474aaf42c,da096379aa4f521981aea464fab5e2e5,limit_spin_density_zero_rect2x3,rect2x3_hole_2,147,02103,0.0009765625
haxs.stage5c2gR32.g1-quadrature.v1,db1740ac0ad95dc9b7cd3bf474aaf42c,24248881e7f956dbadea8c25e1f5d438,limit_spin_density_zero_rect2x3,rect2x3_hole_2,148,02110,0.0009765625
haxs.stage5c2gR32.g1-quadrature.v1,db1740ac0ad95dc9b7cd3bf474aaf42c,43018037680354288be9c879829a59ad,limit_spin_density_zero_rect2x3,rect2x3_hole_2,149,02111,0.0009765625
haxs.stage5c2gR32.g1-quadrature.v1,db1740ac0ad95dc9b7cd3bf474aaf42c,6ea9013a90df5755a806e9543c322177,limit_spin_density_zero_rect2x3,rect2x3_hole_2,150,02112,0.0009765625
haxs.stage5c2gR32.g1-quadrature.v1,db1740ac0ad95dc9b7cd3bf474aaf42c,b9e48098a561574a979ed2de65f64cd6,limit_spin_density_zero_rect2x3,rect2x3_hole_2,151,02113,0.0009765625
haxs.stage5c2gR32.g1-quadrature.v1,db1740ac0ad95dc9b7cd3bf474aaf42c,cc5ca1230b925d9bb91f6bc6dccb8959,limit_spin_density_zero_rect2x3,rect2x3_hole_2,152,02120,0.0009765625
haxs.stage5c2gR32.g1-quadrature.v1,db1740ac0ad95dc9b7cd3bf474aaf42c,a59ab4be03ee5c609993e964a6b27b92,limit_spin_density_zero_rect2x3,rect2x3_hole_2,153,02121,0.0009765625
haxs.stage5c2gR32.g1-quadrature.v1,db1740ac0ad95dc9b7cd3bf474aaf42c,8e0b23594a1d57bfa59cacbcfedc8b44,limit_spin_density_zero_rect2x3,rect2x3_hole_2,154,02122,0.0009765625
haxs.stage5c2gR32.g1-quadrature.v1,db1740ac0ad95dc9b7cd3bf474aaf42c,b050ac3b2a5e54018f754fc0dbfbee2e,limit_spin_density_zero_rect2x3,rect2x3_hole_2,155,02123,0.0009765625
haxs.stage5c2gR32.g1-quadrature.v1,db1740ac0ad95dc9b7cd3bf474aaf42c,f8153dfc079d5ec481aeb8986136fdf8,limit_spin_density_zero_rect2x3,rect2x3_hole_2,156,02130,0.0009765625
haxs.stage5c2gR32.g1-quadrature.v1,db1740ac0ad95dc9b7cd3bf474aaf42c,459755430d91585ca78a4c5b4c01cead,limit_spin_density_zero_rect2x3,rect2x3_hole_2,157,02131,0.0009765625
haxs.stage5c2gR32.g1-quadrature.v1,db1740ac0ad95dc9b7cd3bf474aaf42c,62e1fc5cb31f513fa8f0f608e8a1c254,limit_spin_density_zero_rect2x3,rect2x3_hole_2,158,02132,0.0009765625
haxs.stage5c2gR32.g1-quadrature.v1,db1740ac0ad95dc9b7cd3bf474aaf42c,1dece6a0ae3e593daae8c4381ffc1753,limit_spin_density_zero_rect2x3,rect2x3_hole_2,159,02133,0.0009765625
haxs.stage5c2gR32.g1-quadrature.v1,db1740ac0ad95dc9b7cd3bf474aaf42c,9c00fc30f8405fab8dcdbfbf1680fdab,limit_spin_density_zero_rect2x3,rect2x3_hole_2,160,02200,0.0009765625
haxs.stage5c2gR32.g1-quadrature.v1,db1740ac0ad95dc9b7cd3bf474aaf42c,2779a1f6bfb35a38966daafb7d35a70a,limit_spin_density_zero_rect2x3,rect2x3_hole_2,161,02201,0.0009765625
haxs.stage5c2gR32.g1-quadrature.v1,db1740ac0ad95dc9b7cd3bf474aaf42c,a298d79fccce58a7909beaaa299abf50,limit_spin_density_zero_rect2x3,rect2x3_hole_2,162,02202,0.0009765625
haxs.stage5c2gR32.g1-quadrature.v1,db1740ac0ad95dc9b7cd3bf474aaf42c,1eb052301dc450dcb453f6bf9cfef9aa,limit_spin_density_zero_rect2x3,rect2x3_hole_2,163,02203,0.0009765625
haxs.stage5c2gR32.g1-quadrature.v1,db1740ac0ad95dc9b7cd3bf474aaf42c,c17fae428e6a5a1795be352e983038c5,limit_spin_density_zero_rect2x3,rect2x3_hole_2,164,02210,0.0009765625
haxs.stage5c2gR32.g1-quadrature.v1,db1740ac0ad95dc9b7cd3bf474aaf42c,f88138c883cf5983b0c937b2f8ec68fa,limit_spin_density_zero_rect2x3,rect2x3_hole_2,165,02211,0.0009765625
haxs.stage5c2gR32.g1-quadrature.v1,db1740ac0ad95dc9b7cd3bf474aaf42c,e749fc5933cf50719b1665431bc69cc8,limit_spin_density_zero_rect2x3,rect2x3_hole_2,166,02212,0.0009765625
haxs.stage5c2gR32.g1-quadrature.v1,db1740ac0ad95dc9b7cd3bf474aaf42c,65e025d7c2b75ef6851b234c1030d6a3,limit_spin_density_zero_rect2x3,rect2x3_hole_2,167,02213,0.0009765625
haxs.stage5c2gR32.g1-quadrature.v1,db1740ac0ad95dc9b7cd3bf474aaf42c,32144d5362b157b2ac6be23448588926,limit_spin_density_zero_rect2x3,rect2x3_hole_2,168,02220,0.0009765625
haxs.stage5c2gR32.g1-quadrature.v1,db1740ac0ad95dc9b7cd3bf474aaf42c,afafaf6dd1e45220babf58b843f4d561,limit_spin_density_zero_rect2x3,rect2x3_hole_2,169,02221,0.0009765625
haxs.stage5c2gR32.g1-quadrature.v1,db1740ac0ad95dc9b7cd3bf474aaf42c,2bf12ad31dbd563aaf004cd7de49c929,limit_spin_density_zero_rect2x3,rect2x3_hole_2,170,02222,0.0009765625
haxs.stage5c2gR32.g1-quadrature.v1,db1740ac0ad95dc9b7cd3bf474aaf42c,e07a32cee3c65b9d97c49d0bb631b1cd,limit_spin_density_zero_rect2x3,rect2x3_hole_2,171,02223,0.0009765625
haxs.stage5c2gR32.g1-quadrature.v1,db1740ac0ad95dc9b7cd3bf474aaf42c,425901e748aa5fc5a6770cd7ca72af31,limit_spin_density_zero_rect2x3,rect2x3_hole_2,172,02230,0.0009765625
haxs.stage5c2gR32.g1-quadrature.v1,db1740ac0ad95dc9b7cd3bf474aaf42c,55bdb7e8097c53eea3098676f615b66f,limit_spin_density_zero_rect2x3,rect2x3_hole_2,173,02231,0.0009765625
haxs.stage5c2gR32.g1-quadrature.v1,db1740ac0ad95dc9b7cd3bf474aaf42c,0c36ec128bb05eb0a417ac6136d989b3,limit_spin_density_zero_rect2x3,rect2x3_hole_2,174,02232,0.0009765625
haxs.stage5c2gR32.g1-quadrature.v1,db1740ac0ad95dc9b7cd3bf474aaf42c,3efe3fefc921591a8e8a890c36494da1,limit_spin_density_zero_rect2x3,rect2x3_hole_2,175,02233,0.0009765625
haxs.stage5c2gR32.g1-quadrature.v1,db1740ac0ad95dc9b7cd3bf474aaf42c,0ee17e3b31795add9c2ae6f5cb544e47,limit_spin_density_zero_rect2x3,rect2x3_hole_2,176,02300,0.0009765625
haxs.stage5c2gR32.g1-quadrature.v1,db1740ac0ad95dc9b7cd3bf474aaf42c,badd9e05573d5df19ab1d7fb638f3813,limit_spin_density_zero_rect2x3,rect2x3_hole_2,177,02301,0.0009765625
haxs.stage5c2gR32.g1-quadrature.v1,db1740ac0ad95dc9b7cd3bf474aaf42c,1f79e2d4e8295ea39f23e1b0166b9f47,limit_spin_density_zero_rect2x3,rect2x3_hole_2,178,02302,0.0009765625
haxs.stage5c2gR32.g1-quadrature.v1,db1740ac0ad95dc9b7cd3bf474aaf42c,c93baa3734ae56c39bcab99f5ec6f752,limit_spin_density_zero_rect2x3,rect2x3_hole_2,179,02303,0.0009765625
haxs.stage5c2gR32.g1-quadrature.v1,db1740ac0ad95dc9b7cd3bf474aaf42c,52554959cc335b13ae4ef88932da5e7c,limit_spin_density_zero_rect2x3,rect2x3_hole_2,180,02310,0.0009765625
haxs.stage5c2gR32.g1-quadrature.v1,db1740ac0ad95dc9b7cd3bf474aaf42c,f7c7780fac065b9089e73af014cbb1d4,limit_spin_density_zero_rect2x3,rect2x3_hole_2,181,02311,0.0009765625
haxs.stage5c2gR32.g1-quadrature.v1,db1740ac0ad95dc9b7cd3bf474aaf42c,acb616bb730952708a3fa96dea551af5,limit_spin_density_zero_rect2x3,rect2x3_hole_2,182,02312,0.0009765625
haxs.stage5c2gR32.g1-quadrature.v1,db1740ac0ad95dc9b7cd3bf474aaf42c,87005ccfc43b5b90851f0bb72a56f31f,limit_spin_density_zero_rect2x3,rect2x3_hole_2,183,02313,0.0009765625
haxs.stage5c2gR32.g1-quadrature.v1,db1740ac0ad95dc9b7cd3bf474aaf42c,740abf3981a4553e824298694f3f4917,limit_spin_density_zero_rect2x3,rect2x3_hole_2,184,02320,0.0009765625
haxs.stage5c2gR32.g1-quadrature.v1,db1740ac0ad95dc9b7cd3bf474aaf42c,6a429f7cf12d556eab223aa5b97ee3a4,limit_spin_density_zero_rect2x3,rect2x3_hole_2,185,02321,0.0009765625
haxs.stage5c2gR32.g1-quadrature.v1,db1740ac0ad95dc9b7cd3bf474aaf42c,11a1c1eb208350128778635d39d655c4,limit_spin_density_zero_rect2x3,rect2x3_hole_2,186,02322,0.0009765625
haxs.stage5c2gR32.g1-quadrature.v1,db1740ac0ad95dc9b7cd3bf474aaf42c,d3670089630d5716af48f177004865b9,limit_spin_density_zero_rect2x3,rect2x3_hole_2,187,02323,0.0009765625
haxs.stage5c2gR32.g1-quadrature.v1,db1740ac0ad95dc9b7cd3bf474aaf42c,5ce0e90c6757571d922994351008f9e7,limit_spin_density_zero_rect2x3,rect2x3_hole_2,188,02330,0.0009765625
haxs.stage5c2gR32.g1-quadrature.v1,db1740ac0ad95dc9b7cd3bf474aaf42c,15c7de8b6cfe5b8997c04dd3714080a8,limit_spin_density_zero_rect2x3,rect2x3_hole_2,189,02331,0.0009765625
haxs.stage5c2gR32.g1-quadrature.v1,db1740ac0ad95dc9b7cd3bf474aaf42c,f68fdd5b9b995d3b86c7e72395bd8cc1,limit_spin_density_zero_rect2x3,rect2x3_hole_2,190,02332,0.0009765625
haxs.stage5c2gR32.g1-quadrature.v1,db1740ac0ad95dc9b7cd3bf474aaf42c,e8a8832789915798ad5bc55c8051017b,limit_spin_density_zero_rect2x3,rect2x3_hole_2,191,02333,0.0009765625
haxs.stage5c2gR32.g1-quadrature.v1,db1740ac0ad95dc9b7cd3bf474aaf42c,150807c9236a588d92913ee44c90a11b,limit_spin_density_zero_rect2x3,rect2x3_hole_2,192,03000,0.0009765625
haxs.stage5c2gR32.g1-quadrature.v1,db1740ac0ad95dc9b7cd3bf474aaf42c,b31a7e8fb41b5900a617884b27530e84,limit_spin_density_zero_rect2x3,rect2x3_hole_2,193,03001,0.0009765625
haxs.stage5c2gR32.g1-quadrature.v1,db1740ac0ad95dc9b7cd3bf474aaf42c,599d47a24216572d8ebabf5360cb96a2,limit_spin_density_zero_rect2x3,rect2x3_hole_2,194,03002,0.0009765625
haxs.stage5c2gR32.g1-quadrature.v1,db1740ac0ad95dc9b7cd3bf474aaf42c,b461a929bfbb5873be182891d421b9a6,limit_spin_density_zero_rect2x3,rect2x3_hole_2,195,03003,0.0009765625
haxs.stage5c2gR32.g1-quadrature.v1,db1740ac0ad95dc9b7cd3bf474aaf42c,913a2343b0595aa4afc10f768de3df93,limit_spin_density_zero_rect2x3,rect2x3_hole_2,196,03010,0.0009765625
haxs.stage5c2gR32.g1-quadrature.v1,db1740ac0ad95dc9b7cd3bf474aaf42c,4eb21a5633cc52dc9e5ec3ba5629d2ef,limit_spin_density_zero_rect2x3,rect2x3_hole_2,197,03011,0.0009765625
haxs.stage5c2gR32.g1-quadrature.v1,db1740ac0ad95dc9b7cd3bf474aaf42c,5561cb207ece5472af096d31095aa842,limit_spin_density_zero_rect2x3,rect2x3_hole_2,198,03012,0.0009765625
haxs.stage5c2gR32.g1-quadrature.v1,db1740ac0ad95dc9b7cd3bf474aaf42c,7698f937be395d229f97bc5a17b4ab97,limit_spin_density_zero_rect2x3,rect2x3_hole_2,199,03013,0.0009765625
haxs.stage5c2gR32.g1-quadrature.v1,db1740ac0ad95dc9b7cd3bf474aaf42c,ca1d08adc1de535e9009ff970d88e7b6,limit_spin_density_zero_rect2x3,rect2x3_hole_2,200,03020,0.0009765625
haxs.stage5c2gR32.g1-quadrature.v1,db1740ac0ad95dc9b7cd3bf474aaf42c,a17e0238254f5139aa437236e2e60c28,limit_spin_density_zero_rect2x3,rect2x3_hole_2,201,03021,0.0009765625
haxs.stage5c2gR32.g1-quadrature.v1,db1740ac0ad95dc9b7cd3bf474aaf42c,4ead56b77fc5511c87ae2ad08790351c,limit_spin_density_zero_rect2x3,rect2x3_hole_2,202,03022,0.0009765625
haxs.stage5c2gR32.g1-quadrature.v1,db1740ac0ad95dc9b7cd3bf474aaf42c,32fdc568f3f35190a709e58452fbacc4,limit_spin_density_zero_rect2x3,rect2x3_hole_2,203,03023,0.0009765625
haxs.stage5c2gR32.g1-quadrature.v1,db1740ac0ad95dc9b7cd3bf474aaf42c,0766c3c3924e5e2f8c6223424d714bcc,limit_spin_density_zero_rect2x3,rect2x3_hole_2,204,03030,0.0009765625
haxs.stage5c2gR32.g1-quadrature.v1,db1740ac0ad95dc9b7cd3bf474aaf42c,26bac5eda38f51f394943f873b296767,limit_spin_density_zero_rect2x3,rect2x3_hole_2,205,03031,0.0009765625
haxs.stage5c2gR32.g1-quadrature.v1,db1740ac0ad95dc9b7cd3bf474aaf42c,3fef9d855fdd59feb16c0b30f1a9f21d,limit_spin_density_zero_rect2x3,rect2x3_hole_2,206,03032,0.0009765625
haxs.stage5c2gR32.g1-quadrature.v1,db1740ac0ad95dc9b7cd3bf474aaf42c,45f44f6803055415b6dc37fdb67a4d1a,limit_spin_density_zero_rect2x3,rect2x3_hole_2,207,03033,0.0009765625
haxs.stage5c2gR32.g1-quadrature.v1,db1740ac0ad95dc9b7cd3bf474aaf42c,bd37ec117b21527dab1a7336c582a8fe,limit_spin_density_zero_rect2x3,rect2x3_hole_2,208,03100,0.0009765625
haxs.stage5c2gR32.g1-quadrature.v1,db1740ac0ad95dc9b7cd3bf474aaf42c,e1e752b542355888ada404ec1b967e05,limit_spin_density_zero_rect2x3,rect2x3_hole_2,209,03101,0.0009765625
haxs.stage5c2gR32.g1-quadrature.v1,db1740ac0ad95dc9b7cd3bf474aaf42c,62e75254c6c6545b953b81bc3b2b3417,limit_spin_density_zero_rect2x3,rect2x3_hole_2,210,03102,0.0009765625
haxs.stage5c2gR32.g1-quadrature.v1,db1740ac0ad95dc9b7cd3bf474aaf42c,ba592a0bf6ba5c0fb61a5bd304d597e6,limit_spin_density_zero_rect2x3,rect2x3_hole_2,211,03103,0.0009765625
haxs.stage5c2gR32.g1-quadrature.v1,db1740ac0ad95dc9b7cd3bf474aaf42c,b0fcde15e23c587092b88cd8c18a7511,limit_spin_density_zero_rect2x3,rect2x3_hole_2,212,03110,0.0009765625
haxs.stage5c2gR32.g1-quadrature.v1,db1740ac0ad95dc9b7cd3bf474aaf42c,5c62b555c90e50b4807b1775410cf21b,limit_spin_density_zero_rect2x3,rect2x3_hole_2,213,03111,0.0009765625
haxs.stage5c2gR32.g1-quadrature.v1,db1740ac0ad95dc9b7cd3bf474aaf42c,d9c11301856a573a9d3411269c9ac5b6,limit_spin_density_zero_rect2x3,rect2x3_hole_2,214,03112,0.0009765625
haxs.stage5c2gR32.g1-quadrature.v1,db1740ac0ad95dc9b7cd3bf474aaf42c,b645ab45c9fd572e8abf79832a2d3bd4,limit_spin_density_zero_rect2x3,rect2x3_hole_2,215,03113,0.0009765625
haxs.stage5c2gR32.g1-quadrature.v1,db1740ac0ad95dc9b7cd3bf474aaf42c,807632ae1beb5c31b8c2849517e248f4,limit_spin_density_zero_rect2x3,rect2x3_hole_2,216,03120,0.0009765625
haxs.stage5c2gR32.g1-quadrature.v1,db1740ac0ad95dc9b7cd3bf474aaf42c,61e2f01d8fd8574ebfab59364c6ddf57,limit_spin_density_zero_rect2x3,rect2x3_hole_2,217,03121,0.0009765625
haxs.stage5c2gR32.g1-quadrature.v1,db1740ac0ad95dc9b7cd3bf474aaf42c,3959e33c946854e4804292a0ff8bcac7,limit_spin_density_zero_rect2x3,rect2x3_hole_2,218,03122,0.0009765625
haxs.stage5c2gR32.g1-quadrature.v1,db1740ac0ad95dc9b7cd3bf474aaf42c,395bbea2be1d51df9c0c31b09275a7f1,limit_spin_density_zero_rect2x3,rect2x3_hole_2,219,03123,0.0009765625
haxs.stage5c2gR32.g1-quadrature.v1,db1740ac0ad95dc9b7cd3bf474aaf42c,be7eae0aa1055b968015740f715b8eb3,limit_spin_density_zero_rect2x3,rect2x3_hole_2,220,03130,0.0009765625
haxs.stage5c2gR32.g1-quadrature.v1,db1740ac0ad95dc9b7cd3bf474aaf42c,63fbb297efd0560d8b945b6170482734,limit_spin_density_zero_rect2x3,rect2x3_hole_2,221,03131,0.0009765625
haxs.stage5c2gR32.g1-quadrature.v1,db1740ac0ad95dc9b7cd3bf474aaf42c,24e44ba195d55578b08152f84eb4c4d3,limit_spin_density_zero_rect2x3,rect2x3_hole_2,222,03132,0.0009765625
haxs.stage5c2gR32.g1-quadrature.v1,db1740ac0ad95dc9b7cd3bf474aaf42c,3fe125d8d6035445909264e9ad2c637e,limit_spin_density_zero_rect2x3,rect2x3_hole_2,223,03133,0.0009765625
haxs.stage5c2gR32.g1-quadrature.v1,db1740ac0ad95dc9b7cd3bf474aaf42c,d999f5c14e5850db9d0e651076ef967e,limit_spin_density_zero_rect2x3,rect2x3_hole_2,224,03200,0.0009765625
haxs.stage5c2gR32.g1-quadrature.v1,db1740ac0ad95dc9b7cd3bf474aaf42c,c31d79acc236508a91a482ecf60f6458,limit_spin_density_zero_rect2x3,rect2x3_hole_2,225,03201,0.0009765625
haxs.stage5c2gR32.g1-quadrature.v1,db1740ac0ad95dc9b7cd3bf474aaf42c,c9ff326adaf85f61a6328bb32aba2baf,limit_spin_density_zero_rect2x3,rect2x3_hole_2,226,03202,0.0009765625
haxs.stage5c2gR32.g1-quadrature.v1,db1740ac0ad95dc9b7cd3bf474aaf42c,21575f777d0350e296e05ff3e070b80e,limit_spin_density_zero_rect2x3,rect2x3_hole_2,227,03203,0.0009765625
haxs.stage5c2gR32.g1-quadrature.v1,db1740ac0ad95dc9b7cd3bf474aaf42c,88a48ae5bc025b3b82286a48f5b691f3,limit_spin_density_zero_rect2x3,rect2x3_hole_2,228,03210,0.0009765625
haxs.stage5c2gR32.g1-quadrature.v1,db1740ac0ad95dc9b7cd3bf474aaf42c,ff646eaad36c5a6ab5d290c8144cc2e6,limit_spin_density_zero_rect2x3,rect2x3_hole_2,229,03211,0.0009765625
haxs.stage5c2gR32.g1-quadrature.v1,db1740ac0ad95dc9b7cd3bf474aaf42c,57bd30b41789562cb67d819c4435a906,limit_spin_density_zero_rect2x3,rect2x3_hole_2,230,03212,0.0009765625
haxs.stage5c2gR32.g1-quadrature.v1,db1740ac0ad95dc9b7cd3bf474aaf42c,c6d5db2932175d31bb22e05cf4eda756,limit_spin_density_zero_rect2x3,rect2x3_hole_2,231,03213,0.0009765625
haxs.stage5c2gR32.g1-quadrature.v1,db1740ac0ad95dc9b7cd3bf474aaf42c,c0888a754c7d5c79a8651486f54eeddf,limit_spin_density_zero_rect2x3,rect2x3_hole_2,232,03220,0.0009765625
haxs.stage5c2gR32.g1-quadrature.v1,db1740ac0ad95dc9b7cd3bf474aaf42c,73461a804e295c6cabe88cc27e96780e,limit_spin_density_zero_rect2x3,rect2x3_hole_2,233,03221,0.0009765625
haxs.stage5c2gR32.g1-quadrature.v1,db1740ac0ad95dc9b7cd3bf474aaf42c,0241e9bcc22b51589078b0354c1bd12f,limit_spin_density_zero_rect2x3,rect2x3_hole_2,234,03222,0.0009765625
haxs.stage5c2gR32.g1-quadrature.v1,db1740ac0ad95dc9b7cd3bf474aaf42c,111599ad8abe5cfbabf806c7b75264e0,limit_spin_density_zero_rect2x3,rect2x3_hole_2,235,03223,0.0009765625
haxs.stage5c2gR32.g1-quadrature.v1,db1740ac0ad95dc9b7cd3bf474aaf42c,992fb82228845d2a813c700ac01e7651,limit_spin_density_zero_rect2x3,rect2x3_hole_2,236,03230,0.0009765625
haxs.stage5c2gR32.g1-quadrature.v1,db1740ac0ad95dc9b7cd3bf474aaf42c,e0b0c9c2ca0454529cf5a0a9f27e51c7,limit_spin_density_zero_rect2x3,rect2x3_hole_2,237,03231,0.0009765625
haxs.stage5c2gR32.g1-quadrature.v1,db1740ac0ad95dc9b7cd3bf474aaf42c,c1cdeddedae65d7c87f1a940bd878263,limit_spin_density_zero_rect2x3,rect2x3_hole_2,238,03232,0.0009765625
haxs.stage5c2gR32.g1-quadrature.v1,db1740ac0ad95dc9b7cd3bf474aaf42c,784a9afada66547582b2048ef2a3ee20,limit_spin_density_zero_rect2x3,rect2x3_hole_2,239,03233,0.0009765625
haxs.stage5c2gR32.g1-quadrature.v1,db1740ac0ad95dc9b7cd3bf474aaf42c,878dedd686765d2f939ae730e33aa539,limit_spin_density_zero_rect2x3,rect2x3_hole_2,240,03300,0.0009765625
haxs.stage5c2gR32.g1-quadrature.v1,db1740ac0ad95dc9b7cd3bf474aaf42c,1b3d568b54e15075a88019770aacb2fd,limit_spin_density_zero_rect2x3,rect2x3_hole_2,241,03301,0.0009765625
haxs.stage5c2gR32.g1-quadrature.v1,db1740ac0ad95dc9b7cd3bf474aaf42c,004173d225fa571ca26d3c8380eeeecf,limit_spin_density_zero_rect2x3,rect2x3_hole_2,242,03302,0.0009765625
haxs.stage5c2gR32.g1-quadrature.v1,db1740ac0ad95dc9b7cd3bf474aaf42c,c6a762c2392f55e080a92cdacc0326fc,limit_spin_density_zero_rect2x3,rect2x3_hole_2,243,03303,0.0009765625
haxs.stage5c2gR32.g1-quadrature.v1,db1740ac0ad95dc9b7cd3bf474aaf42c,bdfe9ade603653168e5374040f051ddf,limit_spin_density_zero_rect2x3,rect2x3_hole_2,244,03310,0.0009765625
haxs.stage5c2gR32.g1-quadrature.v1,db1740ac0ad95dc9b7cd3bf474aaf42c,42352eb741db5afd97d938c5cb0558c3,limit_spin_density_zero_rect2x3,rect2x3_hole_2,245,03311,0.0009765625
haxs.stage5c2gR32.g1-quadrature.v1,db1740ac0ad95dc9b7cd3bf474aaf42c,3261c70f3699510ab9394fa81ada02ab,limit_spin_density_zero_rect2x3,rect2x3_hole_2,246,03312,0.0009765625
haxs.stage5c2gR32.g1-quadrature.v1,db1740ac0ad95dc9b7cd3bf474aaf42c,cf455e03572557738d40846c9f1941da,limit_spin_density_zero_rect2x3,rect2x3_hole_2,247,03313,0.0009765625
haxs.stage5c2gR32.g1-quadrature.v1,db1740ac0ad95dc9b7cd3bf474aaf42c,4d3688964e635e9a93584a1596d4e73e,limit_spin_density_zero_rect2x3,rect2x3_hole_2,248,03320,0.0009765625
haxs.stage5c2gR32.g1-quadrature.v1,db1740ac0ad95dc9b7cd3bf474aaf42c,f85a92ce36b05766bf9af055a82c3c05,limit_spin_density_zero_rect2x3,rect2x3_hole_2,249,03321,0.0009765625
haxs.stage5c2gR32.g1-quadrature.v1,db1740ac0ad95dc9b7cd3bf474aaf42c,2b55a32bf94d5b699aaee3a5586c6bae,limit_spin_density_zero_rect2x3,rect2x3_hole_2,250,03322,0.0009765625
haxs.stage5c2gR32.g1-quadrature.v1,db1740ac0ad95dc9b7cd3bf474aaf42c,a1f09c0be809573e88f25540e270a3f7,limit_spin_density_zero_rect2x3,rect2x3_hole_2,251,03323,0.0009765625
haxs.stage5c2gR32.g1-quadrature.v1,db1740ac0ad95dc9b7cd3bf474aaf42c,f506a2bb0a835d41b8857e7efaa2a5e7,limit_spin_density_zero_rect2x3,rect2x3_hole_2,252,03330,0.0009765625
haxs.stage5c2gR32.g1-quadrature.v1,db1740ac0ad95dc9b7cd3bf474aaf42c,afb6a140184c57a1a8f7b1621a303f28,limit_spin_density_zero_rect2x3,rect2x3_hole_2,253,03331,0.0009765625
haxs.stage5c2gR32.g1-quadrature.v1,db1740ac0ad95dc9b7cd3bf474aaf42c,4ebb0a1b8ec950b5b9851ad100a3ec01,limit_spin_density_zero_rect2x3,rect2x3_hole_2,254,03332,0.0009765625
haxs.stage5c2gR32.g1-quadrature.v1,db1740ac0ad95dc9b7cd3bf474aaf42c,5589d98d9a7f5a6eaac332c4ae147179,limit_spin_density_zero_rect2x3,rect2x3_hole_2,255,03333,0.0009765625
haxs.stage5c2gR32.g1-quadrature.v1,db1740ac0ad95dc9b7cd3bf474aaf42c,02b62a3ef6cd5e6cb0772dbd036dc124,limit_spin_density_zero_rect2x3,rect2x3_hole_2,256,10000,0.0009765625
haxs.stage5c2gR32.g1-quadrature.v1,db1740ac0ad95dc9b7cd3bf474aaf42c,cd65c460b72e585184508dd9563c6de5,limit_spin_density_zero_rect2x3,rect2x3_hole_2,257,10001,0.0009765625
haxs.stage5c2gR32.g1-quadrature.v1,db1740ac0ad95dc9b7cd3bf474aaf42c,1bd8ababf78756daa5640e50b12b07cc,limit_spin_density_zero_rect2x3,rect2x3_hole_2,258,10002,0.0009765625
haxs.stage5c2gR32.g1-quadrature.v1,db1740ac0ad95dc9b7cd3bf474aaf42c,057ad3a1b82457ddb2f1949bece09b9b,limit_spin_density_zero_rect2x3,rect2x3_hole_2,259,10003,0.0009765625
haxs.stage5c2gR32.g1-quadrature.v1,db1740ac0ad95dc9b7cd3bf474aaf42c,d2ab853f498955858671a9e63b8acfec,limit_spin_density_zero_rect2x3,rect2x3_hole_2,260,10010,0.0009765625
haxs.stage5c2gR32.g1-quadrature.v1,db1740ac0ad95dc9b7cd3bf474aaf42c,73f726438a6d58d1b872c69605cb60a6,limit_spin_density_zero_rect2x3,rect2x3_hole_2,261,10011,0.0009765625
haxs.stage5c2gR32.g1-quadrature.v1,db1740ac0ad95dc9b7cd3bf474aaf42c,9f495147f6e755a0af2851e5543e24b2,limit_spin_density_zero_rect2x3,rect2x3_hole_2,262,10012,0.0009765625
haxs.stage5c2gR32.g1-quadrature.v1,db1740ac0ad95dc9b7cd3bf474aaf42c,f0062f7ea1735470956218d785d55566,limit_spin_density_zero_rect2x3,rect2x3_hole_2,263,10013,0.0009765625
haxs.stage5c2gR32.g1-quadrature.v1,db1740ac0ad95dc9b7cd3bf474aaf42c,72fd20f5803f58f8b4248e33c66711cb,limit_spin_density_zero_rect2x3,rect2x3_hole_2,264,10020,0.0009765625
haxs.stage5c2gR32.g1-quadrature.v1,db1740ac0ad95dc9b7cd3bf474aaf42c,27e39ced5fd65c61b53871200726a1b8,limit_spin_density_zero_rect2x3,rect2x3_hole_2,265,10021,0.0009765625
haxs.stage5c2gR32.g1-quadrature.v1,db1740ac0ad95dc9b7cd3bf474aaf42c,bf4fb870dc9257538bfb3d2fb94b1735,limit_spin_density_zero_rect2x3,rect2x3_hole_2,266,10022,0.0009765625
haxs.stage5c2gR32.g1-quadrature.v1,db1740ac0ad95dc9b7cd3bf474aaf42c,51801755abb85a508b70d0d9e37a7865,limit_spin_density_zero_rect2x3,rect2x3_hole_2,267,10023,0.0009765625
haxs.stage5c2gR32.g1-quadrature.v1,db1740ac0ad95dc9b7cd3bf474aaf42c,986e750aff5b5aa7a9914078ed1cbdb7,limit_spin_density_zero_rect2x3,rect2x3_hole_2,268,10030,0.0009765625
haxs.stage5c2gR32.g1-quadrature.v1,db1740ac0ad95dc9b7cd3bf474aaf42c,02d55520a67f5044975b9b3ef50430d6,limit_spin_density_zero_rect2x3,rect2x3_hole_2,269,10031,0.0009765625
haxs.stage5c2gR32.g1-quadrature.v1,db1740ac0ad95dc9b7cd3bf474aaf42c,00bf74109d1851d1954ed7a11cdac94b,limit_spin_density_zero_rect2x3,rect2x3_hole_2,270,10032,0.0009765625
haxs.stage5c2gR32.g1-quadrature.v1,db1740ac0ad95dc9b7cd3bf474aaf42c,f7dddecd73ee5cb782c00a6550c15ab6,limit_spin_density_zero_rect2x3,rect2x3_hole_2,271,10033,0.0009765625
haxs.stage5c2gR32.g1-quadrature.v1,db1740ac0ad95dc9b7cd3bf474aaf42c,d3ac618fe8c8520289042e5df3f001cb,limit_spin_density_zero_rect2x3,rect2x3_hole_2,272,10100,0.0009765625
haxs.stage5c2gR32.g1-quadrature.v1,db1740ac0ad95dc9b7cd3bf474aaf42c,3d77ff236c27587ea0bddf845bae873d,limit_spin_density_zero_rect2x3,rect2x3_hole_2,273,10101,0.0009765625
haxs.stage5c2gR32.g1-quadrature.v1,db1740ac0ad95dc9b7cd3bf474aaf42c,c7afb5f66226500d90bb4624761ded5c,limit_spin_density_zero_rect2x3,rect2x3_hole_2,274,10102,0.0009765625
haxs.stage5c2gR32.g1-quadrature.v1,db1740ac0ad95dc9b7cd3bf474aaf42c,076a7d0e44dd5673b7507f772fef76e4,limit_spin_density_zero_rect2x3,rect2x3_hole_2,275,10103,0.0009765625
haxs.stage5c2gR32.g1-quadrature.v1,db1740ac0ad95dc9b7cd3bf474aaf42c,14843832abe35b55aa14ee1e060562e8,limit_spin_density_zero_rect2x3,rect2x3_hole_2,276,10110,0.0009765625
haxs.stage5c2gR32.g1-quadrature.v1,db1740ac0ad95dc9b7cd3bf474aaf42c,b23814748bf75166a1d48d083f835d5c,limit_spin_density_zero_rect2x3,rect2x3_hole_2,277,10111,0.0009765625
haxs.stage5c2gR32.g1-quadrature.v1,db1740ac0ad95dc9b7cd3bf474aaf42c,04c95b93f0e7541e8cea2220f7ef2d5f,limit_spin_density_zero_rect2x3,rect2x3_hole_2,278,10112,0.0009765625
haxs.stage5c2gR32.g1-quadrature.v1,db1740ac0ad95dc9b7cd3bf474aaf42c,74efab4e1033569f9d97783b2ab57a33,limit_spin_density_zero_rect2x3,rect2x3_hole_2,279,10113,0.0009765625
haxs.stage5c2gR32.g1-quadrature.v1,db1740ac0ad95dc9b7cd3bf474aaf42c,e67db908eeff569fb5f93888a90eef38,limit_spin_density_zero_rect2x3,rect2x3_hole_2,280,10120,0.0009765625
haxs.stage5c2gR32.g1-quadrature.v1,db1740ac0ad95dc9b7cd3bf474aaf42c,4dac2af79fe45e8499c4936bbf5e81a1,limit_spin_density_zero_rect2x3,rect2x3_hole_2,281,10121,0.0009765625
haxs.stage5c2gR32.g1-quadrature.v1,db1740ac0ad95dc9b7cd3bf474aaf42c,e02b850fd4f753d8a17d28d3c55efe76,limit_spin_density_zero_rect2x3,rect2x3_hole_2,282,10122,0.0009765625
haxs.stage5c2gR32.g1-quadrature.v1,db1740ac0ad95dc9b7cd3bf474aaf42c,fd04a44f31a95fd6afe0062d1959a18f,limit_spin_density_zero_rect2x3,rect2x3_hole_2,283,10123,0.0009765625
haxs.stage5c2gR32.g1-quadrature.v1,db1740ac0ad95dc9b7cd3bf474aaf42c,ba5d63a318995b6a9841deb7606d1452,limit_spin_density_zero_rect2x3,rect2x3_hole_2,284,10130,0.0009765625
haxs.stage5c2gR32.g1-quadrature.v1,db1740ac0ad95dc9b7cd3bf474aaf42c,234c79fc75e25f1984fed468d10080c8,limit_spin_density_zero_rect2x3,rect2x3_hole_2,285,10131,0.0009765625
haxs.stage5c2gR32.g1-quadrature.v1,db1740ac0ad95dc9b7cd3bf474aaf42c,16e5b5de330255f7ac78c00676a65ba5,limit_spin_density_zero_rect2x3,rect2x3_hole_2,286,10132,0.0009765625
haxs.stage5c2gR32.g1-quadrature.v1,db1740ac0ad95dc9b7cd3bf474aaf42c,c1cbb15a5f1e5c9f8e7b697db9893ec9,limit_spin_density_zero_rect2x3,rect2x3_hole_2,287,10133,0.0009765625
haxs.stage5c2gR32.g1-quadrature.v1,db1740ac0ad95dc9b7cd3bf474aaf42c,f0d9831682b05279b3ed6e13195f3ee0,limit_spin_density_zero_rect2x3,rect2x3_hole_2,288,10200,0.0009765625
haxs.stage5c2gR32.g1-quadrature.v1,db1740ac0ad95dc9b7cd3bf474aaf42c,ffab20039d47582fa5cccc4132cf1d66,limit_spin_density_zero_rect2x3,rect2x3_hole_2,289,10201,0.0009765625
haxs.stage5c2gR32.g1-quadrature.v1,db1740ac0ad95dc9b7cd3bf474aaf42c,4e53d7b466ca5ff7a526213cb22ae061,limit_spin_density_zero_rect2x3,rect2x3_hole_2,290,10202,0.0009765625
haxs.stage5c2gR32.g1-quadrature.v1,db1740ac0ad95dc9b7cd3bf474aaf42c,6d15b14a4e7751c1b6c32aaa15d927a8,limit_spin_density_zero_rect2x3,rect2x3_hole_2,291,10203,0.0009765625
haxs.stage5c2gR32.g1-quadrature.v1,db1740ac0ad95dc9b7cd3bf474aaf42c,458207d1e06a529399504eb39cc8afd8,limit_spin_density_zero_rect2x3,rect2x3_hole_2,292,10210,0.0009765625
haxs.stage5c2gR32.g1-quadrature.v1,db1740ac0ad95dc9b7cd3bf474aaf42c,f3016c03a5da5c03bd02d074feea0e5e,limit_spin_density_zero_rect2x3,rect2x3_hole_2,293,10211,0.0009765625
haxs.stage5c2gR32.g1-quadrature.v1,db1740ac0ad95dc9b7cd3bf474aaf42c,dd5ffaf52bc758fb910a5ce85569ac91,limit_spin_density_zero_rect2x3,rect2x3_hole_2,294,10212,0.0009765625
haxs.stage5c2gR32.g1-quadrature.v1,db1740ac0ad95dc9b7cd3bf474aaf42c,04f6ee3a6ad455a5a69e59ae36b4d615,limit_spin_density_zero_rect2x3,rect2x3_hole_2,295,10213,0.0009765625
haxs.stage5c2gR32.g1-quadrature.v1,db1740ac0ad95dc9b7cd3bf474aaf42c,49292ef9b4425f18b05889fda7586f6a,limit_spin_density_zero_rect2x3,rect2x3_hole_2,296,10220,0.0009765625
haxs.stage5c2gR32.g1-quadrature.v1,db1740ac0ad95dc9b7cd3bf474aaf42c,3379d3375eb351b1a9ede2b68f3c27e6,limit_spin_density_zero_rect2x3,rect2x3_hole_2,297,10221,0.0009765625
haxs.stage5c2gR32.g1-quadrature.v1,db1740ac0ad95dc9b7cd3bf474aaf42c,d1834666158e58d4ad36389505d2da27,limit_spin_density_zero_rect2x3,rect2x3_hole_2,298,10222,0.0009765625
haxs.stage5c2gR32.g1-quadrature.v1,db1740ac0ad95dc9b7cd3bf474aaf42c,e30b92c7b2d85b79b57bca2c7dc1a6a4,limit_spin_density_zero_rect2x3,rect2x3_hole_2,299,10223,0.0009765625
haxs.stage5c2gR32.g1-quadrature.v1,db1740ac0ad95dc9b7cd3bf474aaf42c,12ee4ddb3a91549e8922deb09fa985f2,limit_spin_density_zero_rect2x3,rect2x3_hole_2,300,10230,0.0009765625
haxs.stage5c2gR32.g1-quadrature.v1,db1740ac0ad95dc9b7cd3bf474aaf42c,e9f5ac0139f65092be88721148f4a529,limit_spin_density_zero_rect2x3,rect2x3_hole_2,301,10231,0.0009765625
haxs.stage5c2gR32.g1-quadrature.v1,db1740ac0ad95dc9b7cd3bf474aaf42c,6f691063bacc5bfeaa9e501d4447a265,limit_spin_density_zero_rect2x3,rect2x3_hole_2,302,10232,0.0009765625
haxs.stage5c2gR32.g1-quadrature.v1,db1740ac0ad95dc9b7cd3bf474aaf42c,071c58ec85695a9aa95bacaef06e0a1f,limit_spin_density_zero_rect2x3,rect2x3_hole_2,303,10233,0.0009765625
haxs.stage5c2gR32.g1-quadrature.v1,db1740ac0ad95dc9b7cd3bf474aaf42c,df33b058312953b3b3215cbdf539e6ee,limit_spin_density_zero_rect2x3,rect2x3_hole_2,304,10300,0.0009765625
haxs.stage5c2gR32.g1-quadrature.v1,db1740ac0ad95dc9b7cd3bf474aaf42c,fdef0c71708e52389609cc4f02aeba10,limit_spin_density_zero_rect2x3,rect2x3_hole_2,305,10301,0.0009765625
haxs.stage5c2gR32.g1-quadrature.v1,db1740ac0ad95dc9b7cd3bf474aaf42c,d2e994d02b065c9f9e011ac866beb584,limit_spin_density_zero_rect2x3,rect2x3_hole_2,306,10302,0.0009765625
haxs.stage5c2gR32.g1-quadrature.v1,db1740ac0ad95dc9b7cd3bf474aaf42c,47f101a0114d59568f3d2c585d1f33f4,limit_spin_density_zero_rect2x3,rect2x3_hole_2,307,10303,0.0009765625
haxs.stage5c2gR32.g1-quadrature.v1,db1740ac0ad95dc9b7cd3bf474aaf42c,e06925057cb856ae8161401a753b9e00,limit_spin_density_zero_rect2x3,rect2x3_hole_2,308,10310,0.0009765625
haxs.stage5c2gR32.g1-quadrature.v1,db1740ac0ad95dc9b7cd3bf474aaf42c,d3d3c582bade580386030abae391af29,limit_spin_density_zero_rect2x3,rect2x3_hole_2,309,10311,0.0009765625
haxs.stage5c2gR32.g1-quadrature.v1,db1740ac0ad95dc9b7cd3bf474aaf42c,554e8d65a42d5c969f1f6858643077db,limit_spin_density_zero_rect2x3,rect2x3_hole_2,310,10312,0.0009765625
haxs.stage5c2gR32.g1-quadrature.v1,db1740ac0ad95dc9b7cd3bf474aaf42c,5d9885b0270f55f4b50d7b2f9bff111e,limit_spin_density_zero_rect2x3,rect2x3_hole_2,311,10313,0.0009765625
haxs.stage5c2gR32.g1-quadrature.v1,db1740ac0ad95dc9b7cd3bf474aaf42c,9d6a531a3aa255a98262fb1fad59b766,limit_spin_density_zero_rect2x3,rect2x3_hole_2,312,10320,0.0009765625
haxs.stage5c2gR32.g1-quadrature.v1,db1740ac0ad95dc9b7cd3bf474aaf42c,ee899a265c9f50c5a371072fa6f5fad3,limit_spin_density_zero_rect2x3,rect2x3_hole_2,313,10321,0.0009765625
haxs.stage5c2gR32.g1-quadrature.v1,db1740ac0ad95dc9b7cd3bf474aaf42c,ce0c28736d4a5ea3b26fae84c912454b,limit_spin_density_zero_rect2x3,rect2x3_hole_2,314,10322,0.0009765625
haxs.stage5c2gR32.g1-quadrature.v1,db1740ac0ad95dc9b7cd3bf474aaf42c,1b0314a4ed2d57119592f87132ae48c6,limit_spin_density_zero_rect2x3,rect2x3_hole_2,315,10323,0.0009765625
haxs.stage5c2gR32.g1-quadrature.v1,db1740ac0ad95dc9b7cd3bf474aaf42c,433ae1ccf6155b3880d2e77e914ef478,limit_spin_density_zero_rect2x3,rect2x3_hole_2,316,10330,0.0009765625
haxs.stage5c2gR32.g1-quadrature.v1,db1740ac0ad95dc9b7cd3bf474aaf42c,b46200dfab3b55afb5f818c005c6424b,limit_spin_density_zero_rect2x3,rect2x3_hole_2,317,10331,0.0009765625
haxs.stage5c2gR32.g1-quadrature.v1,db1740ac0ad95dc9b7cd3bf474aaf42c,64d919599d135dbc90cc189bf9622c07,limit_spin_density_zero_rect2x3,rect2x3_hole_2,318,10332,0.0009765625
haxs.stage5c2gR32.g1-quadrature.v1,db1740ac0ad95dc9b7cd3bf474aaf42c,a292d773449058c2b99f0f0ef44eb96b,limit_spin_density_zero_rect2x3,rect2x3_hole_2,319,10333,0.0009765625
haxs.stage5c2gR32.g1-quadrature.v1,db1740ac0ad95dc9b7cd3bf474aaf42c,7051bd2f31885ed6ac805534b9b0a0fc,limit_spin_density_zero_rect2x3,rect2x3_hole_2,320,11000,0.0009765625
haxs.stage5c2gR32.g1-quadrature.v1,db1740ac0ad95dc9b7cd3bf474aaf42c,c72a7edc9e385b9587b0cdbf19921872,limit_spin_density_zero_rect2x3,rect2x3_hole_2,321,11001,0.0009765625
haxs.stage5c2gR32.g1-quadrature.v1,db1740ac0ad95dc9b7cd3bf474aaf42c,724c640ada7858c795c50e3b9506a68f,limit_spin_density_zero_rect2x3,rect2x3_hole_2,322,11002,0.0009765625
haxs.stage5c2gR32.g1-quadrature.v1,db1740ac0ad95dc9b7cd3bf474aaf42c,7fd81d1a34f6561cbb45aba283f5c395,limit_spin_density_zero_rect2x3,rect2x3_hole_2,323,11003,0.0009765625
haxs.stage5c2gR32.g1-quadrature.v1,db1740ac0ad95dc9b7cd3bf474aaf42c,ed685e45625156cfb098b4c3b5b4f7dd,limit_spin_density_zero_rect2x3,rect2x3_hole_2,324,11010,0.0009765625
haxs.stage5c2gR32.g1-quadrature.v1,db1740ac0ad95dc9b7cd3bf474aaf42c,ac98ea85db9f5f788edfed2d84c8d1f1,limit_spin_density_zero_rect2x3,rect2x3_hole_2,325,11011,0.0009765625
haxs.stage5c2gR32.g1-quadrature.v1,db1740ac0ad95dc9b7cd3bf474aaf42c,3caa2689b70f59ceb2586c568a85d8cf,limit_spin_density_zero_rect2x3,rect2x3_hole_2,326,11012,0.0009765625
haxs.stage5c2gR32.g1-quadrature.v1,db1740ac0ad95dc9b7cd3bf474aaf42c,a080bfa837395096b8dac0e7c62a36b0,limit_spin_density_zero_rect2x3,rect2x3_hole_2,327,11013,0.0009765625
haxs.stage5c2gR32.g1-quadrature.v1,db1740ac0ad95dc9b7cd3bf474aaf42c,de59617ec17155f9b2ce4cf38b25ca77,limit_spin_density_zero_rect2x3,rect2x3_hole_2,328,11020,0.0009765625
haxs.stage5c2gR32.g1-quadrature.v1,db1740ac0ad95dc9b7cd3bf474aaf42c,91eddd672fb55112aa157cadf68a2988,limit_spin_density_zero_rect2x3,rect2x3_hole_2,329,11021,0.0009765625
haxs.stage5c2gR32.g1-quadrature.v1,db1740ac0ad95dc9b7cd3bf474aaf42c,7cec69e8eeb056b7a07e75744e5337d3,limit_spin_density_zero_rect2x3,rect2x3_hole_2,330,11022,0.0009765625
haxs.stage5c2gR32.g1-quadrature.v1,db1740ac0ad95dc9b7cd3bf474aaf42c,b63e493d775e5bd5b66b4d99e34735ae,limit_spin_density_zero_rect2x3,rect2x3_hole_2,331,11023,0.0009765625
haxs.stage5c2gR32.g1-quadrature.v1,db1740ac0ad95dc9b7cd3bf474aaf42c,e25331443ce15861ac5cf06e7c587462,limit_spin_density_zero_rect2x3,rect2x3_hole_2,332,11030,0.0009765625
haxs.stage5c2gR32.g1-quadrature.v1,db1740ac0ad95dc9b7cd3bf474aaf42c,dd14b69f5a5c519f8c22410b0dab5644,limit_spin_density_zero_rect2x3,rect2x3_hole_2,333,11031,0.0009765625
haxs.stage5c2gR32.g1-quadrature.v1,db1740ac0ad95dc9b7cd3bf474aaf42c,d7ddf240790d5a3ebf7668e64e412c0e,limit_spin_density_zero_rect2x3,rect2x3_hole_2,334,11032,0.0009765625
haxs.stage5c2gR32.g1-quadrature.v1,db1740ac0ad95dc9b7cd3bf474aaf42c,d0ad2bada5a2539d9f6e87f739392993,limit_spin_density_zero_rect2x3,rect2x3_hole_2,335,11033,0.0009765625
haxs.stage5c2gR32.g1-quadrature.v1,db1740ac0ad95dc9b7cd3bf474aaf42c,62b006c2a435516a81e587c40eb3a983,limit_spin_density_zero_rect2x3,rect2x3_hole_2,336,11100,0.0009765625
haxs.stage5c2gR32.g1-quadrature.v1,db1740ac0ad95dc9b7cd3bf474aaf42c,93b6cd0485ec51c38f78aa2f0aa6aca6,limit_spin_density_zero_rect2x3,rect2x3_hole_2,337,11101,0.0009765625
haxs.stage5c2gR32.g1-quadrature.v1,db1740ac0ad95dc9b7cd3bf474aaf42c,9ec0a098a72e52e49c9c0c021c98e7a8,limit_spin_density_zero_rect2x3,rect2x3_hole_2,338,11102,0.0009765625
haxs.stage5c2gR32.g1-quadrature.v1,db1740ac0ad95dc9b7cd3bf474aaf42c,a20e0f56dac854c58a8504c9728092f0,limit_spin_density_zero_rect2x3,rect2x3_hole_2,339,11103,0.0009765625
haxs.stage5c2gR32.g1-quadrature.v1,db1740ac0ad95dc9b7cd3bf474aaf42c,985db88114d4539c9d9567ecdd229101,limit_spin_density_zero_rect2x3,rect2x3_hole_2,340,11110,0.0009765625
haxs.stage5c2gR32.g1-quadrature.v1,db1740ac0ad95dc9b7cd3bf474aaf42c,ad7f198bfaa159099d145d8f12a8ca7f,limit_spin_density_zero_rect2x3,rect2x3_hole_2,341,11111,0.0009765625
haxs.stage5c2gR32.g1-quadrature.v1,db1740ac0ad95dc9b7cd3bf474aaf42c,2c538f4d2bc45ac8bbffb9dcca1321e9,limit_spin_density_zero_rect2x3,rect2x3_hole_2,342,11112,0.0009765625
haxs.stage5c2gR32.g1-quadrature.v1,db1740ac0ad95dc9b7cd3bf474aaf42c,5f7a3abe0d1d5674990d2fac492303ed,limit_spin_density_zero_rect2x3,rect2x3_hole_2,343,11113,0.0009765625
haxs.stage5c2gR32.g1-quadrature.v1,db1740ac0ad95dc9b7cd3bf474aaf42c,6bc39b2083585529b6cfb73ac95cdb32,limit_spin_density_zero_rect2x3,rect2x3_hole_2,344,11120,0.0009765625
haxs.stage5c2gR32.g1-quadrature.v1,db1740ac0ad95dc9b7cd3bf474aaf42c,2a3e9b8ceb505e11b725a63e96b8fb6f,limit_spin_density_zero_rect2x3,rect2x3_hole_2,345,11121,0.0009765625
haxs.stage5c2gR32.g1-quadrature.v1,db1740ac0ad95dc9b7cd3bf474aaf42c,3b6b5340c5e95d46a18ab15907c98a41,limit_spin_density_zero_rect2x3,rect2x3_hole_2,346,11122,0.0009765625
haxs.stage5c2gR32.g1-quadrature.v1,db1740ac0ad95dc9b7cd3bf474aaf42c,dfc6d82df7875280bdfe119f8b7ac014,limit_spin_density_zero_rect2x3,rect2x3_hole_2,347,11123,0.0009765625
haxs.stage5c2gR32.g1-quadrature.v1,db1740ac0ad95dc9b7cd3bf474aaf42c,4e18f8dc8b1f528b9a496b75c428658a,limit_spin_density_zero_rect2x3,rect2x3_hole_2,348,11130,0.0009765625
haxs.stage5c2gR32.g1-quadrature.v1,db1740ac0ad95dc9b7cd3bf474aaf42c,c5be68cf12e75612a1d1fd583339fda4,limit_spin_density_zero_rect2x3,rect2x3_hole_2,349,11131,0.0009765625
haxs.stage5c2gR32.g1-quadrature.v1,db1740ac0ad95dc9b7cd3bf474aaf42c,40946c86c98355db9f6bf1329444475e,limit_spin_density_zero_rect2x3,rect2x3_hole_2,350,11132,0.0009765625
haxs.stage5c2gR32.g1-quadrature.v1,db1740ac0ad95dc9b7cd3bf474aaf42c,f6e38e4ceef75acdab1abbd6e00031bd,limit_spin_density_zero_rect2x3,rect2x3_hole_2,351,11133,0.0009765625
haxs.stage5c2gR32.g1-quadrature.v1,db1740ac0ad95dc9b7cd3bf474aaf42c,9299cab12ddd55c0be6dba2ef588a657,limit_spin_density_zero_rect2x3,rect2x3_hole_2,352,11200,0.0009765625
haxs.stage5c2gR32.g1-quadrature.v1,db1740ac0ad95dc9b7cd3bf474aaf42c,a9a9b7b03843584cab41ae2dc0450fb6,limit_spin_density_zero_rect2x3,rect2x3_hole_2,353,11201,0.0009765625
haxs.stage5c2gR32.g1-quadrature.v1,db1740ac0ad95dc9b7cd3bf474aaf42c,b7c328f4b6775c4db91a12949d66de86,limit_spin_density_zero_rect2x3,rect2x3_hole_2,354,11202,0.0009765625
haxs.stage5c2gR32.g1-quadrature.v1,db1740ac0ad95dc9b7cd3bf474aaf42c,fb91ceddbddc5950b39fbb7355a50da6,limit_spin_density_zero_rect2x3,rect2x3_hole_2,355,11203,0.0009765625
haxs.stage5c2gR32.g1-quadrature.v1,db1740ac0ad95dc9b7cd3bf474aaf42c,d38924843199580580b7a8f2cc9b5c89,limit_spin_density_zero_rect2x3,rect2x3_hole_2,356,11210,0.0009765625
haxs.stage5c2gR32.g1-quadrature.v1,db1740ac0ad95dc9b7cd3bf474aaf42c,847a0045e93c50eb9e2a6fb1dbace44b,limit_spin_density_zero_rect2x3,rect2x3_hole_2,357,11211,0.0009765625
haxs.stage5c2gR32.g1-quadrature.v1,db1740ac0ad95dc9b7cd3bf474aaf42c,a4720e88f6bf5f798d82eca17f37a2a3,limit_spin_density_zero_rect2x3,rect2x3_hole_2,358,11212,0.0009765625
haxs.stage5c2gR32.g1-quadrature.v1,db1740ac0ad95dc9b7cd3bf474aaf42c,2c622cd0914d5283880cbe7a97852f5d,limit_spin_density_zero_rect2x3,rect2x3_hole_2,359,11213,0.0009765625
haxs.stage5c2gR32.g1-quadrature.v1,db1740ac0ad95dc9b7cd3bf474aaf42c,3d135f8517e45e5b8f5e5159f3f2e519,limit_spin_density_zero_rect2x3,rect2x3_hole_2,360,11220,0.0009765625
haxs.stage5c2gR32.g1-quadrature.v1,db1740ac0ad95dc9b7cd3bf474aaf42c,9215fa8a93275577a872c1217ec3f1f7,limit_spin_density_zero_rect2x3,rect2x3_hole_2,361,11221,0.0009765625
haxs.stage5c2gR32.g1-quadrature.v1,db1740ac0ad95dc9b7cd3bf474aaf42c,04c3789529cc5cf69da48fa9a1ed29ac,limit_spin_density_zero_rect2x3,rect2x3_hole_2,362,11222,0.0009765625
haxs.stage5c2gR32.g1-quadrature.v1,db1740ac0ad95dc9b7cd3bf474aaf42c,d1ef770708ad52fd9475d2cf5fa69acc,limit_spin_density_zero_rect2x3,rect2x3_hole_2,363,11223,0.0009765625
haxs.stage5c2gR32.g1-quadrature.v1,db1740ac0ad95dc9b7cd3bf474aaf42c,76c73eca56505f7a81fc9fadf3ecf5b3,limit_spin_density_zero_rect2x3,rect2x3_hole_2,364,11230,0.0009765625
haxs.stage5c2gR32.g1-quadrature.v1,db1740ac0ad95dc9b7cd3bf474aaf42c,3e7b5d695dcc5373a310f8c0d37b848f,limit_spin_density_zero_rect2x3,rect2x3_hole_2,365,11231,0.0009765625
haxs.stage5c2gR32.g1-quadrature.v1,db1740ac0ad95dc9b7cd3bf474aaf42c,9d08d5d53b79528eb85561c6bee38785,limit_spin_density_zero_rect2x3,rect2x3_hole_2,366,11232,0.0009765625
haxs.stage5c2gR32.g1-quadrature.v1,db1740ac0ad95dc9b7cd3bf474aaf42c,b92cbcf1b70c5598a1d91bb149e32ed2,limit_spin_density_zero_rect2x3,rect2x3_hole_2,367,11233,0.0009765625
haxs.stage5c2gR32.g1-quadrature.v1,db1740ac0ad95dc9b7cd3bf474aaf42c,1365cb11a1945cee873b1ed30676ebf6,limit_spin_density_zero_rect2x3,rect2x3_hole_2,368,11300,0.0009765625
haxs.stage5c2gR32.g1-quadrature.v1,db1740ac0ad95dc9b7cd3bf474aaf42c,ecf87dab820c59ee8d0175134509ad5d,limit_spin_density_zero_rect2x3,rect2x3_hole_2,369,11301,0.0009765625
haxs.stage5c2gR32.g1-quadrature.v1,db1740ac0ad95dc9b7cd3bf474aaf42c,0f3d9c9824d052769d475b91440b6689,limit_spin_density_zero_rect2x3,rect2x3_hole_2,370,11302,0.0009765625
haxs.stage5c2gR32.g1-quadrature.v1,db1740ac0ad95dc9b7cd3bf474aaf42c,f0ab1cc925ee5b489492fad6a656f6e5,limit_spin_density_zero_rect2x3,rect2x3_hole_2,371,11303,0.0009765625
haxs.stage5c2gR32.g1-quadrature.v1,db1740ac0ad95dc9b7cd3bf474aaf42c,a558a4ba6c7257d6ab071b2392ab6698,limit_spin_density_zero_rect2x3,rect2x3_hole_2,372,11310,0.0009765625
haxs.stage5c2gR32.g1-quadrature.v1,db1740ac0ad95dc9b7cd3bf474aaf42c,04d0b0f273b25642be4c4fa348e4bf05,limit_spin_density_zero_rect2x3,rect2x3_hole_2,373,11311,0.0009765625
haxs.stage5c2gR32.g1-quadrature.v1,db1740ac0ad95dc9b7cd3bf474aaf42c,b8e22958bad551e8bf082fc00ba85526,limit_spin_density_zero_rect2x3,rect2x3_hole_2,374,11312,0.0009765625
haxs.stage5c2gR32.g1-quadrature.v1,db1740ac0ad95dc9b7cd3bf474aaf42c,ba1d7307db625eeb91d759c1a832c125,limit_spin_density_zero_rect2x3,rect2x3_hole_2,375,11313,0.0009765625
haxs.stage5c2gR32.g1-quadrature.v1,db1740ac0ad95dc9b7cd3bf474aaf42c,a755ba1dc79d56b3aa9d2db41e207bd3,limit_spin_density_zero_rect2x3,rect2x3_hole_2,376,11320,0.0009765625
haxs.stage5c2gR32.g1-quadrature.v1,db1740ac0ad95dc9b7cd3bf474aaf42c,9a5a140fb02a5307aa64b2e6083370af,limit_spin_density_zero_rect2x3,rect2x3_hole_2,377,11321,0.0009765625
haxs.stage5c2gR32.g1-quadrature.v1,db1740ac0ad95dc9b7cd3bf474aaf42c,0abf5d0e199055f1965e979c6fadb4c8,limit_spin_density_zero_rect2x3,rect2x3_hole_2,378,11322,0.0009765625
haxs.stage5c2gR32.g1-quadrature.v1,db1740ac0ad95dc9b7cd3bf474aaf42c,95278aecd8465c0db648d6c809a0fbb5,limit_spin_density_zero_rect2x3,rect2x3_hole_2,379,11323,0.0009765625
haxs.stage5c2gR32.g1-quadrature.v1,db1740ac0ad95dc9b7cd3bf474aaf42c,1c533f0248de5426af067b2449ac0f17,limit_spin_density_zero_rect2x3,rect2x3_hole_2,380,11330,0.0009765625
haxs.stage5c2gR32.g1-quadrature.v1,db1740ac0ad95dc9b7cd3bf474aaf42c,9ba3533e60545d7cabf03ba0513dfa05,limit_spin_density_zero_rect2x3,rect2x3_hole_2,381,11331,0.0009765625
haxs.stage5c2gR32.g1-quadrature.v1,db1740ac0ad95dc9b7cd3bf474aaf42c,5035cb3479095b83932b7cb1b55c8e58,limit_spin_density_zero_rect2x3,rect2x3_hole_2,382,11332,0.0009765625
haxs.stage5c2gR32.g1-quadrature.v1,db1740ac0ad95dc9b7cd3bf474aaf42c,739ebb6c803b548899df497416f43830,limit_spin_density_zero_rect2x3,rect2x3_hole_2,383,11333,0.0009765625
haxs.stage5c2gR32.g1-quadrature.v1,db1740ac0ad95dc9b7cd3bf474aaf42c,14ccacd022b95c5aae9cea02ef7184c0,limit_spin_density_zero_rect2x3,rect2x3_hole_2,384,12000,0.0009765625
haxs.stage5c2gR32.g1-quadrature.v1,db1740ac0ad95dc9b7cd3bf474aaf42c,b085e6f2bcea54a081b5e0eb7d78d729,limit_spin_density_zero_rect2x3,rect2x3_hole_2,385,12001,0.0009765625
haxs.stage5c2gR32.g1-quadrature.v1,db1740ac0ad95dc9b7cd3bf474aaf42c,d8d84ca5c365592089c2bf7b18bba67b,limit_spin_density_zero_rect2x3,rect2x3_hole_2,386,12002,0.0009765625
haxs.stage5c2gR32.g1-quadrature.v1,db1740ac0ad95dc9b7cd3bf474aaf42c,76738fb4f9b250dd9cf116b034e04224,limit_spin_density_zero_rect2x3,rect2x3_hole_2,387,12003,0.0009765625
haxs.stage5c2gR32.g1-quadrature.v1,db1740ac0ad95dc9b7cd3bf474aaf42c,be222917cc43537db2627c63e449585a,limit_spin_density_zero_rect2x3,rect2x3_hole_2,388,12010,0.0009765625
haxs.stage5c2gR32.g1-quadrature.v1,db1740ac0ad95dc9b7cd3bf474aaf42c,2e4a0a01d5e3586f9dbde8e06fa9817b,limit_spin_density_zero_rect2x3,rect2x3_hole_2,389,12011,0.0009765625
haxs.stage5c2gR32.g1-quadrature.v1,db1740ac0ad95dc9b7cd3bf474aaf42c,c3d354f3ddf359fbb5d3f741896972c7,limit_spin_density_zero_rect2x3,rect2x3_hole_2,390,12012,0.0009765625
haxs.stage5c2gR32.g1-quadrature.v1,db1740ac0ad95dc9b7cd3bf474aaf42c,c52b6ef3bf625ef9a350c0abf86805a5,limit_spin_density_zero_rect2x3,rect2x3_hole_2,391,12013,0.0009765625
haxs.stage5c2gR32.g1-quadrature.v1,db1740ac0ad95dc9b7cd3bf474aaf42c,5195cd1dfc8450a2ad0e6e53739260a4,limit_spin_density_zero_rect2x3,rect2x3_hole_2,392,12020,0.0009765625
haxs.stage5c2gR32.g1-quadrature.v1,db1740ac0ad95dc9b7cd3bf474aaf42c,bcd5b91db5525e8284ba157a3eca65de,limit_spin_density_zero_rect2x3,rect2x3_hole_2,393,12021,0.0009765625
haxs.stage5c2gR32.g1-quadrature.v1,db1740ac0ad95dc9b7cd3bf474aaf42c,50fbf006d15b5d02b993ab2b53ba13c7,limit_spin_density_zero_rect2x3,rect2x3_hole_2,394,12022,0.0009765625
haxs.stage5c2gR32.g1-quadrature.v1,db1740ac0ad95dc9b7cd3bf474aaf42c,0a28618de08555c787551a62185cdebe,limit_spin_density_zero_rect2x3,rect2x3_hole_2,395,12023,0.0009765625
haxs.stage5c2gR32.g1-quadrature.v1,db1740ac0ad95dc9b7cd3bf474aaf42c,542219704eb250b39c2e8b664f70bbbe,limit_spin_density_zero_rect2x3,rect2x3_hole_2,396,12030,0.0009765625
haxs.stage5c2gR32.g1-quadrature.v1,db1740ac0ad95dc9b7cd3bf474aaf42c,5df2ba35d6cb5a7c881d6589a7be3712,limit_spin_density_zero_rect2x3,rect2x3_hole_2,397,12031,0.0009765625
haxs.stage5c2gR32.g1-quadrature.v1,db1740ac0ad95dc9b7cd3bf474aaf42c,6c6b771f28ff51c08669a1c16ec2d135,limit_spin_density_zero_rect2x3,rect2x3_hole_2,398,12032,0.0009765625
haxs.stage5c2gR32.g1-quadrature.v1,db1740ac0ad95dc9b7cd3bf474aaf42c,fb5418dda7515e21b3180d4116d22892,limit_spin_density_zero_rect2x3,rect2x3_hole_2,399,12033,0.0009765625
haxs.stage5c2gR32.g1-quadrature.v1,db1740ac0ad95dc9b7cd3bf474aaf42c,3b8b65cc862656fdba34caae2b3c70e7,limit_spin_density_zero_rect2x3,rect2x3_hole_2,400,12100,0.0009765625
haxs.stage5c2gR32.g1-quadrature.v1,db1740ac0ad95dc9b7cd3bf474aaf42c,64ef2d5be4cb534395778c446fbf79c2,limit_spin_density_zero_rect2x3,rect2x3_hole_2,401,12101,0.0009765625
haxs.stage5c2gR32.g1-quadrature.v1,db1740ac0ad95dc9b7cd3bf474aaf42c,d745a07b10f452b4bfbf70200a5e5417,limit_spin_density_zero_rect2x3,rect2x3_hole_2,402,12102,0.0009765625
haxs.stage5c2gR32.g1-quadrature.v1,db1740ac0ad95dc9b7cd3bf474aaf42c,ef218ce21d5a5ffdbe80d6509bdbaa01,limit_spin_density_zero_rect2x3,rect2x3_hole_2,403,12103,0.0009765625
haxs.stage5c2gR32.g1-quadrature.v1,db1740ac0ad95dc9b7cd3bf474aaf42c,7f4525231bc258f1a90c645781d14457,limit_spin_density_zero_rect2x3,rect2x3_hole_2,404,12110,0.0009765625
haxs.stage5c2gR32.g1-quadrature.v1,db1740ac0ad95dc9b7cd3bf474aaf42c,f690d32abf6b56b7a3e9c3c95d8d0f35,limit_spin_density_zero_rect2x3,rect2x3_hole_2,405,12111,0.0009765625
haxs.stage5c2gR32.g1-quadrature.v1,db1740ac0ad95dc9b7cd3bf474aaf42c,6bd0dd4ba21f5c4a8d38639e840dcd15,limit_spin_density_zero_rect2x3,rect2x3_hole_2,406,12112,0.0009765625
haxs.stage5c2gR32.g1-quadrature.v1,db1740ac0ad95dc9b7cd3bf474aaf42c,5255a1b19c0e5c99a9a6fd69747e29e9,limit_spin_density_zero_rect2x3,rect2x3_hole_2,407,12113,0.0009765625
haxs.stage5c2gR32.g1-quadrature.v1,db1740ac0ad95dc9b7cd3bf474aaf42c,d6585d2e95b85464a961548f9c37e993,limit_spin_density_zero_rect2x3,rect2x3_hole_2,408,12120,0.0009765625
haxs.stage5c2gR32.g1-quadrature.v1,db1740ac0ad95dc9b7cd3bf474aaf42c,f58f941c305552afa27a94ec816a8d97,limit_spin_density_zero_rect2x3,rect2x3_hole_2,409,12121,0.0009765625
haxs.stage5c2gR32.g1-quadrature.v1,db1740ac0ad95dc9b7cd3bf474aaf42c,34f64ff040aa5027ae4ce1c7a83ccd09,limit_spin_density_zero_rect2x3,rect2x3_hole_2,410,12122,0.0009765625
haxs.stage5c2gR32.g1-quadrature.v1,db1740ac0ad95dc9b7cd3bf474aaf42c,ff1248d1c4435ecb9fe4d95cb260f5ad,limit_spin_density_zero_rect2x3,rect2x3_hole_2,411,12123,0.0009765625
haxs.stage5c2gR32.g1-quadrature.v1,db1740ac0ad95dc9b7cd3bf474aaf42c,5b640da2b3ce53f8a715f0c3c409fa0f,limit_spin_density_zero_rect2x3,rect2x3_hole_2,412,12130,0.0009765625
haxs.stage5c2gR32.g1-quadrature.v1,db1740ac0ad95dc9b7cd3bf474aaf42c,602f1213b7e45d298e80684279ca9c06,limit_spin_density_zero_rect2x3,rect2x3_hole_2,413,12131,0.0009765625
haxs.stage5c2gR32.g1-quadrature.v1,db1740ac0ad95dc9b7cd3bf474aaf42c,a86d6dab797456028085c6d9652223e5,limit_spin_density_zero_rect2x3,rect2x3_hole_2,414,12132,0.0009765625
haxs.stage5c2gR32.g1-quadrature.v1,db1740ac0ad95dc9b7cd3bf474aaf42c,36963f9739ae5f3588659a51f1dc9c0a,limit_spin_density_zero_rect2x3,rect2x3_hole_2,415,12133,0.0009765625
haxs.stage5c2gR32.g1-quadrature.v1,db1740ac0ad95dc9b7cd3bf474aaf42c,cb5b9bb2e79953489bf089f2da3568d7,limit_spin_density_zero_rect2x3,rect2x3_hole_2,416,12200,0.0009765625
haxs.stage5c2gR32.g1-quadrature.v1,db1740ac0ad95dc9b7cd3bf474aaf42c,23dd931f4e4952a484468f4f7512cd42,limit_spin_density_zero_rect2x3,rect2x3_hole_2,417,12201,0.0009765625
haxs.stage5c2gR32.g1-quadrature.v1,db1740ac0ad95dc9b7cd3bf474aaf42c,ae37024257b85c5e9365a0c5ee36febd,limit_spin_density_zero_rect2x3,rect2x3_hole_2,418,12202,0.0009765625
haxs.stage5c2gR32.g1-quadrature.v1,db1740ac0ad95dc9b7cd3bf474aaf42c,fa78599a623d50ab9c1b71453bc1e910,limit_spin_density_zero_rect2x3,rect2x3_hole_2,419,12203,0.0009765625
haxs.stage5c2gR32.g1-quadrature.v1,db1740ac0ad95dc9b7cd3bf474aaf42c,782152ad5ba85ff7be7e1bf51ab7276d,limit_spin_density_zero_rect2x3,rect2x3_hole_2,420,12210,0.0009765625
haxs.stage5c2gR32.g1-quadrature.v1,db1740ac0ad95dc9b7cd3bf474aaf42c,45211d2782275ed384a77437bc4cbe84,limit_spin_density_zero_rect2x3,rect2x3_hole_2,421,12211,0.0009765625
haxs.stage5c2gR32.g1-quadrature.v1,db1740ac0ad95dc9b7cd3bf474aaf42c,cf0b0e8d2cad55eeb817677c89e8b7c9,limit_spin_density_zero_rect2x3,rect2x3_hole_2,422,12212,0.0009765625
haxs.stage5c2gR32.g1-quadrature.v1,db1740ac0ad95dc9b7cd3bf474aaf42c,bc7f1d5232d85d19936943a380cf2b76,limit_spin_density_zero_rect2x3,rect2x3_hole_2,423,12213,0.0009765625
haxs.stage5c2gR32.g1-quadrature.v1,db1740ac0ad95dc9b7cd3bf474aaf42c,9ba2ba288ec15df69d9d9488bda70f2d,limit_spin_density_zero_rect2x3,rect2x3_hole_2,424,12220,0.0009765625
haxs.stage5c2gR32.g1-quadrature.v1,db1740ac0ad95dc9b7cd3bf474aaf42c,f2edeb00f61550f8a8c88ead333f48e9,limit_spin_density_zero_rect2x3,rect2x3_hole_2,425,12221,0.0009765625
haxs.stage5c2gR32.g1-quadrature.v1,db1740ac0ad95dc9b7cd3bf474aaf42c,fc998a47c5405aae92bec8f72e362dff,limit_spin_density_zero_rect2x3,rect2x3_hole_2,426,12222,0.0009765625
haxs.stage5c2gR32.g1-quadrature.v1,db1740ac0ad95dc9b7cd3bf474aaf42c,711cc18dc32456eaa87c06cdec15679b,limit_spin_density_zero_rect2x3,rect2x3_hole_2,427,12223,0.0009765625
haxs.stage5c2gR32.g1-quadrature.v1,db1740ac0ad95dc9b7cd3bf474aaf42c,802aa0c318305610a81ece773714a355,limit_spin_density_zero_rect2x3,rect2x3_hole_2,428,12230,0.0009765625
haxs.stage5c2gR32.g1-quadrature.v1,db1740ac0ad95dc9b7cd3bf474aaf42c,582878d438875a9f835ded61a95f14b5,limit_spin_density_zero_rect2x3,rect2x3_hole_2,429,12231,0.0009765625
haxs.stage5c2gR32.g1-quadrature.v1,db1740ac0ad95dc9b7cd3bf474aaf42c,d858667e9eee5f2382e2ec0d1c3c4ae6,limit_spin_density_zero_rect2x3,rect2x3_hole_2,430,12232,0.0009765625
haxs.stage5c2gR32.g1-quadrature.v1,db1740ac0ad95dc9b7cd3bf474aaf42c,e16c66738bd25520bd131b2d0a6cfc5f,limit_spin_density_zero_rect2x3,rect2x3_hole_2,431,12233,0.0009765625
haxs.stage5c2gR32.g1-quadrature.v1,db1740ac0ad95dc9b7cd3bf474aaf42c,1feeb0d245a454cba9366e9bd785f1a8,limit_spin_density_zero_rect2x3,rect2x3_hole_2,432,12300,0.0009765625
haxs.stage5c2gR32.g1-quadrature.v1,db1740ac0ad95dc9b7cd3bf474aaf42c,46580cc31e0e598ca3ae9b81a9288f72,limit_spin_density_zero_rect2x3,rect2x3_hole_2,433,12301,0.0009765625
haxs.stage5c2gR32.g1-quadrature.v1,db1740ac0ad95dc9b7cd3bf474aaf42c,8b9df7136b5f56b4949a58546079cc1b,limit_spin_density_zero_rect2x3,rect2x3_hole_2,434,12302,0.0009765625
haxs.stage5c2gR32.g1-quadrature.v1,db1740ac0ad95dc9b7cd3bf474aaf42c,65b05223499e5a698f4f29472f856aa1,limit_spin_density_zero_rect2x3,rect2x3_hole_2,435,12303,0.0009765625
haxs.stage5c2gR32.g1-quadrature.v1,db1740ac0ad95dc9b7cd3bf474aaf42c,a2688bd13c325c47adb12f0858c0338a,limit_spin_density_zero_rect2x3,rect2x3_hole_2,436,12310,0.0009765625
haxs.stage5c2gR32.g1-quadrature.v1,db1740ac0ad95dc9b7cd3bf474aaf42c,57f9bb7889185616a8da023eef56fb20,limit_spin_density_zero_rect2x3,rect2x3_hole_2,437,12311,0.0009765625
haxs.stage5c2gR32.g1-quadrature.v1,db1740ac0ad95dc9b7cd3bf474aaf42c,c8ca5702843a5aadb371594232e6dd63,limit_spin_density_zero_rect2x3,rect2x3_hole_2,438,12312,0.0009765625
haxs.stage5c2gR32.g1-quadrature.v1,db1740ac0ad95dc9b7cd3bf474aaf42c,0b69fdbb3788513a84d89c6bc02d1fe2,limit_spin_density_zero_rect2x3,rect2x3_hole_2,439,12313,0.0009765625
haxs.stage5c2gR32.g1-quadrature.v1,db1740ac0ad95dc9b7cd3bf474aaf42c,67cea31f9e5b541a8b44c46dc2d75dd9,limit_spin_density_zero_rect2x3,rect2x3_hole_2,440,12320,0.0009765625
haxs.stage5c2gR32.g1-quadrature.v1,db1740ac0ad95dc9b7cd3bf474aaf42c,b552f2cc97045032ad1dd0899474b78d,limit_spin_density_zero_rect2x3,rect2x3_hole_2,441,12321,0.0009765625
haxs.stage5c2gR32.g1-quadrature.v1,db1740ac0ad95dc9b7cd3bf474aaf42c,ecadef3419a35939bffab39904785c95,limit_spin_density_zero_rect2x3,rect2x3_hole_2,442,12322,0.0009765625
haxs.stage5c2gR32.g1-quadrature.v1,db1740ac0ad95dc9b7cd3bf474aaf42c,1023d1e637645831944ed0d27372449e,limit_spin_density_zero_rect2x3,rect2x3_hole_2,443,12323,0.0009765625
haxs.stage5c2gR32.g1-quadrature.v1,db1740ac0ad95dc9b7cd3bf474aaf42c,2ea2a155611d51e88c34d131b742d698,limit_spin_density_zero_rect2x3,rect2x3_hole_2,444,12330,0.0009765625
haxs.stage5c2gR32.g1-quadrature.v1,db1740ac0ad95dc9b7cd3bf474aaf42c,dc9c47ea81b15f9c93ce2d206377eef2,limit_spin_density_zero_rect2x3,rect2x3_hole_2,445,12331,0.0009765625
haxs.stage5c2gR32.g1-quadrature.v1,db1740ac0ad95dc9b7cd3bf474aaf42c,dba2d4dc3ad0580cafda4bb7fd7ebc12,limit_spin_density_zero_rect2x3,rect2x3_hole_2,446,12332,0.0009765625
haxs.stage5c2gR32.g1-quadrature.v1,db1740ac0ad95dc9b7cd3bf474aaf42c,b3d92460c87250ada41d8ca6d58fd0b9,limit_spin_density_zero_rect2x3,rect2x3_hole_2,447,12333,0.0009765625
haxs.stage5c2gR32.g1-quadrature.v1,db1740ac0ad95dc9b7cd3bf474aaf42c,83468c5293565f21910a6c6a40564a44,limit_spin_density_zero_rect2x3,rect2x3_hole_2,448,13000,0.0009765625
haxs.stage5c2gR32.g1-quadrature.v1,db1740ac0ad95dc9b7cd3bf474aaf42c,f08e1020d055591681744ea49f2c74f8,limit_spin_density_zero_rect2x3,rect2x3_hole_2,449,13001,0.0009765625
haxs.stage5c2gR32.g1-quadrature.v1,db1740ac0ad95dc9b7cd3bf474aaf42c,b8a079c5afb45615b49f67775f09f091,limit_spin_density_zero_rect2x3,rect2x3_hole_2,450,13002,0.0009765625
haxs.stage5c2gR32.g1-quadrature.v1,db1740ac0ad95dc9b7cd3bf474aaf42c,6c5ac4cc8de25978b91c0c28bedb9271,limit_spin_density_zero_rect2x3,rect2x3_hole_2,451,13003,0.0009765625
haxs.stage5c2gR32.g1-quadrature.v1,db1740ac0ad95dc9b7cd3bf474aaf42c,1926b3d2438056f197980b750164a083,limit_spin_density_zero_rect2x3,rect2x3_hole_2,452,13010,0.0009765625
haxs.stage5c2gR32.g1-quadrature.v1,db1740ac0ad95dc9b7cd3bf474aaf42c,854ad39ac01a5549ac0a628df7e83449,limit_spin_density_zero_rect2x3,rect2x3_hole_2,453,13011,0.0009765625
haxs.stage5c2gR32.g1-quadrature.v1,db1740ac0ad95dc9b7cd3bf474aaf42c,726f77dd9d35527486f088ea6e97dbf6,limit_spin_density_zero_rect2x3,rect2x3_hole_2,454,13012,0.0009765625
haxs.stage5c2gR32.g1-quadrature.v1,db1740ac0ad95dc9b7cd3bf474aaf42c,a6074113aa70508c8eaee572824e1371,limit_spin_density_zero_rect2x3,rect2x3_hole_2,455,13013,0.0009765625
haxs.stage5c2gR32.g1-quadrature.v1,db1740ac0ad95dc9b7cd3bf474aaf42c,063fa99d87c35faa90d6d4c150936f32,limit_spin_density_zero_rect2x3,rect2x3_hole_2,456,13020,0.0009765625
haxs.stage5c2gR32.g1-quadrature.v1,db1740ac0ad95dc9b7cd3bf474aaf42c,68a5336275c352fea66309d2b7f78f45,limit_spin_density_zero_rect2x3,rect2x3_hole_2,457,13021,0.0009765625
haxs.stage5c2gR32.g1-quadrature.v1,db1740ac0ad95dc9b7cd3bf474aaf42c,c2ec0f94c67d5e48aa1160ab28e3d177,limit_spin_density_zero_rect2x3,rect2x3_hole_2,458,13022,0.0009765625
haxs.stage5c2gR32.g1-quadrature.v1,db1740ac0ad95dc9b7cd3bf474aaf42c,207cb8cd21c351edba6b68fdf6c5f650,limit_spin_density_zero_rect2x3,rect2x3_hole_2,459,13023,0.0009765625
haxs.stage5c2gR32.g1-quadrature.v1,db1740ac0ad95dc9b7cd3bf474aaf42c,c4427c952fae59798e0eebc69544c35b,limit_spin_density_zero_rect2x3,rect2x3_hole_2,460,13030,0.0009765625
haxs.stage5c2gR32.g1-quadrature.v1,db1740ac0ad95dc9b7cd3bf474aaf42c,1bfc08dd2a2c5e35abd79bad5cb06c92,limit_spin_density_zero_rect2x3,rect2x3_hole_2,461,13031,0.0009765625
haxs.stage5c2gR32.g1-quadrature.v1,db1740ac0ad95dc9b7cd3bf474aaf42c,6abff6bdf4ec5665baa018509d44d8e2,limit_spin_density_zero_rect2x3,rect2x3_hole_2,462,13032,0.0009765625
haxs.stage5c2gR32.g1-quadrature.v1,db1740ac0ad95dc9b7cd3bf474aaf42c,4fce72b398255670a56f636d1100a691,limit_spin_density_zero_rect2x3,rect2x3_hole_2,463,13033,0.0009765625
haxs.stage5c2gR32.g1-quadrature.v1,db1740ac0ad95dc9b7cd3bf474aaf42c,b09598eb8afc58ec952432c7e64fa413,limit_spin_density_zero_rect2x3,rect2x3_hole_2,464,13100,0.0009765625
haxs.stage5c2gR32.g1-quadrature.v1,db1740ac0ad95dc9b7cd3bf474aaf42c,be237100afff5114a452b903241b4b73,limit_spin_density_zero_rect2x3,rect2x3_hole_2,465,13101,0.0009765625
haxs.stage5c2gR32.g1-quadrature.v1,db1740ac0ad95dc9b7cd3bf474aaf42c,c1ba7b4709b55bedb784fc8ebc7411bb,limit_spin_density_zero_rect2x3,rect2x3_hole_2,466,13102,0.0009765625
haxs.stage5c2gR32.g1-quadrature.v1,db1740ac0ad95dc9b7cd3bf474aaf42c,9736181dfec2525aa270468331b846ac,limit_spin_density_zero_rect2x3,rect2x3_hole_2,467,13103,0.0009765625
haxs.stage5c2gR32.g1-quadrature.v1,db1740ac0ad95dc9b7cd3bf474aaf42c,45c535c7cbb4545a8dbde43c3489ea71,limit_spin_density_zero_rect2x3,rect2x3_hole_2,468,13110,0.0009765625
haxs.stage5c2gR32.g1-quadrature.v1,db1740ac0ad95dc9b7cd3bf474aaf42c,2788a6f7b75d57e6a9c9bceaeabfa61a,limit_spin_density_zero_rect2x3,rect2x3_hole_2,469,13111,0.0009765625
haxs.stage5c2gR32.g1-quadrature.v1,db1740ac0ad95dc9b7cd3bf474aaf42c,4d059caf07d35c4cbd10b371f39f02f8,limit_spin_density_zero_rect2x3,rect2x3_hole_2,470,13112,0.0009765625
haxs.stage5c2gR32.g1-quadrature.v1,db1740ac0ad95dc9b7cd3bf474aaf42c,1991231489c55849be138031c405df6d,limit_spin_density_zero_rect2x3,rect2x3_hole_2,471,13113,0.0009765625
haxs.stage5c2gR32.g1-quadrature.v1,db1740ac0ad95dc9b7cd3bf474aaf42c,663cbc7fd0e45ccf96c7a69d0b158f99,limit_spin_density_zero_rect2x3,rect2x3_hole_2,472,13120,0.0009765625
haxs.stage5c2gR32.g1-quadrature.v1,db1740ac0ad95dc9b7cd3bf474aaf42c,c5f8da91e4965703ba25235259d7e072,limit_spin_density_zero_rect2x3,rect2x3_hole_2,473,13121,0.0009765625
haxs.stage5c2gR32.g1-quadrature.v1,db1740ac0ad95dc9b7cd3bf474aaf42c,a4064af4902b5c1ea32de3ee949b050a,limit_spin_density_zero_rect2x3,rect2x3_hole_2,474,13122,0.0009765625
haxs.stage5c2gR32.g1-quadrature.v1,db1740ac0ad95dc9b7cd3bf474aaf42c,208f183c955053b6ac770022d91f8645,limit_spin_density_zero_rect2x3,rect2x3_hole_2,475,13123,0.0009765625
haxs.stage5c2gR32.g1-quadrature.v1,db1740ac0ad95dc9b7cd3bf474aaf42c,3770c6282117585897827e33934f774a,limit_spin_density_zero_rect2x3,rect2x3_hole_2,476,13130,0.0009765625
haxs.stage5c2gR32.g1-quadrature.v1,db1740ac0ad95dc9b7cd3bf474aaf42c,8d7f689e316058559a192b1d27f4065e,limit_spin_density_zero_rect2x3,rect2x3_hole_2,477,13131,0.0009765625
haxs.stage5c2gR32.g1-quadrature.v1,db1740ac0ad95dc9b7cd3bf474aaf42c,ed5e23f92548542bb80506c3ffc3291d,limit_spin_density_zero_rect2x3,rect2x3_hole_2,478,13132,0.0009765625
haxs.stage5c2gR32.g1-quadrature.v1,db1740ac0ad95dc9b7cd3bf474aaf42c,0569f4ab913756f88928755f578148e7,limit_spin_density_zero_rect2x3,rect2x3_hole_2,479,13133,0.0009765625
haxs.stage5c2gR32.g1-quadrature.v1,db1740ac0ad95dc9b7cd3bf474aaf42c,3be4992d78ac5904a90309e8e5b39ee7,limit_spin_density_zero_rect2x3,rect2x3_hole_2,480,13200,0.0009765625
haxs.stage5c2gR32.g1-quadrature.v1,db1740ac0ad95dc9b7cd3bf474aaf42c,c6b778f27b615943b5e2de9365680b30,limit_spin_density_zero_rect2x3,rect2x3_hole_2,481,13201,0.0009765625
haxs.stage5c2gR32.g1-quadrature.v1,db1740ac0ad95dc9b7cd3bf474aaf42c,a9eb6ae089da5fb1a92da2d6441d1c7f,limit_spin_density_zero_rect2x3,rect2x3_hole_2,482,13202,0.0009765625
haxs.stage5c2gR32.g1-quadrature.v1,db1740ac0ad95dc9b7cd3bf474aaf42c,7e41b6007693568a8ba5093d692abf47,limit_spin_density_zero_rect2x3,rect2x3_hole_2,483,13203,0.0009765625
haxs.stage5c2gR32.g1-quadrature.v1,db1740ac0ad95dc9b7cd3bf474aaf42c,e477d250b7f559309bebc94118944736,limit_spin_density_zero_rect2x3,rect2x3_hole_2,484,13210,0.0009765625
haxs.stage5c2gR32.g1-quadrature.v1,db1740ac0ad95dc9b7cd3bf474aaf42c,379f75e021ac57bfaa17144bdf499e2e,limit_spin_density_zero_rect2x3,rect2x3_hole_2,485,13211,0.0009765625
haxs.stage5c2gR32.g1-quadrature.v1,db1740ac0ad95dc9b7cd3bf474aaf42c,7841c6673eb55f7ab17bb533b3de2538,limit_spin_density_zero_rect2x3,rect2x3_hole_2,486,13212,0.0009765625
haxs.stage5c2gR32.g1-quadrature.v1,db1740ac0ad95dc9b7cd3bf474aaf42c,59715506ca31599ba72a96a86be98905,limit_spin_density_zero_rect2x3,rect2x3_hole_2,487,13213,0.0009765625
haxs.stage5c2gR32.g1-quadrature.v1,db1740ac0ad95dc9b7cd3bf474aaf42c,18e4a3f4113e5b3ab7cdab08635ee597,limit_spin_density_zero_rect2x3,rect2x3_hole_2,488,13220,0.0009765625
haxs.stage5c2gR32.g1-quadrature.v1,db1740ac0ad95dc9b7cd3bf474aaf42c,36a0491e1e135090a8e4bd9a82e52dd1,limit_spin_density_zero_rect2x3,rect2x3_hole_2,489,13221,0.0009765625
haxs.stage5c2gR32.g1-quadrature.v1,db1740ac0ad95dc9b7cd3bf474aaf42c,3339f92dd82f5ed582e84457dac9e779,limit_spin_density_zero_rect2x3,rect2x3_hole_2,490,13222,0.0009765625
haxs.stage5c2gR32.g1-quadrature.v1,db1740ac0ad95dc9b7cd3bf474aaf42c,474dd4a1ea8a530a89853b60cd2464c8,limit_spin_density_zero_rect2x3,rect2x3_hole_2,491,13223,0.0009765625
haxs.stage5c2gR32.g1-quadrature.v1,db1740ac0ad95dc9b7cd3bf474aaf42c,c7b3a575173c588fabfdb3beacb0f9ee,limit_spin_density_zero_rect2x3,rect2x3_hole_2,492,13230,0.0009765625
haxs.stage5c2gR32.g1-quadrature.v1,db1740ac0ad95dc9b7cd3bf474aaf42c,77f9ede6f3a554c1b53ae81c68b80f4d,limit_spin_density_zero_rect2x3,rect2x3_hole_2,493,13231,0.0009765625
haxs.stage5c2gR32.g1-quadrature.v1,db1740ac0ad95dc9b7cd3bf474aaf42c,2a51ca7f61165e79b33649eb14d3bb35,limit_spin_density_zero_rect2x3,rect2x3_hole_2,494,13232,0.0009765625
haxs.stage5c2gR32.g1-quadrature.v1,db1740ac0ad95dc9b7cd3bf474aaf42c,c972767a35375e19b5d61c60996b53b6,limit_spin_density_zero_rect2x3,rect2x3_hole_2,495,13233,0.0009765625
haxs.stage5c2gR32.g1-quadrature.v1,db1740ac0ad95dc9b7cd3bf474aaf42c,c5bbe77eb241518389eec9bbf5393cb6,limit_spin_density_zero_rect2x3,rect2x3_hole_2,496,13300,0.0009765625
haxs.stage5c2gR32.g1-quadrature.v1,db1740ac0ad95dc9b7cd3bf474aaf42c,00050174843050a4be2433577f26747f,limit_spin_density_zero_rect2x3,rect2x3_hole_2,497,13301,0.0009765625
haxs.stage5c2gR32.g1-quadrature.v1,db1740ac0ad95dc9b7cd3bf474aaf42c,2411f6a81bf25b03ae5576f4d5c42c6f,limit_spin_density_zero_rect2x3,rect2x3_hole_2,498,13302,0.0009765625
haxs.stage5c2gR32.g1-quadrature.v1,db1740ac0ad95dc9b7cd3bf474aaf42c,fca88786839e560c85df00380598d4a6,limit_spin_density_zero_rect2x3,rect2x3_hole_2,499,13303,0.0009765625
haxs.stage5c2gR32.g1-quadrature.v1,db1740ac0ad95dc9b7cd3bf474aaf42c,17d2652aab235185922e5eed908dde3b,limit_spin_density_zero_rect2x3,rect2x3_hole_2,500,13310,0.0009765625
haxs.stage5c2gR32.g1-quadrature.v1,db1740ac0ad95dc9b7cd3bf474aaf42c,b4d16ab7dd965dbf9163e4277a7381ec,limit_spin_density_zero_rect2x3,rect2x3_hole_2,501,13311,0.0009765625
haxs.stage5c2gR32.g1-quadrature.v1,db1740ac0ad95dc9b7cd3bf474aaf42c,853c900402e8509ca8f6ea7d601ae844,limit_spin_density_zero_rect2x3,rect2x3_hole_2,502,13312,0.0009765625
haxs.stage5c2gR32.g1-quadrature.v1,db1740ac0ad95dc9b7cd3bf474aaf42c,72a1820e3d2c528984a635f78a84e1d7,limit_spin_density_zero_rect2x3,rect2x3_hole_2,503,13313,0.0009765625
haxs.stage5c2gR32.g1-quadrature.v1,db1740ac0ad95dc9b7cd3bf474aaf42c,b732f4a0ce595903884f59a575e772eb,limit_spin_density_zero_rect2x3,rect2x3_hole_2,504,13320,0.0009765625
haxs.stage5c2gR32.g1-quadrature.v1,db1740ac0ad95dc9b7cd3bf474aaf42c,f06bd753753b5042a8cd5e7381d8be67,limit_spin_density_zero_rect2x3,rect2x3_hole_2,505,13321,0.0009765625
haxs.stage5c2gR32.g1-quadrature.v1,db1740ac0ad95dc9b7cd3bf474aaf42c,32d67833bbbb5295837a5ed201ab5d74,limit_spin_density_zero_rect2x3,rect2x3_hole_2,506,13322,0.0009765625
haxs.stage5c2gR32.g1-quadrature.v1,db1740ac0ad95dc9b7cd3bf474aaf42c,f1ae4d1933c452eea7974af195ae1af8,limit_spin_density_zero_rect2x3,rect2x3_hole_2,507,13323,0.0009765625
haxs.stage5c2gR32.g1-quadrature.v1,db1740ac0ad95dc9b7cd3bf474aaf42c,dde28b752e7456ca852af09813aab651,limit_spin_density_zero_rect2x3,rect2x3_hole_2,508,13330,0.0009765625
haxs.stage5c2gR32.g1-quadrature.v1,db1740ac0ad95dc9b7cd3bf474aaf42c,4d193f29296e5bfdad9e4ba4da51a22f,limit_spin_density_zero_rect2x3,rect2x3_hole_2,509,13331,0.0009765625
haxs.stage5c2gR32.g1-quadrature.v1,db1740ac0ad95dc9b7cd3bf474aaf42c,362047ad47a959c88db3fc09f6155436,limit_spin_density_zero_rect2x3,rect2x3_hole_2,510,13332,0.0009765625
haxs.stage5c2gR32.g1-quadrature.v1,db1740ac0ad95dc9b7cd3bf474aaf42c,465d2d92ff915287bd3b857300b726f8,limit_spin_density_zero_rect2x3,rect2x3_hole_2,511,13333,0.0009765625
haxs.stage5c2gR32.g1-quadrature.v1,db1740ac0ad95dc9b7cd3bf474aaf42c,e4911f17bcdc5612b220b87c7dcffd3e,limit_spin_density_zero_rect2x3,rect2x3_hole_2,512,20000,0.0009765625
haxs.stage5c2gR32.g1-quadrature.v1,db1740ac0ad95dc9b7cd3bf474aaf42c,4c6323dacb5750a7903bec2b9b296cc4,limit_spin_density_zero_rect2x3,rect2x3_hole_2,513,20001,0.0009765625
haxs.stage5c2gR32.g1-quadrature.v1,db1740ac0ad95dc9b7cd3bf474aaf42c,cbd7daa91e5a5ac78b66c75c7aea083a,limit_spin_density_zero_rect2x3,rect2x3_hole_2,514,20002,0.0009765625
haxs.stage5c2gR32.g1-quadrature.v1,db1740ac0ad95dc9b7cd3bf474aaf42c,ec5e86db31a353869a3063b4d2972187,limit_spin_density_zero_rect2x3,rect2x3_hole_2,515,20003,0.0009765625
haxs.stage5c2gR32.g1-quadrature.v1,db1740ac0ad95dc9b7cd3bf474aaf42c,4215f61ef45652f38614eb9da5fe639f,limit_spin_density_zero_rect2x3,rect2x3_hole_2,516,20010,0.0009765625
haxs.stage5c2gR32.g1-quadrature.v1,db1740ac0ad95dc9b7cd3bf474aaf42c,cd001e53798f532fba7b06787851ffbf,limit_spin_density_zero_rect2x3,rect2x3_hole_2,517,20011,0.0009765625
haxs.stage5c2gR32.g1-quadrature.v1,db1740ac0ad95dc9b7cd3bf474aaf42c,e2a66e18526e53abba92393c0618f6f6,limit_spin_density_zero_rect2x3,rect2x3_hole_2,518,20012,0.0009765625
haxs.stage5c2gR32.g1-quadrature.v1,db1740ac0ad95dc9b7cd3bf474aaf42c,7b02cb44cb6a531aaefaf7442061abd9,limit_spin_density_zero_rect2x3,rect2x3_hole_2,519,20013,0.0009765625
haxs.stage5c2gR32.g1-quadrature.v1,db1740ac0ad95dc9b7cd3bf474aaf42c,c78e1182ef255d3a9258660b71a79a07,limit_spin_density_zero_rect2x3,rect2x3_hole_2,520,20020,0.0009765625
haxs.stage5c2gR32.g1-quadrature.v1,db1740ac0ad95dc9b7cd3bf474aaf42c,116793cb5f3f5c2ca4dd91f7d3982445,limit_spin_density_zero_rect2x3,rect2x3_hole_2,521,20021,0.0009765625
haxs.stage5c2gR32.g1-quadrature.v1,db1740ac0ad95dc9b7cd3bf474aaf42c,22369e4567d25df39f8fc475354ff3cf,limit_spin_density_zero_rect2x3,rect2x3_hole_2,522,20022,0.0009765625
haxs.stage5c2gR32.g1-quadrature.v1,db1740ac0ad95dc9b7cd3bf474aaf42c,e2aff192ca0b57c9934610518f0ff946,limit_spin_density_zero_rect2x3,rect2x3_hole_2,523,20023,0.0009765625
haxs.stage5c2gR32.g1-quadrature.v1,db1740ac0ad95dc9b7cd3bf474aaf42c,9c9eb8ea4d2c52b7bc851618364a7295,limit_spin_density_zero_rect2x3,rect2x3_hole_2,524,20030,0.0009765625
haxs.stage5c2gR32.g1-quadrature.v1,db1740ac0ad95dc9b7cd3bf474aaf42c,a325bb8d2edc570eb403e3a23fb1e532,limit_spin_density_zero_rect2x3,rect2x3_hole_2,525,20031,0.0009765625
haxs.stage5c2gR32.g1-quadrature.v1,db1740ac0ad95dc9b7cd3bf474aaf42c,d1f413097036505e824fa2b02ed25d58,limit_spin_density_zero_rect2x3,rect2x3_hole_2,526,20032,0.0009765625
haxs.stage5c2gR32.g1-quadrature.v1,db1740ac0ad95dc9b7cd3bf474aaf42c,f314694fbf0d549da731d8f3bd6196df,limit_spin_density_zero_rect2x3,rect2x3_hole_2,527,20033,0.0009765625
haxs.stage5c2gR32.g1-quadrature.v1,db1740ac0ad95dc9b7cd3bf474aaf42c,b9e1dc4c99ed5dc8881647b16e914a32,limit_spin_density_zero_rect2x3,rect2x3_hole_2,528,20100,0.0009765625
haxs.stage5c2gR32.g1-quadrature.v1,db1740ac0ad95dc9b7cd3bf474aaf42c,bd9147dd7e535d15a3bfd5dfe55b499c,limit_spin_density_zero_rect2x3,rect2x3_hole_2,529,20101,0.0009765625
haxs.stage5c2gR32.g1-quadrature.v1,db1740ac0ad95dc9b7cd3bf474aaf42c,4aa7bfd2f1545bab807e2a880500dc7b,limit_spin_density_zero_rect2x3,rect2x3_hole_2,530,20102,0.0009765625
haxs.stage5c2gR32.g1-quadrature.v1,db1740ac0ad95dc9b7cd3bf474aaf42c,e8c92c0ac28f5ef0bd094198024f1952,limit_spin_density_zero_rect2x3,rect2x3_hole_2,531,20103,0.0009765625
haxs.stage5c2gR32.g1-quadrature.v1,db1740ac0ad95dc9b7cd3bf474aaf42c,0dce616657325157b1fc6e54dd5cf8bd,limit_spin_density_zero_rect2x3,rect2x3_hole_2,532,20110,0.0009765625
haxs.stage5c2gR32.g1-quadrature.v1,db1740ac0ad95dc9b7cd3bf474aaf42c,acfd3cb76acf5d1a97b6d0ca6bfc4fa8,limit_spin_density_zero_rect2x3,rect2x3_hole_2,533,20111,0.0009765625
haxs.stage5c2gR32.g1-quadrature.v1,db1740ac0ad95dc9b7cd3bf474aaf42c,526ff6d79efb57949f6c220e00534cc1,limit_spin_density_zero_rect2x3,rect2x3_hole_2,534,20112,0.0009765625
haxs.stage5c2gR32.g1-quadrature.v1,db1740ac0ad95dc9b7cd3bf474aaf42c,ed9ab2dfb7c950baa56bb7f2796a126d,limit_spin_density_zero_rect2x3,rect2x3_hole_2,535,20113,0.0009765625
haxs.stage5c2gR32.g1-quadrature.v1,db1740ac0ad95dc9b7cd3bf474aaf42c,8b99278ecc66548d924bda1adf1f9723,limit_spin_density_zero_rect2x3,rect2x3_hole_2,536,20120,0.0009765625
haxs.stage5c2gR32.g1-quadrature.v1,db1740ac0ad95dc9b7cd3bf474aaf42c,8db637fd71ca536f96837e16a9b76639,limit_spin_density_zero_rect2x3,rect2x3_hole_2,537,20121,0.0009765625
haxs.stage5c2gR32.g1-quadrature.v1,db1740ac0ad95dc9b7cd3bf474aaf42c,2ff937a68acd551094e851a0075d20aa,limit_spin_density_zero_rect2x3,rect2x3_hole_2,538,20122,0.0009765625
haxs.stage5c2gR32.g1-quadrature.v1,db1740ac0ad95dc9b7cd3bf474aaf42c,8f764edb93eb51b69eaee32dc85bf685,limit_spin_density_zero_rect2x3,rect2x3_hole_2,539,20123,0.0009765625
haxs.stage5c2gR32.g1-quadrature.v1,db1740ac0ad95dc9b7cd3bf474aaf42c,11120bd6203c537695377495a3eb7662,limit_spin_density_zero_rect2x3,rect2x3_hole_2,540,20130,0.0009765625
haxs.stage5c2gR32.g1-quadrature.v1,db1740ac0ad95dc9b7cd3bf474aaf42c,5933c4dce84c52f78c731e21ceaf6e99,limit_spin_density_zero_rect2x3,rect2x3_hole_2,541,20131,0.0009765625
haxs.stage5c2gR32.g1-quadrature.v1,db1740ac0ad95dc9b7cd3bf474aaf42c,861127f0707e5a5894de8bd4ff940382,limit_spin_density_zero_rect2x3,rect2x3_hole_2,542,20132,0.0009765625
haxs.stage5c2gR32.g1-quadrature.v1,db1740ac0ad95dc9b7cd3bf474aaf42c,928e95da341d5c8eb18662510ca5cb96,limit_spin_density_zero_rect2x3,rect2x3_hole_2,543,20133,0.0009765625
haxs.stage5c2gR32.g1-quadrature.v1,db1740ac0ad95dc9b7cd3bf474aaf42c,ba2e3ba0ade55c569332cc31ed97286a,limit_spin_density_zero_rect2x3,rect2x3_hole_2,544,20200,0.0009765625
haxs.stage5c2gR32.g1-quadrature.v1,db1740ac0ad95dc9b7cd3bf474aaf42c,25c2cea584c451f7acc957a40650ca28,limit_spin_density_zero_rect2x3,rect2x3_hole_2,545,20201,0.0009765625
haxs.stage5c2gR32.g1-quadrature.v1,db1740ac0ad95dc9b7cd3bf474aaf42c,2e32b6172fc9568b8e497f4eaf50d4e7,limit_spin_density_zero_rect2x3,rect2x3_hole_2,546,20202,0.0009765625
haxs.stage5c2gR32.g1-quadrature.v1,db1740ac0ad95dc9b7cd3bf474aaf42c,cd92e06e847d55d492b19191b8d27d0e,limit_spin_density_zero_rect2x3,rect2x3_hole_2,547,20203,0.0009765625
haxs.stage5c2gR32.g1-quadrature.v1,db1740ac0ad95dc9b7cd3bf474aaf42c,eae1c213f308520f9dc74e23359bbf2f,limit_spin_density_zero_rect2x3,rect2x3_hole_2,548,20210,0.0009765625
haxs.stage5c2gR32.g1-quadrature.v1,db1740ac0ad95dc9b7cd3bf474aaf42c,a2c8a494f0545ec7bd69a7fff3d220b3,limit_spin_density_zero_rect2x3,rect2x3_hole_2,549,20211,0.0009765625
haxs.stage5c2gR32.g1-quadrature.v1,db1740ac0ad95dc9b7cd3bf474aaf42c,9932714698aa5b0ba8c8bea44908f7d7,limit_spin_density_zero_rect2x3,rect2x3_hole_2,550,20212,0.0009765625
haxs.stage5c2gR32.g1-quadrature.v1,db1740ac0ad95dc9b7cd3bf474aaf42c,ebb8fee22ebe578da78c30d53c2891aa,limit_spin_density_zero_rect2x3,rect2x3_hole_2,551,20213,0.0009765625
haxs.stage5c2gR32.g1-quadrature.v1,db1740ac0ad95dc9b7cd3bf474aaf42c,424f23dda31c56be9c9a4b017db72fad,limit_spin_density_zero_rect2x3,rect2x3_hole_2,552,20220,0.0009765625
haxs.stage5c2gR32.g1-quadrature.v1,db1740ac0ad95dc9b7cd3bf474aaf42c,a9226ef455aa57a2bcf8fdbf94ba0869,limit_spin_density_zero_rect2x3,rect2x3_hole_2,553,20221,0.0009765625
haxs.stage5c2gR32.g1-quadrature.v1,db1740ac0ad95dc9b7cd3bf474aaf42c,bc8501dab0c55892a8e1e901481ba03d,limit_spin_density_zero_rect2x3,rect2x3_hole_2,554,20222,0.0009765625
haxs.stage5c2gR32.g1-quadrature.v1,db1740ac0ad95dc9b7cd3bf474aaf42c,70871b8a71985108933e194c52e64d57,limit_spin_density_zero_rect2x3,rect2x3_hole_2,555,20223,0.0009765625
haxs.stage5c2gR32.g1-quadrature.v1,db1740ac0ad95dc9b7cd3bf474aaf42c,c8de584c323d59a58e8ddfc8da4526f9,limit_spin_density_zero_rect2x3,rect2x3_hole_2,556,20230,0.0009765625
haxs.stage5c2gR32.g1-quadrature.v1,db1740ac0ad95dc9b7cd3bf474aaf42c,52b1d6823b55595e9929f3d1763e95dc,limit_spin_density_zero_rect2x3,rect2x3_hole_2,557,20231,0.0009765625
haxs.stage5c2gR32.g1-quadrature.v1,db1740ac0ad95dc9b7cd3bf474aaf42c,7d1db16908f959618eb21e33af441596,limit_spin_density_zero_rect2x3,rect2x3_hole_2,558,20232,0.0009765625
haxs.stage5c2gR32.g1-quadrature.v1,db1740ac0ad95dc9b7cd3bf474aaf42c,e0ce6bcf143e55c3b819220f69b5fb3b,limit_spin_density_zero_rect2x3,rect2x3_hole_2,559,20233,0.0009765625
haxs.stage5c2gR32.g1-quadrature.v1,db1740ac0ad95dc9b7cd3bf474aaf42c,ab989c0f46a15775ab8fb5267221df8c,limit_spin_density_zero_rect2x3,rect2x3_hole_2,560,20300,0.0009765625
haxs.stage5c2gR32.g1-quadrature.v1,db1740ac0ad95dc9b7cd3bf474aaf42c,ac69fce9f6a7524bb369e9af6e320b8d,limit_spin_density_zero_rect2x3,rect2x3_hole_2,561,20301,0.0009765625
haxs.stage5c2gR32.g1-quadrature.v1,db1740ac0ad95dc9b7cd3bf474aaf42c,c494aba4187a50b0addda60a34973727,limit_spin_density_zero_rect2x3,rect2x3_hole_2,562,20302,0.0009765625
haxs.stage5c2gR32.g1-quadrature.v1,db1740ac0ad95dc9b7cd3bf474aaf42c,66cbba1813f3518dbf0613a5a7007ec7,limit_spin_density_zero_rect2x3,rect2x3_hole_2,563,20303,0.0009765625
haxs.stage5c2gR32.g1-quadrature.v1,db1740ac0ad95dc9b7cd3bf474aaf42c,4696b85be7fe50b188cfe60e84104f9d,limit_spin_density_zero_rect2x3,rect2x3_hole_2,564,20310,0.0009765625
haxs.stage5c2gR32.g1-quadrature.v1,db1740ac0ad95dc9b7cd3bf474aaf42c,320f6dae03d15504b19d25e432470739,limit_spin_density_zero_rect2x3,rect2x3_hole_2,565,20311,0.0009765625
haxs.stage5c2gR32.g1-quadrature.v1,db1740ac0ad95dc9b7cd3bf474aaf42c,4a11949d21f8504a962d4394a3e3bd0c,limit_spin_density_zero_rect2x3,rect2x3_hole_2,566,20312,0.0009765625
haxs.stage5c2gR32.g1-quadrature.v1,db1740ac0ad95dc9b7cd3bf474aaf42c,e41eef80c02a596d879e13b869c5b3aa,limit_spin_density_zero_rect2x3,rect2x3_hole_2,567,20313,0.0009765625
haxs.stage5c2gR32.g1-quadrature.v1,db1740ac0ad95dc9b7cd3bf474aaf42c,b423ac7d21dc586db0422f0e530707c2,limit_spin_density_zero_rect2x3,rect2x3_hole_2,568,20320,0.0009765625
haxs.stage5c2gR32.g1-quadrature.v1,db1740ac0ad95dc9b7cd3bf474aaf42c,2931773bd76c5965a4d03c30c4a6e888,limit_spin_density_zero_rect2x3,rect2x3_hole_2,569,20321,0.0009765625
haxs.stage5c2gR32.g1-quadrature.v1,db1740ac0ad95dc9b7cd3bf474aaf42c,6daa97411e775f3790b09a7ab82b3509,limit_spin_density_zero_rect2x3,rect2x3_hole_2,570,20322,0.0009765625
haxs.stage5c2gR32.g1-quadrature.v1,db1740ac0ad95dc9b7cd3bf474aaf42c,a17483632b7f58b3a8694befa22b9d0b,limit_spin_density_zero_rect2x3,rect2x3_hole_2,571,20323,0.0009765625
haxs.stage5c2gR32.g1-quadrature.v1,db1740ac0ad95dc9b7cd3bf474aaf42c,197772cf0e245502acf28228263319d5,limit_spin_density_zero_rect2x3,rect2x3_hole_2,572,20330,0.0009765625
haxs.stage5c2gR32.g1-quadrature.v1,db1740ac0ad95dc9b7cd3bf474aaf42c,5c48f300a8935cb2a7fa80cc2f12938c,limit_spin_density_zero_rect2x3,rect2x3_hole_2,573,20331,0.0009765625
haxs.stage5c2gR32.g1-quadrature.v1,db1740ac0ad95dc9b7cd3bf474aaf42c,809f9d7af8335c0d893532515fcfe81d,limit_spin_density_zero_rect2x3,rect2x3_hole_2,574,20332,0.0009765625
haxs.stage5c2gR32.g1-quadrature.v1,db1740ac0ad95dc9b7cd3bf474aaf42c,04e71c7e8b035b5c9f94f348887c995e,limit_spin_density_zero_rect2x3,rect2x3_hole_2,575,20333,0.0009765625
haxs.stage5c2gR32.g1-quadrature.v1,db1740ac0ad95dc9b7cd3bf474aaf42c,028af2e97dc058559e8a56315e0229d7,limit_spin_density_zero_rect2x3,rect2x3_hole_2,576,21000,0.0009765625
haxs.stage5c2gR32.g1-quadrature.v1,db1740ac0ad95dc9b7cd3bf474aaf42c,84da6a2b5b0a571e950db466e883ca7d,limit_spin_density_zero_rect2x3,rect2x3_hole_2,577,21001,0.0009765625
haxs.stage5c2gR32.g1-quadrature.v1,db1740ac0ad95dc9b7cd3bf474aaf42c,a1acfad952fc5c6a85789d2c877ea9e6,limit_spin_density_zero_rect2x3,rect2x3_hole_2,578,21002,0.0009765625
haxs.stage5c2gR32.g1-quadrature.v1,db1740ac0ad95dc9b7cd3bf474aaf42c,d7d3e47bd21e5f27a2e66f579982b001,limit_spin_density_zero_rect2x3,rect2x3_hole_2,579,21003,0.0009765625
haxs.stage5c2gR32.g1-quadrature.v1,db1740ac0ad95dc9b7cd3bf474aaf42c,fe5259873d7c51f389119e15892e8237,limit_spin_density_zero_rect2x3,rect2x3_hole_2,580,21010,0.0009765625
haxs.stage5c2gR32.g1-quadrature.v1,db1740ac0ad95dc9b7cd3bf474aaf42c,259e38a59bf850f9ac62ac50095d81b4,limit_spin_density_zero_rect2x3,rect2x3_hole_2,581,21011,0.0009765625
haxs.stage5c2gR32.g1-quadrature.v1,db1740ac0ad95dc9b7cd3bf474aaf42c,b6dac26db3b659fb99f4ed46c3e1d4e5,limit_spin_density_zero_rect2x3,rect2x3_hole_2,582,21012,0.0009765625
haxs.stage5c2gR32.g1-quadrature.v1,db1740ac0ad95dc9b7cd3bf474aaf42c,eb2cf72745375f6bb681195dd482ba93,limit_spin_density_zero_rect2x3,rect2x3_hole_2,583,21013,0.0009765625
haxs.stage5c2gR32.g1-quadrature.v1,db1740ac0ad95dc9b7cd3bf474aaf42c,3711c45198d15ed5878f0b6f28346bee,limit_spin_density_zero_rect2x3,rect2x3_hole_2,584,21020,0.0009765625
haxs.stage5c2gR32.g1-quadrature.v1,db1740ac0ad95dc9b7cd3bf474aaf42c,a067ca194aa85f52b05d3a5b0d0a61b4,limit_spin_density_zero_rect2x3,rect2x3_hole_2,585,21021,0.0009765625
haxs.stage5c2gR32.g1-quadrature.v1,db1740ac0ad95dc9b7cd3bf474aaf42c,5c80f2da82ec50939ed602accc16ce19,limit_spin_density_zero_rect2x3,rect2x3_hole_2,586,21022,0.0009765625
haxs.stage5c2gR32.g1-quadrature.v1,db1740ac0ad95dc9b7cd3bf474aaf42c,ef415467291f522dba62c87d52a2b2d4,limit_spin_density_zero_rect2x3,rect2x3_hole_2,587,21023,0.0009765625
haxs.stage5c2gR32.g1-quadrature.v1,db1740ac0ad95dc9b7cd3bf474aaf42c,b597cbdd892958e6a7f541f06481b232,limit_spin_density_zero_rect2x3,rect2x3_hole_2,588,21030,0.0009765625
haxs.stage5c2gR32.g1-quadrature.v1,db1740ac0ad95dc9b7cd3bf474aaf42c,caf3cd7489dc54e9a26b4949a4c6c349,limit_spin_density_zero_rect2x3,rect2x3_hole_2,589,21031,0.0009765625
haxs.stage5c2gR32.g1-quadrature.v1,db1740ac0ad95dc9b7cd3bf474aaf42c,fa93882dc4e95609b339934dbacae143,limit_spin_density_zero_rect2x3,rect2x3_hole_2,590,21032,0.0009765625
haxs.stage5c2gR32.g1-quadrature.v1,db1740ac0ad95dc9b7cd3bf474aaf42c,3e9cfdd77aed58158a0d23c6f91228b8,limit_spin_density_zero_rect2x3,rect2x3_hole_2,591,21033,0.0009765625
haxs.stage5c2gR32.g1-quadrature.v1,db1740ac0ad95dc9b7cd3bf474aaf42c,3aed941e32895e5ca392d2cd08f3bed5,limit_spin_density_zero_rect2x3,rect2x3_hole_2,592,21100,0.0009765625
haxs.stage5c2gR32.g1-quadrature.v1,db1740ac0ad95dc9b7cd3bf474aaf42c,ae155ba6c30f543984a9ae308711718f,limit_spin_density_zero_rect2x3,rect2x3_hole_2,593,21101,0.0009765625
haxs.stage5c2gR32.g1-quadrature.v1,db1740ac0ad95dc9b7cd3bf474aaf42c,40db99fe0dc85c4c8ede4664e8342595,limit_spin_density_zero_rect2x3,rect2x3_hole_2,594,21102,0.0009765625
haxs.stage5c2gR32.g1-quadrature.v1,db1740ac0ad95dc9b7cd3bf474aaf42c,a2dfb6710c7b538e965f9977ad77d7a8,limit_spin_density_zero_rect2x3,rect2x3_hole_2,595,21103,0.0009765625
haxs.stage5c2gR32.g1-quadrature.v1,db1740ac0ad95dc9b7cd3bf474aaf42c,5b7c85d1aa17577ebdc3e42ef24a9cd6,limit_spin_density_zero_rect2x3,rect2x3_hole_2,596,21110,0.0009765625
haxs.stage5c2gR32.g1-quadrature.v1,db1740ac0ad95dc9b7cd3bf474aaf42c,536230440b965b148d83425ae5dfa00c,limit_spin_density_zero_rect2x3,rect2x3_hole_2,597,21111,0.0009765625
haxs.stage5c2gR32.g1-quadrature.v1,db1740ac0ad95dc9b7cd3bf474aaf42c,594c0cd6e88a54b8bd4ff109cd3f7ddc,limit_spin_density_zero_rect2x3,rect2x3_hole_2,598,21112,0.0009765625
haxs.stage5c2gR32.g1-quadrature.v1,db1740ac0ad95dc9b7cd3bf474aaf42c,3fbef09ae9725310bd5e5620bc595051,limit_spin_density_zero_rect2x3,rect2x3_hole_2,599,21113,0.0009765625
haxs.stage5c2gR32.g1-quadrature.v1,db1740ac0ad95dc9b7cd3bf474aaf42c,bd06f2d9f54d5cf4a0f5fbcb926a8c68,limit_spin_density_zero_rect2x3,rect2x3_hole_2,600,21120,0.0009765625
haxs.stage5c2gR32.g1-quadrature.v1,db1740ac0ad95dc9b7cd3bf474aaf42c,51c80363d23c52db9f68c1654cb4d017,limit_spin_density_zero_rect2x3,rect2x3_hole_2,601,21121,0.0009765625
haxs.stage5c2gR32.g1-quadrature.v1,db1740ac0ad95dc9b7cd3bf474aaf42c,bf393b3ef730535fafad0bf3d98856c5,limit_spin_density_zero_rect2x3,rect2x3_hole_2,602,21122,0.0009765625
haxs.stage5c2gR32.g1-quadrature.v1,db1740ac0ad95dc9b7cd3bf474aaf42c,27c1be92e3245ba5a5c3affebfadaa15,limit_spin_density_zero_rect2x3,rect2x3_hole_2,603,21123,0.0009765625
haxs.stage5c2gR32.g1-quadrature.v1,db1740ac0ad95dc9b7cd3bf474aaf42c,e53f71e4e8da5c11894af5155469e835,limit_spin_density_zero_rect2x3,rect2x3_hole_2,604,21130,0.0009765625
haxs.stage5c2gR32.g1-quadrature.v1,db1740ac0ad95dc9b7cd3bf474aaf42c,6fb2c52e6e3e558081db40e7328043f5,limit_spin_density_zero_rect2x3,rect2x3_hole_2,605,21131,0.0009765625
haxs.stage5c2gR32.g1-quadrature.v1,db1740ac0ad95dc9b7cd3bf474aaf42c,558a8b3fdbe5518da8a3cdb3c26748e1,limit_spin_density_zero_rect2x3,rect2x3_hole_2,606,21132,0.0009765625
haxs.stage5c2gR32.g1-quadrature.v1,db1740ac0ad95dc9b7cd3bf474aaf42c,2f632d3156235fa5bf46644cc16a4f93,limit_spin_density_zero_rect2x3,rect2x3_hole_2,607,21133,0.0009765625
haxs.stage5c2gR32.g1-quadrature.v1,db1740ac0ad95dc9b7cd3bf474aaf42c,6d97b054678b56de9b4d0c76086862f3,limit_spin_density_zero_rect2x3,rect2x3_hole_2,608,21200,0.0009765625
haxs.stage5c2gR32.g1-quadrature.v1,db1740ac0ad95dc9b7cd3bf474aaf42c,6c32a37cbfcb5c8da316d5c48ce85150,limit_spin_density_zero_rect2x3,rect2x3_hole_2,609,21201,0.0009765625
haxs.stage5c2gR32.g1-quadrature.v1,db1740ac0ad95dc9b7cd3bf474aaf42c,ff438805614b5b0f8041ec6838b20d70,limit_spin_density_zero_rect2x3,rect2x3_hole_2,610,21202,0.0009765625
haxs.stage5c2gR32.g1-quadrature.v1,db1740ac0ad95dc9b7cd3bf474aaf42c,fdb386de4303572fa4386bb350471283,limit_spin_density_zero_rect2x3,rect2x3_hole_2,611,21203,0.0009765625
haxs.stage5c2gR32.g1-quadrature.v1,db1740ac0ad95dc9b7cd3bf474aaf42c,b8d3adab070d51e5bbaef4502eb5b996,limit_spin_density_zero_rect2x3,rect2x3_hole_2,612,21210,0.0009765625
haxs.stage5c2gR32.g1-quadrature.v1,db1740ac0ad95dc9b7cd3bf474aaf42c,b2ece2b628de590cb6aa74976124786b,limit_spin_density_zero_rect2x3,rect2x3_hole_2,613,21211,0.0009765625
haxs.stage5c2gR32.g1-quadrature.v1,db1740ac0ad95dc9b7cd3bf474aaf42c,31ff2a3bc7b55879b9089446adc4da5e,limit_spin_density_zero_rect2x3,rect2x3_hole_2,614,21212,0.0009765625
haxs.stage5c2gR32.g1-quadrature.v1,db1740ac0ad95dc9b7cd3bf474aaf42c,f5dced278bab512d863a1ae77b6a2315,limit_spin_density_zero_rect2x3,rect2x3_hole_2,615,21213,0.0009765625
haxs.stage5c2gR32.g1-quadrature.v1,db1740ac0ad95dc9b7cd3bf474aaf42c,30d0ef9853f95f0590cb2cf0545e4863,limit_spin_density_zero_rect2x3,rect2x3_hole_2,616,21220,0.0009765625
haxs.stage5c2gR32.g1-quadrature.v1,db1740ac0ad95dc9b7cd3bf474aaf42c,41e42f2e7f41566d97d02a6442838db4,limit_spin_density_zero_rect2x3,rect2x3_hole_2,617,21221,0.0009765625
haxs.stage5c2gR32.g1-quadrature.v1,db1740ac0ad95dc9b7cd3bf474aaf42c,5b4f3f0304565db09468d1e1147f2863,limit_spin_density_zero_rect2x3,rect2x3_hole_2,618,21222,0.0009765625
haxs.stage5c2gR32.g1-quadrature.v1,db1740ac0ad95dc9b7cd3bf474aaf42c,cda474f8fb5655c6b16528977207e911,limit_spin_density_zero_rect2x3,rect2x3_hole_2,619,21223,0.0009765625
haxs.stage5c2gR32.g1-quadrature.v1,db1740ac0ad95dc9b7cd3bf474aaf42c,83a486b9e1e35fd493afc2bae3a92231,limit_spin_density_zero_rect2x3,rect2x3_hole_2,620,21230,0.0009765625
haxs.stage5c2gR32.g1-quadrature.v1,db1740ac0ad95dc9b7cd3bf474aaf42c,dce1934f165a5dba995dc1f859194464,limit_spin_density_zero_rect2x3,rect2x3_hole_2,621,21231,0.0009765625
haxs.stage5c2gR32.g1-quadrature.v1,db1740ac0ad95dc9b7cd3bf474aaf42c,3f5726a4fc0d522db513cf643f526925,limit_spin_density_zero_rect2x3,rect2x3_hole_2,622,21232,0.0009765625
haxs.stage5c2gR32.g1-quadrature.v1,db1740ac0ad95dc9b7cd3bf474aaf42c,4a4b43ace0ac57a997e9d95b1de7876e,limit_spin_density_zero_rect2x3,rect2x3_hole_2,623,21233,0.0009765625
haxs.stage5c2gR32.g1-quadrature.v1,db1740ac0ad95dc9b7cd3bf474aaf42c,ec922b030fb25bbcae7c53d29b493eeb,limit_spin_density_zero_rect2x3,rect2x3_hole_2,624,21300,0.0009765625
haxs.stage5c2gR32.g1-quadrature.v1,db1740ac0ad95dc9b7cd3bf474aaf42c,c8d94aeeb68852489946edd203bcaef4,limit_spin_density_zero_rect2x3,rect2x3_hole_2,625,21301,0.0009765625
haxs.stage5c2gR32.g1-quadrature.v1,db1740ac0ad95dc9b7cd3bf474aaf42c,acfb1845c01a58ac87c117cc494786d1,limit_spin_density_zero_rect2x3,rect2x3_hole_2,626,21302,0.0009765625
haxs.stage5c2gR32.g1-quadrature.v1,db1740ac0ad95dc9b7cd3bf474aaf42c,b53f1930dfc05117bfd700b61cb23884,limit_spin_density_zero_rect2x3,rect2x3_hole_2,627,21303,0.0009765625
haxs.stage5c2gR32.g1-quadrature.v1,db1740ac0ad95dc9b7cd3bf474aaf42c,81bf5a3026385343936188fbe28d12f7,limit_spin_density_zero_rect2x3,rect2x3_hole_2,628,21310,0.0009765625
haxs.stage5c2gR32.g1-quadrature.v1,db1740ac0ad95dc9b7cd3bf474aaf42c,667dc4c5a41d59228e7a837f50bb7c8c,limit_spin_density_zero_rect2x3,rect2x3_hole_2,629,21311,0.0009765625
haxs.stage5c2gR32.g1-quadrature.v1,db1740ac0ad95dc9b7cd3bf474aaf42c,8578a1204a2a51eca33f1133ca6a0327,limit_spin_density_zero_rect2x3,rect2x3_hole_2,630,21312,0.0009765625
haxs.stage5c2gR32.g1-quadrature.v1,db1740ac0ad95dc9b7cd3bf474aaf42c,be39856a372157309f3a2ee6a6d9896e,limit_spin_density_zero_rect2x3,rect2x3_hole_2,631,21313,0.0009765625
haxs.stage5c2gR32.g1-quadrature.v1,db1740ac0ad95dc9b7cd3bf474aaf42c,218f0474f41650eda57dc993613fa524,limit_spin_density_zero_rect2x3,rect2x3_hole_2,632,21320,0.0009765625
haxs.stage5c2gR32.g1-quadrature.v1,db1740ac0ad95dc9b7cd3bf474aaf42c,cc975eb96b0b57ab95d99ef7ba3489d6,limit_spin_density_zero_rect2x3,rect2x3_hole_2,633,21321,0.0009765625
haxs.stage5c2gR32.g1-quadrature.v1,db1740ac0ad95dc9b7cd3bf474aaf42c,0a1da748f76055ddb3de379473643678,limit_spin_density_zero_rect2x3,rect2x3_hole_2,634,21322,0.0009765625
haxs.stage5c2gR32.g1-quadrature.v1,db1740ac0ad95dc9b7cd3bf474aaf42c,ff25235da8af53fea4194c9234561248,limit_spin_density_zero_rect2x3,rect2x3_hole_2,635,21323,0.0009765625
haxs.stage5c2gR32.g1-quadrature.v1,db1740ac0ad95dc9b7cd3bf474aaf42c,dc8c35abfff851a18ea848cece47ccc7,limit_spin_density_zero_rect2x3,rect2x3_hole_2,636,21330,0.0009765625
haxs.stage5c2gR32.g1-quadrature.v1,db1740ac0ad95dc9b7cd3bf474aaf42c,96e3144b7c725157a94e755ad189b2ca,limit_spin_density_zero_rect2x3,rect2x3_hole_2,637,21331,0.0009765625
haxs.stage5c2gR32.g1-quadrature.v1,db1740ac0ad95dc9b7cd3bf474aaf42c,ed03a5104d135d4d9acf39b1d22c0819,limit_spin_density_zero_rect2x3,rect2x3_hole_2,638,21332,0.0009765625
haxs.stage5c2gR32.g1-quadrature.v1,db1740ac0ad95dc9b7cd3bf474aaf42c,64b30c993c65543fbf783ea0f63acd83,limit_spin_density_zero_rect2x3,rect2x3_hole_2,639,21333,0.0009765625
haxs.stage5c2gR32.g1-quadrature.v1,db1740ac0ad95dc9b7cd3bf474aaf42c,90aab397569b5ce08a9b45335ec63ec3,limit_spin_density_zero_rect2x3,rect2x3_hole_2,640,22000,0.0009765625
haxs.stage5c2gR32.g1-quadrature.v1,db1740ac0ad95dc9b7cd3bf474aaf42c,907602b974435c79acc6aea451344e8f,limit_spin_density_zero_rect2x3,rect2x3_hole_2,641,22001,0.0009765625
haxs.stage5c2gR32.g1-quadrature.v1,db1740ac0ad95dc9b7cd3bf474aaf42c,f40e4d11999e5ceebe65962061ceb09f,limit_spin_density_zero_rect2x3,rect2x3_hole_2,642,22002,0.0009765625
haxs.stage5c2gR32.g1-quadrature.v1,db1740ac0ad95dc9b7cd3bf474aaf42c,89f536b1b24a5896ad43e74d706ddf89,limit_spin_density_zero_rect2x3,rect2x3_hole_2,643,22003,0.0009765625
haxs.stage5c2gR32.g1-quadrature.v1,db1740ac0ad95dc9b7cd3bf474aaf42c,43bfc6cb9c3e51089556b6fbc719842a,limit_spin_density_zero_rect2x3,rect2x3_hole_2,644,22010,0.0009765625
haxs.stage5c2gR32.g1-quadrature.v1,db1740ac0ad95dc9b7cd3bf474aaf42c,a6b17736322e5c27aa963a6a9caf2410,limit_spin_density_zero_rect2x3,rect2x3_hole_2,645,22011,0.0009765625
haxs.stage5c2gR32.g1-quadrature.v1,db1740ac0ad95dc9b7cd3bf474aaf42c,dec3b2ee92db5a10ae62c0a5e3adc22a,limit_spin_density_zero_rect2x3,rect2x3_hole_2,646,22012,0.0009765625
haxs.stage5c2gR32.g1-quadrature.v1,db1740ac0ad95dc9b7cd3bf474aaf42c,c75dc8b5762c53e989fc8955c07e3183,limit_spin_density_zero_rect2x3,rect2x3_hole_2,647,22013,0.0009765625
haxs.stage5c2gR32.g1-quadrature.v1,db1740ac0ad95dc9b7cd3bf474aaf42c,c4e8af04dcde5ea584107ad3930bee65,limit_spin_density_zero_rect2x3,rect2x3_hole_2,648,22020,0.0009765625
haxs.stage5c2gR32.g1-quadrature.v1,db1740ac0ad95dc9b7cd3bf474aaf42c,9ec78b0ef2cc56eaa0d90538ece6115d,limit_spin_density_zero_rect2x3,rect2x3_hole_2,649,22021,0.0009765625
haxs.stage5c2gR32.g1-quadrature.v1,db1740ac0ad95dc9b7cd3bf474aaf42c,a5525efd11095d619add040101fb58fd,limit_spin_density_zero_rect2x3,rect2x3_hole_2,650,22022,0.0009765625
haxs.stage5c2gR32.g1-quadrature.v1,db1740ac0ad95dc9b7cd3bf474aaf42c,5c4a222d279c556f9d9519129f771de1,limit_spin_density_zero_rect2x3,rect2x3_hole_2,651,22023,0.0009765625
haxs.stage5c2gR32.g1-quadrature.v1,db1740ac0ad95dc9b7cd3bf474aaf42c,08b478595a94594895cd8614181a4714,limit_spin_density_zero_rect2x3,rect2x3_hole_2,652,22030,0.0009765625
haxs.stage5c2gR32.g1-quadrature.v1,db1740ac0ad95dc9b7cd3bf474aaf42c,8fd89b0ae66f5aed94c036c5d257b742,limit_spin_density_zero_rect2x3,rect2x3_hole_2,653,22031,0.0009765625
haxs.stage5c2gR32.g1-quadrature.v1,db1740ac0ad95dc9b7cd3bf474aaf42c,91cd24a5720b5aa59b71fea6f0eb4f88,limit_spin_density_zero_rect2x3,rect2x3_hole_2,654,22032,0.0009765625
haxs.stage5c2gR32.g1-quadrature.v1,db1740ac0ad95dc9b7cd3bf474aaf42c,b036ad3083395daea719d4ce0aa48ed3,limit_spin_density_zero_rect2x3,rect2x3_hole_2,655,22033,0.0009765625
haxs.stage5c2gR32.g1-quadrature.v1,db1740ac0ad95dc9b7cd3bf474aaf42c,5979a1732beb5457abd4139706b79147,limit_spin_density_zero_rect2x3,rect2x3_hole_2,656,22100,0.0009765625
haxs.stage5c2gR32.g1-quadrature.v1,db1740ac0ad95dc9b7cd3bf474aaf42c,47464bf5cc5358f9af6a4e7858237c97,limit_spin_density_zero_rect2x3,rect2x3_hole_2,657,22101,0.0009765625
haxs.stage5c2gR32.g1-quadrature.v1,db1740ac0ad95dc9b7cd3bf474aaf42c,c16463512c5d5755bf733c6fcee63cec,limit_spin_density_zero_rect2x3,rect2x3_hole_2,658,22102,0.0009765625
haxs.stage5c2gR32.g1-quadrature.v1,db1740ac0ad95dc9b7cd3bf474aaf42c,1fd9db7bf7475c9699a4f8097c941ac3,limit_spin_density_zero_rect2x3,rect2x3_hole_2,659,22103,0.0009765625
haxs.stage5c2gR32.g1-quadrature.v1,db1740ac0ad95dc9b7cd3bf474aaf42c,9404064669bb5dc7b748cd0370e1a501,limit_spin_density_zero_rect2x3,rect2x3_hole_2,660,22110,0.0009765625
haxs.stage5c2gR32.g1-quadrature.v1,db1740ac0ad95dc9b7cd3bf474aaf42c,0610d8e371de5940bf83a27ca8ccc783,limit_spin_density_zero_rect2x3,rect2x3_hole_2,661,22111,0.0009765625
haxs.stage5c2gR32.g1-quadrature.v1,db1740ac0ad95dc9b7cd3bf474aaf42c,38e775dd83115cdf8534d9f8745c9d8b,limit_spin_density_zero_rect2x3,rect2x3_hole_2,662,22112,0.0009765625
haxs.stage5c2gR32.g1-quadrature.v1,db1740ac0ad95dc9b7cd3bf474aaf42c,c19ebcb1b9ce5b4ba459205014461c67,limit_spin_density_zero_rect2x3,rect2x3_hole_2,663,22113,0.0009765625
haxs.stage5c2gR32.g1-quadrature.v1,db1740ac0ad95dc9b7cd3bf474aaf42c,5c50b437390f58018131ac25e28ab52b,limit_spin_density_zero_rect2x3,rect2x3_hole_2,664,22120,0.0009765625
haxs.stage5c2gR32.g1-quadrature.v1,db1740ac0ad95dc9b7cd3bf474aaf42c,2fc732eb931055ecb5235605dd0ba8f5,limit_spin_density_zero_rect2x3,rect2x3_hole_2,665,22121,0.0009765625
haxs.stage5c2gR32.g1-quadrature.v1,db1740ac0ad95dc9b7cd3bf474aaf42c,7a3ecbe67dc150f4aa5cb6901c957c18,limit_spin_density_zero_rect2x3,rect2x3_hole_2,666,22122,0.0009765625
haxs.stage5c2gR32.g1-quadrature.v1,db1740ac0ad95dc9b7cd3bf474aaf42c,708f472b8dee5e708aa1ab364a86bdb2,limit_spin_density_zero_rect2x3,rect2x3_hole_2,667,22123,0.0009765625
haxs.stage5c2gR32.g1-quadrature.v1,db1740ac0ad95dc9b7cd3bf474aaf42c,de724eabcc035d49a59060acb4c74aa1,limit_spin_density_zero_rect2x3,rect2x3_hole_2,668,22130,0.0009765625
haxs.stage5c2gR32.g1-quadrature.v1,db1740ac0ad95dc9b7cd3bf474aaf42c,55e5b8b31bd05527bce6ed0ef51aa8bf,limit_spin_density_zero_rect2x3,rect2x3_hole_2,669,22131,0.0009765625
haxs.stage5c2gR32.g1-quadrature.v1,db1740ac0ad95dc9b7cd3bf474aaf42c,ac253eb423e353fb928f09942736ea1c,limit_spin_density_zero_rect2x3,rect2x3_hole_2,670,22132,0.0009765625
haxs.stage5c2gR32.g1-quadrature.v1,db1740ac0ad95dc9b7cd3bf474aaf42c,8c62556a64d75617815a9fe891f66968,limit_spin_density_zero_rect2x3,rect2x3_hole_2,671,22133,0.0009765625
haxs.stage5c2gR32.g1-quadrature.v1,db1740ac0ad95dc9b7cd3bf474aaf42c,43423c761eee507a9f11b1dc8e68cd5e,limit_spin_density_zero_rect2x3,rect2x3_hole_2,672,22200,0.0009765625
haxs.stage5c2gR32.g1-quadrature.v1,db1740ac0ad95dc9b7cd3bf474aaf42c,d825bd69b7ad5ec1abc5b3913c4ffd2c,limit_spin_density_zero_rect2x3,rect2x3_hole_2,673,22201,0.0009765625
haxs.stage5c2gR32.g1-quadrature.v1,db1740ac0ad95dc9b7cd3bf474aaf42c,1a2059ff49f15958ac3c67c341a72b38,limit_spin_density_zero_rect2x3,rect2x3_hole_2,674,22202,0.0009765625
haxs.stage5c2gR32.g1-quadrature.v1,db1740ac0ad95dc9b7cd3bf474aaf42c,44a9937234db5feb89cfcad7dbbca69b,limit_spin_density_zero_rect2x3,rect2x3_hole_2,675,22203,0.0009765625
haxs.stage5c2gR32.g1-quadrature.v1,db1740ac0ad95dc9b7cd3bf474aaf42c,9c14154f986256579dc70209a616ffa6,limit_spin_density_zero_rect2x3,rect2x3_hole_2,676,22210,0.0009765625
haxs.stage5c2gR32.g1-quadrature.v1,db1740ac0ad95dc9b7cd3bf474aaf42c,978d786d9be853d0b1602b7cc9da8fd5,limit_spin_density_zero_rect2x3,rect2x3_hole_2,677,22211,0.0009765625
haxs.stage5c2gR32.g1-quadrature.v1,db1740ac0ad95dc9b7cd3bf474aaf42c,93b493814fd35a278e14ac3dc42fe171,limit_spin_density_zero_rect2x3,rect2x3_hole_2,678,22212,0.0009765625
haxs.stage5c2gR32.g1-quadrature.v1,db1740ac0ad95dc9b7cd3bf474aaf42c,04c2f38e8e1a5dee8a78d636ac7ef15d,limit_spin_density_zero_rect2x3,rect2x3_hole_2,679,22213,0.0009765625
haxs.stage5c2gR32.g1-quadrature.v1,db1740ac0ad95dc9b7cd3bf474aaf42c,78d8da1f64b35f59ac6b545ab16de86f,limit_spin_density_zero_rect2x3,rect2x3_hole_2,680,22220,0.0009765625
haxs.stage5c2gR32.g1-quadrature.v1,db1740ac0ad95dc9b7cd3bf474aaf42c,475fa42e79625fe28732d859555afe51,limit_spin_density_zero_rect2x3,rect2x3_hole_2,681,22221,0.0009765625
haxs.stage5c2gR32.g1-quadrature.v1,db1740ac0ad95dc9b7cd3bf474aaf42c,005638edd30255cf9098e4348d99b91b,limit_spin_density_zero_rect2x3,rect2x3_hole_2,682,22222,0.0009765625
haxs.stage5c2gR32.g1-quadrature.v1,db1740ac0ad95dc9b7cd3bf474aaf42c,5caf15caceb850f494a244070a5171c8,limit_spin_density_zero_rect2x3,rect2x3_hole_2,683,22223,0.0009765625
haxs.stage5c2gR32.g1-quadrature.v1,db1740ac0ad95dc9b7cd3bf474aaf42c,dd19aaa23b5a5d0ba835e5b915b7f190,limit_spin_density_zero_rect2x3,rect2x3_hole_2,684,22230,0.0009765625
haxs.stage5c2gR32.g1-quadrature.v1,db1740ac0ad95dc9b7cd3bf474aaf42c,0b7bffaeab965cabb346f72ef022fad9,limit_spin_density_zero_rect2x3,rect2x3_hole_2,685,22231,0.0009765625
haxs.stage5c2gR32.g1-quadrature.v1,db1740ac0ad95dc9b7cd3bf474aaf42c,ed3062fd2932595680deb1da4ce7377e,limit_spin_density_zero_rect2x3,rect2x3_hole_2,686,22232,0.0009765625
haxs.stage5c2gR32.g1-quadrature.v1,db1740ac0ad95dc9b7cd3bf474aaf42c,8a00babd18e25f42addd2f1415cd2e5c,limit_spin_density_zero_rect2x3,rect2x3_hole_2,687,22233,0.0009765625
haxs.stage5c2gR32.g1-quadrature.v1,db1740ac0ad95dc9b7cd3bf474aaf42c,b152210242e25e5daf50a744c54d9313,limit_spin_density_zero_rect2x3,rect2x3_hole_2,688,22300,0.0009765625
haxs.stage5c2gR32.g1-quadrature.v1,db1740ac0ad95dc9b7cd3bf474aaf42c,661e67cc7cd55fe99c3e7f4aa012b5c4,limit_spin_density_zero_rect2x3,rect2x3_hole_2,689,22301,0.0009765625
haxs.stage5c2gR32.g1-quadrature.v1,db1740ac0ad95dc9b7cd3bf474aaf42c,f5f6b25797dd5dc6bdd7669cb35a8cc0,limit_spin_density_zero_rect2x3,rect2x3_hole_2,690,22302,0.0009765625
haxs.stage5c2gR32.g1-quadrature.v1,db1740ac0ad95dc9b7cd3bf474aaf42c,9ef37e38a4715a0686f504e2f7c92c56,limit_spin_density_zero_rect2x3,rect2x3_hole_2,691,22303,0.0009765625
haxs.stage5c2gR32.g1-quadrature.v1,db1740ac0ad95dc9b7cd3bf474aaf42c,3bb3e83436f057e691e2d55372d5546e,limit_spin_density_zero_rect2x3,rect2x3_hole_2,692,22310,0.0009765625
haxs.stage5c2gR32.g1-quadrature.v1,db1740ac0ad95dc9b7cd3bf474aaf42c,f87b10bf84bf553eaa1d03d8b30f5667,limit_spin_density_zero_rect2x3,rect2x3_hole_2,693,22311,0.0009765625
haxs.stage5c2gR32.g1-quadrature.v1,db1740ac0ad95dc9b7cd3bf474aaf42c,52740305bdbc593a956dd67420aa684c,limit_spin_density_zero_rect2x3,rect2x3_hole_2,694,22312,0.0009765625
haxs.stage5c2gR32.g1-quadrature.v1,db1740ac0ad95dc9b7cd3bf474aaf42c,1f0c3f3191c057b0b6ea704d71679754,limit_spin_density_zero_rect2x3,rect2x3_hole_2,695,22313,0.0009765625
haxs.stage5c2gR32.g1-quadrature.v1,db1740ac0ad95dc9b7cd3bf474aaf42c,dc924cf14b0a53c8b9d8e6a860c3b6ac,limit_spin_density_zero_rect2x3,rect2x3_hole_2,696,22320,0.0009765625
haxs.stage5c2gR32.g1-quadrature.v1,db1740ac0ad95dc9b7cd3bf474aaf42c,d8b0c02756e95b2f866088191a86b928,limit_spin_density_zero_rect2x3,rect2x3_hole_2,697,22321,0.0009765625
haxs.stage5c2gR32.g1-quadrature.v1,db1740ac0ad95dc9b7cd3bf474aaf42c,26e9b5f4c773571ca990031f3ca81ca2,limit_spin_density_zero_rect2x3,rect2x3_hole_2,698,22322,0.0009765625
haxs.stage5c2gR32.g1-quadrature.v1,db1740ac0ad95dc9b7cd3bf474aaf42c,036ea17c15155e348a0a6d1cf7ea7aab,limit_spin_density_zero_rect2x3,rect2x3_hole_2,699,22323,0.0009765625
haxs.stage5c2gR32.g1-quadrature.v1,db1740ac0ad95dc9b7cd3bf474aaf42c,505b8a12031a5cfaa4b25dec2920405f,limit_spin_density_zero_rect2x3,rect2x3_hole_2,700,22330,0.0009765625
haxs.stage5c2gR32.g1-quadrature.v1,db1740ac0ad95dc9b7cd3bf474aaf42c,8c15e5cb9c0151d69a41bf016bb17d36,limit_spin_density_zero_rect2x3,rect2x3_hole_2,701,22331,0.0009765625
haxs.stage5c2gR32.g1-quadrature.v1,db1740ac0ad95dc9b7cd3bf474aaf42c,a6f9320320965bfdad007b837c6aefab,limit_spin_density_zero_rect2x3,rect2x3_hole_2,702,22332,0.0009765625
haxs.stage5c2gR32.g1-quadrature.v1,db1740ac0ad95dc9b7cd3bf474aaf42c,5b221c5a753a5a95b57cc7a0f6ac243f,limit_spin_density_zero_rect2x3,rect2x3_hole_2,703,22333,0.0009765625
haxs.stage5c2gR32.g1-quadrature.v1,db1740ac0ad95dc9b7cd3bf474aaf42c,a6ae6218ed7d5f7680c341391cb4a08a,limit_spin_density_zero_rect2x3,rect2x3_hole_2,704,23000,0.0009765625
haxs.stage5c2gR32.g1-quadrature.v1,db1740ac0ad95dc9b7cd3bf474aaf42c,86818a7775db5589a7b42df6c3346620,limit_spin_density_zero_rect2x3,rect2x3_hole_2,705,23001,0.0009765625
haxs.stage5c2gR32.g1-quadrature.v1,db1740ac0ad95dc9b7cd3bf474aaf42c,3c58781755fa5780ba0e73a869e6fa38,limit_spin_density_zero_rect2x3,rect2x3_hole_2,706,23002,0.0009765625
haxs.stage5c2gR32.g1-quadrature.v1,db1740ac0ad95dc9b7cd3bf474aaf42c,71a7013de144500883b10fe8cb2caa97,limit_spin_density_zero_rect2x3,rect2x3_hole_2,707,23003,0.0009765625
haxs.stage5c2gR32.g1-quadrature.v1,db1740ac0ad95dc9b7cd3bf474aaf42c,dd7acb24af075c3aa284ef629ca413d9,limit_spin_density_zero_rect2x3,rect2x3_hole_2,708,23010,0.0009765625
haxs.stage5c2gR32.g1-quadrature.v1,db1740ac0ad95dc9b7cd3bf474aaf42c,b95dd7b099975ad0964d7a9356057ba8,limit_spin_density_zero_rect2x3,rect2x3_hole_2,709,23011,0.0009765625
haxs.stage5c2gR32.g1-quadrature.v1,db1740ac0ad95dc9b7cd3bf474aaf42c,02cf1255b7ce57c99c12f67457895bc8,limit_spin_density_zero_rect2x3,rect2x3_hole_2,710,23012,0.0009765625
haxs.stage5c2gR32.g1-quadrature.v1,db1740ac0ad95dc9b7cd3bf474aaf42c,24b6e22ed0e2529ba83d7f5f4cf8174f,limit_spin_density_zero_rect2x3,rect2x3_hole_2,711,23013,0.0009765625
haxs.stage5c2gR32.g1-quadrature.v1,db1740ac0ad95dc9b7cd3bf474aaf42c,fd8079f68c445cfc8cf0982e4e375538,limit_spin_density_zero_rect2x3,rect2x3_hole_2,712,23020,0.0009765625
haxs.stage5c2gR32.g1-quadrature.v1,db1740ac0ad95dc9b7cd3bf474aaf42c,59a370e77a525f77942d63618de05b3d,limit_spin_density_zero_rect2x3,rect2x3_hole_2,713,23021,0.0009765625
haxs.stage5c2gR32.g1-quadrature.v1,db1740ac0ad95dc9b7cd3bf474aaf42c,105a36efdc7d53f9853b645cd5589eda,limit_spin_density_zero_rect2x3,rect2x3_hole_2,714,23022,0.0009765625
haxs.stage5c2gR32.g1-quadrature.v1,db1740ac0ad95dc9b7cd3bf474aaf42c,7ba165f05b3c5b7f8d862ab8a6f6d687,limit_spin_density_zero_rect2x3,rect2x3_hole_2,715,23023,0.0009765625
haxs.stage5c2gR32.g1-quadrature.v1,db1740ac0ad95dc9b7cd3bf474aaf42c,3ea43c148b025b3d81947aa883b7ed40,limit_spin_density_zero_rect2x3,rect2x3_hole_2,716,23030,0.0009765625
haxs.stage5c2gR32.g1-quadrature.v1,db1740ac0ad95dc9b7cd3bf474aaf42c,aaf924a51dde5e8b8e4d4ec9de180a4e,limit_spin_density_zero_rect2x3,rect2x3_hole_2,717,23031,0.0009765625
haxs.stage5c2gR32.g1-quadrature.v1,db1740ac0ad95dc9b7cd3bf474aaf42c,6d094982f86d51a286d67b236e6a75d6,limit_spin_density_zero_rect2x3,rect2x3_hole_2,718,23032,0.0009765625
haxs.stage5c2gR32.g1-quadrature.v1,db1740ac0ad95dc9b7cd3bf474aaf42c,587a5c8f0a5159869859f1fd4f738fdb,limit_spin_density_zero_rect2x3,rect2x3_hole_2,719,23033,0.0009765625
haxs.stage5c2gR32.g1-quadrature.v1,db1740ac0ad95dc9b7cd3bf474aaf42c,6d5c3620cecc53ee94a59aed345f7d43,limit_spin_density_zero_rect2x3,rect2x3_hole_2,720,23100,0.0009765625
haxs.stage5c2gR32.g1-quadrature.v1,db1740ac0ad95dc9b7cd3bf474aaf42c,88a957e5e2e250fdaf39ddaff07c6b71,limit_spin_density_zero_rect2x3,rect2x3_hole_2,721,23101,0.0009765625
haxs.stage5c2gR32.g1-quadrature.v1,db1740ac0ad95dc9b7cd3bf474aaf42c,aaf8669d62305aa787122b6dee77bddc,limit_spin_density_zero_rect2x3,rect2x3_hole_2,722,23102,0.0009765625
haxs.stage5c2gR32.g1-quadrature.v1,db1740ac0ad95dc9b7cd3bf474aaf42c,0da6cb2ef3b758279696a8517cd9e4e4,limit_spin_density_zero_rect2x3,rect2x3_hole_2,723,23103,0.0009765625
haxs.stage5c2gR32.g1-quadrature.v1,db1740ac0ad95dc9b7cd3bf474aaf42c,6589cec8a14159e1b5adc6327a042a28,limit_spin_density_zero_rect2x3,rect2x3_hole_2,724,23110,0.0009765625
haxs.stage5c2gR32.g1-quadrature.v1,db1740ac0ad95dc9b7cd3bf474aaf42c,27b179666c3e5533894f5cec69ece81f,limit_spin_density_zero_rect2x3,rect2x3_hole_2,725,23111,0.0009765625
haxs.stage5c2gR32.g1-quadrature.v1,db1740ac0ad95dc9b7cd3bf474aaf42c,cf0c6964e9fe5d1fb74eec06258b09ea,limit_spin_density_zero_rect2x3,rect2x3_hole_2,726,23112,0.0009765625
haxs.stage5c2gR32.g1-quadrature.v1,db1740ac0ad95dc9b7cd3bf474aaf42c,b19d9c84884a5bed8af25f2ea0424548,limit_spin_density_zero_rect2x3,rect2x3_hole_2,727,23113,0.0009765625
haxs.stage5c2gR32.g1-quadrature.v1,db1740ac0ad95dc9b7cd3bf474aaf42c,30c2aede8f4a5cefa515caf5f3a5a756,limit_spin_density_zero_rect2x3,rect2x3_hole_2,728,23120,0.0009765625
haxs.stage5c2gR32.g1-quadrature.v1,db1740ac0ad95dc9b7cd3bf474aaf42c,728f41bd4c5b560e954864c41b21992b,limit_spin_density_zero_rect2x3,rect2x3_hole_2,729,23121,0.0009765625
haxs.stage5c2gR32.g1-quadrature.v1,db1740ac0ad95dc9b7cd3bf474aaf42c,8b90e1c390305e34879ec58d02cbad44,limit_spin_density_zero_rect2x3,rect2x3_hole_2,730,23122,0.0009765625
haxs.stage5c2gR32.g1-quadrature.v1,db1740ac0ad95dc9b7cd3bf474aaf42c,649ee48ebe3250d492623e5e4a67492d,limit_spin_density_zero_rect2x3,rect2x3_hole_2,731,23123,0.0009765625
haxs.stage5c2gR32.g1-quadrature.v1,db1740ac0ad95dc9b7cd3bf474aaf42c,9478453557a45d5195cab2a774bcae1f,limit_spin_density_zero_rect2x3,rect2x3_hole_2,732,23130,0.0009765625
haxs.stage5c2gR32.g1-quadrature.v1,db1740ac0ad95dc9b7cd3bf474aaf42c,a8a8f9846e825c2ab7caf12b1f3cd361,limit_spin_density_zero_rect2x3,rect2x3_hole_2,733,23131,0.0009765625
haxs.stage5c2gR32.g1-quadrature.v1,db1740ac0ad95dc9b7cd3bf474aaf42c,fda5e9d8da685c4283c2dd0d799d2065,limit_spin_density_zero_rect2x3,rect2x3_hole_2,734,23132,0.0009765625
haxs.stage5c2gR32.g1-quadrature.v1,db1740ac0ad95dc9b7cd3bf474aaf42c,bfaa0a025153579ab66ebbcae513958d,limit_spin_density_zero_rect2x3,rect2x3_hole_2,735,23133,0.0009765625
haxs.stage5c2gR32.g1-quadrature.v1,db1740ac0ad95dc9b7cd3bf474aaf42c,d619c5494a735d37980ca4fed7e80272,limit_spin_density_zero_rect2x3,rect2x3_hole_2,736,23200,0.0009765625
haxs.stage5c2gR32.g1-quadrature.v1,db1740ac0ad95dc9b7cd3bf474aaf42c,64f0012a4bc757488a0ee3e8192ac009,limit_spin_density_zero_rect2x3,rect2x3_hole_2,737,23201,0.0009765625
haxs.stage5c2gR32.g1-quadrature.v1,db1740ac0ad95dc9b7cd3bf474aaf42c,3437ce30d52b5413a77874f6c44ce432,limit_spin_density_zero_rect2x3,rect2x3_hole_2,738,23202,0.0009765625
haxs.stage5c2gR32.g1-quadrature.v1,db1740ac0ad95dc9b7cd3bf474aaf42c,0d5eb98ff0b6587bb206e8e353fa95f1,limit_spin_density_zero_rect2x3,rect2x3_hole_2,739,23203,0.0009765625
haxs.stage5c2gR32.g1-quadrature.v1,db1740ac0ad95dc9b7cd3bf474aaf42c,dd71da43a65b5e1398794d4341572667,limit_spin_density_zero_rect2x3,rect2x3_hole_2,740,23210,0.0009765625
haxs.stage5c2gR32.g1-quadrature.v1,db1740ac0ad95dc9b7cd3bf474aaf42c,4ad1ad9087c9511c811576d84083d93e,limit_spin_density_zero_rect2x3,rect2x3_hole_2,741,23211,0.0009765625
haxs.stage5c2gR32.g1-quadrature.v1,db1740ac0ad95dc9b7cd3bf474aaf42c,9ce4893a6e5f595da34c79c817bd7e82,limit_spin_density_zero_rect2x3,rect2x3_hole_2,742,23212,0.0009765625
haxs.stage5c2gR32.g1-quadrature.v1,db1740ac0ad95dc9b7cd3bf474aaf42c,9136ce0578a855168475fb83267a9884,limit_spin_density_zero_rect2x3,rect2x3_hole_2,743,23213,0.0009765625
haxs.stage5c2gR32.g1-quadrature.v1,db1740ac0ad95dc9b7cd3bf474aaf42c,6bbdb4b2e4425a619b3fab012bb42b7b,limit_spin_density_zero_rect2x3,rect2x3_hole_2,744,23220,0.0009765625
haxs.stage5c2gR32.g1-quadrature.v1,db1740ac0ad95dc9b7cd3bf474aaf42c,25d440c1127457f6a3945b74f813877d,limit_spin_density_zero_rect2x3,rect2x3_hole_2,745,23221,0.0009765625
haxs.stage5c2gR32.g1-quadrature.v1,db1740ac0ad95dc9b7cd3bf474aaf42c,db33b3f5558c5c96b52c7e5d8128b47b,limit_spin_density_zero_rect2x3,rect2x3_hole_2,746,23222,0.0009765625
haxs.stage5c2gR32.g1-quadrature.v1,db1740ac0ad95dc9b7cd3bf474aaf42c,dc1dbe3c92cd5842869e3a22cd8ffc21,limit_spin_density_zero_rect2x3,rect2x3_hole_2,747,23223,0.0009765625
haxs.stage5c2gR32.g1-quadrature.v1,db1740ac0ad95dc9b7cd3bf474aaf42c,0e1f7abadfe658649f51b11e53d8db4b,limit_spin_density_zero_rect2x3,rect2x3_hole_2,748,23230,0.0009765625
haxs.stage5c2gR32.g1-quadrature.v1,db1740ac0ad95dc9b7cd3bf474aaf42c,ffaadaa14a6f5ad6a9a48f917c672325,limit_spin_density_zero_rect2x3,rect2x3_hole_2,749,23231,0.0009765625
haxs.stage5c2gR32.g1-quadrature.v1,db1740ac0ad95dc9b7cd3bf474aaf42c,375ca73137ac5abdb11aab422fe16ed9,limit_spin_density_zero_rect2x3,rect2x3_hole_2,750,23232,0.0009765625
haxs.stage5c2gR32.g1-quadrature.v1,db1740ac0ad95dc9b7cd3bf474aaf42c,cee1e3b9a9e25b89a080f0f394a5e671,limit_spin_density_zero_rect2x3,rect2x3_hole_2,751,23233,0.0009765625
haxs.stage5c2gR32.g1-quadrature.v1,db1740ac0ad95dc9b7cd3bf474aaf42c,597442f5eaed50458d980748f608b5fc,limit_spin_density_zero_rect2x3,rect2x3_hole_2,752,23300,0.0009765625
haxs.stage5c2gR32.g1-quadrature.v1,db1740ac0ad95dc9b7cd3bf474aaf42c,911989f1d42c577798c579d48f0cd7a7,limit_spin_density_zero_rect2x3,rect2x3_hole_2,753,23301,0.0009765625
haxs.stage5c2gR32.g1-quadrature.v1,db1740ac0ad95dc9b7cd3bf474aaf42c,4a6f051602a65e0882d942c65f5a9843,limit_spin_density_zero_rect2x3,rect2x3_hole_2,754,23302,0.0009765625
haxs.stage5c2gR32.g1-quadrature.v1,db1740ac0ad95dc9b7cd3bf474aaf42c,6981341d90b85ddfa807efd5bb1bff88,limit_spin_density_zero_rect2x3,rect2x3_hole_2,755,23303,0.0009765625
haxs.stage5c2gR32.g1-quadrature.v1,db1740ac0ad95dc9b7cd3bf474aaf42c,b4a1fe12d5b85a25865d5e55c2258570,limit_spin_density_zero_rect2x3,rect2x3_hole_2,756,23310,0.0009765625
haxs.stage5c2gR32.g1-quadrature.v1,db1740ac0ad95dc9b7cd3bf474aaf42c,d6ffc9131d23506092502d2d5de43417,limit_spin_density_zero_rect2x3,rect2x3_hole_2,757,23311,0.0009765625
haxs.stage5c2gR32.g1-quadrature.v1,db1740ac0ad95dc9b7cd3bf474aaf42c,89e6770c0ad05c6b9861159feaf7e99a,limit_spin_density_zero_rect2x3,rect2x3_hole_2,758,23312,0.0009765625
haxs.stage5c2gR32.g1-quadrature.v1,db1740ac0ad95dc9b7cd3bf474aaf42c,eb6687fc0b30545abc6d0c2230271aea,limit_spin_density_zero_rect2x3,rect2x3_hole_2,759,23313,0.0009765625
haxs.stage5c2gR32.g1-quadrature.v1,db1740ac0ad95dc9b7cd3bf474aaf42c,2e4a6c018818555f985721886ba7064e,limit_spin_density_zero_rect2x3,rect2x3_hole_2,760,23320,0.0009765625
haxs.stage5c2gR32.g1-quadrature.v1,db1740ac0ad95dc9b7cd3bf474aaf42c,7e0b492f5e7e56878267ae618f95a802,limit_spin_density_zero_rect2x3,rect2x3_hole_2,761,23321,0.0009765625
haxs.stage5c2gR32.g1-quadrature.v1,db1740ac0ad95dc9b7cd3bf474aaf42c,bc9d3651fa1e5c8ca9e7489b34011f6b,limit_spin_density_zero_rect2x3,rect2x3_hole_2,762,23322,0.0009765625
haxs.stage5c2gR32.g1-quadrature.v1,db1740ac0ad95dc9b7cd3bf474aaf42c,3cfc66efb3465f9c9a39ddca9cfa2272,limit_spin_density_zero_rect2x3,rect2x3_hole_2,763,23323,0.0009765625
haxs.stage5c2gR32.g1-quadrature.v1,db1740ac0ad95dc9b7cd3bf474aaf42c,1945a937bd4859d8a6acd7ff2ca77927,limit_spin_density_zero_rect2x3,rect2x3_hole_2,764,23330,0.0009765625
haxs.stage5c2gR32.g1-quadrature.v1,db1740ac0ad95dc9b7cd3bf474aaf42c,8552c361050e57f7822682c223277b61,limit_spin_density_zero_rect2x3,rect2x3_hole_2,765,23331,0.0009765625
haxs.stage5c2gR32.g1-quadrature.v1,db1740ac0ad95dc9b7cd3bf474aaf42c,25e6edd119695c6ca0e82a9693e5d878,limit_spin_density_zero_rect2x3,rect2x3_hole_2,766,23332,0.0009765625
haxs.stage5c2gR32.g1-quadrature.v1,db1740ac0ad95dc9b7cd3bf474aaf42c,8c838183a647533ea97ad7acef619b44,limit_spin_density_zero_rect2x3,rect2x3_hole_2,767,23333,0.0009765625
haxs.stage5c2gR32.g1-quadrature.v1,db1740ac0ad95dc9b7cd3bf474aaf42c,60ed10e839455cad91b3d6f52618eb6a,limit_spin_density_zero_rect2x3,rect2x3_hole_2,768,30000,0.0009765625
haxs.stage5c2gR32.g1-quadrature.v1,db1740ac0ad95dc9b7cd3bf474aaf42c,a8754834a2a05dd09d8dbaee1c391b18,limit_spin_density_zero_rect2x3,rect2x3_hole_2,769,30001,0.0009765625
haxs.stage5c2gR32.g1-quadrature.v1,db1740ac0ad95dc9b7cd3bf474aaf42c,09a39e392cae5350b78152ec0debc3d0,limit_spin_density_zero_rect2x3,rect2x3_hole_2,770,30002,0.0009765625
haxs.stage5c2gR32.g1-quadrature.v1,db1740ac0ad95dc9b7cd3bf474aaf42c,ad0bf0aeddc05e658697b59494b3147a,limit_spin_density_zero_rect2x3,rect2x3_hole_2,771,30003,0.0009765625
haxs.stage5c2gR32.g1-quadrature.v1,db1740ac0ad95dc9b7cd3bf474aaf42c,f279616ff0b253f4b50cd8d68c01e4f5,limit_spin_density_zero_rect2x3,rect2x3_hole_2,772,30010,0.0009765625
haxs.stage5c2gR32.g1-quadrature.v1,db1740ac0ad95dc9b7cd3bf474aaf42c,37135685559751cb8203ab70498d6bba,limit_spin_density_zero_rect2x3,rect2x3_hole_2,773,30011,0.0009765625
haxs.stage5c2gR32.g1-quadrature.v1,db1740ac0ad95dc9b7cd3bf474aaf42c,d570c96f10b55d1b9ad7074d0586ee9e,limit_spin_density_zero_rect2x3,rect2x3_hole_2,774,30012,0.0009765625
haxs.stage5c2gR32.g1-quadrature.v1,db1740ac0ad95dc9b7cd3bf474aaf42c,94c38cd3fa2b57e3959216120546e72f,limit_spin_density_zero_rect2x3,rect2x3_hole_2,775,30013,0.0009765625
haxs.stage5c2gR32.g1-quadrature.v1,db1740ac0ad95dc9b7cd3bf474aaf42c,07586f7189d65f9182d2ebb825eb5a57,limit_spin_density_zero_rect2x3,rect2x3_hole_2,776,30020,0.0009765625
haxs.stage5c2gR32.g1-quadrature.v1,db1740ac0ad95dc9b7cd3bf474aaf42c,4c144ac09abe5c9483f0e4b31425e337,limit_spin_density_zero_rect2x3,rect2x3_hole_2,777,30021,0.0009765625
haxs.stage5c2gR32.g1-quadrature.v1,db1740ac0ad95dc9b7cd3bf474aaf42c,814559efe9945fd5bbe76c41f82aea9b,limit_spin_density_zero_rect2x3,rect2x3_hole_2,778,30022,0.0009765625
haxs.stage5c2gR32.g1-quadrature.v1,db1740ac0ad95dc9b7cd3bf474aaf42c,ce0bdfc643545144a1c2aee2c0ec41b7,limit_spin_density_zero_rect2x3,rect2x3_hole_2,779,30023,0.0009765625
haxs.stage5c2gR32.g1-quadrature.v1,db1740ac0ad95dc9b7cd3bf474aaf42c,b040169aeada5b748c0dbea88f1676c4,limit_spin_density_zero_rect2x3,rect2x3_hole_2,780,30030,0.0009765625
haxs.stage5c2gR32.g1-quadrature.v1,db1740ac0ad95dc9b7cd3bf474aaf42c,95708351bed654a99cfc9cb93c765369,limit_spin_density_zero_rect2x3,rect2x3_hole_2,781,30031,0.0009765625
haxs.stage5c2gR32.g1-quadrature.v1,db1740ac0ad95dc9b7cd3bf474aaf42c,a41e2162235e566eb8ff8f8ea7673214,limit_spin_density_zero_rect2x3,rect2x3_hole_2,782,30032,0.0009765625
haxs.stage5c2gR32.g1-quadrature.v1,db1740ac0ad95dc9b7cd3bf474aaf42c,dd23fd3d57ef575cab0f8b03fe31a338,limit_spin_density_zero_rect2x3,rect2x3_hole_2,783,30033,0.0009765625
haxs.stage5c2gR32.g1-quadrature.v1,db1740ac0ad95dc9b7cd3bf474aaf42c,9b4bd10c9f155f2487ea5c9844b66e5d,limit_spin_density_zero_rect2x3,rect2x3_hole_2,784,30100,0.0009765625
haxs.stage5c2gR32.g1-quadrature.v1,db1740ac0ad95dc9b7cd3bf474aaf42c,bcd1b1e42081535b9a138a4917c5238d,limit_spin_density_zero_rect2x3,rect2x3_hole_2,785,30101,0.0009765625
haxs.stage5c2gR32.g1-quadrature.v1,db1740ac0ad95dc9b7cd3bf474aaf42c,080077292e7a53dcb266ca9cceadddd1,limit_spin_density_zero_rect2x3,rect2x3_hole_2,786,30102,0.0009765625
haxs.stage5c2gR32.g1-quadrature.v1,db1740ac0ad95dc9b7cd3bf474aaf42c,c5864213267855bba6f05ceb03e11dbc,limit_spin_density_zero_rect2x3,rect2x3_hole_2,787,30103,0.0009765625
haxs.stage5c2gR32.g1-quadrature.v1,db1740ac0ad95dc9b7cd3bf474aaf42c,6b33be19876c5b07a81661e15acf6862,limit_spin_density_zero_rect2x3,rect2x3_hole_2,788,30110,0.0009765625
haxs.stage5c2gR32.g1-quadrature.v1,db1740ac0ad95dc9b7cd3bf474aaf42c,91d6320fc8ff5352b5ccdb76e5d96472,limit_spin_density_zero_rect2x3,rect2x3_hole_2,789,30111,0.0009765625
haxs.stage5c2gR32.g1-quadrature.v1,db1740ac0ad95dc9b7cd3bf474aaf42c,cfe38e8d209755629841adaa3c8d1512,limit_spin_density_zero_rect2x3,rect2x3_hole_2,790,30112,0.0009765625
haxs.stage5c2gR32.g1-quadrature.v1,db1740ac0ad95dc9b7cd3bf474aaf42c,72b5769be3be5ffeab869cb5ba2cd5cf,limit_spin_density_zero_rect2x3,rect2x3_hole_2,791,30113,0.0009765625
haxs.stage5c2gR32.g1-quadrature.v1,db1740ac0ad95dc9b7cd3bf474aaf42c,9a8e053ce914576680e16fb9a1497f33,limit_spin_density_zero_rect2x3,rect2x3_hole_2,792,30120,0.0009765625
haxs.stage5c2gR32.g1-quadrature.v1,db1740ac0ad95dc9b7cd3bf474aaf42c,c250697bb99f559c8077e69298d17bc5,limit_spin_density_zero_rect2x3,rect2x3_hole_2,793,30121,0.0009765625
haxs.stage5c2gR32.g1-quadrature.v1,db1740ac0ad95dc9b7cd3bf474aaf42c,8304de59c87850dcb1faefbaeadabd8a,limit_spin_density_zero_rect2x3,rect2x3_hole_2,794,30122,0.0009765625
haxs.stage5c2gR32.g1-quadrature.v1,db1740ac0ad95dc9b7cd3bf474aaf42c,66e255f618ca5c3c9a4d20d69a65ab41,limit_spin_density_zero_rect2x3,rect2x3_hole_2,795,30123,0.0009765625
haxs.stage5c2gR32.g1-quadrature.v1,db1740ac0ad95dc9b7cd3bf474aaf42c,787b28bd42425cd6a121ab9b423b86fb,limit_spin_density_zero_rect2x3,rect2x3_hole_2,796,30130,0.0009765625
haxs.stage5c2gR32.g1-quadrature.v1,db1740ac0ad95dc9b7cd3bf474aaf42c,2dd58595055457ce860b2b6e39e70800,limit_spin_density_zero_rect2x3,rect2x3_hole_2,797,30131,0.0009765625
haxs.stage5c2gR32.g1-quadrature.v1,db1740ac0ad95dc9b7cd3bf474aaf42c,aaa914cf472452a890fe55388506d8e9,limit_spin_density_zero_rect2x3,rect2x3_hole_2,798,30132,0.0009765625
haxs.stage5c2gR32.g1-quadrature.v1,db1740ac0ad95dc9b7cd3bf474aaf42c,d688294ba66c56f098825a17a033db0c,limit_spin_density_zero_rect2x3,rect2x3_hole_2,799,30133,0.0009765625
haxs.stage5c2gR32.g1-quadrature.v1,db1740ac0ad95dc9b7cd3bf474aaf42c,34857f2c22025ff0869346b4721667a0,limit_spin_density_zero_rect2x3,rect2x3_hole_2,800,30200,0.0009765625
haxs.stage5c2gR32.g1-quadrature.v1,db1740ac0ad95dc9b7cd3bf474aaf42c,c29c5e9dd09a51a088ac42426a0b19e5,limit_spin_density_zero_rect2x3,rect2x3_hole_2,801,30201,0.0009765625
haxs.stage5c2gR32.g1-quadrature.v1,db1740ac0ad95dc9b7cd3bf474aaf42c,43d8099552b95233921dd810170a3c3c,limit_spin_density_zero_rect2x3,rect2x3_hole_2,802,30202,0.0009765625
haxs.stage5c2gR32.g1-quadrature.v1,db1740ac0ad95dc9b7cd3bf474aaf42c,c3a9623e41755506b2e0e94da237ce59,limit_spin_density_zero_rect2x3,rect2x3_hole_2,803,30203,0.0009765625
haxs.stage5c2gR32.g1-quadrature.v1,db1740ac0ad95dc9b7cd3bf474aaf42c,9dfa9fa409fd5a938e0249b20a1e4746,limit_spin_density_zero_rect2x3,rect2x3_hole_2,804,30210,0.0009765625
haxs.stage5c2gR32.g1-quadrature.v1,db1740ac0ad95dc9b7cd3bf474aaf42c,42a035ab2d3458d9a6e717bc30d9b586,limit_spin_density_zero_rect2x3,rect2x3_hole_2,805,30211,0.0009765625
haxs.stage5c2gR32.g1-quadrature.v1,db1740ac0ad95dc9b7cd3bf474aaf42c,0addaadc8cf05dc480f32d990a9528e5,limit_spin_density_zero_rect2x3,rect2x3_hole_2,806,30212,0.0009765625
haxs.stage5c2gR32.g1-quadrature.v1,db1740ac0ad95dc9b7cd3bf474aaf42c,8e114f87009e58fe841123f70de9e327,limit_spin_density_zero_rect2x3,rect2x3_hole_2,807,30213,0.0009765625
haxs.stage5c2gR32.g1-quadrature.v1,db1740ac0ad95dc9b7cd3bf474aaf42c,217e8eb246075476b78db33dc29661fe,limit_spin_density_zero_rect2x3,rect2x3_hole_2,808,30220,0.0009765625
haxs.stage5c2gR32.g1-quadrature.v1,db1740ac0ad95dc9b7cd3bf474aaf42c,378eb6891d465e02a2b9b0a723b4ef1a,limit_spin_density_zero_rect2x3,rect2x3_hole_2,809,30221,0.0009765625
haxs.stage5c2gR32.g1-quadrature.v1,db1740ac0ad95dc9b7cd3bf474aaf42c,13b5192a1d325cd4aa7df1f612d8706e,limit_spin_density_zero_rect2x3,rect2x3_hole_2,810,30222,0.0009765625
haxs.stage5c2gR32.g1-quadrature.v1,db1740ac0ad95dc9b7cd3bf474aaf42c,f0e1de0074965c75852a051dd331acb8,limit_spin_density_zero_rect2x3,rect2x3_hole_2,811,30223,0.0009765625
haxs.stage5c2gR32.g1-quadrature.v1,db1740ac0ad95dc9b7cd3bf474aaf42c,e8532999b2d95ef3b21f61e1fc85c5d9,limit_spin_density_zero_rect2x3,rect2x3_hole_2,812,30230,0.0009765625
haxs.stage5c2gR32.g1-quadrature.v1,db1740ac0ad95dc9b7cd3bf474aaf42c,79e15e8a684a5d3d92d6a7d14554215a,limit_spin_density_zero_rect2x3,rect2x3_hole_2,813,30231,0.0009765625
haxs.stage5c2gR32.g1-quadrature.v1,db1740ac0ad95dc9b7cd3bf474aaf42c,33cb61d32f9e52688d85da29596ae995,limit_spin_density_zero_rect2x3,rect2x3_hole_2,814,30232,0.0009765625
haxs.stage5c2gR32.g1-quadrature.v1,db1740ac0ad95dc9b7cd3bf474aaf42c,a53773e908025d7ea04fd4b8852586f6,limit_spin_density_zero_rect2x3,rect2x3_hole_2,815,30233,0.0009765625
haxs.stage5c2gR32.g1-quadrature.v1,db1740ac0ad95dc9b7cd3bf474aaf42c,ba119b2134125755850a5ffc4fa208c3,limit_spin_density_zero_rect2x3,rect2x3_hole_2,816,30300,0.0009765625
haxs.stage5c2gR32.g1-quadrature.v1,db1740ac0ad95dc9b7cd3bf474aaf42c,25d249d77dba5180b76291731c8eb72f,limit_spin_density_zero_rect2x3,rect2x3_hole_2,817,30301,0.0009765625
haxs.stage5c2gR32.g1-quadrature.v1,db1740ac0ad95dc9b7cd3bf474aaf42c,875bfe616ecb5002a8c40a070779a916,limit_spin_density_zero_rect2x3,rect2x3_hole_2,818,30302,0.0009765625
haxs.stage5c2gR32.g1-quadrature.v1,db1740ac0ad95dc9b7cd3bf474aaf42c,e56237348f3255668036f05bee9c4706,limit_spin_density_zero_rect2x3,rect2x3_hole_2,819,30303,0.0009765625
haxs.stage5c2gR32.g1-quadrature.v1,db1740ac0ad95dc9b7cd3bf474aaf42c,cca6c6e4eb28528ea13e93b553afc306,limit_spin_density_zero_rect2x3,rect2x3_hole_2,820,30310,0.0009765625
haxs.stage5c2gR32.g1-quadrature.v1,db1740ac0ad95dc9b7cd3bf474aaf42c,e98a3667115a57b39df15c0272423011,limit_spin_density_zero_rect2x3,rect2x3_hole_2,821,30311,0.0009765625
haxs.stage5c2gR32.g1-quadrature.v1,db1740ac0ad95dc9b7cd3bf474aaf42c,aef52ac7ba105a1da892480734b714c8,limit_spin_density_zero_rect2x3,rect2x3_hole_2,822,30312,0.0009765625
haxs.stage5c2gR32.g1-quadrature.v1,db1740ac0ad95dc9b7cd3bf474aaf42c,657057eacb635ffe940308cd7f17aa80,limit_spin_density_zero_rect2x3,rect2x3_hole_2,823,30313,0.0009765625
haxs.stage5c2gR32.g1-quadrature.v1,db1740ac0ad95dc9b7cd3bf474aaf42c,5c19e2d5ade75329a234e22b2881db9a,limit_spin_density_zero_rect2x3,rect2x3_hole_2,824,30320,0.0009765625
haxs.stage5c2gR32.g1-quadrature.v1,db1740ac0ad95dc9b7cd3bf474aaf42c,865fac1a392c5279b5f1110a806e0104,limit_spin_density_zero_rect2x3,rect2x3_hole_2,825,30321,0.0009765625
haxs.stage5c2gR32.g1-quadrature.v1,db1740ac0ad95dc9b7cd3bf474aaf42c,8974991ca1eb5f31b8d622de9487fb53,limit_spin_density_zero_rect2x3,rect2x3_hole_2,826,30322,0.0009765625
haxs.stage5c2gR32.g1-quadrature.v1,db1740ac0ad95dc9b7cd3bf474aaf42c,97b45295d55b56a4be6dff2937b4e1a5,limit_spin_density_zero_rect2x3,rect2x3_hole_2,827,30323,0.0009765625
haxs.stage5c2gR32.g1-quadrature.v1,db1740ac0ad95dc9b7cd3bf474aaf42c,ac3cba3b633e58ba93c76a875171681e,limit_spin_density_zero_rect2x3,rect2x3_hole_2,828,30330,0.0009765625
haxs.stage5c2gR32.g1-quadrature.v1,db1740ac0ad95dc9b7cd3bf474aaf42c,bef4b17facb35d27b69f4d62cdcfdf5f,limit_spin_density_zero_rect2x3,rect2x3_hole_2,829,30331,0.0009765625
haxs.stage5c2gR32.g1-quadrature.v1,db1740ac0ad95dc9b7cd3bf474aaf42c,9f6cc9e71899573a8f0bf78cdab79965,limit_spin_density_zero_rect2x3,rect2x3_hole_2,830,30332,0.0009765625
haxs.stage5c2gR32.g1-quadrature.v1,db1740ac0ad95dc9b7cd3bf474aaf42c,de1f7874101958deb0a6ab0f120e9e48,limit_spin_density_zero_rect2x3,rect2x3_hole_2,831,30333,0.0009765625
haxs.stage5c2gR32.g1-quadrature.v1,db1740ac0ad95dc9b7cd3bf474aaf42c,e35c3979b01c501bb12d98ce8c7c8108,limit_spin_density_zero_rect2x3,rect2x3_hole_2,832,31000,0.0009765625
haxs.stage5c2gR32.g1-quadrature.v1,db1740ac0ad95dc9b7cd3bf474aaf42c,169f0cc6751253ecbc860b77898b1bc0,limit_spin_density_zero_rect2x3,rect2x3_hole_2,833,31001,0.0009765625
haxs.stage5c2gR32.g1-quadrature.v1,db1740ac0ad95dc9b7cd3bf474aaf42c,9c00fc3154365f409bac7ddeba4b004d,limit_spin_density_zero_rect2x3,rect2x3_hole_2,834,31002,0.0009765625
haxs.stage5c2gR32.g1-quadrature.v1,db1740ac0ad95dc9b7cd3bf474aaf42c,5f6d4562f8515314a434e9c160c291a6,limit_spin_density_zero_rect2x3,rect2x3_hole_2,835,31003,0.0009765625
haxs.stage5c2gR32.g1-quadrature.v1,db1740ac0ad95dc9b7cd3bf474aaf42c,7079bbe4db525163a93f37f98823a462,limit_spin_density_zero_rect2x3,rect2x3_hole_2,836,31010,0.0009765625
haxs.stage5c2gR32.g1-quadrature.v1,db1740ac0ad95dc9b7cd3bf474aaf42c,7b339e4619415456bff4890e44e0b674,limit_spin_density_zero_rect2x3,rect2x3_hole_2,837,31011,0.0009765625
haxs.stage5c2gR32.g1-quadrature.v1,db1740ac0ad95dc9b7cd3bf474aaf42c,d0518e9975c85967bd0fc42cec0d7525,limit_spin_density_zero_rect2x3,rect2x3_hole_2,838,31012,0.0009765625
haxs.stage5c2gR32.g1-quadrature.v1,db1740ac0ad95dc9b7cd3bf474aaf42c,13aa9a53302e5a1fb52bd077294b5ef3,limit_spin_density_zero_rect2x3,rect2x3_hole_2,839,31013,0.0009765625
haxs.stage5c2gR32.g1-quadrature.v1,db1740ac0ad95dc9b7cd3bf474aaf42c,156e576a5ba853ffbc6da3a6f88544a8,limit_spin_density_zero_rect2x3,rect2x3_hole_2,840,31020,0.0009765625
haxs.stage5c2gR32.g1-quadrature.v1,db1740ac0ad95dc9b7cd3bf474aaf42c,9f30d3e89de75d429816d49b894b76ec,limit_spin_density_zero_rect2x3,rect2x3_hole_2,841,31021,0.0009765625
haxs.stage5c2gR32.g1-quadrature.v1,db1740ac0ad95dc9b7cd3bf474aaf42c,023b13f126f55b81899fd92fe3168278,limit_spin_density_zero_rect2x3,rect2x3_hole_2,842,31022,0.0009765625
haxs.stage5c2gR32.g1-quadrature.v1,db1740ac0ad95dc9b7cd3bf474aaf42c,6a9bcb8d7d125b8cbfc07371c6c024b9,limit_spin_density_zero_rect2x3,rect2x3_hole_2,843,31023,0.0009765625
haxs.stage5c2gR32.g1-quadrature.v1,db1740ac0ad95dc9b7cd3bf474aaf42c,1ad077e57d29586d9fab24684e0bd7d3,limit_spin_density_zero_rect2x3,rect2x3_hole_2,844,31030,0.0009765625
haxs.stage5c2gR32.g1-quadrature.v1,db1740ac0ad95dc9b7cd3bf474aaf42c,14be309ab24056af9afea9f71ff8a38b,limit_spin_density_zero_rect2x3,rect2x3_hole_2,845,31031,0.0009765625
haxs.stage5c2gR32.g1-quadrature.v1,db1740ac0ad95dc9b7cd3bf474aaf42c,6e133f69be765f8885a0230984b8a789,limit_spin_density_zero_rect2x3,rect2x3_hole_2,846,31032,0.0009765625
haxs.stage5c2gR32.g1-quadrature.v1,db1740ac0ad95dc9b7cd3bf474aaf42c,c2284307495154c185f1ee3b43134f7c,limit_spin_density_zero_rect2x3,rect2x3_hole_2,847,31033,0.0009765625
haxs.stage5c2gR32.g1-quadrature.v1,db1740ac0ad95dc9b7cd3bf474aaf42c,019179c748a4536193d4c3272cce7c5c,limit_spin_density_zero_rect2x3,rect2x3_hole_2,848,31100,0.0009765625
haxs.stage5c2gR32.g1-quadrature.v1,db1740ac0ad95dc9b7cd3bf474aaf42c,e92db58c2a80501096b7be079cf2a270,limit_spin_density_zero_rect2x3,rect2x3_hole_2,849,31101,0.0009765625
haxs.stage5c2gR32.g1-quadrature.v1,db1740ac0ad95dc9b7cd3bf474aaf42c,4e0424d6242c5f0398fbc552e1836fdd,limit_spin_density_zero_rect2x3,rect2x3_hole_2,850,31102,0.0009765625
haxs.stage5c2gR32.g1-quadrature.v1,db1740ac0ad95dc9b7cd3bf474aaf42c,d5e0a83d63a65de09b2854e9f03b936e,limit_spin_density_zero_rect2x3,rect2x3_hole_2,851,31103,0.0009765625
haxs.stage5c2gR32.g1-quadrature.v1,db1740ac0ad95dc9b7cd3bf474aaf42c,b60bc68eacc75d64a9c98c46ad30b7d3,limit_spin_density_zero_rect2x3,rect2x3_hole_2,852,31110,0.0009765625
haxs.stage5c2gR32.g1-quadrature.v1,db1740ac0ad95dc9b7cd3bf474aaf42c,37b7d63f793f5ac1b6a8317d7c8c6220,limit_spin_density_zero_rect2x3,rect2x3_hole_2,853,31111,0.0009765625
haxs.stage5c2gR32.g1-quadrature.v1,db1740ac0ad95dc9b7cd3bf474aaf42c,183128067a1b591ea5392cda411afa10,limit_spin_density_zero_rect2x3,rect2x3_hole_2,854,31112,0.0009765625
haxs.stage5c2gR32.g1-quadrature.v1,db1740ac0ad95dc9b7cd3bf474aaf42c,171b579fd4ac573db92643790a8040cc,limit_spin_density_zero_rect2x3,rect2x3_hole_2,855,31113,0.0009765625
haxs.stage5c2gR32.g1-quadrature.v1,db1740ac0ad95dc9b7cd3bf474aaf42c,473dfe3ac79f54689bbe63b527f15909,limit_spin_density_zero_rect2x3,rect2x3_hole_2,856,31120,0.0009765625
haxs.stage5c2gR32.g1-quadrature.v1,db1740ac0ad95dc9b7cd3bf474aaf42c,bc0d87838fe459758c9db990550ed23b,limit_spin_density_zero_rect2x3,rect2x3_hole_2,857,31121,0.0009765625
haxs.stage5c2gR32.g1-quadrature.v1,db1740ac0ad95dc9b7cd3bf474aaf42c,c7f4d525ac285f73ab749e237b91d9d2,limit_spin_density_zero_rect2x3,rect2x3_hole_2,858,31122,0.0009765625
haxs.stage5c2gR32.g1-quadrature.v1,db1740ac0ad95dc9b7cd3bf474aaf42c,addc585c5e1158e49e0e9d827305238e,limit_spin_density_zero_rect2x3,rect2x3_hole_2,859,31123,0.0009765625
haxs.stage5c2gR32.g1-quadrature.v1,db1740ac0ad95dc9b7cd3bf474aaf42c,03bffb4b35bd5fcaa30cac24e969356c,limit_spin_density_zero_rect2x3,rect2x3_hole_2,860,31130,0.0009765625
haxs.stage5c2gR32.g1-quadrature.v1,db1740ac0ad95dc9b7cd3bf474aaf42c,c8e511e967195cd08676c8091232774c,limit_spin_density_zero_rect2x3,rect2x3_hole_2,861,31131,0.0009765625
haxs.stage5c2gR32.g1-quadrature.v1,db1740ac0ad95dc9b7cd3bf474aaf42c,862aad467e475bb89197979d147a600d,limit_spin_density_zero_rect2x3,rect2x3_hole_2,862,31132,0.0009765625
haxs.stage5c2gR32.g1-quadrature.v1,db1740ac0ad95dc9b7cd3bf474aaf42c,4bf2ee6d22365d999e01fcfff0dc9f3a,limit_spin_density_zero_rect2x3,rect2x3_hole_2,863,31133,0.0009765625
haxs.stage5c2gR32.g1-quadrature.v1,db1740ac0ad95dc9b7cd3bf474aaf42c,6d0625ed5b075bd7b3da227304678ebf,limit_spin_density_zero_rect2x3,rect2x3_hole_2,864,31200,0.0009765625
haxs.stage5c2gR32.g1-quadrature.v1,db1740ac0ad95dc9b7cd3bf474aaf42c,671c8c400d6f54bf8be273ddb7913e85,limit_spin_density_zero_rect2x3,rect2x3_hole_2,865,31201,0.0009765625
haxs.stage5c2gR32.g1-quadrature.v1,db1740ac0ad95dc9b7cd3bf474aaf42c,fcf86182dcf9599d87f37b3facd2c441,limit_spin_density_zero_rect2x3,rect2x3_hole_2,866,31202,0.0009765625
haxs.stage5c2gR32.g1-quadrature.v1,db1740ac0ad95dc9b7cd3bf474aaf42c,866c1cf507ad5d4498d0537834cfac80,limit_spin_density_zero_rect2x3,rect2x3_hole_2,867,31203,0.0009765625
haxs.stage5c2gR32.g1-quadrature.v1,db1740ac0ad95dc9b7cd3bf474aaf42c,56fa1fae31195ad0870109af3010f531,limit_spin_density_zero_rect2x3,rect2x3_hole_2,868,31210,0.0009765625
haxs.stage5c2gR32.g1-quadrature.v1,db1740ac0ad95dc9b7cd3bf474aaf42c,c0722837a2af50fcb8a5f21b754561de,limit_spin_density_zero_rect2x3,rect2x3_hole_2,869,31211,0.0009765625
haxs.stage5c2gR32.g1-quadrature.v1,db1740ac0ad95dc9b7cd3bf474aaf42c,a2c9b4b4e5f95fd882a53c8414a84065,limit_spin_density_zero_rect2x3,rect2x3_hole_2,870,31212,0.0009765625
haxs.stage5c2gR32.g1-quadrature.v1,db1740ac0ad95dc9b7cd3bf474aaf42c,b57a5e0c2d965b43902fc8fc430d84bf,limit_spin_density_zero_rect2x3,rect2x3_hole_2,871,31213,0.0009765625
haxs.stage5c2gR32.g1-quadrature.v1,db1740ac0ad95dc9b7cd3bf474aaf42c,5d22799ffe9b5473a018ce91ad077466,limit_spin_density_zero_rect2x3,rect2x3_hole_2,872,31220,0.0009765625
haxs.stage5c2gR32.g1-quadrature.v1,db1740ac0ad95dc9b7cd3bf474aaf42c,a57a2e71c39c573cb216def31b88b286,limit_spin_density_zero_rect2x3,rect2x3_hole_2,873,31221,0.0009765625
haxs.stage5c2gR32.g1-quadrature.v1,db1740ac0ad95dc9b7cd3bf474aaf42c,8a904399b88d59baa194ce4f09604fd6,limit_spin_density_zero_rect2x3,rect2x3_hole_2,874,31222,0.0009765625
haxs.stage5c2gR32.g1-quadrature.v1,db1740ac0ad95dc9b7cd3bf474aaf42c,48d441e79d025816bbdbc3267e8779f8,limit_spin_density_zero_rect2x3,rect2x3_hole_2,875,31223,0.0009765625
haxs.stage5c2gR32.g1-quadrature.v1,db1740ac0ad95dc9b7cd3bf474aaf42c,fe24a2d0277d5972a602c9cf6a472cd5,limit_spin_density_zero_rect2x3,rect2x3_hole_2,876,31230,0.0009765625
haxs.stage5c2gR32.g1-quadrature.v1,db1740ac0ad95dc9b7cd3bf474aaf42c,f99f92253b7456abbdecbdd161f11158,limit_spin_density_zero_rect2x3,rect2x3_hole_2,877,31231,0.0009765625
haxs.stage5c2gR32.g1-quadrature.v1,db1740ac0ad95dc9b7cd3bf474aaf42c,2e3896a21f6d5f989686cdc8800b4aca,limit_spin_density_zero_rect2x3,rect2x3_hole_2,878,31232,0.0009765625
haxs.stage5c2gR32.g1-quadrature.v1,db1740ac0ad95dc9b7cd3bf474aaf42c,83d45f20b11551fb846bb66ca15430bd,limit_spin_density_zero_rect2x3,rect2x3_hole_2,879,31233,0.0009765625
haxs.stage5c2gR32.g1-quadrature.v1,db1740ac0ad95dc9b7cd3bf474aaf42c,d5a443f47da459178eedb1362a0b8cb1,limit_spin_density_zero_rect2x3,rect2x3_hole_2,880,31300,0.0009765625
haxs.stage5c2gR32.g1-quadrature.v1,db1740ac0ad95dc9b7cd3bf474aaf42c,2193d1a82c2b50d3a1ed65e2ad27ef17,limit_spin_density_zero_rect2x3,rect2x3_hole_2,881,31301,0.0009765625
haxs.stage5c2gR32.g1-quadrature.v1,db1740ac0ad95dc9b7cd3bf474aaf42c,27a26a86324b5e93a32310571140a7a4,limit_spin_density_zero_rect2x3,rect2x3_hole_2,882,31302,0.0009765625
haxs.stage5c2gR32.g1-quadrature.v1,db1740ac0ad95dc9b7cd3bf474aaf42c,a10113125d3d58be95dfc5d79d2188dc,limit_spin_density_zero_rect2x3,rect2x3_hole_2,883,31303,0.0009765625
haxs.stage5c2gR32.g1-quadrature.v1,db1740ac0ad95dc9b7cd3bf474aaf42c,9a431a3103d3587ba92ae145a681c131,limit_spin_density_zero_rect2x3,rect2x3_hole_2,884,31310,0.0009765625
haxs.stage5c2gR32.g1-quadrature.v1,db1740ac0ad95dc9b7cd3bf474aaf42c,bd2484a11d8055fe8c371797632b286e,limit_spin_density_zero_rect2x3,rect2x3_hole_2,885,31311,0.0009765625
haxs.stage5c2gR32.g1-quadrature.v1,db1740ac0ad95dc9b7cd3bf474aaf42c,54755cb0b9a3509b9eb69ee6619fafc8,limit_spin_density_zero_rect2x3,rect2x3_hole_2,886,31312,0.0009765625
haxs.stage5c2gR32.g1-quadrature.v1,db1740ac0ad95dc9b7cd3bf474aaf42c,06701871c5ea543684196a1caa80bc11,limit_spin_density_zero_rect2x3,rect2x3_hole_2,887,31313,0.0009765625
haxs.stage5c2gR32.g1-quadrature.v1,db1740ac0ad95dc9b7cd3bf474aaf42c,9459ce2abefa5a4fbffcc59946d1a34e,limit_spin_density_zero_rect2x3,rect2x3_hole_2,888,31320,0.0009765625
haxs.stage5c2gR32.g1-quadrature.v1,db1740ac0ad95dc9b7cd3bf474aaf42c,84bd6a8906f45fb68464f38d3200faa0,limit_spin_density_zero_rect2x3,rect2x3_hole_2,889,31321,0.0009765625
haxs.stage5c2gR32.g1-quadrature.v1,db1740ac0ad95dc9b7cd3bf474aaf42c,05d01e44e31058a3a624a6adc960fd2b,limit_spin_density_zero_rect2x3,rect2x3_hole_2,890,31322,0.0009765625
haxs.stage5c2gR32.g1-quadrature.v1,db1740ac0ad95dc9b7cd3bf474aaf42c,f61a47238bf557608863d96a071a423b,limit_spin_density_zero_rect2x3,rect2x3_hole_2,891,31323,0.0009765625
haxs.stage5c2gR32.g1-quadrature.v1,db1740ac0ad95dc9b7cd3bf474aaf42c,3d80a5ff896350f9bd7c34fb8e4c3c0b,limit_spin_density_zero_rect2x3,rect2x3_hole_2,892,31330,0.0009765625
haxs.stage5c2gR32.g1-quadrature.v1,db1740ac0ad95dc9b7cd3bf474aaf42c,a9e640ef052b53e9a530cd6eeab5a8c7,limit_spin_density_zero_rect2x3,rect2x3_hole_2,893,31331,0.0009765625
haxs.stage5c2gR32.g1-quadrature.v1,db1740ac0ad95dc9b7cd3bf474aaf42c,32d0ed3165bc5072bbddb104aee09e6a,limit_spin_density_zero_rect2x3,rect2x3_hole_2,894,31332,0.0009765625
haxs.stage5c2gR32.g1-quadrature.v1,db1740ac0ad95dc9b7cd3bf474aaf42c,83542f4bac575424922d005b9a8884ad,limit_spin_density_zero_rect2x3,rect2x3_hole_2,895,31333,0.0009765625
haxs.stage5c2gR32.g1-quadrature.v1,db1740ac0ad95dc9b7cd3bf474aaf42c,ae239875aed151bdaf6c46a09b8ce42a,limit_spin_density_zero_rect2x3,rect2x3_hole_2,896,32000,0.0009765625
haxs.stage5c2gR32.g1-quadrature.v1,db1740ac0ad95dc9b7cd3bf474aaf42c,081d9997e30058a8974bf8f7c27840af,limit_spin_density_zero_rect2x3,rect2x3_hole_2,897,32001,0.0009765625
haxs.stage5c2gR32.g1-quadrature.v1,db1740ac0ad95dc9b7cd3bf474aaf42c,1feedfb3392b5a9481d003deb5c02aee,limit_spin_density_zero_rect2x3,rect2x3_hole_2,898,32002,0.0009765625
haxs.stage5c2gR32.g1-quadrature.v1,db1740ac0ad95dc9b7cd3bf474aaf42c,9625582b73475e00a9ca2884b30ce9d7,limit_spin_density_zero_rect2x3,rect2x3_hole_2,899,32003,0.0009765625
haxs.stage5c2gR32.g1-quadrature.v1,db1740ac0ad95dc9b7cd3bf474aaf42c,5cd7f752e74556c3a7549add82f4be22,limit_spin_density_zero_rect2x3,rect2x3_hole_2,900,32010,0.0009765625
haxs.stage5c2gR32.g1-quadrature.v1,db1740ac0ad95dc9b7cd3bf474aaf42c,7113c62e511b57eb92cdb6e44f4f711b,limit_spin_density_zero_rect2x3,rect2x3_hole_2,901,32011,0.0009765625
haxs.stage5c2gR32.g1-quadrature.v1,db1740ac0ad95dc9b7cd3bf474aaf42c,46f2725487775061acd7f053199221b4,limit_spin_density_zero_rect2x3,rect2x3_hole_2,902,32012,0.0009765625
haxs.stage5c2gR32.g1-quadrature.v1,db1740ac0ad95dc9b7cd3bf474aaf42c,112e270c91a95993abe41517fceb2996,limit_spin_density_zero_rect2x3,rect2x3_hole_2,903,32013,0.0009765625
haxs.stage5c2gR32.g1-quadrature.v1,db1740ac0ad95dc9b7cd3bf474aaf42c,593ceef8a030508ebde595285144eb8c,limit_spin_density_zero_rect2x3,rect2x3_hole_2,904,32020,0.0009765625
haxs.stage5c2gR32.g1-quadrature.v1,db1740ac0ad95dc9b7cd3bf474aaf42c,4e80806e79d65e248d6582aed455c925,limit_spin_density_zero_rect2x3,rect2x3_hole_2,905,32021,0.0009765625
haxs.stage5c2gR32.g1-quadrature.v1,db1740ac0ad95dc9b7cd3bf474aaf42c,1c238380d1b25a61bc6938f50ce0bd58,limit_spin_density_zero_rect2x3,rect2x3_hole_2,906,32022,0.0009765625
haxs.stage5c2gR32.g1-quadrature.v1,db1740ac0ad95dc9b7cd3bf474aaf42c,1b743b23e2435503bf6fd4d4f8049ed4,limit_spin_density_zero_rect2x3,rect2x3_hole_2,907,32023,0.0009765625
haxs.stage5c2gR32.g1-quadrature.v1,db1740ac0ad95dc9b7cd3bf474aaf42c,803141d32cec5536b4187bff0cb2626a,limit_spin_density_zero_rect2x3,rect2x3_hole_2,908,32030,0.0009765625
haxs.stage5c2gR32.g1-quadrature.v1,db1740ac0ad95dc9b7cd3bf474aaf42c,a03b2bf22427583eb6539a0bfd6ae6e7,limit_spin_density_zero_rect2x3,rect2x3_hole_2,909,32031,0.0009765625
haxs.stage5c2gR32.g1-quadrature.v1,db1740ac0ad95dc9b7cd3bf474aaf42c,46528267b2ed5bd9ac7035198e779972,limit_spin_density_zero_rect2x3,rect2x3_hole_2,910,32032,0.0009765625
haxs.stage5c2gR32.g1-quadrature.v1,db1740ac0ad95dc9b7cd3bf474aaf42c,d869515a41ad58c2bad7fe47d79bbea2,limit_spin_density_zero_rect2x3,rect2x3_hole_2,911,32033,0.0009765625
haxs.stage5c2gR32.g1-quadrature.v1,db1740ac0ad95dc9b7cd3bf474aaf42c,c8c1cdb3f32b5310ac5bd0a8be39d4ad,limit_spin_density_zero_rect2x3,rect2x3_hole_2,912,32100,0.0009765625
haxs.stage5c2gR32.g1-quadrature.v1,db1740ac0ad95dc9b7cd3bf474aaf42c,297af5ea7c00526992f0b79e1b08db06,limit_spin_density_zero_rect2x3,rect2x3_hole_2,913,32101,0.0009765625
haxs.stage5c2gR32.g1-quadrature.v1,db1740ac0ad95dc9b7cd3bf474aaf42c,fcec037ae9a951069bde5f39d6eaaa82,limit_spin_density_zero_rect2x3,rect2x3_hole_2,914,32102,0.0009765625
haxs.stage5c2gR32.g1-quadrature.v1,db1740ac0ad95dc9b7cd3bf474aaf42c,4005cd7138865d8fb1ec82956087fb99,limit_spin_density_zero_rect2x3,rect2x3_hole_2,915,32103,0.0009765625
haxs.stage5c2gR32.g1-quadrature.v1,db1740ac0ad95dc9b7cd3bf474aaf42c,bd9343588cd753c493394e1c27d16b2d,limit_spin_density_zero_rect2x3,rect2x3_hole_2,916,32110,0.0009765625
haxs.stage5c2gR32.g1-quadrature.v1,db1740ac0ad95dc9b7cd3bf474aaf42c,96b4fc1d1c3a53008f1c2c12a4686fe0,limit_spin_density_zero_rect2x3,rect2x3_hole_2,917,32111,0.0009765625
haxs.stage5c2gR32.g1-quadrature.v1,db1740ac0ad95dc9b7cd3bf474aaf42c,6dcde760ed3759b6993783495ddf9150,limit_spin_density_zero_rect2x3,rect2x3_hole_2,918,32112,0.0009765625
haxs.stage5c2gR32.g1-quadrature.v1,db1740ac0ad95dc9b7cd3bf474aaf42c,1303e179947f541ab3815e341157428a,limit_spin_density_zero_rect2x3,rect2x3_hole_2,919,32113,0.0009765625
haxs.stage5c2gR32.g1-quadrature.v1,db1740ac0ad95dc9b7cd3bf474aaf42c,56b557e165c45033aac732c61ddaab83,limit_spin_density_zero_rect2x3,rect2x3_hole_2,920,32120,0.0009765625
haxs.stage5c2gR32.g1-quadrature.v1,db1740ac0ad95dc9b7cd3bf474aaf42c,b0002c8fe21352199f483e5b73a68394,limit_spin_density_zero_rect2x3,rect2x3_hole_2,921,32121,0.0009765625
haxs.stage5c2gR32.g1-quadrature.v1,db1740ac0ad95dc9b7cd3bf474aaf42c,b880b1a518c25f3db11745a2a51a741d,limit_spin_density_zero_rect2x3,rect2x3_hole_2,922,32122,0.0009765625
haxs.stage5c2gR32.g1-quadrature.v1,db1740ac0ad95dc9b7cd3bf474aaf42c,03ad5c43f10c5ea194920840129ffe92,limit_spin_density_zero_rect2x3,rect2x3_hole_2,923,32123,0.0009765625
haxs.stage5c2gR32.g1-quadrature.v1,db1740ac0ad95dc9b7cd3bf474aaf42c,777f82f4bd4d5ee2bb2ff2f39827763c,limit_spin_density_zero_rect2x3,rect2x3_hole_2,924,32130,0.0009765625
haxs.stage5c2gR32.g1-quadrature.v1,db1740ac0ad95dc9b7cd3bf474aaf42c,4529ef52009a51dcb06f31d26d6191ca,limit_spin_density_zero_rect2x3,rect2x3_hole_2,925,32131,0.0009765625
haxs.stage5c2gR32.g1-quadrature.v1,db1740ac0ad95dc9b7cd3bf474aaf42c,f00137dd073a5619b829668055c051c4,limit_spin_density_zero_rect2x3,rect2x3_hole_2,926,32132,0.0009765625
haxs.stage5c2gR32.g1-quadrature.v1,db1740ac0ad95dc9b7cd3bf474aaf42c,33bc8157f1e653beb18a599faf45bfb9,limit_spin_density_zero_rect2x3,rect2x3_hole_2,927,32133,0.0009765625
haxs.stage5c2gR32.g1-quadrature.v1,db1740ac0ad95dc9b7cd3bf474aaf42c,756907cb758558219cc522933652d8b3,limit_spin_density_zero_rect2x3,rect2x3_hole_2,928,32200,0.0009765625
haxs.stage5c2gR32.g1-quadrature.v1,db1740ac0ad95dc9b7cd3bf474aaf42c,8cc2274b32d45079a9d1300927896e4b,limit_spin_density_zero_rect2x3,rect2x3_hole_2,929,32201,0.0009765625
haxs.stage5c2gR32.g1-quadrature.v1,db1740ac0ad95dc9b7cd3bf474aaf42c,c5ecfbc1d64953189bcb3959617e00db,limit_spin_density_zero_rect2x3,rect2x3_hole_2,930,32202,0.0009765625
haxs.stage5c2gR32.g1-quadrature.v1,db1740ac0ad95dc9b7cd3bf474aaf42c,b456fdc53bf75b57a214b3e8e157fe1c,limit_spin_density_zero_rect2x3,rect2x3_hole_2,931,32203,0.0009765625
haxs.stage5c2gR32.g1-quadrature.v1,db1740ac0ad95dc9b7cd3bf474aaf42c,4c2073d0c7bc5b579bb32a30428f8b06,limit_spin_density_zero_rect2x3,rect2x3_hole_2,932,32210,0.0009765625
haxs.stage5c2gR32.g1-quadrature.v1,db1740ac0ad95dc9b7cd3bf474aaf42c,ad685f32ef515aa5a6bb1b4b9ed928f9,limit_spin_density_zero_rect2x3,rect2x3_hole_2,933,32211,0.0009765625
haxs.stage5c2gR32.g1-quadrature.v1,db1740ac0ad95dc9b7cd3bf474aaf42c,5ede8a89fecd57f9ad9babb10bcf0f22,limit_spin_density_zero_rect2x3,rect2x3_hole_2,934,32212,0.0009765625
haxs.stage5c2gR32.g1-quadrature.v1,db1740ac0ad95dc9b7cd3bf474aaf42c,50af4195d74955389ab47048e6ab8bdd,limit_spin_density_zero_rect2x3,rect2x3_hole_2,935,32213,0.0009765625
haxs.stage5c2gR32.g1-quadrature.v1,db1740ac0ad95dc9b7cd3bf474aaf42c,707ed6a071f75c8cb797c5abe2396714,limit_spin_density_zero_rect2x3,rect2x3_hole_2,936,32220,0.0009765625
haxs.stage5c2gR32.g1-quadrature.v1,db1740ac0ad95dc9b7cd3bf474aaf42c,85fd51be9a3658fe97ef3fd13f6ac392,limit_spin_density_zero_rect2x3,rect2x3_hole_2,937,32221,0.0009765625
haxs.stage5c2gR32.g1-quadrature.v1,db1740ac0ad95dc9b7cd3bf474aaf42c,0ed9914ce0915e51be7310d21e82bfb0,limit_spin_density_zero_rect2x3,rect2x3_hole_2,938,32222,0.0009765625
haxs.stage5c2gR32.g1-quadrature.v1,db1740ac0ad95dc9b7cd3bf474aaf42c,6c94f7091bf05b7b96b2c481edfb0991,limit_spin_density_zero_rect2x3,rect2x3_hole_2,939,32223,0.0009765625
haxs.stage5c2gR32.g1-quadrature.v1,db1740ac0ad95dc9b7cd3bf474aaf42c,333ec666b3bc5b2d94040b77d2269104,limit_spin_density_zero_rect2x3,rect2x3_hole_2,940,32230,0.0009765625
haxs.stage5c2gR32.g1-quadrature.v1,db1740ac0ad95dc9b7cd3bf474aaf42c,1db1e549c1345900b0ea423daf0ec0f9,limit_spin_density_zero_rect2x3,rect2x3_hole_2,941,32231,0.0009765625
haxs.stage5c2gR32.g1-quadrature.v1,db1740ac0ad95dc9b7cd3bf474aaf42c,595ca1d6c369552084253ee344e26c9c,limit_spin_density_zero_rect2x3,rect2x3_hole_2,942,32232,0.0009765625
haxs.stage5c2gR32.g1-quadrature.v1,db1740ac0ad95dc9b7cd3bf474aaf42c,61bb6ac7738455fca866c610e4ccd9a3,limit_spin_density_zero_rect2x3,rect2x3_hole_2,943,32233,0.0009765625
haxs.stage5c2gR32.g1-quadrature.v1,db1740ac0ad95dc9b7cd3bf474aaf42c,287caef5fc6b514c893f386294210b73,limit_spin_density_zero_rect2x3,rect2x3_hole_2,944,32300,0.0009765625
haxs.stage5c2gR32.g1-quadrature.v1,db1740ac0ad95dc9b7cd3bf474aaf42c,09e69eee5f9c5d8ebb6995e3bf5a1219,limit_spin_density_zero_rect2x3,rect2x3_hole_2,945,32301,0.0009765625
haxs.stage5c2gR32.g1-quadrature.v1,db1740ac0ad95dc9b7cd3bf474aaf42c,f14beb0a6de857898482cf7cbd2415bf,limit_spin_density_zero_rect2x3,rect2x3_hole_2,946,32302,0.0009765625
haxs.stage5c2gR32.g1-quadrature.v1,db1740ac0ad95dc9b7cd3bf474aaf42c,567ea773b6cd562da704349d42426eb6,limit_spin_density_zero_rect2x3,rect2x3_hole_2,947,32303,0.0009765625
haxs.stage5c2gR32.g1-quadrature.v1,db1740ac0ad95dc9b7cd3bf474aaf42c,1c0d23ea376452a8bb99a3c938a40f81,limit_spin_density_zero_rect2x3,rect2x3_hole_2,948,32310,0.0009765625
haxs.stage5c2gR32.g1-quadrature.v1,db1740ac0ad95dc9b7cd3bf474aaf42c,78216991daae5b51952dcafacbe2b1bc,limit_spin_density_zero_rect2x3,rect2x3_hole_2,949,32311,0.0009765625
haxs.stage5c2gR32.g1-quadrature.v1,db1740ac0ad95dc9b7cd3bf474aaf42c,212cb76bea5d5a59945376120648907a,limit_spin_density_zero_rect2x3,rect2x3_hole_2,950,32312,0.0009765625
haxs.stage5c2gR32.g1-quadrature.v1,db1740ac0ad95dc9b7cd3bf474aaf42c,8f5706f2d6045ce798b6bd4b7cf92827,limit_spin_density_zero_rect2x3,rect2x3_hole_2,951,32313,0.0009765625
haxs.stage5c2gR32.g1-quadrature.v1,db1740ac0ad95dc9b7cd3bf474aaf42c,d43f9e20180b570c89c72c8efa7dcc19,limit_spin_density_zero_rect2x3,rect2x3_hole_2,952,32320,0.0009765625
haxs.stage5c2gR32.g1-quadrature.v1,db1740ac0ad95dc9b7cd3bf474aaf42c,5d827cdeb87d58dd9022f56bfc0f70a6,limit_spin_density_zero_rect2x3,rect2x3_hole_2,953,32321,0.0009765625
haxs.stage5c2gR32.g1-quadrature.v1,db1740ac0ad95dc9b7cd3bf474aaf42c,9c36a2d3d4f65d82adcc255590482a8d,limit_spin_density_zero_rect2x3,rect2x3_hole_2,954,32322,0.0009765625
haxs.stage5c2gR32.g1-quadrature.v1,db1740ac0ad95dc9b7cd3bf474aaf42c,ee828e69f2545557918ce22939a5132d,limit_spin_density_zero_rect2x3,rect2x3_hole_2,955,32323,0.0009765625
haxs.stage5c2gR32.g1-quadrature.v1,db1740ac0ad95dc9b7cd3bf474aaf42c,e16c656e19075a9d9b2fbc3e7d04940e,limit_spin_density_zero_rect2x3,rect2x3_hole_2,956,32330,0.0009765625
haxs.stage5c2gR32.g1-quadrature.v1,db1740ac0ad95dc9b7cd3bf474aaf42c,e09f245a9ca055de89df7b4788696202,limit_spin_density_zero_rect2x3,rect2x3_hole_2,957,32331,0.0009765625
haxs.stage5c2gR32.g1-quadrature.v1,db1740ac0ad95dc9b7cd3bf474aaf42c,02e0975c90a75e24baa8f120fc3aa181,limit_spin_density_zero_rect2x3,rect2x3_hole_2,958,32332,0.0009765625
haxs.stage5c2gR32.g1-quadrature.v1,db1740ac0ad95dc9b7cd3bf474aaf42c,c3c863e44897505485ba6f711bdd3646,limit_spin_density_zero_rect2x3,rect2x3_hole_2,959,32333,0.0009765625
haxs.stage5c2gR32.g1-quadrature.v1,db1740ac0ad95dc9b7cd3bf474aaf42c,32ddb08d033e5e769d8a76db8027fd5d,limit_spin_density_zero_rect2x3,rect2x3_hole_2,960,33000,0.0009765625
haxs.stage5c2gR32.g1-quadrature.v1,db1740ac0ad95dc9b7cd3bf474aaf42c,563e329cc548553ba2034badefae2a14,limit_spin_density_zero_rect2x3,rect2x3_hole_2,961,33001,0.0009765625
haxs.stage5c2gR32.g1-quadrature.v1,db1740ac0ad95dc9b7cd3bf474aaf42c,48f3b4ede8f25042b9952f8a3b6b3a23,limit_spin_density_zero_rect2x3,rect2x3_hole_2,962,33002,0.0009765625
haxs.stage5c2gR32.g1-quadrature.v1,db1740ac0ad95dc9b7cd3bf474aaf42c,e93e06d077b25bd0b888cabdd2c0f30b,limit_spin_density_zero_rect2x3,rect2x3_hole_2,963,33003,0.0009765625
haxs.stage5c2gR32.g1-quadrature.v1,db1740ac0ad95dc9b7cd3bf474aaf42c,22160172a6f7568293a574ab609e3db3,limit_spin_density_zero_rect2x3,rect2x3_hole_2,964,33010,0.0009765625
haxs.stage5c2gR32.g1-quadrature.v1,db1740ac0ad95dc9b7cd3bf474aaf42c,280a1a9f6ae15160b8861c9560a4744c,limit_spin_density_zero_rect2x3,rect2x3_hole_2,965,33011,0.0009765625
haxs.stage5c2gR32.g1-quadrature.v1,db1740ac0ad95dc9b7cd3bf474aaf42c,52216c82e7555f47b068ecc40710469d,limit_spin_density_zero_rect2x3,rect2x3_hole_2,966,33012,0.0009765625
haxs.stage5c2gR32.g1-quadrature.v1,db1740ac0ad95dc9b7cd3bf474aaf42c,b0c3c33532265851a523c01abf2dccf4,limit_spin_density_zero_rect2x3,rect2x3_hole_2,967,33013,0.0009765625
haxs.stage5c2gR32.g1-quadrature.v1,db1740ac0ad95dc9b7cd3bf474aaf42c,8bc0e548c9765228bc99ec7b1e5de367,limit_spin_density_zero_rect2x3,rect2x3_hole_2,968,33020,0.0009765625
haxs.stage5c2gR32.g1-quadrature.v1,db1740ac0ad95dc9b7cd3bf474aaf42c,80f25ad21252523bb83ecf139633422b,limit_spin_density_zero_rect2x3,rect2x3_hole_2,969,33021,0.0009765625
haxs.stage5c2gR32.g1-quadrature.v1,db1740ac0ad95dc9b7cd3bf474aaf42c,64c9b23527e35d469067395602088c2d,limit_spin_density_zero_rect2x3,rect2x3_hole_2,970,33022,0.0009765625
haxs.stage5c2gR32.g1-quadrature.v1,db1740ac0ad95dc9b7cd3bf474aaf42c,53dde376d7835d31a51d49d5e1e689b4,limit_spin_density_zero_rect2x3,rect2x3_hole_2,971,33023,0.0009765625
haxs.stage5c2gR32.g1-quadrature.v1,db1740ac0ad95dc9b7cd3bf474aaf42c,23f82259dcaa5867b114e65a1a686bf1,limit_spin_density_zero_rect2x3,rect2x3_hole_2,972,33030,0.0009765625
haxs.stage5c2gR32.g1-quadrature.v1,db1740ac0ad95dc9b7cd3bf474aaf42c,158c0eef06935c5e966f28e2a9702fe8,limit_spin_density_zero_rect2x3,rect2x3_hole_2,973,33031,0.0009765625
haxs.stage5c2gR32.g1-quadrature.v1,db1740ac0ad95dc9b7cd3bf474aaf42c,8b574e78e3c45faea1650bcacd99a2c8,limit_spin_density_zero_rect2x3,rect2x3_hole_2,974,33032,0.0009765625
haxs.stage5c2gR32.g1-quadrature.v1,db1740ac0ad95dc9b7cd3bf474aaf42c,554b08ba2d3b5ee1a80b1261cbc17dc1,limit_spin_density_zero_rect2x3,rect2x3_hole_2,975,33033,0.0009765625
haxs.stage5c2gR32.g1-quadrature.v1,db1740ac0ad95dc9b7cd3bf474aaf42c,a43dfe39c2a3566581f4dac6092ed1a3,limit_spin_density_zero_rect2x3,rect2x3_hole_2,976,33100,0.0009765625
haxs.stage5c2gR32.g1-quadrature.v1,db1740ac0ad95dc9b7cd3bf474aaf42c,501fb582ee155c1fb12c85fd96ac6577,limit_spin_density_zero_rect2x3,rect2x3_hole_2,977,33101,0.0009765625
haxs.stage5c2gR32.g1-quadrature.v1,db1740ac0ad95dc9b7cd3bf474aaf42c,455f69fbf4e0580d9f1f1c044c440cb0,limit_spin_density_zero_rect2x3,rect2x3_hole_2,978,33102,0.0009765625
haxs.stage5c2gR32.g1-quadrature.v1,db1740ac0ad95dc9b7cd3bf474aaf42c,8f502b69b59b5a59bbbb368053345bcb,limit_spin_density_zero_rect2x3,rect2x3_hole_2,979,33103,0.0009765625
haxs.stage5c2gR32.g1-quadrature.v1,db1740ac0ad95dc9b7cd3bf474aaf42c,45685cbb4be95401b9f447dfd7bb561f,limit_spin_density_zero_rect2x3,rect2x3_hole_2,980,33110,0.0009765625
haxs.stage5c2gR32.g1-quadrature.v1,db1740ac0ad95dc9b7cd3bf474aaf42c,e526d2824cc2502da0066a5e6e3d7609,limit_spin_density_zero_rect2x3,rect2x3_hole_2,981,33111,0.0009765625
haxs.stage5c2gR32.g1-quadrature.v1,db1740ac0ad95dc9b7cd3bf474aaf42c,138ac114f71c55758fc904199e47226e,limit_spin_density_zero_rect2x3,rect2x3_hole_2,982,33112,0.0009765625
haxs.stage5c2gR32.g1-quadrature.v1,db1740ac0ad95dc9b7cd3bf474aaf42c,abcdec046ccf521aa6ca0dca326bc7c5,limit_spin_density_zero_rect2x3,rect2x3_hole_2,983,33113,0.0009765625
haxs.stage5c2gR32.g1-quadrature.v1,db1740ac0ad95dc9b7cd3bf474aaf42c,95eded784e2f57ab8a7e6e70d9dfbc0e,limit_spin_density_zero_rect2x3,rect2x3_hole_2,984,33120,0.0009765625
haxs.stage5c2gR32.g1-quadrature.v1,db1740ac0ad95dc9b7cd3bf474aaf42c,a37c5b8b5e5d54aea38d8cd3a5c4e39b,limit_spin_density_zero_rect2x3,rect2x3_hole_2,985,33121,0.0009765625
haxs.stage5c2gR32.g1-quadrature.v1,db1740ac0ad95dc9b7cd3bf474aaf42c,9ae6ba7796ad5fbea28c9c80105873e0,limit_spin_density_zero_rect2x3,rect2x3_hole_2,986,33122,0.0009765625
haxs.stage5c2gR32.g1-quadrature.v1,db1740ac0ad95dc9b7cd3bf474aaf42c,0feb528a393c590585c32715efb4c334,limit_spin_density_zero_rect2x3,rect2x3_hole_2,987,33123,0.0009765625
haxs.stage5c2gR32.g1-quadrature.v1,db1740ac0ad95dc9b7cd3bf474aaf42c,637934733a2c5a49b2e42bb054a80c59,limit_spin_density_zero_rect2x3,rect2x3_hole_2,988,33130,0.0009765625
haxs.stage5c2gR32.g1-quadrature.v1,db1740ac0ad95dc9b7cd3bf474aaf42c,280587f9120f56598082ad8b70877679,limit_spin_density_zero_rect2x3,rect2x3_hole_2,989,33131,0.0009765625
haxs.stage5c2gR32.g1-quadrature.v1,db1740ac0ad95dc9b7cd3bf474aaf42c,cce5ecd225f35c7596310d20d78bbfe7,limit_spin_density_zero_rect2x3,rect2x3_hole_2,990,33132,0.0009765625
haxs.stage5c2gR32.g1-quadrature.v1,db1740ac0ad95dc9b7cd3bf474aaf42c,3369376678365b5b882d30bc3c3a8533,limit_spin_density_zero_rect2x3,rect2x3_hole_2,991,33133,0.0009765625
haxs.stage5c2gR32.g1-quadrature.v1,db1740ac0ad95dc9b7cd3bf474aaf42c,302a56877e005b8ea29ee02385bd03d7,limit_spin_density_zero_rect2x3,rect2x3_hole_2,992,33200,0.0009765625
haxs.stage5c2gR32.g1-quadrature.v1,db1740ac0ad95dc9b7cd3bf474aaf42c,bc9b2c63b46258059f3de158159d8ddd,limit_spin_density_zero_rect2x3,rect2x3_hole_2,993,33201,0.0009765625
haxs.stage5c2gR32.g1-quadrature.v1,db1740ac0ad95dc9b7cd3bf474aaf42c,9a4cb711f5c850f09a49cff5ad06bb7d,limit_spin_density_zero_rect2x3,rect2x3_hole_2,994,33202,0.0009765625
haxs.stage5c2gR32.g1-quadrature.v1,db1740ac0ad95dc9b7cd3bf474aaf42c,bd849b360225568585b538a41567c093,limit_spin_density_zero_rect2x3,rect2x3_hole_2,995,33203,0.0009765625
haxs.stage5c2gR32.g1-quadrature.v1,db1740ac0ad95dc9b7cd3bf474aaf42c,6b3e3b033cdf5591bd66b61b9fe75ad8,limit_spin_density_zero_rect2x3,rect2x3_hole_2,996,33210,0.0009765625
haxs.stage5c2gR32.g1-quadrature.v1,db1740ac0ad95dc9b7cd3bf474aaf42c,174232e740a156b18aaa605fa42a2df5,limit_spin_density_zero_rect2x3,rect2x3_hole_2,997,33211,0.0009765625
haxs.stage5c2gR32.g1-quadrature.v1,db1740ac0ad95dc9b7cd3bf474aaf42c,9a954d7e265f54c58f5e97e512316b09,limit_spin_density_zero_rect2x3,rect2x3_hole_2,998,33212,0.0009765625
haxs.stage5c2gR32.g1-quadrature.v1,db1740ac0ad95dc9b7cd3bf474aaf42c,2bb44150368e515587c6c626e6d295e2,limit_spin_density_zero_rect2x3,rect2x3_hole_2,999,33213,0.0009765625
haxs.stage5c2gR32.g1-quadrature.v1,db1740ac0ad95dc9b7cd3bf474aaf42c,c86cffec3e4659e996b1ba1bd1df61ac,limit_spin_density_zero_rect2x3,rect2x3_hole_2,1000,33220,0.0009765625
haxs.stage5c2gR32.g1-quadrature.v1,db1740ac0ad95dc9b7cd3bf474aaf42c,8c6d62d1af255977b5f3c4e66f78ad5c,limit_spin_density_zero_rect2x3,rect2x3_hole_2,1001,33221,0.0009765625
haxs.stage5c2gR32.g1-quadrature.v1,db1740ac0ad95dc9b7cd3bf474aaf42c,df7fd50102fa5fb7bcf679fcdf35c8ac,limit_spin_density_zero_rect2x3,rect2x3_hole_2,1002,33222,0.0009765625
haxs.stage5c2gR32.g1-quadrature.v1,db1740ac0ad95dc9b7cd3bf474aaf42c,7abcf722404b53e2b4baa28f3fb72d55,limit_spin_density_zero_rect2x3,rect2x3_hole_2,1003,33223,0.0009765625
haxs.stage5c2gR32.g1-quadrature.v1,db1740ac0ad95dc9b7cd3bf474aaf42c,8909c362c23251f58121784ebc3b6972,limit_spin_density_zero_rect2x3,rect2x3_hole_2,1004,33230,0.0009765625
haxs.stage5c2gR32.g1-quadrature.v1,db1740ac0ad95dc9b7cd3bf474aaf42c,0ad5669d95245f24a2f73584091a5497,limit_spin_density_zero_rect2x3,rect2x3_hole_2,1005,33231,0.0009765625
haxs.stage5c2gR32.g1-quadrature.v1,db1740ac0ad95dc9b7cd3bf474aaf42c,32223f8d63205d54bd8f907a6ce794b5,limit_spin_density_zero_rect2x3,rect2x3_hole_2,1006,33232,0.0009765625
haxs.stage5c2gR32.g1-quadrature.v1,db1740ac0ad95dc9b7cd3bf474aaf42c,a098860c762e5bb7a6080cec0528d49c,limit_spin_density_zero_rect2x3,rect2x3_hole_2,1007,33233,0.0009765625
haxs.stage5c2gR32.g1-quadrature.v1,db1740ac0ad95dc9b7cd3bf474aaf42c,0d6d9b381e935b169b8f1474c4d6c26e,limit_spin_density_zero_rect2x3,rect2x3_hole_2,1008,33300,0.0009765625
haxs.stage5c2gR32.g1-quadrature.v1,db1740ac0ad95dc9b7cd3bf474aaf42c,3a7ccdf1b5b35b6ead9f2ea61fea64f6,limit_spin_density_zero_rect2x3,rect2x3_hole_2,1009,33301,0.0009765625
haxs.stage5c2gR32.g1-quadrature.v1,db1740ac0ad95dc9b7cd3bf474aaf42c,b50f940a8f545ba5a72483dbb4c608bf,limit_spin_density_zero_rect2x3,rect2x3_hole_2,1010,33302,0.0009765625
haxs.stage5c2gR32.g1-quadrature.v1,db1740ac0ad95dc9b7cd3bf474aaf42c,33e62e5bb8785050a92e107331a29f1a,limit_spin_density_zero_rect2x3,rect2x3_hole_2,1011,33303,0.0009765625
haxs.stage5c2gR32.g1-quadrature.v1,db1740ac0ad95dc9b7cd3bf474aaf42c,e237238e2cdb5333a4cc76af995f607f,limit_spin_density_zero_rect2x3,rect2x3_hole_2,1012,33310,0.0009765625
haxs.stage5c2gR32.g1-quadrature.v1,db1740ac0ad95dc9b7cd3bf474aaf42c,8d0e1c74992d538bb44a1c1a4839af73,limit_spin_density_zero_rect2x3,rect2x3_hole_2,1013,33311,0.0009765625
haxs.stage5c2gR32.g1-quadrature.v1,db1740ac0ad95dc9b7cd3bf474aaf42c,31d1a0962b75545494f1fe610cb7299e,limit_spin_density_zero_rect2x3,rect2x3_hole_2,1014,33312,0.0009765625
haxs.stage5c2gR32.g1-quadrature.v1,db1740ac0ad95dc9b7cd3bf474aaf42c,846297e92d665d83a7fc91b870d2036b,limit_spin_density_zero_rect2x3,rect2x3_hole_2,1015,33313,0.0009765625
haxs.stage5c2gR32.g1-quadrature.v1,db1740ac0ad95dc9b7cd3bf474aaf42c,ea5268f764295ea1a97a0caa5ebfbe03,limit_spin_density_zero_rect2x3,rect2x3_hole_2,1016,33320,0.0009765625
haxs.stage5c2gR32.g1-quadrature.v1,db1740ac0ad95dc9b7cd3bf474aaf42c,921883c7da7c59a78dcb108e0f0002f6,limit_spin_density_zero_rect2x3,rect2x3_hole_2,1017,33321,0.0009765625
haxs.stage5c2gR32.g1-quadrature.v1,db1740ac0ad95dc9b7cd3bf474aaf42c,c94d2f7dfad353f0b3fa1a8697ccb5e7,limit_spin_density_zero_rect2x3,rect2x3_hole_2,1018,33322,0.0009765625
haxs.stage5c2gR32.g1-quadrature.v1,db1740ac0ad95dc9b7cd3bf474aaf42c,123b318ee16c5e38ba741073d0a801d4,limit_spin_density_zero_rect2x3,rect2x3_hole_2,1019,33323,0.0009765625
haxs.stage5c2gR32.g1-quadrature.v1,db1740ac0ad95dc9b7cd3bf474aaf42c,511ae8a7f49453f99d0b8b3cc31f6ed5,limit_spin_density_zero_rect2x3,rect2x3_hole_2,1020,33330,0.0009765625
haxs.stage5c2gR32.g1-quadrature.v1,db1740ac0ad95dc9b7cd3bf474aaf42c,8d95515691a35205b86997195e5bf3b9,limit_spin_density_zero_rect2x3,rect2x3_hole_2,1021,33331,0.0009765625
haxs.stage5c2gR32.g1-quadrature.v1,db1740ac0ad95dc9b7cd3bf474aaf42c,b990b4eaadbe5301a7ac5522cb8e705b,limit_spin_density_zero_rect2x3,rect2x3_hole_2,1022,33332,0.0009765625
haxs.stage5c2gR32.g1-quadrature.v1,db1740ac0ad95dc9b7cd3bf474aaf42c,66e1b08fcacf584d9f6093e70e783f4f,limit_spin_density_zero_rect2x3,rect2x3_hole_2,1023,33333,0.0009765625
haxs.stage5c2gR32.g1-quadrature.v1,78c453cf41605a05b3ecd78727794b35,6461d4053351515e97353ec0055d1108,limit_spin_density_zero_rect2x3,rect2x3_hole_3,0,00000,0.0009765625
haxs.stage5c2gR32.g1-quadrature.v1,78c453cf41605a05b3ecd78727794b35,669c9133b67750419d6b81561e4c6445,limit_spin_density_zero_rect2x3,rect2x3_hole_3,1,00001,0.0009765625
haxs.stage5c2gR32.g1-quadrature.v1,78c453cf41605a05b3ecd78727794b35,915392e728b2523c8e6091569113eb46,limit_spin_density_zero_rect2x3,rect2x3_hole_3,2,00002,0.0009765625
haxs.stage5c2gR32.g1-quadrature.v1,78c453cf41605a05b3ecd78727794b35,deebe7117a0c5fefb52f3a41925a434b,limit_spin_density_zero_rect2x3,rect2x3_hole_3,3,00003,0.0009765625
haxs.stage5c2gR32.g1-quadrature.v1,78c453cf41605a05b3ecd78727794b35,ee59ed28d20d5e3d8c16c163a92d1a48,limit_spin_density_zero_rect2x3,rect2x3_hole_3,4,00010,0.0009765625
haxs.stage5c2gR32.g1-quadrature.v1,78c453cf41605a05b3ecd78727794b35,29a1d796d53d5388829f6c5f7a944f24,limit_spin_density_zero_rect2x3,rect2x3_hole_3,5,00011,0.0009765625
haxs.stage5c2gR32.g1-quadrature.v1,78c453cf41605a05b3ecd78727794b35,c447237202825f95a11264c4dfd34aed,limit_spin_density_zero_rect2x3,rect2x3_hole_3,6,00012,0.0009765625
haxs.stage5c2gR32.g1-quadrature.v1,78c453cf41605a05b3ecd78727794b35,98a158e9ba145869b6ae97cf6cceef22,limit_spin_density_zero_rect2x3,rect2x3_hole_3,7,00013,0.0009765625
haxs.stage5c2gR32.g1-quadrature.v1,78c453cf41605a05b3ecd78727794b35,13897b97fb3153069801129e24d1d844,limit_spin_density_zero_rect2x3,rect2x3_hole_3,8,00020,0.0009765625
haxs.stage5c2gR32.g1-quadrature.v1,78c453cf41605a05b3ecd78727794b35,561f8ea17d635a84baa50603b7175e3a,limit_spin_density_zero_rect2x3,rect2x3_hole_3,9,00021,0.0009765625
haxs.stage5c2gR32.g1-quadrature.v1,78c453cf41605a05b3ecd78727794b35,85a7c45e3b815d1b8c3a07e32cea0e31,limit_spin_density_zero_rect2x3,rect2x3_hole_3,10,00022,0.0009765625
haxs.stage5c2gR32.g1-quadrature.v1,78c453cf41605a05b3ecd78727794b35,9e08c9693bb15703ae9673221652adf4,limit_spin_density_zero_rect2x3,rect2x3_hole_3,11,00023,0.0009765625
haxs.stage5c2gR32.g1-quadrature.v1,78c453cf41605a05b3ecd78727794b35,d079a19931c1534f93e4d7d491c1f59d,limit_spin_density_zero_rect2x3,rect2x3_hole_3,12,00030,0.0009765625
haxs.stage5c2gR32.g1-quadrature.v1,78c453cf41605a05b3ecd78727794b35,b87b01df4ed2543e91a889117254a8f4,limit_spin_density_zero_rect2x3,rect2x3_hole_3,13,00031,0.0009765625
haxs.stage5c2gR32.g1-quadrature.v1,78c453cf41605a05b3ecd78727794b35,5ecf27e18b7c5086b6a72fdccdef29af,limit_spin_density_zero_rect2x3,rect2x3_hole_3,14,00032,0.0009765625
haxs.stage5c2gR32.g1-quadrature.v1,78c453cf41605a05b3ecd78727794b35,43eade159cf8558b8bd86b175c16edc8,limit_spin_density_zero_rect2x3,rect2x3_hole_3,15,00033,0.0009765625
haxs.stage5c2gR32.g1-quadrature.v1,78c453cf41605a05b3ecd78727794b35,c2094b11d8975772bfd50239a9b92b6d,limit_spin_density_zero_rect2x3,rect2x3_hole_3,16,00100,0.0009765625
haxs.stage5c2gR32.g1-quadrature.v1,78c453cf41605a05b3ecd78727794b35,1aba4548652258c7b40130c660c2f7a8,limit_spin_density_zero_rect2x3,rect2x3_hole_3,17,00101,0.0009765625
haxs.stage5c2gR32.g1-quadrature.v1,78c453cf41605a05b3ecd78727794b35,39b6466419a05c94a480bedf96e9b2b1,limit_spin_density_zero_rect2x3,rect2x3_hole_3,18,00102,0.0009765625
haxs.stage5c2gR32.g1-quadrature.v1,78c453cf41605a05b3ecd78727794b35,e6d24b3aecf75d24bf12756c69242588,limit_spin_density_zero_rect2x3,rect2x3_hole_3,19,00103,0.0009765625
haxs.stage5c2gR32.g1-quadrature.v1,78c453cf41605a05b3ecd78727794b35,c9842589d58e5a27a9d21d66d973bd11,limit_spin_density_zero_rect2x3,rect2x3_hole_3,20,00110,0.0009765625
haxs.stage5c2gR32.g1-quadrature.v1,78c453cf41605a05b3ecd78727794b35,9c81b177fc305dc7a8cc57206b4c738b,limit_spin_density_zero_rect2x3,rect2x3_hole_3,21,00111,0.0009765625
haxs.stage5c2gR32.g1-quadrature.v1,78c453cf41605a05b3ecd78727794b35,fa2aa74729415fd584e8948663fdb7d0,limit_spin_density_zero_rect2x3,rect2x3_hole_3,22,00112,0.0009765625
haxs.stage5c2gR32.g1-quadrature.v1,78c453cf41605a05b3ecd78727794b35,ce1982f11fbd5811bfe91786461ad3db,limit_spin_density_zero_rect2x3,rect2x3_hole_3,23,00113,0.0009765625
haxs.stage5c2gR32.g1-quadrature.v1,78c453cf41605a05b3ecd78727794b35,621e2169d6015d58938afb90a5bfa8ca,limit_spin_density_zero_rect2x3,rect2x3_hole_3,24,00120,0.0009765625
haxs.stage5c2gR32.g1-quadrature.v1,78c453cf41605a05b3ecd78727794b35,c78a292656e151208e9face08274f325,limit_spin_density_zero_rect2x3,rect2x3_hole_3,25,00121,0.0009765625
haxs.stage5c2gR32.g1-quadrature.v1,78c453cf41605a05b3ecd78727794b35,10cdcc199bff5ff4b10bc5e8e68bc384,limit_spin_density_zero_rect2x3,rect2x3_hole_3,26,00122,0.0009765625
haxs.stage5c2gR32.g1-quadrature.v1,78c453cf41605a05b3ecd78727794b35,1d47ed9fb3695893af5570ed1e8360c3,limit_spin_density_zero_rect2x3,rect2x3_hole_3,27,00123,0.0009765625
haxs.stage5c2gR32.g1-quadrature.v1,78c453cf41605a05b3ecd78727794b35,dc87816466905bde93a3efd335ce2c13,limit_spin_density_zero_rect2x3,rect2x3_hole_3,28,00130,0.0009765625
haxs.stage5c2gR32.g1-quadrature.v1,78c453cf41605a05b3ecd78727794b35,884a0989f6c3557ab548712add7e8dce,limit_spin_density_zero_rect2x3,rect2x3_hole_3,29,00131,0.0009765625
haxs.stage5c2gR32.g1-quadrature.v1,78c453cf41605a05b3ecd78727794b35,faeb6e3227615837bbd6863806cb236b,limit_spin_density_zero_rect2x3,rect2x3_hole_3,30,00132,0.0009765625
haxs.stage5c2gR32.g1-quadrature.v1,78c453cf41605a05b3ecd78727794b35,e5d38b93dfad5c959146d052c28a9cd0,limit_spin_density_zero_rect2x3,rect2x3_hole_3,31,00133,0.0009765625
haxs.stage5c2gR32.g1-quadrature.v1,78c453cf41605a05b3ecd78727794b35,252da9cc63b85f968d4ce69d9c862ae4,limit_spin_density_zero_rect2x3,rect2x3_hole_3,32,00200,0.0009765625
haxs.stage5c2gR32.g1-quadrature.v1,78c453cf41605a05b3ecd78727794b35,0915f1cbc0db5b519815562d7bf68ac3,limit_spin_density_zero_rect2x3,rect2x3_hole_3,33,00201,0.0009765625
haxs.stage5c2gR32.g1-quadrature.v1,78c453cf41605a05b3ecd78727794b35,13faa7b0b0695576ac60e43b13622f37,limit_spin_density_zero_rect2x3,rect2x3_hole_3,34,00202,0.0009765625
haxs.stage5c2gR32.g1-quadrature.v1,78c453cf41605a05b3ecd78727794b35,9ebb2a55f0675911a95d3844015c2cd2,limit_spin_density_zero_rect2x3,rect2x3_hole_3,35,00203,0.0009765625
haxs.stage5c2gR32.g1-quadrature.v1,78c453cf41605a05b3ecd78727794b35,4217e84efcff5df695ea24ccdc7663df,limit_spin_density_zero_rect2x3,rect2x3_hole_3,36,00210,0.0009765625
haxs.stage5c2gR32.g1-quadrature.v1,78c453cf41605a05b3ecd78727794b35,f91f49883abf5b149521e73319c4e4c0,limit_spin_density_zero_rect2x3,rect2x3_hole_3,37,00211,0.0009765625
haxs.stage5c2gR32.g1-quadrature.v1,78c453cf41605a05b3ecd78727794b35,7d1c7fe5672855ee961493bd03e6cb2c,limit_spin_density_zero_rect2x3,rect2x3_hole_3,38,00212,0.0009765625
haxs.stage5c2gR32.g1-quadrature.v1,78c453cf41605a05b3ecd78727794b35,2367f92520a556b2a576d2106211cec3,limit_spin_density_zero_rect2x3,rect2x3_hole_3,39,00213,0.0009765625
haxs.stage5c2gR32.g1-quadrature.v1,78c453cf41605a05b3ecd78727794b35,e5204dde4df45d1e9caa620146b530aa,limit_spin_density_zero_rect2x3,rect2x3_hole_3,40,00220,0.0009765625
haxs.stage5c2gR32.g1-quadrature.v1,78c453cf41605a05b3ecd78727794b35,5ee5aea16b9751b7baf4c7a10e9459a2,limit_spin_density_zero_rect2x3,rect2x3_hole_3,41,00221,0.0009765625
haxs.stage5c2gR32.g1-quadrature.v1,78c453cf41605a05b3ecd78727794b35,a1ebb9a07f5855359c05f0eafc1bc39a,limit_spin_density_zero_rect2x3,rect2x3_hole_3,42,00222,0.0009765625
haxs.stage5c2gR32.g1-quadrature.v1,78c453cf41605a05b3ecd78727794b35,0950f427595b5cbab3879dd1655495d0,limit_spin_density_zero_rect2x3,rect2x3_hole_3,43,00223,0.0009765625
haxs.stage5c2gR32.g1-quadrature.v1,78c453cf41605a05b3ecd78727794b35,8a6b7ce8ef5e56419c70f6a7f1325c60,limit_spin_density_zero_rect2x3,rect2x3_hole_3,44,00230,0.0009765625
haxs.stage5c2gR32.g1-quadrature.v1,78c453cf41605a05b3ecd78727794b35,5d764e150f2b5823b8d934887b6d0be4,limit_spin_density_zero_rect2x3,rect2x3_hole_3,45,00231,0.0009765625
haxs.stage5c2gR32.g1-quadrature.v1,78c453cf41605a05b3ecd78727794b35,cf199923384055df8b6cf4318a406f1a,limit_spin_density_zero_rect2x3,rect2x3_hole_3,46,00232,0.0009765625
haxs.stage5c2gR32.g1-quadrature.v1,78c453cf41605a05b3ecd78727794b35,50646a06b33f5d6d8dcd5f758f25b8a2,limit_spin_density_zero_rect2x3,rect2x3_hole_3,47,00233,0.0009765625
haxs.stage5c2gR32.g1-quadrature.v1,78c453cf41605a05b3ecd78727794b35,35361086753359bcb22442750a0c9c77,limit_spin_density_zero_rect2x3,rect2x3_hole_3,48,00300,0.0009765625
haxs.stage5c2gR32.g1-quadrature.v1,78c453cf41605a05b3ecd78727794b35,0533fb909e9e5664b9a6908a48d0f78c,limit_spin_density_zero_rect2x3,rect2x3_hole_3,49,00301,0.0009765625
haxs.stage5c2gR32.g1-quadrature.v1,78c453cf41605a05b3ecd78727794b35,cf3242c6bbe5577c97b5ee3b5ff5fbc2,limit_spin_density_zero_rect2x3,rect2x3_hole_3,50,00302,0.0009765625
haxs.stage5c2gR32.g1-quadrature.v1,78c453cf41605a05b3ecd78727794b35,1ad26bcdd8435684adca484971c6c717,limit_spin_density_zero_rect2x3,rect2x3_hole_3,51,00303,0.0009765625
haxs.stage5c2gR32.g1-quadrature.v1,78c453cf41605a05b3ecd78727794b35,9fa9760950ee56e6ace4a5792fc08395,limit_spin_density_zero_rect2x3,rect2x3_hole_3,52,00310,0.0009765625
haxs.stage5c2gR32.g1-quadrature.v1,78c453cf41605a05b3ecd78727794b35,4c3af2e1143256ed9abed30b57dd3239,limit_spin_density_zero_rect2x3,rect2x3_hole_3,53,00311,0.0009765625
haxs.stage5c2gR32.g1-quadrature.v1,78c453cf41605a05b3ecd78727794b35,c6e5b95f698c50ae967e732c66d942ae,limit_spin_density_zero_rect2x3,rect2x3_hole_3,54,00312,0.0009765625
haxs.stage5c2gR32.g1-quadrature.v1,78c453cf41605a05b3ecd78727794b35,461b0ef917f25cef988cd3290cd8f5b4,limit_spin_density_zero_rect2x3,rect2x3_hole_3,55,00313,0.0009765625
haxs.stage5c2gR32.g1-quadrature.v1,78c453cf41605a05b3ecd78727794b35,60ded75c5487581983024a0f9e254c11,limit_spin_density_zero_rect2x3,rect2x3_hole_3,56,00320,0.0009765625
haxs.stage5c2gR32.g1-quadrature.v1,78c453cf41605a05b3ecd78727794b35,0bf86914da545befb039b1ec235cea62,limit_spin_density_zero_rect2x3,rect2x3_hole_3,57,00321,0.0009765625
haxs.stage5c2gR32.g1-quadrature.v1,78c453cf41605a05b3ecd78727794b35,5664aec566905825a50701200b635463,limit_spin_density_zero_rect2x3,rect2x3_hole_3,58,00322,0.0009765625
haxs.stage5c2gR32.g1-quadrature.v1,78c453cf41605a05b3ecd78727794b35,d1f378d51f435e9c88fc67b9a5c3713c,limit_spin_density_zero_rect2x3,rect2x3_hole_3,59,00323,0.0009765625
haxs.stage5c2gR32.g1-quadrature.v1,78c453cf41605a05b3ecd78727794b35,ed5a1367ee6e563eaa78c3597b426c7b,limit_spin_density_zero_rect2x3,rect2x3_hole_3,60,00330,0.0009765625
haxs.stage5c2gR32.g1-quadrature.v1,78c453cf41605a05b3ecd78727794b35,c766df8106ca59e896964141aed02269,limit_spin_density_zero_rect2x3,rect2x3_hole_3,61,00331,0.0009765625
haxs.stage5c2gR32.g1-quadrature.v1,78c453cf41605a05b3ecd78727794b35,1e02c9f32f355f658fd9a652a7792473,limit_spin_density_zero_rect2x3,rect2x3_hole_3,62,00332,0.0009765625
haxs.stage5c2gR32.g1-quadrature.v1,78c453cf41605a05b3ecd78727794b35,7487b6fb95865d74a99fe86cf5150282,limit_spin_density_zero_rect2x3,rect2x3_hole_3,63,00333,0.0009765625
haxs.stage5c2gR32.g1-quadrature.v1,78c453cf41605a05b3ecd78727794b35,7482efcb6abf53a4acc87971de13b4f3,limit_spin_density_zero_rect2x3,rect2x3_hole_3,64,01000,0.0009765625
haxs.stage5c2gR32.g1-quadrature.v1,78c453cf41605a05b3ecd78727794b35,78496a31fc725f2fa9398ac1dfd3ad4f,limit_spin_density_zero_rect2x3,rect2x3_hole_3,65,01001,0.0009765625
haxs.stage5c2gR32.g1-quadrature.v1,78c453cf41605a05b3ecd78727794b35,d4a2b9ee64a359b5a6956e873e6897d3,limit_spin_density_zero_rect2x3,rect2x3_hole_3,66,01002,0.0009765625
haxs.stage5c2gR32.g1-quadrature.v1,78c453cf41605a05b3ecd78727794b35,32e049c2b4e65ca894e8b7dc6a299fdb,limit_spin_density_zero_rect2x3,rect2x3_hole_3,67,01003,0.0009765625
haxs.stage5c2gR32.g1-quadrature.v1,78c453cf41605a05b3ecd78727794b35,30978c62905354ceb15b43b5f0d44a48,limit_spin_density_zero_rect2x3,rect2x3_hole_3,68,01010,0.0009765625
haxs.stage5c2gR32.g1-quadrature.v1,78c453cf41605a05b3ecd78727794b35,29a75cdfe0ca5714beca512ae2cdbc31,limit_spin_density_zero_rect2x3,rect2x3_hole_3,69,01011,0.0009765625
haxs.stage5c2gR32.g1-quadrature.v1,78c453cf41605a05b3ecd78727794b35,b89983f7df6c588dadd0d1a50185798d,limit_spin_density_zero_rect2x3,rect2x3_hole_3,70,01012,0.0009765625
haxs.stage5c2gR32.g1-quadrature.v1,78c453cf41605a05b3ecd78727794b35,48a564f2c8435aa5abe6104d47fe62a5,limit_spin_density_zero_rect2x3,rect2x3_hole_3,71,01013,0.0009765625
haxs.stage5c2gR32.g1-quadrature.v1,78c453cf41605a05b3ecd78727794b35,d3b5f47cfd6e5ccc976a87e018b2dae9,limit_spin_density_zero_rect2x3,rect2x3_hole_3,72,01020,0.0009765625
haxs.stage5c2gR32.g1-quadrature.v1,78c453cf41605a05b3ecd78727794b35,43ccc231949953248ca13b84fd5f5a75,limit_spin_density_zero_rect2x3,rect2x3_hole_3,73,01021,0.0009765625
haxs.stage5c2gR32.g1-quadrature.v1,78c453cf41605a05b3ecd78727794b35,efafe0e2be2c5822a932d798cf1fde91,limit_spin_density_zero_rect2x3,rect2x3_hole_3,74,01022,0.0009765625
haxs.stage5c2gR32.g1-quadrature.v1,78c453cf41605a05b3ecd78727794b35,72e448954a765c42bd1ffa9cd6ceada5,limit_spin_density_zero_rect2x3,rect2x3_hole_3,75,01023,0.0009765625
haxs.stage5c2gR32.g1-quadrature.v1,78c453cf41605a05b3ecd78727794b35,a7c95c7cba63508ebb22f01cfd91944b,limit_spin_density_zero_rect2x3,rect2x3_hole_3,76,01030,0.0009765625
haxs.stage5c2gR32.g1-quadrature.v1,78c453cf41605a05b3ecd78727794b35,1b855fb90eef51d2a7eb7bbd503acddb,limit_spin_density_zero_rect2x3,rect2x3_hole_3,77,01031,0.0009765625
haxs.stage5c2gR32.g1-quadrature.v1,78c453cf41605a05b3ecd78727794b35,4a021e998b285bb8a7bda8153454efa1,limit_spin_density_zero_rect2x3,rect2x3_hole_3,78,01032,0.0009765625
haxs.stage5c2gR32.g1-quadrature.v1,78c453cf41605a05b3ecd78727794b35,7bd58cdcd00f5fbf929cb82cbefc910a,limit_spin_density_zero_rect2x3,rect2x3_hole_3,79,01033,0.0009765625
haxs.stage5c2gR32.g1-quadrature.v1,78c453cf41605a05b3ecd78727794b35,849dfdc9fb1158d0a739a1fd4f0ea53a,limit_spin_density_zero_rect2x3,rect2x3_hole_3,80,01100,0.0009765625
haxs.stage5c2gR32.g1-quadrature.v1,78c453cf41605a05b3ecd78727794b35,77f0328ab44f59939d51b134b151656d,limit_spin_density_zero_rect2x3,rect2x3_hole_3,81,01101,0.0009765625
haxs.stage5c2gR32.g1-quadrature.v1,78c453cf41605a05b3ecd78727794b35,d203cb6dfc055a1cad331516282a471b,limit_spin_density_zero_rect2x3,rect2x3_hole_3,82,01102,0.0009765625
haxs.stage5c2gR32.g1-quadrature.v1,78c453cf41605a05b3ecd78727794b35,c0b78676fe3757a9a5fecb30b182607b,limit_spin_density_zero_rect2x3,rect2x3_hole_3,83,01103,0.0009765625
haxs.stage5c2gR32.g1-quadrature.v1,78c453cf41605a05b3ecd78727794b35,9b483ba13f0554c69a110aac5bccd26f,limit_spin_density_zero_rect2x3,rect2x3_hole_3,84,01110,0.0009765625
haxs.stage5c2gR32.g1-quadrature.v1,78c453cf41605a05b3ecd78727794b35,00ea9872a7fe541c9cae34f51fdb2f68,limit_spin_density_zero_rect2x3,rect2x3_hole_3,85,01111,0.0009765625
haxs.stage5c2gR32.g1-quadrature.v1,78c453cf41605a05b3ecd78727794b35,5107117ba02c57aba7056e4d04e5c75b,limit_spin_density_zero_rect2x3,rect2x3_hole_3,86,01112,0.0009765625
haxs.stage5c2gR32.g1-quadrature.v1,78c453cf41605a05b3ecd78727794b35,74e9e2499c8952288374a74d8b2e61ab,limit_spin_density_zero_rect2x3,rect2x3_hole_3,87,01113,0.0009765625
haxs.stage5c2gR32.g1-quadrature.v1,78c453cf41605a05b3ecd78727794b35,edf856dd93185c0f9e6f5572766e8252,limit_spin_density_zero_rect2x3,rect2x3_hole_3,88,01120,0.0009765625
haxs.stage5c2gR32.g1-quadrature.v1,78c453cf41605a05b3ecd78727794b35,c61949c888fc53e9b01f6a68750cb809,limit_spin_density_zero_rect2x3,rect2x3_hole_3,89,01121,0.0009765625
haxs.stage5c2gR32.g1-quadrature.v1,78c453cf41605a05b3ecd78727794b35,0ebda342ec7c5257b8a1272971d11ce4,limit_spin_density_zero_rect2x3,rect2x3_hole_3,90,01122,0.0009765625
haxs.stage5c2gR32.g1-quadrature.v1,78c453cf41605a05b3ecd78727794b35,e22007c71374546d967477ec9a72cf42,limit_spin_density_zero_rect2x3,rect2x3_hole_3,91,01123,0.0009765625
haxs.stage5c2gR32.g1-quadrature.v1,78c453cf41605a05b3ecd78727794b35,28e4e6306451552eb8b0d4ac1435cfe2,limit_spin_density_zero_rect2x3,rect2x3_hole_3,92,01130,0.0009765625
haxs.stage5c2gR32.g1-quadrature.v1,78c453cf41605a05b3ecd78727794b35,42f6607073e75055817820580d762983,limit_spin_density_zero_rect2x3,rect2x3_hole_3,93,01131,0.0009765625
haxs.stage5c2gR32.g1-quadrature.v1,78c453cf41605a05b3ecd78727794b35,b31ab5c223b35a20899f6dda256bbc93,limit_spin_density_zero_rect2x3,rect2x3_hole_3,94,01132,0.0009765625
haxs.stage5c2gR32.g1-quadrature.v1,78c453cf41605a05b3ecd78727794b35,be8ed712d9475499b96819e0c6991f3e,limit_spin_density_zero_rect2x3,rect2x3_hole_3,95,01133,0.0009765625
haxs.stage5c2gR32.g1-quadrature.v1,78c453cf41605a05b3ecd78727794b35,0679e36a0d9151efbcebcc62687bb6d6,limit_spin_density_zero_rect2x3,rect2x3_hole_3,96,01200,0.0009765625
haxs.stage5c2gR32.g1-quadrature.v1,78c453cf41605a05b3ecd78727794b35,90c01cf9810954c197f56dbab5696571,limit_spin_density_zero_rect2x3,rect2x3_hole_3,97,01201,0.0009765625
haxs.stage5c2gR32.g1-quadrature.v1,78c453cf41605a05b3ecd78727794b35,63bbc15dbe4354d28050766a2dd0d845,limit_spin_density_zero_rect2x3,rect2x3_hole_3,98,01202,0.0009765625
haxs.stage5c2gR32.g1-quadrature.v1,78c453cf41605a05b3ecd78727794b35,a12eb6eb70a956418b0499a582b392c4,limit_spin_density_zero_rect2x3,rect2x3_hole_3,99,01203,0.0009765625
haxs.stage5c2gR32.g1-quadrature.v1,78c453cf41605a05b3ecd78727794b35,ef0607c4437953018d7495f03db7e425,limit_spin_density_zero_rect2x3,rect2x3_hole_3,100,01210,0.0009765625
haxs.stage5c2gR32.g1-quadrature.v1,78c453cf41605a05b3ecd78727794b35,5d4b9d2aadac53aabc5a336e35c23338,limit_spin_density_zero_rect2x3,rect2x3_hole_3,101,01211,0.0009765625
haxs.stage5c2gR32.g1-quadrature.v1,78c453cf41605a05b3ecd78727794b35,23686a6d9c435d9cb0081074d5ad3847,limit_spin_density_zero_rect2x3,rect2x3_hole_3,102,01212,0.0009765625
haxs.stage5c2gR32.g1-quadrature.v1,78c453cf41605a05b3ecd78727794b35,054462d52ac356bfbcc2578209ac3ab9,limit_spin_density_zero_rect2x3,rect2x3_hole_3,103,01213,0.0009765625
haxs.stage5c2gR32.g1-quadrature.v1,78c453cf41605a05b3ecd78727794b35,78636ad9c45e53ceb3593c790ee32038,limit_spin_density_zero_rect2x3,rect2x3_hole_3,104,01220,0.0009765625
haxs.stage5c2gR32.g1-quadrature.v1,78c453cf41605a05b3ecd78727794b35,8f4e34423cc758578098a24b7d916bfa,limit_spin_density_zero_rect2x3,rect2x3_hole_3,105,01221,0.0009765625
haxs.stage5c2gR32.g1-quadrature.v1,78c453cf41605a05b3ecd78727794b35,9e31e4f69d535956b7f4fb03c0e91dd3,limit_spin_density_zero_rect2x3,rect2x3_hole_3,106,01222,0.0009765625
haxs.stage5c2gR32.g1-quadrature.v1,78c453cf41605a05b3ecd78727794b35,0f670dcad2ae531a9b76c3097e9c68d1,limit_spin_density_zero_rect2x3,rect2x3_hole_3,107,01223,0.0009765625
haxs.stage5c2gR32.g1-quadrature.v1,78c453cf41605a05b3ecd78727794b35,02cf11f618c35097b8196a0233df9581,limit_spin_density_zero_rect2x3,rect2x3_hole_3,108,01230,0.0009765625
haxs.stage5c2gR32.g1-quadrature.v1,78c453cf41605a05b3ecd78727794b35,47fb415468d25e5cb32d4053b7069257,limit_spin_density_zero_rect2x3,rect2x3_hole_3,109,01231,0.0009765625
haxs.stage5c2gR32.g1-quadrature.v1,78c453cf41605a05b3ecd78727794b35,411d81348fd956b48d98c9ac7cc47c6f,limit_spin_density_zero_rect2x3,rect2x3_hole_3,110,01232,0.0009765625
haxs.stage5c2gR32.g1-quadrature.v1,78c453cf41605a05b3ecd78727794b35,ef0d4ef73fb35398a81e2d8fdbed3978,limit_spin_density_zero_rect2x3,rect2x3_hole_3,111,01233,0.0009765625
haxs.stage5c2gR32.g1-quadrature.v1,78c453cf41605a05b3ecd78727794b35,ecc31e8d92fb5aa7aae1292dcb198c08,limit_spin_density_zero_rect2x3,rect2x3_hole_3,112,01300,0.0009765625
haxs.stage5c2gR32.g1-quadrature.v1,78c453cf41605a05b3ecd78727794b35,7deb3081faab5c1598723416ad1542a4,limit_spin_density_zero_rect2x3,rect2x3_hole_3,113,01301,0.0009765625
haxs.stage5c2gR32.g1-quadrature.v1,78c453cf41605a05b3ecd78727794b35,cdc59d29bde456c8b379561e1997198d,limit_spin_density_zero_rect2x3,rect2x3_hole_3,114,01302,0.0009765625
haxs.stage5c2gR32.g1-quadrature.v1,78c453cf41605a05b3ecd78727794b35,2a360ed5c360579da7d77ec2b7902cd5,limit_spin_density_zero_rect2x3,rect2x3_hole_3,115,01303,0.0009765625
haxs.stage5c2gR32.g1-quadrature.v1,78c453cf41605a05b3ecd78727794b35,5e2ef5ca006f5a2395b74920d170d5fb,limit_spin_density_zero_rect2x3,rect2x3_hole_3,116,01310,0.0009765625
haxs.stage5c2gR32.g1-quadrature.v1,78c453cf41605a05b3ecd78727794b35,289118ef69195e7fbc95776bcaad470d,limit_spin_density_zero_rect2x3,rect2x3_hole_3,117,01311,0.0009765625
haxs.stage5c2gR32.g1-quadrature.v1,78c453cf41605a05b3ecd78727794b35,994edcfc2f0d5a238e759d1e95ac41ae,limit_spin_density_zero_rect2x3,rect2x3_hole_3,118,01312,0.0009765625
haxs.stage5c2gR32.g1-quadrature.v1,78c453cf41605a05b3ecd78727794b35,768de928fa5c57ba95da0799dd3404b7,limit_spin_density_zero_rect2x3,rect2x3_hole_3,119,01313,0.0009765625
haxs.stage5c2gR32.g1-quadrature.v1,78c453cf41605a05b3ecd78727794b35,8db52447ed0750b2bd4689c9975574b7,limit_spin_density_zero_rect2x3,rect2x3_hole_3,120,01320,0.0009765625
haxs.stage5c2gR32.g1-quadrature.v1,78c453cf41605a05b3ecd78727794b35,b5955897f5b2526dbeac357ed0f70844,limit_spin_density_zero_rect2x3,rect2x3_hole_3,121,01321,0.0009765625
haxs.stage5c2gR32.g1-quadrature.v1,78c453cf41605a05b3ecd78727794b35,34116bed77255a90a87ef76bbef666bc,limit_spin_density_zero_rect2x3,rect2x3_hole_3,122,01322,0.0009765625
haxs.stage5c2gR32.g1-quadrature.v1,78c453cf41605a05b3ecd78727794b35,136b0d2d4adf552d970c0cc7d03fc1d6,limit_spin_density_zero_rect2x3,rect2x3_hole_3,123,01323,0.0009765625
haxs.stage5c2gR32.g1-quadrature.v1,78c453cf41605a05b3ecd78727794b35,bcb3f2a9bc505e6399e345ad28362bba,limit_spin_density_zero_rect2x3,rect2x3_hole_3,124,01330,0.0009765625
haxs.stage5c2gR32.g1-quadrature.v1,78c453cf41605a05b3ecd78727794b35,1cf8705043a05865a83ea2454ed84290,limit_spin_density_zero_rect2x3,rect2x3_hole_3,125,01331,0.0009765625
haxs.stage5c2gR32.g1-quadrature.v1,78c453cf41605a05b3ecd78727794b35,ef84e8a9085a5b09ab26632fa5a2912c,limit_spin_density_zero_rect2x3,rect2x3_hole_3,126,01332,0.0009765625
haxs.stage5c2gR32.g1-quadrature.v1,78c453cf41605a05b3ecd78727794b35,540824bbacd75b0091e4b958762895f1,limit_spin_density_zero_rect2x3,rect2x3_hole_3,127,01333,0.0009765625
haxs.stage5c2gR32.g1-quadrature.v1,78c453cf41605a05b3ecd78727794b35,8b836dbf9e925ff1b1c0243410bce3d0,limit_spin_density_zero_rect2x3,rect2x3_hole_3,128,02000,0.0009765625
haxs.stage5c2gR32.g1-quadrature.v1,78c453cf41605a05b3ecd78727794b35,f73c56e142495e778241f702b0378bdc,limit_spin_density_zero_rect2x3,rect2x3_hole_3,129,02001,0.0009765625
haxs.stage5c2gR32.g1-quadrature.v1,78c453cf41605a05b3ecd78727794b35,1c931b3435e85be0a87b665a3e7ba6b0,limit_spin_density_zero_rect2x3,rect2x3_hole_3,130,02002,0.0009765625
haxs.stage5c2gR32.g1-quadrature.v1,78c453cf41605a05b3ecd78727794b35,0e88a85963955e1c95aa08567824ba80,limit_spin_density_zero_rect2x3,rect2x3_hole_3,131,02003,0.0009765625
haxs.stage5c2gR32.g1-quadrature.v1,78c453cf41605a05b3ecd78727794b35,0ecd9f6b421c550d83d7c241b7a1d543,limit_spin_density_zero_rect2x3,rect2x3_hole_3,132,02010,0.0009765625
haxs.stage5c2gR32.g1-quadrature.v1,78c453cf41605a05b3ecd78727794b35,9955f7189c73522094cf0aaa331008fb,limit_spin_density_zero_rect2x3,rect2x3_hole_3,133,02011,0.0009765625
haxs.stage5c2gR32.g1-quadrature.v1,78c453cf41605a05b3ecd78727794b35,5b060ce4901153488bb2df1caa224f25,limit_spin_density_zero_rect2x3,rect2x3_hole_3,134,02012,0.0009765625
haxs.stage5c2gR32.g1-quadrature.v1,78c453cf41605a05b3ecd78727794b35,2e02973ad37a5417b6d0bcee6139bfdd,limit_spin_density_zero_rect2x3,rect2x3_hole_3,135,02013,0.0009765625
haxs.stage5c2gR32.g1-quadrature.v1,78c453cf41605a05b3ecd78727794b35,95005e99f4c158119c9e352e949ba579,limit_spin_density_zero_rect2x3,rect2x3_hole_3,136,02020,0.0009765625
haxs.stage5c2gR32.g1-quadrature.v1,78c453cf41605a05b3ecd78727794b35,a135e72c0f6a5bd2a9a5fcb0e0941896,limit_spin_density_zero_rect2x3,rect2x3_hole_3,137,02021,0.0009765625
haxs.stage5c2gR32.g1-quadrature.v1,78c453cf41605a05b3ecd78727794b35,40815e55ae275ca9bf06fe552d3c0442,limit_spin_density_zero_rect2x3,rect2x3_hole_3,138,02022,0.0009765625
haxs.stage5c2gR32.g1-quadrature.v1,78c453cf41605a05b3ecd78727794b35,c71cc777d27b5c6aa6e94fdee0c5c0fd,limit_spin_density_zero_rect2x3,rect2x3_hole_3,139,02023,0.0009765625
haxs.stage5c2gR32.g1-quadrature.v1,78c453cf41605a05b3ecd78727794b35,0baec449d6305b778b006b101d41b8ae,limit_spin_density_zero_rect2x3,rect2x3_hole_3,140,02030,0.0009765625
haxs.stage5c2gR32.g1-quadrature.v1,78c453cf41605a05b3ecd78727794b35,225a2371bdcc587cb645fc1f3bcd1167,limit_spin_density_zero_rect2x3,rect2x3_hole_3,141,02031,0.0009765625
haxs.stage5c2gR32.g1-quadrature.v1,78c453cf41605a05b3ecd78727794b35,0c0fe81840dd55fb8f0c46d8857f8c62,limit_spin_density_zero_rect2x3,rect2x3_hole_3,142,02032,0.0009765625
haxs.stage5c2gR32.g1-quadrature.v1,78c453cf41605a05b3ecd78727794b35,4f20e8e4385056c1ab62ab26f56bf632,limit_spin_density_zero_rect2x3,rect2x3_hole_3,143,02033,0.0009765625
haxs.stage5c2gR32.g1-quadrature.v1,78c453cf41605a05b3ecd78727794b35,508be36c383f5729a31ede98480ad410,limit_spin_density_zero_rect2x3,rect2x3_hole_3,144,02100,0.0009765625
haxs.stage5c2gR32.g1-quadrature.v1,78c453cf41605a05b3ecd78727794b35,2f3f0ea16f3c55489d25ac682a9eefe1,limit_spin_density_zero_rect2x3,rect2x3_hole_3,145,02101,0.0009765625
haxs.stage5c2gR32.g1-quadrature.v1,78c453cf41605a05b3ecd78727794b35,f8039e71c45e59fd80e94d881e6ce947,limit_spin_density_zero_rect2x3,rect2x3_hole_3,146,02102,0.0009765625
haxs.stage5c2gR32.g1-quadrature.v1,78c453cf41605a05b3ecd78727794b35,5441a8f9d9625efbb725effc667cec7e,limit_spin_density_zero_rect2x3,rect2x3_hole_3,147,02103,0.0009765625
haxs.stage5c2gR32.g1-quadrature.v1,78c453cf41605a05b3ecd78727794b35,c51c8e023fd05536856f9dad5bf7dd2e,limit_spin_density_zero_rect2x3,rect2x3_hole_3,148,02110,0.0009765625
haxs.stage5c2gR32.g1-quadrature.v1,78c453cf41605a05b3ecd78727794b35,c660a2542aef511883fc939e7d10418c,limit_spin_density_zero_rect2x3,rect2x3_hole_3,149,02111,0.0009765625
haxs.stage5c2gR32.g1-quadrature.v1,78c453cf41605a05b3ecd78727794b35,1aac1638a0d35866b40cc6f3c8ada283,limit_spin_density_zero_rect2x3,rect2x3_hole_3,150,02112,0.0009765625
haxs.stage5c2gR32.g1-quadrature.v1,78c453cf41605a05b3ecd78727794b35,44992ec2e1cf5efba0909085bc643f82,limit_spin_density_zero_rect2x3,rect2x3_hole_3,151,02113,0.0009765625
haxs.stage5c2gR32.g1-quadrature.v1,78c453cf41605a05b3ecd78727794b35,916a2fb65d4e583bada3a08e0a4376ed,limit_spin_density_zero_rect2x3,rect2x3_hole_3,152,02120,0.0009765625
haxs.stage5c2gR32.g1-quadrature.v1,78c453cf41605a05b3ecd78727794b35,285f9485f8705c91a875da4eca279f9b,limit_spin_density_zero_rect2x3,rect2x3_hole_3,153,02121,0.0009765625
haxs.stage5c2gR32.g1-quadrature.v1,78c453cf41605a05b3ecd78727794b35,8d7861f0207354989aab15d8e06a76dd,limit_spin_density_zero_rect2x3,rect2x3_hole_3,154,02122,0.0009765625
haxs.stage5c2gR32.g1-quadrature.v1,78c453cf41605a05b3ecd78727794b35,e295370df5b65ccca3cb88e0b5131136,limit_spin_density_zero_rect2x3,rect2x3_hole_3,155,02123,0.0009765625
haxs.stage5c2gR32.g1-quadrature.v1,78c453cf41605a05b3ecd78727794b35,73f19a72261a515eb96c442a5e4403fd,limit_spin_density_zero_rect2x3,rect2x3_hole_3,156,02130,0.0009765625
haxs.stage5c2gR32.g1-quadrature.v1,78c453cf41605a05b3ecd78727794b35,6402bc37bb975993ab50b249f174ea1e,limit_spin_density_zero_rect2x3,rect2x3_hole_3,157,02131,0.0009765625
haxs.stage5c2gR32.g1-quadrature.v1,78c453cf41605a05b3ecd78727794b35,70b9fb9977c053ca9ab7e961d4c2d7fc,limit_spin_density_zero_rect2x3,rect2x3_hole_3,158,02132,0.0009765625
haxs.stage5c2gR32.g1-quadrature.v1,78c453cf41605a05b3ecd78727794b35,0d892166680e59cda57b630e63496fd0,limit_spin_density_zero_rect2x3,rect2x3_hole_3,159,02133,0.0009765625
haxs.stage5c2gR32.g1-quadrature.v1,78c453cf41605a05b3ecd78727794b35,f74da910869253178bef7d240c24f3ff,limit_spin_density_zero_rect2x3,rect2x3_hole_3,160,02200,0.0009765625
haxs.stage5c2gR32.g1-quadrature.v1,78c453cf41605a05b3ecd78727794b35,20080dbf1c825af9b05119bad7ef144e,limit_spin_density_zero_rect2x3,rect2x3_hole_3,161,02201,0.0009765625
haxs.stage5c2gR32.g1-quadrature.v1,78c453cf41605a05b3ecd78727794b35,821edfac5b9d5b788159f87dd6e0d4b1,limit_spin_density_zero_rect2x3,rect2x3_hole_3,162,02202,0.0009765625
haxs.stage5c2gR32.g1-quadrature.v1,78c453cf41605a05b3ecd78727794b35,8352582bfd075c56a336354172d7416d,limit_spin_density_zero_rect2x3,rect2x3_hole_3,163,02203,0.0009765625
haxs.stage5c2gR32.g1-quadrature.v1,78c453cf41605a05b3ecd78727794b35,e9b0b35df04f54d8bbae56d9ee87a6de,limit_spin_density_zero_rect2x3,rect2x3_hole_3,164,02210,0.0009765625
haxs.stage5c2gR32.g1-quadrature.v1,78c453cf41605a05b3ecd78727794b35,0f55eef73d6553358225a6af93df8b59,limit_spin_density_zero_rect2x3,rect2x3_hole_3,165,02211,0.0009765625
haxs.stage5c2gR32.g1-quadrature.v1,78c453cf41605a05b3ecd78727794b35,6c2bd90a4f34529298e9d75058186bd8,limit_spin_density_zero_rect2x3,rect2x3_hole_3,166,02212,0.0009765625
haxs.stage5c2gR32.g1-quadrature.v1,78c453cf41605a05b3ecd78727794b35,0281a8c4e9455c899d6a629ec8cdf21a,limit_spin_density_zero_rect2x3,rect2x3_hole_3,167,02213,0.0009765625
haxs.stage5c2gR32.g1-quadrature.v1,78c453cf41605a05b3ecd78727794b35,0411657930455951a5d001fd457e36a1,limit_spin_density_zero_rect2x3,rect2x3_hole_3,168,02220,0.0009765625
haxs.stage5c2gR32.g1-quadrature.v1,78c453cf41605a05b3ecd78727794b35,ad7d86d869985708a95fc900283aab96,limit_spin_density_zero_rect2x3,rect2x3_hole_3,169,02221,0.0009765625
haxs.stage5c2gR32.g1-quadrature.v1,78c453cf41605a05b3ecd78727794b35,6f948e684e1b5d29a0f2c31f6890bf90,limit_spin_density_zero_rect2x3,rect2x3_hole_3,170,02222,0.0009765625
haxs.stage5c2gR32.g1-quadrature.v1,78c453cf41605a05b3ecd78727794b35,67a919cad4015cca880b4c011bdf62d1,limit_spin_density_zero_rect2x3,rect2x3_hole_3,171,02223,0.0009765625
haxs.stage5c2gR32.g1-quadrature.v1,78c453cf41605a05b3ecd78727794b35,3f7f015d755c59e0a0047647ec40ede1,limit_spin_density_zero_rect2x3,rect2x3_hole_3,172,02230,0.0009765625
haxs.stage5c2gR32.g1-quadrature.v1,78c453cf41605a05b3ecd78727794b35,03380fb71d7f58e2a21b9d9bc669ad93,limit_spin_density_zero_rect2x3,rect2x3_hole_3,173,02231,0.0009765625
haxs.stage5c2gR32.g1-quadrature.v1,78c453cf41605a05b3ecd78727794b35,601621cc9eeb5517ac2b981438bf6f04,limit_spin_density_zero_rect2x3,rect2x3_hole_3,174,02232,0.0009765625
haxs.stage5c2gR32.g1-quadrature.v1,78c453cf41605a05b3ecd78727794b35,737bea892f99533bbd5a0920c61df568,limit_spin_density_zero_rect2x3,rect2x3_hole_3,175,02233,0.0009765625
haxs.stage5c2gR32.g1-quadrature.v1,78c453cf41605a05b3ecd78727794b35,862d32511f2557d689dbd17d16ce2144,limit_spin_density_zero_rect2x3,rect2x3_hole_3,176,02300,0.0009765625
haxs.stage5c2gR32.g1-quadrature.v1,78c453cf41605a05b3ecd78727794b35,d17efa1c7c4b53d7a31e0e3d6e3a6c6c,limit_spin_density_zero_rect2x3,rect2x3_hole_3,177,02301,0.0009765625
haxs.stage5c2gR32.g1-quadrature.v1,78c453cf41605a05b3ecd78727794b35,b58d88d3b7795f20af0d7c059743bb69,limit_spin_density_zero_rect2x3,rect2x3_hole_3,178,02302,0.0009765625
haxs.stage5c2gR32.g1-quadrature.v1,78c453cf41605a05b3ecd78727794b35,192f7907ed1257618229a9dd4f5691ec,limit_spin_density_zero_rect2x3,rect2x3_hole_3,179,02303,0.0009765625
haxs.stage5c2gR32.g1-quadrature.v1,78c453cf41605a05b3ecd78727794b35,1837400c0d8e5f4dbfc351fa22189ebb,limit_spin_density_zero_rect2x3,rect2x3_hole_3,180,02310,0.0009765625
haxs.stage5c2gR32.g1-quadrature.v1,78c453cf41605a05b3ecd78727794b35,1df004d0141f53c2a1f74138c89fe5b2,limit_spin_density_zero_rect2x3,rect2x3_hole_3,181,02311,0.0009765625
haxs.stage5c2gR32.g1-quadrature.v1,78c453cf41605a05b3ecd78727794b35,1d7a8df6bd9155adb2add35bdc97b2e5,limit_spin_density_zero_rect2x3,rect2x3_hole_3,182,02312,0.0009765625
haxs.stage5c2gR32.g1-quadrature.v1,78c453cf41605a05b3ecd78727794b35,bb1e5a1d20f1587eac17b7a38839558e,limit_spin_density_zero_rect2x3,rect2x3_hole_3,183,02313,0.0009765625
haxs.stage5c2gR32.g1-quadrature.v1,78c453cf41605a05b3ecd78727794b35,c75475a1e6755e60a26da85cef64695a,limit_spin_density_zero_rect2x3,rect2x3_hole_3,184,02320,0.0009765625
haxs.stage5c2gR32.g1-quadrature.v1,78c453cf41605a05b3ecd78727794b35,99499f4928eb53e995fc05eb44aa2819,limit_spin_density_zero_rect2x3,rect2x3_hole_3,185,02321,0.0009765625
haxs.stage5c2gR32.g1-quadrature.v1,78c453cf41605a05b3ecd78727794b35,198adc900bdb563fb57cd8e0af2e7781,limit_spin_density_zero_rect2x3,rect2x3_hole_3,186,02322,0.0009765625
haxs.stage5c2gR32.g1-quadrature.v1,78c453cf41605a05b3ecd78727794b35,17481460a1ac5eecab4899797044415d,limit_spin_density_zero_rect2x3,rect2x3_hole_3,187,02323,0.0009765625
haxs.stage5c2gR32.g1-quadrature.v1,78c453cf41605a05b3ecd78727794b35,5cd8f9686b6f5939b28b2b4dfe50649e,limit_spin_density_zero_rect2x3,rect2x3_hole_3,188,02330,0.0009765625
haxs.stage5c2gR32.g1-quadrature.v1,78c453cf41605a05b3ecd78727794b35,c9693e914ca55c6e97d597cb0abf49ae,limit_spin_density_zero_rect2x3,rect2x3_hole_3,189,02331,0.0009765625
haxs.stage5c2gR32.g1-quadrature.v1,78c453cf41605a05b3ecd78727794b35,a8c268b42ebd50648227b02f435af56b,limit_spin_density_zero_rect2x3,rect2x3_hole_3,190,02332,0.0009765625
haxs.stage5c2gR32.g1-quadrature.v1,78c453cf41605a05b3ecd78727794b35,0c652d49f39b5f87be18e7d1f617c2c3,limit_spin_density_zero_rect2x3,rect2x3_hole_3,191,02333,0.0009765625
haxs.stage5c2gR32.g1-quadrature.v1,78c453cf41605a05b3ecd78727794b35,3177dd558612557ca49cd7aa527c994b,limit_spin_density_zero_rect2x3,rect2x3_hole_3,192,03000,0.0009765625
haxs.stage5c2gR32.g1-quadrature.v1,78c453cf41605a05b3ecd78727794b35,a7cbe6ac85dd51de9b691e0d6b2fc40c,limit_spin_density_zero_rect2x3,rect2x3_hole_3,193,03001,0.0009765625
haxs.stage5c2gR32.g1-quadrature.v1,78c453cf41605a05b3ecd78727794b35,65255df32be05bfc9796b591f42f0da6,limit_spin_density_zero_rect2x3,rect2x3_hole_3,194,03002,0.0009765625
haxs.stage5c2gR32.g1-quadrature.v1,78c453cf41605a05b3ecd78727794b35,6357b5d6bddd504da5d70bb4565912cd,limit_spin_density_zero_rect2x3,rect2x3_hole_3,195,03003,0.0009765625
haxs.stage5c2gR32.g1-quadrature.v1,78c453cf41605a05b3ecd78727794b35,52d9e0564f5b56a894ac15aa2487127c,limit_spin_density_zero_rect2x3,rect2x3_hole_3,196,03010,0.0009765625
haxs.stage5c2gR32.g1-quadrature.v1,78c453cf41605a05b3ecd78727794b35,f291306f82f250469d3f21ddb5e6b36d,limit_spin_density_zero_rect2x3,rect2x3_hole_3,197,03011,0.0009765625
haxs.stage5c2gR32.g1-quadrature.v1,78c453cf41605a05b3ecd78727794b35,2ae6ecb76db259808d1020e8129dff74,limit_spin_density_zero_rect2x3,rect2x3_hole_3,198,03012,0.0009765625
haxs.stage5c2gR32.g1-quadrature.v1,78c453cf41605a05b3ecd78727794b35,580c861770f95c6c9858152d284daaec,limit_spin_density_zero_rect2x3,rect2x3_hole_3,199,03013,0.0009765625
haxs.stage5c2gR32.g1-quadrature.v1,78c453cf41605a05b3ecd78727794b35,963808ddc5a35b869269dc5fd30c4317,limit_spin_density_zero_rect2x3,rect2x3_hole_3,200,03020,0.0009765625
haxs.stage5c2gR32.g1-quadrature.v1,78c453cf41605a05b3ecd78727794b35,4893e2cc91fa5fcd9aed91eb428872e2,limit_spin_density_zero_rect2x3,rect2x3_hole_3,201,03021,0.0009765625
haxs.stage5c2gR32.g1-quadrature.v1,78c453cf41605a05b3ecd78727794b35,e8ebc24d238a525f846297de86428aaf,limit_spin_density_zero_rect2x3,rect2x3_hole_3,202,03022,0.0009765625
haxs.stage5c2gR32.g1-quadrature.v1,78c453cf41605a05b3ecd78727794b35,76c7d9f6973950d59fe70ca27dccaf7f,limit_spin_density_zero_rect2x3,rect2x3_hole_3,203,03023,0.0009765625
haxs.stage5c2gR32.g1-quadrature.v1,78c453cf41605a05b3ecd78727794b35,9454ff63f74c51f69fc7e85c98e482b5,limit_spin_density_zero_rect2x3,rect2x3_hole_3,204,03030,0.0009765625
haxs.stage5c2gR32.g1-quadrature.v1,78c453cf41605a05b3ecd78727794b35,62f78956134b5e0a8b2833413f63e3f7,limit_spin_density_zero_rect2x3,rect2x3_hole_3,205,03031,0.0009765625
haxs.stage5c2gR32.g1-quadrature.v1,78c453cf41605a05b3ecd78727794b35,ca68eeecf24b5f12b26b4c33911e4d07,limit_spin_density_zero_rect2x3,rect2x3_hole_3,206,03032,0.0009765625
haxs.stage5c2gR32.g1-quadrature.v1,78c453cf41605a05b3ecd78727794b35,6fe82e9f8f645ae3a11148411833f7f1,limit_spin_density_zero_rect2x3,rect2x3_hole_3,207,03033,0.0009765625
haxs.stage5c2gR32.g1-quadrature.v1,78c453cf41605a05b3ecd78727794b35,e0cc5ae1682a566db4b40992611c8bcf,limit_spin_density_zero_rect2x3,rect2x3_hole_3,208,03100,0.0009765625
haxs.stage5c2gR32.g1-quadrature.v1,78c453cf41605a05b3ecd78727794b35,094f6e99607a5699ac7fa336e02801b4,limit_spin_density_zero_rect2x3,rect2x3_hole_3,209,03101,0.0009765625
haxs.stage5c2gR32.g1-quadrature.v1,78c453cf41605a05b3ecd78727794b35,bea0d30ead1455c8963dfcff28adf901,limit_spin_density_zero_rect2x3,rect2x3_hole_3,210,03102,0.0009765625
haxs.stage5c2gR32.g1-quadrature.v1,78c453cf41605a05b3ecd78727794b35,0546478f415852f1ba529968bac9fe81,limit_spin_density_zero_rect2x3,rect2x3_hole_3,211,03103,0.0009765625
haxs.stage5c2gR32.g1-quadrature.v1,78c453cf41605a05b3ecd78727794b35,5d80e394d2b55f238eab164865006957,limit_spin_density_zero_rect2x3,rect2x3_hole_3,212,03110,0.0009765625
haxs.stage5c2gR32.g1-quadrature.v1,78c453cf41605a05b3ecd78727794b35,e6cb15888b2d54d5801fff22fa35fa98,limit_spin_density_zero_rect2x3,rect2x3_hole_3,213,03111,0.0009765625
haxs.stage5c2gR32.g1-quadrature.v1,78c453cf41605a05b3ecd78727794b35,8f2e182b2ccc528788911c6ca3ce6a9e,limit_spin_density_zero_rect2x3,rect2x3_hole_3,214,03112,0.0009765625
haxs.stage5c2gR32.g1-quadrature.v1,78c453cf41605a05b3ecd78727794b35,413eb808a64d50cc8cd16c03babe06f7,limit_spin_density_zero_rect2x3,rect2x3_hole_3,215,03113,0.0009765625
haxs.stage5c2gR32.g1-quadrature.v1,78c453cf41605a05b3ecd78727794b35,c14528c1e39a5a268ba9da867db96bd4,limit_spin_density_zero_rect2x3,rect2x3_hole_3,216,03120,0.0009765625
haxs.stage5c2gR32.g1-quadrature.v1,78c453cf41605a05b3ecd78727794b35,ed2741c6cdce536e8936784ba32e0137,limit_spin_density_zero_rect2x3,rect2x3_hole_3,217,03121,0.0009765625
haxs.stage5c2gR32.g1-quadrature.v1,78c453cf41605a05b3ecd78727794b35,df786106d7275700be85ce5fc177911d,limit_spin_density_zero_rect2x3,rect2x3_hole_3,218,03122,0.0009765625
haxs.stage5c2gR32.g1-quadrature.v1,78c453cf41605a05b3ecd78727794b35,e3a40117aacf5229a7c49bb06e348f9d,limit_spin_density_zero_rect2x3,rect2x3_hole_3,219,03123,0.0009765625
haxs.stage5c2gR32.g1-quadrature.v1,78c453cf41605a05b3ecd78727794b35,08ac1753f3e5570cb7896a81cf31fbb8,limit_spin_density_zero_rect2x3,rect2x3_hole_3,220,03130,0.0009765625
haxs.stage5c2gR32.g1-quadrature.v1,78c453cf41605a05b3ecd78727794b35,133fb93eb9f65549b90962f349d9d9df,limit_spin_density_zero_rect2x3,rect2x3_hole_3,221,03131,0.0009765625
haxs.stage5c2gR32.g1-quadrature.v1,78c453cf41605a05b3ecd78727794b35,c237ab35e13b52d1ae9463bddbdfb428,limit_spin_density_zero_rect2x3,rect2x3_hole_3,222,03132,0.0009765625
haxs.stage5c2gR32.g1-quadrature.v1,78c453cf41605a05b3ecd78727794b35,846153acc3075527969b4217cff64cc2,limit_spin_density_zero_rect2x3,rect2x3_hole_3,223,03133,0.0009765625
haxs.stage5c2gR32.g1-quadrature.v1,78c453cf41605a05b3ecd78727794b35,ec0658578aec5a4cbf9d2a683d860755,limit_spin_density_zero_rect2x3,rect2x3_hole_3,224,03200,0.0009765625
haxs.stage5c2gR32.g1-quadrature.v1,78c453cf41605a05b3ecd78727794b35,89b4a2daac145ab3b813c6ec0d16c98f,limit_spin_density_zero_rect2x3,rect2x3_hole_3,225,03201,0.0009765625
haxs.stage5c2gR32.g1-quadrature.v1,78c453cf41605a05b3ecd78727794b35,146c4b5756295fa3937f9c06465580ef,limit_spin_density_zero_rect2x3,rect2x3_hole_3,226,03202,0.0009765625
haxs.stage5c2gR32.g1-quadrature.v1,78c453cf41605a05b3ecd78727794b35,415baf7a783f51bea3edfadfc6dd6de8,limit_spin_density_zero_rect2x3,rect2x3_hole_3,227,03203,0.0009765625
haxs.stage5c2gR32.g1-quadrature.v1,78c453cf41605a05b3ecd78727794b35,f5c04c75e7f7586db9ada216a4d308e1,limit_spin_density_zero_rect2x3,rect2x3_hole_3,228,03210,0.0009765625
haxs.stage5c2gR32.g1-quadrature.v1,78c453cf41605a05b3ecd78727794b35,e52a8abb021351fa833ff04bb89b5cb1,limit_spin_density_zero_rect2x3,rect2x3_hole_3,229,03211,0.0009765625
haxs.stage5c2gR32.g1-quadrature.v1,78c453cf41605a05b3ecd78727794b35,2cb4b2b862ee5cd3803006cbebf81941,limit_spin_density_zero_rect2x3,rect2x3_hole_3,230,03212,0.0009765625
haxs.stage5c2gR32.g1-quadrature.v1,78c453cf41605a05b3ecd78727794b35,cd3ba0a8017c5f08a92f302ce435612e,limit_spin_density_zero_rect2x3,rect2x3_hole_3,231,03213,0.0009765625
haxs.stage5c2gR32.g1-quadrature.v1,78c453cf41605a05b3ecd78727794b35,a24ea9b848645fa6b9cef34a48ca955b,limit_spin_density_zero_rect2x3,rect2x3_hole_3,232,03220,0.0009765625
haxs.stage5c2gR32.g1-quadrature.v1,78c453cf41605a05b3ecd78727794b35,c6ecd6403e605b06bcdbfc3cd96d5013,limit_spin_density_zero_rect2x3,rect2x3_hole_3,233,03221,0.0009765625
haxs.stage5c2gR32.g1-quadrature.v1,78c453cf41605a05b3ecd78727794b35,d3b8b9b5c0b4549f8f2148c3f1d0d1a0,limit_spin_density_zero_rect2x3,rect2x3_hole_3,234,03222,0.0009765625
haxs.stage5c2gR32.g1-quadrature.v1,78c453cf41605a05b3ecd78727794b35,69e47d81ee995b2c8e379befb617e483,limit_spin_density_zero_rect2x3,rect2x3_hole_3,235,03223,0.0009765625
haxs.stage5c2gR32.g1-quadrature.v1,78c453cf41605a05b3ecd78727794b35,e77acc1c29dc5c1ea0c56273a297aa10,limit_spin_density_zero_rect2x3,rect2x3_hole_3,236,03230,0.0009765625
haxs.stage5c2gR32.g1-quadrature.v1,78c453cf41605a05b3ecd78727794b35,c96a3860694b540fad5ce290bb1b7cf0,limit_spin_density_zero_rect2x3,rect2x3_hole_3,237,03231,0.0009765625
haxs.stage5c2gR32.g1-quadrature.v1,78c453cf41605a05b3ecd78727794b35,b5eedcb3f9d757209b97b1f5d76b5ed5,limit_spin_density_zero_rect2x3,rect2x3_hole_3,238,03232,0.0009765625
haxs.stage5c2gR32.g1-quadrature.v1,78c453cf41605a05b3ecd78727794b35,37f06791433958edbdcba95af89ed087,limit_spin_density_zero_rect2x3,rect2x3_hole_3,239,03233,0.0009765625
haxs.stage5c2gR32.g1-quadrature.v1,78c453cf41605a05b3ecd78727794b35,aff0da2cc9ff50eb9a0ff3650576c180,limit_spin_density_zero_rect2x3,rect2x3_hole_3,240,03300,0.0009765625
haxs.stage5c2gR32.g1-quadrature.v1,78c453cf41605a05b3ecd78727794b35,fd4a719bfb365c3bb6970ce914134e8f,limit_spin_density_zero_rect2x3,rect2x3_hole_3,241,03301,0.0009765625
haxs.stage5c2gR32.g1-quadrature.v1,78c453cf41605a05b3ecd78727794b35,10251ca7d64357399f655849149d0971,limit_spin_density_zero_rect2x3,rect2x3_hole_3,242,03302,0.0009765625
haxs.stage5c2gR32.g1-quadrature.v1,78c453cf41605a05b3ecd78727794b35,e5a7b9f0f3075bf6beb47074e188bd12,limit_spin_density_zero_rect2x3,rect2x3_hole_3,243,03303,0.0009765625
haxs.stage5c2gR32.g1-quadrature.v1,78c453cf41605a05b3ecd78727794b35,1a60e4d089cc5b65a36cb6834448333d,limit_spin_density_zero_rect2x3,rect2x3_hole_3,244,03310,0.0009765625
haxs.stage5c2gR32.g1-quadrature.v1,78c453cf41605a05b3ecd78727794b35,735d1f9d2204566ca93b3421b3fea325,limit_spin_density_zero_rect2x3,rect2x3_hole_3,245,03311,0.0009765625
haxs.stage5c2gR32.g1-quadrature.v1,78c453cf41605a05b3ecd78727794b35,a2476af81c9157f798e582e7e910c11a,limit_spin_density_zero_rect2x3,rect2x3_hole_3,246,03312,0.0009765625
haxs.stage5c2gR32.g1-quadrature.v1,78c453cf41605a05b3ecd78727794b35,9ad60fa60db557c8a030c231a7851ce0,limit_spin_density_zero_rect2x3,rect2x3_hole_3,247,03313,0.0009765625
haxs.stage5c2gR32.g1-quadrature.v1,78c453cf41605a05b3ecd78727794b35,5b29657bda0254f79e25691fb2e39a88,limit_spin_density_zero_rect2x3,rect2x3_hole_3,248,03320,0.0009765625
haxs.stage5c2gR32.g1-quadrature.v1,78c453cf41605a05b3ecd78727794b35,41118b1052245b439f49e0874b60f701,limit_spin_density_zero_rect2x3,rect2x3_hole_3,249,03321,0.0009765625
haxs.stage5c2gR32.g1-quadrature.v1,78c453cf41605a05b3ecd78727794b35,8cebfdb2b6ce500fbc7b4f068677115e,limit_spin_density_zero_rect2x3,rect2x3_hole_3,250,03322,0.0009765625
haxs.stage5c2gR32.g1-quadrature.v1,78c453cf41605a05b3ecd78727794b35,4cc236781c88503bbda53c4ba6ea26cd,limit_spin_density_zero_rect2x3,rect2x3_hole_3,251,03323,0.0009765625
haxs.stage5c2gR32.g1-quadrature.v1,78c453cf41605a05b3ecd78727794b35,138a89719bb4508584495c6164e4b711,limit_spin_density_zero_rect2x3,rect2x3_hole_3,252,03330,0.0009765625
haxs.stage5c2gR32.g1-quadrature.v1,78c453cf41605a05b3ecd78727794b35,0c6acc83a8ec5f7c9e2e7d04e0b26340,limit_spin_density_zero_rect2x3,rect2x3_hole_3,253,03331,0.0009765625
haxs.stage5c2gR32.g1-quadrature.v1,78c453cf41605a05b3ecd78727794b35,afe1e5e7315454ebb82a6c16e47045b5,limit_spin_density_zero_rect2x3,rect2x3_hole_3,254,03332,0.0009765625
haxs.stage5c2gR32.g1-quadrature.v1,78c453cf41605a05b3ecd78727794b35,11741b26eff35e09931f5e55df7a38c2,limit_spin_density_zero_rect2x3,rect2x3_hole_3,255,03333,0.0009765625
haxs.stage5c2gR32.g1-quadrature.v1,78c453cf41605a05b3ecd78727794b35,aaa10031958259a482f2349689f64590,limit_spin_density_zero_rect2x3,rect2x3_hole_3,256,10000,0.0009765625
haxs.stage5c2gR32.g1-quadrature.v1,78c453cf41605a05b3ecd78727794b35,f89549d3dc895a6eb939d7c8511c1b68,limit_spin_density_zero_rect2x3,rect2x3_hole_3,257,10001,0.0009765625
haxs.stage5c2gR32.g1-quadrature.v1,78c453cf41605a05b3ecd78727794b35,d9e22bddd8ed576199876d966f6eda6b,limit_spin_density_zero_rect2x3,rect2x3_hole_3,258,10002,0.0009765625
haxs.stage5c2gR32.g1-quadrature.v1,78c453cf41605a05b3ecd78727794b35,5efc56e5da9953ca9fc2f0a0087aa811,limit_spin_density_zero_rect2x3,rect2x3_hole_3,259,10003,0.0009765625
haxs.stage5c2gR32.g1-quadrature.v1,78c453cf41605a05b3ecd78727794b35,74846139996a54fca31c869d9a16589c,limit_spin_density_zero_rect2x3,rect2x3_hole_3,260,10010,0.0009765625
haxs.stage5c2gR32.g1-quadrature.v1,78c453cf41605a05b3ecd78727794b35,f53d282eba245d16bcfcfe6160cd4c79,limit_spin_density_zero_rect2x3,rect2x3_hole_3,261,10011,0.0009765625
haxs.stage5c2gR32.g1-quadrature.v1,78c453cf41605a05b3ecd78727794b35,5b696b538da654dca28e0e1eddec94bc,limit_spin_density_zero_rect2x3,rect2x3_hole_3,262,10012,0.0009765625
haxs.stage5c2gR32.g1-quadrature.v1,78c453cf41605a05b3ecd78727794b35,4638fd612a465c0989f4b682fcb11138,limit_spin_density_zero_rect2x3,rect2x3_hole_3,263,10013,0.0009765625
haxs.stage5c2gR32.g1-quadrature.v1,78c453cf41605a05b3ecd78727794b35,d9706d34ff7f58ce977be7140df135bf,limit_spin_density_zero_rect2x3,rect2x3_hole_3,264,10020,0.0009765625
haxs.stage5c2gR32.g1-quadrature.v1,78c453cf41605a05b3ecd78727794b35,d2a9b3e33aa25b8faa22e5d0ab62cd38,limit_spin_density_zero_rect2x3,rect2x3_hole_3,265,10021,0.0009765625
haxs.stage5c2gR32.g1-quadrature.v1,78c453cf41605a05b3ecd78727794b35,f787e233adba52c2aa371d32b7c20724,limit_spin_density_zero_rect2x3,rect2x3_hole_3,266,10022,0.0009765625
haxs.stage5c2gR32.g1-quadrature.v1,78c453cf41605a05b3ecd78727794b35,d770c957d3ee5abfafc9cbe9a6e06a68,limit_spin_density_zero_rect2x3,rect2x3_hole_3,267,10023,0.0009765625
haxs.stage5c2gR32.g1-quadrature.v1,78c453cf41605a05b3ecd78727794b35,f20599d79f925aa2929f37d7365b72da,limit_spin_density_zero_rect2x3,rect2x3_hole_3,268,10030,0.0009765625
haxs.stage5c2gR32.g1-quadrature.v1,78c453cf41605a05b3ecd78727794b35,bc73a43d22c95dd6930bb49dc38c4c82,limit_spin_density_zero_rect2x3,rect2x3_hole_3,269,10031,0.0009765625
haxs.stage5c2gR32.g1-quadrature.v1,78c453cf41605a05b3ecd78727794b35,62193413bbef51eeb4880618026cf2ab,limit_spin_density_zero_rect2x3,rect2x3_hole_3,270,10032,0.0009765625
haxs.stage5c2gR32.g1-quadrature.v1,78c453cf41605a05b3ecd78727794b35,90e4cfff15bb5376aef2457b973b6c6f,limit_spin_density_zero_rect2x3,rect2x3_hole_3,271,10033,0.0009765625
haxs.stage5c2gR32.g1-quadrature.v1,78c453cf41605a05b3ecd78727794b35,732cc52ce4505edba7d176a0abc79d86,limit_spin_density_zero_rect2x3,rect2x3_hole_3,272,10100,0.0009765625
haxs.stage5c2gR32.g1-quadrature.v1,78c453cf41605a05b3ecd78727794b35,286363208aa555c391758c6dfed83f50,limit_spin_density_zero_rect2x3,rect2x3_hole_3,273,10101,0.0009765625
haxs.stage5c2gR32.g1-quadrature.v1,78c453cf41605a05b3ecd78727794b35,81211a61b89d51edbd754659ae4126ae,limit_spin_density_zero_rect2x3,rect2x3_hole_3,274,10102,0.0009765625
haxs.stage5c2gR32.g1-quadrature.v1,78c453cf41605a05b3ecd78727794b35,aaf68b0fef045ce6bed30102906b0926,limit_spin_density_zero_rect2x3,rect2x3_hole_3,275,10103,0.0009765625
haxs.stage5c2gR32.g1-quadrature.v1,78c453cf41605a05b3ecd78727794b35,249a9d192bd0588ea7404c520f34ed9f,limit_spin_density_zero_rect2x3,rect2x3_hole_3,276,10110,0.0009765625
haxs.stage5c2gR32.g1-quadrature.v1,78c453cf41605a05b3ecd78727794b35,5617116558d953c58cacf06af107dbbb,limit_spin_density_zero_rect2x3,rect2x3_hole_3,277,10111,0.0009765625
haxs.stage5c2gR32.g1-quadrature.v1,78c453cf41605a05b3ecd78727794b35,46a525d4e59059d0a3b57f54d7fbcea3,limit_spin_density_zero_rect2x3,rect2x3_hole_3,278,10112,0.0009765625
haxs.stage5c2gR32.g1-quadrature.v1,78c453cf41605a05b3ecd78727794b35,3b18a813df0c554db71035e652afb7ed,limit_spin_density_zero_rect2x3,rect2x3_hole_3,279,10113,0.0009765625
haxs.stage5c2gR32.g1-quadrature.v1,78c453cf41605a05b3ecd78727794b35,dbd5e95131e75b1dacf49c295199216d,limit_spin_density_zero_rect2x3,rect2x3_hole_3,280,10120,0.0009765625
haxs.stage5c2gR32.g1-quadrature.v1,78c453cf41605a05b3ecd78727794b35,3c05725dbb1e5128be0877049182803b,limit_spin_density_zero_rect2x3,rect2x3_hole_3,281,10121,0.0009765625
haxs.stage5c2gR32.g1-quadrature.v1,78c453cf41605a05b3ecd78727794b35,e6df7286b51a5a239f4d40632ae48763,limit_spin_density_zero_rect2x3,rect2x3_hole_3,282,10122,0.0009765625
haxs.stage5c2gR32.g1-quadrature.v1,78c453cf41605a05b3ecd78727794b35,12b2d6eeaa785680ba066aea8ca996f7,limit_spin_density_zero_rect2x3,rect2x3_hole_3,283,10123,0.0009765625
haxs.stage5c2gR32.g1-quadrature.v1,78c453cf41605a05b3ecd78727794b35,521ab51afe18546bb59127a6b6e59406,limit_spin_density_zero_rect2x3,rect2x3_hole_3,284,10130,0.0009765625
haxs.stage5c2gR32.g1-quadrature.v1,78c453cf41605a05b3ecd78727794b35,348baa9733225799bb10032e91ebfa56,limit_spin_density_zero_rect2x3,rect2x3_hole_3,285,10131,0.0009765625
haxs.stage5c2gR32.g1-quadrature.v1,78c453cf41605a05b3ecd78727794b35,61596fe8ce4154afa74163cd84ffb317,limit_spin_density_zero_rect2x3,rect2x3_hole_3,286,10132,0.0009765625
haxs.stage5c2gR32.g1-quadrature.v1,78c453cf41605a05b3ecd78727794b35,2a51377628c955c6b8f8a3f217dcf6d9,limit_spin_density_zero_rect2x3,rect2x3_hole_3,287,10133,0.0009765625
haxs.stage5c2gR32.g1-quadrature.v1,78c453cf41605a05b3ecd78727794b35,344f4e2c9f0e54ad956ab0b39a4825b3,limit_spin_density_zero_rect2x3,rect2x3_hole_3,288,10200,0.0009765625
haxs.stage5c2gR32.g1-quadrature.v1,78c453cf41605a05b3ecd78727794b35,6a2f581e01fb50aa84cbe4b10728c6b2,limit_spin_density_zero_rect2x3,rect2x3_hole_3,289,10201,0.0009765625
haxs.stage5c2gR32.g1-quadrature.v1,78c453cf41605a05b3ecd78727794b35,b8f6e3c99adf5b4bb470847182d1b721,limit_spin_density_zero_rect2x3,rect2x3_hole_3,290,10202,0.0009765625
haxs.stage5c2gR32.g1-quadrature.v1,78c453cf41605a05b3ecd78727794b35,4abf917eee345d9e8ced01df032146a9,limit_spin_density_zero_rect2x3,rect2x3_hole_3,291,10203,0.0009765625
haxs.stage5c2gR32.g1-quadrature.v1,78c453cf41605a05b3ecd78727794b35,107102252acf5abeb40c979352aa3d28,limit_spin_density_zero_rect2x3,rect2x3_hole_3,292,10210,0.0009765625
haxs.stage5c2gR32.g1-quadrature.v1,78c453cf41605a05b3ecd78727794b35,665d4a0aa9b353f29be9f54e60f63388,limit_spin_density_zero_rect2x3,rect2x3_hole_3,293,10211,0.0009765625
haxs.stage5c2gR32.g1-quadrature.v1,78c453cf41605a05b3ecd78727794b35,aac423dac5ee5a239ffaa95755c5403d,limit_spin_density_zero_rect2x3,rect2x3_hole_3,294,10212,0.0009765625
haxs.stage5c2gR32.g1-quadrature.v1,78c453cf41605a05b3ecd78727794b35,011251a0ad455949a6cca49c8d89ff1a,limit_spin_density_zero_rect2x3,rect2x3_hole_3,295,10213,0.0009765625
haxs.stage5c2gR32.g1-quadrature.v1,78c453cf41605a05b3ecd78727794b35,46f0aaad9d335b45aeda5ab4b421951a,limit_spin_density_zero_rect2x3,rect2x3_hole_3,296,10220,0.0009765625
haxs.stage5c2gR32.g1-quadrature.v1,78c453cf41605a05b3ecd78727794b35,f8b4f092cce55e619bdf47753bbc5fae,limit_spin_density_zero_rect2x3,rect2x3_hole_3,297,10221,0.0009765625
haxs.stage5c2gR32.g1-quadrature.v1,78c453cf41605a05b3ecd78727794b35,361db028be625cddac68b88daf9a9fdf,limit_spin_density_zero_rect2x3,rect2x3_hole_3,298,10222,0.0009765625
haxs.stage5c2gR32.g1-quadrature.v1,78c453cf41605a05b3ecd78727794b35,c8d42e8db1055b618335e3cacb2c1070,limit_spin_density_zero_rect2x3,rect2x3_hole_3,299,10223,0.0009765625
haxs.stage5c2gR32.g1-quadrature.v1,78c453cf41605a05b3ecd78727794b35,8e74980bf6c85406b46f2f9d00dc44d7,limit_spin_density_zero_rect2x3,rect2x3_hole_3,300,10230,0.0009765625
haxs.stage5c2gR32.g1-quadrature.v1,78c453cf41605a05b3ecd78727794b35,1bb96f29d03e585b8f9b370f9bd72e24,limit_spin_density_zero_rect2x3,rect2x3_hole_3,301,10231,0.0009765625
haxs.stage5c2gR32.g1-quadrature.v1,78c453cf41605a05b3ecd78727794b35,16da95393e9e5163b0ef40e065906cb0,limit_spin_density_zero_rect2x3,rect2x3_hole_3,302,10232,0.0009765625
haxs.stage5c2gR32.g1-quadrature.v1,78c453cf41605a05b3ecd78727794b35,693e3cecec1b50a5a9fe9c4df8bfc2af,limit_spin_density_zero_rect2x3,rect2x3_hole_3,303,10233,0.0009765625
haxs.stage5c2gR32.g1-quadrature.v1,78c453cf41605a05b3ecd78727794b35,0419b5f58ebb5d54a49ed2163afbebc0,limit_spin_density_zero_rect2x3,rect2x3_hole_3,304,10300,0.0009765625
haxs.stage5c2gR32.g1-quadrature.v1,78c453cf41605a05b3ecd78727794b35,68c25b84320b55d3858c8f707890ee24,limit_spin_density_zero_rect2x3,rect2x3_hole_3,305,10301,0.0009765625
haxs.stage5c2gR32.g1-quadrature.v1,78c453cf41605a05b3ecd78727794b35,c2873c78695f522aa45efc2712122a06,limit_spin_density_zero_rect2x3,rect2x3_hole_3,306,10302,0.0009765625
haxs.stage5c2gR32.g1-quadrature.v1,78c453cf41605a05b3ecd78727794b35,3e554222e0665f369af8c472acd78704,limit_spin_density_zero_rect2x3,rect2x3_hole_3,307,10303,0.0009765625
haxs.stage5c2gR32.g1-quadrature.v1,78c453cf41605a05b3ecd78727794b35,fa098e7512c05c988936d6c0e888a547,limit_spin_density_zero_rect2x3,rect2x3_hole_3,308,10310,0.0009765625
haxs.stage5c2gR32.g1-quadrature.v1,78c453cf41605a05b3ecd78727794b35,90aad4b043745289a7ac54be74f8e290,limit_spin_density_zero_rect2x3,rect2x3_hole_3,309,10311,0.0009765625
haxs.stage5c2gR32.g1-quadrature.v1,78c453cf41605a05b3ecd78727794b35,3e7df051d16e59f8b01801740af75233,limit_spin_density_zero_rect2x3,rect2x3_hole_3,310,10312,0.0009765625
haxs.stage5c2gR32.g1-quadrature.v1,78c453cf41605a05b3ecd78727794b35,442f5e83f9925a7aa2a05c5900fe0946,limit_spin_density_zero_rect2x3,rect2x3_hole_3,311,10313,0.0009765625
haxs.stage5c2gR32.g1-quadrature.v1,78c453cf41605a05b3ecd78727794b35,82c9ad14512755fbbb356b1a9652f032,limit_spin_density_zero_rect2x3,rect2x3_hole_3,312,10320,0.0009765625
haxs.stage5c2gR32.g1-quadrature.v1,78c453cf41605a05b3ecd78727794b35,65f5b9c8e18755079dc8c3fc93874d4f,limit_spin_density_zero_rect2x3,rect2x3_hole_3,313,10321,0.0009765625
haxs.stage5c2gR32.g1-quadrature.v1,78c453cf41605a05b3ecd78727794b35,bfcc3fdfe58b57d78355ccd034f64a0b,limit_spin_density_zero_rect2x3,rect2x3_hole_3,314,10322,0.0009765625
haxs.stage5c2gR32.g1-quadrature.v1,78c453cf41605a05b3ecd78727794b35,bd0cd13e9bb6570fb5ad2981c405ce9f,limit_spin_density_zero_rect2x3,rect2x3_hole_3,315,10323,0.0009765625
haxs.stage5c2gR32.g1-quadrature.v1,78c453cf41605a05b3ecd78727794b35,2370da8050a45cb7906453c0852cd55f,limit_spin_density_zero_rect2x3,rect2x3_hole_3,316,10330,0.0009765625
haxs.stage5c2gR32.g1-quadrature.v1,78c453cf41605a05b3ecd78727794b35,352dc418bc5f59b9af5f904e9049f17e,limit_spin_density_zero_rect2x3,rect2x3_hole_3,317,10331,0.0009765625
haxs.stage5c2gR32.g1-quadrature.v1,78c453cf41605a05b3ecd78727794b35,5d857944ac225a4585d4aefeaa8f20ba,limit_spin_density_zero_rect2x3,rect2x3_hole_3,318,10332,0.0009765625
haxs.stage5c2gR32.g1-quadrature.v1,78c453cf41605a05b3ecd78727794b35,4d89576d2a5b556a8d6db473a73f7e23,limit_spin_density_zero_rect2x3,rect2x3_hole_3,319,10333,0.0009765625
haxs.stage5c2gR32.g1-quadrature.v1,78c453cf41605a05b3ecd78727794b35,638fc719dbc95edd9d0e19ca7a72cc00,limit_spin_density_zero_rect2x3,rect2x3_hole_3,320,11000,0.0009765625
haxs.stage5c2gR32.g1-quadrature.v1,78c453cf41605a05b3ecd78727794b35,3a8922d79359558a93c025185fe53a47,limit_spin_density_zero_rect2x3,rect2x3_hole_3,321,11001,0.0009765625
haxs.stage5c2gR32.g1-quadrature.v1,78c453cf41605a05b3ecd78727794b35,f01bd2d6166c52cab5b6efbb29692aa9,limit_spin_density_zero_rect2x3,rect2x3_hole_3,322,11002,0.0009765625
haxs.stage5c2gR32.g1-quadrature.v1,78c453cf41605a05b3ecd78727794b35,c9db8e0097575a5ebf358afbe92ed7af,limit_spin_density_zero_rect2x3,rect2x3_hole_3,323,11003,0.0009765625
haxs.stage5c2gR32.g1-quadrature.v1,78c453cf41605a05b3ecd78727794b35,16dc402eb9df563c84ee84a4280bd6d7,limit_spin_density_zero_rect2x3,rect2x3_hole_3,324,11010,0.0009765625
haxs.stage5c2gR32.g1-quadrature.v1,78c453cf41605a05b3ecd78727794b35,52ce3cb503ea5b3bbe3674db2b8b9b52,limit_spin_density_zero_rect2x3,rect2x3_hole_3,325,11011,0.0009765625
haxs.stage5c2gR32.g1-quadrature.v1,78c453cf41605a05b3ecd78727794b35,e2037a220ead5999aa71eef4985c1112,limit_spin_density_zero_rect2x3,rect2x3_hole_3,326,11012,0.0009765625
haxs.stage5c2gR32.g1-quadrature.v1,78c453cf41605a05b3ecd78727794b35,9450dbfc0c1a574d97ca09df05a8be6e,limit_spin_density_zero_rect2x3,rect2x3_hole_3,327,11013,0.0009765625
haxs.stage5c2gR32.g1-quadrature.v1,78c453cf41605a05b3ecd78727794b35,7c77f92a65845d76a6bddc4cf5f1b36f,limit_spin_density_zero_rect2x3,rect2x3_hole_3,328,11020,0.0009765625
haxs.stage5c2gR32.g1-quadrature.v1,78c453cf41605a05b3ecd78727794b35,6bde84b262d85696a418e116d4879f0a,limit_spin_density_zero_rect2x3,rect2x3_hole_3,329,11021,0.0009765625
haxs.stage5c2gR32.g1-quadrature.v1,78c453cf41605a05b3ecd78727794b35,f2970ac23e815fc2bc0f86d44dbbc1f6,limit_spin_density_zero_rect2x3,rect2x3_hole_3,330,11022,0.0009765625
haxs.stage5c2gR32.g1-quadrature.v1,78c453cf41605a05b3ecd78727794b35,73ad4d7e90115644984f578f39cc9c8a,limit_spin_density_zero_rect2x3,rect2x3_hole_3,331,11023,0.0009765625
haxs.stage5c2gR32.g1-quadrature.v1,78c453cf41605a05b3ecd78727794b35,4b39693daebe5572b4031efd15910963,limit_spin_density_zero_rect2x3,rect2x3_hole_3,332,11030,0.0009765625
haxs.stage5c2gR32.g1-quadrature.v1,78c453cf41605a05b3ecd78727794b35,313f1c7975935ece8b5ecab72e69a5c7,limit_spin_density_zero_rect2x3,rect2x3_hole_3,333,11031,0.0009765625
haxs.stage5c2gR32.g1-quadrature.v1,78c453cf41605a05b3ecd78727794b35,24c9650fe15f5431b4dea3ef503e3558,limit_spin_density_zero_rect2x3,rect2x3_hole_3,334,11032,0.0009765625
haxs.stage5c2gR32.g1-quadrature.v1,78c453cf41605a05b3ecd78727794b35,7febeb86225350188a131a845a2cee59,limit_spin_density_zero_rect2x3,rect2x3_hole_3,335,11033,0.0009765625
haxs.stage5c2gR32.g1-quadrature.v1,78c453cf41605a05b3ecd78727794b35,d9486350b55759d4b2ba2458b5e9f93a,limit_spin_density_zero_rect2x3,rect2x3_hole_3,336,11100,0.0009765625
haxs.stage5c2gR32.g1-quadrature.v1,78c453cf41605a05b3ecd78727794b35,b25349b206c455af97c8b52bb51f26b8,limit_spin_density_zero_rect2x3,rect2x3_hole_3,337,11101,0.0009765625
haxs.stage5c2gR32.g1-quadrature.v1,78c453cf41605a05b3ecd78727794b35,f07764b34e0957ed9dc4c7c0274a1c1b,limit_spin_density_zero_rect2x3,rect2x3_hole_3,338,11102,0.0009765625
haxs.stage5c2gR32.g1-quadrature.v1,78c453cf41605a05b3ecd78727794b35,5f84fd7cb67d5e34bc04d52d0e9b9201,limit_spin_density_zero_rect2x3,rect2x3_hole_3,339,11103,0.0009765625
haxs.stage5c2gR32.g1-quadrature.v1,78c453cf41605a05b3ecd78727794b35,da5e5231e1e55cb6886d1d2d850680f3,limit_spin_density_zero_rect2x3,rect2x3_hole_3,340,11110,0.0009765625
haxs.stage5c2gR32.g1-quadrature.v1,78c453cf41605a05b3ecd78727794b35,e51bfd58f23b55d391fefdebe2fc4a67,limit_spin_density_zero_rect2x3,rect2x3_hole_3,341,11111,0.0009765625
haxs.stage5c2gR32.g1-quadrature.v1,78c453cf41605a05b3ecd78727794b35,f947235531f45fb5b2f01ea397cd64a1,limit_spin_density_zero_rect2x3,rect2x3_hole_3,342,11112,0.0009765625
haxs.stage5c2gR32.g1-quadrature.v1,78c453cf41605a05b3ecd78727794b35,9d3723cb220059849fc2e763ce9de0e3,limit_spin_density_zero_rect2x3,rect2x3_hole_3,343,11113,0.0009765625
haxs.stage5c2gR32.g1-quadrature.v1,78c453cf41605a05b3ecd78727794b35,e11df401fcf7503c90d29877ca4216a1,limit_spin_density_zero_rect2x3,rect2x3_hole_3,344,11120,0.0009765625
haxs.stage5c2gR32.g1-quadrature.v1,78c453cf41605a05b3ecd78727794b35,71ab0f6f3d5d54ba8902dc0c2f3570b9,limit_spin_density_zero_rect2x3,rect2x3_hole_3,345,11121,0.0009765625
haxs.stage5c2gR32.g1-quadrature.v1,78c453cf41605a05b3ecd78727794b35,c42fcf9235705ea9bd0460038d5d9ff5,limit_spin_density_zero_rect2x3,rect2x3_hole_3,346,11122,0.0009765625
haxs.stage5c2gR32.g1-quadrature.v1,78c453cf41605a05b3ecd78727794b35,9026fd4b27925803adb153620f15639f,limit_spin_density_zero_rect2x3,rect2x3_hole_3,347,11123,0.0009765625
haxs.stage5c2gR32.g1-quadrature.v1,78c453cf41605a05b3ecd78727794b35,4398e912a252561f9090eeca6c543145,limit_spin_density_zero_rect2x3,rect2x3_hole_3,348,11130,0.0009765625
haxs.stage5c2gR32.g1-quadrature.v1,78c453cf41605a05b3ecd78727794b35,8b858ef5e64d588485d5ebf832732b62,limit_spin_density_zero_rect2x3,rect2x3_hole_3,349,11131,0.0009765625
haxs.stage5c2gR32.g1-quadrature.v1,78c453cf41605a05b3ecd78727794b35,209d8063bd3e543ea3407c7f704c1e9d,limit_spin_density_zero_rect2x3,rect2x3_hole_3,350,11132,0.0009765625
haxs.stage5c2gR32.g1-quadrature.v1,78c453cf41605a05b3ecd78727794b35,528f9d6fbbbf5a3eba40e86489d06948,limit_spin_density_zero_rect2x3,rect2x3_hole_3,351,11133,0.0009765625
haxs.stage5c2gR32.g1-quadrature.v1,78c453cf41605a05b3ecd78727794b35,99f975f6aa5453108e7bca9b6bd2b7e4,limit_spin_density_zero_rect2x3,rect2x3_hole_3,352,11200,0.0009765625
haxs.stage5c2gR32.g1-quadrature.v1,78c453cf41605a05b3ecd78727794b35,4192b3646d7058ea9e60e1f04d2018f9,limit_spin_density_zero_rect2x3,rect2x3_hole_3,353,11201,0.0009765625
haxs.stage5c2gR32.g1-quadrature.v1,78c453cf41605a05b3ecd78727794b35,1b789a96f9545e769fa9c9147488afdc,limit_spin_density_zero_rect2x3,rect2x3_hole_3,354,11202,0.0009765625
haxs.stage5c2gR32.g1-quadrature.v1,78c453cf41605a05b3ecd78727794b35,26cf4522872f5bef81dcdad1cb6789d7,limit_spin_density_zero_rect2x3,rect2x3_hole_3,355,11203,0.0009765625
haxs.stage5c2gR32.g1-quadrature.v1,78c453cf41605a05b3ecd78727794b35,53e6267366ee599e8fb91d6e9527be36,limit_spin_density_zero_rect2x3,rect2x3_hole_3,356,11210,0.0009765625
haxs.stage5c2gR32.g1-quadrature.v1,78c453cf41605a05b3ecd78727794b35,3238a8589a5855f0934aeeaeaacaea37,limit_spin_density_zero_rect2x3,rect2x3_hole_3,357,11211,0.0009765625
haxs.stage5c2gR32.g1-quadrature.v1,78c453cf41605a05b3ecd78727794b35,13c4148df63e5704913f2b3a9df2a74c,limit_spin_density_zero_rect2x3,rect2x3_hole_3,358,11212,0.0009765625
haxs.stage5c2gR32.g1-quadrature.v1,78c453cf41605a05b3ecd78727794b35,d88d043ce00c5f75a7fb7483c412e321,limit_spin_density_zero_rect2x3,rect2x3_hole_3,359,11213,0.0009765625
haxs.stage5c2gR32.g1-quadrature.v1,78c453cf41605a05b3ecd78727794b35,52f77254150b509c85d8cb52e955d25b,limit_spin_density_zero_rect2x3,rect2x3_hole_3,360,11220,0.0009765625
haxs.stage5c2gR32.g1-quadrature.v1,78c453cf41605a05b3ecd78727794b35,b682a43c56095c969caca3cb6d166f08,limit_spin_density_zero_rect2x3,rect2x3_hole_3,361,11221,0.0009765625
haxs.stage5c2gR32.g1-quadrature.v1,78c453cf41605a05b3ecd78727794b35,b90dd43d507051f3b1c52fd2aa76f12c,limit_spin_density_zero_rect2x3,rect2x3_hole_3,362,11222,0.0009765625
haxs.stage5c2gR32.g1-quadrature.v1,78c453cf41605a05b3ecd78727794b35,c478d921f0a05cbeb3f960dc9f09e2b0,limit_spin_density_zero_rect2x3,rect2x3_hole_3,363,11223,0.0009765625
haxs.stage5c2gR32.g1-quadrature.v1,78c453cf41605a05b3ecd78727794b35,34b4c927e35455248a0455fc58622429,limit_spin_density_zero_rect2x3,rect2x3_hole_3,364,11230,0.0009765625
haxs.stage5c2gR32.g1-quadrature.v1,78c453cf41605a05b3ecd78727794b35,f1dbbd651a225f2ebf97062b9f7366b3,limit_spin_density_zero_rect2x3,rect2x3_hole_3,365,11231,0.0009765625
haxs.stage5c2gR32.g1-quadrature.v1,78c453cf41605a05b3ecd78727794b35,5c99289b700351d88dd69ff607bff46c,limit_spin_density_zero_rect2x3,rect2x3_hole_3,366,11232,0.0009765625
haxs.stage5c2gR32.g1-quadrature.v1,78c453cf41605a05b3ecd78727794b35,23fa693bad22512d9dc03ae171879a9f,limit_spin_density_zero_rect2x3,rect2x3_hole_3,367,11233,0.0009765625
haxs.stage5c2gR32.g1-quadrature.v1,78c453cf41605a05b3ecd78727794b35,0092118c9f6058f7bdd6642c31ccc123,limit_spin_density_zero_rect2x3,rect2x3_hole_3,368,11300,0.0009765625
haxs.stage5c2gR32.g1-quadrature.v1,78c453cf41605a05b3ecd78727794b35,b16e1a30751a5998b59b4307057d165e,limit_spin_density_zero_rect2x3,rect2x3_hole_3,369,11301,0.0009765625
haxs.stage5c2gR32.g1-quadrature.v1,78c453cf41605a05b3ecd78727794b35,1f2c2ff95f785f50bf38aae4c24549da,limit_spin_density_zero_rect2x3,rect2x3_hole_3,370,11302,0.0009765625
haxs.stage5c2gR32.g1-quadrature.v1,78c453cf41605a05b3ecd78727794b35,01e776b33642514bbdfd2621b49d83b6,limit_spin_density_zero_rect2x3,rect2x3_hole_3,371,11303,0.0009765625
haxs.stage5c2gR32.g1-quadrature.v1,78c453cf41605a05b3ecd78727794b35,8e7c6fbde5fb55fe99274bfaae641417,limit_spin_density_zero_rect2x3,rect2x3_hole_3,372,11310,0.0009765625
haxs.stage5c2gR32.g1-quadrature.v1,78c453cf41605a05b3ecd78727794b35,f81c31c8ed5a58b785caee59b6854c95,limit_spin_density_zero_rect2x3,rect2x3_hole_3,373,11311,0.0009765625
haxs.stage5c2gR32.g1-quadrature.v1,78c453cf41605a05b3ecd78727794b35,5ef752111e7555c392e5c4d47cd7c79a,limit_spin_density_zero_rect2x3,rect2x3_hole_3,374,11312,0.0009765625
haxs.stage5c2gR32.g1-quadrature.v1,78c453cf41605a05b3ecd78727794b35,4566cba321d8507a8148d5acaa8b9b1c,limit_spin_density_zero_rect2x3,rect2x3_hole_3,375,11313,0.0009765625
haxs.stage5c2gR32.g1-quadrature.v1,78c453cf41605a05b3ecd78727794b35,cea3c0d6f3b5569b94b8249c51126907,limit_spin_density_zero_rect2x3,rect2x3_hole_3,376,11320,0.0009765625
haxs.stage5c2gR32.g1-quadrature.v1,78c453cf41605a05b3ecd78727794b35,1f2384692289598c8c841e30ad977d8e,limit_spin_density_zero_rect2x3,rect2x3_hole_3,377,11321,0.0009765625
haxs.stage5c2gR32.g1-quadrature.v1,78c453cf41605a05b3ecd78727794b35,cf7d0e7ff60c549998916bf7966d5c7d,limit_spin_density_zero_rect2x3,rect2x3_hole_3,378,11322,0.0009765625
haxs.stage5c2gR32.g1-quadrature.v1,78c453cf41605a05b3ecd78727794b35,596cca35a54b58a193d7b46140b78eb3,limit_spin_density_zero_rect2x3,rect2x3_hole_3,379,11323,0.0009765625
haxs.stage5c2gR32.g1-quadrature.v1,78c453cf41605a05b3ecd78727794b35,ff7e853457c55f41928ad94081a3ed2c,limit_spin_density_zero_rect2x3,rect2x3_hole_3,380,11330,0.0009765625
haxs.stage5c2gR32.g1-quadrature.v1,78c453cf41605a05b3ecd78727794b35,e0167a4989ea5797bef0f4850fff503c,limit_spin_density_zero_rect2x3,rect2x3_hole_3,381,11331,0.0009765625
haxs.stage5c2gR32.g1-quadrature.v1,78c453cf41605a05b3ecd78727794b35,72eda99cf2175455a1415fc6ec5cd73b,limit_spin_density_zero_rect2x3,rect2x3_hole_3,382,11332,0.0009765625
haxs.stage5c2gR32.g1-quadrature.v1,78c453cf41605a05b3ecd78727794b35,7a09efeb9fff5b73bd1dfcae8a94b02a,limit_spin_density_zero_rect2x3,rect2x3_hole_3,383,11333,0.0009765625
haxs.stage5c2gR32.g1-quadrature.v1,78c453cf41605a05b3ecd78727794b35,f44df34f198b599dafe5105eab210057,limit_spin_density_zero_rect2x3,rect2x3_hole_3,384,12000,0.0009765625
haxs.stage5c2gR32.g1-quadrature.v1,78c453cf41605a05b3ecd78727794b35,779e291273ac5dfe9858935de559927e,limit_spin_density_zero_rect2x3,rect2x3_hole_3,385,12001,0.0009765625
haxs.stage5c2gR32.g1-quadrature.v1,78c453cf41605a05b3ecd78727794b35,29b93c41fdf25084b762abf22aca62fc,limit_spin_density_zero_rect2x3,rect2x3_hole_3,386,12002,0.0009765625
haxs.stage5c2gR32.g1-quadrature.v1,78c453cf41605a05b3ecd78727794b35,f14d9101d241563eaf447ee4c3af27a1,limit_spin_density_zero_rect2x3,rect2x3_hole_3,387,12003,0.0009765625
haxs.stage5c2gR32.g1-quadrature.v1,78c453cf41605a05b3ecd78727794b35,03c860fbf3765cbebbd3e616ad0e575a,limit_spin_density_zero_rect2x3,rect2x3_hole_3,388,12010,0.0009765625
haxs.stage5c2gR32.g1-quadrature.v1,78c453cf41605a05b3ecd78727794b35,4a2aab5542da5f609bfd1b5e490b8c2e,limit_spin_density_zero_rect2x3,rect2x3_hole_3,389,12011,0.0009765625
haxs.stage5c2gR32.g1-quadrature.v1,78c453cf41605a05b3ecd78727794b35,0fa2862a450b5dae8e5ac43cfc4229c6,limit_spin_density_zero_rect2x3,rect2x3_hole_3,390,12012,0.0009765625
haxs.stage5c2gR32.g1-quadrature.v1,78c453cf41605a05b3ecd78727794b35,38d5843c2faf58ee9a98516cc2ad5c4f,limit_spin_density_zero_rect2x3,rect2x3_hole_3,391,12013,0.0009765625
haxs.stage5c2gR32.g1-quadrature.v1,78c453cf41605a05b3ecd78727794b35,acc6e07de0af52c69f5e3883507bf31c,limit_spin_density_zero_rect2x3,rect2x3_hole_3,392,12020,0.0009765625
haxs.stage5c2gR32.g1-quadrature.v1,78c453cf41605a05b3ecd78727794b35,042ba85a4a115712ac224281f75f67eb,limit_spin_density_zero_rect2x3,rect2x3_hole_3,393,12021,0.0009765625
haxs.stage5c2gR32.g1-quadrature.v1,78c453cf41605a05b3ecd78727794b35,7b4fd3f42a675a8eaaba3c3d6db2346a,limit_spin_density_zero_rect2x3,rect2x3_hole_3,394,12022,0.0009765625
haxs.stage5c2gR32.g1-quadrature.v1,78c453cf41605a05b3ecd78727794b35,13ec664864dc552abd0eb5a65ee72bfb,limit_spin_density_zero_rect2x3,rect2x3_hole_3,395,12023,0.0009765625
haxs.stage5c2gR32.g1-quadrature.v1,78c453cf41605a05b3ecd78727794b35,6b4525333e8757bd829dc09bc63599d1,limit_spin_density_zero_rect2x3,rect2x3_hole_3,396,12030,0.0009765625
haxs.stage5c2gR32.g1-quadrature.v1,78c453cf41605a05b3ecd78727794b35,0b5324e9622f5742a0d078b2fa019661,limit_spin_density_zero_rect2x3,rect2x3_hole_3,397,12031,0.0009765625
haxs.stage5c2gR32.g1-quadrature.v1,78c453cf41605a05b3ecd78727794b35,914e889a637259d3ad06a4cfaf63e24d,limit_spin_density_zero_rect2x3,rect2x3_hole_3,398,12032,0.0009765625
haxs.stage5c2gR32.g1-quadrature.v1,78c453cf41605a05b3ecd78727794b35,1c0a5b99820558b980af88bf9a26b5e8,limit_spin_density_zero_rect2x3,rect2x3_hole_3,399,12033,0.0009765625
haxs.stage5c2gR32.g1-quadrature.v1,78c453cf41605a05b3ecd78727794b35,1c95388600df5c09a8ebfb004e749d79,limit_spin_density_zero_rect2x3,rect2x3_hole_3,400,12100,0.0009765625
haxs.stage5c2gR32.g1-quadrature.v1,78c453cf41605a05b3ecd78727794b35,757f16e9a33f53979db36ce0b34ea4b5,limit_spin_density_zero_rect2x3,rect2x3_hole_3,401,12101,0.0009765625
haxs.stage5c2gR32.g1-quadrature.v1,78c453cf41605a05b3ecd78727794b35,32492da72a4253af8499bef26d43e202,limit_spin_density_zero_rect2x3,rect2x3_hole_3,402,12102,0.0009765625
haxs.stage5c2gR32.g1-quadrature.v1,78c453cf41605a05b3ecd78727794b35,6b0c834da0f3582695ba81b5f2d76cc1,limit_spin_density_zero_rect2x3,rect2x3_hole_3,403,12103,0.0009765625
haxs.stage5c2gR32.g1-quadrature.v1,78c453cf41605a05b3ecd78727794b35,d6e70c9a0f2954e0a8e73362b0547d56,limit_spin_density_zero_rect2x3,rect2x3_hole_3,404,12110,0.0009765625
haxs.stage5c2gR32.g1-quadrature.v1,78c453cf41605a05b3ecd78727794b35,058d236631b15d279e08f7647dd421af,limit_spin_density_zero_rect2x3,rect2x3_hole_3,405,12111,0.0009765625
haxs.stage5c2gR32.g1-quadrature.v1,78c453cf41605a05b3ecd78727794b35,5b5a80f733d950ffa1db4b1cb1b03481,limit_spin_density_zero_rect2x3,rect2x3_hole_3,406,12112,0.0009765625
haxs.stage5c2gR32.g1-quadrature.v1,78c453cf41605a05b3ecd78727794b35,c7770976c4b45154ad118e9a35cf9573,limit_spin_density_zero_rect2x3,rect2x3_hole_3,407,12113,0.0009765625
haxs.stage5c2gR32.g1-quadrature.v1,78c453cf41605a05b3ecd78727794b35,278879e238f55a4aa0b87493484d48ec,limit_spin_density_zero_rect2x3,rect2x3_hole_3,408,12120,0.0009765625
haxs.stage5c2gR32.g1-quadrature.v1,78c453cf41605a05b3ecd78727794b35,72ca2baeeebf5b07b5580b91c9a81ebd,limit_spin_density_zero_rect2x3,rect2x3_hole_3,409,12121,0.0009765625
haxs.stage5c2gR32.g1-quadrature.v1,78c453cf41605a05b3ecd78727794b35,78048ec130075c7c96afde330e33b7f5,limit_spin_density_zero_rect2x3,rect2x3_hole_3,410,12122,0.0009765625
haxs.stage5c2gR32.g1-quadrature.v1,78c453cf41605a05b3ecd78727794b35,1307c4d30a7b5e4b9afca797b0b60ade,limit_spin_density_zero_rect2x3,rect2x3_hole_3,411,12123,0.0009765625
haxs.stage5c2gR32.g1-quadrature.v1,78c453cf41605a05b3ecd78727794b35,3c6522a9b03c560ca7f4fb712967d23f,limit_spin_density_zero_rect2x3,rect2x3_hole_3,412,12130,0.0009765625
haxs.stage5c2gR32.g1-quadrature.v1,78c453cf41605a05b3ecd78727794b35,0ec7641fbf3a5c7abe5c9d047f4e1be0,limit_spin_density_zero_rect2x3,rect2x3_hole_3,413,12131,0.0009765625
haxs.stage5c2gR32.g1-quadrature.v1,78c453cf41605a05b3ecd78727794b35,3bfaf50d35cf5ef3ad3c7ae5647ec579,limit_spin_density_zero_rect2x3,rect2x3_hole_3,414,12132,0.0009765625
haxs.stage5c2gR32.g1-quadrature.v1,78c453cf41605a05b3ecd78727794b35,4dd6b9e5994f57209107a7c2a48d9f02,limit_spin_density_zero_rect2x3,rect2x3_hole_3,415,12133,0.0009765625
haxs.stage5c2gR32.g1-quadrature.v1,78c453cf41605a05b3ecd78727794b35,855101253eea556e89b62eebcf6c76de,limit_spin_density_zero_rect2x3,rect2x3_hole_3,416,12200,0.0009765625
haxs.stage5c2gR32.g1-quadrature.v1,78c453cf41605a05b3ecd78727794b35,e447c24f61d75ba6983a32c76b449e47,limit_spin_density_zero_rect2x3,rect2x3_hole_3,417,12201,0.0009765625
haxs.stage5c2gR32.g1-quadrature.v1,78c453cf41605a05b3ecd78727794b35,77beec48be30584898fce84b6211f23b,limit_spin_density_zero_rect2x3,rect2x3_hole_3,418,12202,0.0009765625
haxs.stage5c2gR32.g1-quadrature.v1,78c453cf41605a05b3ecd78727794b35,de20601c8a115f008c95e6fd9e7e0737,limit_spin_density_zero_rect2x3,rect2x3_hole_3,419,12203,0.0009765625
haxs.stage5c2gR32.g1-quadrature.v1,78c453cf41605a05b3ecd78727794b35,8515f180735c55f89a481b6d733e79f7,limit_spin_density_zero_rect2x3,rect2x3_hole_3,420,12210,0.0009765625
haxs.stage5c2gR32.g1-quadrature.v1,78c453cf41605a05b3ecd78727794b35,ce3f188533d250459b2f2c799d587242,limit_spin_density_zero_rect2x3,rect2x3_hole_3,421,12211,0.0009765625
haxs.stage5c2gR32.g1-quadrature.v1,78c453cf41605a05b3ecd78727794b35,242428b503d15f969da18ba3786b6bbd,limit_spin_density_zero_rect2x3,rect2x3_hole_3,422,12212,0.0009765625
haxs.stage5c2gR32.g1-quadrature.v1,78c453cf41605a05b3ecd78727794b35,db14bd620bb7589f8474847fc00e6e93,limit_spin_density_zero_rect2x3,rect2x3_hole_3,423,12213,0.0009765625
haxs.stage5c2gR32.g1-quadrature.v1,78c453cf41605a05b3ecd78727794b35,8246572b799a54ffad52a1a966771e1b,limit_spin_density_zero_rect2x3,rect2x3_hole_3,424,12220,0.0009765625
haxs.stage5c2gR32.g1-quadrature.v1,78c453cf41605a05b3ecd78727794b35,ead60b2a234558d2b0a857e85468912b,limit_spin_density_zero_rect2x3,rect2x3_hole_3,425,12221,0.0009765625
haxs.stage5c2gR32.g1-quadrature.v1,78c453cf41605a05b3ecd78727794b35,51f5fdbbb98d534aaa3fc7d4da1da495,limit_spin_density_zero_rect2x3,rect2x3_hole_3,426,12222,0.0009765625
haxs.stage5c2gR32.g1-quadrature.v1,78c453cf41605a05b3ecd78727794b35,27a98babf01c5011adb16fe9e1a1e007,limit_spin_density_zero_rect2x3,rect2x3_hole_3,427,12223,0.0009765625
haxs.stage5c2gR32.g1-quadrature.v1,78c453cf41605a05b3ecd78727794b35,0a8425685f7257edb22decaea5770e89,limit_spin_density_zero_rect2x3,rect2x3_hole_3,428,12230,0.0009765625
haxs.stage5c2gR32.g1-quadrature.v1,78c453cf41605a05b3ecd78727794b35,5674f0aa090f52509915a983bdc954db,limit_spin_density_zero_rect2x3,rect2x3_hole_3,429,12231,0.0009765625
haxs.stage5c2gR32.g1-quadrature.v1,78c453cf41605a05b3ecd78727794b35,8544778067345776a7020cff5c59a0c3,limit_spin_density_zero_rect2x3,rect2x3_hole_3,430,12232,0.0009765625
haxs.stage5c2gR32.g1-quadrature.v1,78c453cf41605a05b3ecd78727794b35,1b614d6a8b1f5c0d96a45e7e1db8598a,limit_spin_density_zero_rect2x3,rect2x3_hole_3,431,12233,0.0009765625
haxs.stage5c2gR32.g1-quadrature.v1,78c453cf41605a05b3ecd78727794b35,14776fa0c35e5a60a308e641fef046e4,limit_spin_density_zero_rect2x3,rect2x3_hole_3,432,12300,0.0009765625
haxs.stage5c2gR32.g1-quadrature.v1,78c453cf41605a05b3ecd78727794b35,c1d485285e3a5232b4a96844ec38f7c8,limit_spin_density_zero_rect2x3,rect2x3_hole_3,433,12301,0.0009765625
haxs.stage5c2gR32.g1-quadrature.v1,78c453cf41605a05b3ecd78727794b35,0a88279ce9565b57a35852f119da7913,limit_spin_density_zero_rect2x3,rect2x3_hole_3,434,12302,0.0009765625
haxs.stage5c2gR32.g1-quadrature.v1,78c453cf41605a05b3ecd78727794b35,421aa353c491526ba0aec65a59054a29,limit_spin_density_zero_rect2x3,rect2x3_hole_3,435,12303,0.0009765625
haxs.stage5c2gR32.g1-quadrature.v1,78c453cf41605a05b3ecd78727794b35,48994ce7b10f55109559ce587d536721,limit_spin_density_zero_rect2x3,rect2x3_hole_3,436,12310,0.0009765625
haxs.stage5c2gR32.g1-quadrature.v1,78c453cf41605a05b3ecd78727794b35,fb93a530992e59959c0a4dc16d85f6ba,limit_spin_density_zero_rect2x3,rect2x3_hole_3,437,12311,0.0009765625
haxs.stage5c2gR32.g1-quadrature.v1,78c453cf41605a05b3ecd78727794b35,84af5e91954659f4904f37afc964355b,limit_spin_density_zero_rect2x3,rect2x3_hole_3,438,12312,0.0009765625
haxs.stage5c2gR32.g1-quadrature.v1,78c453cf41605a05b3ecd78727794b35,72b6119c4d3f5d8ca4b68db1ffcbe8a0,limit_spin_density_zero_rect2x3,rect2x3_hole_3,439,12313,0.0009765625
haxs.stage5c2gR32.g1-quadrature.v1,78c453cf41605a05b3ecd78727794b35,5d43f37e0565538e85fbdf0c76af6655,limit_spin_density_zero_rect2x3,rect2x3_hole_3,440,12320,0.0009765625
haxs.stage5c2gR32.g1-quadrature.v1,78c453cf41605a05b3ecd78727794b35,aa632a0e911d5fb78f535650cdac2ab8,limit_spin_density_zero_rect2x3,rect2x3_hole_3,441,12321,0.0009765625
haxs.stage5c2gR32.g1-quadrature.v1,78c453cf41605a05b3ecd78727794b35,4d44a9bc11255840a5c43a91cb29b710,limit_spin_density_zero_rect2x3,rect2x3_hole_3,442,12322,0.0009765625
haxs.stage5c2gR32.g1-quadrature.v1,78c453cf41605a05b3ecd78727794b35,bc8fa535b8db5cb4bb59101d7fe9c562,limit_spin_density_zero_rect2x3,rect2x3_hole_3,443,12323,0.0009765625
haxs.stage5c2gR32.g1-quadrature.v1,78c453cf41605a05b3ecd78727794b35,10c984a7a0ee5c92a3fe3ca9d6571072,limit_spin_density_zero_rect2x3,rect2x3_hole_3,444,12330,0.0009765625
haxs.stage5c2gR32.g1-quadrature.v1,78c453cf41605a05b3ecd78727794b35,877bb751bb235a44923f99a46290af91,limit_spin_density_zero_rect2x3,rect2x3_hole_3,445,12331,0.0009765625
haxs.stage5c2gR32.g1-quadrature.v1,78c453cf41605a05b3ecd78727794b35,4d88deeda927589bae4b329d6b31bf61,limit_spin_density_zero_rect2x3,rect2x3_hole_3,446,12332,0.0009765625
haxs.stage5c2gR32.g1-quadrature.v1,78c453cf41605a05b3ecd78727794b35,c6cbbc85c53753e1b68a394298e7bee0,limit_spin_density_zero_rect2x3,rect2x3_hole_3,447,12333,0.0009765625
haxs.stage5c2gR32.g1-quadrature.v1,78c453cf41605a05b3ecd78727794b35,75164ea127405024b374348d60f62df8,limit_spin_density_zero_rect2x3,rect2x3_hole_3,448,13000,0.0009765625
haxs.stage5c2gR32.g1-quadrature.v1,78c453cf41605a05b3ecd78727794b35,eebf1934d5c75896bedec9053f19df8c,limit_spin_density_zero_rect2x3,rect2x3_hole_3,449,13001,0.0009765625
haxs.stage5c2gR32.g1-quadrature.v1,78c453cf41605a05b3ecd78727794b35,3463992997245593a30da595f0baffcc,limit_spin_density_zero_rect2x3,rect2x3_hole_3,450,13002,0.0009765625
haxs.stage5c2gR32.g1-quadrature.v1,78c453cf41605a05b3ecd78727794b35,2b2fbb6dfec758119abe0a80bfb6f3fc,limit_spin_density_zero_rect2x3,rect2x3_hole_3,451,13003,0.0009765625
haxs.stage5c2gR32.g1-quadrature.v1,78c453cf41605a05b3ecd78727794b35,3816dc9686005f0da5461902fff9c859,limit_spin_density_zero_rect2x3,rect2x3_hole_3,452,13010,0.0009765625
haxs.stage5c2gR32.g1-quadrature.v1,78c453cf41605a05b3ecd78727794b35,5523dee5f0da5ca4b4337b78e0a43981,limit_spin_density_zero_rect2x3,rect2x3_hole_3,453,13011,0.0009765625
haxs.stage5c2gR32.g1-quadrature.v1,78c453cf41605a05b3ecd78727794b35,2fa9833ebfc956f1bcef2801aaebe179,limit_spin_density_zero_rect2x3,rect2x3_hole_3,454,13012,0.0009765625
haxs.stage5c2gR32.g1-quadrature.v1,78c453cf41605a05b3ecd78727794b35,574e94c2730958ae9e94904d463e1925,limit_spin_density_zero_rect2x3,rect2x3_hole_3,455,13013,0.0009765625
haxs.stage5c2gR32.g1-quadrature.v1,78c453cf41605a05b3ecd78727794b35,a4b1409caa955ea3950264f03d6211ed,limit_spin_density_zero_rect2x3,rect2x3_hole_3,456,13020,0.0009765625
haxs.stage5c2gR32.g1-quadrature.v1,78c453cf41605a05b3ecd78727794b35,7c7a2ecb87bf5a918b9b55f9a06ce152,limit_spin_density_zero_rect2x3,rect2x3_hole_3,457,13021,0.0009765625
haxs.stage5c2gR32.g1-quadrature.v1,78c453cf41605a05b3ecd78727794b35,ea0dd26a3f445c7080ce86591f47d2f1,limit_spin_density_zero_rect2x3,rect2x3_hole_3,458,13022,0.0009765625
haxs.stage5c2gR32.g1-quadrature.v1,78c453cf41605a05b3ecd78727794b35,9ed24ad71ad5581987e88ef34ad8ef25,limit_spin_density_zero_rect2x3,rect2x3_hole_3,459,13023,0.0009765625
haxs.stage5c2gR32.g1-quadrature.v1,78c453cf41605a05b3ecd78727794b35,82611c6c62945e7e807255d75934452e,limit_spin_density_zero_rect2x3,rect2x3_hole_3,460,13030,0.0009765625
haxs.stage5c2gR32.g1-quadrature.v1,78c453cf41605a05b3ecd78727794b35,00b690cd288054d5bea015a30377e2a4,limit_spin_density_zero_rect2x3,rect2x3_hole_3,461,13031,0.0009765625
haxs.stage5c2gR32.g1-quadrature.v1,78c453cf41605a05b3ecd78727794b35,c16de7791a945c4b9d1a3c4466c438bf,limit_spin_density_zero_rect2x3,rect2x3_hole_3,462,13032,0.0009765625
haxs.stage5c2gR32.g1-quadrature.v1,78c453cf41605a05b3ecd78727794b35,289b11818c5b567eb9b43471501b7779,limit_spin_density_zero_rect2x3,rect2x3_hole_3,463,13033,0.0009765625
haxs.stage5c2gR32.g1-quadrature.v1,78c453cf41605a05b3ecd78727794b35,2aed844e13135046958a99a5fbaa32d6,limit_spin_density_zero_rect2x3,rect2x3_hole_3,464,13100,0.0009765625
haxs.stage5c2gR32.g1-quadrature.v1,78c453cf41605a05b3ecd78727794b35,3bff6c31233a50e4995b65cffc49d5fe,limit_spin_density_zero_rect2x3,rect2x3_hole_3,465,13101,0.0009765625
haxs.stage5c2gR32.g1-quadrature.v1,78c453cf41605a05b3ecd78727794b35,517e0883a9b45f57bcc31c46ccfc9b40,limit_spin_density_zero_rect2x3,rect2x3_hole_3,466,13102,0.0009765625
haxs.stage5c2gR32.g1-quadrature.v1,78c453cf41605a05b3ecd78727794b35,40879b00609852328dd6fe2d43e067bf,limit_spin_density_zero_rect2x3,rect2x3_hole_3,467,13103,0.0009765625
haxs.stage5c2gR32.g1-quadrature.v1,78c453cf41605a05b3ecd78727794b35,f6526c978d2755658bcfc471caf4a65c,limit_spin_density_zero_rect2x3,rect2x3_hole_3,468,13110,0.0009765625
haxs.stage5c2gR32.g1-quadrature.v1,78c453cf41605a05b3ecd78727794b35,2473bb2fce425505b71c36b562412f45,limit_spin_density_zero_rect2x3,rect2x3_hole_3,469,13111,0.0009765625
haxs.stage5c2gR32.g1-quadrature.v1,78c453cf41605a05b3ecd78727794b35,5fee0b564ef15358927750d2356388f5,limit_spin_density_zero_rect2x3,rect2x3_hole_3,470,13112,0.0009765625
haxs.stage5c2gR32.g1-quadrature.v1,78c453cf41605a05b3ecd78727794b35,34a2c0ee022a53e28516ac7405374652,limit_spin_density_zero_rect2x3,rect2x3_hole_3,471,13113,0.0009765625
haxs.stage5c2gR32.g1-quadrature.v1,78c453cf41605a05b3ecd78727794b35,b2691f6fe5d955b388878b8aaedce4d8,limit_spin_density_zero_rect2x3,rect2x3_hole_3,472,13120,0.0009765625
haxs.stage5c2gR32.g1-quadrature.v1,78c453cf41605a05b3ecd78727794b35,db8d42faa2b655d3af2ed1b1533d3713,limit_spin_density_zero_rect2x3,rect2x3_hole_3,473,13121,0.0009765625
haxs.stage5c2gR32.g1-quadrature.v1,78c453cf41605a05b3ecd78727794b35,95022eb3a2a5520f86afde9309f97793,limit_spin_density_zero_rect2x3,rect2x3_hole_3,474,13122,0.0009765625
haxs.stage5c2gR32.g1-quadrature.v1,78c453cf41605a05b3ecd78727794b35,0bef1904abf551ed8b5bb5e9447739ca,limit_spin_density_zero_rect2x3,rect2x3_hole_3,475,13123,0.0009765625
haxs.stage5c2gR32.g1-quadrature.v1,78c453cf41605a05b3ecd78727794b35,10f8e71ee08358299ca88cf1b45627bd,limit_spin_density_zero_rect2x3,rect2x3_hole_3,476,13130,0.0009765625
haxs.stage5c2gR32.g1-quadrature.v1,78c453cf41605a05b3ecd78727794b35,0417a39ff32c5c5082a21841f3f7825f,limit_spin_density_zero_rect2x3,rect2x3_hole_3,477,13131,0.0009765625
haxs.stage5c2gR32.g1-quadrature.v1,78c453cf41605a05b3ecd78727794b35,6f71cc4088265a00b8391b9bf927a681,limit_spin_density_zero_rect2x3,rect2x3_hole_3,478,13132,0.0009765625
haxs.stage5c2gR32.g1-quadrature.v1,78c453cf41605a05b3ecd78727794b35,d55d89d8f07a5601b3a81561f27ec9f3,limit_spin_density_zero_rect2x3,rect2x3_hole_3,479,13133,0.0009765625
haxs.stage5c2gR32.g1-quadrature.v1,78c453cf41605a05b3ecd78727794b35,814816a422535df4b35e84d8328f7239,limit_spin_density_zero_rect2x3,rect2x3_hole_3,480,13200,0.0009765625
haxs.stage5c2gR32.g1-quadrature.v1,78c453cf41605a05b3ecd78727794b35,78d68c348f7853df874ee09142ee5920,limit_spin_density_zero_rect2x3,rect2x3_hole_3,481,13201,0.0009765625
haxs.stage5c2gR32.g1-quadrature.v1,78c453cf41605a05b3ecd78727794b35,1486cfff30c05939aa8dc824262ac4a6,limit_spin_density_zero_rect2x3,rect2x3_hole_3,482,13202,0.0009765625
haxs.stage5c2gR32.g1-quadrature.v1,78c453cf41605a05b3ecd78727794b35,419fac6dc771540eac1f7ac0ed9b0ffe,limit_spin_density_zero_rect2x3,rect2x3_hole_3,483,13203,0.0009765625
haxs.stage5c2gR32.g1-quadrature.v1,78c453cf41605a05b3ecd78727794b35,df70e7d8e94b5212988f2037bdf39875,limit_spin_density_zero_rect2x3,rect2x3_hole_3,484,13210,0.0009765625
haxs.stage5c2gR32.g1-quadrature.v1,78c453cf41605a05b3ecd78727794b35,7f62c143c2695d469f1558fa82c8ab11,limit_spin_density_zero_rect2x3,rect2x3_hole_3,485,13211,0.0009765625
haxs.stage5c2gR32.g1-quadrature.v1,78c453cf41605a05b3ecd78727794b35,4d56446144f95c1d9e0989d90c8faa00,limit_spin_density_zero_rect2x3,rect2x3_hole_3,486,13212,0.0009765625
haxs.stage5c2gR32.g1-quadrature.v1,78c453cf41605a05b3ecd78727794b35,15409cc68f6a52d5ad58dd3b9dac06ae,limit_spin_density_zero_rect2x3,rect2x3_hole_3,487,13213,0.0009765625
haxs.stage5c2gR32.g1-quadrature.v1,78c453cf41605a05b3ecd78727794b35,9a6565c7ddbb5fb69d05c028e8d3b8b7,limit_spin_density_zero_rect2x3,rect2x3_hole_3,488,13220,0.0009765625
haxs.stage5c2gR32.g1-quadrature.v1,78c453cf41605a05b3ecd78727794b35,a58f58ed2fa15d6aa9268fa4b3a837b6,limit_spin_density_zero_rect2x3,rect2x3_hole_3,489,13221,0.0009765625
haxs.stage5c2gR32.g1-quadrature.v1,78c453cf41605a05b3ecd78727794b35,e44938cb20125b8d911b7d53f126f541,limit_spin_density_zero_rect2x3,rect2x3_hole_3,490,13222,0.0009765625
haxs.stage5c2gR32.g1-quadrature.v1,78c453cf41605a05b3ecd78727794b35,9f56bbd521935a87a2abec441f81c482,limit_spin_density_zero_rect2x3,rect2x3_hole_3,491,13223,0.0009765625
haxs.stage5c2gR32.g1-quadrature.v1,78c453cf41605a05b3ecd78727794b35,7aa9325cd7e055b3b1bea2fae5ee5606,limit_spin_density_zero_rect2x3,rect2x3_hole_3,492,13230,0.0009765625
haxs.stage5c2gR32.g1-quadrature.v1,78c453cf41605a05b3ecd78727794b35,0322a5e9b779552bbafc3ceb2d9cbf36,limit_spin_density_zero_rect2x3,rect2x3_hole_3,493,13231,0.0009765625
haxs.stage5c2gR32.g1-quadrature.v1,78c453cf41605a05b3ecd78727794b35,1a36aee50c875abb9bd780b5f46b0ec9,limit_spin_density_zero_rect2x3,rect2x3_hole_3,494,13232,0.0009765625
haxs.stage5c2gR32.g1-quadrature.v1,78c453cf41605a05b3ecd78727794b35,e86f9bb7fd8b5372921676536c16f12d,limit_spin_density_zero_rect2x3,rect2x3_hole_3,495,13233,0.0009765625
haxs.stage5c2gR32.g1-quadrature.v1,78c453cf41605a05b3ecd78727794b35,08a1bc7ecdc75cdba98a40b1a7515c70,limit_spin_density_zero_rect2x3,rect2x3_hole_3,496,13300,0.0009765625
haxs.stage5c2gR32.g1-quadrature.v1,78c453cf41605a05b3ecd78727794b35,dc22204ece545ac896b73f693560afb8,limit_spin_density_zero_rect2x3,rect2x3_hole_3,497,13301,0.0009765625
haxs.stage5c2gR32.g1-quadrature.v1,78c453cf41605a05b3ecd78727794b35,23a1df82992754af9bac6849f8cf5566,limit_spin_density_zero_rect2x3,rect2x3_hole_3,498,13302,0.0009765625
haxs.stage5c2gR32.g1-quadrature.v1,78c453cf41605a05b3ecd78727794b35,445807ea971f54fe809d9a4693cdcdc9,limit_spin_density_zero_rect2x3,rect2x3_hole_3,499,13303,0.0009765625
haxs.stage5c2gR32.g1-quadrature.v1,78c453cf41605a05b3ecd78727794b35,6e903876cedb5d11befdb41ee01fe0b0,limit_spin_density_zero_rect2x3,rect2x3_hole_3,500,13310,0.0009765625
haxs.stage5c2gR32.g1-quadrature.v1,78c453cf41605a05b3ecd78727794b35,305a4756a6035b0ea75a45bad65d9a42,limit_spin_density_zero_rect2x3,rect2x3_hole_3,501,13311,0.0009765625
haxs.stage5c2gR32.g1-quadrature.v1,78c453cf41605a05b3ecd78727794b35,66cdbec2cb595816a6ddd179b03b3c16,limit_spin_density_zero_rect2x3,rect2x3_hole_3,502,13312,0.0009765625
haxs.stage5c2gR32.g1-quadrature.v1,78c453cf41605a05b3ecd78727794b35,f94bf189cc345007a09c471bf2ebd2f9,limit_spin_density_zero_rect2x3,rect2x3_hole_3,503,13313,0.0009765625
haxs.stage5c2gR32.g1-quadrature.v1,78c453cf41605a05b3ecd78727794b35,02303e96a6ce5c55b7addfb1559974b1,limit_spin_density_zero_rect2x3,rect2x3_hole_3,504,13320,0.0009765625
haxs.stage5c2gR32.g1-quadrature.v1,78c453cf41605a05b3ecd78727794b35,3751701b0b7d5a56b067ee453b8605f6,limit_spin_density_zero_rect2x3,rect2x3_hole_3,505,13321,0.0009765625
haxs.stage5c2gR32.g1-quadrature.v1,78c453cf41605a05b3ecd78727794b35,d1160a827b61519895c8973a35901614,limit_spin_density_zero_rect2x3,rect2x3_hole_3,506,13322,0.0009765625
haxs.stage5c2gR32.g1-quadrature.v1,78c453cf41605a05b3ecd78727794b35,ce655f7ffe40568b9f6aa73cb15227b5,limit_spin_density_zero_rect2x3,rect2x3_hole_3,507,13323,0.0009765625
haxs.stage5c2gR32.g1-quadrature.v1,78c453cf41605a05b3ecd78727794b35,d6bc8e08f60250fe9f567f0fb442ed9f,limit_spin_density_zero_rect2x3,rect2x3_hole_3,508,13330,0.0009765625
haxs.stage5c2gR32.g1-quadrature.v1,78c453cf41605a05b3ecd78727794b35,255ec59e3a9856a78b6330224721fa38,limit_spin_density_zero_rect2x3,rect2x3_hole_3,509,13331,0.0009765625
haxs.stage5c2gR32.g1-quadrature.v1,78c453cf41605a05b3ecd78727794b35,dc774756ee9e5932a3eedb01349180d0,limit_spin_density_zero_rect2x3,rect2x3_hole_3,510,13332,0.0009765625
haxs.stage5c2gR32.g1-quadrature.v1,78c453cf41605a05b3ecd78727794b35,07a9356b30ed51f7b0f59cec47827d3d,limit_spin_density_zero_rect2x3,rect2x3_hole_3,511,13333,0.0009765625
haxs.stage5c2gR32.g1-quadrature.v1,78c453cf41605a05b3ecd78727794b35,6fcc497234b55aa484b2a0bd8ab117e9,limit_spin_density_zero_rect2x3,rect2x3_hole_3,512,20000,0.0009765625
haxs.stage5c2gR32.g1-quadrature.v1,78c453cf41605a05b3ecd78727794b35,c86e5221ca50595f8360e28071ae7e34,limit_spin_density_zero_rect2x3,rect2x3_hole_3,513,20001,0.0009765625
haxs.stage5c2gR32.g1-quadrature.v1,78c453cf41605a05b3ecd78727794b35,d99767ae1d2d5ed3a8fc5644ca318c10,limit_spin_density_zero_rect2x3,rect2x3_hole_3,514,20002,0.0009765625
haxs.stage5c2gR32.g1-quadrature.v1,78c453cf41605a05b3ecd78727794b35,0f3f043006025fbe891c8611eaca9936,limit_spin_density_zero_rect2x3,rect2x3_hole_3,515,20003,0.0009765625
haxs.stage5c2gR32.g1-quadrature.v1,78c453cf41605a05b3ecd78727794b35,86aa8fd3c8ad5082bc3f903265fa3114,limit_spin_density_zero_rect2x3,rect2x3_hole_3,516,20010,0.0009765625
haxs.stage5c2gR32.g1-quadrature.v1,78c453cf41605a05b3ecd78727794b35,171286a3dc245f74bff008ef20b7644c,limit_spin_density_zero_rect2x3,rect2x3_hole_3,517,20011,0.0009765625
haxs.stage5c2gR32.g1-quadrature.v1,78c453cf41605a05b3ecd78727794b35,c0e0f9faa9cc52a9b51dc8f151392b43,limit_spin_density_zero_rect2x3,rect2x3_hole_3,518,20012,0.0009765625
haxs.stage5c2gR32.g1-quadrature.v1,78c453cf41605a05b3ecd78727794b35,33290939e3275d0f895a3402ecda10e0,limit_spin_density_zero_rect2x3,rect2x3_hole_3,519,20013,0.0009765625
haxs.stage5c2gR32.g1-quadrature.v1,78c453cf41605a05b3ecd78727794b35,61ee7cac8096572687bcfbf624fe598c,limit_spin_density_zero_rect2x3,rect2x3_hole_3,520,20020,0.0009765625
haxs.stage5c2gR32.g1-quadrature.v1,78c453cf41605a05b3ecd78727794b35,fb14790255a052af93b37b040a60fec8,limit_spin_density_zero_rect2x3,rect2x3_hole_3,521,20021,0.0009765625
haxs.stage5c2gR32.g1-quadrature.v1,78c453cf41605a05b3ecd78727794b35,3ad8edd11d2656c9a453912d6efbf899,limit_spin_density_zero_rect2x3,rect2x3_hole_3,522,20022,0.0009765625
haxs.stage5c2gR32.g1-quadrature.v1,78c453cf41605a05b3ecd78727794b35,ed70486f292f51c5a077e68cf8402a80,limit_spin_density_zero_rect2x3,rect2x3_hole_3,523,20023,0.0009765625
haxs.stage5c2gR32.g1-quadrature.v1,78c453cf41605a05b3ecd78727794b35,06b6c3341cb454b8a6d76107e00ab8e7,limit_spin_density_zero_rect2x3,rect2x3_hole_3,524,20030,0.0009765625
haxs.stage5c2gR32.g1-quadrature.v1,78c453cf41605a05b3ecd78727794b35,6de6b8fd851b517098f2e1ec2f8da6e3,limit_spin_density_zero_rect2x3,rect2x3_hole_3,525,20031,0.0009765625
haxs.stage5c2gR32.g1-quadrature.v1,78c453cf41605a05b3ecd78727794b35,d52d13f2727b57aaa9facce890c4ed2a,limit_spin_density_zero_rect2x3,rect2x3_hole_3,526,20032,0.0009765625
haxs.stage5c2gR32.g1-quadrature.v1,78c453cf41605a05b3ecd78727794b35,f0cdf33b9bac533dbbcd3b8e05f79677,limit_spin_density_zero_rect2x3,rect2x3_hole_3,527,20033,0.0009765625
haxs.stage5c2gR32.g1-quadrature.v1,78c453cf41605a05b3ecd78727794b35,b3cff530712059789be8bc937ed92a7f,limit_spin_density_zero_rect2x3,rect2x3_hole_3,528,20100,0.0009765625
haxs.stage5c2gR32.g1-quadrature.v1,78c453cf41605a05b3ecd78727794b35,6362af78d33e575b9922e85cae0a7db4,limit_spin_density_zero_rect2x3,rect2x3_hole_3,529,20101,0.0009765625
haxs.stage5c2gR32.g1-quadrature.v1,78c453cf41605a05b3ecd78727794b35,1149e9b0bf165089b0a38ac5fef1603b,limit_spin_density_zero_rect2x3,rect2x3_hole_3,530,20102,0.0009765625
haxs.stage5c2gR32.g1-quadrature.v1,78c453cf41605a05b3ecd78727794b35,0dda7e7ce7ba51e4abf7a69767adc4a8,limit_spin_density_zero_rect2x3,rect2x3_hole_3,531,20103,0.0009765625
haxs.stage5c2gR32.g1-quadrature.v1,78c453cf41605a05b3ecd78727794b35,d49642ed3aeb5591a019f4898cd615c8,limit_spin_density_zero_rect2x3,rect2x3_hole_3,532,20110,0.0009765625
haxs.stage5c2gR32.g1-quadrature.v1,78c453cf41605a05b3ecd78727794b35,4523fb3c176f550ca2fdc52d41fdba92,limit_spin_density_zero_rect2x3,rect2x3_hole_3,533,20111,0.0009765625
haxs.stage5c2gR32.g1-quadrature.v1,78c453cf41605a05b3ecd78727794b35,88e35cddc2a05affa166c7b5f7aadbd4,limit_spin_density_zero_rect2x3,rect2x3_hole_3,534,20112,0.0009765625
haxs.stage5c2gR32.g1-quadrature.v1,78c453cf41605a05b3ecd78727794b35,75a483acab29549b828b6ca601dffc97,limit_spin_density_zero_rect2x3,rect2x3_hole_3,535,20113,0.0009765625
haxs.stage5c2gR32.g1-quadrature.v1,78c453cf41605a05b3ecd78727794b35,e485818f12115a92ade4c4a3ded62b73,limit_spin_density_zero_rect2x3,rect2x3_hole_3,536,20120,0.0009765625
haxs.stage5c2gR32.g1-quadrature.v1,78c453cf41605a05b3ecd78727794b35,57809f1d457656668dc3280ebc1a7495,limit_spin_density_zero_rect2x3,rect2x3_hole_3,537,20121,0.0009765625
haxs.stage5c2gR32.g1-quadrature.v1,78c453cf41605a05b3ecd78727794b35,538339dd9f1350cca6f07c4ef2bdce4a,limit_spin_density_zero_rect2x3,rect2x3_hole_3,538,20122,0.0009765625
haxs.stage5c2gR32.g1-quadrature.v1,78c453cf41605a05b3ecd78727794b35,e4e6c00d066a59b7834f5329a2127779,limit_spin_density_zero_rect2x3,rect2x3_hole_3,539,20123,0.0009765625
haxs.stage5c2gR32.g1-quadrature.v1,78c453cf41605a05b3ecd78727794b35,cf46994804b75c11a673ed8704af5cd1,limit_spin_density_zero_rect2x3,rect2x3_hole_3,540,20130,0.0009765625
haxs.stage5c2gR32.g1-quadrature.v1,78c453cf41605a05b3ecd78727794b35,24e6ecf7b2425cbba142546fdcf1a18c,limit_spin_density_zero_rect2x3,rect2x3_hole_3,541,20131,0.0009765625
haxs.stage5c2gR32.g1-quadrature.v1,78c453cf41605a05b3ecd78727794b35,dd9eeff751285d3b973ddae3083eed95,limit_spin_density_zero_rect2x3,rect2x3_hole_3,542,20132,0.0009765625
haxs.stage5c2gR32.g1-quadrature.v1,78c453cf41605a05b3ecd78727794b35,7781761b9cc25417956fd272188c56bd,limit_spin_density_zero_rect2x3,rect2x3_hole_3,543,20133,0.0009765625
haxs.stage5c2gR32.g1-quadrature.v1,78c453cf41605a05b3ecd78727794b35,3c2f2623a0785f90ad113aa1c10ccdd8,limit_spin_density_zero_rect2x3,rect2x3_hole_3,544,20200,0.0009765625
haxs.stage5c2gR32.g1-quadrature.v1,78c453cf41605a05b3ecd78727794b35,0e138a19940d564cb59db427ca0bd6c3,limit_spin_density_zero_rect2x3,rect2x3_hole_3,545,20201,0.0009765625
haxs.stage5c2gR32.g1-quadrature.v1,78c453cf41605a05b3ecd78727794b35,a83effcd4b7c588ea75563ac64769abf,limit_spin_density_zero_rect2x3,rect2x3_hole_3,546,20202,0.0009765625
haxs.stage5c2gR32.g1-quadrature.v1,78c453cf41605a05b3ecd78727794b35,0824948b1d4356dc8531183f000f945a,limit_spin_density_zero_rect2x3,rect2x3_hole_3,547,20203,0.0009765625
haxs.stage5c2gR32.g1-quadrature.v1,78c453cf41605a05b3ecd78727794b35,dd13d5db25015ba8812bbd6d3b948527,limit_spin_density_zero_rect2x3,rect2x3_hole_3,548,20210,0.0009765625
haxs.stage5c2gR32.g1-quadrature.v1,78c453cf41605a05b3ecd78727794b35,38b598d3e08b5e62bc1286b6ae0d12aa,limit_spin_density_zero_rect2x3,rect2x3_hole_3,549,20211,0.0009765625
haxs.stage5c2gR32.g1-quadrature.v1,78c453cf41605a05b3ecd78727794b35,7e38b189010b5d3a963d93a058ed709c,limit_spin_density_zero_rect2x3,rect2x3_hole_3,550,20212,0.0009765625
haxs.stage5c2gR32.g1-quadrature.v1,78c453cf41605a05b3ecd78727794b35,a603d4ae25bb545896ae27c09ba2a924,limit_spin_density_zero_rect2x3,rect2x3_hole_3,551,20213,0.0009765625
haxs.stage5c2gR32.g1-quadrature.v1,78c453cf41605a05b3ecd78727794b35,43febd08c62c5027bd699af6e523a54b,limit_spin_density_zero_rect2x3,rect2x3_hole_3,552,20220,0.0009765625
haxs.stage5c2gR32.g1-quadrature.v1,78c453cf41605a05b3ecd78727794b35,7784c944b5df5c08b10da551a7bfed9a,limit_spin_density_zero_rect2x3,rect2x3_hole_3,553,20221,0.0009765625
haxs.stage5c2gR32.g1-quadrature.v1,78c453cf41605a05b3ecd78727794b35,5d16a7a5014056b6ad1913856f2f030a,limit_spin_density_zero_rect2x3,rect2x3_hole_3,554,20222,0.0009765625
haxs.stage5c2gR32.g1-quadrature.v1,78c453cf41605a05b3ecd78727794b35,360a1f32ce905c5689e1a5aa211581ca,limit_spin_density_zero_rect2x3,rect2x3_hole_3,555,20223,0.0009765625
haxs.stage5c2gR32.g1-quadrature.v1,78c453cf41605a05b3ecd78727794b35,c11a45f5910c5b2eb05bac05f7f81dd7,limit_spin_density_zero_rect2x3,rect2x3_hole_3,556,20230,0.0009765625
haxs.stage5c2gR32.g1-quadrature.v1,78c453cf41605a05b3ecd78727794b35,28e04606b9545e518ca526d26cbd5ab3,limit_spin_density_zero_rect2x3,rect2x3_hole_3,557,20231,0.0009765625
haxs.stage5c2gR32.g1-quadrature.v1,78c453cf41605a05b3ecd78727794b35,f6d146b77eec55d19f130a72c00e6e5e,limit_spin_density_zero_rect2x3,rect2x3_hole_3,558,20232,0.0009765625
haxs.stage5c2gR32.g1-quadrature.v1,78c453cf41605a05b3ecd78727794b35,6c2d1e01f7de586e83d533700fcbe636,limit_spin_density_zero_rect2x3,rect2x3_hole_3,559,20233,0.0009765625
haxs.stage5c2gR32.g1-quadrature.v1,78c453cf41605a05b3ecd78727794b35,e3f3cc5869cf5a2c8eda2230ff11c9f0,limit_spin_density_zero_rect2x3,rect2x3_hole_3,560,20300,0.0009765625
haxs.stage5c2gR32.g1-quadrature.v1,78c453cf41605a05b3ecd78727794b35,d4ef81aa6b995b69a01e6932d62cb4da,limit_spin_density_zero_rect2x3,rect2x3_hole_3,561,20301,0.0009765625
haxs.stage5c2gR32.g1-quadrature.v1,78c453cf41605a05b3ecd78727794b35,b7f5a8df2e975b2a82d30ff180aaf7e4,limit_spin_density_zero_rect2x3,rect2x3_hole_3,562,20302,0.0009765625
haxs.stage5c2gR32.g1-quadrature.v1,78c453cf41605a05b3ecd78727794b35,8617f7f2e1cb58ab8e63af99d5aef8df,limit_spin_density_zero_rect2x3,rect2x3_hole_3,563,20303,0.0009765625
haxs.stage5c2gR32.g1-quadrature.v1,78c453cf41605a05b3ecd78727794b35,acc79cdb3b475d09b8945aa4cfaab44d,limit_spin_density_zero_rect2x3,rect2x3_hole_3,564,20310,0.0009765625
haxs.stage5c2gR32.g1-quadrature.v1,78c453cf41605a05b3ecd78727794b35,049f4add760e5f56babe6a4686117da7,limit_spin_density_zero_rect2x3,rect2x3_hole_3,565,20311,0.0009765625
haxs.stage5c2gR32.g1-quadrature.v1,78c453cf41605a05b3ecd78727794b35,e6cc224d6ac851b3910671bed79bf0d1,limit_spin_density_zero_rect2x3,rect2x3_hole_3,566,20312,0.0009765625
haxs.stage5c2gR32.g1-quadrature.v1,78c453cf41605a05b3ecd78727794b35,f18f9ec84f7656debde99cdb29d1b0e2,limit_spin_density_zero_rect2x3,rect2x3_hole_3,567,20313,0.0009765625
haxs.stage5c2gR32.g1-quadrature.v1,78c453cf41605a05b3ecd78727794b35,0344da134cb45a0fbcaec460e7ae7e01,limit_spin_density_zero_rect2x3,rect2x3_hole_3,568,20320,0.0009765625
haxs.stage5c2gR32.g1-quadrature.v1,78c453cf41605a05b3ecd78727794b35,0e0e2301ab275a8d9a54ce66d582c7dd,limit_spin_density_zero_rect2x3,rect2x3_hole_3,569,20321,0.0009765625
haxs.stage5c2gR32.g1-quadrature.v1,78c453cf41605a05b3ecd78727794b35,601d6333d7845b989c7d0db736968804,limit_spin_density_zero_rect2x3,rect2x3_hole_3,570,20322,0.0009765625
haxs.stage5c2gR32.g1-quadrature.v1,78c453cf41605a05b3ecd78727794b35,1e2b29f85cab5e049b718e321476aafd,limit_spin_density_zero_rect2x3,rect2x3_hole_3,571,20323,0.0009765625
haxs.stage5c2gR32.g1-quadrature.v1,78c453cf41605a05b3ecd78727794b35,82953073ff29525ca382cf5e048cb1cc,limit_spin_density_zero_rect2x3,rect2x3_hole_3,572,20330,0.0009765625
haxs.stage5c2gR32.g1-quadrature.v1,78c453cf41605a05b3ecd78727794b35,535d951c44d251b287135d23821ec14b,limit_spin_density_zero_rect2x3,rect2x3_hole_3,573,20331,0.0009765625
haxs.stage5c2gR32.g1-quadrature.v1,78c453cf41605a05b3ecd78727794b35,3d0a85926e845b00b688af4f84609bc3,limit_spin_density_zero_rect2x3,rect2x3_hole_3,574,20332,0.0009765625
haxs.stage5c2gR32.g1-quadrature.v1,78c453cf41605a05b3ecd78727794b35,4c243e79c28f53aa84619f43aec1d320,limit_spin_density_zero_rect2x3,rect2x3_hole_3,575,20333,0.0009765625
haxs.stage5c2gR32.g1-quadrature.v1,78c453cf41605a05b3ecd78727794b35,2dea6ea71fad5163ad3dcbf4a419ecc4,limit_spin_density_zero_rect2x3,rect2x3_hole_3,576,21000,0.0009765625
haxs.stage5c2gR32.g1-quadrature.v1,78c453cf41605a05b3ecd78727794b35,29f65004cec75efabb6bba0d4c3bae1e,limit_spin_density_zero_rect2x3,rect2x3_hole_3,577,21001,0.0009765625
haxs.stage5c2gR32.g1-quadrature.v1,78c453cf41605a05b3ecd78727794b35,1408d3fcaf375324813924ef6cfc0e44,limit_spin_density_zero_rect2x3,rect2x3_hole_3,578,21002,0.0009765625
haxs.stage5c2gR32.g1-quadrature.v1,78c453cf41605a05b3ecd78727794b35,0864bc2a89b254e58940de5a5a5d8e2f,limit_spin_density_zero_rect2x3,rect2x3_hole_3,579,21003,0.0009765625
haxs.stage5c2gR32.g1-quadrature.v1,78c453cf41605a05b3ecd78727794b35,de1137b5f22a5c0da7405ea0b410c700,limit_spin_density_zero_rect2x3,rect2x3_hole_3,580,21010,0.0009765625
haxs.stage5c2gR32.g1-quadrature.v1,78c453cf41605a05b3ecd78727794b35,708f4ce489f65079a00f81a860a8cc5d,limit_spin_density_zero_rect2x3,rect2x3_hole_3,581,21011,0.0009765625
haxs.stage5c2gR32.g1-quadrature.v1,78c453cf41605a05b3ecd78727794b35,41e050484e72584d95dffe6601800d8a,limit_spin_density_zero_rect2x3,rect2x3_hole_3,582,21012,0.0009765625
haxs.stage5c2gR32.g1-quadrature.v1,78c453cf41605a05b3ecd78727794b35,1d0e9c7911175552ab2fd4e38f7eef29,limit_spin_density_zero_rect2x3,rect2x3_hole_3,583,21013,0.0009765625
haxs.stage5c2gR32.g1-quadrature.v1,78c453cf41605a05b3ecd78727794b35,f9000c4940085b27b8f09f69a6795f41,limit_spin_density_zero_rect2x3,rect2x3_hole_3,584,21020,0.0009765625
haxs.stage5c2gR32.g1-quadrature.v1,78c453cf41605a05b3ecd78727794b35,8f92f45fd05c5244b5ecd61bf7541c49,limit_spin_density_zero_rect2x3,rect2x3_hole_3,585,21021,0.0009765625
haxs.stage5c2gR32.g1-quadrature.v1,78c453cf41605a05b3ecd78727794b35,d6e07bf556ad5e5cb9af10053c427a81,limit_spin_density_zero_rect2x3,rect2x3_hole_3,586,21022,0.0009765625
haxs.stage5c2gR32.g1-quadrature.v1,78c453cf41605a05b3ecd78727794b35,42440e2c713d52bda5efbb78d3e4414b,limit_spin_density_zero_rect2x3,rect2x3_hole_3,587,21023,0.0009765625
haxs.stage5c2gR32.g1-quadrature.v1,78c453cf41605a05b3ecd78727794b35,04eb6b0981e35f70b04755732c8a6297,limit_spin_density_zero_rect2x3,rect2x3_hole_3,588,21030,0.0009765625
haxs.stage5c2gR32.g1-quadrature.v1,78c453cf41605a05b3ecd78727794b35,e8478e41b9e55d469a46d6aeda028f4c,limit_spin_density_zero_rect2x3,rect2x3_hole_3,589,21031,0.0009765625
haxs.stage5c2gR32.g1-quadrature.v1,78c453cf41605a05b3ecd78727794b35,50049ecabff8532182a95e0d92449b0c,limit_spin_density_zero_rect2x3,rect2x3_hole_3,590,21032,0.0009765625
haxs.stage5c2gR32.g1-quadrature.v1,78c453cf41605a05b3ecd78727794b35,14f01c0cd5e45945a2c98e90810e3510,limit_spin_density_zero_rect2x3,rect2x3_hole_3,591,21033,0.0009765625
haxs.stage5c2gR32.g1-quadrature.v1,78c453cf41605a05b3ecd78727794b35,20d55e9ceacd59f792ba3c2bea32eb0b,limit_spin_density_zero_rect2x3,rect2x3_hole_3,592,21100,0.0009765625
haxs.stage5c2gR32.g1-quadrature.v1,78c453cf41605a05b3ecd78727794b35,3a257e352d245802abd9dafbe0f91a7c,limit_spin_density_zero_rect2x3,rect2x3_hole_3,593,21101,0.0009765625
haxs.stage5c2gR32.g1-quadrature.v1,78c453cf41605a05b3ecd78727794b35,4c03c9b73fa255de86a3f3ee13bdd7f8,limit_spin_density_zero_rect2x3,rect2x3_hole_3,594,21102,0.0009765625
haxs.stage5c2gR32.g1-quadrature.v1,78c453cf41605a05b3ecd78727794b35,25955d88b0f357e899619d132a88cdb2,limit_spin_density_zero_rect2x3,rect2x3_hole_3,595,21103,0.0009765625
haxs.stage5c2gR32.g1-quadrature.v1,78c453cf41605a05b3ecd78727794b35,d090558bca7852a091a5b9ac191e6d3b,limit_spin_density_zero_rect2x3,rect2x3_hole_3,596,21110,0.0009765625
haxs.stage5c2gR32.g1-quadrature.v1,78c453cf41605a05b3ecd78727794b35,21ac186f879e5f1c97cbc10357de6ff4,limit_spin_density_zero_rect2x3,rect2x3_hole_3,597,21111,0.0009765625
haxs.stage5c2gR32.g1-quadrature.v1,78c453cf41605a05b3ecd78727794b35,5c12f1bf9f3c51878804982900846fa1,limit_spin_density_zero_rect2x3,rect2x3_hole_3,598,21112,0.0009765625
haxs.stage5c2gR32.g1-quadrature.v1,78c453cf41605a05b3ecd78727794b35,098ca81689065f2689746f2711b88e7b,limit_spin_density_zero_rect2x3,rect2x3_hole_3,599,21113,0.0009765625
haxs.stage5c2gR32.g1-quadrature.v1,78c453cf41605a05b3ecd78727794b35,e64b28b34965591cad47785a0ee80fe5,limit_spin_density_zero_rect2x3,rect2x3_hole_3,600,21120,0.0009765625
haxs.stage5c2gR32.g1-quadrature.v1,78c453cf41605a05b3ecd78727794b35,854b58e282db5419ad52ac20584f3285,limit_spin_density_zero_rect2x3,rect2x3_hole_3,601,21121,0.0009765625
haxs.stage5c2gR32.g1-quadrature.v1,78c453cf41605a05b3ecd78727794b35,16855b81ffd355648dd23424d0192e3d,limit_spin_density_zero_rect2x3,rect2x3_hole_3,602,21122,0.0009765625
haxs.stage5c2gR32.g1-quadrature.v1,78c453cf41605a05b3ecd78727794b35,e097d575887a5db98ca6559104a813ae,limit_spin_density_zero_rect2x3,rect2x3_hole_3,603,21123,0.0009765625
haxs.stage5c2gR32.g1-quadrature.v1,78c453cf41605a05b3ecd78727794b35,005cd0db76325e19a51bc35db9ce3473,limit_spin_density_zero_rect2x3,rect2x3_hole_3,604,21130,0.0009765625
haxs.stage5c2gR32.g1-quadrature.v1,78c453cf41605a05b3ecd78727794b35,aa3a05c307645c70900072fa2a7d120f,limit_spin_density_zero_rect2x3,rect2x3_hole_3,605,21131,0.0009765625
haxs.stage5c2gR32.g1-quadrature.v1,78c453cf41605a05b3ecd78727794b35,241ee02c381e5231a1310680a3a1e4ff,limit_spin_density_zero_rect2x3,rect2x3_hole_3,606,21132,0.0009765625
haxs.stage5c2gR32.g1-quadrature.v1,78c453cf41605a05b3ecd78727794b35,63685cabced3579b8012977e6c279157,limit_spin_density_zero_rect2x3,rect2x3_hole_3,607,21133,0.0009765625
haxs.stage5c2gR32.g1-quadrature.v1,78c453cf41605a05b3ecd78727794b35,e2d47ee1e90756a3ae0d6d0663b1d2f7,limit_spin_density_zero_rect2x3,rect2x3_hole_3,608,21200,0.0009765625
haxs.stage5c2gR32.g1-quadrature.v1,78c453cf41605a05b3ecd78727794b35,04f05fac9d655ac287e654f3e9cf36bc,limit_spin_density_zero_rect2x3,rect2x3_hole_3,609,21201,0.0009765625
haxs.stage5c2gR32.g1-quadrature.v1,78c453cf41605a05b3ecd78727794b35,fe41ac02800c5497906e05ff39204fd8,limit_spin_density_zero_rect2x3,rect2x3_hole_3,610,21202,0.0009765625
haxs.stage5c2gR32.g1-quadrature.v1,78c453cf41605a05b3ecd78727794b35,9891998ae61550aa9edd47faff3413ce,limit_spin_density_zero_rect2x3,rect2x3_hole_3,611,21203,0.0009765625
haxs.stage5c2gR32.g1-quadrature.v1,78c453cf41605a05b3ecd78727794b35,ed50f8b944da51c5a352ad4e181b6f4c,limit_spin_density_zero_rect2x3,rect2x3_hole_3,612,21210,0.0009765625
haxs.stage5c2gR32.g1-quadrature.v1,78c453cf41605a05b3ecd78727794b35,f0a425ab02c05beda725b44a2b970a16,limit_spin_density_zero_rect2x3,rect2x3_hole_3,613,21211,0.0009765625
haxs.stage5c2gR32.g1-quadrature.v1,78c453cf41605a05b3ecd78727794b35,b36828cf12f053b5858be307661eef85,limit_spin_density_zero_rect2x3,rect2x3_hole_3,614,21212,0.0009765625
haxs.stage5c2gR32.g1-quadrature.v1,78c453cf41605a05b3ecd78727794b35,25762c034cbc55edb04a0a34d1d0671e,limit_spin_density_zero_rect2x3,rect2x3_hole_3,615,21213,0.0009765625
haxs.stage5c2gR32.g1-quadrature.v1,78c453cf41605a05b3ecd78727794b35,58f9a9606e745d238efc48fc38242764,limit_spin_density_zero_rect2x3,rect2x3_hole_3,616,21220,0.0009765625
haxs.stage5c2gR32.g1-quadrature.v1,78c453cf41605a05b3ecd78727794b35,591944ecfb36540a90269ebf2e10424d,limit_spin_density_zero_rect2x3,rect2x3_hole_3,617,21221,0.0009765625
haxs.stage5c2gR32.g1-quadrature.v1,78c453cf41605a05b3ecd78727794b35,80bf9888eccf514694d4a5d3e576e622,limit_spin_density_zero_rect2x3,rect2x3_hole_3,618,21222,0.0009765625
haxs.stage5c2gR32.g1-quadrature.v1,78c453cf41605a05b3ecd78727794b35,9ad2a6f5a8005bebbd92413d59305b65,limit_spin_density_zero_rect2x3,rect2x3_hole_3,619,21223,0.0009765625
haxs.stage5c2gR32.g1-quadrature.v1,78c453cf41605a05b3ecd78727794b35,dfa61be632445314bdee03ee7e038698,limit_spin_density_zero_rect2x3,rect2x3_hole_3,620,21230,0.0009765625
haxs.stage5c2gR32.g1-quadrature.v1,78c453cf41605a05b3ecd78727794b35,bcbe336fdced5f97831f342c7d0ede42,limit_spin_density_zero_rect2x3,rect2x3_hole_3,621,21231,0.0009765625
haxs.stage5c2gR32.g1-quadrature.v1,78c453cf41605a05b3ecd78727794b35,39f8f04193605d2b94be8af2c315283a,limit_spin_density_zero_rect2x3,rect2x3_hole_3,622,21232,0.0009765625
haxs.stage5c2gR32.g1-quadrature.v1,78c453cf41605a05b3ecd78727794b35,f98249d0cc3952909fde94cb76ad7052,limit_spin_density_zero_rect2x3,rect2x3_hole_3,623,21233,0.0009765625
haxs.stage5c2gR32.g1-quadrature.v1,78c453cf41605a05b3ecd78727794b35,ac58d66b914652b68da3d5cafe50e230,limit_spin_density_zero_rect2x3,rect2x3_hole_3,624,21300,0.0009765625
haxs.stage5c2gR32.g1-quadrature.v1,78c453cf41605a05b3ecd78727794b35,e03d9d40be9257aa9b39bedd727f967a,limit_spin_density_zero_rect2x3,rect2x3_hole_3,625,21301,0.0009765625
haxs.stage5c2gR32.g1-quadrature.v1,78c453cf41605a05b3ecd78727794b35,4f4c64d72969568f84c8caac2425b124,limit_spin_density_zero_rect2x3,rect2x3_hole_3,626,21302,0.0009765625
haxs.stage5c2gR32.g1-quadrature.v1,78c453cf41605a05b3ecd78727794b35,3a5fb0b4a70c500e9676a7767a21e95f,limit_spin_density_zero_rect2x3,rect2x3_hole_3,627,21303,0.0009765625
haxs.stage5c2gR32.g1-quadrature.v1,78c453cf41605a05b3ecd78727794b35,f1fe49285d5e5cb5b5173247ac0c369f,limit_spin_density_zero_rect2x3,rect2x3_hole_3,628,21310,0.0009765625
haxs.stage5c2gR32.g1-quadrature.v1,78c453cf41605a05b3ecd78727794b35,671fdb2db4f954aa8649f99e4e7af29b,limit_spin_density_zero_rect2x3,rect2x3_hole_3,629,21311,0.0009765625
haxs.stage5c2gR32.g1-quadrature.v1,78c453cf41605a05b3ecd78727794b35,e5740163a55f58658b6fd940134fcb9a,limit_spin_density_zero_rect2x3,rect2x3_hole_3,630,21312,0.0009765625
haxs.stage5c2gR32.g1-quadrature.v1,78c453cf41605a05b3ecd78727794b35,37fbef637c555b078ba462b76c4fe2aa,limit_spin_density_zero_rect2x3,rect2x3_hole_3,631,21313,0.0009765625
haxs.stage5c2gR32.g1-quadrature.v1,78c453cf41605a05b3ecd78727794b35,ac3d4f95ca8e504db136b5b3362a6c01,limit_spin_density_zero_rect2x3,rect2x3_hole_3,632,21320,0.0009765625
haxs.stage5c2gR32.g1-quadrature.v1,78c453cf41605a05b3ecd78727794b35,1983fc6c11175ed8940eb7a52c54d653,limit_spin_density_zero_rect2x3,rect2x3_hole_3,633,21321,0.0009765625
haxs.stage5c2gR32.g1-quadrature.v1,78c453cf41605a05b3ecd78727794b35,aeb268dd8e8f58ed918521f2d1f1574c,limit_spin_density_zero_rect2x3,rect2x3_hole_3,634,21322,0.0009765625
haxs.stage5c2gR32.g1-quadrature.v1,78c453cf41605a05b3ecd78727794b35,c6ccc656c8165947a2a7e89e93ea7509,limit_spin_density_zero_rect2x3,rect2x3_hole_3,635,21323,0.0009765625
haxs.stage5c2gR32.g1-quadrature.v1,78c453cf41605a05b3ecd78727794b35,ca960878ae5e57238a3ffccf4fc4e0ff,limit_spin_density_zero_rect2x3,rect2x3_hole_3,636,21330,0.0009765625
haxs.stage5c2gR32.g1-quadrature.v1,78c453cf41605a05b3ecd78727794b35,931d826eb0de522dba4adeadd457fd1e,limit_spin_density_zero_rect2x3,rect2x3_hole_3,637,21331,0.0009765625
haxs.stage5c2gR32.g1-quadrature.v1,78c453cf41605a05b3ecd78727794b35,84786bddb480578db89ae0d78abd4a57,limit_spin_density_zero_rect2x3,rect2x3_hole_3,638,21332,0.0009765625
haxs.stage5c2gR32.g1-quadrature.v1,78c453cf41605a05b3ecd78727794b35,42cd49d52c6c511ead58475d496b88bc,limit_spin_density_zero_rect2x3,rect2x3_hole_3,639,21333,0.0009765625
haxs.stage5c2gR32.g1-quadrature.v1,78c453cf41605a05b3ecd78727794b35,8f80ad26be7c543ea7811794c0c0b45d,limit_spin_density_zero_rect2x3,rect2x3_hole_3,640,22000,0.0009765625
haxs.stage5c2gR32.g1-quadrature.v1,78c453cf41605a05b3ecd78727794b35,81fc5210429c5e61a7f20be1a736bbfa,limit_spin_density_zero_rect2x3,rect2x3_hole_3,641,22001,0.0009765625
haxs.stage5c2gR32.g1-quadrature.v1,78c453cf41605a05b3ecd78727794b35,6b137abe773d5e699629e76e7f322d3a,limit_spin_density_zero_rect2x3,rect2x3_hole_3,642,22002,0.0009765625
haxs.stage5c2gR32.g1-quadrature.v1,78c453cf41605a05b3ecd78727794b35,c202133e33b655ef88b6b34c57930ae7,limit_spin_density_zero_rect2x3,rect2x3_hole_3,643,22003,0.0009765625
haxs.stage5c2gR32.g1-quadrature.v1,78c453cf41605a05b3ecd78727794b35,b21f0e5e6a5f5e95965538d178997257,limit_spin_density_zero_rect2x3,rect2x3_hole_3,644,22010,0.0009765625
haxs.stage5c2gR32.g1-quadrature.v1,78c453cf41605a05b3ecd78727794b35,f3a4bf0f48515b449659dd91750c5391,limit_spin_density_zero_rect2x3,rect2x3_hole_3,645,22011,0.0009765625
haxs.stage5c2gR32.g1-quadrature.v1,78c453cf41605a05b3ecd78727794b35,153b2c0c8f175795ac32fbe5f8b2096a,limit_spin_density_zero_rect2x3,rect2x3_hole_3,646,22012,0.0009765625
haxs.stage5c2gR32.g1-quadrature.v1,78c453cf41605a05b3ecd78727794b35,015e3ebdd4475a1a85a244141c131bb3,limit_spin_density_zero_rect2x3,rect2x3_hole_3,647,22013,0.0009765625
haxs.stage5c2gR32.g1-quadrature.v1,78c453cf41605a05b3ecd78727794b35,138682b2512a5e53b12347059e838d0e,limit_spin_density_zero_rect2x3,rect2x3_hole_3,648,22020,0.0009765625
haxs.stage5c2gR32.g1-quadrature.v1,78c453cf41605a05b3ecd78727794b35,2b48688ba89850ab886658487ba28c4b,limit_spin_density_zero_rect2x3,rect2x3_hole_3,649,22021,0.0009765625
haxs.stage5c2gR32.g1-quadrature.v1,78c453cf41605a05b3ecd78727794b35,77800b254b625319aee2659c84486728,limit_spin_density_zero_rect2x3,rect2x3_hole_3,650,22022,0.0009765625
haxs.stage5c2gR32.g1-quadrature.v1,78c453cf41605a05b3ecd78727794b35,cc4d8843e9505da2a8b0f0f6633f3481,limit_spin_density_zero_rect2x3,rect2x3_hole_3,651,22023,0.0009765625
haxs.stage5c2gR32.g1-quadrature.v1,78c453cf41605a05b3ecd78727794b35,b800cc68efe056218cc3c3b04adccddb,limit_spin_density_zero_rect2x3,rect2x3_hole_3,652,22030,0.0009765625
haxs.stage5c2gR32.g1-quadrature.v1,78c453cf41605a05b3ecd78727794b35,6c5e03b4a9685488b169719b387b9c80,limit_spin_density_zero_rect2x3,rect2x3_hole_3,653,22031,0.0009765625
haxs.stage5c2gR32.g1-quadrature.v1,78c453cf41605a05b3ecd78727794b35,844f9546d0ce55e38c746456ee7d30f5,limit_spin_density_zero_rect2x3,rect2x3_hole_3,654,22032,0.0009765625
haxs.stage5c2gR32.g1-quadrature.v1,78c453cf41605a05b3ecd78727794b35,0c11c5cfb0f75c1185ab3c6c291cb4bc,limit_spin_density_zero_rect2x3,rect2x3_hole_3,655,22033,0.0009765625
haxs.stage5c2gR32.g1-quadrature.v1,78c453cf41605a05b3ecd78727794b35,49922503c1a450f5b70b3343b7332198,limit_spin_density_zero_rect2x3,rect2x3_hole_3,656,22100,0.0009765625
haxs.stage5c2gR32.g1-quadrature.v1,78c453cf41605a05b3ecd78727794b35,3e92503062ba53bcb29e7d92a6b81265,limit_spin_density_zero_rect2x3,rect2x3_hole_3,657,22101,0.0009765625
haxs.stage5c2gR32.g1-quadrature.v1,78c453cf41605a05b3ecd78727794b35,7228ee9a079e5c018e645ad43ead90be,limit_spin_density_zero_rect2x3,rect2x3_hole_3,658,22102,0.0009765625
haxs.stage5c2gR32.g1-quadrature.v1,78c453cf41605a05b3ecd78727794b35,eb30527e68ce55cc9e221eba28ea2067,limit_spin_density_zero_rect2x3,rect2x3_hole_3,659,22103,0.0009765625
haxs.stage5c2gR32.g1-quadrature.v1,78c453cf41605a05b3ecd78727794b35,6dbf37ccea405cabb41b6e6bad80cdd0,limit_spin_density_zero_rect2x3,rect2x3_hole_3,660,22110,0.0009765625
haxs.stage5c2gR32.g1-quadrature.v1,78c453cf41605a05b3ecd78727794b35,baf05991fbb053fa91efd8c977bb6fb1,limit_spin_density_zero_rect2x3,rect2x3_hole_3,661,22111,0.0009765625
haxs.stage5c2gR32.g1-quadrature.v1,78c453cf41605a05b3ecd78727794b35,892a20f8644f51b994645d3a6e19c23a,limit_spin_density_zero_rect2x3,rect2x3_hole_3,662,22112,0.0009765625
haxs.stage5c2gR32.g1-quadrature.v1,78c453cf41605a05b3ecd78727794b35,72ebcabc75175b0e812f1894a14574f2,limit_spin_density_zero_rect2x3,rect2x3_hole_3,663,22113,0.0009765625
haxs.stage5c2gR32.g1-quadrature.v1,78c453cf41605a05b3ecd78727794b35,477e7f25852555579d99a2c34c77e960,limit_spin_density_zero_rect2x3,rect2x3_hole_3,664,22120,0.0009765625
haxs.stage5c2gR32.g1-quadrature.v1,78c453cf41605a05b3ecd78727794b35,55788457e4a85292959d7c7b78880cb5,limit_spin_density_zero_rect2x3,rect2x3_hole_3,665,22121,0.0009765625
haxs.stage5c2gR32.g1-quadrature.v1,78c453cf41605a05b3ecd78727794b35,df9ef1dcb97852b2bf90cf06ccb4da25,limit_spin_density_zero_rect2x3,rect2x3_hole_3,666,22122,0.0009765625
haxs.stage5c2gR32.g1-quadrature.v1,78c453cf41605a05b3ecd78727794b35,9ec6157776ca506993f700b8dc33af49,limit_spin_density_zero_rect2x3,rect2x3_hole_3,667,22123,0.0009765625
haxs.stage5c2gR32.g1-quadrature.v1,78c453cf41605a05b3ecd78727794b35,f0883b7fc89a577fbc6682ace135e7eb,limit_spin_density_zero_rect2x3,rect2x3_hole_3,668,22130,0.0009765625
haxs.stage5c2gR32.g1-quadrature.v1,78c453cf41605a05b3ecd78727794b35,ff90719b9f1b544b91b68cd7dd213c8c,limit_spin_density_zero_rect2x3,rect2x3_hole_3,669,22131,0.0009765625
haxs.stage5c2gR32.g1-quadrature.v1,78c453cf41605a05b3ecd78727794b35,c2e46850e92a5c5ca565e4922e36dadf,limit_spin_density_zero_rect2x3,rect2x3_hole_3,670,22132,0.0009765625
haxs.stage5c2gR32.g1-quadrature.v1,78c453cf41605a05b3ecd78727794b35,8a3cc5e1b4575dd99d644e68c42ddaa5,limit_spin_density_zero_rect2x3,rect2x3_hole_3,671,22133,0.0009765625
haxs.stage5c2gR32.g1-quadrature.v1,78c453cf41605a05b3ecd78727794b35,26b27f3ce61e5cb7b65a96dca6554c8d,limit_spin_density_zero_rect2x3,rect2x3_hole_3,672,22200,0.0009765625
haxs.stage5c2gR32.g1-quadrature.v1,78c453cf41605a05b3ecd78727794b35,dd196276deea507bb213be31a888bf69,limit_spin_density_zero_rect2x3,rect2x3_hole_3,673,22201,0.0009765625
haxs.stage5c2gR32.g1-quadrature.v1,78c453cf41605a05b3ecd78727794b35,c9e70aa33d0e5c08a596aaf29fc16e11,limit_spin_density_zero_rect2x3,rect2x3_hole_3,674,22202,0.0009765625
haxs.stage5c2gR32.g1-quadrature.v1,78c453cf41605a05b3ecd78727794b35,3443b962940e544291d1f418a9ad5e17,limit_spin_density_zero_rect2x3,rect2x3_hole_3,675,22203,0.0009765625
haxs.stage5c2gR32.g1-quadrature.v1,78c453cf41605a05b3ecd78727794b35,66c579e37820580c8f9f1120f2b5678c,limit_spin_density_zero_rect2x3,rect2x3_hole_3,676,22210,0.0009765625
haxs.stage5c2gR32.g1-quadrature.v1,78c453cf41605a05b3ecd78727794b35,78d6efb0ccae5376a71b8975bcc167f5,limit_spin_density_zero_rect2x3,rect2x3_hole_3,677,22211,0.0009765625
haxs.stage5c2gR32.g1-quadrature.v1,78c453cf41605a05b3ecd78727794b35,bede5f07025e5f67945592ee4d52b1e9,limit_spin_density_zero_rect2x3,rect2x3_hole_3,678,22212,0.0009765625
haxs.stage5c2gR32.g1-quadrature.v1,78c453cf41605a05b3ecd78727794b35,16855a26941e5a2c9146fd9db7b6a4aa,limit_spin_density_zero_rect2x3,rect2x3_hole_3,679,22213,0.0009765625
haxs.stage5c2gR32.g1-quadrature.v1,78c453cf41605a05b3ecd78727794b35,7197bf586bd557a395ca9363852e7373,limit_spin_density_zero_rect2x3,rect2x3_hole_3,680,22220,0.0009765625
haxs.stage5c2gR32.g1-quadrature.v1,78c453cf41605a05b3ecd78727794b35,3c8bc3b8de5350f5b766053d1c2456af,limit_spin_density_zero_rect2x3,rect2x3_hole_3,681,22221,0.0009765625
haxs.stage5c2gR32.g1-quadrature.v1,78c453cf41605a05b3ecd78727794b35,ed6b6fed3ebd567e8e23c50fac26d59c,limit_spin_density_zero_rect2x3,rect2x3_hole_3,682,22222,0.0009765625
haxs.stage5c2gR32.g1-quadrature.v1,78c453cf41605a05b3ecd78727794b35,ef054d9b878454e9929944afa760d150,limit_spin_density_zero_rect2x3,rect2x3_hole_3,683,22223,0.0009765625
haxs.stage5c2gR32.g1-quadrature.v1,78c453cf41605a05b3ecd78727794b35,71ea7cc522f656cfa1bbab89843b0eb6,limit_spin_density_zero_rect2x3,rect2x3_hole_3,684,22230,0.0009765625
haxs.stage5c2gR32.g1-quadrature.v1,78c453cf41605a05b3ecd78727794b35,b35ed2c2c8b95e8382d3a60d94aa3c16,limit_spin_density_zero_rect2x3,rect2x3_hole_3,685,22231,0.0009765625
haxs.stage5c2gR32.g1-quadrature.v1,78c453cf41605a05b3ecd78727794b35,b1bbfac15b9b5600baab45f9e1bc08ad,limit_spin_density_zero_rect2x3,rect2x3_hole_3,686,22232,0.0009765625
haxs.stage5c2gR32.g1-quadrature.v1,78c453cf41605a05b3ecd78727794b35,87181fc9cb2152449168c90dc7035f95,limit_spin_density_zero_rect2x3,rect2x3_hole_3,687,22233,0.0009765625
haxs.stage5c2gR32.g1-quadrature.v1,78c453cf41605a05b3ecd78727794b35,6878ff1eac7751c6838f27c5757fdacc,limit_spin_density_zero_rect2x3,rect2x3_hole_3,688,22300,0.0009765625
haxs.stage5c2gR32.g1-quadrature.v1,78c453cf41605a05b3ecd78727794b35,e740e8e07dd750d0bb8021a539a37435,limit_spin_density_zero_rect2x3,rect2x3_hole_3,689,22301,0.0009765625
haxs.stage5c2gR32.g1-quadrature.v1,78c453cf41605a05b3ecd78727794b35,51697415587e5d3d830ef740a2da9d76,limit_spin_density_zero_rect2x3,rect2x3_hole_3,690,22302,0.0009765625
haxs.stage5c2gR32.g1-quadrature.v1,78c453cf41605a05b3ecd78727794b35,a86b732b57945f259183cf9066a5f5de,limit_spin_density_zero_rect2x3,rect2x3_hole_3,691,22303,0.0009765625
haxs.stage5c2gR32.g1-quadrature.v1,78c453cf41605a05b3ecd78727794b35,d2f5581844a75370a0e4825ec1d7757e,limit_spin_density_zero_rect2x3,rect2x3_hole_3,692,22310,0.0009765625
haxs.stage5c2gR32.g1-quadrature.v1,78c453cf41605a05b3ecd78727794b35,1c8b0e3453f85299b326045e514607d9,limit_spin_density_zero_rect2x3,rect2x3_hole_3,693,22311,0.0009765625
haxs.stage5c2gR32.g1-quadrature.v1,78c453cf41605a05b3ecd78727794b35,52f8defea3da557f8179b2c7c6374acb,limit_spin_density_zero_rect2x3,rect2x3_hole_3,694,22312,0.0009765625
haxs.stage5c2gR32.g1-quadrature.v1,78c453cf41605a05b3ecd78727794b35,ca951d03ac965ee8a85ac39be7e6dde5,limit_spin_density_zero_rect2x3,rect2x3_hole_3,695,22313,0.0009765625
haxs.stage5c2gR32.g1-quadrature.v1,78c453cf41605a05b3ecd78727794b35,b4e0301e794c55a78536b3ffd92800b3,limit_spin_density_zero_rect2x3,rect2x3_hole_3,696,22320,0.0009765625
haxs.stage5c2gR32.g1-quadrature.v1,78c453cf41605a05b3ecd78727794b35,5e2182269c005b5ea932bbc514524df2,limit_spin_density_zero_rect2x3,rect2x3_hole_3,697,22321,0.0009765625
haxs.stage5c2gR32.g1-quadrature.v1,78c453cf41605a05b3ecd78727794b35,a2d80af78b705ea3862d5bf183c8dd0e,limit_spin_density_zero_rect2x3,rect2x3_hole_3,698,22322,0.0009765625
haxs.stage5c2gR32.g1-quadrature.v1,78c453cf41605a05b3ecd78727794b35,b8143240a54f541d886a876e2c60998d,limit_spin_density_zero_rect2x3,rect2x3_hole_3,699,22323,0.0009765625
haxs.stage5c2gR32.g1-quadrature.v1,78c453cf41605a05b3ecd78727794b35,0bc02c27fa3358268ca778877fdf5e80,limit_spin_density_zero_rect2x3,rect2x3_hole_3,700,22330,0.0009765625
haxs.stage5c2gR32.g1-quadrature.v1,78c453cf41605a05b3ecd78727794b35,545409f6f0c75928823f59769c4024d0,limit_spin_density_zero_rect2x3,rect2x3_hole_3,701,22331,0.0009765625
haxs.stage5c2gR32.g1-quadrature.v1,78c453cf41605a05b3ecd78727794b35,fb6591b14b3e58f38b9cc9971e32164f,limit_spin_density_zero_rect2x3,rect2x3_hole_3,702,22332,0.0009765625
haxs.stage5c2gR32.g1-quadrature.v1,78c453cf41605a05b3ecd78727794b35,70b43b4b35ba5fad883304975775e7c0,limit_spin_density_zero_rect2x3,rect2x3_hole_3,703,22333,0.0009765625
haxs.stage5c2gR32.g1-quadrature.v1,78c453cf41605a05b3ecd78727794b35,c30f6733454a5f3582c71e19f5df3ea1,limit_spin_density_zero_rect2x3,rect2x3_hole_3,704,23000,0.0009765625
haxs.stage5c2gR32.g1-quadrature.v1,78c453cf41605a05b3ecd78727794b35,56cdfdd4755d5f79a23df562cd139b4b,limit_spin_density_zero_rect2x3,rect2x3_hole_3,705,23001,0.0009765625
haxs.stage5c2gR32.g1-quadrature.v1,78c453cf41605a05b3ecd78727794b35,a14909b01c1b5c5294c3eb7681a826cd,limit_spin_density_zero_rect2x3,rect2x3_hole_3,706,23002,0.0009765625
haxs.stage5c2gR32.g1-quadrature.v1,78c453cf41605a05b3ecd78727794b35,57c7ae0bc7855a71a7acffdc89368609,limit_spin_density_zero_rect2x3,rect2x3_hole_3,707,23003,0.0009765625
haxs.stage5c2gR32.g1-quadrature.v1,78c453cf41605a05b3ecd78727794b35,844168bd28b35d39b55c3bfed4d52049,limit_spin_density_zero_rect2x3,rect2x3_hole_3,708,23010,0.0009765625
haxs.stage5c2gR32.g1-quadrature.v1,78c453cf41605a05b3ecd78727794b35,e161bc0a14c9522c83474f5b1d0407dc,limit_spin_density_zero_rect2x3,rect2x3_hole_3,709,23011,0.0009765625
haxs.stage5c2gR32.g1-quadrature.v1,78c453cf41605a05b3ecd78727794b35,70b991ba7c1a54198859e1aaeb357f77,limit_spin_density_zero_rect2x3,rect2x3_hole_3,710,23012,0.0009765625
haxs.stage5c2gR32.g1-quadrature.v1,78c453cf41605a05b3ecd78727794b35,e350ab4cb5a251b0950c23f872625166,limit_spin_density_zero_rect2x3,rect2x3_hole_3,711,23013,0.0009765625
haxs.stage5c2gR32.g1-quadrature.v1,78c453cf41605a05b3ecd78727794b35,aae9343e764f5ae8b32309aa8ebe0cd6,limit_spin_density_zero_rect2x3,rect2x3_hole_3,712,23020,0.0009765625
haxs.stage5c2gR32.g1-quadrature.v1,78c453cf41605a05b3ecd78727794b35,98d089368a7d5121ad326ad2c0fdd27f,limit_spin_density_zero_rect2x3,rect2x3_hole_3,713,23021,0.0009765625
haxs.stage5c2gR32.g1-quadrature.v1,78c453cf41605a05b3ecd78727794b35,4a8ae7eb86f55d458697e2a34a510926,limit_spin_density_zero_rect2x3,rect2x3_hole_3,714,23022,0.0009765625
haxs.stage5c2gR32.g1-quadrature.v1,78c453cf41605a05b3ecd78727794b35,f10fcc117c0253b3868393fda194beab,limit_spin_density_zero_rect2x3,rect2x3_hole_3,715,23023,0.0009765625
haxs.stage5c2gR32.g1-quadrature.v1,78c453cf41605a05b3ecd78727794b35,931ff6791c28580a9d2f1f1836c3b603,limit_spin_density_zero_rect2x3,rect2x3_hole_3,716,23030,0.0009765625
haxs.stage5c2gR32.g1-quadrature.v1,78c453cf41605a05b3ecd78727794b35,554971a3604157c48937394ddcc3f003,limit_spin_density_zero_rect2x3,rect2x3_hole_3,717,23031,0.0009765625
haxs.stage5c2gR32.g1-quadrature.v1,78c453cf41605a05b3ecd78727794b35,b04516849d76588b84412b114d7bfa1f,limit_spin_density_zero_rect2x3,rect2x3_hole_3,718,23032,0.0009765625
haxs.stage5c2gR32.g1-quadrature.v1,78c453cf41605a05b3ecd78727794b35,a30f61d66c4850c29f3051cb75aacd68,limit_spin_density_zero_rect2x3,rect2x3_hole_3,719,23033,0.0009765625
haxs.stage5c2gR32.g1-quadrature.v1,78c453cf41605a05b3ecd78727794b35,d0d63f83419256a3b65c0b1f8837159f,limit_spin_density_zero_rect2x3,rect2x3_hole_3,720,23100,0.0009765625
haxs.stage5c2gR32.g1-quadrature.v1,78c453cf41605a05b3ecd78727794b35,a520dbce9c1552ecaacc5c5532293c09,limit_spin_density_zero_rect2x3,rect2x3_hole_3,721,23101,0.0009765625
haxs.stage5c2gR32.g1-quadrature.v1,78c453cf41605a05b3ecd78727794b35,0178accf1ffb507db40dbf6d22cb7b73,limit_spin_density_zero_rect2x3,rect2x3_hole_3,722,23102,0.0009765625
haxs.stage5c2gR32.g1-quadrature.v1,78c453cf41605a05b3ecd78727794b35,867eb48aaefc55f4aad31127fbbaa032,limit_spin_density_zero_rect2x3,rect2x3_hole_3,723,23103,0.0009765625
haxs.stage5c2gR32.g1-quadrature.v1,78c453cf41605a05b3ecd78727794b35,5501a77ac4775ceb8da9e36c066e6345,limit_spin_density_zero_rect2x3,rect2x3_hole_3,724,23110,0.0009765625
haxs.stage5c2gR32.g1-quadrature.v1,78c453cf41605a05b3ecd78727794b35,791e2ff2b86b509fb60cd8e5b8e34102,limit_spin_density_zero_rect2x3,rect2x3_hole_3,725,23111,0.0009765625
haxs.stage5c2gR32.g1-quadrature.v1,78c453cf41605a05b3ecd78727794b35,f95e099b91b65ea29ced09be9d86ce18,limit_spin_density_zero_rect2x3,rect2x3_hole_3,726,23112,0.0009765625
haxs.stage5c2gR32.g1-quadrature.v1,78c453cf41605a05b3ecd78727794b35,4be7d4bc4de85e848c90772bf0ba704b,limit_spin_density_zero_rect2x3,rect2x3_hole_3,727,23113,0.0009765625
haxs.stage5c2gR32.g1-quadrature.v1,78c453cf41605a05b3ecd78727794b35,630ee1ddd0515987a244566de5f60b37,limit_spin_density_zero_rect2x3,rect2x3_hole_3,728,23120,0.0009765625
haxs.stage5c2gR32.g1-quadrature.v1,78c453cf41605a05b3ecd78727794b35,8372819731ae5c1e9181f58c73f29e9b,limit_spin_density_zero_rect2x3,rect2x3_hole_3,729,23121,0.0009765625
haxs.stage5c2gR32.g1-quadrature.v1,78c453cf41605a05b3ecd78727794b35,678206cf24c4580883f6bf84ac875381,limit_spin_density_zero_rect2x3,rect2x3_hole_3,730,23122,0.0009765625
haxs.stage5c2gR32.g1-quadrature.v1,78c453cf41605a05b3ecd78727794b35,c5fcfa98ad6e5f53a81655c47619f1f5,limit_spin_density_zero_rect2x3,rect2x3_hole_3,731,23123,0.0009765625
haxs.stage5c2gR32.g1-quadrature.v1,78c453cf41605a05b3ecd78727794b35,baea7be64d6a54b39064643f845374e7,limit_spin_density_zero_rect2x3,rect2x3_hole_3,732,23130,0.0009765625
haxs.stage5c2gR32.g1-quadrature.v1,78c453cf41605a05b3ecd78727794b35,34ac73ba0b56538cad915fefe3769e41,limit_spin_density_zero_rect2x3,rect2x3_hole_3,733,23131,0.0009765625
haxs.stage5c2gR32.g1-quadrature.v1,78c453cf41605a05b3ecd78727794b35,f211c3594fcd56ce89f88efb7120382c,limit_spin_density_zero_rect2x3,rect2x3_hole_3,734,23132,0.0009765625
haxs.stage5c2gR32.g1-quadrature.v1,78c453cf41605a05b3ecd78727794b35,f2830d95ff3e54ea8707358623030656,limit_spin_density_zero_rect2x3,rect2x3_hole_3,735,23133,0.0009765625
haxs.stage5c2gR32.g1-quadrature.v1,78c453cf41605a05b3ecd78727794b35,480c6f07e1dc50d2a20e1ee922c42068,limit_spin_density_zero_rect2x3,rect2x3_hole_3,736,23200,0.0009765625
haxs.stage5c2gR32.g1-quadrature.v1,78c453cf41605a05b3ecd78727794b35,02c370aa482e5936b273de5d5b7dcd4d,limit_spin_density_zero_rect2x3,rect2x3_hole_3,737,23201,0.0009765625
haxs.stage5c2gR32.g1-quadrature.v1,78c453cf41605a05b3ecd78727794b35,611041804664594d8ba75db31699cb6a,limit_spin_density_zero_rect2x3,rect2x3_hole_3,738,23202,0.0009765625
haxs.stage5c2gR32.g1-quadrature.v1,78c453cf41605a05b3ecd78727794b35,4e399b92526951d6b8a7173d7f1ea612,limit_spin_density_zero_rect2x3,rect2x3_hole_3,739,23203,0.0009765625
haxs.stage5c2gR32.g1-quadrature.v1,78c453cf41605a05b3ecd78727794b35,5c081778aed25f0483cc4014506b7f2a,limit_spin_density_zero_rect2x3,rect2x3_hole_3,740,23210,0.0009765625
haxs.stage5c2gR32.g1-quadrature.v1,78c453cf41605a05b3ecd78727794b35,a56a246c98e250a59bfd1e51706494c6,limit_spin_density_zero_rect2x3,rect2x3_hole_3,741,23211,0.0009765625
haxs.stage5c2gR32.g1-quadrature.v1,78c453cf41605a05b3ecd78727794b35,fe74e2cfdf0855e894d41dac8c8c2c46,limit_spin_density_zero_rect2x3,rect2x3_hole_3,742,23212,0.0009765625
haxs.stage5c2gR32.g1-quadrature.v1,78c453cf41605a05b3ecd78727794b35,673e56c21ac75309afe95303e4c12884,limit_spin_density_zero_rect2x3,rect2x3_hole_3,743,23213,0.0009765625
haxs.stage5c2gR32.g1-quadrature.v1,78c453cf41605a05b3ecd78727794b35,46bb5969a5be53bc866e1f8d1a269d58,limit_spin_density_zero_rect2x3,rect2x3_hole_3,744,23220,0.0009765625
haxs.stage5c2gR32.g1-quadrature.v1,78c453cf41605a05b3ecd78727794b35,c4ac70aebc705592b1822f54cc75c7e1,limit_spin_density_zero_rect2x3,rect2x3_hole_3,745,23221,0.0009765625
haxs.stage5c2gR32.g1-quadrature.v1,78c453cf41605a05b3ecd78727794b35,74d44c3b7e5155dc9f7c5031b482e463,limit_spin_density_zero_rect2x3,rect2x3_hole_3,746,23222,0.0009765625
haxs.stage5c2gR32.g1-quadrature.v1,78c453cf41605a05b3ecd78727794b35,20b408d5283f5d73823a0a2675af0c6a,limit_spin_density_zero_rect2x3,rect2x3_hole_3,747,23223,0.0009765625
haxs.stage5c2gR32.g1-quadrature.v1,78c453cf41605a05b3ecd78727794b35,b59e635127bd50c98b3de717b690f638,limit_spin_density_zero_rect2x3,rect2x3_hole_3,748,23230,0.0009765625
haxs.stage5c2gR32.g1-quadrature.v1,78c453cf41605a05b3ecd78727794b35,0c4560f11f9a5f94a557fee67e31fc49,limit_spin_density_zero_rect2x3,rect2x3_hole_3,749,23231,0.0009765625
haxs.stage5c2gR32.g1-quadrature.v1,78c453cf41605a05b3ecd78727794b35,ba3202d23eda5d8baf7a63d5b9b9d1d5,limit_spin_density_zero_rect2x3,rect2x3_hole_3,750,23232,0.0009765625
haxs.stage5c2gR32.g1-quadrature.v1,78c453cf41605a05b3ecd78727794b35,bdb5c89f88cf50cbaff5eadab1cc4276,limit_spin_density_zero_rect2x3,rect2x3_hole_3,751,23233,0.0009765625
haxs.stage5c2gR32.g1-quadrature.v1,78c453cf41605a05b3ecd78727794b35,d246386106605a28beaf5675e8650f85,limit_spin_density_zero_rect2x3,rect2x3_hole_3,752,23300,0.0009765625
haxs.stage5c2gR32.g1-quadrature.v1,78c453cf41605a05b3ecd78727794b35,5b7d36833401547fa3e83a50fcdc03b9,limit_spin_density_zero_rect2x3,rect2x3_hole_3,753,23301,0.0009765625
haxs.stage5c2gR32.g1-quadrature.v1,78c453cf41605a05b3ecd78727794b35,34f8e023a1135d839e0c28633401867c,limit_spin_density_zero_rect2x3,rect2x3_hole_3,754,23302,0.0009765625
haxs.stage5c2gR32.g1-quadrature.v1,78c453cf41605a05b3ecd78727794b35,c945bbdebdf2548c8a938afd344e65d1,limit_spin_density_zero_rect2x3,rect2x3_hole_3,755,23303,0.0009765625
haxs.stage5c2gR32.g1-quadrature.v1,78c453cf41605a05b3ecd78727794b35,1c36c7f662c855f2b7929bc86b74a08b,limit_spin_density_zero_rect2x3,rect2x3_hole_3,756,23310,0.0009765625
haxs.stage5c2gR32.g1-quadrature.v1,78c453cf41605a05b3ecd78727794b35,438c57a6146c509dbfa0f73b82aaec95,limit_spin_density_zero_rect2x3,rect2x3_hole_3,757,23311,0.0009765625
haxs.stage5c2gR32.g1-quadrature.v1,78c453cf41605a05b3ecd78727794b35,63a60563de4f5332a2b07cc4a2b75da5,limit_spin_density_zero_rect2x3,rect2x3_hole_3,758,23312,0.0009765625
haxs.stage5c2gR32.g1-quadrature.v1,78c453cf41605a05b3ecd78727794b35,7a4100fe659157e19593344c1788ef6b,limit_spin_density_zero_rect2x3,rect2x3_hole_3,759,23313,0.0009765625
haxs.stage5c2gR32.g1-quadrature.v1,78c453cf41605a05b3ecd78727794b35,21d53a5fd7b05e98ad339de40002c161,limit_spin_density_zero_rect2x3,rect2x3_hole_3,760,23320,0.0009765625
haxs.stage5c2gR32.g1-quadrature.v1,78c453cf41605a05b3ecd78727794b35,bb4ba8ad87a556229f236af13a035634,limit_spin_density_zero_rect2x3,rect2x3_hole_3,761,23321,0.0009765625
haxs.stage5c2gR32.g1-quadrature.v1,78c453cf41605a05b3ecd78727794b35,86c2b8ec6fee55b0bf385c4f753f6fd3,limit_spin_density_zero_rect2x3,rect2x3_hole_3,762,23322,0.0009765625
haxs.stage5c2gR32.g1-quadrature.v1,78c453cf41605a05b3ecd78727794b35,8b7673c1e9725db49ad7ef3b5c100eea,limit_spin_density_zero_rect2x3,rect2x3_hole_3,763,23323,0.0009765625
haxs.stage5c2gR32.g1-quadrature.v1,78c453cf41605a05b3ecd78727794b35,19b3e2a3e0e357238686daa139f2d071,limit_spin_density_zero_rect2x3,rect2x3_hole_3,764,23330,0.0009765625
haxs.stage5c2gR32.g1-quadrature.v1,78c453cf41605a05b3ecd78727794b35,1c61d5387d9d50308dfedbb882f36d06,limit_spin_density_zero_rect2x3,rect2x3_hole_3,765,23331,0.0009765625
haxs.stage5c2gR32.g1-quadrature.v1,78c453cf41605a05b3ecd78727794b35,b55b2d9599c25abcb287842ec9355397,limit_spin_density_zero_rect2x3,rect2x3_hole_3,766,23332,0.0009765625
haxs.stage5c2gR32.g1-quadrature.v1,78c453cf41605a05b3ecd78727794b35,79303e6387845372837d6120f486c932,limit_spin_density_zero_rect2x3,rect2x3_hole_3,767,23333,0.0009765625
haxs.stage5c2gR32.g1-quadrature.v1,78c453cf41605a05b3ecd78727794b35,e63e10ca4cad565dbd942d68bdd8cbf2,limit_spin_density_zero_rect2x3,rect2x3_hole_3,768,30000,0.0009765625
haxs.stage5c2gR32.g1-quadrature.v1,78c453cf41605a05b3ecd78727794b35,a43939108cae5dd1b4cd28288b28ad29,limit_spin_density_zero_rect2x3,rect2x3_hole_3,769,30001,0.0009765625
haxs.stage5c2gR32.g1-quadrature.v1,78c453cf41605a05b3ecd78727794b35,0e44e4af43a2552c8f4199f025b5befd,limit_spin_density_zero_rect2x3,rect2x3_hole_3,770,30002,0.0009765625
haxs.stage5c2gR32.g1-quadrature.v1,78c453cf41605a05b3ecd78727794b35,393e385854385ed6ab7758ab68114f3d,limit_spin_density_zero_rect2x3,rect2x3_hole_3,771,30003,0.0009765625
haxs.stage5c2gR32.g1-quadrature.v1,78c453cf41605a05b3ecd78727794b35,505069783083570cb61f5a57d7dddc3c,limit_spin_density_zero_rect2x3,rect2x3_hole_3,772,30010,0.0009765625
haxs.stage5c2gR32.g1-quadrature.v1,78c453cf41605a05b3ecd78727794b35,3cae2c43bfd45886968fcefa14a00d3f,limit_spin_density_zero_rect2x3,rect2x3_hole_3,773,30011,0.0009765625
haxs.stage5c2gR32.g1-quadrature.v1,78c453cf41605a05b3ecd78727794b35,310ede251f70549c84298297726bf8e1,limit_spin_density_zero_rect2x3,rect2x3_hole_3,774,30012,0.0009765625
haxs.stage5c2gR32.g1-quadrature.v1,78c453cf41605a05b3ecd78727794b35,9c137367f49d51c2ac45769aa659aeb9,limit_spin_density_zero_rect2x3,rect2x3_hole_3,775,30013,0.0009765625
haxs.stage5c2gR32.g1-quadrature.v1,78c453cf41605a05b3ecd78727794b35,f60b04dfd1675ddab85a4c508577027f,limit_spin_density_zero_rect2x3,rect2x3_hole_3,776,30020,0.0009765625
haxs.stage5c2gR32.g1-quadrature.v1,78c453cf41605a05b3ecd78727794b35,b6cc1e73359d5539a7c78d32aa784023,limit_spin_density_zero_rect2x3,rect2x3_hole_3,777,30021,0.0009765625
haxs.stage5c2gR32.g1-quadrature.v1,78c453cf41605a05b3ecd78727794b35,6ed3b187c6295539bae750ba5a08fe16,limit_spin_density_zero_rect2x3,rect2x3_hole_3,778,30022,0.0009765625
haxs.stage5c2gR32.g1-quadrature.v1,78c453cf41605a05b3ecd78727794b35,5fbfc161e9c25430bcc2dd1dfdc5487c,limit_spin_density_zero_rect2x3,rect2x3_hole_3,779,30023,0.0009765625
haxs.stage5c2gR32.g1-quadrature.v1,78c453cf41605a05b3ecd78727794b35,649204d7b4585cd8a3b2fba9fdac12a5,limit_spin_density_zero_rect2x3,rect2x3_hole_3,780,30030,0.0009765625
haxs.stage5c2gR32.g1-quadrature.v1,78c453cf41605a05b3ecd78727794b35,31f2ca2dcdbf51a3a16f71f4f667bb8d,limit_spin_density_zero_rect2x3,rect2x3_hole_3,781,30031,0.0009765625
haxs.stage5c2gR32.g1-quadrature.v1,78c453cf41605a05b3ecd78727794b35,c63b61dac1855a3ab40a92686b7331c4,limit_spin_density_zero_rect2x3,rect2x3_hole_3,782,30032,0.0009765625
haxs.stage5c2gR32.g1-quadrature.v1,78c453cf41605a05b3ecd78727794b35,508d5d51ae585ca2afd7e87d5af655fd,limit_spin_density_zero_rect2x3,rect2x3_hole_3,783,30033,0.0009765625
haxs.stage5c2gR32.g1-quadrature.v1,78c453cf41605a05b3ecd78727794b35,8ea978df172b576f9222a5882a29ee68,limit_spin_density_zero_rect2x3,rect2x3_hole_3,784,30100,0.0009765625
haxs.stage5c2gR32.g1-quadrature.v1,78c453cf41605a05b3ecd78727794b35,f3cf5015d8df5cdc83702db0124a88ee,limit_spin_density_zero_rect2x3,rect2x3_hole_3,785,30101,0.0009765625
haxs.stage5c2gR32.g1-quadrature.v1,78c453cf41605a05b3ecd78727794b35,340fe9fac0a55b15a83d74a02d80a354,limit_spin_density_zero_rect2x3,rect2x3_hole_3,786,30102,0.0009765625
haxs.stage5c2gR32.g1-quadrature.v1,78c453cf41605a05b3ecd78727794b35,8ba5cd5dc50d55c6a7409cd244d7dfec,limit_spin_density_zero_rect2x3,rect2x3_hole_3,787,30103,0.0009765625
haxs.stage5c2gR32.g1-quadrature.v1,78c453cf41605a05b3ecd78727794b35,5436ae9f5fd85d6f8b4b24723ad71b66,limit_spin_density_zero_rect2x3,rect2x3_hole_3,788,30110,0.0009765625
haxs.stage5c2gR32.g1-quadrature.v1,78c453cf41605a05b3ecd78727794b35,672f1d4fc6655171997c50d4cfecc304,limit_spin_density_zero_rect2x3,rect2x3_hole_3,789,30111,0.0009765625
haxs.stage5c2gR32.g1-quadrature.v1,78c453cf41605a05b3ecd78727794b35,6cb1bed3d5b75d7897d2c495e9bda8b0,limit_spin_density_zero_rect2x3,rect2x3_hole_3,790,30112,0.0009765625
haxs.stage5c2gR32.g1-quadrature.v1,78c453cf41605a05b3ecd78727794b35,7ed9a03feb1456ec8974072cc9ad222b,limit_spin_density_zero_rect2x3,rect2x3_hole_3,791,30113,0.0009765625
haxs.stage5c2gR32.g1-quadrature.v1,78c453cf41605a05b3ecd78727794b35,49e9d63f55d45e9c98e75382da71bf70,limit_spin_density_zero_rect2x3,rect2x3_hole_3,792,30120,0.0009765625
haxs.stage5c2gR32.g1-quadrature.v1,78c453cf41605a05b3ecd78727794b35,5a7558d9cb415982a6abd3ff33e2a7f3,limit_spin_density_zero_rect2x3,rect2x3_hole_3,793,30121,0.0009765625
haxs.stage5c2gR32.g1-quadrature.v1,78c453cf41605a05b3ecd78727794b35,1950db5ea3b45560bdfa40ff99850a14,limit_spin_density_zero_rect2x3,rect2x3_hole_3,794,30122,0.0009765625
haxs.stage5c2gR32.g1-quadrature.v1,78c453cf41605a05b3ecd78727794b35,da4574876a735ed5b23105c8e5c983d4,limit_spin_density_zero_rect2x3,rect2x3_hole_3,795,30123,0.0009765625
haxs.stage5c2gR32.g1-quadrature.v1,78c453cf41605a05b3ecd78727794b35,3eb5f773959a5575885dbe285b425dad,limit_spin_density_zero_rect2x3,rect2x3_hole_3,796,30130,0.0009765625
haxs.stage5c2gR32.g1-quadrature.v1,78c453cf41605a05b3ecd78727794b35,2c70250d960756bf9adc4fc7ebe72317,limit_spin_density_zero_rect2x3,rect2x3_hole_3,797,30131,0.0009765625
haxs.stage5c2gR32.g1-quadrature.v1,78c453cf41605a05b3ecd78727794b35,5418e2396c295475994e86285f2b6991,limit_spin_density_zero_rect2x3,rect2x3_hole_3,798,30132,0.0009765625
haxs.stage5c2gR32.g1-quadrature.v1,78c453cf41605a05b3ecd78727794b35,44097c6e71cb5bfa87b9231029ea5628,limit_spin_density_zero_rect2x3,rect2x3_hole_3,799,30133,0.0009765625
haxs.stage5c2gR32.g1-quadrature.v1,78c453cf41605a05b3ecd78727794b35,ebe316b2ca1b5907b344edab0c8ee3c9,limit_spin_density_zero_rect2x3,rect2x3_hole_3,800,30200,0.0009765625
haxs.stage5c2gR32.g1-quadrature.v1,78c453cf41605a05b3ecd78727794b35,71ac33cecba45a30a2cb13428fc7836b,limit_spin_density_zero_rect2x3,rect2x3_hole_3,801,30201,0.0009765625
haxs.stage5c2gR32.g1-quadrature.v1,78c453cf41605a05b3ecd78727794b35,c7b1fc73a67c5a708d0d43a0add1ac5e,limit_spin_density_zero_rect2x3,rect2x3_hole_3,802,30202,0.0009765625
haxs.stage5c2gR32.g1-quadrature.v1,78c453cf41605a05b3ecd78727794b35,a3bd00e8064e53e2899e06f47121af87,limit_spin_density_zero_rect2x3,rect2x3_hole_3,803,30203,0.0009765625
haxs.stage5c2gR32.g1-quadrature.v1,78c453cf41605a05b3ecd78727794b35,87fbc7d90f5052c9a4d28054d7ca4192,limit_spin_density_zero_rect2x3,rect2x3_hole_3,804,30210,0.0009765625
haxs.stage5c2gR32.g1-quadrature.v1,78c453cf41605a05b3ecd78727794b35,9094e039a1d958fa8d7f4a0606f2bd70,limit_spin_density_zero_rect2x3,rect2x3_hole_3,805,30211,0.0009765625
haxs.stage5c2gR32.g1-quadrature.v1,78c453cf41605a05b3ecd78727794b35,742bc228cf4b558dbb287947b1ede1e0,limit_spin_density_zero_rect2x3,rect2x3_hole_3,806,30212,0.0009765625
haxs.stage5c2gR32.g1-quadrature.v1,78c453cf41605a05b3ecd78727794b35,76e59f109d12543c83fb98c8ab5f1808,limit_spin_density_zero_rect2x3,rect2x3_hole_3,807,30213,0.0009765625
haxs.stage5c2gR32.g1-quadrature.v1,78c453cf41605a05b3ecd78727794b35,689cf9ad36a457e4af919cfa6b2ac1f6,limit_spin_density_zero_rect2x3,rect2x3_hole_3,808,30220,0.0009765625
haxs.stage5c2gR32.g1-quadrature.v1,78c453cf41605a05b3ecd78727794b35,28ce4b6b47ac57a9a094aa1173d89535,limit_spin_density_zero_rect2x3,rect2x3_hole_3,809,30221,0.0009765625
haxs.stage5c2gR32.g1-quadrature.v1,78c453cf41605a05b3ecd78727794b35,17fb0e3f899d5909b19967308b800fb5,limit_spin_density_zero_rect2x3,rect2x3_hole_3,810,30222,0.0009765625
haxs.stage5c2gR32.g1-quadrature.v1,78c453cf41605a05b3ecd78727794b35,47192aac0dfb50ffb6620e112f445052,limit_spin_density_zero_rect2x3,rect2x3_hole_3,811,30223,0.0009765625
haxs.stage5c2gR32.g1-quadrature.v1,78c453cf41605a05b3ecd78727794b35,0cdd172d88ea5a03bd72b27b3878310c,limit_spin_density_zero_rect2x3,rect2x3_hole_3,812,30230,0.0009765625
haxs.stage5c2gR32.g1-quadrature.v1,78c453cf41605a05b3ecd78727794b35,0ec70f775181523f89c278ceaa30ea49,limit_spin_density_zero_rect2x3,rect2x3_hole_3,813,30231,0.0009765625
haxs.stage5c2gR32.g1-quadrature.v1,78c453cf41605a05b3ecd78727794b35,61418125633a5e11b6f7bc0627e7b25b,limit_spin_density_zero_rect2x3,rect2x3_hole_3,814,30232,0.0009765625
haxs.stage5c2gR32.g1-quadrature.v1,78c453cf41605a05b3ecd78727794b35,20e113fb499750f5b218261facda8feb,limit_spin_density_zero_rect2x3,rect2x3_hole_3,815,30233,0.0009765625
haxs.stage5c2gR32.g1-quadrature.v1,78c453cf41605a05b3ecd78727794b35,874f407f59fc563497183c02ad5507c6,limit_spin_density_zero_rect2x3,rect2x3_hole_3,816,30300,0.0009765625
haxs.stage5c2gR32.g1-quadrature.v1,78c453cf41605a05b3ecd78727794b35,3136d8f862b350b2a583bcf2be0aab68,limit_spin_density_zero_rect2x3,rect2x3_hole_3,817,30301,0.0009765625
haxs.stage5c2gR32.g1-quadrature.v1,78c453cf41605a05b3ecd78727794b35,d0443855a7795939becc08e809790048,limit_spin_density_zero_rect2x3,rect2x3_hole_3,818,30302,0.0009765625
haxs.stage5c2gR32.g1-quadrature.v1,78c453cf41605a05b3ecd78727794b35,32a42e80afe1570e8b066507397c4e7d,limit_spin_density_zero_rect2x3,rect2x3_hole_3,819,30303,0.0009765625
haxs.stage5c2gR32.g1-quadrature.v1,78c453cf41605a05b3ecd78727794b35,03aacd4755d559fd83cf733495b5e42e,limit_spin_density_zero_rect2x3,rect2x3_hole_3,820,30310,0.0009765625
haxs.stage5c2gR32.g1-quadrature.v1,78c453cf41605a05b3ecd78727794b35,8e66b2ff3ed05798924253f49bdda129,limit_spin_density_zero_rect2x3,rect2x3_hole_3,821,30311,0.0009765625
haxs.stage5c2gR32.g1-quadrature.v1,78c453cf41605a05b3ecd78727794b35,28c76eb6926852329fecc264eb9589d9,limit_spin_density_zero_rect2x3,rect2x3_hole_3,822,30312,0.0009765625
haxs.stage5c2gR32.g1-quadrature.v1,78c453cf41605a05b3ecd78727794b35,0cae6f59946f56a591c3037a1d559589,limit_spin_density_zero_rect2x3,rect2x3_hole_3,823,30313,0.0009765625
haxs.stage5c2gR32.g1-quadrature.v1,78c453cf41605a05b3ecd78727794b35,25984fd0559d5a0b9d2cef7a78bdb99e,limit_spin_density_zero_rect2x3,rect2x3_hole_3,824,30320,0.0009765625
haxs.stage5c2gR32.g1-quadrature.v1,78c453cf41605a05b3ecd78727794b35,a72e223b3c4a544db6f248b10d8d7e33,limit_spin_density_zero_rect2x3,rect2x3_hole_3,825,30321,0.0009765625
haxs.stage5c2gR32.g1-quadrature.v1,78c453cf41605a05b3ecd78727794b35,bc97cc09cff55fd580e8eb82e2c0dd09,limit_spin_density_zero_rect2x3,rect2x3_hole_3,826,30322,0.0009765625
haxs.stage5c2gR32.g1-quadrature.v1,78c453cf41605a05b3ecd78727794b35,a8a69ef3fb025f4cbc844a627c0313f2,limit_spin_density_zero_rect2x3,rect2x3_hole_3,827,30323,0.0009765625
haxs.stage5c2gR32.g1-quadrature.v1,78c453cf41605a05b3ecd78727794b35,0e9154fd0e38592989ddc3d8e1f4c093,limit_spin_density_zero_rect2x3,rect2x3_hole_3,828,30330,0.0009765625
haxs.stage5c2gR32.g1-quadrature.v1,78c453cf41605a05b3ecd78727794b35,f06f429f5406520da597bc1787470616,limit_spin_density_zero_rect2x3,rect2x3_hole_3,829,30331,0.0009765625
haxs.stage5c2gR32.g1-quadrature.v1,78c453cf41605a05b3ecd78727794b35,dac06c39b1ff5c9a9fe45fc9e4b49dfc,limit_spin_density_zero_rect2x3,rect2x3_hole_3,830,30332,0.0009765625
haxs.stage5c2gR32.g1-quadrature.v1,78c453cf41605a05b3ecd78727794b35,754f0ef2feea50109f98dc9451e5526b,limit_spin_density_zero_rect2x3,rect2x3_hole_3,831,30333,0.0009765625
haxs.stage5c2gR32.g1-quadrature.v1,78c453cf41605a05b3ecd78727794b35,ffa127b5de595c3fa6c6f37d1663331b,limit_spin_density_zero_rect2x3,rect2x3_hole_3,832,31000,0.0009765625
haxs.stage5c2gR32.g1-quadrature.v1,78c453cf41605a05b3ecd78727794b35,9781c4f19ca653c6b232cea4dea41098,limit_spin_density_zero_rect2x3,rect2x3_hole_3,833,31001,0.0009765625
haxs.stage5c2gR32.g1-quadrature.v1,78c453cf41605a05b3ecd78727794b35,93f88d9ce5005967a227fbc583402208,limit_spin_density_zero_rect2x3,rect2x3_hole_3,834,31002,0.0009765625
haxs.stage5c2gR32.g1-quadrature.v1,78c453cf41605a05b3ecd78727794b35,16d468ea412852509127612a6c16b8a4,limit_spin_density_zero_rect2x3,rect2x3_hole_3,835,31003,0.0009765625
haxs.stage5c2gR32.g1-quadrature.v1,78c453cf41605a05b3ecd78727794b35,0b0d97f100b65981b06a52a4e16e791f,limit_spin_density_zero_rect2x3,rect2x3_hole_3,836,31010,0.0009765625
haxs.stage5c2gR32.g1-quadrature.v1,78c453cf41605a05b3ecd78727794b35,17d2734b5be4509ea55fc8260a211f48,limit_spin_density_zero_rect2x3,rect2x3_hole_3,837,31011,0.0009765625
haxs.stage5c2gR32.g1-quadrature.v1,78c453cf41605a05b3ecd78727794b35,ef77bee0ffd85ad9bb2539d65fe537b2,limit_spin_density_zero_rect2x3,rect2x3_hole_3,838,31012,0.0009765625
haxs.stage5c2gR32.g1-quadrature.v1,78c453cf41605a05b3ecd78727794b35,4d959daf0288586e874ff92ad2eb828c,limit_spin_density_zero_rect2x3,rect2x3_hole_3,839,31013,0.0009765625
haxs.stage5c2gR32.g1-quadrature.v1,78c453cf41605a05b3ecd78727794b35,1aedb5447fc35f028767880d861a44af,limit_spin_density_zero_rect2x3,rect2x3_hole_3,840,31020,0.0009765625
haxs.stage5c2gR32.g1-quadrature.v1,78c453cf41605a05b3ecd78727794b35,a800d2c76ed25fa1a605c00ff2060a97,limit_spin_density_zero_rect2x3,rect2x3_hole_3,841,31021,0.0009765625
haxs.stage5c2gR32.g1-quadrature.v1,78c453cf41605a05b3ecd78727794b35,192fa822890f5235a0a236c3979589ab,limit_spin_density_zero_rect2x3,rect2x3_hole_3,842,31022,0.0009765625
haxs.stage5c2gR32.g1-quadrature.v1,78c453cf41605a05b3ecd78727794b35,cda7a2219ef054e49bb3e64d7ed9ef85,limit_spin_density_zero_rect2x3,rect2x3_hole_3,843,31023,0.0009765625
haxs.stage5c2gR32.g1-quadrature.v1,78c453cf41605a05b3ecd78727794b35,0e3b2892211059aea586d4105a937509,limit_spin_density_zero_rect2x3,rect2x3_hole_3,844,31030,0.0009765625
haxs.stage5c2gR32.g1-quadrature.v1,78c453cf41605a05b3ecd78727794b35,f597dc48bbc2597280b16a9c5849e419,limit_spin_density_zero_rect2x3,rect2x3_hole_3,845,31031,0.0009765625
haxs.stage5c2gR32.g1-quadrature.v1,78c453cf41605a05b3ecd78727794b35,b9089e9e39905ba9aba00407911ff996,limit_spin_density_zero_rect2x3,rect2x3_hole_3,846,31032,0.0009765625
haxs.stage5c2gR32.g1-quadrature.v1,78c453cf41605a05b3ecd78727794b35,ee420648c7d150b1b7e9b2c62c866ab0,limit_spin_density_zero_rect2x3,rect2x3_hole_3,847,31033,0.0009765625
haxs.stage5c2gR32.g1-quadrature.v1,78c453cf41605a05b3ecd78727794b35,864e746965f4522bacc9a78adbbf7d08,limit_spin_density_zero_rect2x3,rect2x3_hole_3,848,31100,0.0009765625
haxs.stage5c2gR32.g1-quadrature.v1,78c453cf41605a05b3ecd78727794b35,66b87aa2bb9f537cb6d6e0c6a64de9a0,limit_spin_density_zero_rect2x3,rect2x3_hole_3,849,31101,0.0009765625
haxs.stage5c2gR32.g1-quadrature.v1,78c453cf41605a05b3ecd78727794b35,2bf0c172cffd5853aeb8d7629426cbc3,limit_spin_density_zero_rect2x3,rect2x3_hole_3,850,31102,0.0009765625
haxs.stage5c2gR32.g1-quadrature.v1,78c453cf41605a05b3ecd78727794b35,93f6c75cfb8654fdbefe328d533047b8,limit_spin_density_zero_rect2x3,rect2x3_hole_3,851,31103,0.0009765625
haxs.stage5c2gR32.g1-quadrature.v1,78c453cf41605a05b3ecd78727794b35,25afff269f8d5a8fbab2e928d054faf3,limit_spin_density_zero_rect2x3,rect2x3_hole_3,852,31110,0.0009765625
haxs.stage5c2gR32.g1-quadrature.v1,78c453cf41605a05b3ecd78727794b35,b2932e9c4a1a5d7a9b005fa869b060c7,limit_spin_density_zero_rect2x3,rect2x3_hole_3,853,31111,0.0009765625
haxs.stage5c2gR32.g1-quadrature.v1,78c453cf41605a05b3ecd78727794b35,a37d8b5776425da998faacb890b532ff,limit_spin_density_zero_rect2x3,rect2x3_hole_3,854,31112,0.0009765625
haxs.stage5c2gR32.g1-quadrature.v1,78c453cf41605a05b3ecd78727794b35,09e3aa28ad1158f3afa5022477001299,limit_spin_density_zero_rect2x3,rect2x3_hole_3,855,31113,0.0009765625
haxs.stage5c2gR32.g1-quadrature.v1,78c453cf41605a05b3ecd78727794b35,53f38bee337456c386928305d20eaa13,limit_spin_density_zero_rect2x3,rect2x3_hole_3,856,31120,0.0009765625
haxs.stage5c2gR32.g1-quadrature.v1,78c453cf41605a05b3ecd78727794b35,ca642b6ae945506bb1bc31488e01b297,limit_spin_density_zero_rect2x3,rect2x3_hole_3,857,31121,0.0009765625
haxs.stage5c2gR32.g1-quadrature.v1,78c453cf41605a05b3ecd78727794b35,89848bd6c3805b9383521df4ea567fd1,limit_spin_density_zero_rect2x3,rect2x3_hole_3,858,31122,0.0009765625
haxs.stage5c2gR32.g1-quadrature.v1,78c453cf41605a05b3ecd78727794b35,d762c3521be75010b8e008461941aa34,limit_spin_density_zero_rect2x3,rect2x3_hole_3,859,31123,0.0009765625
haxs.stage5c2gR32.g1-quadrature.v1,78c453cf41605a05b3ecd78727794b35,b48e60f651005ce19cb35e519ab137ff,limit_spin_density_zero_rect2x3,rect2x3_hole_3,860,31130,0.0009765625
haxs.stage5c2gR32.g1-quadrature.v1,78c453cf41605a05b3ecd78727794b35,a93d37b5d7635fd3826c2691db1bbb91,limit_spin_density_zero_rect2x3,rect2x3_hole_3,861,31131,0.0009765625
haxs.stage5c2gR32.g1-quadrature.v1,78c453cf41605a05b3ecd78727794b35,0b34a8f1ce2a5175a510d909144bad96,limit_spin_density_zero_rect2x3,rect2x3_hole_3,862,31132,0.0009765625
haxs.stage5c2gR32.g1-quadrature.v1,78c453cf41605a05b3ecd78727794b35,de5a3a4966fb5ccbad298603953ed712,limit_spin_density_zero_rect2x3,rect2x3_hole_3,863,31133,0.0009765625
haxs.stage5c2gR32.g1-quadrature.v1,78c453cf41605a05b3ecd78727794b35,3ceb4a9a2530554b8f6bf2e9f7880e8e,limit_spin_density_zero_rect2x3,rect2x3_hole_3,864,31200,0.0009765625
haxs.stage5c2gR32.g1-quadrature.v1,78c453cf41605a05b3ecd78727794b35,321181d4523d5a19b7a1e4b3987586bf,limit_spin_density_zero_rect2x3,rect2x3_hole_3,865,31201,0.0009765625
haxs.stage5c2gR32.g1-quadrature.v1,78c453cf41605a05b3ecd78727794b35,132eaa75482b5a41ba27efa99fa32708,limit_spin_density_zero_rect2x3,rect2x3_hole_3,866,31202,0.0009765625
haxs.stage5c2gR32.g1-quadrature.v1,78c453cf41605a05b3ecd78727794b35,05e11ff7eca758898e1c0be512c10354,limit_spin_density_zero_rect2x3,rect2x3_hole_3,867,31203,0.0009765625
haxs.stage5c2gR32.g1-quadrature.v1,78c453cf41605a05b3ecd78727794b35,6394e3c318cf56af9ac909a1674d7702,limit_spin_density_zero_rect2x3,rect2x3_hole_3,868,31210,0.0009765625
haxs.stage5c2gR32.g1-quadrature.v1,78c453cf41605a05b3ecd78727794b35,7cd6ae2f1a065979aab34aafc758484f,limit_spin_density_zero_rect2x3,rect2x3_hole_3,869,31211,0.0009765625
haxs.stage5c2gR32.g1-quadrature.v1,78c453cf41605a05b3ecd78727794b35,6a0c8525bca15732a3954a6adb93e1f7,limit_spin_density_zero_rect2x3,rect2x3_hole_3,870,31212,0.0009765625
haxs.stage5c2gR32.g1-quadrature.v1,78c453cf41605a05b3ecd78727794b35,fdcd7ce429545d26b850e5e379fddbcb,limit_spin_density_zero_rect2x3,rect2x3_hole_3,871,31213,0.0009765625
haxs.stage5c2gR32.g1-quadrature.v1,78c453cf41605a05b3ecd78727794b35,670e638946145708b625335163070705,limit_spin_density_zero_rect2x3,rect2x3_hole_3,872,31220,0.0009765625
haxs.stage5c2gR32.g1-quadrature.v1,78c453cf41605a05b3ecd78727794b35,b8968af5ff7052479be67f03e9b6022f,limit_spin_density_zero_rect2x3,rect2x3_hole_3,873,31221,0.0009765625
haxs.stage5c2gR32.g1-quadrature.v1,78c453cf41605a05b3ecd78727794b35,541d47ddfb665a61ad163bf797a45bfb,limit_spin_density_zero_rect2x3,rect2x3_hole_3,874,31222,0.0009765625
haxs.stage5c2gR32.g1-quadrature.v1,78c453cf41605a05b3ecd78727794b35,71169b968b3d50a2816ec77a29ec578b,limit_spin_density_zero_rect2x3,rect2x3_hole_3,875,31223,0.0009765625
haxs.stage5c2gR32.g1-quadrature.v1,78c453cf41605a05b3ecd78727794b35,75f5924a0a8c5ce6b903c535579fa59a,limit_spin_density_zero_rect2x3,rect2x3_hole_3,876,31230,0.0009765625
haxs.stage5c2gR32.g1-quadrature.v1,78c453cf41605a05b3ecd78727794b35,325f794aad0b51179287e3d5edf3ddde,limit_spin_density_zero_rect2x3,rect2x3_hole_3,877,31231,0.0009765625
haxs.stage5c2gR32.g1-quadrature.v1,78c453cf41605a05b3ecd78727794b35,5920b0bf5ef357e2be0603ad9df7d478,limit_spin_density_zero_rect2x3,rect2x3_hole_3,878,31232,0.0009765625
haxs.stage5c2gR32.g1-quadrature.v1,78c453cf41605a05b3ecd78727794b35,9d5c26ef545a5fea97eacb93e6d28cd1,limit_spin_density_zero_rect2x3,rect2x3_hole_3,879,31233,0.0009765625
haxs.stage5c2gR32.g1-quadrature.v1,78c453cf41605a05b3ecd78727794b35,992411fddae855ce8b827f71258ddef2,limit_spin_density_zero_rect2x3,rect2x3_hole_3,880,31300,0.0009765625
haxs.stage5c2gR32.g1-quadrature.v1,78c453cf41605a05b3ecd78727794b35,88667b6ff0b25324a92cc89aa5c64414,limit_spin_density_zero_rect2x3,rect2x3_hole_3,881,31301,0.0009765625
haxs.stage5c2gR32.g1-quadrature.v1,78c453cf41605a05b3ecd78727794b35,44061afbe9205c6e8d15ac6079218711,limit_spin_density_zero_rect2x3,rect2x3_hole_3,882,31302,0.0009765625
haxs.stage5c2gR32.g1-quadrature.v1,78c453cf41605a05b3ecd78727794b35,2c774a80913d5916bd6a78e183f64854,limit_spin_density_zero_rect2x3,rect2x3_hole_3,883,31303,0.0009765625
haxs.stage5c2gR32.g1-quadrature.v1,78c453cf41605a05b3ecd78727794b35,3f7ea27d44405ceeb27d6befae03de93,limit_spin_density_zero_rect2x3,rect2x3_hole_3,884,31310,0.0009765625
haxs.stage5c2gR32.g1-quadrature.v1,78c453cf41605a05b3ecd78727794b35,b511a300c0f35dd6aab9c093105d86dc,limit_spin_density_zero_rect2x3,rect2x3_hole_3,885,31311,0.0009765625
haxs.stage5c2gR32.g1-quadrature.v1,78c453cf41605a05b3ecd78727794b35,ae634fe232cb5e009a56cc201fa52fa6,limit_spin_density_zero_rect2x3,rect2x3_hole_3,886,31312,0.0009765625
haxs.stage5c2gR32.g1-quadrature.v1,78c453cf41605a05b3ecd78727794b35,5d87ccfd105c506fbe1c8d0f75e48afb,limit_spin_density_zero_rect2x3,rect2x3_hole_3,887,31313,0.0009765625
haxs.stage5c2gR32.g1-quadrature.v1,78c453cf41605a05b3ecd78727794b35,eda815bc2b835baab25374fea444a734,limit_spin_density_zero_rect2x3,rect2x3_hole_3,888,31320,0.0009765625
haxs.stage5c2gR32.g1-quadrature.v1,78c453cf41605a05b3ecd78727794b35,555a9f1c0deb5e20bec526db93438e43,limit_spin_density_zero_rect2x3,rect2x3_hole_3,889,31321,0.0009765625
haxs.stage5c2gR32.g1-quadrature.v1,78c453cf41605a05b3ecd78727794b35,a47a4522b9c25d8f99e96d8d3b5d12e2,limit_spin_density_zero_rect2x3,rect2x3_hole_3,890,31322,0.0009765625
haxs.stage5c2gR32.g1-quadrature.v1,78c453cf41605a05b3ecd78727794b35,eb40908b75c059f2b339c546d2b17ea6,limit_spin_density_zero_rect2x3,rect2x3_hole_3,891,31323,0.0009765625
haxs.stage5c2gR32.g1-quadrature.v1,78c453cf41605a05b3ecd78727794b35,2a02f094aa2f54e6875fbf957fce1b62,limit_spin_density_zero_rect2x3,rect2x3_hole_3,892,31330,0.0009765625
haxs.stage5c2gR32.g1-quadrature.v1,78c453cf41605a05b3ecd78727794b35,b1889037d3ef59a1ab001b472cf8e450,limit_spin_density_zero_rect2x3,rect2x3_hole_3,893,31331,0.0009765625
haxs.stage5c2gR32.g1-quadrature.v1,78c453cf41605a05b3ecd78727794b35,79b32f64736659bcaa38394371faa3bc,limit_spin_density_zero_rect2x3,rect2x3_hole_3,894,31332,0.0009765625
haxs.stage5c2gR32.g1-quadrature.v1,78c453cf41605a05b3ecd78727794b35,2d703109c0f5590196929db83e766b3f,limit_spin_density_zero_rect2x3,rect2x3_hole_3,895,31333,0.0009765625
haxs.stage5c2gR32.g1-quadrature.v1,78c453cf41605a05b3ecd78727794b35,5a6158d7fb0e5be2ade0fb82d8f0eff2,limit_spin_density_zero_rect2x3,rect2x3_hole_3,896,32000,0.0009765625
haxs.stage5c2gR32.g1-quadrature.v1,78c453cf41605a05b3ecd78727794b35,785bdf2c3218508f8370c26d54e297d4,limit_spin_density_zero_rect2x3,rect2x3_hole_3,897,32001,0.0009765625
haxs.stage5c2gR32.g1-quadrature.v1,78c453cf41605a05b3ecd78727794b35,9529b67bb2375f1db41a6c6630d8d074,limit_spin_density_zero_rect2x3,rect2x3_hole_3,898,32002,0.0009765625
haxs.stage5c2gR32.g1-quadrature.v1,78c453cf41605a05b3ecd78727794b35,10b9149bb40b5a06b52bb7efd1350612,limit_spin_density_zero_rect2x3,rect2x3_hole_3,899,32003,0.0009765625
haxs.stage5c2gR32.g1-quadrature.v1,78c453cf41605a05b3ecd78727794b35,c023fd3764bf54d3a4b8288e54754dae,limit_spin_density_zero_rect2x3,rect2x3_hole_3,900,32010,0.0009765625
haxs.stage5c2gR32.g1-quadrature.v1,78c453cf41605a05b3ecd78727794b35,8c777db12b135df48a205aef50f19db1,limit_spin_density_zero_rect2x3,rect2x3_hole_3,901,32011,0.0009765625
haxs.stage5c2gR32.g1-quadrature.v1,78c453cf41605a05b3ecd78727794b35,55df3e42e4815b0b9bbe946b792dcf17,limit_spin_density_zero_rect2x3,rect2x3_hole_3,902,32012,0.0009765625
haxs.stage5c2gR32.g1-quadrature.v1,78c453cf41605a05b3ecd78727794b35,2d1e252852f05f058de631caecfd09dc,limit_spin_density_zero_rect2x3,rect2x3_hole_3,903,32013,0.0009765625
haxs.stage5c2gR32.g1-quadrature.v1,78c453cf41605a05b3ecd78727794b35,fcc718cbfc7a5b94a73c598da866df9f,limit_spin_density_zero_rect2x3,rect2x3_hole_3,904,32020,0.0009765625
haxs.stage5c2gR32.g1-quadrature.v1,78c453cf41605a05b3ecd78727794b35,d29b35bc2d6258699c644a1f5396d15a,limit_spin_density_zero_rect2x3,rect2x3_hole_3,905,32021,0.0009765625
haxs.stage5c2gR32.g1-quadrature.v1,78c453cf41605a05b3ecd78727794b35,56d549c9b0b65fdbbce786b15e9d165e,limit_spin_density_zero_rect2x3,rect2x3_hole_3,906,32022,0.0009765625
haxs.stage5c2gR32.g1-quadrature.v1,78c453cf41605a05b3ecd78727794b35,473f608bf0c9505bb69861761df40aef,limit_spin_density_zero_rect2x3,rect2x3_hole_3,907,32023,0.0009765625
haxs.stage5c2gR32.g1-quadrature.v1,78c453cf41605a05b3ecd78727794b35,0904e2b6e687533f99ab79caa7137e35,limit_spin_density_zero_rect2x3,rect2x3_hole_3,908,32030,0.0009765625
haxs.stage5c2gR32.g1-quadrature.v1,78c453cf41605a05b3ecd78727794b35,643ac4536b0b54df91c9d9c0f05732e8,limit_spin_density_zero_rect2x3,rect2x3_hole_3,909,32031,0.0009765625
haxs.stage5c2gR32.g1-quadrature.v1,78c453cf41605a05b3ecd78727794b35,24b15c04ec855b4db1e26a13fd947413,limit_spin_density_zero_rect2x3,rect2x3_hole_3,910,32032,0.0009765625
haxs.stage5c2gR32.g1-quadrature.v1,78c453cf41605a05b3ecd78727794b35,6ca01a88433b54cf9383793bf8ac89a4,limit_spin_density_zero_rect2x3,rect2x3_hole_3,911,32033,0.0009765625
haxs.stage5c2gR32.g1-quadrature.v1,78c453cf41605a05b3ecd78727794b35,afefe3f6d11752b28493ae30a2c98dea,limit_spin_density_zero_rect2x3,rect2x3_hole_3,912,32100,0.0009765625
haxs.stage5c2gR32.g1-quadrature.v1,78c453cf41605a05b3ecd78727794b35,2b1ac51c68ff526d9ee318092861d887,limit_spin_density_zero_rect2x3,rect2x3_hole_3,913,32101,0.0009765625
haxs.stage5c2gR32.g1-quadrature.v1,78c453cf41605a05b3ecd78727794b35,fbe51ab742525d6db465ae81be7f45ba,limit_spin_density_zero_rect2x3,rect2x3_hole_3,914,32102,0.0009765625
haxs.stage5c2gR32.g1-quadrature.v1,78c453cf41605a05b3ecd78727794b35,d69239ae439e5db7b6fe13e5aa3cd45a,limit_spin_density_zero_rect2x3,rect2x3_hole_3,915,32103,0.0009765625
haxs.stage5c2gR32.g1-quadrature.v1,78c453cf41605a05b3ecd78727794b35,4f9e53ed89245f139fc7d01937f4e526,limit_spin_density_zero_rect2x3,rect2x3_hole_3,916,32110,0.0009765625
haxs.stage5c2gR32.g1-quadrature.v1,78c453cf41605a05b3ecd78727794b35,4cc3a84b12825132a7b635d88498ab7b,limit_spin_density_zero_rect2x3,rect2x3_hole_3,917,32111,0.0009765625
haxs.stage5c2gR32.g1-quadrature.v1,78c453cf41605a05b3ecd78727794b35,d012ba24e37f5af1bbe07e5d5e23f294,limit_spin_density_zero_rect2x3,rect2x3_hole_3,918,32112,0.0009765625
haxs.stage5c2gR32.g1-quadrature.v1,78c453cf41605a05b3ecd78727794b35,3c3be7c66148546d863272e2087c81f0,limit_spin_density_zero_rect2x3,rect2x3_hole_3,919,32113,0.0009765625
haxs.stage5c2gR32.g1-quadrature.v1,78c453cf41605a05b3ecd78727794b35,627882fb9b4c5a33a9c94558de0b3279,limit_spin_density_zero_rect2x3,rect2x3_hole_3,920,32120,0.0009765625
haxs.stage5c2gR32.g1-quadrature.v1,78c453cf41605a05b3ecd78727794b35,d30dafbf0f05520db08b6a0bb33ef0c9,limit_spin_density_zero_rect2x3,rect2x3_hole_3,921,32121,0.0009765625
haxs.stage5c2gR32.g1-quadrature.v1,78c453cf41605a05b3ecd78727794b35,9b249de298e65a59b72ca4561ea06613,limit_spin_density_zero_rect2x3,rect2x3_hole_3,922,32122,0.0009765625
haxs.stage5c2gR32.g1-quadrature.v1,78c453cf41605a05b3ecd78727794b35,bbd2095f6bf45fc39eec2b37287b421e,limit_spin_density_zero_rect2x3,rect2x3_hole_3,923,32123,0.0009765625
haxs.stage5c2gR32.g1-quadrature.v1,78c453cf41605a05b3ecd78727794b35,13e66edc8d74518e84cd6c70dd5012d7,limit_spin_density_zero_rect2x3,rect2x3_hole_3,924,32130,0.0009765625
haxs.stage5c2gR32.g1-quadrature.v1,78c453cf41605a05b3ecd78727794b35,13f5ca03e16f59beaa25613c1c5c12de,limit_spin_density_zero_rect2x3,rect2x3_hole_3,925,32131,0.0009765625
haxs.stage5c2gR32.g1-quadrature.v1,78c453cf41605a05b3ecd78727794b35,39c424c98d37522db8dd45f4732854d6,limit_spin_density_zero_rect2x3,rect2x3_hole_3,926,32132,0.0009765625
haxs.stage5c2gR32.g1-quadrature.v1,78c453cf41605a05b3ecd78727794b35,cc5e91af39c7526c98fa12f689d84c05,limit_spin_density_zero_rect2x3,rect2x3_hole_3,927,32133,0.0009765625
haxs.stage5c2gR32.g1-quadrature.v1,78c453cf41605a05b3ecd78727794b35,b50b5d0399a65ae08a9eed267f2d82f1,limit_spin_density_zero_rect2x3,rect2x3_hole_3,928,32200,0.0009765625
haxs.stage5c2gR32.g1-quadrature.v1,78c453cf41605a05b3ecd78727794b35,2801f849787d5fe2952188096ab36de3,limit_spin_density_zero_rect2x3,rect2x3_hole_3,929,32201,0.0009765625
haxs.stage5c2gR32.g1-quadrature.v1,78c453cf41605a05b3ecd78727794b35,785ec1f04c7e57d58a1ce433fe575660,limit_spin_density_zero_rect2x3,rect2x3_hole_3,930,32202,0.0009765625
haxs.stage5c2gR32.g1-quadrature.v1,78c453cf41605a05b3ecd78727794b35,c7754df4aa5f5d2ea81dd97ae457d849,limit_spin_density_zero_rect2x3,rect2x3_hole_3,931,32203,0.0009765625
haxs.stage5c2gR32.g1-quadrature.v1,78c453cf41605a05b3ecd78727794b35,4cf88d561ea15c8ab7e9499f51b3c6d9,limit_spin_density_zero_rect2x3,rect2x3_hole_3,932,32210,0.0009765625
haxs.stage5c2gR32.g1-quadrature.v1,78c453cf41605a05b3ecd78727794b35,d1e2a62a3f6d56888ad81a24e2aa39e1,limit_spin_density_zero_rect2x3,rect2x3_hole_3,933,32211,0.0009765625
haxs.stage5c2gR32.g1-quadrature.v1,78c453cf41605a05b3ecd78727794b35,8b7ea13ba9cf53edaccc5b2d65fae61e,limit_spin_density_zero_rect2x3,rect2x3_hole_3,934,32212,0.0009765625
haxs.stage5c2gR32.g1-quadrature.v1,78c453cf41605a05b3ecd78727794b35,b14fd42a2ee05ec6a4978059c7f93b9e,limit_spin_density_zero_rect2x3,rect2x3_hole_3,935,32213,0.0009765625
haxs.stage5c2gR32.g1-quadrature.v1,78c453cf41605a05b3ecd78727794b35,512cefa96770580f8069d61521a15707,limit_spin_density_zero_rect2x3,rect2x3_hole_3,936,32220,0.0009765625
haxs.stage5c2gR32.g1-quadrature.v1,78c453cf41605a05b3ecd78727794b35,76dc7d0434c053399d5061ea432b5946,limit_spin_density_zero_rect2x3,rect2x3_hole_3,937,32221,0.0009765625
haxs.stage5c2gR32.g1-quadrature.v1,78c453cf41605a05b3ecd78727794b35,40c6e47728b250b3a86d2dde8a8365ff,limit_spin_density_zero_rect2x3,rect2x3_hole_3,938,32222,0.0009765625
haxs.stage5c2gR32.g1-quadrature.v1,78c453cf41605a05b3ecd78727794b35,29d3aff211d153edbbb84ad885b921d4,limit_spin_density_zero_rect2x3,rect2x3_hole_3,939,32223,0.0009765625
haxs.stage5c2gR32.g1-quadrature.v1,78c453cf41605a05b3ecd78727794b35,4530d609c15050a6b63c8862cf3e404a,limit_spin_density_zero_rect2x3,rect2x3_hole_3,940,32230,0.0009765625
haxs.stage5c2gR32.g1-quadrature.v1,78c453cf41605a05b3ecd78727794b35,e74c0e94e5cf561ea56c62749163167c,limit_spin_density_zero_rect2x3,rect2x3_hole_3,941,32231,0.0009765625
haxs.stage5c2gR32.g1-quadrature.v1,78c453cf41605a05b3ecd78727794b35,bfe4dc89f2205b12a8b18252741afcfb,limit_spin_density_zero_rect2x3,rect2x3_hole_3,942,32232,0.0009765625
haxs.stage5c2gR32.g1-quadrature.v1,78c453cf41605a05b3ecd78727794b35,c6e66c22f1355a2bb25b39b7f49a43e6,limit_spin_density_zero_rect2x3,rect2x3_hole_3,943,32233,0.0009765625
haxs.stage5c2gR32.g1-quadrature.v1,78c453cf41605a05b3ecd78727794b35,5f82abec5bcd532898a41f5010a3dab7,limit_spin_density_zero_rect2x3,rect2x3_hole_3,944,32300,0.0009765625
haxs.stage5c2gR32.g1-quadrature.v1,78c453cf41605a05b3ecd78727794b35,dffce90effb754f3a78ac07ad21212b3,limit_spin_density_zero_rect2x3,rect2x3_hole_3,945,32301,0.0009765625
haxs.stage5c2gR32.g1-quadrature.v1,78c453cf41605a05b3ecd78727794b35,7b3577b3cfec556bb718b7de9121467c,limit_spin_density_zero_rect2x3,rect2x3_hole_3,946,32302,0.0009765625
haxs.stage5c2gR32.g1-quadrature.v1,78c453cf41605a05b3ecd78727794b35,27b1d6823c5859819ac06f0a309a61ca,limit_spin_density_zero_rect2x3,rect2x3_hole_3,947,32303,0.0009765625
haxs.stage5c2gR32.g1-quadrature.v1,78c453cf41605a05b3ecd78727794b35,aabe1dc72e505d4b80b5b0f9eb9613a1,limit_spin_density_zero_rect2x3,rect2x3_hole_3,948,32310,0.0009765625
haxs.stage5c2gR32.g1-quadrature.v1,78c453cf41605a05b3ecd78727794b35,0f9428aeb3b25d0d967ea88f816927a9,limit_spin_density_zero_rect2x3,rect2x3_hole_3,949,32311,0.0009765625
haxs.stage5c2gR32.g1-quadrature.v1,78c453cf41605a05b3ecd78727794b35,e4ff98e10d5755c092b1879f3d67a6e9,limit_spin_density_zero_rect2x3,rect2x3_hole_3,950,32312,0.0009765625
haxs.stage5c2gR32.g1-quadrature.v1,78c453cf41605a05b3ecd78727794b35,bc5b88de9fa55e1cbbde7576ea38aa6a,limit_spin_density_zero_rect2x3,rect2x3_hole_3,951,32313,0.0009765625
haxs.stage5c2gR32.g1-quadrature.v1,78c453cf41605a05b3ecd78727794b35,f9413c2d0af155ae87710b13f17d406d,limit_spin_density_zero_rect2x3,rect2x3_hole_3,952,32320,0.0009765625
haxs.stage5c2gR32.g1-quadrature.v1,78c453cf41605a05b3ecd78727794b35,7171c268f736523683222889dbdceb23,limit_spin_density_zero_rect2x3,rect2x3_hole_3,953,32321,0.0009765625
haxs.stage5c2gR32.g1-quadrature.v1,78c453cf41605a05b3ecd78727794b35,144e42af547c5941b191c182000471a0,limit_spin_density_zero_rect2x3,rect2x3_hole_3,954,32322,0.0009765625
haxs.stage5c2gR32.g1-quadrature.v1,78c453cf41605a05b3ecd78727794b35,441ed64898a05944991c6428fd528108,limit_spin_density_zero_rect2x3,rect2x3_hole_3,955,32323,0.0009765625
haxs.stage5c2gR32.g1-quadrature.v1,78c453cf41605a05b3ecd78727794b35,b1222a287c0b5b09819aeff915b3d71a,limit_spin_density_zero_rect2x3,rect2x3_hole_3,956,32330,0.0009765625
haxs.stage5c2gR32.g1-quadrature.v1,78c453cf41605a05b3ecd78727794b35,d4eaab5a761254f09d913861613e2a28,limit_spin_density_zero_rect2x3,rect2x3_hole_3,957,32331,0.0009765625
haxs.stage5c2gR32.g1-quadrature.v1,78c453cf41605a05b3ecd78727794b35,d41e54312b7c5feeacb9262b0c9b21e7,limit_spin_density_zero_rect2x3,rect2x3_hole_3,958,32332,0.0009765625
haxs.stage5c2gR32.g1-quadrature.v1,78c453cf41605a05b3ecd78727794b35,67bbf50dea0857baa91afa8f9296ad18,limit_spin_density_zero_rect2x3,rect2x3_hole_3,959,32333,0.0009765625
haxs.stage5c2gR32.g1-quadrature.v1,78c453cf41605a05b3ecd78727794b35,46c2790d07cf53fc967c05614e176fe5,limit_spin_density_zero_rect2x3,rect2x3_hole_3,960,33000,0.0009765625
haxs.stage5c2gR32.g1-quadrature.v1,78c453cf41605a05b3ecd78727794b35,2213026a54b45532bd108aede4d73d6c,limit_spin_density_zero_rect2x3,rect2x3_hole_3,961,33001,0.0009765625
haxs.stage5c2gR32.g1-quadrature.v1,78c453cf41605a05b3ecd78727794b35,9d6299ebb1dc56a8870f6c6d4dd7d8ca,limit_spin_density_zero_rect2x3,rect2x3_hole_3,962,33002,0.0009765625
haxs.stage5c2gR32.g1-quadrature.v1,78c453cf41605a05b3ecd78727794b35,50c83b560d485b7d822425e1ea53a60f,limit_spin_density_zero_rect2x3,rect2x3_hole_3,963,33003,0.0009765625
haxs.stage5c2gR32.g1-quadrature.v1,78c453cf41605a05b3ecd78727794b35,3ecc566eccb85b6a8a203782da632d8d,limit_spin_density_zero_rect2x3,rect2x3_hole_3,964,33010,0.0009765625
haxs.stage5c2gR32.g1-quadrature.v1,78c453cf41605a05b3ecd78727794b35,486291ed71c65d70991865e1a8cd316e,limit_spin_density_zero_rect2x3,rect2x3_hole_3,965,33011,0.0009765625
haxs.stage5c2gR32.g1-quadrature.v1,78c453cf41605a05b3ecd78727794b35,7efc3d722b445ed7bf293b9953207f6a,limit_spin_density_zero_rect2x3,rect2x3_hole_3,966,33012,0.0009765625
haxs.stage5c2gR32.g1-quadrature.v1,78c453cf41605a05b3ecd78727794b35,8c27e237d69b5389be6010b0e66fd5cd,limit_spin_density_zero_rect2x3,rect2x3_hole_3,967,33013,0.0009765625
haxs.stage5c2gR32.g1-quadrature.v1,78c453cf41605a05b3ecd78727794b35,427abcce65fe5489b78641d2089a460b,limit_spin_density_zero_rect2x3,rect2x3_hole_3,968,33020,0.0009765625
haxs.stage5c2gR32.g1-quadrature.v1,78c453cf41605a05b3ecd78727794b35,0fe3a34e58d9594ca4da7e19405f9f22,limit_spin_density_zero_rect2x3,rect2x3_hole_3,969,33021,0.0009765625
haxs.stage5c2gR32.g1-quadrature.v1,78c453cf41605a05b3ecd78727794b35,9f307efb7f9a55adbefcd03d33c10824,limit_spin_density_zero_rect2x3,rect2x3_hole_3,970,33022,0.0009765625
haxs.stage5c2gR32.g1-quadrature.v1,78c453cf41605a05b3ecd78727794b35,361bae1a85bf5bb38e660d081ede620a,limit_spin_density_zero_rect2x3,rect2x3_hole_3,971,33023,0.0009765625
haxs.stage5c2gR32.g1-quadrature.v1,78c453cf41605a05b3ecd78727794b35,bedc36e5b859518f917dba02baf60961,limit_spin_density_zero_rect2x3,rect2x3_hole_3,972,33030,0.0009765625
haxs.stage5c2gR32.g1-quadrature.v1,78c453cf41605a05b3ecd78727794b35,e8cda19ebb5e53b9b03e7cebc0acee06,limit_spin_density_zero_rect2x3,rect2x3_hole_3,973,33031,0.0009765625
haxs.stage5c2gR32.g1-quadrature.v1,78c453cf41605a05b3ecd78727794b35,9d1761038a555d59b4dcf093c178aebc,limit_spin_density_zero_rect2x3,rect2x3_hole_3,974,33032,0.0009765625
haxs.stage5c2gR32.g1-quadrature.v1,78c453cf41605a05b3ecd78727794b35,af99f68cd78f5584929bb69b3f378886,limit_spin_density_zero_rect2x3,rect2x3_hole_3,975,33033,0.0009765625
haxs.stage5c2gR32.g1-quadrature.v1,78c453cf41605a05b3ecd78727794b35,12a1ff3c3ea1558184c090b6bc1919c8,limit_spin_density_zero_rect2x3,rect2x3_hole_3,976,33100,0.0009765625
haxs.stage5c2gR32.g1-quadrature.v1,78c453cf41605a05b3ecd78727794b35,a26d372e04db5c96b50c096b1e7659f1,limit_spin_density_zero_rect2x3,rect2x3_hole_3,977,33101,0.0009765625
haxs.stage5c2gR32.g1-quadrature.v1,78c453cf41605a05b3ecd78727794b35,00202b5ad5ae5a6f8afcb30d04283876,limit_spin_density_zero_rect2x3,rect2x3_hole_3,978,33102,0.0009765625
haxs.stage5c2gR32.g1-quadrature.v1,78c453cf41605a05b3ecd78727794b35,3b6403bf4b2a504caf9bec5a9cb7184d,limit_spin_density_zero_rect2x3,rect2x3_hole_3,979,33103,0.0009765625
haxs.stage5c2gR32.g1-quadrature.v1,78c453cf41605a05b3ecd78727794b35,7503679255d45aa1b5e8c0a6613c5d0f,limit_spin_density_zero_rect2x3,rect2x3_hole_3,980,33110,0.0009765625
haxs.stage5c2gR32.g1-quadrature.v1,78c453cf41605a05b3ecd78727794b35,f4db1789c6e855f2912bd83f450b06ee,limit_spin_density_zero_rect2x3,rect2x3_hole_3,981,33111,0.0009765625
haxs.stage5c2gR32.g1-quadrature.v1,78c453cf41605a05b3ecd78727794b35,91ca7e58abc653fe8fc55955de9fb174,limit_spin_density_zero_rect2x3,rect2x3_hole_3,982,33112,0.0009765625
haxs.stage5c2gR32.g1-quadrature.v1,78c453cf41605a05b3ecd78727794b35,bc1499acbf9f5d8d94f4352427f7dcfa,limit_spin_density_zero_rect2x3,rect2x3_hole_3,983,33113,0.0009765625
haxs.stage5c2gR32.g1-quadrature.v1,78c453cf41605a05b3ecd78727794b35,9a82d818dd955c7aab0f68779726ec31,limit_spin_density_zero_rect2x3,rect2x3_hole_3,984,33120,0.0009765625
haxs.stage5c2gR32.g1-quadrature.v1,78c453cf41605a05b3ecd78727794b35,9e878ecd549c524e813ce1dc79e2d17a,limit_spin_density_zero_rect2x3,rect2x3_hole_3,985,33121,0.0009765625
haxs.stage5c2gR32.g1-quadrature.v1,78c453cf41605a05b3ecd78727794b35,82e450a1c3015d7181d6d0b298e27a17,limit_spin_density_zero_rect2x3,rect2x3_hole_3,986,33122,0.0009765625
haxs.stage5c2gR32.g1-quadrature.v1,78c453cf41605a05b3ecd78727794b35,82e51337304358e0b0add929a7a845f6,limit_spin_density_zero_rect2x3,rect2x3_hole_3,987,33123,0.0009765625
haxs.stage5c2gR32.g1-quadrature.v1,78c453cf41605a05b3ecd78727794b35,1e40aca198f8508e991469eebdfd8d1f,limit_spin_density_zero_rect2x3,rect2x3_hole_3,988,33130,0.0009765625
haxs.stage5c2gR32.g1-quadrature.v1,78c453cf41605a05b3ecd78727794b35,8a7eb1846ff75b7c9878ca4b9db8fc1f,limit_spin_density_zero_rect2x3,rect2x3_hole_3,989,33131,0.0009765625
haxs.stage5c2gR32.g1-quadrature.v1,78c453cf41605a05b3ecd78727794b35,e7292d04feff5369be52f3041461048c,limit_spin_density_zero_rect2x3,rect2x3_hole_3,990,33132,0.0009765625
haxs.stage5c2gR32.g1-quadrature.v1,78c453cf41605a05b3ecd78727794b35,bd285001a54c58edb3de3c8eb23e9633,limit_spin_density_zero_rect2x3,rect2x3_hole_3,991,33133,0.0009765625
haxs.stage5c2gR32.g1-quadrature.v1,78c453cf41605a05b3ecd78727794b35,456a06285b5a5994bde8eab10336e520,limit_spin_density_zero_rect2x3,rect2x3_hole_3,992,33200,0.0009765625
haxs.stage5c2gR32.g1-quadrature.v1,78c453cf41605a05b3ecd78727794b35,2388e2bfd48c595ea97c6ca1c3aa31aa,limit_spin_density_zero_rect2x3,rect2x3_hole_3,993,33201,0.0009765625
haxs.stage5c2gR32.g1-quadrature.v1,78c453cf41605a05b3ecd78727794b35,607ceeed46965f9da1effc994e917943,limit_spin_density_zero_rect2x3,rect2x3_hole_3,994,33202,0.0009765625
haxs.stage5c2gR32.g1-quadrature.v1,78c453cf41605a05b3ecd78727794b35,f7871e4b366956a7a07ab15fe52294de,limit_spin_density_zero_rect2x3,rect2x3_hole_3,995,33203,0.0009765625
haxs.stage5c2gR32.g1-quadrature.v1,78c453cf41605a05b3ecd78727794b35,3e08d3e00b1650c3953a6e9e94bdb15d,limit_spin_density_zero_rect2x3,rect2x3_hole_3,996,33210,0.0009765625
haxs.stage5c2gR32.g1-quadrature.v1,78c453cf41605a05b3ecd78727794b35,07384a0672da57c5a20ca5dfc9332c73,limit_spin_density_zero_rect2x3,rect2x3_hole_3,997,33211,0.0009765625
haxs.stage5c2gR32.g1-quadrature.v1,78c453cf41605a05b3ecd78727794b35,f3d2c23272345cc59e9c8d1d02330c79,limit_spin_density_zero_rect2x3,rect2x3_hole_3,998,33212,0.0009765625
haxs.stage5c2gR32.g1-quadrature.v1,78c453cf41605a05b3ecd78727794b35,9ccec6ab2b5454aca46c246e58559bb0,limit_spin_density_zero_rect2x3,rect2x3_hole_3,999,33213,0.0009765625
haxs.stage5c2gR32.g1-quadrature.v1,78c453cf41605a05b3ecd78727794b35,e927092d67e753899b039e5c60263804,limit_spin_density_zero_rect2x3,rect2x3_hole_3,1000,33220,0.0009765625
haxs.stage5c2gR32.g1-quadrature.v1,78c453cf41605a05b3ecd78727794b35,aa02043f07f1530db497c88f0fcd31d0,limit_spin_density_zero_rect2x3,rect2x3_hole_3,1001,33221,0.0009765625
haxs.stage5c2gR32.g1-quadrature.v1,78c453cf41605a05b3ecd78727794b35,53b5b6ecd4235b2ab27652ebde40e24b,limit_spin_density_zero_rect2x3,rect2x3_hole_3,1002,33222,0.0009765625
haxs.stage5c2gR32.g1-quadrature.v1,78c453cf41605a05b3ecd78727794b35,14f882bc940d58189ab5534cff63a13d,limit_spin_density_zero_rect2x3,rect2x3_hole_3,1003,33223,0.0009765625
haxs.stage5c2gR32.g1-quadrature.v1,78c453cf41605a05b3ecd78727794b35,d4de2ded9368581396cc866cc5021333,limit_spin_density_zero_rect2x3,rect2x3_hole_3,1004,33230,0.0009765625
haxs.stage5c2gR32.g1-quadrature.v1,78c453cf41605a05b3ecd78727794b35,e2ab56fa24af5644b1d283e5d386f762,limit_spin_density_zero_rect2x3,rect2x3_hole_3,1005,33231,0.0009765625
haxs.stage5c2gR32.g1-quadrature.v1,78c453cf41605a05b3ecd78727794b35,5fa92f96f96558c68aa1b61f48f57f73,limit_spin_density_zero_rect2x3,rect2x3_hole_3,1006,33232,0.0009765625
haxs.stage5c2gR32.g1-quadrature.v1,78c453cf41605a05b3ecd78727794b35,4b91131f7b1a5400a7d402430161fcf3,limit_spin_density_zero_rect2x3,rect2x3_hole_3,1007,33233,0.0009765625
haxs.stage5c2gR32.g1-quadrature.v1,78c453cf41605a05b3ecd78727794b35,1b6b7d507d785947b8a71feea574eb6d,limit_spin_density_zero_rect2x3,rect2x3_hole_3,1008,33300,0.0009765625
haxs.stage5c2gR32.g1-quadrature.v1,78c453cf41605a05b3ecd78727794b35,ea6bf0e774cd5ed88467a43eeb5ec505,limit_spin_density_zero_rect2x3,rect2x3_hole_3,1009,33301,0.0009765625
haxs.stage5c2gR32.g1-quadrature.v1,78c453cf41605a05b3ecd78727794b35,883461ee4e8f5d5fa33dff662773e137,limit_spin_density_zero_rect2x3,rect2x3_hole_3,1010,33302,0.0009765625
haxs.stage5c2gR32.g1-quadrature.v1,78c453cf41605a05b3ecd78727794b35,32e4aa295b3659369f6d7435b7fe48fd,limit_spin_density_zero_rect2x3,rect2x3_hole_3,1011,33303,0.0009765625
haxs.stage5c2gR32.g1-quadrature.v1,78c453cf41605a05b3ecd78727794b35,81dab327f6735997aa223341bdd6a01d,limit_spin_density_zero_rect2x3,rect2x3_hole_3,1012,33310,0.0009765625
haxs.stage5c2gR32.g1-quadrature.v1,78c453cf41605a05b3ecd78727794b35,e6214f2541e3525681658cc6680c8845,limit_spin_density_zero_rect2x3,rect2x3_hole_3,1013,33311,0.0009765625
haxs.stage5c2gR32.g1-quadrature.v1,78c453cf41605a05b3ecd78727794b35,3d67615272685516b1c9549c3a6d7fe9,limit_spin_density_zero_rect2x3,rect2x3_hole_3,1014,33312,0.0009765625
haxs.stage5c2gR32.g1-quadrature.v1,78c453cf41605a05b3ecd78727794b35,e9a8cb31ff465049950c7c5929f49d9f,limit_spin_density_zero_rect2x3,rect2x3_hole_3,1015,33313,0.0009765625
haxs.stage5c2gR32.g1-quadrature.v1,78c453cf41605a05b3ecd78727794b35,f1e3062b1f775335a83ee31a11e811d9,limit_spin_density_zero_rect2x3,rect2x3_hole_3,1016,33320,0.0009765625
haxs.stage5c2gR32.g1-quadrature.v1,78c453cf41605a05b3ecd78727794b35,1094991218205951b6c39e99e2c96d92,limit_spin_density_zero_rect2x3,rect2x3_hole_3,1017,33321,0.0009765625
haxs.stage5c2gR32.g1-quadrature.v1,78c453cf41605a05b3ecd78727794b35,73f0b681bcb8544b9521af22bfef1346,limit_spin_density_zero_rect2x3,rect2x3_hole_3,1018,33322,0.0009765625
haxs.stage5c2gR32.g1-quadrature.v1,78c453cf41605a05b3ecd78727794b35,150bb19a70d059cb92c92be318e18217,limit_spin_density_zero_rect2x3,rect2x3_hole_3,1019,33323,0.0009765625
haxs.stage5c2gR32.g1-quadrature.v1,78c453cf41605a05b3ecd78727794b35,85c72f4fada553d698b7abc07ef6f9b6,limit_spin_density_zero_rect2x3,rect2x3_hole_3,1020,33330,0.0009765625
haxs.stage5c2gR32.g1-quadrature.v1,78c453cf41605a05b3ecd78727794b35,6b43723b7d0e5df0a1ce14e9486178ab,limit_spin_density_zero_rect2x3,rect2x3_hole_3,1021,33331,0.0009765625
haxs.stage5c2gR32.g1-quadrature.v1,78c453cf41605a05b3ecd78727794b35,5a4fa7a4df1b5dd8978389c8043ec169,limit_spin_density_zero_rect2x3,rect2x3_hole_3,1022,33332,0.0009765625
haxs.stage5c2gR32.g1-quadrature.v1,78c453cf41605a05b3ecd78727794b35,20b39c11bb3e58fcbee1e8a672c638e9,limit_spin_density_zero_rect2x3,rect2x3_hole_3,1023,33333,0.0009765625
