schema_version,case_id,occupancy_id,seed_index,phase_batch_seed,time,component,mean,standard_error,particle_half_bound,critical_value,simultaneous_lower,simultaneous_upper,cell_reject
haxs.stage5c2gR32.batch-statistics.v1,limit_hopping_zero_chain6,chain6_hole_2,500,3377990615,0.0,Sx,2.5,0.0,2.5,3.9628056733104815,2.5,2.5,False
haxs.stage5c2gR32.batch-statistics.v1,limit_hopping_zero_chain6,chain6_hole_2,500,3377990615,0.0,Sy,0.0166015625,0.0351695986990408,2.5,3.9628056733104815,-0.1227687227526118,0.1559718477526118,False
haxs.stage5c2gR32.batch-statistics.v1,limit_hopping_zero_chain6,chain6_hole_2,500,3377990615,0.0,Sz,-0.0302734375,0.035323214614413664,2.5,3.9628056733104815,-0.17025247277356217,0.10970559777356217,False
haxs.stage5c2gR32.batch-statistics.v1,limit_hopping_zero_chain6,chain6_hole_2,500,3377990615,0.031818181818181815,Sx,2.499675080426819,0.00041007173871016777,2.5,3.9628056733104815,2.498050045814194,2.501300115039444,False
haxs.stage5c2gR32.batch-statistics.v1,limit_hopping_zero_chain6,chain6_hole_2,500,3377990615,0.031818181818181815,Sy,0.016956391565802906,0.03518556663699758,2.5,3.9628056733104815,-0.12247717152193512,0.15638995465354094,False
haxs.stage5c2gR32.batch-statistics.v1,limit_hopping_zero_chain6,chain6_hole_2,500,3377990615,0.031818181818181815,Sz,-0.030273437500042518,0.03532321461441461,2.5,3.9628056733104815,-0.17025247277360844,0.1097055977735234,False
haxs.stage5c2gR32.batch-statistics.v1,limit_hopping_zero_chain6,chain6_hole_2,500,3377990615,0.06363636363636363,Sx,2.4990448548509305,0.0008189258118569205,2.5,3.9628056733104815,2.4957996109976834,2.5022900987041776,False
haxs.stage5c2gR32.batch-statistics.v1,limit_hopping_zero_chain6,chain6_hole_2,500,3377990615,0.06363636363636363,Sy,0.01731427006726601,0.0352099453062958,2.5,3.9628056733104815,-0.12221590094947475,0.15684444108400677,False
haxs.stage5c2gR32.batch-statistics.v1,limit_hopping_zero_chain6,chain6_hole_2,500,3377990615,0.06363636363636363,Sz,-0.03027343750008457,0.03532321461441607,2.5,3.9628056733104815,-0.1702524727736563,0.10970559777348715,False
haxs.stage5c2gR32.batch-statistics.v1,limit_hopping_zero_chain6,chain6_hole_2,500,3377990615,0.09545454545454544,Sx,2.498111152351639,0.0012260085882676473,2.5,3.9628056733104815,2.4932527185625246,2.5029695861407535,False
haxs.stage5c2gR32.batch-statistics.v1,limit_hopping_zero_chain6,chain6_hole_2,500,3377990615,0.09545454545454544,Sy,0.017675572367157232,0.03524272240661785,2.5,3.9628056733104815,-0.12198448792869439,0.15733563266300885,False
haxs.stage5c2gR32.batch-statistics.v1,limit_hopping_zero_chain6,chain6_hole_2,500,3377990615,0.09545454545454544,Sz,-0.030273437500125722,0.035323214614417967,2.5,3.9628056733104815,-0.17025247277370495,0.1097055977734535,False
haxs.stage5c2gR32.batch-statistics.v1,limit_hopping_zero_chain6,chain6_hole_2,500,3377990615,0.12727272727272726,Sx,2.4968758724416134,0.0016307759672522112,2.5,3.9628056733104815,2.4904134241866878,2.503338320696539,False
haxs.stage5c2gR32.batch-statistics.v1,limit_hopping_zero_chain6,chain6_hole_2,500,3377990615,0.12727272727272726,Sy,0.01804058878041083,0.03528385567497834,2.5,3.9628056733104815,-0.12178247466466156,0.1578636522254832,False
haxs.stage5c2gR32.batch-statistics.v1,limit_hopping_zero_chain6,chain6_hole_2,500,3377990615,0.12727272727272726,Sz,-0.030273437500165815,0.0353232146144202,2.5,3.9628056733104815,-0.17025247277375388,0.10970559777342226,False
haxs.stage5c2gR32.batch-statistics.v1,limit_hopping_zero_chain6,chain6_hole_2,500,3377990615,0.15909090909090906,Sx,2.495340986958696,0.0020326978011216143,2.5,3.9628056733104815,2.4872858005802856,2.503396173337107,False
haxs.stage5c2gR32.batch-statistics.v1,limit_hopping_zero_chain6,chain6_hole_2,500,3377990615,0.15909090909090906,Sy,0.018409520482194634,0.03533327281475104,2.5,3.9628056733104815,-0.1216093734847278,0.15842841444911707,False
haxs.stage5c2gR32.batch-statistics.v1,limit_hopping_zero_chain6,chain6_hole_2,500,3377990615,0.15909090909090906,Sz,-0.030273437500204385,0.03532321461442285,2.5,3.9628056733104815,-0.17025247277380298,0.1097055977733942,False
haxs.stage5c2gR32.batch-statistics.v1,limit_hopping_zero_chain6,chain6_hole_2,500,3377990615,0.1909090909090909,Sx,2.4935085486616124,0.0024312624954880044,2.5,3.9628056733104815,2.4838739278511857,2.503143169472039,False
haxs.stage5c2gR32.batch-statistics.v1,limit_hopping_zero_chain6,chain6_hole_2,500,3377990615,0.1909090909090909,Sy,0.01878247501566754,0.03539087158697051,2.5,3.9628056733104815,-0.12146467169258193,0.15902962172391702,False
haxs.stage5c2gR32.batch-statistics.v1,limit_hopping_zero_chain6,chain6_hole_2,500,3377990615,0.1909090909090909,Sz,-0.030273437500241248,0.03532321461442589,2.5,3.9628056733104815,-0.1702524727738519,0.10970559777336938,False
haxs.stage5c2gR32.batch-statistics.v1,limit_hopping_zero_chain6,chain6_hole_2,500,3377990615,0.22272727272727272,Sx,2.4913807062258915,0.0028259817409449174,2.5,3.9628056733104815,2.4801818897502033,2.5025795227015797,False
haxs.stage5c2gR32.batch-statistics.v1,limit_hopping_zero_chain6,chain6_hole_2,500,3377990615,0.22272727272727272,Sy,0.019159462484922073,0.03545652008965575,2.5,3.9628056733104815,-0.1213478364822128,0.15966676145205694,False
haxs.stage5c2gR32.batch-statistics.v1,limit_hopping_zero_chain6,chain6_hole_2,500,3377990615,0.22272727272727272,Sz,-0.030273437500276137,0.03532321461442923,2.5,3.9628056733104815,-0.1702524727739,0.10970559777334771,False
haxs.stage5c2gR32.batch-statistics.v1,limit_hopping_zero_chain6,chain6_hole_2,500,3377990615,0.2545454545454545,Sx,2.488959725157493,0.0032163953060624076,2.5,3.9628056733104815,2.47621377559102,2.5017056747239663,False
haxs.stage5c2gR32.batch-statistics.v1,limit_hopping_zero_chain6,chain6_hole_2,500,3377990615,0.2545454545454545,Sy,0.0195403925182155,0.03553005725428445,2.5,3.9628056733104815,-0.12125831994210916,0.16033910497854015,False
haxs.stage5c2gR32.batch-statistics.v1,limit_hopping_zero_chain6,chain6_hole_2,500,3377990615,0.2545454545454545,Sz,-0.03027343750030896,0.03532321461443275,2.5,3.9628056733104815,-0.17025247277394678,0.10970559777332888,False
haxs.stage5c2gR32.batch-statistics.v1,limit_hopping_zero_chain6,chain6_hole_2,500,3377990615,0.2863636363636363,Sx,2.4862480139575887,0.003602075799225578,2.5,3.9628056733104815,2.471973687544723,2.500522340370454,False
haxs.stage5c2gR32.batch-statistics.v1,limit_hopping_zero_chain6,chain6_hole_2,500,3377990615,0.2863636363636363,Sy,0.019925072083554915,0.03561129359003484,2.5,3.9628056733104815,-0.12119556418896034,0.16104570835607018,False
haxs.stage5c2gR32.batch-statistics.v1,limit_hopping_zero_chain6,chain6_hole_2,500,3377990615,0.2863636363636363,Sz,-0.03027343750033949,0.035323214614436514,2.5,3.9628056733104815,-0.17025247277399222,0.10970559777331325,False
haxs.stage5c2gR32.batch-statistics.v1,limit_hopping_zero_chain6,chain6_hole_2,500,3377990615,0.3181818181818181,Sx,2.483248154686242,0.003982633287714948,2.5,3.9628056733104815,2.46746575289897,2.4990305564735142,False
haxs.stage5c2gR32.batch-statistics.v1,limit_hopping_zero_chain6,chain6_hole_2,500,3377990615,0.3181818181818181,Sy,0.020313204233040158,0.03570001220573589,2.5,3.9628056733104815,-0.12115900667310346,0.16178541513918376,False
haxs.stage5c2gR32.batch-statistics.v1,limit_hopping_zero_chain6,chain6_hole_2,500,3377990615,0.3181818181818181,Sz,-0.030273437500367713,0.0353232146144404,2.5,3.9628056733104815,-0.17025247277403582,0.10970559777330041,False
haxs.stage5c2gR32.batch-statistics.v1,limit_hopping_zero_chain6,chain6_hole_2,500,3377990615,0.35,Sx,2.479962936895719,0.004357719648396546,2.5,3.9628056733104815,2.462694140750356,2.4972317330410814,False
haxs.stage5c2gR32.batch-statistics.v1,limit_hopping_zero_chain6,chain6_hole_2,500,3377990615,0.35,Sy,0.02070438784423907,0.03579597013642463,2.5,3.9628056733104815,-0.12114808569403702,0.16255686138251516,False
haxs.stage5c2gR32.batch-statistics.v1,limit_hopping_zero_chain6,chain6_hole_2,500,3377990615,0.35,Sz,-0.030273437500393494,0.03532321461444437,2.5,3.9628056733104815,-0.17025247277407735,0.10970559777329036,False
haxs.stage5c2gR32.batch-statistics.v1,limit_hopping_zero_chain6,chain6_hole_2,500,3377990615,0.3818181818181818,Sx,2.4763953937449052,0.0047270325169004885,2.5,3.9628056733104815,2.4576630824690087,2.495127705020802,False
haxs.stage5c2gR32.batch-statistics.v1,limit_hopping_zero_chain6,chain6_hole_2,500,3377990615,0.3818181818181818,Sy,0.021098118416523187,0.035898899995911566,2.5,3.9628056733104815,-0.12116224615288078,0.16335848298592714,False
haxs.stage5c2gR32.batch-statistics.v1,limit_hopping_zero_chain6,chain6_hole_2,500,3377990615,0.3818181818181818,Sz,-0.030273437500416906,0.035323214614448456,2.5,3.9628056733104815,-0.17025247277411698,0.10970559777328316,False
haxs.stage5c2gR32.batch-statistics.v1,limit_hopping_zero_chain6,chain6_hole_2,500,3377990615,0.4136363636363636,Sx,2.472548838973,0.0050903187021288186,2.5,3.9628056733104815,2.4523768951412457,2.4927207828047546,False
haxs.stage5c2gR32.batch-statistics.v1,limit_hopping_zero_chain6,chain6_hole_2,500,3377990615,0.4136363636363636,Sy,0.021493789968102434,0.0360085119688093,2.5,3.9628056733104815,-0.12120094554936343,0.1641885254855683,False
haxs.stage5c2gR32.batch-statistics.v1,limit_hopping_zero_chain6,chain6_hole_2,500,3377990615,0.4136363636363636,Sz,-0.03027343750043798,0.035323214614452446,2.5,3.9628056733104815,-0.17025247277415384,0.10970559777327787,False
haxs.stage5c2gR32.batch-statistics.v1,limit_hopping_zero_chain6,chain6_hole_2,500,3377990615,0.44545454545454544,Sx,2.468426903313948,0.005447376940624799,2.5,3.9628056733104815,2.4468400070689795,2.4900137995589167,False
haxs.stage5c2gR32.batch-statistics.v1,limit_hopping_zero_chain6,chain6_hole_2,500,3377990615,0.44545454545454544,Sy,0.0218906980658722,0.03612449614525213,2.5,3.9628056733104815,-0.12126366020401556,0.16504505633575997,False
haxs.stage5c2gR32.batch-statistics.v1,limit_hopping_zero_chain6,chain6_hole_2,500,3377990615,0.44545454545454544,Sz,-0.030273437500456656,0.03532321461445637,2.5,3.9628056733104815,-0.1702524727741881,0.10970559777327477,False
haxs.stage5c2gR32.batch-statistics.v1,limit_hopping_zero_chain6,chain6_hole_2,500,3377990615,0.47727272727272724,Sx,2.464033568878687,0.005798059880383547,2.5,3.9628056733104815,2.441056984290509,2.4870101534668647,False
haxs.stage5c2gR32.batch-statistics.v1,limit_hopping_zero_chain6,chain6_hole_2,500,3377990615,0.47727272727272724,Sy,0.022288044005627533,0.03624652518931773,2.5,3.9628056733104815,-0.12134989165239204,0.1659259796636471,False
haxs.stage5c2gR32.batch-statistics.v1,limit_hopping_zero_chain6,chain6_hole_2,500,3377990615,0.47727272727272724,Sz,-0.03027343750047311,0.03532321461446016,2.5,3.9628056733104815,-0.17025247277421957,0.10970559777327334,False
haxs.stage5c2gR32.batch-statistics.v1,limit_hopping_zero_chain6,chain6_hole_2,500,3377990615,0.509090909090909,Sx,2.4593732000272133,0.006142275205103916,2.5,3.9628056733104815,2.435032556997393,2.4837138430570334,False
haxs.stage5c2gR32.batch-statistics.v1,limit_hopping_zero_chain6,chain6_hole_2,500,3377990615,0.509090909090909,Sy,0.022684940145189212,0.036374257318428936,2.5,3.9628056733104815,-0.12145917311873627,0.1668290534091147,False
haxs.stage5c2gR32.batch-statistics.v1,limit_hopping_zero_chain6,chain6_hole_2,500,3377990615,0.509090909090909,Sz,-0.03027343750048738,0.03532321461446388,2.5,3.9628056733104815,-0.17025247277424857,0.1097055977732738,False
haxs.stage5c2gR32.batch-statistics.v1,limit_hopping_zero_chain6,chain6_hole_2,500,3377990615,0.5409090909090909,Sx,2.4544505692974123,0.006479985836213167,2.5,3.9628056733104815,2.428771644662695,2.4801294939321297,False
haxs.stage5c2gR32.batch-statistics.v1,limit_hopping_zero_chain6,chain6_hole_2,500,3377990615,0.5409090909090909,Sy,0.023080416378006736,0.03650733955637007,2.5,3.9628056733104815,-0.12159107593344873,0.1677519086894622,False
haxs.stage5c2gR32.batch-statistics.v1,limit_hopping_zero_chain6,chain6_hole_2,500,3377990615,0.5409090909090909,Sz,-0.030273437500499604,0.03532321461446726,2.5,3.9628056733104815,-0.17025247277427416,0.10970559777327496,False
haxs.stage5c2gR32.batch-statistics.v1,limit_hopping_zero_chain6,chain6_hole_2,500,3377990615,0.5727272727272726,Sx,2.449270877055874,0.0068112091794728415,2.5,3.9628056733104815,2.4222793786773544,2.4762623754343935,False
haxs.stage5c2gR32.batch-statistics.v1,limit_hopping_zero_chain6,chain6_hole_2,500,3377990615,0.5727272727272726,Sy,0.02347342772031071,0.0366454112077535,2.5,3.9628056733104815,-0.12174521571457035,0.16869207115519178,False
haxs.stage5c2gR32.batch-statistics.v1,limit_hopping_zero_chain6,chain6_hole_2,500,3377990615,0.5727272727272726,Sz,-0.030273437500509853,0.03532321461447043,2.5,3.9628056733104815,-0.17025247277429698,0.10970559777327728,False
haxs.stage5c2gR32.batch-statistics.v1,limit_hopping_zero_chain6,chain6_hole_2,500,3377990615,0.6045454545454545,Sx,2.443839763682242,0.007136015413741315,2.5,3.9628056733104815,2.415561121315837,2.472118406048647,False
haxs.stage5c2gR32.batch-statistics.v1,limit_hopping_zero_chain6,chain6_hole_2,500,3377990615,0.6045454545454545,Sy,0.023862862971208633,0.036788107487663396,2.5,3.9628056733104815,-0.1219212580912597,0.16964698403367695,False
haxs.stage5c2gR32.batch-statistics.v1,limit_hopping_zero_chain6,chain6_hole_2,500,3377990615,0.6045454545454545,Sz,-0.030273437500518186,0.035323214614473214,2.5,3.9628056733104815,-0.17025247277431635,0.10970559777327997,False
haxs.stage5c2gR32.batch-statistics.v1,limit_hopping_zero_chain6,chain6_hole_2,500,3377990615,0.6363636363636362,Sx,2.438163313291337,0.007454524849800568,2.5,3.9628056733104815,2.4086224799247136,2.467704146657961,False
haxs.stage5c2gR32.batch-statistics.v1,limit_hopping_zero_chain6,chain6_hole_2,500,3377990615,0.6363636363636362,Sy,0.024247554392550934,0.03693506322770557,2.5,3.9628056733104815,-0.12211892371028202,0.1706140324953839,False
haxs.stage5c2gR32.batch-statistics.v1,limit_hopping_zero_chain6,chain6_hole_2,500,3377990615,0.6363636363636362,Sz,-0.030273437500524768,0.03532321461447573,2.5,3.9628056733104815,-0.17025247277433292,0.10970559777328337,False
haxs.stage5c2gR32.batch-statistics.v1,limit_hopping_zero_chain6,chain6_hole_2,500,3377990615,0.6681818181818181,Sx,2.432248048228488,0.007766904415625309,2.5,3.9628056733104815,2.4014693153461875,2.463026781110788,False
haxs.stage5c2gR32.batch-statistics.v1,limit_hopping_zero_chain6,chain6_hole_2,500,3377990615,0.6681818181818181,Sy,0.02462628834405253,0.03708591656969139,2.5,3.9628056733104815,-0.12233799223823968,0.17159056892634475,False
haxs.stage5c2gR32.batch-statistics.v1,limit_hopping_zero_chain6,chain6_hole_2,500,3377990615,0.6681818181818181,Sz,-0.03027343750052967,0.035323214614477724,2.5,3.9628056733104815,-0.1702524727743457,0.10970559777328635,False
haxs.stage5c2gR32.batch-statistics.v1,limit_hopping_zero_chain6,chain6_hole_2,500,3377990615,0.7,Sx,2.4261009138373413,0.008073363350086335,2.5,3.9628056733104815,2.394107743750922,2.4580940839237604,False
haxs.stage5c2gR32.batch-statistics.v1,limit_hopping_zero_chain6,chain6_hole_2,500,3377990615,0.7,Sy,0.024997816799083458,0.037240312551524664,2.5,3.9628056733104815,-0.122578305055954,0.1725739386541209,False
haxs.stage5c2gR32.batch-statistics.v1,limit_hopping_zero_chain6,chain6_hole_2,500,3377990615,0.7,Sz,-0.03027343750053289,0.03532321461447941,2.5,3.9628056733104815,-0.1702524727743556,0.10970559777328982,False
haxs.stage5c2gR32.batch-statistics.v1,limit_hopping_zero_chain6,chain6_hole_2,500,3377990615,0.7318181818181817,Sx,2.4197292532867962,0.008374148209297159,2.5,3.9628056733104815,2.3865441312538507,2.4529143753197418,False
haxs.stage5c2gR32.batch-statistics.v1,limit_hopping_zero_chain6,chain6_hole_2,500,3377990615,0.7318181818181817,Sy,0.02536086965762674,0.03739790648721127,2.5,3.9628056733104815,-0.12283976633982896,0.17356150565508244,False
haxs.stage5c2gR32.batch-statistics.v1,limit_hopping_zero_chain6,chain6_hole_2,500,3377990615,0.7318181818181817,Sz,-0.030273437500534607,0.03532321461448057,2.5,3.9628056733104815,-0.17025247277436192,0.10970559777329272,False
haxs.stage5c2gR32.batch-statistics.v1,limit_hopping_zero_chain6,chain6_hole_2,500,3377990615,0.7636363636363636,Sx,2.4131407725463356,0.008669537308503401,2.5,3.9628056733104815,2.3787850809152213,2.44749646417745,False
haxs.stage5c2gR32.batch-statistics.v1,limit_hopping_zero_chain6,chain6_hole_2,500,3377990615,0.7636363636363636,Sy,0.0257141677649633,0.03755836704474055,2.5,3.9628056733104815,-0.12312234224021196,0.17455067777013855,False
haxs.stage5c2gR32.batch-statistics.v1,limit_hopping_zero_chain6,chain6_hole_2,500,3377990615,0.7636363636363636,Sz,-0.030273437500534826,0.03532321461448131,2.5,3.9628056733104815,-0.1702524727743651,0.10970559777329544,False
haxs.stage5c2gR32.batch-statistics.v1,limit_hopping_zero_chain6,chain6_hole_2,500,3377990615,0.7954545454545454,Sx,2.406343495908339,0.008959834737732215,2.5,3.9628056733104815,2.3708374119777296,2.4418495798389483,False
haxs.stage5c2gR32.batch-statistics.v1,limit_hopping_zero_chain6,chain6_hole_2,500,3377990615,0.7954545454545454,Sy,0.02605643653738383,0.03772137893207473,2.5,3.9628056733104815,-0.12342605789973639,0.17553893097450404,False
haxs.stage5c2gR32.batch-statistics.v1,limit_hopping_zero_chain6,chain6_hole_2,500,3377990615,0.7954545454545454,Sz,-0.03027343750053347,0.035323214614481534,2.5,3.9628056733104815,-0.1702524727743646,0.10970559777329766,False
haxs.stage5c2gR32.batch-statistics.v1,limit_hopping_zero_chain6,chain6_hole_2,500,3377990615,0.8272727272727272,Sx,2.399345712762216,0.00924536410162329,2.5,3.9628056733104815,2.3627081314484824,2.43598329407595,False
haxs.stage5c2gR32.batch-statistics.v1,limit_hopping_zero_chain6,chain6_hole_2,500,3377990615,0.8272727272727272,Sy,0.026386420089355565,0.037886645112508326,2.5,3.9628056733104815,-0.12375099210519325,0.1765238322839044,False
haxs.stage5c2gR32.batch-statistics.v1,limit_hopping_zero_chain6,chain6_hole_2,500,3377990615,0.8272727272727272,Sz,-0.030273437500530624,0.03532321461448127,2.5,3.9628056733104815,-0.17025247277436073,0.10970559777329947,False
haxs.stage5c2gR32.batch-statistics.v1,limit_hopping_zero_chain6,chain6_hole_2,500,3377990615,0.859090909090909,Sx,2.3921559166187087,0.00952646214314341,2.5,3.9628056733104815,2.3544043983912823,2.429907434846135,False
haxs.stage5c2gR32.batch-statistics.v1,limit_hopping_zero_chain6,chain6_hole_2,500,3377990615,0.859090909090909,Sy,0.02670289574974261,0.03805388848576435,2.5,3.9628056733104815,-0.12409726943316879,0.177503060932654,False
haxs.stage5c2gR32.batch-statistics.v1,limit_hopping_zero_chain6,chain6_hole_2,500,3377990615,0.859090909090909,Sz,-0.03027343750052627,0.03532321461448049,2.5,3.9628056733104815,-0.1702524727743533,0.10970559777330074,False
haxs.stage5c2gR32.batch-statistics.v1,limit_hopping_zero_chain6,chain6_hole_2,500,3377990615,0.8909090909090909,Sx,2.3847827376548767,0.009803472417199642,2.5,3.9628056733104815,2.3459334815418553,2.423631993767898,False
haxs.stage5c2gR32.batch-statistics.v1,limit_hopping_zero_chain6,chain6_hole_2,500,3377990615,0.8909090909090909,Sy,0.027004688847625916,0.0382228529896302,2.5,3.9628056733104815,-0.12446504982979315,0.17847442752504497,False
haxs.stage5c2gR32.batch-statistics.v1,limit_hopping_zero_chain6,chain6_hole_2,500,3377990615,0.8909090909090909,Sz,-0.0302734375005205,0.03532321461447927,2.5,3.9628056733104815,-0.17025247277434266,0.10970559777330166,False
haxs.stage5c2gR32.batch-statistics.v1,limit_hopping_zero_chain6,chain6_hole_2,500,3377990615,0.9227272727272726,Sx,2.3772348702890334,0.01007673918315783,2.5,3.9628056733104815,2.3373027110855453,2.4171670294925214,False
haxs.stage5c2gR32.batch-statistics.v1,limit_hopping_zero_chain6,chain6_hole_2,500,3377990615,0.9227272727272726,Sy,0.027290687640768252,0.038393304097694536,2.5,3.9628056733104815,-0.1248545156547102,0.1794358909362467,False
haxs.stage5c2gR32.batch-statistics.v1,limit_hopping_zero_chain6,chain6_hole_2,500,3377990615,0.9227272727272726,Sz,-0.030273437500513232,0.03532321461447758,2.5,3.9628056733104815,-0.1702524727743287,0.10970559777330224,False
haxs.stage5c2gR32.batch-statistics.v1,limit_hopping_zero_chain6,chain6_hole_2,500,3377990615,0.9545454545454545,Sx,2.3695209974927547,0.010346601684272474,2.5,3.9628056733104815,2.3285194256388357,2.4105225693466736,False
haxs.stage5c2gR32.batch-statistics.v1,limit_hopping_zero_chain6,chain6_hole_2,500,3377990615,0.9545454545454545,Sy,0.027559858251724644,0.038565028710645696,2.5,3.9628056733104815,-0.12526585631420373,0.180385572817653,False
haxs.stage5c2gR32.batch-statistics.v1,limit_hopping_zero_chain6,chain6_hole_2,500,3377990615,0.9545454545454545,Sz,-0.030273437500504465,0.0353232146144755,2.5,3.9628056733104815,-0.17025247277431166,0.10970559777330274,False
haxs.stage5c2gR32.batch-statistics.v1,limit_hopping_zero_chain6,chain6_hole_2,500,3377990615,0.9863636363636362,Sx,2.3616497136920893,0.010613388976148297,2.5,3.9628056733104815,2.319590915644358,2.4037085117398207,False
haxs.stage5c2gR32.batch-statistics.v1,limit_hopping_zero_chain6,chain6_hole_2,500,3377990615,0.9863636363636362,Sy,0.027811259468011433,0.03873783446037723,2.5,3.9628056733104815,-0.1256992507033337,0.1813217696393566,False
haxs.stage5c2gR32.batch-statistics.v1,limit_hopping_zero_chain6,chain6_hole_2,500,3377990615,0.9863636363636362,Sz,-0.030273437500494223,0.03532321461447293,2.5,3.9628056733104815,-0.17025247277429126,0.10970559777330283,False
haxs.stage5c2gR32.batch-statistics.v1,limit_hopping_zero_chain6,chain6_hole_2,500,3377990615,1.018181818181818,Sx,2.353629448195655,0.010877415454640098,2.5,3.9628056733104815,2.310524364521052,2.396734531870258,False
haxs.stage5c2gR32.batch-statistics.v1,limit_hopping_zero_chain6,chain6_hole_2,500,3377990615,1.018181818181818,Sy,0.028044057253778808,0.03891154846659071,2.5,3.9628056733104815,-0.1261548477669226,0.18224296227448022,False
haxs.stage5c2gR32.batch-statistics.v1,limit_hopping_zero_chain6,chain6_hole_2,500,3377990615,1.018181818181818,Sz,-0.030273437500482593,0.035323214614470175,2.5,3.9628056733104815,-0.17025247277426872,0.10970559777330355,False
haxs.stage5c2gR32.batch-statistics.v1,limit_hopping_zero_chain6,chain6_hole_2,500,3377990615,1.0499999999999998,Sx,2.345468391105875,0.011138977215267734,2.5,3.9628056733104815,2.301326789002336,2.3896099932094144,False
haxs.stage5c2gR32.batch-statistics.v1,limit_hopping_zero_chain6,chain6_hole_2,500,3377990615,1.0499999999999998,Sy,0.028257538811335532,0.03908601560359255,2.5,3.9628056733104815,-0.12663274556968304,0.1831478231923541,False
haxs.stage5c2gR32.batch-statistics.v1,limit_hopping_zero_chain6,chain6_hole_2,500,3377990615,1.0499999999999998,Sz,-0.03027343750046959,0.03532321461446695,2.5,3.9628056733104815,-0.17025247277424294,0.10970559777330374,False
haxs.stage5c2gR32.batch-statistics.v1,limit_hopping_zero_chain6,chain6_hole_2,500,3377990615,1.0818181818181818,Sx,2.33717442361642,0.011398349350878374,2.5,3.9628056733104815,2.292004980142384,2.3823438670904555,False
haxs.stage5c2gR32.batch-statistics.v1,limit_hopping_zero_chain6,chain6_hole_2,500,3377990615,1.0818181818181818,Sy,0.02845112602204831,0.039261096349686574,2.5,3.9628056733104815,-0.1271329693328791,0.1840352213769757,False
haxs.stage5c2gR32.batch-statistics.v1,limit_hopping_zero_chain6,chain6_hole_2,500,3377990615,1.0818181818181818,Sz,-0.030273437500455174,0.03532321461446355,2.5,3.9628056733104815,-0.170252472774215,0.10970559777330467,False
haxs.stage5c2gR32.batch-statistics.v1,limit_hopping_zero_chain6,chain6_hole_2,500,3377990615,1.1136363636363635,Sx,2.328755054474158,0.011655784262080622,2.5,3.9628056733104815,2.282565446473502,2.3749446624748143,False
haxs.stage5c2gR32.batch-statistics.v1,limit_hopping_zero_chain6,chain6_hole_2,500,3377990615,1.1136363636363635,Sy,0.028624388088028998,0.03943666430237608,2.5,3.9628056733104815,-0.12765544894586786,0.18490422512192586,False
haxs.stage5c2gR32.batch-statistics.v1,limit_hopping_zero_chain6,chain6_hole_2,500,3377990615,1.1136363636363635,Sz,-0.0302734375004396,0.035323214614460044,2.5,3.9628056733104815,-0.17025247277418556,0.10970559777330638,False
haxs.stage5c2gR32.batch-statistics.v1,limit_hopping_zero_chain6,chain6_hole_2,500,3377990615,1.1454545454545453,Sx,2.3202173641890638,0.01191151101673386,2.5,3.9628056733104815,2.2730143607542503,2.367420367623877,False
haxs.stage5c2gR32.batch-statistics.v1,limit_hopping_zero_chain6,chain6_hole_2,500,3377990615,1.1454545454545453,Sy,0.028777053189158998,0.039612603449246206,2.5,3.9628056733104815,-0.12819999649411223,0.18575410287243022,False
haxs.stage5c2gR32.batch-statistics.v1,limit_hopping_zero_chain6,chain6_hole_2,500,3377990615,1.1454545454545453,Sz,-0.030273437500422752,0.03532321461445637,2.5,3.9628056733104815,-0.17025247277415417,0.10970559777330868,False
haxs.stage5c2gR32.batch-statistics.v1,limit_hopping_zero_chain6,chain6_hole_2,500,3377990615,1.1772727272727272,Sx,2.3115679583171262,0.012165735752011023,2.5,3.9628056733104815,2.263357511659061,2.3597784049751915,False
haxs.stage5c2gR32.batch-statistics.v1,limit_hopping_zero_chain6,chain6_hole_2,500,3377990615,1.1772727272727272,Sy,0.02890901896491107,0.03978880528694262,2.5,3.9628056733104815,-0.12876628436043122,0.18658432229025337,False
haxs.stage5c2gR32.batch-statistics.v1,limit_hopping_zero_chain6,chain6_hole_2,500,3377990615,1.1772727272727272,Sz,-0.03027343750040478,0.03532321461445268,2.5,3.9628056733104815,-0.1702524727741216,0.10970559777331201,False
haxs.stage5c2gR32.batch-statistics.v1,limit_hopping_zero_chain6,chain6_hole_2,500,3377990615,1.209090909090909,Sx,2.3028129308301715,0.012418643067374238,2.5,3.9628056733104815,2.253600261627963,2.35202560003238,False
haxs.stage5c2gR32.batch-statistics.v1,limit_hopping_zero_chain6,chain6_hole_2,500,3377990615,1.209090909090909,Sy,0.02902036162765642,0.03996516587944325,2.5,3.9628056733104815,-0.12935382445419577,0.1873945477095086,False
haxs.stage5c2gR32.batch-statistics.v1,limit_hopping_zero_chain6,chain6_hole_2,500,3377990615,1.209090909090909,Sz,-0.030273437500385893,0.03532321461444894,2.5,3.9628056733104815,-0.17025247277408787,0.1097055977733161,False
haxs.stage5c2gR32.batch-statistics.v1,limit_hopping_zero_chain6,chain6_hole_2,500,3377990615,1.2409090909090907,Sx,2.2939578382357935,0.012670398311759463,2.5,3.9628056733104815,2.2437475119228494,2.3441681645487376,False
haxs.stage5c2gR32.batch-statistics.v1,limit_hopping_zero_chain6,chain6_hole_2,500,3377990615,1.2409090909090907,Sy,0.02911134351419658,0.04014158294238801,2.5,3.9628056733104815,-0.12996194910556186,0.18818463613395503,False
haxs.stage5c2gR32.batch-statistics.v1,limit_hopping_zero_chain6,chain6_hole_2,500,3377990615,1.2409090909090907,Sz,-0.030273437500366256,0.0353232146144454,2.5,3.9628056733104815,-0.17025247277405423,0.1097055977733217,False
haxs.stage5c2gR32.batch-statistics.v1,limit_hopping_zero_chain6,chain6_hole_2,500,3377990615,1.2727272727272725,Sx,2.2850076847365206,0.012921150626112174,2.5,3.9628056733104815,2.233803675729664,2.336211693743377,False
haxs.stage5c2gR32.batch-statistics.v1,limit_hopping_zero_chain6,chain6_hole_2,500,3377990615,1.2727272727272725,Sy,0.029182418885619187,0.04031795303331589,2.5,3.9628056733104815,-0.13058979413107055,0.1889546319023089,False
haxs.stage5c2gR32.batch-statistics.v1,limit_hopping_zero_chain6,chain6_hole_2,500,3377990615,1.2727272727272725,Sz,-0.030273437500345807,0.035323214614442024,2.5,3.9628056733104815,-0.17025247277402036,0.10970559777332875,False
haxs.stage5c2gR32.batch-statistics.v1,limit_hopping_zero_chain6,chain6_hole_2,500,3377990615,1.3045454545454545,Sx,2.275966918338366,0.013171036565873522,2.5,3.9628056733104815,2.223772659911743,2.3281611767649895,False
haxs.stage5c2gR32.batch-statistics.v1,limit_hopping_zero_chain6,chain6_hole_2,500,3377990615,1.3045454545454545,Sy,0.029234237792694597,0.040494168919055766,2.5,3.9628056733104815,-0.13123628453573255,0.18970476012112175,False
haxs.stage5c2gR32.batch-statistics.v1,limit_hopping_zero_chain6,chain6_hole_2,500,3377990615,1.3045454545454545,Sz,-0.030273437500324882,0.03532321461443883,2.5,3.9628056733104815,-0.1702524727739868,0.10970559777333705,False
haxs.stage5c2gR32.batch-statistics.v1,limit_hopping_zero_chain6,chain6_hole_2,500,3377990615,1.3363636363636362,Sx,2.2668394374535517,0.01342018409951663,2.5,3.9628056733104815,2.213657855767116,2.3200210191399875,False
haxs.stage5c2gR32.batch-statistics.v1,limit_hopping_zero_chain6,chain6_hole_2,500,3377990615,1.3363636363636362,Sy,0.029267647835325414,0.040670117182017865,2.5,3.9628056733104815,-0.13190012326777706,0.19043541893842791,False
haxs.stage5c2gR32.batch-statistics.v1,limit_hopping_zero_chain6,chain6_hole_2,500,3377990615,1.3363636363636362,Sz,-0.03027343750030361,0.035323214614435966,2.5,3.9628056733104815,-0.17025247277395417,0.10970559777334693,False
haxs.stage5c2gR32.batch-statistics.v1,limit_hopping_zero_chain6,chain6_hole_2,500,3377990615,1.368181818181818,Sx,2.257628607207508,0.013668716760733456,2.5,3.9628056733104815,2.203462138881199,2.3117950755338166,False
haxs.stage5c2gR32.batch-statistics.v1,limit_hopping_zero_chain6,chain6_hole_2,500,3377990615,1.368181818181818,Sy,0.029283693660441104,0.04084567611746784,2.5,3.9628056733104815,-0.13257978338806287,0.1911471707089451,False
haxs.stage5c2gR32.batch-statistics.v1,limit_hopping_zero_chain6,chain6_hole_2,500,3377990615,1.368181818181818,Sz,-0.030273437500282198,0.03532321461443337,2.5,3.9628056733104815,-0.17025247277392247,0.10970559777335809,False
haxs.stage5c2gR32.batch-statistics.v1,limit_hopping_zero_chain6,chain6_hole_2,500,3377990615,1.4,Sx,2.248337284374187,0.013916757724686885,2.5,3.9628056733104815,2.1931878779087106,2.3034866908396636,False
haxs.stage5c2gR32.batch-statistics.v1,limit_hopping_zero_chain6,chain6_hole_2,500,3377990615,1.4,Sy,0.02928361406357119,0.041020713964624325,2.5,3.9628056733104815,-0.1332735039586886,0.19184073208583097,False
haxs.stage5c2gR32.batch-statistics.v1,limit_hopping_zero_chain6,chain6_hole_2,500,3377990615,1.4,Sz,-0.030273437500260746,0.03532321461443124,2.5,3.9628056733104815,-0.17025247277389258,0.10970559777337109,False
haxs.stage5c2gR32.batch-statistics.v1,limit_hopping_zero_chain6,chain6_hole_2,501,2359067783,0.0,Sx,2.5,0.0,2.5,3.9628056733104815,2.5,2.5,False
haxs.stage5c2gR32.batch-statistics.v1,limit_hopping_zero_chain6,chain6_hole_2,501,2359067783,0.0,Sy,0.029296875,0.034834186098275086,2.5,3.9628056733104815,-0.10874423529539762,0.16733798529539762,False
haxs.stage5c2gR32.batch-statistics.v1,limit_hopping_zero_chain6,chain6_hole_2,501,2359067783,0.0,Sz,-0.0390625,0.03539578270262886,2.5,3.9628056733104815,-0.17932910850524264,0.10120410850524264,False
haxs.stage5c2gR32.batch-statistics.v1,limit_hopping_zero_chain6,chain6_hole_2,501,2359067783,0.031818181818181815,Sx,2.5002926052570267,0.0004017233900135574,2.5,3.9628056733104815,2.4987006535279797,2.5018845569860737,False
haxs.stage5c2gR32.batch-statistics.v1,limit_hopping_zero_chain6,chain6_hole_2,501,2359067783,0.031818181818181815,Sy,0.029801419038483403,0.034831723297260926,2.5,3.9628056733104815,-0.10822993165508307,0.16783276973204989,False
haxs.stage5c2gR32.batch-statistics.v1,limit_hopping_zero_chain6,chain6_hole_2,501,2359067783,0.031818181818181815,Sz,-0.03906250000004144,0.03539578270263004,2.5,3.9628056733104815,-0.17932910850528877,0.10120410850520589,False
haxs.stage5c2gR32.batch-statistics.v1,limit_hopping_zero_chain6,chain6_hole_2,501,2359067783,0.06363636363636363,Sx,2.5002599129403564,0.0008030789082891085,2.5,3.9628056733104815,2.497077467286472,2.5034423585942407,False
haxs.stage5c2gR32.batch-statistics.v1,limit_hopping_zero_chain6,chain6_hole_2,501,2359067783,0.06363636363636363,Sy,0.03030561379979026,0.03483761717275086,2.5,3.9628056733104815,-0.1077490931770055,0.16836032077658603,False
haxs.stage5c2gR32.batch-statistics.v1,limit_hopping_zero_chain6,chain6_hole_2,501,2359067783,0.06363636363636363,Sz,-0.03906250000008252,0.03539578270263167,2.5,3.9628056733104815,-0.17932910850533632,0.10120410850517128,False
haxs.stage5c2gR32.batch-statistics.v1,limit_hopping_zero_chain6,chain6_hole_2,501,2359067783,0.09545454545454544,Sx,2.4998996724947755,0.001203553446090249,2.5,3.9628056733104815,2.495130224070477,2.504669120919074,False
haxs.stage5c2gR32.batch-statistics.v1,limit_hopping_zero_chain6,chain6_hole_2,501,2359067783,0.09545454545454544,Sy,0.030810023142691725,0.034851820748945904,2.5,3.9628056733104815,-0.10730096984643105,0.16892101613181448,False
haxs.stage5c2gR32.batch-statistics.v1,limit_hopping_zero_chain6,chain6_hole_2,501,2359067783,0.09545454545454544,Sz,-0.039062500000123075,0.03539578270263384,2.5,3.9628056733104815,-0.17932910850538547,0.10120410850513933,False
haxs.stage5c2gR32.batch-statistics.v1,limit_hopping_zero_chain6,chain6_hole_2,501,2359067783,0.12727272727272726,Sx,2.4992099342299867,0.0016026403762394745,2.5,3.9628056733104815,2.4928589818547486,2.505560886605225,False
haxs.stage5c2gR32.batch-statistics.v1,limit_hopping_zero_chain6,chain6_hole_2,501,2359067783,0.12727272727272726,Sy,0.0313151247320655,0.034874258344511286,2.5,3.9628056733104815,-0.10688478408805924,0.16951503355219022,False
haxs.stage5c2gR32.batch-statistics.v1,limit_hopping_zero_chain6,chain6_hole_2,501,2359067783,0.12727272727272726,Sz,-0.039062500000163036,0.0353957827026363,2.5,3.9628056733104815,-0.17932910850543515,0.10120410850510908,False
haxs.stage5c2gR32.batch-statistics.v1,limit_hopping_zero_chain6,chain6_hole_2,501,2359067783,0.15909090909090906,Sx,2.4981890805911497,0.0019998425222939992,2.5,3.9628056733104815,2.4902640932980757,2.5061140678842238,False
haxs.stage5c2gR32.batch-statistics.v1,limit_hopping_zero_chain6,chain6_hole_2,501,2359067783,0.15909090909090906,Sy,0.03182130552567962,0.03490482580142451,2.5,3.9628056733104815,-0.1064997361861195,0.17014234723747873,False
haxs.stage5c2gR32.batch-statistics.v1,limit_hopping_zero_chain6,chain6_hole_2,501,2359067783,0.15909090909090906,Sz,-0.03906250000020191,0.035395782702639204,2.5,3.9628056733104815,-0.17932910850548556,0.10120410850508173,False
haxs.stage5c2gR32.batch-statistics.v1,limit_hopping_zero_chain6,chain6_hole_2,501,2359067783,0.1909090909090909,Sx,2.4968358595648583,0.002394675206853214,2.5,3.9628056733104815,2.4873462270694047,2.506325492060312,False
haxs.stage5c2gR32.batch-statistics.v1,limit_hopping_zero_chain6,chain6_hole_2,501,2359067783,0.1909090909090909,Sy,0.032328857775750876,0.03494339084022463,2.5,3.9628056733104815,-0.10614500969059681,0.17080272524209855,False
haxs.stage5c2gR32.batch-statistics.v1,limit_hopping_zero_chain6,chain6_hole_2,501,2359067783,0.1909090909090909,Sz,-0.039062500000239475,0.035395782702642375,2.5,3.9628056733104815,-0.17932910850553568,0.10120410850505673,False
haxs.stage5c2gR32.batch-statistics.v1,limit_hopping_zero_chain6,chain6_hole_2,501,2359067783,0.22272727272727272,Sx,2.4951494197759336,0.0027866693956192417,2.5,3.9628056733104815,2.484106390485333,2.506192449066534,False
haxs.stage5c2gR32.batch-statistics.v1,limit_hopping_zero_chain6,chain6_hole_2,501,2359067783,0.22272727272727272,Sy,0.032837975634027045,0.03498979356648811,2.5,3.9628056733104815,-0.10581977681921462,0.1714957280872687,False
haxs.stage5c2gR32.batch-statistics.v1,limit_hopping_zero_chain6,chain6_hole_2,501,2359067783,0.22272727272727272,Sz,-0.03906250000027565,0.035395782702645914,2.5,3.9628056733104815,-0.17932910850558587,0.10120410850503458,False
haxs.stage5c2gR32.batch-statistics.v1,limit_hopping_zero_chain6,chain6_hole_2,501,2359067783,0.2545454545454545,Sx,2.4931293467854494,0.003175374935458652,2.5,3.9628056733104815,2.480545952976326,2.5057127405945727,False
haxs.stage5c2gR32.batch-statistics.v1,limit_hopping_zero_chain6,chain6_hole_2,501,2359067783,0.2545454545454545,Sy,0.033348752454527564,0.0350438471580393,2.5,3.9628056733104815,-0.10552320387797598,0.1722207087870311,False
haxs.stage5c2gR32.batch-statistics.v1,limit_hopping_zero_chain6,chain6_hole_2,501,2359067783,0.2545454545454545,Sz,-0.03906250000031015,0.035395782702649536,2.5,3.9628056733104815,-0.17932910850563474,0.10120410850501446,False
haxs.stage5c2gR32.batch-statistics.v1,limit_hopping_zero_chain6,chain6_hole_2,501,2359067783,0.2863636363636363,Sx,2.490775700045695,0.0035603638651533227,2.5,3.9628056733104815,2.4766666699218156,2.5048847301695742,False
haxs.stage5c2gR32.batch-statistics.v1,limit_hopping_zero_chain6,chain6_hole_2,501,2359067783,0.2863636363636363,Sy,0.03386117888987674,0.035105338765228825,2.5,3.9628056733104815,-0.10525445673245842,0.17297681451221192,False
haxs.stage5c2gR32.batch-statistics.v1,limit_hopping_zero_chain6,chain6_hole_2,501,2359067783,0.2863636363636363,Sz,-0.039062500000342906,0.035395782702653485,2.5,3.9628056733104815,-0.17932910850568312,0.10120410850499732,False
haxs.stage5c2gR32.batch-statistics.v1,limit_hopping_zero_chain6,chain6_hole_2,501,2359067783,0.3181818181818181,Sx,2.4880890499016455,0.003941233758603791,2.5,3.9628056733104815,2.4724707064032074,2.5037073934000835,False
haxs.stage5c2gR32.batch-statistics.v1,limit_hopping_zero_chain6,chain6_hole_2,501,2359067783,0.3181818181818181,Sy,0.03437514187543258,0.03517403065724136,2.5,3.9628056733104815,-0.1050127063662803,0.17376299011714547,False
haxs.stage5c2gR32.batch-statistics.v1,limit_hopping_zero_chain6,chain6_hole_2,501,2359067783,0.3181818181818181,Sz,-0.03906250000037375,0.035395782702657495,2.5,3.9628056733104815,-0.1793291085057299,0.10120410850498238,False
haxs.stage5c2gR32.batch-statistics.v1,limit_hopping_zero_chain6,chain6_hole_2,501,2359067783,0.35,Sx,2.485070513955791,0.004317611043632909,2.5,3.9628056733104815,2.4679606604169346,2.5021803674946477,False
haxs.stage5c2gR32.batch-statistics.v1,limit_hopping_zero_chain6,chain6_hole_2,501,2359067783,0.35,Sy,0.03489042459030669,0.035249661645550615,2.5,3.9628056733104815,-0.10479713456095616,0.17457798374156955,False
haxs.stage5c2gR32.batch-statistics.v1,limit_hopping_zero_chain6,chain6_hole_2,501,2359067783,0.35,Sz,-0.039062500000402726,0.03539578270266163,2.5,3.9628056733104815,-0.17932910850577524,0.10120410850496978,False
haxs.stage5c2gR32.batch-statistics.v1,limit_hopping_zero_chain6,chain6_hole_2,501,2359067783,0.3818181818181818,Sx,2.481721792038451,0.004689154226581152,2.5,3.9628056733104815,2.4631395850663274,2.500303999010575,False
haxs.stage5c2gR32.batch-statistics.v1,limit_hopping_zero_chain6,chain6_hole_2,501,2359067783,0.3818181818181818,Sy,0.0354067074761482,0.03533194881114233,2.5,3.9628056733104815,-0.10460693972176215,0.17542035467405853,False
haxs.stage5c2gR32.batch-statistics.v1,limit_hopping_zero_chain6,chain6_hole_2,501,2359067783,0.3818181818181818,Sz,-0.03906250000042952,0.03539578270266576,2.5,3.9628056733104815,-0.1793291085058184,0.10120410850495937,False
haxs.stage5c2gR32.batch-statistics.v1,limit_hopping_zero_chain6,chain6_hole_2,501,2359067783,0.4136363636363636,Sx,2.478045198953728,0.005055556944489052,2.5,3.9628056733104815,2.4580110092123624,2.4980793886950936,False
haxs.stage5c2gR32.batch-statistics.v1,limit_hopping_zero_chain6,chain6_hole_2,501,2359067783,0.4136363636363636,Sy,0.03592357038352578,0.03542058955492688,2.5,3.9628056733104815,-0.10444134285674042,0.17628848362379199,False
haxs.stage5c2gR32.batch-statistics.v1,limit_hopping_zero_chain6,chain6_hole_2,501,2359067783,0.4136363636363636,Sz,-0.039062500000454116,0.03539578270266978,2.5,3.9628056733104815,-0.1793291085058589,0.10120410850495068,False
haxs.stage5c2gR32.batch-statistics.v1,limit_hopping_zero_chain6,chain6_hole_2,501,2359067783,0.44545454545454544,Sx,2.474043694110548,0.005416550763204463,2.5,3.9628056733104815,2.4525789560163473,2.495508432204749,False
haxs.stage5c2gR32.batch-statistics.v1,limit_hopping_zero_chain6,chain6_hole_2,501,2359067783,0.44545454545454544,Sy,0.03644049590221585,0.035515263980940126,2.5,3.9628056733104815,-0.1042995936905731,0.1771805854950048,False
haxs.stage5c2gR32.batch-statistics.v1,limit_hopping_zero_chain6,chain6_hole_2,501,2359067783,0.44545454545454544,Sz,-0.03906250000047648,0.03539578270267378,2.5,3.9628056733104815,-0.17932910850589714,0.10120410850494418,False
haxs.stage5c2gR32.batch-statistics.v1,limit_hopping_zero_chain6,chain6_hole_2,501,2359067783,0.47727272727272724,Sx,2.4697209071033077,0.00577190764109418,2.5,3.9628056733104815,2.4468479587573557,2.4925938554492597,False
haxs.stage5c2gR32.batch-statistics.v1,limit_hopping_zero_chain6,chain6_hole_2,501,2359067783,0.47727272727272724,Sy,0.03695687391601566,0.03561563760975326,2.5,3.9628056733104815,-0.10418097686248473,0.17809472469451604,False
haxs.stage5c2gR32.batch-statistics.v1,limit_hopping_zero_chain6,chain6_hole_2,501,2359067783,0.47727272727272724,Sz,-0.03906250000049651,0.03539578270267765,2.5,3.9628056733104815,-0.17932910850593253,0.1012041085049395,False
haxs.stage5c2gR32.batch-statistics.v1,limit_hopping_zero_chain6,chain6_hole_2,501,2359067783,0.509090909090909,Sx,2.4650811582848684,0.006121441983592046,2.5,3.9628056733104815,2.440823073263449,2.4893392433062878,False
haxs.stage5c2gR32.batch-statistics.v1,limit_hopping_zero_chain6,chain6_hole_2,501,2359067783,0.509090909090909,Sy,0.03747200740515298,0.035721364405402634,2.5,3.9628056733104815,-0.10408481811896768,0.17902883292927363,False
haxs.stage5c2gR32.batch-statistics.v1,limit_hopping_zero_chain6,chain6_hole_2,501,2359067783,0.509090909090909,Sz,-0.0390625000005141,0.03539578270268131,2.5,3.9628056733104815,-0.17932910850596462,0.1012041085049364,False
haxs.stage5c2gR32.batch-statistics.v1,limit_hopping_zero_chain6,chain6_hole_2,501,2359067783,0.5409090909090909,Sx,2.460129473379747,0.006465012222673589,2.5,3.9628056733104815,2.434509886265715,2.4857490604937795,False
haxs.stage5c2gR32.batch-statistics.v1,limit_hopping_zero_chain6,chain6_hole_2,501,2359067783,0.5409090909090909,Sy,0.03798511950023112,0.03583209008372979,2.5,3.9628056733104815,-0.10401049037014554,0.17998072937060777,False
haxs.stage5c2gR32.batch-statistics.v1,limit_hopping_zero_chain6,chain6_hole_2,501,2359067783,0.5409090909090909,Sz,-0.03906250000052918,0.035395782702684786,2.5,3.9628056733104815,-0.17932910850599346,0.10120410850493508,False
haxs.stage5c2gR32.batch-statistics.v1,limit_hopping_zero_chain6,chain6_hole_2,501,2359067783,0.5727272727272726,Sx,2.4548715912217585,0.006802521866460072,2.5,3.9628056733104815,2.427914518976532,2.481828663466985,False
haxs.stage5c2gR32.batch-statistics.v1,limit_hopping_zero_chain6,chain6_hole_2,501,2359067783,0.5727272727272726,Sy,0.03849536177117437,0.03594745565405754,2.5,3.9628056733104815,-0.10395741943580178,0.18094814297815054,False
haxs.stage5c2gR32.batch-statistics.v1,limit_hopping_zero_chain6,chain6_hole_2,501,2359067783,0.5727272727272726,Sz,-0.039062500000541615,0.03539578270268797,2.5,3.9628056733104815,-0.17932910850601852,0.10120410850493528,False
haxs.stage5c2gR32.batch-statistics.v1,limit_hopping_zero_chain6,chain6_hole_2,501,2359067783,0.6045454545454545,Sx,2.449313963769774,0.007133919976511003,2.5,3.9628056733104815,2.421043625213913,2.4775843023256345,False
haxs.stage5c2gR32.batch-statistics.v1,limit_hopping_zero_chain6,chain6_hole_2,501,2359067783,0.6045454545454545,Sy,0.03900182371303983,0.03606710113053286,2.5,3.9628056733104815,-0.10392508926689868,0.18192873669297832,False
haxs.stage5c2gR32.batch-statistics.v1,limit_hopping_zero_chain6,chain6_hole_2,501,2359067783,0.6045454545454545,Sz,-0.03906250000055131,0.035395782702690864,2.5,3.9628056733104815,-0.17932910850603967,0.10120410850493705,False
haxs.stage5c2gR32.batch-statistics.v1,limit_hopping_zero_chain6,chain6_hole_2,501,2359067783,0.6363636363636362,Sx,2.4434637476586274,0.007459201043157096,2.5,3.9628056733104815,2.413904383446441,2.473023111870814,False
haxs.stage5c2gR32.batch-statistics.v1,limit_hopping_zero_chain6,chain6_hole_2,501,2359067783,0.6363636363636362,Sy,0.03950354336803657,0.03619066933521876,2.5,3.9628056733104815,-0.10391304639447199,0.18292013313054514,False
haxs.stage5c2gR32.batch-statistics.v1,limit_hopping_zero_chain6,chain6_hole_2,501,2359067783,0.6363636363636362,Sz,-0.039062500000558345,0.03539578270269343,2.5,3.9628056733104815,-0.17932910850605688,0.1012041085049402,False
haxs.stage5c2gR32.batch-statistics.v1,limit_hopping_zero_chain6,chain6_hole_2,501,2359067783,0.6681818181818181,Sx,2.4373287866788553,0.007778404241973348,2.5,3.9628056733104815,2.4065044822194612,2.4681530911382494,False
haxs.stage5c2gR32.batch-statistics.v1,limit_hopping_zero_chain6,chain6_hole_2,501,2359067783,0.6681818181818181,Sy,0.039999518999845204,0.03631780970312584,2.5,3.9628056733104815,-0.10392090333391234,0.18391994133360273,False
haxs.stage5c2gR32.batch-statistics.v1,limit_hopping_zero_chain6,chain6_hole_2,501,2359067783,0.6681818181818181,Sz,-0.039062500000562245,0.03539578270269566,2.5,3.9628056733104815,-0.17932910850606962,0.10120410850494513,False
haxs.stage5c2gR32.batch-statistics.v1,limit_hopping_zero_chain6,chain6_hole_2,501,2359067783,0.7,Sx,2.430917584748224,0.00809161206708476,2.5,3.9628056733104815,2.398852098542553,2.462983070953895,False
haxs.stage5c2gR32.batch-statistics.v1,limit_hopping_zero_chain6,chain6_hole_2,501,2359067783,0.7,Sy,0.040488721712561584,0.036448181990771364,2.5,3.9628056733104815,-0.1039483406623201,0.18492578408744326,False
haxs.stage5c2gR32.batch-statistics.v1,limit_hopping_zero_chain6,chain6_hole_2,501,2359067783,0.7,Sz,-0.03906250000056304,0.03539578270269747,2.5,3.9628056733104815,-0.17932910850607758,0.10120410850495148,False
haxs.stage5c2gR32.batch-statistics.v1,limit_hopping_zero_chain6,chain6_hole_2,501,2359067783,0.7318181818181817,Sx,2.424239269135342,0.008398948349664558,2.5,3.9628056733104815,2.3909558689654498,2.4575226693052343,False
haxs.stage5c2gR32.batch-statistics.v1,limit_hopping_zero_chain6,chain6_hole_2,501,2359067783,0.7318181818181817,Sy,0.040970108882559836,0.03658145978534895,2.5,3.9628056733104815,-0.10399510749280022,0.1859353252579199,False
haxs.stage5c2gR32.batch-statistics.v1,limit_hopping_zero_chain6,chain6_hole_2,501,2359067783,0.7318181818181817,Sz,-0.03906250000056085,0.03539578270269885,2.5,3.9628056733104815,-0.17932910850608086,0.10120410850495914,False
haxs.stage5c2gR32.batch-statistics.v1,limit_hopping_zero_chain6,chain6_hole_2,501,2359067783,0.7636363636363636,Sx,2.4173035439194304,0.008700575683184275,2.5,3.9628056733104815,2.3828248532410403,2.4517822345978204,False
haxs.stage5c2gR32.batch-statistics.v1,limit_hopping_zero_chain6,chain6_hole_2,501,2359067783,0.7636363636363636,Sy,0.041442638247559754,0.03671733371174969,2.5,3.9628056733104815,-0.10406102009419613,0.18694629658931564,False
haxs.stage5c2gR32.batch-statistics.v1,limit_hopping_zero_chain6,chain6_hole_2,501,2359067783,0.7636363636363636,Sz,-0.03906250000055559,0.0353957827026999,2.5,3.9628056733104815,-0.17932910850607975,0.10120410850496858,False
haxs.stage5c2gR32.batch-statistics.v1,limit_hopping_zero_chain6,chain6_hole_2,501,2359067783,0.7954545454545454,Sx,2.4101206339134094,0.008996692291222682,2.5,3.9628056733104815,2.3744684906607234,2.4457727771660953,False
haxs.stage5c2gR32.batch-statistics.v1,limit_hopping_zero_chain6,chain6_hole_2,501,2359067783,0.7954545454545454,Sy,0.04190528247357519,0.036855514239802475,2.5,3.9628056733104815,-0.10414595844868929,0.18795652339583968,False
haxs.stage5c2gR32.batch-statistics.v1,limit_hopping_zero_chain6,chain6_hole_2,501,2359067783,0.7954545454545454,Sz,-0.039062500000547,0.03539578270270046,2.5,3.9628056733104815,-0.1793291085060734,0.10120410850497938,False
haxs.stage5c2gR32.batch-statistics.v1,limit_hopping_zero_chain6,chain6_hole_2,501,2359067783,0.8272727272727272,Sx,2.4027012195348543,0.009287528389309362,2.5,3.9628056733104815,2.365896549342667,2.4395058897270414,False
haxs.stage5c2gR32.batch-statistics.v1,limit_hopping_zero_chain6,chain6_hole_2,501,2359067783,0.8272727272727272,Sy,0.04235704399765129,0.0369957340041401,2.5,3.9628056733104815,-0.1042498606022406,0.18896394859754317,False
haxs.stage5c2gR32.batch-statistics.v1,limit_hopping_zero_chain6,chain6_hole_2,501,2359067783,0.8272727272727272,Sz,-0.03906250000053524,0.03539578270270054,2.5,3.9628056733104815,-0.17932910850606193,0.10120410850499145,False
haxs.stage5c2gR32.batch-statistics.v1,limit_hopping_zero_chain6,chain6_hole_2,501,2359067783,0.859090909090909,Sx,2.3950563633725883,0.009573342109415713,2.5,3.9628056733104815,2.3571190689488537,2.432993657796323,False
haxs.stage5c2gR32.batch-statistics.v1,limit_hopping_zero_chain6,chain6_hole_2,501,2359067783,0.859090909090909,Sy,0.04279696992293727,0.037137749563673175,2.5,3.9628056733104815,-0.10437271474197066,0.1899666545878452,False
haxs.stage5c2gR32.batch-statistics.v1,limit_hopping_zero_chain6,chain6_hole_2,501,2359067783,0.859090909090909,Sz,-0.03906250000052044,0.03539578270270018,2.5,3.9628056733104815,-0.17932910850604575,0.10120410850500486,False
haxs.stage5c2gR32.batch-statistics.v1,limit_hopping_zero_chain6,chain6_hole_2,501,2359067783,0.8909090909090909,Sx,2.387197429456516,0.009854415073884484,2.5,3.9628056733104815,2.34814629749457,2.426248561418462,False
haxs.stage5c2gR32.batch-statistics.v1,limit_hopping_zero_chain6,chain6_hole_2,501,2359067783,0.8909090909090909,Sy,0.043224166723347245,0.037281342546032194,2.5,3.9628056733104815,-0.10451454902670054,0.19096288247339505,False
haxs.stage5c2gR32.batch-statistics.v1,limit_hopping_zero_chain6,chain6_hole_2,501,2359067783,0.8909090909090909,Sz,-0.03906250000050261,0.035395782702699385,2.5,3.9628056733104815,-0.17932910850602474,0.10120410850501953,False
haxs.stage5c2gR32.batch-statistics.v1,limit_hopping_zero_chain6,chain6_hole_2,501,2359067783,0.9227272727272726,Sx,2.3791359964840204,0.010131047723857905,2.5,3.9628056733104815,2.338988623087337,2.419283369880704,False
haxs.stage5c2gR32.batch-statistics.v1,limit_hopping_zero_chain6,chain6_hole_2,501,2359067783,0.9227272727272726,Sy,0.04363781449862147,0.03742632014352029,2.5,3.9628056733104815,-0.1046754192972551,0.19195104829449805,False
haxs.stage5c2gR32.batch-statistics.v1,limit_hopping_zero_chain6,chain6_hole_2,501,2359067783,0.9227272727272726,Sz,-0.03906250000048197,0.03539578270269826,2.5,3.9628056733104815,-0.17932910850599965,0.1012041085050357,False
haxs.stage5c2gR32.batch-statistics.v1,limit_hopping_zero_chain6,chain6_hole_2,501,2359067783,0.9545454545454545,Sx,2.370883766477635,0.010403554524176456,2.5,3.9628056733104815,2.329656501586634,2.4121110313686365,False
haxs.stage5c2gR32.batch-statistics.v1,limit_hopping_zero_chain6,chain6_hole_2,501,2359067783,0.9545454545454545,Sy,0.044037180507899634,0.037572514949899785,2.5,3.9628056733104815,-0.10485539489610611,0.19292975591190537,False
haxs.stage5c2gR32.batch-statistics.v1,limit_hopping_zero_chain6,chain6_hole_2,501,2359067783,0.9545454545454545,Sz,-0.039062500000458716,0.035395782702696776,2.5,3.9628056733104815,-0.1793291085059705,0.10120410850505307,False
haxs.stage5c2gR32.batch-statistics.v1,limit_hopping_zero_chain6,chain6_hole_2,501,2359067783,0.9863636363636362,Sx,2.3624524705319856,0.010672259180485014,2.5,3.9628056733104815,2.3201603813045195,2.4047445597594517,False
haxs.stage5c2gR32.batch-statistics.v1,limit_hopping_zero_chain6,chain6_hole_2,501,2359067783,0.9863636363636362,Sy,0.04442163170192251,0.03771978415039621,2.5,3.9628056733104815,-0.10505454292531435,0.19389780632915937,False
haxs.stage5c2gR32.batch-statistics.v1,limit_hopping_zero_chain6,chain6_hole_2,501,2359067783,0.9863636363636362,Sz,-0.03906250000043319,0.035395782702694764,2.5,3.9628056733104815,-0.179329108505937,0.10120410850507064,False
haxs.stage5c2gR32.batch-statistics.v1,limit_hopping_zero_chain6,chain6_hole_2,501,2359067783,1.018181818181818,Sx,2.3538537734444684,0.010937490012965638,2.5,3.9628056733104815,2.3105106259693113,2.3971969209196256,False
haxs.stage5c2gR32.batch-statistics.v1,limit_hopping_zero_chain6,chain6_hole_2,501,2359067783,1.018181818181818,Sy,0.04479064597170192,0.03786800809936144,2.5,3.9628056733104815,-0.10527291136141485,0.19485420330481867,False
haxs.stage5c2gR32.batch-statistics.v1,limit_hopping_zero_chain6,chain6_hole_2,501,2359067783,1.018181818181818,Sz,-0.03906250000040575,0.035395782702692495,2.5,3.9628056733104815,-0.1793291085059006,0.10120410850508907,False
haxs.stage5c2gR32.batch-statistics.v1,limit_hopping_zero_chain6,chain6_hole_2,501,2359067783,1.0499999999999998,Sx,2.3450991791028253,0.011199575632931417,2.5,3.9628056733104815,2.3007174372459747,2.389480920959676,False
haxs.stage5c2gR32.batch-statistics.v1,limit_hopping_zero_chain6,chain6_hole_2,501,2359067783,1.0499999999999998,Sy,0.045143821835919244,0.03801708833990604,2.5,3.9628056733104815,-0.10551051152020616,0.19579815519204466,False
haxs.stage5c2gR32.batch-statistics.v1,limit_hopping_zero_chain6,chain6_hole_2,501,2359067783,1.0499999999999998,Sz,-0.03906250000037683,0.035395782702689914,2.5,3.9628056733104815,-0.17932910850586142,0.10120410850510775,False
haxs.stage5c2gR32.batch-statistics.v1,limit_hopping_zero_chain6,chain6_hole_2,501,2359067783,1.0818181818181818,Sx,2.336199938516476,0.011458841062084536,2.5,3.9628056733104815,2.290790778146084,2.3816090988868677,False
haxs.stage5c2gR32.batch-statistics.v1,limit_hopping_zero_chain6,chain6_hole_2,501,2359067783,1.0818181818181818,Sy,0.04548088630132096,0.038166945136546296,2.5,3.9628056733104815,-0.10576730041871457,0.1967290730213565,False
haxs.stage5c2gR32.batch-statistics.v1,limit_hopping_zero_chain6,chain6_hole_2,501,2359067783,1.0818181818181818,Sz,-0.03906250000034682,0.035395782702686986,2.5,3.9628056733104815,-0.1793291085058198,0.10120410850512616,False
haxs.stage5c2gR32.batch-statistics.v1,limit_hopping_zero_chain6,chain6_hole_2,501,2359067783,1.1136363636363635,Sx,2.327166962324515,0.011715604418839854,2.5,3.9628056733104815,2.2807402986672747,2.373593625981755,False
haxs.stage5c2gR32.batch-statistics.v1,limit_hopping_zero_chain6,chain6_hole_2,501,2359067783,1.1136363636363635,Sy,0.04580170065069015,0.03831751460483579,2.5,3.9628056733104815,-0.10604316361251037,0.19764656491389065,False
haxs.stage5c2gR32.batch-statistics.v1,limit_hopping_zero_chain6,chain6_hole_2,501,2359067783,1.1136363636363635,Sz,-0.03906250000031603,0.03539578270268394,2.5,3.9628056733104815,-0.17932910850577694,0.10120410850514489,False
haxs.stage5c2gR32.batch-statistics.v1,limit_hopping_zero_chain6,chain6_hole_2,501,2359067783,1.1454545454545453,Sx,2.3180107394896945,0.011970174271846473,2.5,3.9628056733104815,2.270575264974706,2.365446214004683,False
haxs.stage5c2gR32.batch-statistics.v1,limit_hopping_zero_chain6,chain6_hole_2,501,2359067783,1.1454545454545453,Sy,0.04610626394201105,0.03846874553072997,2.5,3.9628056733104815,-0.10633789909230291,0.19855042697632502,False
haxs.stage5c2gR32.batch-statistics.v1,limit_hopping_zero_chain6,chain6_hole_2,501,2359067783,1.1454545454545453,Sz,-0.03906250000028535,0.035395782702680734,2.5,3.9628056733104815,-0.17932910850573358,0.10120410850516287,False
haxs.stage5c2gR32.batch-statistics.v1,limit_hopping_zero_chain6,chain6_hole_2,501,2359067783,1.1772727272727272,Sx,2.3087412637004485,0.012222847728676439,2.5,3.9628056733104815,2.2603044933772396,2.3571780340236574,False
haxs.stage5c2gR32.batch-statistics.v1,limit_hopping_zero_chain6,chain6_hole_2,501,2359067783,1.1772727272727272,Sy,0.04639471404029947,0.03862059597704784,2.5,3.9628056733104815,-0.10665120280417767,0.1994406308847766,False
haxs.stage5c2gR32.batch-statistics.v1,limit_hopping_zero_chain6,chain6_hole_2,501,2359067783,1.1772727272727272,Sz,-0.03906250000025499,0.035395782702677396,2.5,3.9628056733104815,-0.17932910850568998,0.10120410850518,False
haxs.stage5c2gR32.batch-statistics.v1,limit_hopping_zero_chain6,chain6_hole_2,501,2359067783,1.209090909090909,Sx,2.299367968758415,0.012473909289412902,2.5,3.9628056733104815,2.249936290257969,2.348799647258861,False
haxs.stage5c2gR32.batch-statistics.v1,limit_hopping_zero_chain6,chain6_hole_2,501,2359067783,1.209090909090909,Sy,0.04666732604991495,0.038773029775123265,2.5,3.9628056733104815,-0.10698265631437975,0.20031730841420964,False
haxs.stage5c2gR32.batch-statistics.v1,limit_hopping_zero_chain6,chain6_hole_2,501,2359067783,1.209090909090909,Sz,-0.03906250000022552,0.035395782702673954,2.5,3.9628056733104815,-0.17932910850564687,0.10120410850519584,False
haxs.stage5c2gR32.batch-statistics.v1,limit_hopping_zero_chain6,chain6_hole_2,501,2359067783,1.2409090909090907,Sx,2.2898996739401043,0.0127236304530515,2.5,3.9628056733104815,2.239478398995646,2.3403209488845627,False
haxs.stage5c2gR32.batch-statistics.v1,limit_hopping_zero_chain6,chain6_hole_2,501,2359067783,1.2409090909090907,Sy,0.04692450806921548,0.038926012997096665,2.5,3.9628056733104815,-0.10733171707503672,0.20118073321346766,False
haxs.stage5c2gR32.batch-statistics.v1,limit_hopping_zero_chain6,chain6_hole_2,501,2359067783,1.2409090909090907,Sz,-0.039062500000197536,0.03539578270267069,2.5,3.9628056733104815,-0.17932910850560596,0.10120410850521089,False
haxs.stage5c2gR32.batch-statistics.v1,limit_hopping_zero_chain6,chain6_hole_2,501,2359067783,1.2727272727272725,Sx,2.2803445400019595,0.012972270022175478,2.5,3.9628056733104815,2.228937954762367,2.331751125241552,False
haxs.stage5c2gR32.batch-statistics.v1,limit_hopping_zero_chain6,chain6_hole_2,501,2359067783,1.2727272727272725,Sy,0.047166794249937305,0.039079510498960655,2.5,3.9628056733104815,-0.10769771166554051,0.20203130016541512,False
haxs.stage5c2gR32.batch-statistics.v1,limit_hopping_zero_chain6,chain6_hole_2,501,2359067783,1.2727272727272725,Sz,-0.039062500000171245,0.03539578270266737,2.5,3.9628056733104815,-0.17932910850556652,0.10120410850522402,False
haxs.stage5c2gR32.batch-statistics.v1,limit_hopping_zero_chain6,chain6_hole_2,501,2359067783,1.3045454545454545,Sx,2.2707100361650445,0.013220075011381926,2.5,3.9628056733104815,2.21832144790835,2.323098624421739,False
haxs.stage5c2gR32.batch-statistics.v1,limit_hopping_zero_chain6,chain6_hole_2,501,2359067783,1.3045454545454545,Sy,0.04739483520903864,0.03923348261719077,2.5,3.9628056733104815,-0.1080798322900931,0.2028695027081704,False
haxs.stage5c2gR32.batch-statistics.v1,limit_hopping_zero_chain6,chain6_hole_2,501,2359067783,1.3045454545454545,Sz,-0.03906250000014725,0.03539578270266426,2.5,3.9628056733104815,-0.1793291085055302,0.1012041085052357,False
haxs.stage5c2gR32.batch-statistics.v1,limit_hopping_zero_chain6,chain6_hole_2,501,2359067783,1.3363636363636362,Sx,2.2610029180859583,0.013467282030405273,2.5,3.9628056733104815,2.207634696451796,2.3143711397201208,False
haxs.stage5c2gR32.batch-statistics.v1,limit_hopping_zero_chain6,chain6_hole_2,501,2359067783,1.3363636363636362,Sy,0.04760938590896155,0.03938788209330868,2.5,3.9628056733104815,-0.10847713671008641,0.2036959085280095,False
haxs.stage5c2gR32.batch-statistics.v1,limit_hopping_zero_chain6,chain6_hole_2,501,2359067783,1.3363636363636362,Sz,-0.03906250000012576,0.03539578270266125,2.5,3.9628056733104815,-0.17932910850549677,0.10120410850524525,False
haxs.stage5c2gR32.batch-statistics.v1,limit_hopping_zero_chain6,chain6_hole_2,501,2359067783,1.368181818181818,Sx,2.251229216510989,0.013714118986381136,2.5,3.9628056733104815,2.1968828279873027,2.3055756050346754,False
haxs.stage5c2gR32.batch-statistics.v1,limit_hopping_zero_chain6,chain6_hole_2,501,2359067783,1.368181818181818,Sy,0.04781129119114592,0.03954265129171762,2.5,3.9628056733104815,-0.10888855168541073,0.20451113406770255,False
haxs.stage5c2gR32.batch-statistics.v1,limit_hopping_zero_chain6,chain6_hole_2,501,2359067783,1.368181818181818,Sz,-0.03906250000010709,0.03539578270265856,2.5,3.9628056733104815,-0.1793291085054674,0.10120410850525324,False
haxs.stage5c2gR32.batch-statistics.v1,limit_hopping_zero_chain6,chain6_hole_2,501,2359067783,1.4,Sx,2.2413942360361165,0.013960806933176544,2.5,3.9628056733104815,2.186070271117332,2.296718200954901,False
haxs.stage5c2gR32.batch-statistics.v1,limit_hopping_zero_chain6,chain6_hole_2,501,2359067783,1.4,Sy,0.04800146921485321,0.03969771976715713,2.5,3.9628056733104815,-0.1093128798959267,0.20531581832563311,False
haxs.stage5c2gR32.batch-statistics.v1,limit_hopping_zero_chain6,chain6_hole_2,501,2359067783,1.4,Sz,-0.0390625000000914,0.035395782702656184,2.5,3.9628056733104815,-0.17932910850544234,0.10120410850525954,False
haxs.stage5c2gR32.batch-statistics.v1,limit_hopping_zero_chain6,chain6_hole_2,502,3229589738,0.0,Sx,2.5,0.0,2.5,3.9628056733104815,2.5,2.5,False
haxs.stage5c2gR32.batch-statistics.v1,limit_hopping_zero_chain6,chain6_hole_2,502,3229589738,0.0,Sy,-0.0048828125,0.035497286365824235,2.5,3.9628056733104815,-0.14555166029761507,0.13578603529761507,False
haxs.stage5c2gR32.batch-statistics.v1,limit_hopping_zero_chain6,chain6_hole_2,502,3229589738,0.0,Sz,0.03125,0.03532238327207764,2.5,3.9628056733104815,-0.10872574082543651,0.1712257408254365,False
haxs.stage5c2gR32.batch-statistics.v1,limit_hopping_zero_chain6,chain6_hole_2,502,3229589738,0.031818181818181815,Sx,2.500590833377008,0.00039572536892987903,2.5,3.9628056733104815,2.49902265063994,2.5021590161140765,False
haxs.stage5c2gR32.batch-statistics.v1,limit_hopping_zero_chain6,chain6_hole_2,502,3229589738,0.031818181818181815,Sy,-0.00506796350894551,0.03547961986262437,2.5,3.9628056733104815,-0.1456668023874526,0.1355308753695616,False
haxs.stage5c2gR32.batch-statistics.v1,limit_hopping_zero_chain6,chain6_hole_2,502,3229589738,0.031818181818181815,Sz,0.031249999999969944,0.03532238327207751,2.5,3.9628056733104815,-0.10872574082546607,0.17122574082540595,False
haxs.stage5c2gR32.batch-statistics.v1,limit_hopping_zero_chain6,chain6_hole_2,502,3229589738,0.06363636363636363,Sx,2.5008672897875135,0.0007910287112934123,2.5,3.9628056733104815,2.4977325967226487,2.5040019828523783,False
haxs.stage5c2gR32.batch-statistics.v1,limit_hopping_zero_chain6,chain6_hole_2,502,3229589738,0.06363636363636363,Sy,-0.005260434787855813,0.0354706103688715,2.5,3.9628056733104815,-0.1458235707934054,0.13530270121769378,False
haxs.stage5c2gR32.batch-statistics.v1,limit_hopping_zero_chain6,chain6_hole_2,502,3229589738,0.06363636363636363,Sz,0.031249999999941044,0.035322383272077824,2.5,3.9628056733104815,-0.10872574082549621,0.1712257408253783,False
haxs.stage5c2gR32.batch-statistics.v1,limit_hopping_zero_chain6,chain6_hole_2,502,3229589738,0.09545454545454544,Sx,2.5008273138267962,0.001185500720951625,2.5,3.9628056733104815,2.4961294048440954,2.505525222809497,False
haxs.stage5c2gR32.batch-statistics.v1,limit_hopping_zero_chain6,chain6_hole_2,502,3229589738,0.09545454545454544,Sy,-0.005461014897683326,0.035470236482560286,2.5,3.9628056733104815,-0.14602266926443766,0.135100639469071,False
haxs.stage5c2gR32.batch-statistics.v1,limit_hopping_zero_chain6,chain6_hole_2,502,3229589738,0.09545454545454544,Sz,0.03124999999991404,0.0353223832720785,2.5,3.9628056733104815,-0.10872574082552589,0.17122574082535397,False
haxs.stage5c2gR32.batch-statistics.v1,limit_hopping_zero_chain6,chain6_hole_2,502,3229589738,0.12727272727272726,Sx,2.500469039901258,0.0015787323779254125,2.5,3.9628056733104815,2.4942128302773763,2.50672524952514,False
haxs.stage5c2gR32.batch-statistics.v1,limit_hopping_zero_chain6,chain6_hole_2,502,3229589738,0.12727272727272726,Sy,-0.005670409859129972,0.03547844324826086,2.5,3.9628056733104815,-0.14626458604356207,0.13492376632530212,False
haxs.stage5c2gR32.batch-statistics.v1,limit_hopping_zero_chain6,chain6_hole_2,502,3229589738,0.12727272727272726,Sz,0.031249999999888884,0.035322383272079566,2.5,3.9628056733104815,-0.10872574082555526,0.17122574082533304,False
haxs.stage5c2gR32.batch-statistics.v1,limit_hopping_zero_chain6,chain6_hole_2,502,3229589738,0.15909090909090906,Sx,2.499790810258578,0.0019703164086914645,2.5,3.9628056733104815,2.4919828292159987,2.5075987913011573,False
haxs.stage5c2gR32.batch-statistics.v1,limit_hopping_zero_chain6,chain6_hole_2,502,3229589738,0.15909090909090906,Sy,-0.0058892410109161845,0.03549514263613804,2.5,3.9628056733104815,-0.14654959362436876,0.1347711116025364,False
haxs.stage5c2gR32.batch-statistics.v1,limit_hopping_zero_chain6,chain6_hole_2,502,3229589738,0.15909090909090906,Sz,0.03124999999986608,0.035322383272080995,2.5,3.9628056733104815,-0.10872574082558373,0.1712257408253159,False
haxs.stage5c2gR32.batch-statistics.v1,limit_hopping_zero_chain6,chain6_hole_2,502,3229589738,0.1909090909090909,Sx,2.498791196810583,0.002359849033764008,2.5,3.9628056733104815,2.4894395736714268,2.5081428199497395,False
haxs.stage5c2gR32.batch-statistics.v1,limit_hopping_zero_chain6,chain6_hole_2,502,3229589738,0.1909090909090909,Sy,-0.0061180437478639965,0.03552021418824753,2.5,3.9628056733104815,-0.14687775005025477,0.13464166255452675,False
haxs.stage5c2gR32.batch-statistics.v1,limit_hopping_zero_chain6,chain6_hole_2,502,3229589738,0.1909090909090909,Sz,0.031249999999845797,0.03532238327208278,2.5,3.9628056733104815,-0.1087257408256111,0.17122574082530267,False
haxs.stage5c2gR32.batch-statistics.v1,limit_hopping_zero_chain6,chain6_hole_2,502,3229589738,0.22272727272727272,Sx,2.4974690267899433,0.0027469320333573578,2.5,3.9628056733104815,2.4865834689439565,2.50835458463593,False
haxs.stage5c2gR32.batch-statistics.v1,limit_hopping_zero_chain6,chain6_hole_2,502,3229589738,0.22272727272727272,Sy,-0.0063572671817745,0.035553505853890034,2.5,3.9628056733104815,-0.14724890188564735,0.13453436752209832,False
haxs.stage5c2gR32.batch-statistics.v1,limit_hopping_zero_chain6,chain6_hole_2,502,3229589738,0.22272727272727272,Sz,0.031249999999828165,0.03532238327208496,2.5,3.9628056733104815,-0.10872574082563735,0.17122574082529368,False
haxs.stage5c2gR32.batch-statistics.v1,limit_hopping_zero_chain6,chain6_hole_2,502,3229589738,0.2545454545454545,Sx,2.4958234122064455,0.0031311751403239364,2.5,3.9628056733104815,2.4834151735962413,2.50823165081665,False
haxs.stage5c2gR32.batch-statistics.v1,limit_hopping_zero_chain6,chain6_hole_2,502,3229589738,0.2545454545454545,Sy,-0.0066072747746858005,0.03559483504091532,2.5,3.9628056733104815,-0.14766268901537577,0.13444813946600415,False
haxs.stage5c2gR32.batch-statistics.v1,limit_hopping_zero_chain6,chain6_hole_2,502,3229589738,0.2545454545454545,Sz,0.03124999999981331,0.03532238327208727,2.5,3.9628056733104815,-0.10872574082566136,0.171225740825288,False
haxs.stage5c2gR32.batch-statistics.v1,limit_hopping_zero_chain6,chain6_hole_2,502,3229589738,0.2863636363636363,Sx,2.4938537829665175,0.003512198747156523,2.5,3.9628056733104815,2.4799356218454918,2.5077719440875432,False
haxs.stage5c2gR32.batch-statistics.v1,limit_hopping_zero_chain6,chain6_hole_2,502,3229589738,0.2863636363636363,Sy,-0.006868345996481613,0.0356439899129675,2.5,3.9628056733104815,-0.1481185514430108,0.13438185945004757,False
haxs.stage5c2gR32.batch-statistics.v1,limit_hopping_zero_chain6,chain6_hole_2,502,3229589738,0.2863636363636363,Sz,0.03124999999980141,0.03532238327208996,2.5,3.9628056733104815,-0.10872574082568393,0.17122574082528674,False
haxs.stage5c2gR32.batch-statistics.v1,limit_hopping_zero_chain6,chain6_hole_2,502,3229589738,0.3181818181818181,Sx,2.4915599233904273,0.0038896368922471934,2.5,3.9628056733104815,2.4761460482467124,2.5069737985341423,False
haxs.stage5c2gR32.batch-statistics.v1,limit_hopping_zero_chain6,chain6_hole_2,502,3229589738,0.3181818181818181,Sy,-0.007140679056491638,0.03570073096335547,2.5,3.9628056733104815,-0.14861573825940785,0.1343343801464246,False
haxs.stage5c2gR32.batch-statistics.v1,limit_hopping_zero_chain6,chain6_hole_2,502,3229589738,0.3181818181818181,Sz,0.031249999999792256,0.03532238327209276,2.5,3.9628056733104815,-0.10872574082570419,0.17122574082528869,False
haxs.stage5c2gR32.batch-statistics.v1,limit_hopping_zero_chain6,chain6_hole_2,502,3229589738,0.35,Sx,2.488942011711499,0.004263140471241551,2.5,3.9628056733104815,2.4720480144659436,2.5058360089570546,False
haxs.stage5c2gR32.batch-statistics.v1,limit_hopping_zero_chain6,chain6_hole_2,502,3229589738,0.35,Sy,-0.007424394751301253,0.0357647928941967,2.5,3.9628056733104815,-0.14915331893719833,0.13430452943459584,False
haxs.stage5c2gR32.batch-statistics.v1,limit_hopping_zero_chain6,chain6_hole_2,502,3229589738,0.35,Sz,0.03124999999978574,0.03532238327209569,2.5,3.9628056733104815,-0.10872574082572233,0.1712257408252938,False
haxs.stage5c2gR32.batch-statistics.v1,limit_hopping_zero_chain6,chain6_hole_2,502,3229589738,0.3818181818181818,Sx,2.486000661976217,0.004632380603329535,2.5,3.9628056733104815,2.4676434378404095,2.504357886112025,False
haxs.stage5c2gR32.batch-statistics.v1,limit_hopping_zero_chain6,chain6_hole_2,502,3229589738,0.3818181818181818,Sy,-0.007719541458210512,0.035835886824511165,2.5,3.9628056733104815,-0.1497301970744957,0.13429111415807465,False
haxs.stage5c2gR32.batch-statistics.v1,limit_hopping_zero_chain6,chain6_hole_2,502,3229589738,0.3818181818181818,Sz,0.03124999999978199,0.03532238327209869,2.5,3.9628056733104815,-0.10872574082573795,0.17122574082530193,False
haxs.stage5c2gR32.batch-statistics.v1,limit_hopping_zero_chain6,chain6_hole_2,502,3229589738,0.4136363636363636,Sx,2.4827369675907196,0.00499705207036635,2.5,3.9628056733104815,2.462934621296444,2.5025393138849954,False
haxs.stage5c2gR32.batch-statistics.v1,limit_hopping_zero_chain6,chain6_hole_2,502,3229589738,0.4136363636363636,Sy,-0.008026101285521272,0.035913702842964294,2.5,3.9628056733104815,-0.15034512666120695,0.13429292409016438,False
haxs.stage5c2gR32.batch-statistics.v1,limit_hopping_zero_chain6,chain6_hole_2,502,3229589738,0.4136363636363636,Sz,0.031249999999780276,0.035322383272101764,2.5,3.9628056733104815,-0.10872574082575186,0.17122574082531242,False
haxs.stage5c2gR32.batch-statistics.v1,limit_hopping_zero_chain6,chain6_hole_2,502,3229589738,0.44545454545454544,Sx,2.4791525455882883,0.005356876739057263,2.5,3.9628056733104815,2.4579242840555273,2.5003808071210494,False
haxs.stage5c2gR32.batch-statistics.v1,limit_hopping_zero_chain6,chain6_hole_2,502,3229589738,0.44545454545454544,Sy,-0.008343997367133057,0.03599791291006425,2.5,3.9628056733104815,-0.15099673087447232,0.1343087361402062,False
haxs.stage5c2gR32.batch-statistics.v1,limit_hopping_zero_chain6,chain6_hole_2,502,3229589738,0.44545454545454544,Sz,0.031249999999780835,0.03532238327210482,2.5,3.9628056733104815,-0.10872574082576336,0.17122574082532505,False
haxs.stage5c2gR32.batch-statistics.v1,limit_hopping_zero_chain6,chain6_hole_2,502,3229589738,0.47727272727272724,Sx,2.475249580531469,0.0057116068728799915,2.5,3.9628056733104815,2.452615592411901,2.497883568651037,False
haxs.stage5c2gR32.batch-statistics.v1,limit_hopping_zero_chain6,chain6_hole_2,502,3229589738,0.47727272727272724,Sy,-0.008673102260048072,0.036088174101098165,2.5,3.9628056733104815,-0.1516835233272963,0.13433731880720012,False
haxs.stage5c2gR32.batch-statistics.v1,limit_hopping_zero_chain6,chain6_hole_2,502,3229589738,0.47727272727272724,Sz,0.031249999999783076,0.03532238327210788,2.5,3.9628056733104815,-0.10872574082577326,0.17122574082533942,False
haxs.stage5c2gR32.batch-statistics.v1,limit_hopping_zero_chain6,chain6_hole_2,502,3229589738,0.509090909090909,Sx,2.4710308668225776,0.006061028240430766,2.5,3.9628056733104815,2.4470121897253034,2.4950495439198517,False
haxs.stage5c2gR32.batch-statistics.v1,limit_hopping_zero_chain6,chain6_hole_2,502,3229589738,0.509090909090909,Sy,-0.009013247369863184,0.03618413216543608,2.5,3.9628056733104815,-0.15240393159886956,0.13437743685914322,False
haxs.stage5c2gR32.batch-statistics.v1,limit_hopping_zero_chain6,chain6_hole_2,502,3229589738,0.509090909090909,Sz,0.03124999999978683,0.03532238327211085,2.5,3.9628056733104815,-0.10872574082578126,0.17122574082535494,False
haxs.stage5c2gR32.batch-statistics.v1,limit_hopping_zero_chain6,chain6_hole_2,502,3229589738,0.5409090909090909,Sx,2.4664998480840015,0.006404962929740089,2.5,3.9628056733104815,2.441118224648684,2.491881471519319,False
haxs.stage5c2gR32.batch-statistics.v1,limit_hopping_zero_chain6,chain6_hole_2,502,3229589738,0.5409090909090909,Sy,-0.009364233292012365,0.03628542536073014,2.5,3.9628056733104815,-0.1531563227699978,0.13442785618597308,False
haxs.stage5c2gR32.batch-statistics.v1,limit_hopping_zero_chain6,chain6_hole_2,502,3229589738,0.5409090909090909,Sz,0.031249999999791583,0.03532238327211369,2.5,3.9628056733104815,-0.10872574082578781,0.17122574082537098,False
haxs.stage5c2gR32.batch-statistics.v1,limit_hopping_zero_chain6,chain6_hole_2,502,3229589738,0.5727272727272726,Sx,2.461660652195172,0.006743271783056375,2.5,3.9628056733104815,2.4349383765166017,2.488382927873742,False
haxs.stage5c2gR32.batch-statistics.v1,limit_hopping_zero_chain6,chain6_hole_2,502,3229589738,0.5727272727272726,Sy,-0.009725840916631956,0.036391688502885926,2.5,3.9628056733104815,-0.1539390305772161,0.1344873487439522,False
haxs.stage5c2gR32.batch-statistics.v1,limit_hopping_zero_chain6,chain6_hole_2,502,3229589738,0.5727272727272726,Sz,0.031249999999797128,0.03532238327211638,2.5,3.9628056733104815,-0.1087257408257929,0.17122574082538716,False
haxs.stage5c2gR32.batch-statistics.v1,limit_hopping_zero_chain6,chain6_hole_2,502,3229589738,0.6045454545454545,Sx,2.456518120540693,0.007075856373011892,2.5,3.9628056733104815,2.4284778767621913,2.4845583643191946,False
haxs.stage5c2gR32.batch-statistics.v1,limit_hopping_zero_chain6,chain6_hole_2,502,3229589738,0.6045454545454545,Sy,-0.010097843104030915,0.036502557155509735,2.5,3.9628056733104815,-0.154750383690225,0.13455469748216317,False
haxs.stage5c2gR32.batch-statistics.v1,limit_hopping_zero_chain6,chain6_hole_2,502,3229589738,0.6045454545454545,Sz,0.031249999999802897,0.03532238327211891,2.5,3.9628056733104815,-0.10872574082579718,0.17122574082540298,False
haxs.stage5c2gR32.batch-statistics.v1,limit_hopping_zero_chain6,chain6_hole_2,502,3229589738,0.6363636363636362,Sx,2.451077830040662,0.007402660448608538,2.5,3.9628056733104815,2.4217425252173252,2.480413134863999,False
haxs.stage5c2gR32.batch-statistics.v1,limit_hopping_zero_chain6,chain6_hole_2,502,3229589738,0.6363636363636362,Sy,-0.010480016697767007,0.03661767186699358,2.5,3.9628056733104815,-0.15558873451571079,0.13462870112017675,False
haxs.stage5c2gR32.batch-statistics.v1,limit_hopping_zero_chain6,chain6_hole_2,502,3229589738,0.6363636363636362,Sz,0.031249999999808795,0.03532238327212121,2.5,3.9628056733104815,-0.10872574082580042,0.171225740825418,False
haxs.stage5c2gR32.batch-statistics.v1,limit_hopping_zero_chain6,chain6_hole_2,502,3229589738,0.6681818181818181,Sx,2.4453461066033855,0.007723670788073539,2.5,3.9628056733104815,2.4147387001856253,2.4759535130211456,False
haxs.stage5c2gR32.batch-statistics.v1,limit_hopping_zero_chain6,chain6_hole_2,502,3229589738,0.6681818181818181,Sy,-0.01087215460543079,0.036736682350637935,2.5,3.9628056733104815,-0.15645248784314383,0.13470817863228227,False
haxs.stage5c2gR32.batch-statistics.v1,limit_hopping_zero_chain6,chain6_hole_2,502,3229589738,0.6681818181818181,Sz,0.031249999999814235,0.035322383272123246,2.5,3.9628056733104815,-0.10872574082580302,0.1712257408254315,False
haxs.stage5c2gR32.batch-statistics.v1,limit_hopping_zero_chain6,chain6_hole_2,502,3229589738,0.7,Sx,2.4393300287644353,0.00803891740566531,2.5,3.9628056733104815,2.4074733612619905,2.47118669626688,False
haxs.stage5c2gR32.batch-statistics.v1,limit_hopping_zero_chain6,chain6_hole_2,502,3229589738,0.7,Sy,-0.01127407764573813,0.03685925149433763,2.5,3.9628056733104815,-0.1573401285814771,0.13479197329000087,False
haxs.stage5c2gR32.batch-statistics.v1,limit_hopping_zero_chain6,chain6_hole_2,502,3229589738,0.7,Sz,0.03124999999981905,0.035322383272124974,2.5,3.9628056733104815,-0.10872574082580504,0.17122574082544315,False
haxs.stage5c2gR32.batch-statistics.v1,limit_hopping_zero_chain6,chain6_hole_2,502,3229589738,0.7318181818181817,Sx,2.4330374204549288,0.008348473071547385,2.5,3.9628056733104815,2.399954044003521,2.4661207969063366,False
haxs.stage5c2gR32.batch-statistics.v1,limit_hopping_zero_chain6,chain6_hole_2,502,3229589738,0.7318181818181817,Sy,-0.01168564583672262,0.036985059082308785,2.5,3.9628056733104815,-0.15825024779581923,0.13487895612237397,False
haxs.stage5c2gR32.batch-statistics.v1,limit_hopping_zero_chain6,chain6_hole_2,502,3229589738,0.7318181818181817,Sz,0.031249999999822944,0.035322383272126494,2.5,3.9628056733104815,-0.10872574082580716,0.17122574082545305,False
haxs.stage5c2gR32.batch-statistics.v1,limit_hopping_zero_chain6,chain6_hole_2,502,3229589738,0.7636363636363636,Sx,2.4264768320748837,0.008652452118600567,2.5,3.9628056733104815,2.392188845731246,2.4607648184185216,False
haxs.stage5c2gR32.batch-statistics.v1,limit_hopping_zero_chain6,chain6_hole_2,502,3229589738,0.7636363636363636,Sy,-0.012106768785811938,0.03711380511279249,2.5,3.9628056733104815,-0.15918156624492558,0.1349680286733017,False
haxs.stage5c2gR32.batch-statistics.v1,limit_hopping_zero_chain6,chain6_hole_2,502,3229589738,0.7636363636363636,Sz,0.03124999999982565,0.03532238327212763,2.5,3.9628056733104815,-0.10872574082580898,0.17122574082546027,False
haxs.stage5c2gR32.batch-statistics.v1,limit_hopping_zero_chain6,chain6_hole_2,502,3229589738,0.7954545454545454,Sx,2.419657509329301,0.008951008528120271,2.5,3.9628056733104815,2.384186401952215,2.4551286167063866,False
haxs.stage5c2gR32.batch-statistics.v1,limit_hopping_zero_chain6,chain6_hole_2,502,3229589738,0.7954545454545454,Sy,-0.012537414840083331,0.037245212602998574,2.5,3.9628056733104815,-0.16013295464690114,0.13505812496673447,False
haxs.stage5c2gR32.batch-statistics.v1,limit_hopping_zero_chain6,chain6_hole_2,502,3229589738,0.7954545454545454,Sz,0.031249999999827062,0.03532238327212842,2.5,3.9628056733104815,-0.10872574082581071,0.17122574082546482,False
haxs.stage5c2gR32.batch-statistics.v1,limit_hopping_zero_chain6,chain6_hole_2,502,3229589738,0.8272727272727272,Sx,2.412589349609508,0.00924433330805776,2.5,3.9628056733104815,2.375955853130364,2.4492228460886523,False
haxs.stage5c2gR32.batch-statistics.v1,limit_hopping_zero_chain6,chain6_hole_2,502,3229589738,0.8272727272727272,Sy,-0.012977618665180964,0.03737902978569923,2.5,3.9628056733104815,-0.16110344996279133,0.1351482126324294,False
haxs.stage5c2gR32.batch-statistics.v1,limit_hopping_zero_chain6,chain6_hole_2,502,3229589738,0.8272727272727272,Sz,0.03124999999982714,0.03532238327212891,2.5,3.9628056733104815,-0.10872574082581254,0.17122574082546682,False
haxs.stage5c2gR32.batch-statistics.v1,limit_hopping_zero_chain6,chain6_hole_2,502,3229589738,0.859090909090909,Sx,2.405282846059571,0.009532651202618515,2.5,3.9628056733104815,2.3675068017921443,2.4430588903269976,False
haxs.stage5c2gR32.batch-statistics.v1,limit_hopping_zero_chain6,chain6_hole_2,502,3229589738,0.859090909090909,Sy,-0.013427486944708423,0.037515031620397474,2.5,3.9628056733104815,-0.16209226708444163,0.1352372931950248,False
haxs.stage5c2gR32.batch-statistics.v1,limit_hopping_zero_chain6,chain6_hole_2,502,3229589738,0.859090909090909,Sz,0.03124999999982561,0.03532238327212908,2.5,3.9628056733104815,-0.10872574082581477,0.171225740825466,False
haxs.stage5c2gR32.batch-statistics.v1,limit_hopping_zero_chain6,chain6_hole_2,502,3229589738,0.8909090909090909,Sx,2.397749019844948,0.009816216799810937,2.5,3.9628056733104815,2.358849260220212,2.4366487794696843,False
haxs.stage5c2gR32.batch-statistics.v1,limit_hopping_zero_chain6,chain6_hole_2,502,3229589738,0.8909090909090909,Sy,-0.01388720192806377,0.037653020565010124,2.5,3.9628056733104815,-0.16309880544036212,0.13532440158423456,False
haxs.stage5c2gR32.batch-statistics.v1,limit_hopping_zero_chain6,chain6_hole_2,502,3229589738,0.8909090909090909,Sz,0.031249999999822642,0.03532238327212889,2.5,3.9628056733104815,-0.10872574082581696,0.17122574082546224,False
haxs.stage5c2gR32.batch-statistics.v1,limit_hopping_zero_chain6,chain6_hole_2,502,3229589738,0.9227272727272726,Sx,2.3899993415227048,0.010095310132470042,2.5,3.9628056733104815,2.3499935892559236,2.430005093789486,False
haxs.stage5c2gR32.batch-statistics.v1,limit_hopping_zero_chain6,chain6_hole_2,502,3229589738,0.9227272727272726,Sy,-0.014357022602560335,0.03779282658030108,2.5,3.9628056733104815,-0.1641226501854166,0.13540860498029594,False
haxs.stage5c2gR32.batch-statistics.v1,limit_hopping_zero_chain6,chain6_hole_2,502,3229589738,0.9227272727272726,Sz,0.03124999999981816,0.035322383272128326,2.5,3.9628056733104815,-0.10872574082581922,0.17122574082545555,False
haxs.stage5c2gR32.batch-statistics.v1,limit_hopping_zero_chain6,chain6_hole_2,502,3229589738,0.9545454545454545,Sx,2.3820456427824244,0.010370231896299924,2.5,3.9628056733104815,2.340950428990222,2.423140856574627,False
haxs.stage5c2gR32.batch-statistics.v1,limit_hopping_zero_chain6,chain6_hole_2,502,3229589738,0.9545454545454545,Sy,-0.014837283323448986,0.03793430636739846,2.5,3.9628056733104815,-0.16516356780927355,0.13548900116237556,False
haxs.stage5c2gR32.batch-statistics.v1,limit_hopping_zero_chain6,chain6_hole_2,502,3229589738,0.9545454545454545,Sz,0.031249999999812376,0.03532238327212744,2.5,3.9628056733104815,-0.10872574082582148,0.17122574082544623,False
haxs.stage5c2gR32.batch-statistics.v1,limit_hopping_zero_chain6,chain6_hole_2,502,3229589738,0.9863636363636362,Sx,2.3739000201661113,0.010641298433132121,2.5,3.9628056733104815,2.3317306223639056,2.416069417968317,False
haxs.stage5c2gR32.batch-statistics.v1,limit_hopping_zero_chain6,chain6_hole_2,502,3229589738,0.9863636363636362,Sy,-0.015328389800716284,0.038077341866987864,2.5,3.9628056733104815,-0.16622149617579854,0.13556471657436595,False
haxs.stage5c2gR32.batch-statistics.v1,limit_hopping_zero_chain6,chain6_hole_2,502,3229589738,0.9863636363636362,Sz,0.031249999999805232,0.03532238327212627,2.5,3.9628056733104815,-0.10872574082582401,0.17122574082543449,False
haxs.stage5c2gR32.batch-statistics.v1,limit_hopping_zero_chain6,chain6_hole_2,502,3229589738,1.018181818181818,Sx,2.3655747326661185,0.010908836646297528,2.5,3.9628056733104815,2.3223451329149536,2.4088043324172834,False
haxs.stage5c2gR32.batch-statistics.v1,limit_hopping_zero_chain6,chain6_hole_2,502,3229589738,1.018181818181818,Sy,-0.0158308124114806,0.03822183807556243,2.5,3.9628056733104815,-0.16729652918167398,0.13563490435871278,False
haxs.stage5c2gR32.batch-statistics.v1,limit_hopping_zero_chain6,chain6_hole_2,502,3229589738,1.018181818181818,Sz,0.031249999999797086,0.035322383272124835,2.5,3.9628056733104815,-0.10872574082582648,0.17122574082542064,False
haxs.stage5c2gR32.batch-statistics.v1,limit_hopping_zero_chain6,chain6_hole_2,502,3229589738,1.0499999999999998,Sx,2.3570820953266374,0.011173179025367868,2.5,3.9628056733104815,2.3128049580959957,2.401359232557279,False
haxs.stage5c2gR32.batch-statistics.v1,limit_hopping_zero_chain6,chain6_hole_2,502,3229589738,1.0499999999999998,Sy,-0.01634507687848834,0.0383677202579021,2.5,3.9628056733104815,-0.1683888963884923,0.1356987426315156,False
haxs.stage5c2gR32.batch-statistics.v1,limit_hopping_zero_chain6,chain6_hole_2,502,3229589738,1.0499999999999998,Sz,0.031249999999788277,0.035322383272123066,2.5,3.9628056733104815,-0.10872574082582825,0.17122574082540482,False
haxs.stage5c2gR32.batch-statistics.v1,limit_hopping_zero_chain6,chain6_hole_2,502,3229589738,1.0818181818181818,Sx,2.3484343711220106,0.011434658957672967,2.5,3.9628056733104815,2.3031210397321735,2.3937477025118477,False
haxs.stage5c2gR32.batch-statistics.v1,limit_hopping_zero_chain6,chain6_hole_2,502,3229589738,1.0818181818181818,Sy,-0.016871752425753474,0.03851493065448377,2.5,3.9628056733104815,-0.16949893813050154,0.13575543327899459,False
haxs.stage5c2gR32.batch-statistics.v1,limit_hopping_zero_chain6,chain6_hole_2,502,3229589738,1.0818181818181818,Sz,0.03124999999977879,0.03532238327212112,2.5,3.9628056733104815,-0.10872574082583006,0.17122574082538763,False
haxs.stage5c2gR32.batch-statistics.v1,limit_hopping_zero_chain6,chain6_hole_2,502,3229589738,1.1136363636363635,Sx,2.339643663446402,0.01169360649287792,2.5,3.9628056733104815,2.293304173294965,2.385983153597839,False
haxs.stage5c2gR32.batch-statistics.v1,limit_hopping_zero_chain6,chain6_hole_2,502,3229589738,1.1136363636363635,Sy,-0.017411437589214655,0.03866342479687709,2.5,3.9628056733104815,-0.17062707672389232,0.13580420154546302,False
haxs.stage5c2gR32.batch-statistics.v1,limit_hopping_zero_chain6,chain6_hole_2,502,3229589738,1.1136363636363635,Sz,0.0312499999997689,0.03532238327211893,2.5,3.9628056733104815,-0.10872574082583125,0.17122574082536907,False
haxs.stage5c2gR32.batch-statistics.v1,limit_hopping_zero_chain6,chain6_hole_2,502,3229589738,1.1454545454545453,Sx,2.330721811518553,0.011950344704438846,2.5,3.9628056733104815,2.2833649177257866,2.378078705311319,False
haxs.stage5c2gR32.batch-statistics.v1,limit_hopping_zero_chain6,chain6_hole_2,502,3229589738,1.1454545454545453,Sy,-0.017964743921319536,0.03881316755283827,2.5,3.9628056733104815,-0.17177378449885733,0.13584429665621828,False
haxs.stage5c2gR32.batch-statistics.v1,limit_hopping_zero_chain6,chain6_hole_2,502,3229589738,1.1454545454545453,Sz,0.03124999999975922,0.03532238327211667,2.5,3.9628056733104815,-0.10872574082583197,0.17122574082535041,False
haxs.stage5c2gR32.batch-statistics.v1,limit_hopping_zero_chain6,chain6_hole_2,502,3229589738,1.1772727272727272,Sx,2.3216802908847374,0.012205186758950716,2.5,3.9628056733104815,2.2733135075525537,2.370047074216921,False
haxs.stage5c2gR32.batch-statistics.v1,limit_hopping_zero_chain6,chain6_hole_2,502,3229589738,1.1772727272727272,Sy,-0.01853227788219122,0.03896412902570823,2.5,3.9628056733104815,-0.1729395494408694,0.13587499367648695,False
haxs.stage5c2gR32.batch-statistics.v1,limit_hopping_zero_chain6,chain6_hole_2,502,3229589738,1.1772727272727272,Sz,0.03124999999974982,0.035322383272114254,2.5,3.9628056733104815,-0.1087257408258318,0.17122574082533143,False
haxs.stage5c2gR32.batch-statistics.v1,limit_hopping_zero_chain6,chain6_hole_2,502,3229589738,1.209090909090909,Sx,2.3125301209988316,0.01245843376327161,2.5,3.9628056733104815,2.263159769001176,2.361900472996487,False
haxs.stage5c2gR32.batch-statistics.v1,limit_hopping_zero_chain6,chain6_hole_2,502,3229589738,1.209090909090909,Sy,-0.0191146212556355,0.039116280430167384,2.5,3.9628056733104815,-0.1741248392631066,0.13589559675183557,False
haxs.stage5c2gR32.batch-statistics.v1,limit_hopping_zero_chain6,chain6_hole_2,502,3229589738,1.209090909090909,Sz,0.031249999999741086,0.035322383272111846,2.5,3.9628056733104815,-0.10872574082583099,0.17122574082531317,False
haxs.stage5c2gR32.batch-statistics.v1,limit_hopping_zero_chain6,chain6_hole_2,502,3229589738,1.2409090909090907,Sx,2.3032817815829487,0.012710373412708862,2.5,3.9628056733104815,2.2529130417131715,2.353650521452726,False
haxs.stage5c2gR32.batch-statistics.v1,limit_hopping_zero_chain6,chain6_hole_2,502,3229589738,1.2409090909090907,Sy,-0.01971231046545911,0.03926959005909464,2.5,3.9628056733104815,-0.17533006474021623,0.13590544380929803,False
haxs.stage5c2gR32.batch-statistics.v1,limit_hopping_zero_chain6,chain6_hole_2,502,3229589738,1.2409090909090907,Sz,0.03124999999973319,0.03532238327210935,2.5,3.9628056733104815,-0.10872574082582898,0.17122574082529535,False
haxs.stage5c2gR32.batch-statistics.v1,limit_hopping_zero_chain6,chain6_hole_2,502,3229589738,1.2727272727272725,Sx,2.293945139141271,0.012961279414906353,2.5,3.9628056733104815,2.2425821075425176,2.345308170740024,False
haxs.stage5c2gR32.batch-statistics.v1,limit_hopping_zero_chain6,chain6_hole_2,502,3229589738,1.2727272727272725,Sy,-0.02032581519665394,0.03942401944515192,2.5,3.9628056733104815,-0.17655554311860472,0.13590391272529684,False
haxs.stage5c2gR32.batch-statistics.v1,limit_hopping_zero_chain6,chain6_hole_2,502,3229589738,1.2727272727272725,Sz,0.031249999999726434,0.035322383272106905,2.5,3.9628056733104815,-0.10872574082582606,0.17122574082527894,False
haxs.stage5c2gR32.batch-statistics.v1,limit_hopping_zero_chain6,chain6_hole_2,502,3229589738,1.3045454545454545,Sx,2.28452938463258,0.013211411617027123,2.5,3.9628056733104815,2.232175127724185,2.3368836415409753,False
haxs.stage5c2gR32.batch-statistics.v1,limit_hopping_zero_chain6,chain6_hole_2,502,3229589738,1.3045454545454545,Sy,-0.020955516747583898,0.039579519806897376,2.5,3.9628056733104815,-0.17780146238526137,0.1358904288900936,False
haxs.stage5c2gR32.batch-statistics.v1,limit_hopping_zero_chain6,chain6_hole_2,502,3229589738,1.3045454545454545,Sz,0.031249999999721164,0.035322383272104615,2.5,3.9628056733104815,-0.10872574082582226,0.1712257408252646,False
haxs.stage5c2gR32.batch-statistics.v1,limit_hopping_zero_chain6,chain6_hole_2,502,3229589738,1.3363636363636362,Sx,2.2750429829250916,0.01346101672192494,2.5,3.9628056733104815,2.22169958949092,2.328386376359263,False
haxs.stage5c2gR32.batch-statistics.v1,limit_hopping_zero_chain6,chain6_hole_2,502,3229589738,1.3363636363636362,Sy,-0.021601686554208972,0.03973602885388731,2.5,3.9628056733104815,-0.1790678471312226,0.13586447402280466,False
haxs.stage5c2gR32.batch-statistics.v1,limit_hopping_zero_chain6,chain6_hole_2,502,3229589738,1.3363636363636362,Sz,0.03124999999971766,0.03532238327210242,2.5,3.9628056733104815,-0.10872574082581708,0.1712257408252524,False
haxs.stage5c2gR32.batch-statistics.v1,limit_hopping_zero_chain6,chain6_hole_2,502,3229589738,1.368181818181818,Sx,2.265493634279858,0.013710329445337713,2.5,3.9628056733104815,2.2111622629709182,2.319825005588798,False
haxs.stage5c2gR32.batch-statistics.v1,limit_hopping_zero_chain6,chain6_hole_2,502,3229589738,1.368181818181818,Sy,-0.02226446533641912,0.039893468009495725,2.5,3.9628056733104815,-0.18035452669247898,0.13582559601964073,False
haxs.stage5c2gR32.batch-statistics.v1,limit_hopping_zero_chain6,chain6_hole_2,502,3229589738,1.368181818181818,Sz,0.03124999999971567,0.0353223832721005,2.5,3.9628056733104815,-0.10872574082581143,0.17122574082524278,False
haxs.stage5c2gR32.batch-statistics.v1,limit_hopping_zero_chain6,chain6_hole_2,502,3229589738,1.4,Sx,2.2558882477576483,0.013959573943125138,2.5,3.9628056733104815,2.2005691689388347,2.311207326576462,False
haxs.stage5c2gR32.batch-statistics.v1,limit_hopping_zero_chain6,chain6_hole_2,502,3229589738,1.4,Sy,-0.02294384332039948,0.04005174009507094,2.5,3.9628056733104815,-0.18166110619510348,0.13577341955430453,False
haxs.stage5c2gR32.batch-statistics.v1,limit_hopping_zero_chain6,chain6_hole_2,502,3229589738,1.4,Sz,0.03124999999971568,0.03532238327209873,2.5,3.9628056733104815,-0.10872574082580444,0.17122574082523578,False
haxs.stage5c2gR32.batch-statistics.v1,limit_hopping_zero_chain6,chain6_hole_2,503,533726057,0.0,Sx,2.5,0.0,2.5,3.9628056733104815,2.5,2.5,False
haxs.stage5c2gR32.batch-statistics.v1,limit_hopping_zero_chain6,chain6_hole_2,503,533726057,0.0,Sy,0.0185546875,0.03503266313577836,2.5,3.9628056733104815,-0.12027294872563746,0.15738232372563746,False
haxs.stage5c2gR32.batch-statistics.v1,limit_hopping_zero_chain6,chain6_hole_2,503,533726057,0.0,Sz,-0.01171875,0.03506278645566576,2.5,3.9628056733104815,-0.15066575908858618,0.12722825908858618,False
haxs.stage5c2gR32.batch-statistics.v1,limit_hopping_zero_chain6,chain6_hole_2,503,533726057,0.031818181818181815,Sx,2.4998372750598303,0.0004070366614526193,2.5,3.9628056733104815,2.4982242678685807,2.50145028225108,False
haxs.stage5c2gR32.batch-statistics.v1,limit_hopping_zero_chain6,chain6_hole_2,503,533726057,0.031818181818181815,Sy,0.018642025959401242,0.03503184405774851,2.5,3.9628056733104815,-0.12018236441917261,0.1574664163379751,False
haxs.stage5c2gR32.batch-statistics.v1,limit_hopping_zero_chain6,chain6_hole_2,503,533726057,0.031818181818181815,Sz,-0.011718749999961565,0.03506278645566667,2.5,3.9628056733104815,-0.15066575908855134,0.12722825908862823,False
haxs.stage5c2gR32.batch-statistics.v1,limit_hopping_zero_chain6,chain6_hole_2,503,533726057,0.06363636363636363,Sx,2.499350147759419,0.0008134491511065322,2.5,3.9628056733104815,2.4961266068484647,2.5025736886703736,False
haxs.stage5c2gR32.batch-statistics.v1,limit_hopping_zero_chain6,chain6_hole_2,503,533726057,0.06363636363636363,Sy,0.018722158699059355,0.03503933157955796,2.5,3.9628056733104815,-0.12013190327342002,0.15757622067153873,False
haxs.stage5c2gR32.batch-statistics.v1,limit_hopping_zero_chain6,chain6_hole_2,503,533726057,0.06363636363636363,Sz,-0.011718749999922045,0.035062786455668196,2.5,3.9628056733104815,-0.15066575908851787,0.1272282590886738,False
haxs.stage5c2gR32.batch-statistics.v1,limit_hopping_zero_chain6,chain6_hole_2,503,533726057,0.09545454545454544,Sx,2.4985403909875425,0.0012186714365263137,2.5,3.9628056733104815,2.4937110329049745,2.5033697490701106,False
haxs.stage5c2gR32.batch-statistics.v1,limit_hopping_zero_chain6,chain6_hole_2,503,533726057,0.09545454545454544,Sy,0.01879498561610832,0.0350550873585761,2.5,3.9628056733104815,-0.1201215134468516,0.15771148467906823,False
haxs.stage5c2gR32.batch-statistics.v1,limit_hopping_zero_chain6,chain6_hole_2,503,533726057,0.09545454545454544,Sz,-0.011718749999881976,0.03506278645567008,2.5,3.9628056733104815,-0.15066575908848528,0.12722825908872132,False
haxs.stage5c2gR32.batch-statistics.v1,limit_hopping_zero_chain6,chain6_hole_2,503,533726057,0.12727272727272726,Sx,2.4974100433744866,0.0016221452291529203,2.5,3.9628056733104815,2.490981797057466,2.5038382896915072,False
haxs.stage5c2gR32.batch-statistics.v1,limit_hopping_zero_chain6,chain6_hole_2,503,533726057,0.12727272727272726,Sy,0.018860493846622955,0.03507904543880569,2.5,3.9628056733104815,-0.1201509464325924,0.1578719341258383,False
haxs.stage5c2gR32.batch-statistics.v1,limit_hopping_zero_chain6,chain6_hole_2,503,533726057,0.12727272727272726,Sz,-0.011718749999841663,0.03506278645567257,2.5,3.9628056733104815,-0.1506657590884548,0.1272282590887715,False
haxs.stage5c2gR32.batch-statistics.v1,limit_hopping_zero_chain6,chain6_hole_2,503,533726057,0.15909090909090906,Sx,2.4959614083912713,0.0020233239402097035,2.5,3.9628056733104815,2.4879433688020636,2.503979447980479,False
haxs.stage5c2gR32.batch-statistics.v1,limit_hopping_zero_chain6,chain6_hole_2,503,533726057,0.15909090909090906,Sy,0.018918761177698404,0.035111112608490334,2.5,3.9628056733104815,-0.12021975506347028,0.1580572774188671,False
haxs.stage5c2gR32.batch-statistics.v1,limit_hopping_zero_chain6,chain6_hole_2,503,533726057,0.15909090909090906,Sz,-0.011718749999801752,0.03506278645567542,2.5,3.9628056733104815,-0.1506657590884262,0.1272282590888227,False
haxs.stage5c2gR32.batch-statistics.v1,limit_hopping_zero_chain6,chain6_hole_2,503,533726057,0.1909090909090909,Sx,2.494197056813822,0.0024216767638291473,2.5,3.9628056733104815,2.4846004223951956,2.503793691232448,False
haxs.stage5c2gR32.batch-statistics.v1,limit_hopping_zero_chain6,chain6_hole_2,503,533726057,0.1909090909090909,Sy,0.01896995895180856,0.03515116888365245,2.5,3.9628056733104815,-0.12032729252382424,0.15826721042744135,False
haxs.stage5c2gR32.batch-statistics.v1,limit_hopping_zero_chain6,chain6_hole_2,503,533726057,0.1909090909090909,Sz,-0.011718749999762633,0.03506278645567869,2.5,3.9628056733104815,-0.15066575908840005,0.12722825908887478,False
haxs.stage5c2gR32.batch-statistics.v1,limit_hopping_zero_chain6,chain6_hole_2,503,533726057,0.22272727272727272,Sx,2.4921198323025946,0.0028166928770612,2.5,3.9628056733104815,2.480957825789403,2.503281838815786,False
haxs.stage5c2gR32.batch-statistics.v1,limit_hopping_zero_chain6,chain6_hole_2,503,533726057,0.22272727272727272,Sy,0.019014354368394517,0.03519906813630117,2.5,3.9628056733104815,-0.12047271253738195,0.158501421274171,False
haxs.stage5c2gR32.batch-statistics.v1,limit_hopping_zero_chain6,chain6_hole_2,503,533726057,0.22272727272727272,Sz,-0.011718749999724744,0.03506278645568222,2.5,3.9628056733104815,-0.15066575908837615,0.12722825908892665,False
haxs.stage5c2gR32.batch-statistics.v1,limit_hopping_zero_chain6,chain6_hole_2,503,533726057,0.2545454545454545,Sx,2.489732859765887,0.0032078857257885297,2.5,3.9628056733104815,2.4770206320124006,2.5024450875193733,False
haxs.stage5c2gR32.batch-statistics.v1,limit_hopping_zero_chain6,chain6_hole_2,503,533726057,0.2545454545454545,Sy,0.019052312082739296,0.03525463888986577,2.5,3.9628056733104815,-0.1206549709205331,0.1587595950860117,False
haxs.stage5c2gR32.batch-statistics.v1,limit_hopping_zero_chain6,chain6_hole_2,503,533726057,0.2545454545454545,Sz,-0.011718749999688504,0.03506278645568621,2.5,3.9628056733104815,-0.15066575908835572,0.12722825908897872,False
haxs.stage5c2gR32.batch-statistics.v1,limit_hopping_zero_chain6,chain6_hole_2,503,533726057,0.2863636363636363,Sx,2.4870395560855756,0.0035947973443795226,2.5,3.9628056733104815,2.472794072774867,2.501285039396284,False
haxs.stage5c2gR32.batch-statistics.v1,limit_hopping_zero_chain6,chain6_hole_2,503,533726057,0.2863636363636363,Sy,0.01908429500082963,0.035317685306572415,2.5,3.9628056733104815,-0.12087282870024978,0.15904141870190902,False
haxs.stage5c2gR32.batch-statistics.v1,limit_hopping_zero_chain6,chain6_hole_2,503,533726057,0.2863636363636363,Sz,-0.011718749999654303,0.03506278645569029,2.5,3.9628056733104815,-0.15066575908833768,0.12722825908902907,False
haxs.stage5c2gR32.batch-statistics.v1,limit_hopping_zero_chain6,chain6_hole_2,503,533726057,0.3181818181818181,Sx,2.4840436426876082,0.003977002637074397,2.5,3.9628056733104815,2.468283554074639,2.4998037313005774,False
haxs.stage5c2gR32.batch-statistics.v1,limit_hopping_zero_chain6,chain6_hole_2,503,533726057,0.3181818181818181,Sy,0.019110864171430694,0.035387988391718174,2.5,3.9628056733104815,-0.12112485699431554,0.15934658533717694,False
haxs.stage5c2gR32.batch-statistics.v1,limit_hopping_zero_chain6,chain6_hole_2,503,533726057,0.3181818181818181,Sz,-0.011718749999622304,0.03506278645569455,2.5,3.9628056733104815,-0.15066575908832258,0.12722825908907798,False
haxs.stage5c2gR32.batch-statistics.v1,limit_hopping_zero_chain6,chain6_hole_2,503,533726057,0.35,Sx,2.4807491593411624,0.004354113532401616,2.5,3.9628056733104815,2.4634946535327233,2.4980036651496014,False
haxs.stage5c2gR32.batch-statistics.v1,limit_hopping_zero_chain6,chain6_hole_2,503,533726057,0.35,Sy,0.01913267768328161,0.035465307437874766,2.5,3.9628056733104815,-0.12140944383722893,0.15967479920379216,False
haxs.stage5c2gR32.batch-statistics.v1,limit_hopping_zero_chain6,chain6_hole_2,503,533726057,0.35,Sz,-0.01171874999959305,0.03506278645569895,2.5,3.9628056733104815,-0.15066575908831076,0.12722825908912466,False
haxs.stage5c2gR32.batch-statistics.v1,limit_hopping_zero_chain6,chain6_hole_2,503,533726057,0.3818181818181818,Sx,2.4771604784761587,0.004725782909826292,2.5,3.9628056733104815,2.4584331191502655,2.495887837802052,False
haxs.stage5c2gR32.batch-statistics.v1,limit_hopping_zero_chain6,chain6_hole_2,503,533726057,0.3818181818181818,Sy,0.01915048848619256,0.03554938172786242,2.5,3.9628056733104815,-0.12172480310766062,0.16002578008004573,False
haxs.stage5c2gR32.batch-statistics.v1,limit_hopping_zero_chain6,chain6_hole_2,503,533726057,0.3818181818181818,Sz,-0.011718749999566661,0.03506278645570331,2.5,3.9628056733104815,-0.15066575908830163,0.12722825908916832,False
haxs.stage5c2gR32.batch-statistics.v1,limit_hopping_zero_chain6,chain6_hole_2,503,533726057,0.4136363636363636,Sx,2.4732823192231237,0.005091708191351575,2.5,3.9628056733104815,2.4531048691155943,2.493459769330653,False
haxs.stage5c2gR32.batch-statistics.v1,limit_hopping_zero_chain6,chain6_hole_2,503,533726057,0.4136363636363636,Sy,0.01916514106980015,0.03563993250883471,2.5,3.9628056733104815,-0.12206898567261269,0.16039926781221298,False
haxs.stage5c2gR32.batch-statistics.v1,limit_hopping_zero_chain6,chain6_hole_2,503,533726057,0.4136363636363636,Sz,-0.011718749999543199,0.035062786455707665,2.5,3.9628056733104815,-0.15066575908829544,0.12722825908920904,False
haxs.stage5c2gR32.batch-statistics.v1,limit_hopping_zero_chain6,chain6_hole_2,503,533726057,0.44545454545454544,Sx,2.4691197603111847,0.005451634490404423,2.5,3.9628056733104815,2.447515992223795,2.4907235283985747,False
haxs.stage5c2gR32.batch-statistics.v1,limit_hopping_zero_chain6,chain6_hole_2,503,533726057,0.44545454545454544,Sy,0.019177566952504086,0.03573666524111993,2.5,3.9628056733104815,-0.12243989281020345,0.16079502671521162,False
haxs.stage5c2gR32.batch-statistics.v1,limit_hopping_zero_chain6,chain6_hole_2,503,533726057,0.44545454545454544,Sz,-0.011718749999522928,0.035062786455711946,2.5,3.9628056733104815,-0.15066575908829213,0.12722825908924626,False
haxs.stage5c2gR32.batch-statistics.v1,limit_hopping_zero_chain6,chain6_hole_2,503,533726057,0.47727272727272724,Sx,2.4646782509136402,0.005805357215961776,2.5,3.9628056733104815,2.441672748402633,2.4876837534246476,False
haxs.stage5c2gR32.batch-statistics.v1,limit_hopping_zero_chain6,chain6_hole_2,503,533726057,0.47727272727272724,Sy,0.01918877895515677,0.035839272114811756,2.5,3.9628056733104815,-0.12283529190873738,0.16121284981905093,False
haxs.stage5c2gR32.batch-statistics.v1,limit_hopping_zero_chain6,chain6_hole_2,503,533726057,0.47727272727272724,Sz,-0.011718749999505862,0.03506278645571603,2.5,3.9628056733104815,-0.15066575908829127,0.12722825908927954,False
haxs.stage5c2gR32.batch-statistics.v1,limit_hopping_zero_chain6,chain6_hole_2,503,533726057,0.509090909090909,Sx,2.4599636185128855,0.006152724040930001,2.5,3.9628056733104815,2.4355815687771742,2.4843456682485967,False
haxs.stage5c2gR32.batch-statistics.v1,limit_hopping_zero_chain6,chain6_hole_2,503,533726057,0.509090909090909,Sy,0.019199864258714235,0.03594743481489803,2.5,3.9628056733104815,-0.12325283436672241,0.16165256288415086,False
haxs.stage5c2gR32.batch-statistics.v1,limit_hopping_zero_chain6,chain6_hole_2,503,533726057,0.509090909090909,Sz,-0.011718749999492004,0.03506278645571999,2.5,3.9628056733104815,-0.1506657590882931,0.12722825908930907,False
haxs.stage5c2gR32.batch-statistics.v1,limit_hopping_zero_chain6,chain6_hole_2,503,533726057,0.5409090909090909,Sx,2.4549820728696194,0.0064936361593048615,2.5,3.9628056733104815,2.429249054657112,2.4807150910821267,False
haxs.stage5c2gR32.batch-statistics.v1,limit_hopping_zero_chain6,chain6_hole_2,503,533726057,0.5409090909090909,Sy,0.019211976271414893,0.03606082750250031,2.5,3.9628056733104815,-0.12369007553976398,0.16211402808259376,False
haxs.stage5c2gR32.batch-statistics.v1,limit_hopping_zero_chain6,chain6_hole_2,503,533726057,0.5409090909090909,Sz,-0.011718749999481387,0.03506278645572365,2.5,3.9628056733104815,-0.150665759088297,0.12722825908933422,False
haxs.stage5c2gR32.batch-statistics.v1,limit_hopping_zero_chain6,chain6_hole_2,503,533726057,0.5727272727272726,Sx,2.449740205229834,0.006828048775397055,2.5,3.9628056733104815,2.42268197480505,2.4767984356546178,False
haxs.stage5c2gR32.batch-statistics.v1,limit_hopping_zero_chain6,chain6_hole_2,503,533726057,0.5727272727272726,Sy,0.01922632535812042,0.03617911996626049,2.5,3.9628056733104815,-0.12414449649955715,0.162597147215798,False
haxs.stage5c2gR32.batch-statistics.v1,limit_hopping_zero_chain6,chain6_hole_2,503,533726057,0.5727272727272726,Sz,-0.011718749999473945,0.035062786455727024,2.5,3.9628056733104815,-0.1506657590883029,0.127228259089355,False
haxs.stage5c2gR32.batch-statistics.v1,limit_hopping_zero_chain6,chain6_hole_2,503,533726057,0.6045454545454545,Sx,2.444244981985668,0.007155970789133658,2.5,3.9628056733104815,2.4158872603444452,2.472602703626891,False
haxs.stage5c2gR32.batch-statistics.v1,limit_hopping_zero_chain6,chain6_hole_2,503,533726057,0.6045454545454545,Sy,0.019244168511135678,0.03630198088484596,2.5,3.9628056733104815,-0.12461352729174054,0.16310186431401189,False
haxs.stage5c2gR32.batch-statistics.v1,limit_hopping_zero_chain6,chain6_hole_2,503,533726057,0.6045454545454545,Sz,-0.011718749999469563,0.035062786455730015,2.5,3.9628056733104815,-0.15066575908831037,0.12722825908937124,False
haxs.stage5c2gR32.batch-statistics.v1,limit_hopping_zero_chain6,chain6_hole_2,503,533726057,0.6363636363636362,Sx,2.438503732123145,0.0074774636629753735,2.5,3.9628056733104815,2.4088719966975334,2.468135467548757,False
haxs.stage5c2gR32.batch-statistics.v1,limit_hopping_zero_chain6,chain6_hole_2,503,533726057,0.6363636363636362,Sy,0.019266798066980406,0.036429081129812614,2.5,3.9628056733104815,-0.12509457130772883,0.16362816744168962,False
haxs.stage5c2gR32.batch-statistics.v1,limit_hopping_zero_chain6,chain6_hole_2,503,533726057,0.6363636363636362,Sz,-0.011718749999468224,0.0350627864557326,2.5,3.9628056733104815,-0.1506657590883193,0.12722825908938284,False
haxs.stage5c2gR32.batch-statistics.v1,limit_hopping_zero_chain6,chain6_hole_2,503,533726057,0.6681818181818181,Sx,2.432524127938462,0.007792639477397588,2.5,3.9628056733104815,2.4016434120073678,2.463404843869556,False
haxs.stage5c2gR32.batch-statistics.v1,limit_hopping_zero_chain6,chain6_hole_2,503,533726057,0.6681818181818181,Sy,0.019295529596111947,0.03656009702852848,2.5,3.9628056733104815,-0.1255850303253224,0.16417608951754628,False
haxs.stage5c2gR32.batch-statistics.v1,limit_hopping_zero_chain6,chain6_hole_2,503,533726057,0.6681818181818181,Sz,-0.011718749999469622,0.03506278645573483,2.5,3.9628056733104815,-0.15066575908832952,0.12722825908939028,False
haxs.stage5c2gR32.batch-statistics.v1,limit_hopping_zero_chain6,chain6_hole_2,503,533726057,0.7,Sx,2.4263141586819184,0.008101658202571976,2.5,3.9628056733104815,2.3942088615935435,2.458419455770293,False
haxs.stage5c2gR32.batch-statistics.v1,limit_hopping_zero_chain6,chain6_hole_2,503,533726057,0.7,Sy,0.019331689111485743,0.03669471350033839,2.5,3.9628056733104815,-0.12608232972815794,0.16474570795112944,False
haxs.stage5c2gR32.batch-statistics.v1,limit_hopping_zero_chain6,chain6_hole_2,503,533726057,0.7,Sz,-0.011718749999473742,0.035062786455736523,2.5,3.9628056733104815,-0.15066575908834037,0.12722825908939286,False
haxs.stage5c2gR32.batch-statistics.v1,limit_hopping_zero_chain6,chain6_hole_2,503,533726057,0.7318181818181817,Sx,2.4198820969890242,0.008404724233582307,2.5,3.9628056733104815,2.3865758081135744,2.453188385864474,False
haxs.stage5c2gR32.batch-statistics.v1,limit_hopping_zero_chain6,chain6_hole_2,503,533726057,0.7318181818181817,Sy,0.01937659975625147,0.03683262697631064,2.5,3.9628056733104815,-0.126583943388401,0.16533714290090396,False
haxs.stage5c2gR32.batch-statistics.v1,limit_hopping_zero_chain6,chain6_hole_2,503,533726057,0.7318181818181817,Sz,-0.011718749999480456,0.0350627864557378,2.5,3.9628056733104815,-0.1506657590883521,0.12722825908939123,False
haxs.stage5c2gR32.batch-statistics.v1,limit_hopping_zero_chain6,chain6_hole_2,503,533726057,0.7636363636363636,Sx,2.413236458178651,0.008702082255197145,2.5,3.9628056733104815,2.378751797248141,2.447721119109161,False
haxs.stage5c2gR32.batch-statistics.v1,limit_hopping_zero_chain6,chain6_hole_2,503,533726057,0.7636363636363636,Sy,0.01943156814021539,0.03697354801423664,2.5,3.9628056733104815,-0.12708741769301907,0.16595055397344982,False
haxs.stage5c2gR32.batch-statistics.v1,limit_hopping_zero_chain6,chain6_hole_2,503,533726057,0.7636363636363636,Sz,-0.011718749999489455,0.035062786455738626,2.5,3.9628056733104815,-0.1506657590883644,0.12722825908938548,False
haxs.stage5c2gR32.batch-statistics.v1,limit_hopping_zero_chain6,chain6_hole_2,503,533726057,0.7954545454545454,Sx,2.4063859527300324,0.00899401252002864,2.5,3.9628056733104815,2.3707444288898376,2.4420274765702272,False
haxs.stage5c2gR32.batch-statistics.v1,limit_hopping_zero_chain6,chain6_hole_2,503,533726057,0.7954545454545454,Sy,0.019497870498631525,0.03711720352627556,2.5,3.9628056733104815,-0.12759039421271307,0.16658613520997612,False
haxs.stage5c2gR32.batch-statistics.v1,limit_hopping_zero_chain6,chain6_hole_2,503,533726057,0.7954545454545454,Sz,-0.011718749999500679,0.03506278645573892,2.5,3.9628056733104815,-0.15066575908837676,0.1272282590893754,False
haxs.stage5c2gR32.batch-statistics.v1,limit_hopping_zero_chain6,chain6_hole_2,503,533726057,0.8272727272727272,Sx,2.399339432488541,0.009280825640921971,2.5,3.9628056733104815,2.3625613239856897,2.436117540991392,False
haxs.stage5c2gR32.batch-statistics.v1,limit_hopping_zero_chain6,chain6_hole_2,503,533726057,0.8272727272727272,Sy,0.019576738845407685,0.03726333854667655,2.5,3.9628056733104815,-0.12809063055385128,0.16724410824466668,False
haxs.stage5c2gR32.batch-statistics.v1,limit_hopping_zero_chain6,chain6_hole_2,503,533726057,0.8272727272727272,Sz,-0.011718749999513955,0.03506278645573871,2.5,3.9628056733104815,-0.15066575908838922,0.12722825908936133,False
haxs.stage5c2gR32.batch-statistics.v1,limit_hopping_zero_chain6,chain6_hole_2,503,533726057,0.859090909090909,Sx,2.3921058313859063,0.009562857014557401,2.5,3.9628056733104815,2.354210087355561,2.4300015754162514,False
haxs.stage5c2gR32.batch-statistics.v1,limit_hopping_zero_chain6,chain6_hole_2,503,533726057,0.859090909090909,Sy,0.019669347286263697,0.03741171748098663,2.5,3.9628056733104815,-0.128586018995679,0.16792471356820643,False
haxs.stage5c2gR32.batch-statistics.v1,limit_hopping_zero_chain6,chain6_hole_2,503,533726057,0.859090909090909,Sz,-0.011718749999529028,0.03506278645573799,2.5,3.9628056733104815,-0.15066575908840144,0.1272282590893434,False
haxs.stage5c2gR32.batch-statistics.v1,limit_hopping_zero_chain6,chain6_hole_2,503,533726057,0.8909090909090909,Sx,2.384694101685405,0.009840461008105829,2.5,3.9628056733104815,2.345698266974493,2.4236899363963174,False
haxs.stage5c2gR32.batch-statistics.v1,limit_hopping_zero_chain6,chain6_hole_2,503,533726057,0.8909090909090909,Sy,0.019776798646383712,0.03756212479539008,2.5,3.9628056733104815,-0.1290746025943844,0.16862819988715183,False
haxs.stage5c2gR32.batch-statistics.v1,limit_hopping_zero_chain6,chain6_hole_2,503,533726057,0.8909090909090909,Sz,-0.011718749999545927,0.035062786455736766,2.5,3.9628056733104815,-0.15066575908841348,0.12722825908932164,False
haxs.stage5c2gR32.batch-statistics.v1,limit_hopping_zero_chain6,chain6_hole_2,503,533726057,0.9227272727272726,Sx,2.3771131469671527,0.010114005053589982,2.5,3.9628056733104815,2.3370333103608956,2.41719298357341,False
haxs.stage5c2gR32.batch-statistics.v1,limit_hopping_zero_chain6,chain6_hole_2,503,533726057,0.9227272727272726,Sy,0.019900111552594666,0.037714365124404674,2.5,3.9628056733104815,-0.12955458852769913,0.16935481163288846,False
haxs.stage5c2gR32.batch-statistics.v1,limit_hopping_zero_chain6,chain6_hole_2,503,533726057,0.9227272727272726,Sz,-0.01171874999956417,0.03506278645573511,2.5,3.9628056733104815,-0.15066575908842517,0.1272282590892968,False
haxs.stage5c2gR32.batch-statistics.v1,limit_hopping_zero_chain6,chain6_hole_2,503,533726057,0.9545454545454545,Sx,2.3693717532435263,0.010383863804257763,2.5,3.9628056733104815,2.32822251884913,2.4105209876379226,False
haxs.stage5c2gR32.batch-statistics.v1,limit_hopping_zero_chain6,chain6_hole_2,503,533726057,0.9545454545454545,Sy,0.020040208093186337,0.03786826279597583,2.5,3.9628056733104815,-0.1300243585531189,0.1701047747394916,False
haxs.stage5c2gR32.batch-statistics.v1,limit_hopping_zero_chain6,chain6_hole_2,503,533726057,0.9545454545454545,Sz,-0.011718749999583928,0.035062786455733054,2.5,3.9628056733104815,-0.15066575908843677,0.12722825908926894,False
haxs.stage5c2gR32.batch-statistics.v1,limit_hopping_zero_chain6,chain6_hole_2,503,533726057,0.9863636363636362,Sx,2.3614785197294985,0.010650413512424461,2.5,3.9628056733104815,2.31927300063936,2.403684038819637,False
haxs.stage5c2gR32.batch-statistics.v1,limit_hopping_zero_chain6,chain6_hole_2,503,533726057,0.9863636363636362,Sy,0.02019790216045218,0.038023660793887325,2.5,3.9628056733104815,-0.13048247655359785,0.1708782808745022,False
haxs.stage5c2gR32.batch-statistics.v1,limit_hopping_zero_chain6,chain6_hole_2,503,533726057,0.9863636363636362,Sz,-0.011718749999604853,0.03506278645573066,2.5,3.9628056733104815,-0.1506657590884482,0.12722825908923852,False
haxs.stage5c2gR32.batch-statistics.v1,limit_hopping_zero_chain6,chain6_hole_2,503,533726057,1.018181818181818,Sx,2.35344179087948,0.010914026787499424,2.5,3.9628056733104815,2.3101916236073143,2.3966919581516453,False
haxs.stage5c2gR32.batch-statistics.v1,limit_hopping_zero_chain6,chain6_hole_2,503,533726057,1.018181818181818,Sy,0.02037388856315047,0.038180419197181806,2.5,3.9628056733104815,-0.130927693240814,0.17167547036711495,False
haxs.stage5c2gR32.batch-statistics.v1,limit_hopping_zero_chain6,chain6_hole_2,503,533726057,1.018181818181818,Sz,-0.011718749999626677,0.03506278645572785,2.5,3.9628056733104815,-0.15066575908845892,0.12722825908920554,False
haxs.stage5c2gR32.batch-statistics.v1,limit_hopping_zero_chain6,chain6_hole_2,503,533726057,1.0499999999999998,Sx,2.345269591332842,0.011175067885059037,2.5,3.9628056733104815,2.3009849689183,2.3895542137473837,False
haxs.stage5c2gR32.batch-statistics.v1,limit_hopping_zero_chain6,chain6_hole_2,503,533726057,1.0499999999999998,Sy,0.020568732979627604,0.03833841315390555,2.5,3.9628056733104815,-0.1313589481723905,0.1724964141316457,False
haxs.stage5c2gR32.batch-statistics.v1,limit_hopping_zero_chain6,chain6_hole_2,503,533726057,1.0499999999999998,Sz,-0.011718749999649461,0.03506278645572475,2.5,3.9628056733104815,-0.1506657590884694,0.12722825908917046,False
haxs.stage5c2gR32.batch-statistics.v1,limit_hopping_zero_chain6,chain6_hole_2,503,533726057,1.0818181818181818,Sx,2.336969565380137,0.011433888662069088,2.5,3.9628056733104815,2.291659286522089,2.3822798442381847,False
haxs.stage5c2gR32.batch-statistics.v1,limit_hopping_zero_chain6,chain6_hole_2,503,533726057,1.0818181818181818,Sy,0.020782862808399125,0.03849753046111815,2.5,3.9628056733104815,-0.13177536931136297,0.17334109492816124,False
haxs.stage5c2gR32.batch-statistics.v1,limit_hopping_zero_chain6,chain6_hole_2,503,533726057,1.0818181818181818,Sz,-0.011718749999672921,0.03506278645572141,2.5,3.9628056733104815,-0.15066575908847965,0.1272282590891338,False
haxs.stage5c2gR32.batch-statistics.v1,limit_hopping_zero_chain6,chain6_hole_2,503,533726057,1.1136363636363635,Sx,2.3285489224682405,0.011690825309492212,2.5,3.9628056733104815,2.282220453606103,2.374877391330378,False
haxs.stage5c2gR32.batch-statistics.v1,limit_hopping_zero_chain6,chain6_hole_2,503,533726057,1.1136363636363635,Sy,0.021016558962425977,0.03865766883415793,2.5,3.9628056733104815,-0.13217627041053287,0.1742093883353848,False
haxs.stage5c2gR32.batch-statistics.v1,limit_hopping_zero_chain6,chain6_hole_2,503,533726057,1.1136363636363635,Sz,-0.011718749999696954,0.035062786455717865,2.5,3.9628056733104815,-0.15066575908848964,0.1272282590890957,False
haxs.stage5c2gR32.batch-statistics.v1,limit_hopping_zero_chain6,chain6_hole_2,503,533726057,1.1454545454545453,Sx,2.3200143901076364,0.011946195942088844,2.5,3.9628056733104815,2.272673937053848,2.367354843161425,False
haxs.stage5c2gR32.batch-statistics.v1,limit_hopping_zero_chain6,chain6_hole_2,503,533726057,1.1454545454545453,Sy,0.02126994864675895,0.03881873295533211,2.5,3.9628056733104815,-0.1325611465393557,0.17510104383287356,False
haxs.stage5c2gR32.batch-statistics.v1,limit_hopping_zero_chain6,chain6_hole_2,503,533726057,1.1454545454545453,Sz,-0.01171874999972135,0.03506278645571415,2.5,3.9628056733104815,-0.1506657590884993,0.12722825908905658,False
haxs.stage5c2gR32.batch-statistics.v1,limit_hopping_zero_chain6,chain6_hole_2,503,533726057,1.1772727272727272,Sx,2.3113721753320475,0.012200299087539277,2.5,3.9628056733104815,2.263024760891862,2.359719589772233,False
haxs.stage5c2gR32.batch-statistics.v1,limit_hopping_zero_chain6,chain6_hole_2,503,533726057,1.1772727272727272,Sy,0.02154299915690032,0.03898063139552082,2.5,3.9628056733104815,-0.13292966808649426,0.17601566640029487,False
haxs.stage5c2gR32.batch-statistics.v1,limit_hopping_zero_chain6,chain6_hole_2,503,533726057,1.1772727272727272,Sz,-0.011718749999746009,0.03506278645571058,2.5,3.9628056733104815,-0.1506657590885098,0.12722825908901778,False
haxs.stage5c2gR32.batch-statistics.v1,limit_hopping_zero_chain6,chain6_hole_2,503,533726057,1.209090909090909,Sx,2.3026279355996406,0.012453413075093551,2.5,3.9628056733104815,2.253277479613581,2.3519783915857,False
haxs.stage5c2gR32.batch-statistics.v1,limit_hopping_zero_chain6,chain6_hole_2,503,533726057,1.209090909090909,Sy,0.021835512737123287,0.03914327350191063,2.5,3.9628056733104815,-0.133281673568192,0.17695269904243857,False
haxs.stage5c2gR32.batch-statistics.v1,limit_hopping_zero_chain6,chain6_hole_2,503,533726057,1.209090909090909,Sz,-0.011718749999770758,0.035062786455706894,2.5,3.9628056733104815,-0.15066575908851995,0.12722825908897842,False
haxs.stage5c2gR32.batch-statistics.v1,limit_hopping_zero_chain6,chain6_hole_2,503,533726057,1.2409090909090907,Sx,2.293786759726881,0.01270579628034785,2.5,3.9628056733104815,2.243436158143191,2.3441373613105707,False
haxs.stage5c2gR32.batch-statistics.v1,limit_hopping_zero_chain6,chain6_hole_2,503,533726057,1.2409090909090907,Sy,0.022147122543670246,0.03930656634168132,2.5,3.9628056733104815,-0.13361716155349931,0.1779114066408398,False
haxs.stage5c2gR32.batch-statistics.v1,limit_hopping_zero_chain6,chain6_hole_2,503,533726057,1.2409090909090907,Sz,-0.011718749999795431,0.035062786455703376,2.5,3.9628056733104815,-0.1506657590885307,0.1272282590889398,False
haxs.stage5c2gR32.batch-statistics.v1,limit_hopping_zero_chain6,chain6_hole_2,503,533726057,1.2727272727272725,Sx,2.284853159124699,0.012957688140318358,2.5,3.9628056733104815,2.233504359049258,2.3362019592001406,False
haxs.stage5c2gR32.batch-statistics.v1,limit_hopping_zero_chain6,chain6_hole_2,503,533726057,1.2727272727272725,Sy,0.02247728976656586,0.03947041178558667,2.5,3.9628056733104815,-0.1339362819852579,0.1788908615183896,False
haxs.stage5c2gR32.batch-statistics.v1,limit_hopping_zero_chain6,chain6_hole_2,503,533726057,1.2727272727272725,Sz,-0.011718749999819913,0.03506278645569997,2.5,3.9628056733104815,-0.15066575908854166,0.1272282590889018,False
haxs.stage5c2gR32.batch-statistics.v1,limit_hopping_zero_chain6,chain6_hole_2,503,533726057,1.3045454545454545,Sx,2.275831069278886,0.01320931081464746,2.5,3.9628056733104815,2.2234851374420797,2.328177001115692,False
haxs.stage5c2gR32.batch-statistics.v1,limit_hopping_zero_chain6,chain6_hole_2,503,533726057,1.3045454545454545,Sy,0.022825301974745315,0.03963470380767272,2.5,3.9628056733104815,-0.1342393271342807,0.1798899310837713,False
haxs.stage5c2gR32.batch-statistics.v1,limit_hopping_zero_chain6,chain6_hole_2,503,533726057,1.3045454545454545,Sz,-0.011718749999844099,0.03506278645569676,2.5,3.9628056733104815,-0.15066575908855312,0.12722825908886493,False
haxs.stage5c2gR32.batch-statistics.v1,limit_hopping_zero_chain6,chain6_hole_2,503,533726057,1.3363636363636362,Sx,2.266723861097298,0.013460871337224095,2.5,3.9628056733104815,2.213381043794444,2.3200666784001522,False
haxs.stage5c2gR32.batch-statistics.v1,limit_hopping_zero_chain6,chain6_hole_2,503,533726057,1.3363636363636362,Sy,0.02319027276116259,0.03979932606855189,2.5,3.9628056733104815,-0.13452672237722857,0.18090726789955375,False
haxs.stage5c2gR32.batch-statistics.v1,limit_hopping_zero_chain6,chain6_hole_2,503,533726057,1.3363636363636362,Sz,-0.011718749999867854,0.03506278645569388,2.5,3.9628056733104815,-0.15066575908856547,0.12722825908882976,False
haxs.stage5c2gR32.batch-statistics.v1,limit_hopping_zero_chain6,chain6_hole_2,503,533726057,1.368181818181818,Sx,2.257534361452601,0.013712564079956784,2.5,3.9628056733104815,2.2031941347209147,2.311874588184287,False
haxs.stage5c2gR32.batch-statistics.v1,limit_hopping_zero_chain6,chain6_hole_2,503,533726057,1.368181818181818,Sy,0.023571142776167224,0.0399641498403067,2.5,3.9628056733104815,-0.13479901694003033,0.1819413024923648,False
haxs.stage5c2gR32.batch-statistics.v1,limit_hopping_zero_chain6,chain6_hole_2,503,533726057,1.368181818181818,Sz,-0.011718749999890926,0.03506278645569131,2.5,3.9628056733104815,-0.15066575908857835,0.1272282590887965,False
haxs.stage5c2gR32.batch-statistics.v1,limit_hopping_zero_chain6,chain6_hole_2,503,533726057,1.4,Sx,2.2482648819942628,0.013964573338482947,2.5,3.9628056733104815,2.1929259915431625,2.303603772445363,False
haxs.stage5c2gR32.batch-statistics.v1,limit_hopping_zero_chain6,chain6_hole_2,503,533726057,1.4,Sy,0.02396668224728272,0.04012903232172871,2.5,3.9628056733104815,-0.1350568747017235,0.18299023919628893,False
haxs.stage5c2gR32.batch-statistics.v1,limit_hopping_zero_chain6,chain6_hole_2,503,533726057,1.4,Sz,-0.011718749999913215,0.035062786455689034,2.5,3.9628056733104815,-0.15066575908859162,0.1272282590887652,False
haxs.stage5c2gR32.batch-statistics.v1,limit_hopping_zero_chain6,chain6_hole_2,504,3781660334,0.0,Sx,2.5,0.0,2.5,3.9628056733104815,2.5,2.5,False
haxs.stage5c2gR32.batch-statistics.v1,limit_hopping_zero_chain6,chain6_hole_2,504,3781660334,0.0,Sy,0.015625,0.034457102254429904,2.5,3.9628056733104815,-0.12092180029969421,0.1521718002996942,False
haxs.stage5c2gR32.batch-statistics.v1,limit_hopping_zero_chain6,chain6_hole_2,504,3781660334,0.0,Sz,-0.0087890625,0.03629437321753249,2.5,3.9628056733104815,-0.15261661059568574,0.13503848559568574,False
haxs.stage5c2gR32.batch-statistics.v1,limit_hopping_zero_chain6,chain6_hole_2,504,3781660334,0.031818181818181815,Sx,2.500022232984186,0.0004134642422285767,2.5,3.9628056733104815,2.498383754539372,2.5016607114290004,False
haxs.stage5c2gR32.batch-statistics.v1,limit_hopping_zero_chain6,chain6_hole_2,504,3781660334,0.031818181818181815,Sy,0.015508381567904727,0.03444882631667754,2.5,3.9628056733104815,-0.12100562279871245,0.15202238593452191,False
haxs.stage5c2gR32.batch-statistics.v1,limit_hopping_zero_chain6,chain6_hole_2,504,3781660334,0.031818181818181815,Sz,-0.00878906250003195,0.036294373217534204,2.5,3.9628056733104815,-0.15261661059572448,0.1350384855956606,False
haxs.stage5c2gR32.batch-statistics.v1,limit_hopping_zero_chain6,chain6_hole_2,504,3781660334,0.06363636363636363,Sx,2.499705632277006,0.0008270939121620695,2.5,3.9628056733104815,2.4964280198295294,2.5029832447244824,False
haxs.stage5c2gR32.batch-statistics.v1,limit_hopping_zero_chain6,chain6_hole_2,504,3781660334,0.06363636363636363,Sy,0.015380849348874761,0.03444881318906458,2.5,3.9628056733104815,-0.12113310299556329,0.15189480169331282,False
haxs.stage5c2gR32.batch-statistics.v1,limit_hopping_zero_chain6,chain6_hole_2,504,3781660334,0.06363636363636363,Sz,-0.008789062500065769,0.036294373217536376,2.5,3.9628056733104815,-0.15261661059576692,0.13503848559563536,False
haxs.stage5c2gR32.batch-statistics.v1,limit_hopping_zero_chain6,chain6_hole_2,504,3781660334,0.09545454545454544,Sx,2.499051067115962,0.0012403799481714225,2.5,3.9628056733104815,2.4941356824202874,2.5039664518116362,False
haxs.stage5c2gR32.batch-statistics.v1,limit_hopping_zero_chain6,chain6_hole_2,504,3781660334,0.09545454545454544,Sy,0.015242618428419251,0.03445702723892571,2.5,3.9628056733104815,-0.12130388459940933,0.15178912145624784,False
haxs.stage5c2gR32.batch-statistics.v1,limit_hopping_zero_chain6,chain6_hole_2,504,3781660334,0.09545454545454544,Sz,-0.008789062500101055,0.036294373217539005,2.5,3.9628056733104815,-0.15261661059581264,0.13503848559561052,False
haxs.stage5c2gR32.batch-statistics.v1,limit_hopping_zero_chain6,chain6_hole_2,504,3781660334,0.12727272727272726,Sx,2.4980596722880786,0.0016528144265087542,2.5,3.9628056733104815,2.4915098899017805,2.5046094546743767,False
haxs.stage5c2gR32.batch-statistics.v1,limit_hopping_zero_chain6,chain6_hole_2,504,3781660334,0.12727272727272726,Sy,0.015093875405878752,0.03447340763052489,2.5,3.9628056733104815,-0.1215175399307101,0.1517052907424676,False
haxs.stage5c2gR32.batch-statistics.v1,limit_hopping_zero_chain6,chain6_hole_2,504,3781660334,0.12727272727272726,Sz,-0.008789062500137501,0.03629437321754202,2.5,3.9628056733104815,-0.152616610595861,0.135038485595586,False
haxs.stage5c2gR32.batch-statistics.v1,limit_hopping_zero_chain6,chain6_hole_2,504,3781660334,0.15909090909090906,Sx,2.496732847484845,0.0020638938254847476,2.5,3.9628056733104815,2.4885540373241035,2.5049116576455868,False
haxs.stage5c2gR32.batch-statistics.v1,limit_hopping_zero_chain6,chain6_hole_2,504,3781660334,0.15909090909090906,Sy,0.014934772342741298,0.03449786835570746,2.5,3.9628056733104815,-0.12177357609437436,0.15164312077985695,False
haxs.stage5c2gR32.batch-statistics.v1,limit_hopping_zero_chain6,chain6_hole_2,504,3781660334,0.15909090909090906,Sz,-0.00878906250017453,0.036294373217545445,2.5,3.9628056733104815,-0.1526166105959116,0.13503848559556256,False
haxs.stage5c2gR32.batch-statistics.v1,limit_hopping_zero_chain6,chain6_hole_2,504,3781660334,0.1909090909090909,Sx,2.49507226096409,0.002473122385361563,2.5,3.9628056733104815,2.485271757544588,2.5048727643835917,False
haxs.stage5c2gR32.batch-statistics.v1,limit_hopping_zero_chain6,chain6_hole_2,504,3781660334,0.1909090909090909,Sy,0.014765421151863878,0.03453029837539796,2.5,3.9628056733104815,-0.12207144115126684,0.1516022834549946,False
haxs.stage5c2gR32.batch-statistics.v1,limit_hopping_zero_chain6,chain6_hole_2,504,3781660334,0.1909090909090909,Sz,-0.008789062500211841,0.03629437321754915,2.5,3.9628056733104815,-0.1526166105959636,0.13503848559553994,False
haxs.stage5c2gR32.batch-statistics.v1,limit_hopping_zero_chain6,chain6_hole_2,504,3781660334,0.22272727272727272,Sx,2.4930798574085866,0.0028800155794184673,2.5,3.9628056733104815,2.4816669153312447,2.5044927994859285,False
haxs.stage5c2gR32.batch-statistics.v1,limit_hopping_zero_chain6,chain6_hole_2,504,3781660334,0.22272727272727272,Sy,0.014585888576660615,0.03457056189697299,2.5,3.9628056733104815,-0.1224105302381951,0.15158230739151635,False
haxs.stage5c2gR32.batch-statistics.v1,limit_hopping_zero_chain6,chain6_hole_2,504,3781660334,0.22272727272727272,Sz,-0.008789062500248919,0.03629437321755314,2.5,3.9628056733104815,-0.1526166105960165,0.13503848559551868,False
haxs.stage5c2gR32.batch-statistics.v1,limit_hopping_zero_chain6,chain6_hole_2,504,3781660334,0.2545454545454545,Sx,2.4907578697709325,0.0032841036955092787,2.5,3.9628056733104815,2.4777436050146284,2.5037721345272366,False
haxs.stage5c2gR32.batch-statistics.v1,limit_hopping_zero_chain6,chain6_hole_2,504,3781660334,0.2545454545454545,Sy,0.014396191905356385,0.034618498816776026,2.5,3.9628056733104815,-0.12279019160725584,0.1515825754179686,False
haxs.stage5c2gR32.batch-statistics.v1,limit_hopping_zero_chain6,chain6_hole_2,504,3781660334,0.2545454545454545,Sz,-0.008789062500285173,0.03629437321755731,2.5,3.9628056733104815,-0.15261661059606926,0.13503848559549894,False
haxs.stage5c2gR32.batch-statistics.v1,limit_hopping_zero_chain6,chain6_hole_2,504,3781660334,0.2863636363636363,Sx,2.4881088347841485,0.0036849355094101307,2.5,3.9628056733104815,2.4735061514416747,2.502711518126622,False
haxs.stage5c2gR32.batch-statistics.v1,limit_hopping_zero_chain6,chain6_hole_2,504,3781660334,0.2863636363636363,Sy,0.014196295557558867,0.034673925359495886,2.5,3.9628056733104815,-0.1232097325729956,0.15160232368811333,False
haxs.stage5c2gR32.batch-statistics.v1,limit_hopping_zero_chain6,chain6_hole_2,504,3781660334,0.2863636363636363,Sz,-0.008789062500320235,0.03629437321756174,2.5,3.9628056733104815,-0.1526166105961219,0.1350384855954814,False
haxs.stage5c2gR32.batch-statistics.v1,limit_hopping_zero_chain6,chain6_hole_2,504,3781660334,0.3181818181818181,Sx,2.4851356116946275,0.0040820820130331,2.5,3.9628056733104815,2.4689591139344613,2.5013121094547937,False
haxs.stage5c2gR32.batch-statistics.v1,limit_hopping_zero_chain6,chain6_hole_2,504,3781660334,0.3181818181818181,Sy,0.013986108668864036,0.03473663494646789,2.5,3.9628056733104815,-0.12366842536871407,0.15164064270644215,False
haxs.stage5c2gR32.batch-statistics.v1,limit_hopping_zero_chain6,chain6_hole_2,504,3781660334,0.3181818181818181,Sz,-0.008789062500353707,0.036294373217566185,2.5,3.9628056733104815,-0.15261661059617299,0.13503848559546555,False
haxs.stage5c2gR32.batch-statistics.v1,limit_hopping_zero_chain6,chain6_hole_2,504,3781660334,0.35,Sx,2.48184140364478,0.004475140143742145,2.5,3.9628056733104815,2.4641072928942993,2.4995755143952607,False
haxs.stage5c2gR32.batch-statistics.v1,limit_hopping_zero_chain6,chain6_hole_2,504,3781660334,0.35,Sy,0.013765483784255433,0.034806399322918374,2.5,3.9628056733104815,-0.1241655129201156,0.15169648048862647,False
haxs.stage5c2gR32.batch-statistics.v1,limit_hopping_zero_chain6,chain6_hole_2,504,3781660334,0.35,Sz,-0.0087890625003851,0.03629437321757085,2.5,3.9628056733104815,-0.15261661059622286,0.13503848559545265,False
haxs.stage5c2gR32.batch-statistics.v1,limit_hopping_zero_chain6,chain6_hole_2,504,3781660334,0.3818181818181818,Sx,2.4782297810007816,0.004863736446895248,2.5,3.9628056733104815,2.458955738615538,2.497503823386025,False
haxs.stage5c2gR32.batch-statistics.v1,limit_hopping_zero_chain6,chain6_hole_2,504,3781660334,0.3818181818181818,Sy,0.013534216753081193,0.034882969969592455,2.5,3.9628056733104815,-0.12470021454433894,0.15176864805050133,False
haxs.stage5c2gR32.batch-statistics.v1,limit_hopping_zero_chain6,chain6_hole_2,504,3781660334,0.3818181818181818,Sz,-0.008789062500414101,0.03629437321757537,2.5,3.9628056733104815,-0.1526166105962698,0.13503848559544157,False
haxs.stage5c2gR32.batch-statistics.v1,limit_hopping_zero_chain6,chain6_hole_2,504,3781660334,0.4136363636363636,Sx,2.4743047057917487,0.005247530593328655,2.5,3.9628056733104815,2.4535097617856354,2.495099649797862,False
haxs.stage5c2gR32.batch-statistics.v1,limit_hopping_zero_chain6,chain6_hole_2,504,3781660334,0.4136363636363636,Sy,0.013292047897846333,0.0349660798170342,2.5,3.9628056733104815,-0.12527173157452393,0.15185582737021658,False
haxs.stage5c2gR32.batch-statistics.v1,limit_hopping_zero_chain6,chain6_hole_2,504,3781660334,0.4136363636363636,Sz,-0.008789062500440401,0.03629437321757982,2.5,3.9628056733104815,-0.1526166105963137,0.1350384855954329,False
haxs.stage5c2gR32.batch-statistics.v1,limit_hopping_zero_chain6,chain6_hole_2,504,3781660334,0.44545454545454544,Sx,2.4700705563089893,0.005626218667345681,2.5,3.9628056733104815,2.4477749450547464,2.4923661675632323,False
haxs.stage5c2gR32.batch-statistics.v1,limit_hopping_zero_chain6,chain6_hole_2,504,3781660334,0.44545454545454544,Sy,0.013038664506455713,0.03505544527112917,2.5,3.9628056733104815,-0.12587925289440005,0.15195658190731148,False
haxs.stage5c2gR32.batch-statistics.v1,limit_hopping_zero_chain6,chain6_hole_2,504,3781660334,0.44545454545454544,Sz,-0.00878906250046379,0.03629437321758426,2.5,3.9628056733104815,-0.1526166105963547,0.1350384855954271,False
haxs.stage5c2gR32.batch-statistics.v1,limit_hopping_zero_chain6,chain6_hole_2,504,3781660334,0.47727272727272724,Sx,2.465532150813596,0.005999536138998825,2.5,3.9628056733104815,2.44175715496474,2.4893071466624517,False
haxs.stage5c2gR32.batch-statistics.v1,limit_hopping_zero_chain6,chain6_hole_2,504,3781660334,0.47727272727272724,Sy,0.012773704673421284,0.03515076854663077,2.5,3.9628056733104815,-0.12652196034439075,0.15206936969123333,False
haxs.stage5c2gR32.batch-statistics.v1,limit_hopping_zero_chain6,chain6_hole_2,504,3781660334,0.47727272727272724,Sz,-0.008789062500483986,0.036294373217588626,2.5,3.9628056733104815,-0.15261661059639217,0.13503848559542422,False
haxs.stage5c2gR32.batch-statistics.v1,limit_hopping_zero_chain6,chain6_hole_2,504,3781660334,0.509090909090909,Sx,2.4606947692255745,0.00636726043679775,2.5,3.9628056733104815,2.435462553443187,2.485926985007962,False
haxs.stage5c2gR32.batch-statistics.v1,limit_hopping_zero_chain6,chain6_hole_2,504,3781660334,0.509090909090909,Sy,0.012496762490457865,0.03525174029171422,2.5,3.9628056733104815,-0.12719903393161494,0.15219255891253067,False
haxs.stage5c2gR32.batch-statistics.v1,limit_hopping_zero_chain6,chain6_hole_2,504,3781660334,0.509090909090909,Sz,-0.008789062500500947,0.03629437321759269,2.5,3.9628056733104815,-0.15261661059642528,0.13503848559542336,False
haxs.stage5c2gR32.batch-statistics.v1,limit_hopping_zero_chain6,chain6_hole_2,504,3781660334,0.5409090909090909,Sx,2.4555641716228687,0.006729213042908883,2.5,3.9628056733104815,2.4288976079995144,2.482230735246223,False
haxs.stage5c2gR32.batch-statistics.v1,limit_hopping_zero_chain6,chain6_hole_2,504,3781660334,0.5409090909090909,Sy,0.012207394561371944,0.035358042471743914,2.5,3.9628056733104815,-0.1279096567428078,0.15232444586555166,False
haxs.stage5c2gR32.batch-statistics.v1,limit_hopping_zero_chain6,chain6_hole_2,504,3781660334,0.5409090909090909,Sz,-0.008789062500514583,0.0362943732175965,2.5,3.9628056733104815,-0.152616610596454,0.13503848559542483,False
haxs.stage5c2gR32.batch-statistics.v1,limit_hopping_zero_chain6,chain6_hole_2,504,3781660334,0.5727272727272726,Sx,2.450146612370923,0.00708526104175096,2.5,3.9628056733104815,2.4220690997177865,2.4782241250240595,False
haxs.stage5c2gR32.batch-statistics.v1,limit_hopping_zero_chain6,chain6_hole_2,504,3781660334,0.5727272727272726,Sy,0.011905127790698892,0.03546935146516811,2.5,3.9628056733104815,-0.12865301942411272,0.1524632750055105,False
haxs.stage5c2gR32.batch-statistics.v1,limit_hopping_zero_chain6,chain6_hole_2,504,3781660334,0.5727272727272726,Sz,-0.008789062500524839,0.03629437321760011,2.5,3.9628056733104815,-0.15261661059647855,0.1350384855954289,False
haxs.stage5c2gR32.batch-statistics.v1,limit_hopping_zero_chain6,chain6_hole_2,504,3781660334,0.6045454545454545,Sx,2.4444488487349516,0.007435318063953772,2.5,3.9628056733104815,2.4149841281282476,2.4739135693416556,False
haxs.stage5c2gR32.batch-statistics.v1,limit_hopping_zero_chain6,chain6_hole_2,504,3781660334,0.6045454545454545,Sy,0.011589468370637278,0.03558534130966327,2.5,3.9628056733104815,-0.12942832405798615,0.15260726079926074,False
haxs.stage5c2gR32.batch-statistics.v1,limit_hopping_zero_chain6,chain6_hole_2,504,3781660334,0.6045454545454545,Sz,-0.008789062500531837,0.036294373217603385,2.5,3.9628056733104815,-0.1526166105964985,0.13503848559543485,False
haxs.stage5c2gR32.batch-statistics.v1,limit_hopping_zero_chain6,chain6_hole_2,504,3781660334,0.6363636363636362,Sx,2.4384781429013564,0.007779344580360332,2.5,3.9628056733104815,2.4076501120636675,2.4693061737390454,False
haxs.stage5c2gR32.batch-statistics.v1,limit_hopping_zero_chain6,chain6_hole_2,504,3781660334,0.6363636363636362,Sy,0.011259911866862982,0.03570568702330705,2.5,3.9628056733104815,-0.13023478723854665,0.1527546109722726,False
haxs.stage5c2gR32.batch-statistics.v1,limit_hopping_zero_chain6,chain6_hole_2,504,3781660334,0.6363636363636362,Sz,-0.008789062500535594,0.036294373217606354,2.5,3.9628056733104815,-0.15261661059651405,0.13503848559544285,False
haxs.stage5c2gR32.batch-statistics.v1,limit_hopping_zero_chain6,chain6_hole_2,504,3781660334,0.6681818181818181,Sx,2.432242256452041,0.008117347514747174,2.5,3.9628056733104815,2.400074785668368,2.4644097272357137,False
haxs.stage5c2gR32.batch-statistics.v1,limit_hopping_zero_chain6,chain6_hole_2,504,3781660334,0.6681818181818181,Sy,0.010915954281140136,0.035830067914635395,2.5,3.9628056733104815,-0.13107164212607686,0.15290355068835715,False
haxs.stage5c2gR32.batch-statistics.v1,limit_hopping_zero_chain6,chain6_hole_2,504,3781660334,0.6681818181818181,Sz,-0.008789062500536265,0.036294373217608845,2.5,3.9628056733104815,-0.1526166105965246,0.13503848559545206,False
haxs.stage5c2gR32.batch-statistics.v1,limit_hopping_zero_chain6,chain6_hole_2,504,3781660334,0.7,Sx,2.425749436495587,0.008449379159061238,2.5,3.9628056733104815,2.3922661888281076,2.4592326841630663,False
haxs.stage5c2gR32.batch-statistics.v1,limit_hopping_zero_chain6,chain6_hole_2,504,3781660334,0.7,Sy,0.010557103947556233,0.035958170787858686,2.5,3.9628056733104815,-0.1319381392524374,0.15305234714754987,False
haxs.stage5c2gR32.batch-statistics.v1,limit_hopping_zero_chain6,chain6_hole_2,504,3781660334,0.7,Sz,-0.008789062500533998,0.03629437321761098,2.5,3.9628056733104815,-0.15261661059653078,0.1350384855954628,False
haxs.stage5c2gR32.batch-statistics.v1,limit_hopping_zero_chain6,chain6_hole_2,504,3781660334,0.7318181818181817,Sx,2.4190083928591375,0.0087755353912664,2.5,3.9628056733104815,2.38423265142429,2.453784134293985,False
haxs.stage5c2gR32.batch-statistics.v1,limit_hopping_zero_chain6,chain6_hole_2,504,3781660334,0.7318181818181817,Sy,0.010182894099955642,0.03608969294602573,2.5,3.9628056733104815,-0.13283354585458837,0.15319933405449968,False
haxs.stage5c2gR32.batch-statistics.v1,limit_hopping_zero_chain6,chain6_hole_2,504,3781660334,0.7318181818181817,Sz,-0.008789062500528935,0.03629437321761266,2.5,3.9628056733104815,-0.1526166105965324,0.13503848559547452,False
haxs.stage5c2gR32.batch-statistics.v1,limit_hopping_zero_chain6,chain6_hole_2,504,3781660334,0.7636363636363636,Sx,2.412028265981533,0.009095953213486623,2.5,3.9628056733104815,2.3759827709829615,2.4480737609801047,False
haxs.stage5c2gR32.batch-statistics.v1,limit_hopping_zero_chain6,chain6_hole_2,504,3781660334,0.7636363636363636,Sy,0.009792895930912187,0.036224344896095044,2.5,3.9628056733104815,-0.13375714353528884,0.1533429353971132,False
haxs.stage5c2gR32.batch-statistics.v1,limit_hopping_zero_chain6,chain6_hole_2,504,3781660334,0.7636363636363636,Sz,-0.008789062500521201,0.036294373217613946,2.5,3.9628056733104815,-0.15261661059652973,0.13503848559548734,False
haxs.stage5c2gR32.batch-statistics.v1,limit_hopping_zero_chain6,chain6_hole_2,504,3781660334,0.7954545454545454,Sx,2.404818585414674,0.009410807647121246,2.5,3.9628056733104815,2.3675253834802286,2.44211178734912,False
haxs.stage5c2gR32.batch-statistics.v1,limit_hopping_zero_chain6,chain6_hole_2,504,3781660334,0.7954545454545454,Sy,0.009386731947562246,0.03636185266594274,2.5,3.9628056733104815,-0.13470822408911548,0.15348168798424,False
haxs.stage5c2gR32.batch-statistics.v1,limit_hopping_zero_chain6,chain6_hole_2,504,3781660334,0.7954545454545454,Sz,-0.008789062500511084,0.036294373217614695,2.5,3.9628056733104815,-0.1526166105965226,0.1350384855955004,False
haxs.stage5c2gR32.batch-statistics.v1,limit_hopping_zero_chain6,chain6_hole_2,504,3781660334,0.8272727272727272,Sx,2.3973892191298782,0.009720308041893765,2.5,3.9628056733104815,2.3588695272751363,2.43590891098462,False
haxs.stage5c2gR32.batch-statistics.v1,limit_hopping_zero_chain6,chain6_hole_2,504,3781660334,0.8272727272727272,Sy,0.008964089416989975,0.036501959654239906,2.5,3.9628056733104815,-0.1356860833877822,0.15361426222176217,False
haxs.stage5c2gR32.batch-statistics.v1,limit_hopping_zero_chain6,chain6_hole_2,504,3781660334,0.8272727272727272,Sz,-0.0087890625004987,0.03629437321761504,2.5,3.9628056733104815,-0.1526166105965116,0.13503848559551418,False
haxs.stage5c2gR32.batch-statistics.v1,limit_hopping_zero_chain6,chain6_hole_2,504,3781660334,0.859090909090909,Sx,2.389750314127782,0.010024693876968636,2.5,3.9628056733104815,2.3500244003589295,2.429476227896634,False
haxs.stage5c2gR32.batch-statistics.v1,limit_hopping_zero_chain6,chain6_hole_2,504,3781660334,0.859090909090909,Sy,0.00852473368381468,0.03664442794944856,2.5,3.9628056733104815,-0.13669001328947725,0.1537394806571066,False
haxs.stage5c2gR32.batch-statistics.v1,limit_hopping_zero_chain6,chain6_hole_2,504,3781660334,0.859090909090909,Sz,-0.008789062500484281,0.03629437321761493,2.5,3.9628056733104815,-0.15261661059649673,0.13503848559552817,False
haxs.stage5c2gR32.batch-statistics.v1,limit_hopping_zero_chain6,chain6_hole_2,504,3781660334,0.8909090909090909,Sx,2.3819122291552626,0.010324230153523083,2.5,3.9628056733104815,2.340999311330318,2.422825146980207,False
haxs.stage5c2gR32.batch-statistics.v1,limit_hopping_zero_chain6,chain6_hole_2,504,3781660334,0.8909090909090909,Sy,0.008068521135400832,0.03678903907316256,2.5,3.9628056733104815,-0.13771929161936874,0.1538563338901704,False
haxs.stage5c2gR32.batch-statistics.v1,limit_hopping_zero_chain6,chain6_hole_2,504,3781660334,0.8909090909090909,Sz,-0.008789062500468103,0.036294373217614355,2.5,3.9628056733104815,-0.15261661059647827,0.13503848559554207,False
haxs.stage5c2gR32.batch-statistics.v1,limit_hopping_zero_chain6,chain6_hole_2,504,3781660334,0.9227272727272726,Sx,2.373885460625543,0.010619202498273623,2.5,3.9628056733104815,2.3318036247193517,2.4159672965317345,False
haxs.stage5c2gR32.batch-statistics.v1,limit_hopping_zero_chain6,chain6_hole_2,504,3781660334,0.9227272727272726,Sy,0.007595411585971639,0.036935594124625756,2.5,3.9628056733104815,-0.13877317035818862,0.15396399353013188,False
haxs.stage5c2gR32.batch-statistics.v1,limit_hopping_zero_chain6,chain6_hole_2,504,3781660334,0.9227272727272726,Sz,-0.00878906250045015,0.03629437321761334,2.5,3.9628056733104815,-0.1526166105964563,0.135038485595556,False
haxs.stage5c2gR32.batch-statistics.v1,limit_hopping_zero_chain6,chain6_hole_2,504,3781660334,0.9545454545454545,Sx,2.3656805631069697,0.01090991211487556,2.5,3.9628056733104815,2.3224467014828223,2.408914424731117,False
haxs.stage5c2gR32.batch-statistics.v1,limit_hopping_zero_chain6,chain6_hole_2,504,3781660334,0.9545454545454545,Sy,0.007105479850152196,0.03708391332626255,2.5,3.9628056733104815,-0.1398508622677152,0.1540618219680196,False
haxs.stage5c2gR32.batch-statistics.v1,limit_hopping_zero_chain6,chain6_hole_2,504,3781660334,0.9545454545454545,Sz,-0.008789062500430834,0.03629437321761177,2.5,3.9628056733104815,-0.15261661059643072,0.13503848559556908,False
haxs.stage5c2gR32.batch-statistics.v1,limit_hopping_zero_chain6,chain6_hole_2,504,3781660334,0.9863636363636362,Sx,2.357308065977,0.011196670733091895,2.5,3.9628056733104815,2.312937835673714,2.401678296280286,False
haxs.stage5c2gR32.batch-statistics.v1,limit_hopping_zero_chain6,chain6_hole_2,504,3781660334,0.9863636363636362,Sy,0.006598926279446013,0.03723383499312432,2.5,3.9628056733104815,-0.14095152627041335,0.1541493788293054,False
haxs.stage5c2gR32.batch-statistics.v1,limit_hopping_zero_chain6,chain6_hole_2,504,3781660334,0.9863636363636362,Sz,-0.008789062500410135,0.03629437321760993,2.5,3.9628056733104815,-0.15261661059640277,0.13503848559558249,False
haxs.stage5c2gR32.batch-statistics.v1,limit_hopping_zero_chain6,chain6_hole_2,504,3781660334,1.018181818181818,Sx,2.3487783880181694,0.011479795712438056,2.5,3.9628056733104815,2.3032861884404747,2.394270587595864,False
haxs.stage5c2gR32.batch-statistics.v1,limit_hopping_zero_chain6,chain6_hole_2,504,3781660334,1.018181818181818,Sy,0.006076086042188989,0.03738521397095726,2.5,3.9628056733104815,-0.14207425197984672,0.15422642406422468,False
haxs.stage5c2gR32.batch-statistics.v1,limit_hopping_zero_chain6,chain6_hole_2,504,3781660334,1.018181818181818,Sz,-0.00878906250038839,0.03629437321760767,2.5,3.9628056733104815,-0.15261661059637208,0.1350384855955953,False
haxs.stage5c2gR32.batch-statistics.v1,limit_hopping_zero_chain6,chain6_hole_2,504,3781660334,1.0499999999999998,Sx,2.340101751852208,0.011759605456180084,2.5,3.9628056733104815,2.2935007206345643,2.3867027830698513,False
haxs.stage5c2gR32.batch-statistics.v1,limit_hopping_zero_chain6,chain6_hole_2,504,3781660334,1.0499999999999998,Sy,0.005537436938946376,0.037537919606944574,2.5,3.9628056733104815,-0.14321804384372636,0.1542929177216191,False
haxs.stage5c2gR32.batch-statistics.v1,limit_hopping_zero_chain6,chain6_hole_2,504,3781660334,1.0499999999999998,Sz,-0.008789062500365678,0.036294373217604974,2.5,3.9628056733104815,-0.15261661059633866,0.1350384855956073,False
haxs.stage5c2gR32.batch-statistics.v1,limit_hopping_zero_chain6,chain6_hole_2,504,3781660334,1.0818181818181818,Sx,2.3312881001573698,0.01203641528210995,2.5,3.9628056733104815,2.2835901253911035,2.378986074923636,False
haxs.stage5c2gR32.batch-statistics.v1,limit_hopping_zero_chain6,chain6_hole_2,504,3781660334,1.0818181818181818,Sy,0.00498360556134706,0.037691833333071335,2.5,3.9628056733104815,-0.14438180540842116,0.15434901653111527,False
haxs.stage5c2gR32.batch-statistics.v1,limit_hopping_zero_chain6,chain6_hole_2,504,3781660334,1.0818181818181818,Sz,-0.008789062500342186,0.03629437321760203,2.5,3.9628056733104815,-0.15261661059630352,0.13503848559561912,False
haxs.stage5c2gR32.batch-statistics.v1,limit_hopping_zero_chain6,chain6_hole_2,504,3781660334,1.1136363636363635,Sx,2.322347015589379,0.012310533878130338,2.5,3.9628056733104815,2.273562762095643,2.3711312690831146,False
haxs.stage5c2gR32.batch-statistics.v1,limit_hopping_zero_chain6,chain6_hole_2,504,3781660334,1.1136363636363635,Sy,0.0044153716231156385,0.0378468459538234,2.5,3.9628056733104815,-0.14556432423960355,0.15439506748583484,False
haxs.stage5c2gR32.batch-statistics.v1,limit_hopping_zero_chain6,chain6_hole_2,504,3781660334,1.1136363636363635,Sz,-0.008789062500318046,0.03629437321759879,2.5,3.9628056733104815,-0.15261661059626652,0.13503848559563042,False
haxs.stage5c2gR32.batch-statistics.v1,limit_hopping_zero_chain6,chain6_hole_2,504,3781660334,1.1454545454545453,Sx,2.313287646226599,0.012582260443822652,2.5,3.9628056733104815,2.2634265931567485,2.36314869929645,False
haxs.stage5c2gR32.batch-statistics.v1,limit_hopping_zero_chain6,chain6_hole_2,504,3781660334,1.1454545454545453,Sy,0.0038336703174949847,0.0380028547371849,2.5,3.9628056733104815,-0.14676425803701543,0.1544315986720054,False
haxs.stage5c2gR32.batch-statistics.v1,limit_hopping_zero_chain6,chain6_hole_2,504,3781660334,1.1454545454545453,Sz,-0.008789062500293382,0.03629437321759543,2.5,3.9628056733104815,-0.15261661059622855,0.1350384855956418,False
haxs.stage5c2gR32.batch-statistics.v1,limit_hopping_zero_chain6,chain6_hole_2,504,3781660334,1.1772727272727272,Sx,2.3041186381892373,0.0128518825851177,2.5,3.9628056733104815,2.2531891249682126,2.355048151410262,False
haxs.stage5c2gR32.batch-statistics.v1,limit_hopping_zero_chain6,chain6_hole_2,504,3781660334,1.1772727272727272,Sy,0.00323959258510605,0.03815976041062322,2.5,3.9628056733104815,-0.14798012246228034,0.15445930763249247,False
haxs.stage5c2gR32.batch-statistics.v1,limit_hopping_zero_chain6,chain6_hole_2,504,3781660334,1.1772727272727272,Sz,-0.00878906250026833,0.03629437321759185,2.5,3.9628056733104815,-0.15261661059618933,0.13503848559565265,False
haxs.stage5c2gR32.batch-statistics.v1,limit_hopping_zero_chain6,chain6_hole_2,504,3781660334,1.209090909090909,Sx,2.2948480768488353,0.013119674989928309,2.5,3.9628056733104815,2.2428573543667576,2.346838799330913,False
haxs.stage5c2gR32.batch-statistics.v1,limit_hopping_zero_chain6,chain6_hole_2,504,3781660334,1.209090909090909,Sy,0.002634383210049475,0.038317464162216985,2.5,3.9628056733104815,-0.14921028115885507,0.154479047578954,False
haxs.stage5c2gR32.batch-statistics.v1,limit_hopping_zero_chain6,chain6_hole_2,504,3781660334,1.209090909090909,Sz,-0.008789062500242997,0.0362943732175882,2.5,3.9628056733104815,-0.15261661059614953,0.13503848559566353,False
haxs.stage5c2gR32.batch-statistics.v1,limit_hopping_zero_chain6,chain6_hole_2,504,3781660334,1.2409090909090907,Sx,2.2854834377594107,0.013385898870684275,2.5,3.9628056733104815,2.232437721772303,2.3385291537465185,False
haxs.stage5c2gR32.batch-statistics.v1,limit_hopping_zero_chain6,chain6_hole_2,504,3781660334,1.2409090909090907,Sy,0.0020194366989824694,0.03847586474182043,2.5,3.9628056733104815,-0.15045293838543025,0.1544918117833952,False
haxs.stage5c2gR32.batch-statistics.v1,limit_hopping_zero_chain6,chain6_hole_2,504,3781660334,1.2409090909090907,Sz,-0.008789062500217465,0.0362943732175845,2.5,3.9628056733104815,-0.15261661059610931,0.13503848559567438,False
haxs.stage5c2gR32.batch-statistics.v1,limit_hopping_zero_chain6,chain6_hole_2,504,3781660334,1.2727272727272725,Sx,2.2760315481202458,0.013650802117993901,2.5,3.9628056733104815,2.221936072041821,2.3301270241986707,False
haxs.stage5c2gR32.batch-statistics.v1,limit_hopping_zero_chain6,chain6_hole_2,504,3781660334,1.2727272727272725,Sy,0.0013962909370150427,0.03863485574888526,2.5,3.9628056733104815,-0.15170613461219953,0.15449871648622962,False
haxs.stage5c2gR32.batch-statistics.v1,limit_hopping_zero_chain6,chain6_hole_2,504,3781660334,1.2727272727272725,Sz,-0.008789062500191753,0.03629437321758085,2.5,3.9628056733104815,-0.15261661059606915,0.13503848559568563,False
haxs.stage5c2gR32.batch-statistics.v1,limit_hopping_zero_chain6,chain6_hole_2,504,3781660334,1.3045454545454545,Sx,2.2664985592387947,0.013914620071064464,2.5,3.9628056733104815,2.2113576238792207,2.3216394945983687,False
haxs.stage5c2gR32.batch-statistics.v1,limit_hopping_zero_chain6,chain6_hole_2,504,3781660334,1.3045454545454545,Sy,0.0007666186544048506,0.038794323183078516,2.5,3.9628056733104815,-0.15296774534773902,0.15450098265654874,False
haxs.stage5c2gR32.batch-statistics.v1,limit_hopping_zero_chain6,chain6_hole_2,504,3781660334,1.3045454545454545,Sz,-0.008789062500166029,0.03629437321757735,2.5,3.9628056733104815,-0.15261661059602954,0.13503848559569748,False
haxs.stage5c2gR32.batch-statistics.v1,limit_hopping_zero_chain6,chain6_hole_2,504,3781660334,1.3363636363636362,Sx,2.2568899301187213,0.014177576777759814,2.5,3.9628056733104815,2.2007069484300197,2.313072911807423,False
haxs.stage5c2gR32.batch-statistics.v1,limit_hopping_zero_chain6,chain6_hole_2,504,3781660334,1.3363636363636362,Sy,0.00013221677789092658,0.03895414332197847,2.5,3.9628056733104815,-0.15423548337739496,0.15449991693317683,False
haxs.stage5c2gR32.batch-statistics.v1,limit_hopping_zero_chain6,chain6_hole_2,504,3781660334,1.3363636363636362,Sz,-0.008789062500140304,0.03629437321757386,2.5,3.9628056733104815,-0.15261661059599,0.13503848559570938,False
haxs.stage5c2gR32.batch-statistics.v1,limit_hopping_zero_chain6,chain6_hole_2,504,3781660334,1.368181818181818,Sx,2.247210421967775,0.01443988659252234,2.5,3.9628056733104815,2.1899879574569674,2.3044328864785824,False
haxs.stage5c2gR32.batch-statistics.v1,limit_hopping_zero_chain6,chain6_hole_2,504,3781660334,1.368181818181818,Sy,-0.0005050062212308932,0.03911418097767939,2.5,3.9628056733104815,-0.1555069045064717,0.1544968920640099,False
haxs.stage5c2gR32.batch-statistics.v1,limit_hopping_zero_chain6,chain6_hole_2,504,3781660334,1.368181818181818,Sz,-0.008789062500114695,0.036294373217570605,2.5,3.9628056733104815,-0.15261661059595147,0.1350384855957221,False
haxs.stage5c2gR32.batch-statistics.v1,limit_hopping_zero_chain6,chain6_hole_2,504,3781660334,1.4,Sx,2.237464103121072,0.014701755945483199,2.5,3.9628056733104815,2.1792039012526847,2.295724304989459,False
haxs.stage5c2gR32.batch-statistics.v1,limit_hopping_zero_chain6,chain6_hole_2,504,3781660334,1.4,Sy,-0.0011430448347879167,0.03927428817175068,2.5,3.9628056733104815,-0.15677941681703225,0.15449332714745642,False
haxs.stage5c2gR32.batch-statistics.v1,limit_hopping_zero_chain6,chain6_hole_2,504,3781660334,1.4,Sz,-0.008789062500089205,0.03629437321756765,2.5,3.9628056733104815,-0.15261661059591428,0.13503848559573586,False
haxs.stage5c2gR32.batch-statistics.v1,limit_hopping_zero_chain6,chain6_hole_2,505,1213539821,0.0,Sx,2.5,0.0,2.5,3.9628056733104815,2.5,2.5,False
haxs.stage5c2gR32.batch-statistics.v1,limit_hopping_zero_chain6,chain6_hole_2,505,1213539821,0.0,Sy,0.0380859375,0.034021675805271115,2.5,3.9628056733104815,-0.09673535239665831,0.17290722739665831,False
haxs.stage5c2gR32.batch-statistics.v1,limit_hopping_zero_chain6,chain6_hole_2,505,1213539821,0.0,Sz,-0.0390625,0.03460482991243524,2.5,3.9628056733104815,-0.17619471630094263,0.09806971630094263,False
haxs.stage5c2gR32.batch-statistics.v1,limit_hopping_zero_chain6,chain6_hole_2,505,1213539821,0.031818181818181815,Sx,2.4998254876749963,0.00040124695450885527,2.5,3.9628056733104815,2.49823542396727,2.5014155513827228,False
haxs.stage5c2gR32.batch-statistics.v1,limit_hopping_zero_chain6,chain6_hole_2,505,1213539821,0.031818181818181815,Sy,0.038521827073754907,0.03400359344501996,2.5,3.9628056733104815,-0.09622780594311328,0.17327146009062308,False
haxs.stage5c2gR32.batch-statistics.v1,limit_hopping_zero_chain6,chain6_hole_2,505,1213539821,0.031818181818181815,Sz,-0.03906249999997355,0.034604829912435575,2.5,3.9628056733104815,-0.1761947163009175,0.09806971630097039,False
haxs.stage5c2gR32.batch-statistics.v1,limit_hopping_zero_chain6,chain6_hole_2,505,1213539821,0.06363636363636363,Sx,2.4993237565813047,0.0008026517483625418,2.5,3.9628056733104815,2.496143003679201,2.5025045094834084,False
haxs.stage5c2gR32.batch-statistics.v1,limit_hopping_zero_chain6,chain6_hole_2,505,1213539821,0.06363636363636363,Sy,0.03896158152438777,0.03399410795433449,2.5,3.9628056733104815,-0.0957504623361779,0.17367362538495346,False
haxs.stage5c2gR32.batch-statistics.v1,limit_hopping_zero_chain6,chain6_hole_2,505,1213539821,0.06363636363636363,Sz,-0.03906249999994834,0.03460482991243627,2.5,3.9628056733104815,-0.17619471630089506,0.09806971630099837,False
haxs.stage5c2gR32.batch-statistics.v1,limit_hopping_zero_chain6,chain6_hole_2,505,1213539821,0.09545454545454544,Sx,2.4984973955777026,0.0012036159100264167,2.5,3.9628056733104815,2.493727699620963,2.503267091534442,False
haxs.stage5c2gR32.batch-statistics.v1,limit_hopping_zero_chain6,chain6_hole_2,505,1213539821,0.09545454545454544,Sy,0.03940602322146305,0.03399319510587464,2.5,3.9628056733104815,-0.09530240319804706,0.17411444964097317,False
haxs.stage5c2gR32.batch-statistics.v1,limit_hopping_zero_chain6,chain6_hole_2,505,1213539821,0.09545454545454544,Sz,-0.03906249999992446,0.034604829912437296,2.5,3.9628056733104815,-0.17619471630087524,0.0980697163010263,False
haxs.stage5c2gR32.batch-statistics.v1,limit_hopping_zero_chain6,chain6_hole_2,505,1213539821,0.12727272727272726,Sx,2.497349217135674,0.0016035413057538717,2.5,3.9628056733104815,2.490994694551845,2.503703739719503,False
haxs.stage5c2gR32.batch-statistics.v1,limit_hopping_zero_chain6,chain6_hole_2,505,1213539821,0.12727272727272726,Sy,0.039855947153154644,0.03400080228173421,2.5,3.9628056733104815,-0.09488262502600965,0.17459451933231895,False
haxs.stage5c2gR32.batch-statistics.v1,limit_hopping_zero_chain6,chain6_hole_2,505,1213539821,0.12727272727272726,Sz,-0.03906249999990208,0.03460482991243878,2.5,3.9628056733104815,-0.17619471630085873,0.09806971630105457,False
haxs.stage5c2gR32.batch-statistics.v1,limit_hopping_zero_chain6,chain6_hole_2,505,1213539821,0.15909090909090906,Sx,2.4958822486797194,0.002001834104631191,2.5,3.9628056733104815,2.4879493691328607,2.503815128226578,False
haxs.stage5c2gR32.batch-statistics.v1,limit_hopping_zero_chain6,chain6_hole_2,505,1213539821,0.15909090909090906,Sy,0.04031211755710037,0.03401684869414801,2.5,3.9628056733104815,-0.09449004343621362,0.17511427855041437,False
haxs.stage5c2gR32.batch-statistics.v1,limit_hopping_zero_chain6,chain6_hole_2,505,1213539821,0.15909090909090906,Sz,-0.03906249999988129,0.034604829912440495,2.5,3.9628056733104815,-0.17619471630084474,0.09806971630108216,False
haxs.stage5c2gR32.batch-statistics.v1,limit_hopping_zero_chain6,chain6_hole_2,505,1213539821,0.1909090909090909,Sx,2.494099729466548,0.0023979087809645134,2.5,3.9628056733104815,2.4845972829452605,2.5036021759878353,False
haxs.stage5c2gR32.batch-statistics.v1,limit_hopping_zero_chain6,chain6_hole_2,505,1213539821,0.1909090909090909,Sy,0.04077526476921691,0.03404122576224045,2.5,3.9628056733104815,-0.09412349780783247,0.1756740273462663,False
haxs.stage5c2gR32.batch-statistics.v1,limit_hopping_zero_chain6,chain6_hole_2,505,1213539821,0.1909090909090909,Sz,-0.03906249999986208,0.034604829912442556,2.5,3.9628056733104815,-0.1761947163008337,0.09806971630110953,False
haxs.stage5c2gR32.batch-statistics.v1,limit_hopping_zero_chain6,chain6_hole_2,505,1213539821,0.22272727272727272,Sx,2.4920051129167744,0.0027911921765338098,2.5,3.9628056733104815,2.4809441607243063,2.5030660651092425,False
haxs.stage5c2gR32.batch-statistics.v1,limit_hopping_zero_chain6,chain6_hole_2,505,1213539821,0.22272727272727272,Sy,0.04124608229184472,0.034073797667179204,2.5,3.9628056733104815,-0.09378175641488647,0.17627392099857592,False
haxs.stage5c2gR32.batch-statistics.v1,limit_hopping_zero_chain6,chain6_hole_2,505,1213539821,0.22272727272727272,Sz,-0.03906249999984438,0.034604829912444866,2.5,3.9628056733104815,-0.17619471630082514,0.0980697163011364,False
haxs.stage5c2gR32.batch-statistics.v1,limit_hopping_zero_chain6,chain6_hole_2,505,1213539821,0.2545454545454545,Sx,2.489602074188955,0.003181127631908193,2.5,3.9628056733104815,2.4769958835617047,2.5022082648162054,False
haxs.stage5c2gR32.batch-statistics.v1,limit_hopping_zero_chain6,chain6_hole_2,505,1213539821,0.2545454545454545,Sy,0.04172522408606809,0.034114402111254244,2.5,3.9628056733104815,-0.0934635221420053,0.17691397031414147,False
haxs.stage5c2gR32.batch-statistics.v1,limit_hopping_zero_chain6,chain6_hole_2,505,1213539821,0.2545454545454545,Sz,-0.03906249999982835,0.03460482991244737,2.5,3.9628056733104815,-0.17619471630081907,0.09806971630116235,False
haxs.stage5c2gR32.batch-statistics.v1,limit_hopping_zero_chain6,chain6_hole_2,505,1213539821,0.2863636363636363,Sx,2.4868945226526833,0.0035671791800144484,2.5,3.9628056733104815,2.472758484760407,2.5010305605449594,False
haxs.stage5c2gR32.batch-statistics.v1,limit_hopping_zero_chain6,chain6_hole_2,505,1213539821,0.2863636363636363,Sy,0.04221330209605911,0.034162851307774286,2.5,3.9628056733104815,-0.09316743888285123,0.17759404307496945,False
haxs.stage5c2gR32.batch-statistics.v1,limit_hopping_zero_chain6,chain6_hole_2,505,1213539821,0.2863636363636363,Sz,-0.03906249999981376,0.03460482991245004,2.5,3.9628056733104815,-0.17619471630081504,0.09806971630118752,False
haxs.stage5c2gR32.batch-statistics.v1,limit_hopping_zero_chain6,chain6_hole_2,505,1213539821,0.3181818181818181,Sx,2.483886618774815,0.003948835778077274,2.5,3.9628056733104815,2.468238149950479,2.499535087599151,False
haxs.stage5c2gR32.batch-statistics.v1,limit_hopping_zero_chain6,chain6_hole_2,505,1213539821,0.3181818181818181,Sy,0.042710884015679886,0.03421893322795551,2.5,3.9628056733104815,-0.09289209871469475,0.1783138667460545,False
haxs.stage5c2gR32.batch-statistics.v1,limit_hopping_zero_chain6,chain6_hole_2,505,1213539821,0.3181818181818181,Sz,-0.03906249999980056,0.034604829912452936,2.5,3.9628056733104815,-0.1761947163008133,0.09806971630121218,False
haxs.stage5c2gR32.batch-statistics.v1,limit_hopping_zero_chain6,chain6_hole_2,505,1213539821,0.35,Sx,2.4805827947850583,0.0043256155374459225,2.5,3.9628056733104815,2.4634412209927077,2.497724368577409,False
haxs.stage5c2gR32.batch-statistics.v1,limit_hopping_zero_chain6,chain6_hole_2,505,1213539821,0.35,Sy,0.04321849130919534,0.034282413127929956,2.5,3.9628056733104815,-0.09263604992893923,0.1790730325473299,False
haxs.stage5c2gR32.batch-statistics.v1,limit_hopping_zero_chain6,chain6_hole_2,505,1213539821,0.35,Sz,-0.03906249999978873,0.034604829912455864,2.5,3.9628056733104815,-0.17619471630081307,0.09806971630123562,False
haxs.stage5c2gR32.batch-statistics.v1,limit_hopping_zero_chain6,chain6_hole_2,505,1213539821,0.3818181818181818,Sx,2.4769877783389713,0.004697069896014671,2.5,3.9628056733104815,2.4583742031071085,2.495601353570834,False
haxs.stage5c2gR32.batch-statistics.v1,limit_hopping_zero_chain6,chain6_hole_2,505,1213539821,0.3818181818181818,Sy,0.04373659749859867,0.034353035373485434,2.5,3.9628056733104815,-0.09239780597488506,0.17987100097208242,False
haxs.stage5c2gR32.batch-statistics.v1,limit_hopping_zero_chain6,chain6_hole_2,505,1213539821,0.3818181818181818,Sz,-0.03906249999977806,0.034604829912458855,2.5,3.9628056733104815,-0.17619471630081426,0.09806971630125813,False
haxs.stage5c2gR32.batch-statistics.v1,limit_hopping_zero_chain6,chain6_hole_2,505,1213539821,0.4136363636363636,Sx,2.473106618252334,0.005062787665933491,2.5,3.9628056733104815,2.453043774567006,2.4931694619376614,False
haxs.stage5c2gR32.batch-statistics.v1,limit_hopping_zero_chain6,chain6_hole_2,505,1213539821,0.4136363636363636,Sy,0.044265626729531334,0.03443052557215763,2.5,3.9628056733104815,-0.09217585534287653,0.1807071088019392,False
haxs.stage5c2gR32.batch-statistics.v1,limit_hopping_zero_chain6,chain6_hole_2,505,1213539821,0.4136363636363636,Sz,-0.03906249999976853,0.034604829912461894,2.5,3.9628056733104815,-0.1761947163008168,0.09806971630127971,False
haxs.stage5c2gR32.batch-statistics.v1,limit_hopping_zero_chain6,chain6_hole_2,505,1213539821,0.44545454545454544,Sx,2.468944711250345,0.005422398880699872,2.5,3.9628056733104815,2.447456798202955,2.4904326242977346,False
haxs.stage5c2gR32.batch-statistics.v1,limit_hopping_zero_chain6,chain6_hole_2,505,1213539821,0.44545454545454544,Sy,0.04480595262588998,0.03451459301194637,2.5,3.9628056733104815,-0.0919686723738534,0.18158057762563337,False
haxs.stage5c2gR32.batch-statistics.v1,limit_hopping_zero_chain6,chain6_hole_2,505,1213539821,0.44545454545454544,Sz,-0.039062499999759824,0.03460482991246487,2.5,3.9628056733104815,-0.17619471630081987,0.09806971630130021,False
haxs.stage5c2gR32.batch-statistics.v1,limit_hopping_zero_chain6,chain6_hole_2,505,1213539821,0.47727272727272724,Sx,2.464507828562802,0.005775578360736322,2.5,3.9628056733104815,2.441620333868227,2.487395323257377,False
haxs.stage5c2gR32.batch-statistics.v1,limit_hopping_zero_chain6,chain6_hole_2,505,1213539821,0.47727272727272724,Sy,0.045357897439762235,0.03460493339353363,2.5,3.9628056733104815,-0.09177472893666416,0.18249052381618863,False
haxs.stage5c2gR32.batch-statistics.v1,limit_hopping_zero_chain6,chain6_hole_2,505,1213539821,0.47727272727272724,Sz,-0.039062499999751935,0.034604829912467855,2.5,3.9628056733104815,-0.17619471630082378,0.09806971630131993,False
haxs.stage5c2gR32.batch-statistics.v1,limit_hopping_zero_chain6,chain6_hole_2,505,1213539821,0.509090909090909,Sx,2.4598021411113073,0.0061220489150607404,2.5,3.9628056733104815,2.4355416509384202,2.4840626312841945,False
haxs.stage5c2gR32.batch-statistics.v1,limit_hopping_zero_chain6,chain6_hole_2,505,1213539821,0.509090909090909,Sy,0.04592173149823941,0.034701231828903605,2.5,3.9628056733104815,-0.09159250686420203,0.18343596986068086,False
haxs.stage5c2gR32.batch-statistics.v1,limit_hopping_zero_chain6,chain6_hole_2,505,1213539821,0.509090909090909,Sz,-0.0390624999997448,0.03460482991247073,2.5,3.9628056733104815,-0.17619471630082806,0.09806971630133844,False
haxs.stage5c2gR32.batch-statistics.v1,limit_hopping_zero_chain6,chain6_hole_2,505,1213539821,0.5409090909090909,Sx,2.454834241981368,0.0064615840982712065,2.5,3.9628056733104815,2.429228239858166,2.4804402441045696,False
haxs.stage5c2gR32.batch-statistics.v1,limit_hopping_zero_chain6,chain6_hole_2,505,1213539821,0.5409090909090909,Sy,0.04649767294191606,0.03480316606434725,2.5,3.9628056733104815,-0.09142051098704607,0.1844158568708782,False
haxs.stage5c2gR32.batch-statistics.v1,limit_hopping_zero_chain6,chain6_hole_2,505,1213539821,0.5409090909090909,Sz,-0.03906249999973833,0.034604829912473434,2.5,3.9628056733104815,-0.1761947163008323,0.09806971630135566,False
haxs.stage5c2gR32.batch-statistics.v1,limit_hopping_zero_chain6,chain6_hole_2,505,1213539821,0.5727272727272726,Sx,2.449611164857733,0.006794010446298011,2.5,3.9628056733104815,2.4226878217166123,2.476534507998853,False
haxs.stage5c2gR32.batch-statistics.v1,limit_hopping_zero_chain6,chain6_hole_2,505,1213539821,0.5727272727272726,Sy,0.04708588774166828,0.03491040987078008,2.5,3.9628056733104815,-0.09125728255185328,0.18542905803518983,False
haxs.stage5c2gR32.batch-statistics.v1,limit_hopping_zero_chain6,chain6_hole_2,505,1213539821,0.5727272727272726,Sz,-0.03906249999973215,0.03460482991247603,2.5,3.9628056733104815,-0.1761947163008364,0.0980697163013721,False
haxs.stage5c2gR32.batch-statistics.v1,limit_hopping_zero_chain6,chain6_hole_2,505,1213539821,0.6045454545454545,Sx,2.4441403971278652,0.007119209120744591,2.5,3.9628056733104815,2.415928354834695,2.4723524394210354,False
haxs.stage5c2gR32.batch-statistics.v1,limit_hopping_zero_chain6,chain6_hole_2,505,1213539821,0.6045454545454545,Sy,0.04768648997095203,0.03502263653001492,2.5,3.9628056733104815,-0.091101412764482,0.18647439270638608,False
haxs.stage5c2gR32.batch-statistics.v1,limit_hopping_zero_chain6,chain6_hole_2,505,1213539821,0.6045454545454545,Sz,-0.03906249999972659,0.034604829912478444,2.5,3.9628056733104815,-0.1761947163008404,0.09806971630138725,False
haxs.stage5c2gR32.batch-statistics.v1,limit_hopping_zero_chain6,chain6_hole_2,505,1213539821,0.6363636363636362,Sx,2.4384298864303666,0.007437116899802271,2.5,3.9628056733104815,2.408958037386757,2.4679017354739763,False
haxs.stage5c2gR32.batch-statistics.v1,limit_hopping_zero_chain6,chain6_hole_2,505,1213539821,0.6363636363636362,Sy,0.048299542300894345,0.035139522333107465,2.5,3.9628056733104815,-0.0909515561581643,0.18755064075995298,False
haxs.stage5c2gR32.batch-statistics.v1,limit_hopping_zero_chain6,chain6_hole_2,505,1213539821,0.6363636363636362,Sz,-0.03906249999972124,0.03460482991248063,2.5,3.9628056733104815,-0.1761947163008437,0.09806971630140125,False
haxs.stage5c2gR32.batch-statistics.v1,limit_hopping_zero_chain6,chain6_hole_2,505,1213539821,0.6681818181818181,Sx,2.4324880395419504,0.007747726463548367,2.5,3.9628056733104815,2.401785305156943,2.4631907739269576,False
haxs.stage5c2gR32.batch-statistics.v1,limit_hopping_zero_chain6,chain6_hole_2,505,1213539821,0.6681818181818181,Sy,0.04892505667556632,0.035260749997100195,2.5,3.9628056733104815,-0.09080644345812489,0.18865655680925753,False
haxs.stage5c2gR32.batch-statistics.v1,limit_hopping_zero_chain6,chain6_hole_2,505,1213539821,0.6681818181818181,Sz,-0.039062499999716296,0.03460482991248267,2.5,3.9628056733104815,-0.17619471630084688,0.09806971630141427,False
haxs.stage5c2gR32.batch-statistics.v1,limit_hopping_zero_chain6,chain6_hole_2,505,1213539821,0.7,Sx,2.426323712659599,0.008051085933026995,2.5,3.9628056733104815,2.3944188236478894,2.4582286016713084,False
haxs.stage5c2gR32.batch-statistics.v1,limit_hopping_zero_chain6,chain6_hole_2,505,1213539821,0.7,Sy,0.04956299511584156,0.035386011900350206,2.5,3.9628056733104815,-0.09066489359869845,0.18979088383038156,False
haxs.stage5c2gR32.batch-statistics.v1,limit_hopping_zero_chain6,chain6_hole_2,505,1213539821,0.7,Sz,-0.03906249999971148,0.0346048299124844,2.5,3.9628056733104815,-0.1761947163008489,0.09806971630142594,False
haxs.stage5c2gR32.batch-statistics.v1,limit_hopping_zero_chain6,chain6_hole_2,505,1213539821,0.7318181818181817,Sx,2.4199461923395704,0.008347297636157018,2.5,3.9628056733104815,2.386867473910196,2.453024910768945,False
haxs.stage5c2gR32.batch-statistics.v1,limit_hopping_zero_chain6,chain6_hole_2,505,1213539821,0.7318181818181817,Sy,0.05021327059305172,0.03551501303487765,2.5,3.9628056733104815,-0.09052582454925712,0.19095236573536056,False
haxs.stage5c2gR32.batch-statistics.v1,limit_hopping_zero_chain6,chain6_hole_2,505,1213539821,0.7318181818181817,Sz,-0.039062499999707005,0.034604829912485854,2.5,3.9628056733104815,-0.1761947163008502,0.09806971630143618,False
haxs.stage5c2gR32.batch-statistics.v1,limit_hopping_zero_chain6,chain6_hole_2,505,1213539821,0.7636363636363636,Sx,2.41336516660042,0.008636516089590568,2.5,3.9628056733104815,2.379140331642953,2.4475900015578866,False
haxs.stage5c2gR32.batch-statistics.v1,limit_hopping_zero_chain6,chain6_hole_2,505,1213539821,0.7636363636363636,Sy,0.05087574790911583,0.03564747357733885,2.5,3.9628056733104815,-0.09038826262234803,0.1921397584405797,False
haxs.stage5c2gR32.batch-statistics.v1,limit_hopping_zero_chain6,chain6_hole_2,505,1213539821,0.7636363636363636,Sz,-0.039062499999702564,0.03460482991248707,2.5,3.9628056733104815,-0.17619471630085057,0.09806971630144543,False
haxs.stage5c2gR32.batch-statistics.v1,limit_hopping_zero_chain6,chain6_hole_2,505,1213539821,0.7954545454545454,Sx,2.406590685975458,0.008918945204475302,2.5,3.9628056733104815,2.371246639319218,2.4419347326316982,False
haxs.stage5c2gR32.batch-statistics.v1,limit_hopping_zero_chain6,chain6_hole_2,505,1213539821,0.7954545454545454,Sy,0.05155024451870691,0.03578313098851433,2.5,3.9628056733104815,-0.09025134997138978,0.1933518390088036,False
haxs.stage5c2gR32.batch-statistics.v1,limit_hopping_zero_chain6,chain6_hole_2,505,1213539821,0.7954545454545454,Sz,-0.03906249999969838,0.03460482991248802,2.5,3.9628056733104815,-0.17619471630085015,0.09806971630145339,False
haxs.stage5c2gR32.batch-statistics.v1,limit_hopping_zero_chain6,chain6_hole_2,505,1213539821,0.8272727272727272,Sx,2.3996331146050216,0.009194834745741176,2.5,3.9628056733104815,2.3631957713094462,2.436070457900597,False
haxs.stage5c2gR32.batch-statistics.v1,limit_hopping_zero_chain6,chain6_hole_2,505,1213539821,0.8272727272727272,Sy,0.05223653123187791,0.03592174156448882,2.5,3.9628056733104815,-0.09011435003507132,0.19458741249882713,False
haxs.stage5c2gR32.batch-statistics.v1,limit_hopping_zero_chain6,chain6_hole_2,505,1213539821,0.8272727272727272,Sz,-0.03906249999969426,0.034604829912488665,2.5,3.9628056733104815,-0.1761947163008486,0.09806971630146007,False
haxs.stage5c2gR32.batch-statistics.v1,limit_hopping_zero_chain6,chain6_hole_2,505,1213539821,0.859090909090909,Sx,2.392503071779602,0.009464476098746266,2.5,3.9628056733104815,2.3549971922005786,2.430008951358625,False
haxs.stage5c2gR32.batch-statistics.v1,limit_hopping_zero_chain6,chain6_hole_2,505,1213539821,0.859090909090909,Sy,0.052934332742680355,0.03606308138049077,2.5,3.9628056733104815,-0.08997665074898603,0.19584531623434676,False
haxs.stage5c2gR32.batch-statistics.v1,limit_hopping_zero_chain6,chain6_hole_2,505,1213539821,0.859090909090909,Sz,-0.03906249999969018,0.03460482991248894,2.5,3.9628056733104815,-0.1761947163008456,0.09806971630146526,False
haxs.stage5c2gR32.batch-statistics.v1,limit_hopping_zero_chain6,chain6_hole_2,505,1213539821,0.8909090909090909,Sx,2.3852113646710777,0.009728197423097353,2.5,3.9628056733104815,2.346660408731743,2.4237623206104124,False
haxs.stage5c2gR32.batch-statistics.v1,limit_hopping_zero_chain6,chain6_hole_2,505,1213539821,0.8909090909090909,Sy,0.053643327940606,0.03620694658982068,2.5,3.9628056733104815,-0.08983776541878499,0.197124421299997,False
haxs.stage5c2gR32.batch-statistics.v1,limit_hopping_zero_chain6,chain6_hole_2,505,1213539821,0.8909090909090909,Sz,-0.039062499999686216,0.034604829912488956,2.5,3.9628056733104815,-0.1761947163008417,0.09806971630146927,False
haxs.stage5c2gR32.batch-statistics.v1,limit_hopping_zero_chain6,chain6_hole_2,505,1213539821,0.9227272727272726,Sx,2.3777689133068685,0.009986358299903285,2.5,3.9628056733104815,2.3381949159803006,2.4173429106334363,False
haxs.stage5c2gR32.batch-statistics.v1,limit_hopping_zero_chain6,chain6_hole_2,505,1213539821,0.9227272727272726,Sy,0.054363149976732056,0.036353153064319584,2.5,3.9628056733104815,-0.0896973312292779,0.198423631182742,False
haxs.stage5c2gR32.batch-statistics.v1,limit_hopping_zero_chain6,chain6_hole_2,505,1213539821,0.9227272727272726,Sz,-0.03906249999968237,0.034604829912488595,2.5,3.9628056733104815,-0.1761947163008364,0.09806971630147168,False
haxs.stage5c2gR32.batch-statistics.v1,limit_hopping_zero_chain6,chain6_hole_2,505,1213539821,0.9545454545454545,Sx,2.3701866691381657,0.010239344003853443,2.5,3.9628056733104815,2.3296101386287176,2.4107631996476138,False
haxs.stage5c2gR32.batch-statistics.v1,limit_hopping_zero_chain6,chain6_hole_2,505,1213539821,0.9545454545454545,Sy,0.055093386074466205,0.03650153538806111,2.5,3.9628056733104815,-0.08955510544588569,0.1997418775948181,False
haxs.stage5c2gR32.batch-statistics.v1,limit_hopping_zero_chain6,chain6_hole_2,505,1213539821,0.9545454545454545,Sz,-0.03906249999967837,0.03460482991248797,2.5,3.9628056733104815,-0.17619471630082995,0.09806971630147321,False
haxs.stage5c2gR32.batch-statistics.v1,limit_hopping_zero_chain6,chain6_hole_2,505,1213539821,0.9863636363636362,Sx,2.362475528812866,0.010487559553235552,2.5,3.9628056733104815,2.3209153683161223,2.4040356893096093,False
haxs.stage5c2gR32.batch-statistics.v1,limit_hopping_zero_chain6,chain6_hole_2,505,1213539821,0.9863636363636362,Sy,0.05583357709471098,0.03665194524098733,2.5,3.9628056733104815,-0.08941095944413871,0.20107811363356068,False
haxs.stage5c2gR32.batch-statistics.v1,limit_hopping_zero_chain6,chain6_hole_2,505,1213539821,0.9863636363636362,Sz,-0.03906249999967447,0.03460482991248703,2.5,3.9628056733104815,-0.17619471630082228,0.09806971630147336,False
haxs.stage5c2gR32.batch-statistics.v1,limit_hopping_zero_chain6,chain6_hole_2,505,1213539821,1.018181818181818,Sx,2.3546462449747505,0.010731423707107847,2.5,3.9628056733104815,2.312119698225525,2.397172791723976,False
haxs.stage5c2gR32.batch-statistics.v1,limit_hopping_zero_chain6,chain6_hole_2,505,1213539821,1.018181818181818,Sy,0.056583216885779546,0.03680424923260402,2.5,3.9628056733104815,-0.08926487077511658,0.20243130454667568,False
haxs.stage5c2gR32.batch-statistics.v1,limit_hopping_zero_chain6,chain6_hole_2,505,1213539821,1.018181818181818,Sz,-0.039062499999670555,0.03460482991248581,2.5,3.9628056733104815,-0.17619471630081357,0.09806971630147247,False
haxs.stage5c2gR32.batch-statistics.v1,limit_hopping_zero_chain6,chain6_hole_2,505,1213539821,1.0499999999999998,Sx,2.346709336059645,0.010971363087265231,2.5,3.9628056733104815,2.303231956173481,2.3901867159458092,False
haxs.stage5c2gR32.batch-statistics.v1,limit_hopping_zero_chain6,chain6_hole_2,505,1213539821,1.0499999999999998,Sy,0.05734175146812394,0.036958326266342434,2.5,3.9628056733104815,-0.08911691353619765,0.2038004164724455,False
haxs.stage5c2gR32.batch-statistics.v1,limit_hopping_zero_chain6,chain6_hole_2,505,1213539821,1.0499999999999998,Sz,-0.03906249999966639,0.034604829912484286,2.5,3.9628056733104815,-0.17619471630080336,0.09806971630147059,False
haxs.stage5c2gR32.batch-statistics.v1,limit_hopping_zero_chain6,chain6_hole_2,505,1213539821,1.0818181818181818,Sx,2.3386749971385807,0.011207806601768615,2.5,3.9628056733104815,2.2942606375517256,2.383089356725436,False
haxs.stage5c2gR32.batch-statistics.v1,limit_hopping_zero_chain6,chain6_hole_2,505,1213539821,1.0818181818181818,Sy,0.058108578121512926,0.0371140645317111,2.5,3.9628056733104815,-0.08896724736436315,0.20518440360738902,False
haxs.stage5c2gR32.batch-statistics.v1,limit_hopping_zero_chain6,chain6_hole_2,505,1213539821,1.0818181818181818,Sz,-0.03906249999966233,0.034604829912482496,2.5,3.9628056733104815,-0.17619471630079223,0.09806971630146757,False
haxs.stage5c2gR32.batch-statistics.v1,limit_hopping_zero_chain6,chain6_hole_2,505,1213539821,1.1136363636363635,Sx,2.330553013861643,0.011441180335700884,2.5,3.9628056733104815,2.2852138395179593,2.3758921882053268,False
haxs.stage5c2gR32.batch-statistics.v1,limit_hopping_zero_chain6,chain6_hole_2,505,1213539821,1.1136363636363635,Sy,0.05888304445651302,0.03727135823317516,2.5,3.9628056733104815,-0.08881610540190082,0.20658219431492686,False
haxs.stage5c2gR32.batch-statistics.v1,limit_hopping_zero_chain6,chain6_hole_2,505,1213539821,1.1136363636363635,Sz,-0.039062499999658,0.03460482991248052,2.5,3.9628056733104815,-0.17619471630078004,0.09806971630146405,False
haxs.stage5c2gR32.batch-statistics.v1,limit_hopping_zero_chain6,chain6_hole_2,505,1213539821,1.1454545454545453,Sx,2.322352681482507,0.01167190305339571,2.5,3.9628056733104815,2.2760991978441805,2.368606165120833,False
haxs.stage5c2gR32.batch-statistics.v1,limit_hopping_zero_chain6,chain6_hole_2,505,1213539821,1.1454545454545453,Sy,0.05966444756204065,0.03743010417141928,2.5,3.9628056733104815,-0.088663781601062,0.2079926767251433,False
haxs.stage5c2gR32.batch-statistics.v1,limit_hopping_zero_chain6,chain6_hole_2,505,1213539821,1.1454545454545453,Sz,-0.03906249999965365,0.03460482991247835,2.5,3.9628056733104815,-0.1761947163007671,0.09806971630145982,False
haxs.stage5c2gR32.batch-statistics.v1,limit_hopping_zero_chain6,chain6_hole_2,505,1213539821,1.1772727272727272,Sx,2.3140827307959384,0.011900382425516614,2.5,3.9628056733104815,2.266923827805537,2.36124163378634,False
haxs.stage5c2gR32.batch-statistics.v1,limit_hopping_zero_chain6,chain6_hole_2,505,1213539821,1.1772727272727272,Sy,0.060452033325758325,0.03759019829425842,2.5,3.9628056733104815,-0.08851061773559493,0.20941468438711158,False
haxs.stage5c2gR32.batch-statistics.v1,limit_hopping_zero_chain6,chain6_hole_2,505,1213539821,1.1772727272727272,Sz,-0.03906249999964919,0.034604829912476064,2.5,3.9628056733104815,-0.1761947163007536,0.0980697163014552,False
haxs.stage5c2gR32.batch-statistics.v1,limit_hopping_zero_chain6,chain6_hole_2,505,1213539821,1.209090909090909,Sx,2.3057512626053556,0.012127012055822266,2.5,3.9628056733104815,2.2576942704302385,2.3538082547804726,False
haxs.stage5c2gR32.batch-statistics.v1,limit_hopping_zero_chain6,chain6_hole_2,505,1213539821,1.209090909090909,Sy,0.06124499602400802,0.037751532331283706,2.5,3.9628056733104815,-0.08835699047456713,0.21084698252258316,False
haxs.stage5c2gR32.batch-statistics.v1,limit_hopping_zero_chain6,chain6_hole_2,505,1213539821,1.209090909090909,Sz,-0.03906249999964466,0.03460482991247366,2.5,3.9628056733104815,-0.17619471630073952,0.09806971630145021,False
haxs.stage5c2gR32.batch-statistics.v1,limit_hopping_zero_chain6,chain6_hole_2,505,1213539821,1.2409090909090907,Sx,2.2973656920665952,0.012352169338782923,2.5,3.9628056733104815,2.2484164453331745,2.346314938800016,False
haxs.stage5c2gR32.batch-statistics.v1,limit_hopping_zero_chain6,chain6_hole_2,505,1213539821,1.2409090909090907,Sy,0.06204247827299444,0.03791399061896693,2.5,3.9628056733104815,-0.08820329884968808,0.21228825539567697,False
haxs.stage5c2gR32.batch-statistics.v1,limit_hopping_zero_chain6,chain6_hole_2,505,1213539821,1.2409090909090907,Sz,-0.03906249999964003,0.03460482991247126,2.5,3.9628056733104815,-0.17619471630072542,0.09806971630144534,False
haxs.stage5c2gR32.batch-statistics.v1,limit_hopping_zero_chain6,chain6_hole_2,505,1213539821,1.2727272727272725,Sx,2.288932703940492,0.012576214133502938,2.5,3.9628056733104815,2.239095611223479,2.338769796657505,False
haxs.stage5c2gR32.batch-statistics.v1,limit_hopping_zero_chain6,chain6_hole_2,505,1213539821,1.2727272727272725,Sy,0.06284357142364855,0.038077447212214656,2.5,3.9628056733104815,-0.08804995241409608,0.21373709526139317,False
haxs.stage5c2gR32.batch-statistics.v1,limit_hopping_zero_chain6,chain6_hole_2,505,1213539821,1.2727272727272725,Sz,-0.03906249999963547,0.03460482991246879,2.5,3.9628056733104815,-0.17619471630071104,0.09806971630144011,False
haxs.stage5c2gR32.batch-statistics.v1,limit_hopping_zero_chain6,chain6_hole_2,505,1213539821,1.3045454545454545,Sx,2.2804582194475063,0.012799488194985833,2.5,3.9628056733104815,2.2297363350129458,2.3311801038820668,False
haxs.stage5c2gR32.batch-statistics.v1,limit_hopping_zero_chain6,chain6_hole_2,505,1213539821,1.3045454545454545,Sy,0.06364731646989809,0.03824176336519456,2.5,3.9628056733104815,-0.08789736035109184,0.215191993290888,False
haxs.stage5c2gR32.batch-statistics.v1,limit_hopping_zero_chain6,chain6_hole_2,505,1213539821,1.3045454545454545,Sz,-0.03906249999963095,0.03460482991246633,2.5,3.9628056733104815,-0.17619471630069677,0.09806971630143486,False
haxs.stage5c2gR32.batch-statistics.v1,limit_hopping_zero_chain6,chain6_hole_2,505,1213539821,1.3363636363636362,Sx,2.271947375069343,0.013022315263915368,2.5,3.9628056733104815,2.2203424702618615,2.3235522798768247,False
haxs.stage5c2gR32.batch-statistics.v1,limit_hopping_zero_chain6,chain6_hole_2,505,1213539821,1.3363636363636362,Sy,0.0644527055250366,0.038406785449602326,2.5,3.9628056733104815,-0.08774592174826595,0.21665133279833915,False
haxs.stage5c2gR32.batch-statistics.v1,limit_hopping_zero_chain6,chain6_hole_2,505,1213539821,1.3363636363636362,Sz,-0.039062499999626445,0.03460482991246402,2.5,3.9628056733104815,-0.1761947163006831,0.09806971630143022,False
haxs.stage5c2gR32.batch-statistics.v1,limit_hopping_zero_chain6,chain6_hole_2,505,1213539821,1.368181818181818,Sx,2.2634045133015217,0.01324500168370797,2.5,3.9628056733104815,2.210917145486317,2.3158918811167264,False
haxs.stage5c2gR32.batch-statistics.v1,limit_hopping_zero_chain6,chain6_hole_2,505,1213539821,1.368181818181818,Sy,0.06525868390472639,0.03857234336332085,2.5,3.9628056733104815,-0.08759601720832136,0.21811338501777414,False
haxs.stage5c2gR32.batch-statistics.v1,limit_hopping_zero_chain6,chain6_hole_2,505,1213539821,1.368181818181818,Sz,-0.039062499999622205,0.034604829912461825,2.5,3.9628056733104815,-0.17619471630067018,0.09806971630142576,False
haxs.stage5c2gR32.batch-statistics.v1,limit_hopping_zero_chain6,chain6_hole_2,505,1213539821,1.4,Sx,2.254833185043615,0.013467837390871614,2.5,3.9628056733104815,2.201462762623846,2.3082036074633843,False
haxs.stage5c2gR32.batch-statistics.v1,limit_hopping_zero_chain6,chain6_hole_2,505,1213539821,1.4,Sy,0.06606415283905565,0.0387382494674086,2.5,3.9628056733104815,-0.08744800192450788,0.21957630760261918,False
haxs.stage5c2gR32.batch-statistics.v1,limit_hopping_zero_chain6,chain6_hole_2,505,1213539821,1.4,Sz,-0.03906249999961825,0.034604829912459854,2.5,3.9628056733104815,-0.17619471630065842,0.09806971630142192,False
haxs.stage5c2gR32.batch-statistics.v1,limit_hopping_zero_chain6,chain6_hole_2,506,3402257104,0.0,Sx,2.5,0.0,2.5,3.9628056733104815,2.5,2.5,False
haxs.stage5c2gR32.batch-statistics.v1,limit_hopping_zero_chain6,chain6_hole_2,506,3402257104,0.0,Sy,-0.021484375,0.03464742181387868,2.5,3.9628056733104815,-0.15878537472961976,0.11581662472961976,False
haxs.stage5c2gR32.batch-statistics.v1,limit_hopping_zero_chain6,chain6_hole_2,506,3402257104,0.0,Sz,0.06640625,0.03492126789058439,2.5,3.9628056733104815,-0.07197994851600298,0.20479244851600298,False
haxs.stage5c2gR32.batch-statistics.v1,limit_hopping_zero_chain6,chain6_hole_2,506,3402257104,0.031818181818181815,Sx,2.500560454931646,0.0003756535346971822,2.5,3.9628056733104815,2.4990718129731486,2.502049096890143,False
haxs.stage5c2gR32.batch-statistics.v1,limit_hopping_zero_chain6,chain6_hole_2,506,3402257104,0.031818181818181815,Sy,-0.022253305777318554,0.03462375607785604,2.5,3.9628056733104815,-0.15946052279396472,0.11495391123932762,False
haxs.stage5c2gR32.batch-statistics.v1,limit_hopping_zero_chain6,chain6_hole_2,506,3402257104,0.031818181818181815,Sz,0.06640625000000148,0.034921267890584966,2.5,3.9628056733104815,-0.07197994851600377,0.20479244851600675,False
haxs.stage5c2gR32.batch-statistics.v1,limit_hopping_zero_chain6,chain6_hole_2,506,3402257104,0.06363636363636363,Sx,2.5008071815244435,0.000750591709415718,2.5,3.9628056733104815,2.497832732440031,2.503781630608856,False
haxs.stage5c2gR32.batch-statistics.v1,limit_hopping_zero_chain6,chain6_hole_2,506,3402257104,0.06363636363636363,Sy,-0.02302560076282717,0.034608953435555936,2.5,3.9628056733104815,-0.16017415778458652,0.11412295625893218,False
haxs.stage5c2gR32.batch-statistics.v1,limit_hopping_zero_chain6,chain6_hole_2,506,3402257104,0.06363636363636363,Sz,0.066406250000003,0.034921267890586055,2.5,3.9628056733104815,-0.07197994851600659,0.20479244851601258,False
haxs.stage5c2gR32.batch-statistics.v1,limit_hopping_zero_chain6,chain6_hole_2,506,3402257104,0.09545454545454544,Sx,2.50073939569089,0.0011244329555432986,2.5,3.9628056733104815,2.4962834863954058,2.5051953049863744,False
haxs.stage5c2gR32.batch-statistics.v1,limit_hopping_zero_chain6,chain6_hole_2,506,3402257104,0.09545454545454544,Sy,-0.023801981464155474,0.034602976878868284,2.5,3.9628056733104815,-0.16092685455316613,0.11332289162485519,False
haxs.stage5c2gR32.batch-statistics.v1,limit_hopping_zero_chain6,chain6_hole_2,506,3402257104,0.09545454545454544,Sz,0.06640625000000444,0.034921267890587644,2.5,3.9628056733104815,-0.07197994851601142,0.2047924485160203,False
haxs.stage5c2gR32.batch-statistics.v1,limit_hopping_zero_chain6,chain6_hole_2,506,3402257104,0.12727272727272726,Sx,2.5003565742022693,0.0014968064736591022,2.5,3.9628056733104815,2.494425021016605,2.5062881273879336,False
haxs.stage5c2gR32.batch-statistics.v1,limit_hopping_zero_chain6,chain6_hole_2,506,3402257104,0.12727272727272726,Sy,-0.02458316262769994,0.03460575808675809,2.5,3.9628056733104815,-0.16171905710311496,0.11255273184771508,False
haxs.stage5c2gR32.batch-statistics.v1,limit_hopping_zero_chain6,chain6_hole_2,506,3402257104,0.12727272727272726,Sz,0.06640625000000586,0.03492126789058984,2.5,3.9628056733104815,-0.07197994851601869,0.2047924485160304,False
haxs.stage5c2gR32.batch-statistics.v1,limit_hopping_zero_chain6,chain6_hole_2,506,3402257104,0.15909090909090906,Sx,2.4996584768634023,0.0018673535555615208,2.5,3.9628056733104815,2.4922585175993466,2.507058436127458,False
haxs.stage5c2gR32.batch-statistics.v1,limit_hopping_zero_chain6,chain6_hole_2,506,3402257104,0.15909090909090906,Sy,-0.025369844683910046,0.03461719766262476,2.5,3.9628056733104815,-0.16255107197546978,0.1118113826076497,False
haxs.stage5c2gR32.batch-statistics.v1,limit_hopping_zero_chain6,chain6_hole_2,506,3402257104,0.15909090909090906,Sz,0.06640625000000706,0.03492126789059246,2.5,3.9628056733104815,-0.07197994851602789,0.204792448516042,False
haxs.stage5c2gR32.batch-statistics.v1,limit_hopping_zero_chain6,chain6_hole_2,506,3402257104,0.1909090909090909,Sx,2.4986451703329773,0.0022357288981127406,2.5,3.9628056733104815,2.489785411171552,2.5075049294944027,False
haxs.stage5c2gR32.batch-statistics.v1,limit_hopping_zero_chain6,chain6_hole_2,506,3402257104,0.1909090909090909,Sy,-0.026162706283982463,0.03463716553097102,2.5,3.9628056733104815,-0.16342306235750867,0.11109764978954376,False
haxs.stage5c2gR32.batch-statistics.v1,limit_hopping_zero_chain6,chain6_hole_2,506,3402257104,0.1909090909090909,Sz,0.06640625000000813,0.03492126789059551,2.5,3.9628056733104815,-0.07197994851603892,0.2047924485160552,False
haxs.stage5c2gR32.batch-statistics.v1,limit_hopping_zero_chain6,chain6_hole_2,506,3402257104,0.22272727272727272,Sx,2.4973170531911624,0.002601601953588566,2.5,3.9628056733104815,2.487007410209786,2.507626696172539,False
haxs.stage5c2gR32.batch-statistics.v1,limit_hopping_zero_chain6,chain6_hole_2,506,3402257104,0.22272727272727272,Sy,-0.026962396959628,0.0346655015200444,2.5,3.9628056733104815,-0.16433504305141305,0.11041024913215707,False
haxs.stage5c2gR32.batch-statistics.v1,limit_hopping_zero_chain6,chain6_hole_2,506,3402257104,0.22272727272727272,Sz,0.06640625000000877,0.03492126789059903,2.5,3.9628056733104815,-0.07197994851605222,0.20479244851606976,False
haxs.stage5c2gR32.batch-statistics.v1,limit_hopping_zero_chain6,chain6_hole_2,506,3402257104,0.2545454545454545,Sx,2.495674881860272,0.0029646583475333326,2.5,3.9628056733104815,2.48392651694124,2.5074232467793043,False
haxs.stage5c2gR32.batch-statistics.v1,limit_hopping_zero_chain6,chain6_hole_2,506,3402257104,0.2545454545454545,Sy,-0.027769529921787852,0.03470201616140827,2.5,3.9628056733104815,-0.16528687644152856,0.10974781659795285,False
haxs.stage5c2gR32.batch-statistics.v1,limit_hopping_zero_chain6,chain6_hole_2,506,3402257104,0.2545454545454545,Sz,0.06640625000000909,0.03492126789060281,2.5,3.9628056733104815,-0.07197994851606689,0.20479244851608508,False
haxs.stage5c2gR32.batch-statistics.v1,limit_hopping_zero_chain6,chain6_hole_2,506,3402257104,0.2863636363636363,Sx,2.493719796980087,0.0033246013793140133,2.5,3.9628056733104815,2.4805450477726456,2.506894546187528,False
haxs.stage5c2gR32.batch-statistics.v1,limit_hopping_zero_chain6,chain6_hole_2,506,3402257104,0.2863636363636363,Sy,-0.028584675000594858,0.03474649173973109,2.5,3.9628056733104815,-0.16627826959443703,0.10910891959324731,False
haxs.stage5c2gR32.batch-statistics.v1,limit_hopping_zero_chain6,chain6_hole_2,506,3402257104,0.2863636363636363,Sz,0.06640625000000909,0.03492126789060694,2.5,3.9628056733104815,-0.07197994851608326,0.20479244851610146,False
haxs.stage5c2gR32.batch-statistics.v1,limit_hopping_zero_chain6,chain6_hole_2,506,3402257104,0.3181818181818181,Sx,2.491453349822489,0.0036811536040667323,2.5,3.9628056733104815,2.4768656534359663,2.506041046209012,False
haxs.stage5c2gR32.batch-statistics.v1,limit_hopping_zero_chain6,chain6_hole_2,506,3402257104,0.3181818181818181,Sy,-0.029408351718667958,0.034798683626085014,2.5,3.9628056733104815,-0.16730877261585422,0.10849206917851831,False
haxs.stage5c2gR32.batch-statistics.v1,limit_hopping_zero_chain6,chain6_hole_2,506,3402257104,0.3181818181818181,Sz,0.06640625000000881,0.034921267890611174,2.5,3.9628056733104815,-0.0719799485161003,0.20479244851611794,False
haxs.stage5c2gR32.batch-statistics.v1,limit_hopping_zero_chain6,chain6_hole_2,506,3402257104,0.35,Sx,2.488877528302183,0.004034058478879706,2.5,3.9628056733104815,2.472891338475612,2.5048637181287536,False
haxs.stage5c2gR32.batch-statistics.v1,limit_hopping_zero_chain6,chain6_hole_2,506,3402257104,0.35,Sy,-0.030241022484033157,0.03485832192541277,2.5,3.9628056733104815,-0.16837777837214205,0.10789573340407574,False
haxs.stage5c2gR32.batch-statistics.v1,limit_hopping_zero_chain6,chain6_hole_2,506,3402257104,0.35,Sz,0.06640625000000806,0.03492126789061567,2.5,3.9628056733104815,-0.07197994851611887,0.20479244851613498,False
haxs.stage5c2gR32.batch-statistics.v1,limit_hopping_zero_chain6,chain6_hole_2,506,3402257104,0.3818181818181818,Sx,2.485994782100645,0.004383082041994901,2.5,3.9628056733104815,2.4686254797180425,2.5033640844832474,False
haxs.stage5c2gR32.batch-statistics.v1,limit_hopping_zero_chain6,chain6_hole_2,506,3402257104,0.3818181818181818,Sy,-0.031083085888423817,0.03492511346336645,2.5,3.9628056733104815,-0.16948452366206465,0.10731835188521702,False
haxs.stage5c2gR32.batch-statistics.v1,limit_hopping_zero_chain6,chain6_hole_2,506,3402257104,0.3818181818181818,Sz,0.066406250000007,0.03492126789062019,2.5,3.9628056733104815,-0.07197994851613784,0.20479244851615183,False
haxs.stage5c2gR32.batch-statistics.v1,limit_hopping_zero_chain6,chain6_hole_2,506,3402257104,0.4136363636363636,Sx,2.482808046371839,0.004728014582364005,2.5,3.9628056733104815,2.4640718433613524,2.501544249382326,False
haxs.stage5c2gR32.batch-statistics.v1,limit_hopping_zero_chain6,chain6_hole_2,506,3402257104,0.4136363636363636,Sy,-0.031934870101986236,0.034998744129374315,2.5,3.9628056733104815,-0.17062809189661268,0.10675835169264022,False
haxs.stage5c2gR32.batch-statistics.v1,limit_hopping_zero_chain6,chain6_hole_2,506,3402257104,0.4136363636363636,Sz,0.06640625000000558,0.0349212678906248,2.5,3.9628056733104815,-0.07197994851615755,0.2047924485161687,False
haxs.stage5c2gR32.batch-statistics.v1,limit_hopping_zero_chain6,chain6_hole_2,506,3402257104,0.44545454545454544,Sx,2.4793207634456147,0.0050686722485292785,2.5,3.9628056733104815,2.4592346003029917,2.4994069265882377,False
haxs.stage5c2gR32.batch-statistics.v1,limit_hopping_zero_chain6,chain6_hole_2,506,3402257104,0.44545454545454544,Sy,-0.0327966263667103,0.03507888158165814,2.5,3.9628056733104815,-0.17180741731189172,0.10621416457847113,False
haxs.stage5c2gR32.batch-statistics.v1,limit_hopping_zero_chain6,chain6_hole_2,506,3402257104,0.44545454545454544,Sz,0.06640625000000396,0.03492126789062937,2.5,3.9628056733104815,-0.07197994851617724,0.20479244851618517,False
haxs.stage5c2gR32.batch-statistics.v1,limit_hopping_zero_chain6,chain6_hole_2,506,3402257104,0.47727272727272724,Sx,2.4755369018907754,0.005404898540631162,2.5,3.9628056733104815,2.4541183392902948,2.496955464491256,False
haxs.stage5c2gR32.batch-statistics.v1,limit_hopping_zero_chain6,chain6_hole_2,506,3402257104,0.47727272727272724,Sy,-0.033668522607993474,0.03516517830627235,2.5,3.9628056733104815,-0.1730212907030642,0.10568424548707728,False
haxs.stage5c2gR32.batch-statistics.v1,limit_hopping_zero_chain6,chain6_hole_2,506,3402257104,0.47727272727272724,Sz,0.06640625000000226,0.03492126789063384,2.5,3.9628056733104815,-0.07197994851619667,0.2047924485162012,False
haxs.stage5c2gR32.batch-statistics.v1,limit_hopping_zero_chain6,chain6_hole_2,506,3402257104,0.509090909090909,Sx,2.4714609722520677,0.00573656562719075,2.5,3.9628056733104815,2.4487280774393185,2.494193867064817,False
haxs.stage5c2gR32.batch-statistics.v1,limit_hopping_zero_chain6,chain6_hole_2,506,3402257104,0.509090909090909,Sy,-0.0345506372059928,0.035257275006560736,2.5,3.9628056733104815,-0.17426836662745954,0.10516709221547393,False
haxs.stage5c2gR32.batch-statistics.v1,limit_hopping_zero_chain6,chain6_hole_2,506,3402257104,0.509090909090909,Sz,0.0664062500000005,0.03492126789063815,2.5,3.9628056733104815,-0.07197994851621553,0.20479244851621653,False
haxs.stage5c2gR32.batch-statistics.v1,limit_hopping_zero_chain6,chain6_hole_2,506,3402257104,0.5409090909090909,Sx,2.46709803873718,0.006063575428797449,2.5,3.9628056733104815,2.4430692676273957,2.4911268098469646,False
haxs.stage5c2gR32.batch-statistics.v1,limit_hopping_zero_chain6,chain6_hole_2,506,3402257104,0.5409090909090909,Sy,-0.035442952994675446,0.035354804282389914,2.5,3.9628056733104815,-0.17554717198371192,0.10466126599436101,False
haxs.stage5c2gR32.batch-statistics.v1,limit_hopping_zero_chain6,chain6_hole_2,506,3402257104,0.5409090909090909,Sz,0.0664062499999985,0.034921267890642364,2.5,3.9628056733104815,-0.07197994851623421,0.2047924485162312,False
haxs.stage5c2gR32.batch-statistics.v1,limit_hopping_zero_chain6,chain6_hole_2,506,3402257104,0.5727272727272726,Sx,2.4624537261090578,0.006385860413502731,2.5,3.9628056733104815,2.4371478022334605,2.487759649984655,False
haxs.stage5c2gR32.batch-statistics.v1,limit_hopping_zero_chain6,chain6_hole_2,506,3402257104,0.5727272727272726,Sy,-0.03634535158521491,0.035457394540993024,2.5,3.9628056733104815,-0.17685611583307015,0.10416541266264034,False
haxs.stage5c2gR32.batch-statistics.v1,limit_hopping_zero_chain6,chain6_hole_2,506,3402257104,0.5727272727272726,Sz,0.06640624999999663,0.03492126789064621,2.5,3.9628056733104815,-0.07197994851625132,0.20479244851624456,False
haxs.stage5c2gR32.batch-statistics.v1,limit_hopping_zero_chain6,chain6_hole_2,506,3402257104,0.6045454545454545,Sx,2.4575342210391176,0.006703384053182644,2.5,3.9628056733104815,2.4309700126827862,2.484098429395449,False
haxs.stage5c2gR32.batch-statistics.v1,limit_hopping_zero_chain6,chain6_hole_2,506,3402257104,0.6045454545454545,Sy,-0.03725760813965817,0.03556467406423805,2.5,3.9628056733104815,-0.17819350029085884,0.1036782840115425,False
haxs.stage5c2gR32.batch-statistics.v1,limit_hopping_zero_chain6,chain6_hole_2,506,3402257104,0.6045454545454545,Sz,0.06640624999999478,0.03492126789064977,2.5,3.9628056733104815,-0.07197994851626727,0.20479244851625683,False
haxs.stage5c2gR32.batch-statistics.v1,limit_hopping_zero_chain6,chain6_hole_2,506,3402257104,0.6363636363636362,Sx,2.452346267204438,0.007016140896141121,2.5,3.9628056733104815,2.4245426642564643,2.480149870152412,False
haxs.stage5c2gR32.batch-statistics.v1,limit_hopping_zero_chain6,chain6_hole_2,506,3402257104,0.6363636363636362,Sy,-0.03817938674840779,0.035676275141744665,2.5,3.9628056733104815,-0.17955753228269924,0.10319875878588367,False
haxs.stage5c2gR32.batch-statistics.v1,limit_hopping_zero_chain6,chain6_hole_2,506,3402257104,0.6363636363636362,Sz,0.06640624999999313,0.03492126789065305,2.5,3.9628056733104815,-0.07197994851628194,0.2047924485162682,False
haxs.stage5c2gR32.batch-statistics.v1,limit_hopping_zero_chain6,chain6_hole_2,506,3402257104,0.6681818181818181,Sx,2.446897153470144,0.007324156218753582,2.5,3.9628056733104815,2.417872945654255,2.475921361286033,False
haxs.stage5c2gR32.batch-statistics.v1,limit_hopping_zero_chain6,chain6_hole_2,506,3402257104,0.6681818181818181,Sy,-0.03911023658868805,0.03579183816661968,2.5,3.9628056733104815,-0.18094633593357917,0.10272586275620306,False
haxs.stage5c2gR32.batch-statistics.v1,limit_hopping_zero_chain6,chain6_hole_2,506,3402257104,0.6681818181818181,Sz,0.06640624999999178,0.03492126789065599,2.5,3.9628056733104815,-0.07197994851629494,0.2047924485162785,False
haxs.stage5c2gR32.batch-statistics.v1,limit_hopping_zero_chain6,chain6_hole_2,506,3402257104,0.7,Sx,2.441194694591288,0.007627485228166117,2.5,3.9628056733104815,2.4109684528560194,2.4714209363265565,False
haxs.stage5c2gR32.batch-statistics.v1,limit_hopping_zero_chain6,chain6_hole_2,506,3402257104,0.7,Sy,-0.040049589058456715,0.03591101558175155,2.5,3.9628056733104815,-0.18235796534016285,0.10225878722324944,False
haxs.stage5c2gR32.batch-statistics.v1,limit_hopping_zero_chain6,chain6_hole_2,506,3402257104,0.7,Sz,0.06640624999999067,0.03492126789065853,2.5,3.9628056733104815,-0.0719799485163061,0.20479244851628745,False
haxs.stage5c2gR32.batch-statistics.v1,limit_hopping_zero_chain6,chain6_hole_2,506,3402257104,0.7318181818181817,Sx,2.435247203996782,0.007926211799289477,2.5,3.9628056733104815,2.403837166910697,2.466657241082867,False
haxs.stage5c2gR32.batch-statistics.v1,limit_hopping_zero_chain6,chain6_hole_2,506,3402257104,0.7318181818181817,Sy,-0.040996756089065715,0.03603347556049648,2.5,3.9628056733104815,-0.18379041746929575,0.10179690529116431,False
haxs.stage5c2gR32.batch-statistics.v1,limit_hopping_zero_chain6,chain6_hole_2,506,3402257104,0.7318181818181817,Sz,0.06640624999998959,0.034921267890660614,2.5,3.9628056733104815,-0.07197994851631545,0.20479244851629463,False
haxs.stage5c2gR32.batch-statistics.v1,limit_hopping_zero_chain6,chain6_hole_2,506,3402257104,0.7636363636363636,Sx,2.429063458383449,0.008220446742892741,2.5,3.9628056733104815,2.396487425393567,2.4616394913733313,False
haxs.stage5c2gR32.batch-statistics.v1,limit_hopping_zero_chain6,chain6_hole_2,506,3402257104,0.7636363636363636,Sy,-0.04195092983859986,0.0361589053068858,2.5,3.9628056733104815,-0.18524164492942338,0.10133978525222367,False
haxs.stage5c2gR32.batch-statistics.v1,limit_hopping_zero_chain6,chain6_hole_2,506,3402257104,0.7636363636363636,Sz,0.06640624999998894,0.034921267890662216,2.5,3.9628056733104815,-0.07197994851632243,0.2047924485163003,False
haxs.stage5c2gR32.batch-statistics.v1,limit_hopping_zero_chain6,chain6_hole_2,506,3402257104,0.7954545454545454,Sx,2.422652654047,0.008510325617719224,2.5,3.9628056733104815,2.3889278874073825,2.4563774206866174,False
haxs.stage5c2gR32.batch-statistics.v1,limit_hopping_zero_chain6,chain6_hole_2,506,3402257104,0.7954545454545454,Sy,-0.042911183955037,0.036287013867528944,2.5,3.9628056733104815,-0.18670956837677682,0.10088720046670281,False
haxs.stage5c2gR32.batch-statistics.v1,limit_hopping_zero_chain6,chain6_hole_2,506,3402257104,0.7954545454545454,Sz,0.0664062499999882,0.03492126789066349,2.5,3.9628056733104815,-0.07197994851632825,0.20479244851630465,False
haxs.stage5c2gR32.batch-statistics.v1,limit_hopping_zero_chain6,chain6_hole_2,506,3402257104,0.8272727272727272,Sx,2.4160243551056126,0.008796006118131462,2.5,3.9628056733104815,2.3811674921582076,2.4508812180530177,False
haxs.stage5c2gR32.batch-statistics.v1,limit_hopping_zero_chain6,chain6_hole_2,506,3402257104,0.8272727272727272,Sy,-0.043876476573659416,0.03641753436014995,2.5,3.9628056733104815,-0.18819208834404105,0.1004391351967222,False
haxs.stage5c2gR32.batch-statistics.v1,limit_hopping_zero_chain6,chain6_hole_2,506,3402257104,0.8272727272727272,Sz,0.06640624999998763,0.03492126789066415,2.5,3.9628056733104815,-0.07197994851633142,0.20479244851630668,False
haxs.stage5c2gR32.batch-statistics.v1,limit_hopping_zero_chain6,chain6_hole_2,506,3402257104,0.859090909090909,Sx,2.409188434023143,0.009077665089352746,2.5,3.9628056733104815,2.3732154113066435,2.4451614567396427,False
haxs.stage5c2gR32.batch-statistics.v1,limit_hopping_zero_chain6,chain6_hole_2,506,3402257104,0.859090909090909,Sy,-0.044845655176767724,0.03655022554174715,2.5,3.9628056733104815,-0.18968709631438102,0.09999578596084557,False
haxs.stage5c2gR32.batch-statistics.v1,limit_hopping_zero_chain6,chain6_hole_2,506,3402257104,0.859090909090909,Sz,0.06640624999998732,0.034921267890664444,2.5,3.9628056733104815,-0.07197994851633288,0.2047924485163075,False
haxs.stage5c2gR32.batch-statistics.v1,limit_hopping_zero_chain6,chain6_hole_2,506,3402257104,0.8909090909090909,Sx,2.40215500510242,0.009355495243927116,2.5,3.9628056733104815,2.365080995473156,2.4392290147316835,False
haxs.stage5c2gR32.batch-statistics.v1,limit_hopping_zero_chain6,chain6_hole_2,506,3402257104,0.8909090909090909,Sy,-0.04581746339680077,0.036684872661877824,2.5,3.9628056733104815,-0.19119248490596277,0.09955755811236125,False
haxs.stage5c2gR32.batch-statistics.v1,limit_hopping_zero_chain6,chain6_hole_2,506,3402257104,0.8909090909090909,Sz,0.06640624999998684,0.0349212678906642,2.5,3.9628056733104815,-0.07197994851633241,0.2047924485163061,False
haxs.stage5c2gR32.batch-statistics.v1,limit_hopping_zero_chain6,chain6_hole_2,506,3402257104,0.9227272727272726,Sx,2.3949343518840602,0.009629701674120484,2.5,3.9628056733104815,2.3567737154575683,2.433094988310552,False
haxs.stage5c2gR32.batch-statistics.v1,limit_hopping_zero_chain6,chain6_hole_2,506,3402257104,0.9227272727272726,Sy,-0.046790549788324684,0.03682128757236914,2.5,3.9628056733104815,-0.1927061570787058,0.09912505750205645,False
haxs.stage5c2gR32.batch-statistics.v1,limit_hopping_zero_chain6,chain6_hole_2,506,3402257104,0.9227272727272726,Sz,0.06640624999998623,0.034921267890663577,2.5,3.9628056733104815,-0.07197994851633055,0.20479244851630302,False
haxs.stage5c2gR32.batch-statistics.v1,limit_hopping_zero_chain6,chain6_hole_2,506,3402257104,0.9545454545454545,Sx,2.3875368496376312,0.009900498273813072,2.5,3.9628056733104815,2.348303098909564,2.4267706003656984,False
haxs.stage5c2gR32.batch-statistics.v1,limit_hopping_zero_chain6,chain6_hole_2,506,3402257104,0.9545454545454545,Sy,-0.047763478532575177,0.03695930809241896,2.5,3.9628056733104815,-0.19422603432284302,0.09869907725769267,False
haxs.stage5c2gR32.batch-statistics.v1,limit_hopping_zero_chain6,chain6_hole_2,506,3402257104,0.9545454545454545,Sz,0.06640624999998548,0.03492126789066256,2.5,3.9628056733104815,-0.07197994851632727,0.20479244851629824,False
haxs.stage5c2gR32.batch-statistics.v1,limit_hopping_zero_chain6,chain6_hole_2,506,3402257104,0.9863636363636362,Sx,2.379972884356084,0.010168104197977236,2.5,3.9628056733104815,2.3396786633535274,2.4202671053586404,False
haxs.stage5c2gR32.batch-statistics.v1,limit_hopping_zero_chain6,chain6_hole_2,506,3402257104,0.9863636363636362,Sy,-0.04873474197340843,0.03709879665599839,2.5,3.9628056733104815,-0.19575006383479077,0.0982805798879739,False
haxs.stage5c2gR32.batch-statistics.v1,limit_hopping_zero_chain6,chain6_hole_2,506,3402257104,0.9863636363636362,Sz,0.06640624999998444,0.03492126789066108,2.5,3.9628056733104815,-0.07197994851632243,0.2047924485162913,False
haxs.stage5c2gR32.batch-statistics.v1,limit_hopping_zero_chain6,chain6_hole_2,506,3402257104,1.018181818181818,Sx,2.3722527698466362,0.010432740496137504,2.5,3.9628056733104815,2.3309098466203664,2.413595693072906,False
haxs.stage5c2gR32.batch-statistics.v1,limit_hopping_zero_chain6,chain6_hole_2,506,3402257104,1.018181818181818,Sy,-0.04970277481901244,0.03723963829510748,2.5,3.9628056733104815,-0.19727622472689463,0.09787067508886974,False
haxs.stage5c2gR32.batch-statistics.v1,limit_hopping_zero_chain6,chain6_hole_2,506,3402257104,1.018181818181818,Sz,0.06640624999998321,0.03492126789065928,2.5,3.9628056733104815,-0.07197994851631653,0.20479244851628295,False
haxs.stage5c2gR32.batch-statistics.v1,limit_hopping_zero_chain6,chain6_hole_2,506,3402257104,1.0499999999999998,Sx,2.3643866646392837,0.01069462705662303,2.5,3.9628056733104815,2.3220059358653584,2.406767393413209,False
haxs.stage5c2gR32.batch-statistics.v1,limit_hopping_zero_chain6,chain6_hole_2,506,3402257104,1.0499999999999998,Sy,-0.050665969782983704,0.03738173803629962,2.5,3.9628056733104815,-0.19880253335143808,0.09747059378547066,False
haxs.stage5c2gR32.batch-statistics.v1,limit_hopping_zero_chain6,chain6_hole_2,506,3402257104,1.0499999999999998,Sz,0.06640624999998146,0.0349212678906572,2.5,3.9628056733104815,-0.07197994851631004,0.20479244851627296,False
haxs.stage5c2gR32.batch-statistics.v1,limit_hopping_zero_chain6,chain6_hole_2,506,3402257104,1.0818181818181818,Sx,2.356384490497013,0.010953979989859293,2.5,3.9628056733104815,2.3129759964478693,2.3997929845461567,False
haxs.stage5c2gR32.batch-statistics.v1,limit_hopping_zero_chain6,chain6_hole_2,506,3402257104,1.0818181818181818,Sy,-0.05162269438463049,0.037525017807723285,2.5,3.9628056733104815,-0.20032704784415317,0.09708165907489219,False
haxs.stage5c2gR32.batch-statistics.v1,limit_hopping_zero_chain6,chain6_hole_2,506,3402257104,1.0818181818181818,Sz,0.06640624999997921,0.034921267890654806,2.5,3.9628056733104815,-0.0719799485163028,0.20479244851626122,False
haxs.stage5c2gR32.batch-statistics.v1,limit_hopping_zero_chain6,chain6_hole_2,506,3402257104,1.1136363636363635,Sx,2.348255854303339,0.011211009561065017,2.5,3.9628056733104815,2.3038288020112128,2.3926829065954656,False
haxs.stage5c2gR32.batch-statistics.v1,limit_hopping_zero_chain6,chain6_hole_2,506,3402257104,1.1136363636363635,Sy,-0.052571308584399956,0.03766941296883158,2.5,3.9628056733104815,-0.20184787200756116,0.09670525483876125,False
haxs.stage5c2gR32.batch-statistics.v1,limit_hopping_zero_chain6,chain6_hole_2,506,3402257104,1.1136363636363635,Sz,0.06640624999997664,0.03492126789065213,2.5,3.9628056733104815,-0.07197994851629476,0.20479244851624806,False
haxs.stage5c2gR32.batch-statistics.v1,limit_hopping_zero_chain6,chain6_hole_2,506,3402257104,1.1454545454545453,Sx,2.3400099750208674,0.011465918756040765,2.5,3.9628056733104815,2.294572767124712,2.385447182917023,False
haxs.stage5c2gR32.batch-statistics.v1,limit_hopping_zero_chain6,chain6_hole_2,506,3402257104,1.1454545454545453,Sy,-0.053510182898323835,0.037814868584345226,2.5,3.9628056733104815,-0.20336315865985738,0.09634279286320972,False
haxs.stage5c2gR32.batch-statistics.v1,limit_hopping_zero_chain6,chain6_hole_2,506,3402257104,1.1454545454545453,Sz,0.06640624999997358,0.03492126789064943,2.5,3.9628056733104815,-0.07197994851628714,0.2047924485162343,False
haxs.stage5c2gR32.batch-statistics.v1,limit_hopping_zero_chain6,chain6_hole_2,506,3402257104,1.1772727272727272,Sx,2.3316556172608958,0.011718902529629946,2.5,3.9628056733104815,2.2852158838315058,2.3780953506902858,False
haxs.stage5c2gR32.batch-statistics.v1,limit_hopping_zero_chain6,chain6_hole_2,506,3402257104,1.1772727272727272,Sy,-0.05443771661672011,0.037961335567897506,2.5,3.9628056733104815,-0.20487111257162732,0.09599567933818709,False
haxs.stage5c2gR32.batch-statistics.v1,limit_hopping_zero_chain6,chain6_hole_2,506,3402257104,1.1772727272727272,Sz,0.0664062499999699,0.03492126789064657,2.5,3.9628056733104815,-0.07197994851627947,0.20479244851621925,False
haxs.stage5c2gR32.batch-statistics.v1,limit_hopping_zero_chain6,chain6_hole_2,506,3402257104,1.209090909090909,Sx,2.3232010327863573,0.0119701477470407,2.5,3.9628056733104815,2.2757656633840195,2.370636402188695,False
haxs.stage5c2gR32.batch-statistics.v1,limit_hopping_zero_chain6,chain6_hole_2,506,3402257104,1.209090909090909,Sy,-0.05535235574764482,0.03810876681930918,2.5,3.9628056733104815,-0.20636999310206947,0.09566528160677981,False
haxs.stage5c2gR32.batch-statistics.v1,limit_hopping_zero_chain6,chain6_hole_2,506,3402257104,1.209090909090909,Sz,0.06640624999996603,0.034921267890643606,2.5,3.9628056733104815,-0.0719799485162716,0.20479244851620365,False
haxs.stage5c2gR32.batch-statistics.v1,limit_hopping_zero_chain6,chain6_hole_2,506,3402257104,1.2409090909090907,Sx,2.314653910999845,0.012219833786245008,2.5,3.9628056733104815,2.2662290843448023,2.363078737654888,False
haxs.stage5c2gR32.batch-statistics.v1,limit_hopping_zero_chain6,chain6_hole_2,506,3402257104,1.2409090909090907,Sy,-0.05625261031449958,0.03825711347321415,2.5,3.9628056733104815,-0.20785811663063547,0.09535289600163632,False
haxs.stage5c2gR32.batch-statistics.v1,limit_hopping_zero_chain6,chain6_hole_2,506,3402257104,1.2409090909090907,Sz,0.06640624999996173,0.03492126789064075,2.5,3.9628056733104815,-0.07197994851626457,0.20479244851618802,False
haxs.stage5c2gR32.batch-statistics.v1,limit_hopping_zero_chain6,chain6_hole_2,506,3402257104,1.2727272727272725,Sx,2.3060213391591358,0.012468133728153634,2.5,3.9628056733104815,2.2566125480856147,2.355430130232657,False
haxs.stage5c2gR32.batch-statistics.v1,limit_hopping_zero_chain6,chain6_hole_2,506,3402257104,1.2727272727272725,Sy,-0.05713707065876918,0.038406321366626195,2.5,3.9628056733104815,-0.20933385886142103,0.09505971754388265,False
haxs.stage5c2gR32.batch-statistics.v1,limit_hopping_zero_chain6,chain6_hole_2,506,3402257104,1.2727272727272725,Sz,0.0664062499999571,0.03492126789063791,2.5,3.9628056733104815,-0.07197994851625795,0.20479244851617218,False
haxs.stage5c2gR32.batch-statistics.v1,limit_hopping_zero_chain6,chain6_hole_2,506,3402257104,1.3045454545454545,Sx,2.2973097727329823,0.012715216023275333,2.5,3.9628056733104815,2.2469218425385784,2.347697702927386,False
haxs.stage5c2gR32.batch-statistics.v1,limit_hopping_zero_chain6,chain6_hole_2,506,3402257104,1.3045454545454545,Sy,-0.058004422431469346,0.038556327819978406,2.5,3.9628056733104815,-0.2107956570584985,0.09478681219555983,False
haxs.stage5c2gR32.batch-statistics.v1,limit_hopping_zero_chain6,chain6_hole_2,506,3402257104,1.3045454545454545,Sz,0.06640624999995243,0.034921267890635155,2.5,3.9628056733104815,-0.07197994851625172,0.20479244851615658,False
haxs.stage5c2gR32.batch-statistics.v1,limit_hopping_zero_chain6,chain6_hole_2,506,3402257104,1.3363636363636362,Sx,2.2885250159769375,0.012961246491954456,2.5,3.9628056733104815,2.237162114845445,2.33988791710843,False
haxs.stage5c2gR32.batch-statistics.v1,limit_hopping_zero_chain6,chain6_hole_2,506,3402257104,1.3363636363636362,Sy,-0.05885345999849624,0.0387070588112234,2.5,3.9628056733104815,-0.21224201225277478,0.09453509225578229,False
haxs.stage5c2gR32.batch-statistics.v1,limit_hopping_zero_chain6,chain6_hole_2,506,3402257104,1.3363636363636362,Sz,0.06640624999994757,0.034921267890632594,2.5,3.9628056733104815,-0.07197994851624642,0.20479244851614156,False
haxs.stage5c2gR32.batch-statistics.v1,limit_hopping_zero_chain6,chain6_hole_2,506,3402257104,1.368181818181818,Sx,2.2796722124914606,0.01320639049241163,2.5,3.9628056733104815,2.2273378533241783,2.332006571658743,False
haxs.stage5c2gR32.batch-statistics.v1,limit_hopping_zero_chain6,chain6_hole_2,506,3402257104,1.368181818181818,Sy,-0.05968309803338213,0.03885842660674382,2.5,3.9628056733104815,-0.21367149144650552,0.09430529537974128,False
haxs.stage5c2gR32.batch-statistics.v1,limit_hopping_zero_chain6,chain6_hole_2,506,3402257104,1.368181818181818,Sz,0.06640624999994268,0.03492126789063023,2.5,3.9628056733104815,-0.07197994851624193,0.2047924485161273,False
haxs.stage5c2gR32.batch-statistics.v1,limit_hopping_zero_chain6,chain6_hole_2,506,3402257104,1.4,Sx,2.2707558452388397,0.013450815078410203,2.5,3.9628056733104815,2.2174528789354655,2.324058811542214,False
haxs.stage5c2gR32.batch-statistics.v1,limit_hopping_zero_chain6,chain6_hole_2,506,3402257104,1.4,Sy,-0.0604923811236184,0.0390103278969705,2.5,3.9628056733104815,-0.21508272983143525,0.09409796758419844,False
haxs.stage5c2gR32.batch-statistics.v1,limit_hopping_zero_chain6,chain6_hole_2,506,3402257104,1.4,Sz,0.06640624999993809,0.0349212678906282,2.5,3.9628056733104815,-0.0719799485162385,0.20479244851611467,False
haxs.stage5c2gR32.batch-statistics.v1,limit_hopping_zero_chain6,chain6_hole_2,507,540099327,0.0,Sx,2.5,0.0,2.5,3.9628056733104815,2.5,2.5,False
haxs.stage5c2gR32.batch-statistics.v1,limit_hopping_zero_chain6,chain6_hole_2,507,540099327,0.0,Sy,-0.060546875,0.03587540315103103,2.5,3.9628056733104815,-0.20271412613920647,0.08162037613920647,False
haxs.stage5c2gR32.batch-statistics.v1,limit_hopping_zero_chain6,chain6_hole_2,507,540099327,0.0,Sz,-0.0361328125,0.03413580197393285,2.5,3.9628056733104815,-0.17140636222530423,0.09914073722530423,False
haxs.stage5c2gR32.batch-statistics.v1,limit_hopping_zero_chain6,chain6_hole_2,507,540099327,0.031818181818181815,Sx,2.4986793601175186,0.00039537724959425074,2.5,3.9628056733104815,2.4971125569097286,2.5002461633253086,False
haxs.stage5c2gR32.batch-statistics.v1,limit_hopping_zero_chain6,chain6_hole_2,507,540099327,0.031818181818181815,Sy,-0.0599736733115026,0.035906018379765224,2.5,3.9628056733104815,-0.20226224665282666,0.08231490002982145,False
haxs.stage5c2gR32.batch-statistics.v1,limit_hopping_zero_chain6,chain6_hole_2,507,540099327,0.031818181818181815,Sz,-0.03613281250001418,0.03413580197393228,2.5,3.9628056733104815,-0.17140636222531616,0.0991407372252878,False
haxs.stage5c2gR32.batch-statistics.v1,limit_hopping_zero_chain6,chain6_hole_2,507,540099327,0.06363636363636363,Sx,2.4970427882425708,0.000790259151693577,2.5,3.9628056733104815,2.493911144792854,2.5001744316922876,False
haxs.stage5c2gR32.batch-statistics.v1,limit_hopping_zero_chain6,chain6_hole_2,507,540099327,0.06363636363636363,Sy,-0.05940545044724712,0.03594502413106174,2.5,3.9628056733104815,-0.20184859600110075,0.0830376951066065,False
haxs.stage5c2gR32.batch-statistics.v1,limit_hopping_zero_chain6,chain6_hole_2,507,540099327,0.06363636363636363,Sz,-0.03613281250002961,0.03413580197393221,2.5,3.9628056733104815,-0.17140636222533132,0.09914073722527209,False
haxs.stage5c2gR32.batch-statistics.v1,limit_hopping_zero_chain6,chain6_hole_2,507,540099327,0.09545454545454544,Sx,2.4950944599044345,0.0011841809206023777,2.5,3.9628056733104815,2.4904017810340453,2.4997871387748236,False
haxs.stage5c2gR32.batch-statistics.v1,limit_hopping_zero_chain6,chain6_hole_2,507,540099327,0.09545454545454544,Sy,-0.05884242458811145,0.03599234245652237,2.5,3.9628056733104815,-0.201473083470552,0.0837882342943291,False
haxs.stage5c2gR32.batch-statistics.v1,limit_hopping_zero_chain6,chain6_hole_2,507,540099327,0.09545454545454544,Sz,-0.03613281250004632,0.034135801973932525,2.5,3.9628056733104815,-0.17140636222534927,0.09914073722525663,False
haxs.stage5c2gR32.batch-statistics.v1,limit_hopping_zero_chain6,chain6_hole_2,507,540099327,0.12727272727272726,Sx,2.4928387332744966,0.0015766839244460065,2.5,3.9628056733104815,2.4865906412736845,2.4990868252753087,False
haxs.stage5c2gR32.batch-statistics.v1,limit_hopping_zero_chain6,chain6_hole_2,507,540099327,0.12727272727272726,Sy,-0.05828480974193399,0.036047863827437604,2.5,3.9628056733104815,-0.20113548902802741,0.08456586954415944,False
haxs.stage5c2gR32.batch-statistics.v1,limit_hopping_zero_chain6,chain6_hole_2,507,540099327,0.12727272727272726,Sz,-0.03613281250006403,0.034135801973933316,2.5,3.9628056733104815,-0.17140636222537012,0.09914073722524205,False
haxs.stage5c2gR32.batch-statistics.v1,limit_hopping_zero_chain6,chain6_hole_2,507,540099327,0.15909090909090906,Sx,2.4902801283446734,0.001967317963228603,2.5,3.9628056733104815,2.4824840295587856,2.498076227130561,False
haxs.stage5c2gR32.batch-statistics.v1,limit_hopping_zero_chain6,chain6_hole_2,507,540099327,0.15909090909090906,Sy,-0.05773281746218934,0.03611144779941028,2.5,3.9628056733104815,-0.2008354676731477,0.08536983274876903,False
haxs.stage5c2gR32.batch-statistics.v1,limit_hopping_zero_chain6,chain6_hole_2,507,540099327,0.15909090909090906,Sz,-0.03613281250008287,0.034135801973934454,2.5,3.9628056733104815,-0.17140636222539346,0.0991407372252277,False
haxs.stage5c2gR32.batch-statistics.v1,limit_hopping_zero_chain6,chain6_hole_2,507,540099327,0.1909090909090909,Sx,2.487423310416141,0.0023556435911723217,2.5,3.9628056733104815,2.478088352628746,2.496758268203536,False
haxs.stage5c2gR32.batch-statistics.v1,limit_hopping_zero_chain6,chain6_hole_2,507,540099327,0.1909090909090909,Sy,-0.05718665862127928,0.036182923839407195,2.5,3.9628056733104815,-0.20057255448904318,0.08619923724648462,False
haxs.stage5c2gR32.batch-statistics.v1,limit_hopping_zero_chain6,chain6_hole_2,507,540099327,0.1909090909090909,Sz,-0.03613281250010205,0.03413580197393608,2.5,3.9628056733104815,-0.17140636222541908,0.09914073722521496,False
haxs.stage5c2gR32.batch-statistics.v1,limit_hopping_zero_chain6,chain6_hole_2,507,540099327,0.22272727272727272,Sx,2.4842730780103834,0.0027412345299980653,2.5,3.9628056733104815,2.4734100982630327,2.495136057757734,False
haxs.stage5c2gR32.batch-statistics.v1,limit_hopping_zero_chain6,chain6_hole_2,507,540099327,0.22272727272727272,Sy,-0.056646545127033154,0.0362620923334809,2.5,3.9628056733104815,-0.20034617035225977,0.08705308009819346,False
haxs.stage5c2gR32.batch-statistics.v1,limit_hopping_zero_chain6,chain6_hole_2,507,540099327,0.22272727272727272,Sz,-0.03613281250012193,0.034135801973937986,2.5,3.9628056733104815,-0.1714063622254465,0.09914073722520264,False
haxs.stage5c2gR32.batch-statistics.v1,limit_hopping_zero_chain6,chain6_hole_2,507,540099327,0.2545454545454545,Sx,2.4808343552467305,0.003123680204644571,2.5,3.9628056733104815,2.4684558176101574,2.4932128928833035,False
haxs.stage5c2gR32.batch-statistics.v1,limit_hopping_zero_chain6,chain6_hole_2,507,540099327,0.2545454545454545,Sy,-0.056112691460677225,0.03634872579674982,2.5,3.9628056733104815,-0.20015562826564443,0.08793024534428999,False
haxs.stage5c2gR32.batch-statistics.v1,limit_hopping_zero_chain6,chain6_hole_2,507,540099327,0.2545454545454545,Sz,-0.03613281250014188,0.03413580197394024,2.5,3.9628056733104815,-0.1714063622254754,0.09914073722519162,False
haxs.stage5c2gR32.batch-statistics.v1,limit_hopping_zero_chain6,chain6_hole_2,507,540099327,0.2863636363636363,Sx,2.47711218864721,0.0035025884146109385,2.5,3.9628056733104815,2.463232111406518,2.490992265887902,False
haxs.stage5c2gR32.batch-statistics.v1,limit_hopping_zero_chain6,chain6_hole_2,507,540099327,0.2863636363636363,Sy,-0.055585315909054786,0.03644257030879794,2.5,3.9628056733104815,-0.20000014027877538,0.0888295084606658,False
haxs.stage5c2gR32.batch-statistics.v1,limit_hopping_zero_chain6,chain6_hole_2,507,540099327,0.2863636363636363,Sz,-0.036132812500161815,0.03413580197394277,2.5,3.9628056733104815,-0.17140636222550534,0.09914073722518171,False
haxs.stage5c2gR32.batch-statistics.v1,limit_hopping_zero_chain6,chain6_hole_2,507,540099327,0.3181818181818181,Sx,2.4731117482264127,0.0038775881343415973,2.5,3.9628056733104815,2.4577456199688825,2.488477876483943,False
haxs.stage5c2gR32.batch-statistics.v1,limit_hopping_zero_chain6,chain6_hole_2,507,540099327,0.3181818181818181,Sy,-0.05506464136386597,0.03654334719719331,2.5,3.9628056733104815,-0.19987882495865827,0.08974954223092635,False
haxs.stage5c2gR32.batch-statistics.v1,limit_hopping_zero_chain6,chain6_hole_2,507,540099327,0.3181818181818181,Sz,-0.036132812500181556,0.03413580197394551,2.5,3.9628056733104815,-0.17140636222553593,0.09914073722517283,False
haxs.stage5c2gR32.batch-statistics.v1,limit_hopping_zero_chain6,chain6_hole_2,507,540099327,0.35,Sx,2.4688383326048084,0.004248332416504081,2.5,3.9628056733104815,2.452003016802577,2.48567364840704,False
haxs.stage5c2gR32.batch-statistics.v1,limit_hopping_zero_chain6,chain6_hole_2,507,540099327,0.35,Sy,-0.0545508955666582,0.036650754989118475,2.5,3.9628056733104815,-0.19979071536864934,0.09068892423533292,False
haxs.stage5c2gR32.batch-statistics.v1,limit_hopping_zero_chain6,chain6_hole_2,507,540099327,0.35,Sz,-0.03613281250020101,0.03413580197394843,2.5,3.9628056733104815,-0.17140636222556696,0.09914073722516495,False
haxs.stage5c2gR32.batch-statistics.v1,limit_hopping_zero_chain6,chain6_hole_2,507,540099327,0.3818181818181818,Sx,2.4642973777512474,0.00461450135408475,2.5,3.9628056733104815,2.4460110056057816,2.482583749896713,False
haxs.stage5c2gR32.batch-statistics.v1,limit_hopping_zero_chain6,chain6_hole_2,507,540099327,0.3818181818181818,Sy,-0.05404431069047664,0.03676447164603833,2.5,3.9628056733104815,-0.19973476750565966,0.0916461461247064,False
haxs.stage5c2gR32.batch-statistics.v1,limit_hopping_zero_chain6,chain6_hole_2,507,540099327,0.3818181818181818,Sz,-0.0361328125002198,0.03413580197395157,2.5,3.9628056733104815,-0.1714063622255982,0.09914073722515862,False
haxs.stage5c2gR32.batch-statistics.v1,limit_hopping_zero_chain6,chain6_hole_2,507,540099327,0.4136363636363636,Sx,2.4594944688187925,0.004975805042059087,2.5,3.9628056733104815,2.439776320368834,2.479212617268751,False
haxs.stage5c2gR32.batch-statistics.v1,limit_hopping_zero_chain6,chain6_hole_2,507,540099327,0.4136363636363636,Sy,-0.053545122167503054,0.03688415708890696,2.5,3.9628056733104815,-0.19970986913469857,0.09261962479969245,False
haxs.stage5c2gR32.batch-statistics.v1,limit_hopping_zero_chain6,chain6_hole_2,507,540099327,0.4136363636363636,Sz,-0.03613281250023797,0.03413580197395475,2.5,3.9628056733104815,-0.171406362225629,0.09914073722515304,False
haxs.stage5c2gR32.batch-statistics.v1,limit_hopping_zero_chain6,chain6_hole_2,507,540099327,0.44545454545454544,Sx,2.454435354395833,0.005331986467696518,2.5,3.9628056733104815,2.4333057281716304,2.4755649806200353,False
haxs.stage5c2gR32.batch-statistics.v1,limit_hopping_zero_chain6,chain6_hole_2,507,540099327,0.44545454545454544,Sy,-0.053053566696401384,0.03700945601175058,2.5,3.9628056733104815,-0.1997148489459013,0.09360771555309855,False
haxs.stage5c2gR32.batch-statistics.v1,limit_hopping_zero_chain6,chain6_hole_2,507,540099327,0.44545454545454544,Sz,-0.03613281250025536,0.034135801973957935,2.5,3.9628056733104815,-0.171406362225659,0.0991407372251483,False
haxs.stage5c2gR32.batch-statistics.v1,limit_hopping_zero_chain6,chain6_hole_2,507,540099327,0.47727272727272724,Sx,2.449125962356862,0.00568282425064163,2.5,3.9628056733104815,2.426606034175993,2.471645890537731,False
haxs.stage5c2gR32.batch-statistics.v1,limit_hopping_zero_chain6,chain6_hole_2,507,540099327,0.47727272727272724,Sy,-0.05256987939284,0.037140000969844614,2.5,3.9628056733104815,-0.199748485942897,0.09460872715721702,False
haxs.stage5c2gR32.batch-statistics.v1,limit_hopping_zero_chain6,chain6_hole_2,507,540099327,0.47727272727272724,Sz,-0.03613281250027172,0.03413580197396119,2.5,3.9628056733104815,-0.17140636222568825,0.0991407372251448,False
haxs.stage5c2gR32.batch-statistics.v1,limit_hopping_zero_chain6,chain6_hole_2,507,540099327,0.509090909090909,Sx,2.4435724163749013,0.0060281351497274115,2.5,3.9628056733104815,2.4196840882040793,2.4674607445457233,False
haxs.stage5c2gR32.batch-statistics.v1,limit_hopping_zero_chain6,chain6_hole_2,507,540099327,0.509090909090909,Sy,-0.05209429008087389,0.03727541571555744,2.5,3.9628056733104815,-0.19980951895349158,0.09562093879174381,False
haxs.stage5c2gR32.batch-statistics.v1,limit_hopping_zero_chain6,chain6_hole_2,507,540099327,0.509090909090909,Sz,-0.03613281250028733,0.034135801973964396,2.5,3.9628056733104815,-0.17140636222571656,0.09914073722514191,False
haxs.stage5c2gR32.batch-statistics.v1,limit_hopping_zero_chain6,chain6_hole_2,507,540099327,0.5409090909090909,Sx,2.4377810520549574,0.006367776252721004,2.5,3.9628056733104815,2.412546792194303,2.463015311915612,False
haxs.stage5c2gR32.batch-statistics.v1,limit_hopping_zero_chain6,chain6_hole_2,507,540099327,0.5409090909090909,Sy,-0.05162701876026256,0.037415318740855796,2.5,3.9628056733104815,-0.19989665613524588,0.09664261861472077,False
haxs.stage5c2gR32.batch-statistics.v1,limit_hopping_zero_chain6,chain6_hole_2,507,540099327,0.5409090909090909,Sz,-0.03613281250030199,0.03413580197396745,2.5,3.9628056733104815,-0.17140636222574332,0.09914073722513936,False
haxs.stage5c2gR32.batch-statistics.v1,limit_hopping_zero_chain6,chain6_hole_2,507,540099327,0.5727272727272726,Sx,2.431758431575707,0.0067016467674563115,2.5,3.9628056733104815,2.4052011077451083,2.4583157554063058,False
haxs.stage5c2gR32.batch-statistics.v1,limit_hopping_zero_chain6,chain6_hole_2,507,540099327,0.5727272727272726,Sy,-0.051168270323849956,0.037559326971180904,2.5,3.9628056733104815,-0.20000858433096902,0.0976720436832691,False
haxs.stage5c2gR32.batch-statistics.v1,limit_hopping_zero_chain6,chain6_hole_2,507,540099327,0.5727272727272726,Sz,-0.03613281250031558,0.034135801973970356,2.5,3.9628056733104815,-0.17140636222576844,0.09914073722513728,False
haxs.stage5c2gR32.batch-statistics.v1,limit_hopping_zero_chain6,chain6_hole_2,507,540099327,0.6045454545454545,Sx,2.425511355688412,0.007029689337659928,2.5,3.9628056733104815,2.3976540628995227,2.453368648477301,False
haxs.stage5c2gR32.batch-statistics.v1,limit_hopping_zero_chain6,chain6_hole_2,507,540099327,0.6045454545454545,Sy,-0.0507182286380425,0.03770705954176277,2.5,3.9628056733104815,-0.20014397811399615,0.09870752083791114,False
haxs.stage5c2gR32.batch-statistics.v1,limit_hopping_zero_chain6,chain6_hole_2,507,540099327,0.6045454545454545,Sz,-0.03613281250032814,0.03413580197397313,2.5,3.9628056733104815,-0.17140636222579198,0.09914073722513571,False
haxs.stage5c2gR32.batch-statistics.v1,limit_hopping_zero_chain6,chain6_hole_2,507,540099327,0.6363636363636362,Sx,2.4190468719252274,0.007351890813945966,2.5,3.9628056733104815,2.389912757298163,2.4481809865522917,False
haxs.stage5c2gR32.batch-statistics.v1,limit_hopping_zero_chain6,chain6_hole_2,507,540099327,0.6363636363636362,Sy,-0.050277050136242105,0.037858141575346636,2.5,3.9628056733104815,-0.20030150835201715,0.09974740807953296,False
haxs.stage5c2gR32.batch-statistics.v1,limit_hopping_zero_chain6,chain6_hole_2,507,540099327,0.6363636363636362,Sz,-0.03613281250033982,0.03413580197397567,2.5,3.9628056733104815,-0.17140636222581374,0.09914073722513411,False
haxs.stage5c2gR32.batch-statistics.v1,limit_hopping_zero_chain6,chain6_hole_2,507,540099327,0.6681818181818181,Sx,2.4123722779162815,0.007668282419856977,2.5,3.9628056733104815,2.3819843648383254,2.4427601909942376,False
haxs.stage5c2gR32.batch-statistics.v1,limit_hopping_zero_chain6,chain6_hole_2,507,540099327,0.6681818181818181,Sy,-0.04984485710781338,0.038012207870681346,2.5,3.9628056733104815,-0.20047985011280675,0.10079013589717997,False
haxs.stage5c2gR32.batch-statistics.v1,limit_hopping_zero_chain6,chain6_hole_2,507,540099327,0.6681818181818181,Sz,-0.03613281250035058,0.03413580197397799,2.5,3.9628056733104815,-0.1714063622258337,0.09914073722513253,False
haxs.stage5c2gR32.batch-statistics.v1,limit_hopping_zero_chain6,chain6_hole_2,507,540099327,0.7,Sx,2.4054951188102005,0.00797893926458629,2.5,3.9628056733104815,2.3738761330254983,2.4371141045949027,False
haxs.stage5c2gR32.batch-statistics.v1,limit_hopping_zero_chain6,chain6_hole_2,507,540099327,0.7,Sy,-0.04942173089185338,0.03816890640481908,2.5,3.9628056733104815,-0.20067768973692718,0.10183422795322043,False
haxs.stage5c2gR32.batch-statistics.v1,limit_hopping_zero_chain6,chain6_hole_2,507,540099327,0.7,Sz,-0.03613281250036025,0.034135801973980084,2.5,3.9628056733104815,-0.17140636222585165,0.09914073722513117,False
haxs.stage5c2gR32.batch-statistics.v1,limit_hopping_zero_chain6,chain6_hole_2,507,540099327,0.7318181818181817,Sx,2.3984231779347187,0.008283979168407929,2.5,3.9628056733104815,2.365595378288566,2.4312509775808713,False
haxs.stage5c2gR32.batch-statistics.v1,limit_hopping_zero_chain6,chain6_hole_2,507,540099327,0.7318181818181817,Sy,-0.04900770520393382,0.03832790155002885,2.5,3.9628056733104815,-0.20089373091247376,0.1028783205046061,False
haxs.stage5c2gR32.batch-statistics.v1,limit_hopping_zero_chain6,chain6_hole_2,507,540099327,0.7318181818181817,Sz,-0.036132812500369135,0.03413580197398187,2.5,3.9628056733104815,-0.17140636222586764,0.09914073722512935,False
haxs.stage5c2gR32.batch-statistics.v1,limit_hopping_zero_chain6,chain6_hole_2,507,540099327,0.7636363636363636,Sx,2.3911644600233943,0.008583560784174315,2.5,3.9628056733104815,2.357149476650663,2.4251794433961256,False
haxs.stage5c2gR32.batch-statistics.v1,limit_hopping_zero_chain6,chain6_hole_2,507,540099327,0.7636363636363636,Sy,-0.048602759833687746,0.038488876908430544,2.5,3.9628056733104815,-0.2011266996057651,0.10392117993838959,False
haxs.stage5c2gR32.batch-statistics.v1,limit_hopping_zero_chain6,chain6_hole_2,507,540099327,0.7636363636363636,Sz,-0.03613281250037722,0.03413580197398325,2.5,3.9628056733104815,-0.17140636222588118,0.09914073722512673,False
haxs.stage5c2gR32.batch-statistics.v1,limit_hopping_zero_chain6,chain6_hole_2,507,540099327,0.7954545454545454,Sx,2.383727166565813,0.008877881018713778,2.5,3.9628056733104815,2.348545849297879,2.4189084838337473,False
haxs.stage5c2gR32.batch-statistics.v1,limit_hopping_zero_chain6,chain6_hole_2,507,540099327,0.7954545454545454,Sy,-0.0482068149506597,0.03865153767457733,2.5,3.9628056733104815,-0.20137534772964857,0.10496171782832917,False
haxs.stage5c2gR32.batch-statistics.v1,limit_hopping_zero_chain6,chain6_hole_2,507,540099327,0.7954545454545454,Sz,-0.036132812500384595,0.03413580197398437,2.5,3.9628056733104815,-0.171406362225893,0.0991407372251238,False
haxs.stage5c2gR32.batch-statistics.v1,limit_hopping_zero_chain6,chain6_hole_2,507,540099327,0.8272727272727272,Sx,2.3761196631068233,0.00916717178147632,2.5,3.9628056733104815,2.3397919427629774,2.4124473834506692,False
haxs.stage5c2gR32.batch-statistics.v1,limit_hopping_zero_chain6,chain6_hole_2,507,540099327,0.8272727272727272,Sy,-0.04781972624480941,0.03881561244805896,2.5,3.9628056733104815,-0.20163845546699838,0.10599900297737957,False
haxs.stage5c2gR32.batch-statistics.v1,limit_hopping_zero_chain6,chain6_hole_2,507,540099327,0.8272727272727272,Sz,-0.03613281250039099,0.03413580197398512,2.5,3.9628056733104815,-0.17140636222590236,0.09914073722512037,False
haxs.stage5c2gR32.batch-statistics.v1,limit_hopping_zero_chain6,chain6_hole_2,507,540099327,0.859090909090909,Sx,2.3683504386154146,0.009451696113816837,2.5,3.9628056733104815,2.3308952036331747,2.4058056735976545,False
haxs.stage5c2gR32.batch-statistics.v1,limit_hopping_zero_chain6,chain6_hole_2,507,540099327,0.859090909090909,Sy,-0.0474412811066738,0.038980854434391504,2.5,3.9628056733104815,-0.20191483220977047,0.10703226999642289,False
haxs.stage5c2gR32.batch-statistics.v1,limit_hopping_zero_chain6,chain6_hole_2,507,540099327,0.859090909090909,Sz,-0.036132812500396724,0.03413580197398553,2.5,3.9628056733104815,-0.17140636222590971,0.09914073722511628,False
haxs.stage5c2gR32.batch-statistics.v1,limit_hopping_zero_chain6,chain6_hole_2,507,540099327,0.8909090909090909,Sx,2.360428057355494,0.00973174377983493,2.5,3.9628056733104815,2.3218630478935602,2.3989930668174275,False
haxs.stage5c2gR32.batch-statistics.v1,limit_hopping_zero_chain6,chain6_hole_2,507,540099327,0.8909090909090909,Sy,-0.04707119602128368,0.03914704199225723,2.5,3.9628056733104815,-0.20220331612152428,0.10806092407895693,False
haxs.stage5c2gR32.batch-statistics.v1,limit_hopping_zero_chain6,chain6_hole_2,507,540099327,0.8909090909090909,Sz,-0.036132812500401554,0.03413580197398563,2.5,3.9628056733104815,-0.17140636222591493,0.09914073722511184,False
haxs.stage5c2gR32.batch-statistics.v1,limit_hopping_zero_chain6,chain6_hole_2,507,540099327,0.9227272727272726,Sx,2.3523611040043657,0.010007626427150354,2.5,3.9628056733104815,2.312702825222482,2.3920193827862493,False
haxs.stage5c2gR32.batch-statistics.v1,limit_hopping_zero_chain6,chain6_hole_2,507,540099327,0.9227272727272726,Sy,-0.046709115310945654,0.03931397850758862,2.5,3.9628056733104815,-0.2025027723812242,0.10908454175933288,False
haxs.stage5c2gR32.batch-statistics.v1,limit_hopping_zero_chain6,chain6_hole_2,507,540099327,0.9227272727272726,Sz,-0.03613281250040574,0.034135801973985254,2.5,3.9628056733104815,-0.17140636222591762,0.09914073722510616,False
haxs.stage5c2gR32.batch-statistics.v1,limit_hopping_zero_chain6,chain6_hole_2,507,540099327,0.9545454545454545,Sx,2.3441581230665585,0.010279672451389003,2.5,3.9628056733104815,2.303421778756421,2.384894467376696,False
haxs.stage5c2gR32.batch-statistics.v1,limit_hopping_zero_chain6,chain6_hole_2,507,540099327,0.9545454545454545,Sy,-0.04635461131690812,0.039481491598837425,2.5,3.9628056733104815,-0.2028120902155412,0.11010286758172494,False
haxs.stage5c2gR32.batch-statistics.v1,limit_hopping_zero_chain6,chain6_hole_2,507,540099327,0.9545454545454545,Sz,-0.03613281250040895,0.0341358019739846,2.5,3.9628056733104815,-0.17140636222591826,0.09914073722510036,False
haxs.stage5c2gR32.batch-statistics.v1,limit_hopping_zero_chain6,chain6_hole_2,507,540099327,0.9863636363636362,Sx,2.3358275539033806,0.010548221719236169,2.5,3.9628056733104815,2.2940270010310546,2.3776281067757066,False
haxs.stage5c2gR32.batch-statistics.v1,limit_hopping_zero_chain6,chain6_hole_2,507,540099327,0.9863636363636362,Sy,-0.046007186061067955,0.039649431681733335,2.5,3.9628056733104815,-0.20313017887297716,0.11111580675084123,False
haxs.stage5c2gR32.batch-statistics.v1,limit_hopping_zero_chain6,chain6_hole_2,507,540099327,0.9863636363636362,Sz,-0.036132812500411365,0.03413580197398366,2.5,3.9628056733104815,-0.17140636222591693,0.0991407372250942,False
haxs.stage5c2gR32.batch-statistics.v1,limit_hopping_zero_chain6,chain6_hole_2,507,540099327,1.018181818181818,Sx,2.327377662928686,0.010813620319416302,2.5,3.9628056733104815,2.2845253869778777,2.3702299388794943,False
haxs.stage5c2gR32.batch-statistics.v1,limit_hopping_zero_chain6,chain6_hole_2,507,540099327,1.018181818181818,Sy,-0.04566627437884337,0.039817669944596706,2.5,3.9628056733104815,-0.20345596273329544,0.11212341397560868,False
haxs.stage5c2gR32.batch-statistics.v1,limit_hopping_zero_chain6,chain6_hole_2,507,540099327,1.018181818181818,Sz,-0.036132812500412795,0.03413580197398235,2.5,3.9628056733104815,-0.1714063622259132,0.09914073722508761,False
haxs.stage5c2gR32.batch-statistics.v1,limit_hopping_zero_chain6,chain6_hole_2,507,540099327,1.0499999999999998,Sx,2.31881647469436,0.011076215516897754,2.5,3.9628056733104815,2.2749235850051877,2.362709364383532,False
haxs.stage5c2gR32.batch-statistics.v1,limit_hopping_zero_chain6,chain6_hole_2,507,540099327,1.0499999999999998,Sy,-0.045331248465739174,0.0399860958056147,2.5,3.9628056733104815,-0.20378837577776554,0.1131258788462872,False
haxs.stage5c2gR32.batch-statistics.v1,limit_hopping_zero_chain6,chain6_hole_2,507,540099327,1.0499999999999998,Sz,-0.036132812500413336,0.03413580197398072,2.5,3.9628056733104815,-0.17140636222590727,0.0991407372250806,False
haxs.stage5c2gR32.batch-statistics.v1,limit_hopping_zero_chain6,chain6_hole_2,507,540099327,1.0818181818181818,Sx,2.3101517036933297,0.011336351081560019,2.5,3.9628056733104815,2.265227947312684,2.355075460073975,False
haxs.stage5c2gR32.batch-statistics.v1,limit_hopping_zero_chain6,chain6_hole_2,507,540099327,1.0818181818181818,Sy,-0.04500142373546011,0.040154613940404635,2.5,3.9628056733104815,-0.20412635566808773,0.11412350819716753,False
haxs.stage5c2gR32.batch-statistics.v1,limit_hopping_zero_chain6,chain6_hole_2,507,540099327,1.0818181818181818,Sz,-0.03613281250041275,0.03413580197397894,2.5,3.9628056733104815,-0.17140636222589964,0.09914073722507413,False
haxs.stage5c2gR32.batch-statistics.v1,limit_hopping_zero_chain6,chain6_hole_2,507,540099327,1.1136363636363635,Sx,2.3013906887378526,0.011594363147854687,2.5,3.9628056733104815,2.255444480677112,2.347336896798593,False
haxs.stage5c2gR32.batch-statistics.v1,limit_hopping_zero_chain6,chain6_hole_2,507,540099327,1.1136363636363635,Sy,-0.0446760658488216,0.04032314098092061,2.5,3.9628056733104815,-0.20446883769371216,0.11511670599606898,False
haxs.stage5c2gR32.batch-statistics.v1,limit_hopping_zero_chain6,chain6_hole_2,507,540099327,1.1136363636363635,Sz,-0.0361328125004112,0.034135801973976906,2.5,3.9628056733104815,-0.17140636222589,0.09914073722506761,False
haxs.stage5c2gR32.batch-statistics.v1,limit_hopping_zero_chain6,chain6_hole_2,507,540099327,1.1454545454545453,Sx,2.292540331721686,0.011850576736927312,2.5,3.9628056733104815,2.245578798996589,2.339501864446783,False
haxs.stage5c2gR32.batch-statistics.v1,limit_hopping_zero_chain6,chain6_hole_2,507,540099327,1.1454545454545453,Sy,-0.04435439874189291,0.040491601994890956,2.5,3.9628056733104815,-0.2048147488486768,0.11610595136489098,False
haxs.stage5c2gR32.batch-statistics.v1,limit_hopping_zero_chain6,chain6_hole_2,507,540099327,1.1454545454545453,Sz,-0.0361328125004088,0.03413580197397465,2.5,3.9628056733104815,-0.17140636222587868,0.09914073722506107,False
haxs.stage5c2gR32.batch-statistics.v1,limit_hopping_zero_chain6,chain6_hole_2,507,540099327,1.1772727272727272,Sx,2.283607042449311,0.012105303038496378,2.5,3.9628056733104815,2.235636078891215,2.3315780060074074,False
haxs.stage5c2gR32.batch-statistics.v1,limit_hopping_zero_chain6,chain6_hole_2,507,540099327,1.1772727272727272,Sy,-0.04403561345991461,0.04065992685839568,2.5,3.9628056733104815,-0.20516300229075424,0.11709177537092502,False
haxs.stage5c2gR32.batch-statistics.v1,limit_hopping_zero_chain6,chain6_hole_2,507,540099327,1.1772727272727272,Sz,-0.036132812500404995,0.034135801973972216,2.5,3.9628056733104815,-0.17140636222586525,0.09914073722505524,False
haxs.stage5c2gR32.batch-statistics.v1,limit_hopping_zero_chain6,chain6_hole_2,507,540099327,1.209090909090909,Sx,2.2745966910196738,0.012358837508655131,2.5,3.9628056733104815,2.2256210196248527,2.323572362414495,False
haxs.stage5c2gR32.batch-statistics.v1,limit_hopping_zero_chain6,chain6_hole_2,507,540099327,1.209090909090909,Sy,-0.04371887759112114,0.04082804663312524,2.5,3.9628056733104815,-0.20551249241905475,0.11807473723681247,False
haxs.stage5c2gR32.batch-statistics.v1,limit_hopping_zero_chain6,chain6_hole_2,507,540099327,1.209090909090909,Sz,-0.03613281250040032,0.03413580197396979,2.5,3.9628056733104815,-0.17140636222585093,0.09914073722505029,False
haxs.stage5c2gR32.batch-statistics.v1,limit_hopping_zero_chain6,chain6_hole_2,507,540099327,1.2409090909090907,Sx,2.265514568996729,0.012611458794513484,2.5,3.9628056733104815,2.2155378085371096,2.315491329456348,False
haxs.stage5c2gR32.batch-statistics.v1,limit_hopping_zero_chain6,chain6_hole_2,507,540099327,1.2409090909090907,Sy,-0.04340334509161527,0.04099589005478161,2.5,3.9628056733104815,-0.20586209078311657,0.11905540059988605,False
haxs.stage5c2gR32.batch-statistics.v1,limit_hopping_zero_chain6,chain6_hole_2,507,540099327,1.2409090909090907,Sz,-0.03613281250039453,0.034135801973967234,2.5,3.9628056733104815,-0.171406362225835,0.09914073722504595,False
haxs.stage5c2gR32.batch-statistics.v1,limit_hopping_zero_chain6,chain6_hole_2,507,540099327,1.2727272727272725,Sx,2.2563653602985116,0.01286342845050011,2.5,3.9628056733104815,2.2053900930566464,2.307340627540377,False
haxs.stage5c2gR32.batch-statistics.v1,limit_hopping_zero_chain6,chain6_hole_2,507,540099327,1.2727272727272725,Sy,-0.043088166298289474,0.04116338023066754,2.5,3.9628056733104815,-0.20621064300901532,0.12003431041243638,False
haxs.stage5c2gR32.batch-statistics.v1,limit_hopping_zero_chain6,chain6_hole_2,507,540099327,1.2727272727272725,Sz,-0.03613281250038769,0.034135801973964805,2.5,3.9628056733104815,-0.17140636222581856,0.09914073722504319,False
haxs.stage5c2gR32.batch-statistics.v1,limit_hopping_zero_chain6,chain6_hole_2,507,540099327,1.3045454545454545,Sx,2.2471531224067767,0.013114991367586653,2.5,3.9628056733104815,2.1951809602098864,2.299125284603667,False
haxs.stage5c2gR32.batch-statistics.v1,limit_hopping_zero_chain6,chain6_hole_2,507,540099327,1.3045454545454545,Sy,-0.042772497940397794,0.04133043163356969,2.5,3.9628056733104815,-0.20655696689827874,0.12101197101748316,False
haxs.stage5c2gR32.batch-statistics.v1,limit_hopping_zero_chain6,chain6_hole_2,507,540099327,1.3045454545454545,Sz,-0.03613281250037986,0.034135801973962286,2.5,3.9628056733104815,-0.17140636222580075,0.09914073722504102,False
haxs.stage5c2gR32.batch-statistics.v1,limit_hopping_zero_chain6,chain6_hole_2,507,540099327,1.3363636363636362,Sx,2.237881278159148,0.013366376798848022,2.5,3.9628056733104815,2.1849129243490673,2.2908496319692286,False
haxs.stage5c2gR32.batch-statistics.v1,limit_hopping_zero_chain6,chain6_hole_2,507,540099327,1.3363636363636362,Sy,-0.042455512980344556,0.04149694746641546,2.5,3.9628056733104815,-0.20689985182532275,0.12198882586463364,False
haxs.stage5c2gR32.batch-statistics.v1,limit_hopping_zero_chain6,chain6_hole_2,507,540099327,1.3363636363636362,Sz,-0.036132812500371474,0.034135801973959955,2.5,3.9628056733104815,-0.17140636222578312,0.09914073722504016,False
haxs.stage5c2gR32.batch-statistics.v1,limit_hopping_zero_chain6,chain6_hole_2,507,540099327,1.368181818181818,Sx,2.22855261805125,0.013617799835316993,2.5,3.9628056733104815,2.174587923605849,2.2825173124966507,False
haxs.stage5c2gR32.batch-statistics.v1,limit_hopping_zero_chain6,chain6_hole_2,507,540099327,1.368181818181818,Sy,-0.04213641013887925,0.0416628174586994,2.5,3.9628056733104815,-0.2072380595303122,0.1229652392525537,False
haxs.stage5c2gR32.batch-statistics.v1,limit_hopping_zero_chain6,chain6_hole_2,507,540099327,1.368181818181818,Sz,-0.03613281250036225,0.03413580197395772,2.5,3.9628056733104815,-0.17140636222576505,0.09914073722504053,False
haxs.stage5c2gR32.batch-statistics.v1,limit_hopping_zero_chain6,chain6_hole_2,507,540099327,1.4,Sx,2.2191693126657506,0.013869463166986288,2.5,3.9628056733104815,2.1642073253418466,2.2741312999896546,False
haxs.stage5c2gR32.batch-statistics.v1,limit_hopping_zero_chain6,chain6_hole_2,507,540099327,1.4,Sy,-0.04181442298741734,0.04182791614204836,2.5,3.9628056733104815,-0.20757032637788164,0.12394148040304698,False
haxs.stage5c2gR32.batch-statistics.v1,limit_hopping_zero_chain6,chain6_hole_2,507,540099327,1.4,Sz,-0.03613281250035257,0.03413580197395572,2.5,3.9628056733104815,-0.17140636222574746,0.0991407372250423,False
haxs.stage5c2gR32.batch-statistics.v1,limit_hopping_zero_chain6,chain6_hole_2,508,2965677989,0.0,Sx,2.5,0.0,2.5,3.9628056733104815,2.5,2.5,False
haxs.stage5c2gR32.batch-statistics.v1,limit_hopping_zero_chain6,chain6_hole_2,508,2965677989,0.0,Sy,-0.025390625,0.035622977432762166,2.5,3.9628056733104815,-0.16655756207076117,0.11577631207076117,False
haxs.stage5c2gR32.batch-statistics.v1,limit_hopping_zero_chain6,chain6_hole_2,508,2965677989,0.0,Sz,-0.005859375,0.034349092195109926,2.5,3.9628056733104815,-0.1419781524238464,0.1302594024238464,False
haxs.stage5c2gR32.batch-statistics.v1,limit_hopping_zero_chain6,chain6_hole_2,508,2965677989,0.031818181818181815,Sx,2.5008926650959444,0.0003908057080325249,2.5,3.9628056733104815,2.499343978018991,2.5024413521728976,False
haxs.stage5c2gR32.batch-statistics.v1,limit_hopping_zero_chain6,chain6_hole_2,508,2965677989,0.031818181818181815,Sy,-0.025102836070859186,0.035591377133959656,2.5,3.9628056733104815,-0.16614454729824746,0.11593887515652908,False
haxs.stage5c2gR32.batch-statistics.v1,limit_hopping_zero_chain6,chain6_hole_2,508,2965677989,0.031818181818181815,Sz,-0.00585937500002804,0.03434909219511168,2.5,3.9628056733104815,-0.1419781524238814,0.13025940242382533,False
haxs.stage5c2gR32.batch-statistics.v1,limit_hopping_zero_chain6,chain6_hole_2,508,2965677989,0.06363636363636363,Sx,2.5014681908577834,0.0007820040891421661,2.5,3.9628056733104815,2.4983692606167787,2.504567121098788,False
haxs.stage5c2gR32.batch-statistics.v1,limit_hopping_zero_chain6,chain6_hole_2,508,2965677989,0.06363636363636363,Sy,-0.024825440815977907,0.03556794902156703,2.5,3.9628056733104815,-0.1657743109866617,0.1161234293547059,False
haxs.stage5c2gR32.batch-statistics.v1,limit_hopping_zero_chain6,chain6_hole_2,508,2965677989,0.06363636363636363,Sz,-0.0058593750000534225,0.03434909219511392,2.5,3.9628056733104815,-0.14197815242391568,0.13025940242380882,False
haxs.stage5c2gR32.batch-statistics.v1,limit_hopping_zero_chain6,chain6_hole_2,508,2965677989,0.09545454545454544,Sx,2.5017237582805216,0.0011731122288375466,2.5,3.9628056733104815,2.4970749424846543,2.506372574076389,False
haxs.stage5c2gR32.batch-statistics.v1,limit_hopping_zero_chain6,chain6_hole_2,508,2965677989,0.09545454545454544,Sy,-0.024558783116751425,0.035552683249030166,2.5,3.9628056733104815,-0.1654471579974187,0.11632959176391584,False
haxs.stage5c2gR32.batch-statistics.v1,limit_hopping_zero_chain6,chain6_hole_2,508,2965677989,0.09545454545454544,Sz,-0.005859375000076004,0.0343490921951166,2.5,3.9628056733104815,-0.14197815242394884,0.13025940242379686,False
haxs.stage5c2gR32.batch-statistics.v1,limit_hopping_zero_chain6,chain6_hole_2,508,2965677989,0.12727272727272726,Sx,2.5016567545156083,0.0015636470187610693,2.5,3.9628056733104815,2.4954603252386067,2.50785318379261,False
haxs.stage5c2gR32.batch-statistics.v1,limit_hopping_zero_chain6,chain6_hole_2,508,2965677989,0.12727272727272726,Sy,-0.02430315220536863,0.03554553839866016,2.5,3.9628056733104815,-0.1651632134324547,0.11655690902171742,False
haxs.stage5c2gR32.batch-statistics.v1,limit_hopping_zero_chain6,chain6_hole_2,508,2965677989,0.12727272727272726,Sz,-0.005859375000095441,0.03434909219511976,2.5,3.9628056733104815,-0.14197815242398082,0.13025940242378992,False
haxs.stage5c2gR32.batch-statistics.v1,limit_hopping_zero_chain6,chain6_hole_2,508,2965677989,0.15909090909090906,Sx,2.5012648022412183,0.0019531285995643102,2.5,3.9628056733104815,2.4935249331461597,2.509004671336277,False
haxs.stage5c2gR32.batch-statistics.v1,limit_hopping_zero_chain6,chain6_hole_2,508,2965677989,0.15909090909090906,Sy,-0.024058781815933836,0.03554644173697362,2.5,3.9628056733104815,-0.16492242279721336,0.1168048591653457,False
haxs.stage5c2gR32.batch-statistics.v1,limit_hopping_zero_chain6,chain6_hole_2,508,2965677989,0.15909090909090906,Sz,-0.005859375000111624,0.034349092195123374,2.5,3.9628056733104815,-0.14197815242401132,0.13025940242378806,False
haxs.stage5c2gR32.batch-statistics.v1,limit_hopping_zero_chain6,chain6_hole_2,508,2965677989,0.1909090909090909,Sx,2.5005457938629463,0.0023410838969611944,2.5,3.9628056733104815,2.4912685333143725,2.50982305441152,False
haxs.stage5c2gR32.batch-statistics.v1,limit_hopping_zero_chain6,chain6_hole_2,508,2965677989,0.1909090909090909,Sy,-0.023825850100108827,0.03555528965974664,2.5,3.9628056733104815,-0.16472455367995031,0.11707285347973267,False
haxs.stage5c2gR32.batch-statistics.v1,limit_hopping_zero_chain6,chain6_hole_2,508,2965677989,0.1909090909090909,Sz,-0.005859375000124544,0.03434909219512727,2.5,3.9628056733104815,-0.1419781524240397,0.1302594024237906,False
haxs.stage5c2gR32.batch-statistics.v1,limit_hopping_zero_chain6,chain6_hole_2,508,2965677989,0.22272727272727272,Sx,2.4994979301324087,0.0027270502464737806,2.5,3.9628056733104815,2.48869115994428,2.5103047003205377,False
haxs.stage5c2gR32.batch-statistics.v1,limit_hopping_zero_chain6,chain6_hole_2,508,2965677989,0.22272727272727272,Sy,-0.023604480279563533,0.03557194834496529,2.5,3.9628056733104815,-0.16456919899169936,0.1173602384325723,False
haxs.stage5c2gR32.batch-statistics.v1,limit_hopping_zero_chain6,chain6_hole_2,508,2965677989,0.22272727272727272,Sz,-0.005859375000134134,0.03434909219513148,2.5,3.9628056733104815,-0.14197815242406595,0.13025940242379766,False
haxs.stage5c2gR32.batch-statistics.v1,limit_hopping_zero_chain6,chain6_hole_2,508,2965677989,0.2545454545454545,Sx,2.498119762652595,0.003110579087892326,2.5,3.9628056733104815,2.4857931421958144,2.5104463831093753,False
haxs.stage5c2gR32.batch-statistics.v1,limit_hopping_zero_chain6,chain6_hole_2,508,2965677989,0.2545454545454545,Sy,-0.023394742000388605,0.03559625463509048,2.5,3.9628056733104815,-0.16445578181692969,0.11766629781615248,False
haxs.stage5c2gR32.batch-statistics.v1,limit_hopping_zero_chain6,chain6_hole_2,508,2965677989,0.2545454545454545,Sz,-0.005859375000140498,0.034349092195135905,2.5,3.9628056733104815,-0.14197815242408984,0.13025940242380885,False
haxs.stage5c2gR32.batch-statistics.v1,limit_hopping_zero_chain6,chain6_hole_2,508,2965677989,0.2863636363636363,Sx,2.496410239613369,0.0034912396953052805,2.5,3.9628056733104815,2.4825751351419267,2.5102453440848116,False
haxs.stage5c2gR32.batch-statistics.v1,limit_hopping_zero_chain6,chain6_hole_2,508,2965677989,0.2863636363636363,Sy,-0.02319665334825717,0.03562801717165036,2.5,3.9628056733104815,-0.16438356192487646,0.11799025522836214,False
haxs.stage5c2gR32.batch-statistics.v1,limit_hopping_zero_chain6,chain6_hole_2,508,2965677989,0.2863636363636363,Sz,-0.005859375000143802,0.03434909219514052,2.5,3.9628056733104815,-0.14197815242411144,0.13025940242382383,False
haxs.stage5c2gR32.batch-statistics.v1,limit_hopping_zero_chain6,chain6_hole_2,508,2965677989,0.3181818181818181,Sx,2.4943687539697086,0.0038686228941966633,2.5,3.9628056733104815,2.4790381532166874,2.5096993547227298,False
haxs.stage5c2gR32.batch-statistics.v1,limit_hopping_zero_chain6,chain6_hole_2,508,2965677989,0.3181818181818181,Sy,-0.023010183477395127,0.035667017804835395,2.5,3.9628056733104815,-0.16435164398446278,0.11833127702967254,False
haxs.stage5c2gR32.batch-statistics.v1,limit_hopping_zero_chain6,chain6_hole_2,508,2965677989,0.3181818181818181,Sz,-0.005859375000144297,0.03434909219514533,2.5,3.9628056733104815,-0.14197815242413098,0.13025940242384237,False
haxs.stage5c2gR32.batch-statistics.v1,limit_hopping_zero_chain6,chain6_hole_2,508,2965677989,0.35,Sx,2.4919951931446045,0.004242344704897688,2.5,3.9628056733104815,2.4751836054798972,2.5088067808093117,False
haxs.stage5c2gR32.batch-statistics.v1,limit_hopping_zero_chain6,chain6_hole_2,508,2965677989,0.35,Sy,-0.02283525580110471,0.03571301329827573,2.5,3.9628056733104815,-0.16435898751052444,0.11868847590831502,False
haxs.stage5c2gR32.batch-statistics.v1,limit_hopping_zero_chain6,chain6_hole_2,508,2965677989,0.35,Sz,-0.005859375000142328,0.03434909219515011,2.5,3.9628056733104815,-0.14197815242414796,0.1302594024238633,False
haxs.stage5c2gR32.batch-statistics.v1,limit_hopping_zero_chain6,chain6_hole_2,508,2965677989,0.3818181818181818,Sx,2.4892899892135016,0.004612049842669276,2.5,3.9628056733104815,2.471013331931381,2.507566646495622,False
haxs.stage5c2gR32.batch-statistics.v1,limit_hopping_zero_chain6,chain6_hole_2,508,2965677989,0.3818181818181818,Sy,-0.022671751686468497,0.035765737344392805,2.5,3.9628056733104815,-0.16440441854496085,0.11906091517202387,False
haxs.stage5c2gR32.batch-statistics.v1,limit_hopping_zero_chain6,chain6_hole_2,508,2965677989,0.3818181818181818,Sz,-0.0058593750001381855,0.03434909219515495,2.5,3.9628056733104815,-0.14197815242416303,0.13025940242388664,False
haxs.stage5c2gR32.batch-statistics.v1,limit_hopping_zero_chain6,chain6_hole_2,508,2965677989,0.4136363636363636,Sx,2.486254168413109,0.004977414999550741,2.5,3.9628056733104815,2.4665296400144685,2.5059786968117495,False
haxs.stage5c2gR32.batch-statistics.v1,limit_hopping_zero_chain6,chain6_hole_2,508,2965677989,0.4136363636363636,Sy,-0.02251951459067119,0.03582490289861992,2.5,3.9628056733104815,-0.16448664304311933,0.11944761386177694,False
haxs.stage5c2gR32.batch-statistics.v1,limit_hopping_zero_chain6,chain6_hole_2,508,2965677989,0.4136363636363636,Sz,-0.005859375000132401,0.0343490921951597,2.5,3.9628056733104815,-0.14197815242417602,0.13025940242391124,False
haxs.stage5c2gR32.batch-statistics.v1,limit_hopping_zero_chain6,chain6_hole_2,508,2965677989,0.44545454545454544,Sx,2.482889398723135,0.005338151832069363,2.5,3.9628056733104815,2.4617353403580178,2.5040434570882524,False
haxs.stage5c2gR32.batch-statistics.v1,limit_hopping_zero_chain6,chain6_hole_2,508,2965677989,0.44545454545454544,Sy,-0.022378354570878133,0.0358902048314833,2.5,3.9628056733104815,-0.16460426189335542,0.11984755275159914,False
haxs.stage5c2gR32.batch-statistics.v1,limit_hopping_zero_chain6,chain6_hole_2,508,2965677989,0.44545454545454544,Sz,-0.005859375000125435,0.03434909219516434,2.5,3.9628056733104815,-0.14197815242418746,0.1302594024239366,False
haxs.stage5c2gR32.batch-statistics.v1,limit_hopping_zero_chain6,chain6_hole_2,508,2965677989,0.47727272727272724,Sx,2.4791980342002216,0.0056940095817720185,2.5,3.9628056733104815,2.4566337807256913,2.501762287674752,False
haxs.stage5c2gR32.batch-statistics.v1,limit_hopping_zero_chain6,chain6_hole_2,508,2965677989,0.47727272727272724,Sy,-0.022248053093599267,0.035961322886292245,2.5,3.9628056733104815,-0.16475578744714822,0.1202596812599497,False
haxs.stage5c2gR32.batch-statistics.v1,limit_hopping_zero_chain6,chain6_hole_2,508,2965677989,0.47727272727272724,Sz,-0.005859375000117833,0.034349092195168754,2.5,3.9628056733104815,-0.14197815242419734,0.1302594024239617,False
haxs.stage5c2gR32.batch-statistics.v1,limit_hopping_zero_chain6,chain6_hole_2,508,2965677989,0.509090909090909,Sx,2.4751831547056464,0.006044777261768678,2.5,3.9628056733104815,2.4512288770788113,2.4991374323324815,False
haxs.stage5c2gR32.batch-statistics.v1,limit_hopping_zero_chain6,chain6_hole_2,508,2965677989,0.509090909090909,Sy,-0.022128368062844857,0.03603792491741751,2.5,3.9628056733104815,-0.1649396613799241,0.12068292525423441,False
haxs.stage5c2gR32.batch-statistics.v1,limit_hopping_zero_chain6,chain6_hole_2,508,2965677989,0.509090909090909,Sz,-0.005859375000110139,0.034349092195173056,2.5,3.9628056733104815,-0.1419781524242067,0.13025940242398643,False
haxs.stage5c2gR32.batch-statistics.v1,limit_hopping_zero_chain6,chain6_hole_2,508,2965677989,0.5409090909090909,Sx,2.4708485996674527,0.006390285351282111,2.5,3.9628056733104815,2.445525140623319,2.4961720587115863,False
haxs.stage5c2gR32.batch-statistics.v1,limit_hopping_zero_chain6,chain6_hole_2,508,2965677989,0.5409090909090909,Sy,-0.02201903897915846,0.03611967037040766,2.5,3.9628056733104815,-0.16515427364111446,0.12111619568279752,False
haxs.stage5c2gR32.batch-statistics.v1,limit_hopping_zero_chain6,chain6_hole_2,508,2965677989,0.5409090909090909,Sz,-0.005859375000102956,0.03434909219517704,2.5,3.9628056733104815,-0.1419781524242153,0.1302594024240094,False
haxs.stage5c2gR32.batch-statistics.v1,limit_hopping_zero_chain6,chain6_hole_2,508,2965677989,0.5727272727272726,Sx,2.4661989945568674,0.006730406950713953,2.5,3.9628056733104815,2.43952769970889,2.492870289404845,False
haxs.stage5c2gR32.batch-statistics.v1,limit_hopping_zero_chain6,chain6_hole_2,508,2965677989,0.5727272727272726,Sy,-0.02191979213398841,0.036206213951222976,2.5,3.9628056733104815,-0.16539798218898794,0.1215583979210111,False
haxs.stage5c2gR32.batch-statistics.v1,limit_hopping_zero_chain6,chain6_hole_2,508,2965677989,0.5727272727272726,Sz,-0.005859375000096795,0.034349092195180696,2.5,3.9628056733104815,-0.14197815242422362,0.13025940242403006,False
haxs.stage5c2gR32.batch-statistics.v1,limit_hopping_zero_chain6,chain6_hole_2,508,2965677989,0.6045454545454545,Sx,2.4612397688407355,0.0070650583611637065,2.5,3.9628056733104815,2.433242315484846,2.489237222196625,False
haxs.stage5c2gR32.batch-statistics.v1,limit_hopping_zero_chain6,chain6_hole_2,508,2965677989,0.6045454545454545,Sy,-0.021830345736196747,0.03629720941845861,2.5,3.9628056733104815,-0.16566913314500317,0.12200844167260969,False
haxs.stage5c2gR32.batch-statistics.v1,limit_hopping_zero_chain6,chain6_hole_2,508,2965677989,0.6045454545454545,Sz,-0.0058593750000922205,0.03434909219518404,2.5,3.9628056733104815,-0.14197815242423234,0.13025940242404788,False
haxs.stage5c2gR32.batch-statistics.v1,limit_hopping_zero_chain6,chain6_hole_2,508,2965677989,0.6363636363636362,Sx,2.4559771642965744,0.00739419906408465,2.5,3.9628056733104815,2.426675390295833,2.485278938297316,False
haxs.stage5c2gR32.batch-statistics.v1,limit_hopping_zero_chain6,chain6_hole_2,508,2965677989,0.6363636363636362,Sy,-0.021750414860358985,0.036392313420475164,2.5,3.9628056733104815,-0.16596608094791113,0.12246525122719316,False
haxs.stage5c2gR32.batch-statistics.v1,limit_hopping_zero_chain6,chain6_hole_2,508,2965677989,0.6363636363636362,Sz,-0.005859375000089682,0.03434909219518689,2.5,3.9628056733104815,-0.14197815242424108,0.13025940242406173,False
haxs.stage5c2gR32.batch-statistics.v1,limit_hopping_zero_chain6,chain6_hole_2,508,2965677989,0.6681818181818181,Sx,2.4504182327444823,0.007717831088533877,2.5,3.9628056733104815,2.419833967921188,2.4810024975677765,False
haxs.stage5c2gR32.batch-statistics.v1,limit_hopping_zero_chain6,chain6_hole_2,508,2965677989,0.6681818181818181,Sy,-0.02167971610060305,0.03649118928973428,2.5,3.9628056733104815,-0.16628720804380873,0.12292777584260264,False
haxs.stage5c2gR32.batch-statistics.v1,limit_hopping_zero_chain6,chain6_hole_2,508,2965677989,0.6681818181818181,Sz,-0.005859375000089596,0.034349092195189404,2.5,3.9628056733104815,-0.14197815242425094,0.13025940242407175,False
haxs.stage5c2gR32.batch-statistics.v1,limit_hopping_zero_chain6,chain6_hole_2,508,2965677989,0.7,Sx,2.444570822458313,0.008035997765293047,2.5,3.9628056733104815,2.4127257249232996,2.4764159199933267,False
haxs.stage5c2gR32.batch-statistics.v1,limit_hopping_zero_chain6,chain6_hole_2,508,2965677989,0.7,Sy,-0.021617971809896747,0.03659351070016043,2.5,3.9628056733104815,-0.16663094361884032,0.12339499999904682,False
haxs.stage5c2gR32.batch-statistics.v1,limit_hopping_zero_chain6,chain6_hole_2,508,2965677989,0.7,Sz,-0.005859375000092305,0.034349092195191326,2.5,3.9628056733104815,-0.1419781524242613,0.13025940242407666,False
haxs.stage5c2gR32.batch-statistics.v1,limit_hopping_zero_chain6,chain6_hole_2,508,2965677989,0.7318181818181817,Sx,2.4384435527628345,0.008348781879300242,2.5,3.9628056733104815,2.4053589525663117,2.4715281529593573,False
haxs.stage5c2gR32.batch-statistics.v1,limit_hopping_zero_chain6,chain6_hole_2,508,2965677989,0.7318181818181817,Sy,-0.021564913803805243,0.03669896509071652,2.5,3.9628056733104815,-0.16699578086991995,0.12386595326230948,False
haxs.stage5c2gR32.batch-statistics.v1,limit_hopping_zero_chain6,chain6_hole_2,508,2965677989,0.7318181818181817,Sz,-0.0058593750000980336,0.034349092195192894,2.5,3.9628056733104815,-0.14197815242427322,0.13025940242407716,False
haxs.stage5c2gR32.batch-statistics.v1,limit_hopping_zero_chain6,chain6_hole_2,508,2965677989,0.7636363636363636,Sx,2.4320457766004178,0.008656303244788293,2.5,3.9628056733104815,2.3977425289920746,2.466349024208761,False
haxs.stage5c2gR32.batch-statistics.v1,limit_hopping_zero_chain6,chain6_hole_2,508,2965677989,0.7636363636363636,Sy,-0.021520286410649618,0.03680725676004218,2.5,3.9628056733104815,-0.16738029231834034,0.12433971949704109,False
haxs.stage5c2gR32.batch-statistics.v1,limit_hopping_zero_chain6,chain6_hole_2,508,2965677989,0.7636363636363636,Sz,-0.005859375000106913,0.03434909219519394,2.5,3.9628056733104815,-0.14197815242428624,0.1302594024240724,False
haxs.stage5c2gR32.batch-statistics.v1,limit_hopping_zero_chain6,chain6_hole_2,508,2965677989,0.7954545454545454,Sx,2.4253875311518973,0.00895871574171553,2.5,3.9628056733104815,2.389885881585051,2.4608891807187434,False
haxs.stage5c2gR32.batch-statistics.v1,limit_hopping_zero_chain6,chain6_hole_2,508,2965677989,0.7954545454545454,Sy,-0.02148384875740908,0.03691810954319321,2.5,3.9628056733104815,-0.16778314270307296,0.1248154451882548,False
haxs.stage5c2gR32.batch-statistics.v1,limit_hopping_zero_chain6,chain6_hole_2,508,2965677989,0.7954545454545454,Sz,-0.005859375000118935,0.034349092195194386,2.5,3.9628056733104815,-0.14197815242430004,0.13025940242406217,False
haxs.stage5c2gR32.batch-statistics.v1,limit_hopping_zero_chain6,chain6_hole_2,508,2965677989,0.8272727272727272,Sx,2.4184794769145443,0.009256203867755742,2.5,3.9628056733104815,2.3817989397140833,2.4551600141150054,False
haxs.stage5c2gR32.batch-statistics.v1,limit_hopping_zero_chain6,chain6_hole_2,508,2965677989,0.8272727272727272,Sy,-0.021455376193126773,0.03703126899212901,2.5,3.9628056733104815,-0.16820309904502212,0.1252923466587686,False
haxs.stage5c2gR32.batch-statistics.v1,limit_hopping_zero_chain6,chain6_hole_2,508,2965677989,0.8272727272727272,Sz,-0.0058593750001340195,0.03434909219519438,2.5,3.9628056733104815,-0.1419781524243151,0.13025940242404704,False
haxs.stage5c2gR32.batch-statistics.v1,limit_hopping_zero_chain6,chain6_hole_2,508,2965677989,0.859090909090909,Sx,2.411332825964916,0.009548978877189748,2.5,3.9628056733104815,2.3734920782960662,2.4491735736337654,False
haxs.stage5c2gR32.batch-statistics.v1,limit_hopping_zero_chain6,chain6_hole_2,508,2965677989,0.859090909090909,Sy,-0.02143466076919258,0.037146503996231386,2.5,3.9628056733104815,-0.1686390375491088,0.12576971601072362,False
haxs.stage5c2gR32.batch-statistics.v1,limit_hopping_zero_chain6,chain6_hole_2,508,2965677989,0.859090909090909,Sz,-0.00585937500015196,0.03434909219519385,2.5,3.9628056733104815,-0.14197815242433093,0.130259402424027,False
haxs.stage5c2gR32.batch-statistics.v1,limit_hopping_zero_chain6,chain6_hole_2,508,2965677989,0.8909090909090909,Sx,2.403959260454929,0.009837274595952883,2.5,3.9628056733104815,2.364976052876174,2.442942468033684,False
haxs.stage5c2gR32.batch-statistics.v1,limit_hopping_zero_chain6,chain6_hole_2,508,2965677989,0.8909090909090909,Sy,-0.021421510718541176,0.03726360779708993,2.5,3.9628056733104815,-0.16908994710486586,0.1262469256677835,False
haxs.stage5c2gR32.batch-statistics.v1,limit_hopping_zero_chain6,chain6_hole_2,508,2965677989,0.8909090909090909,Sz,-0.005859375000172452,0.034349092195192776,2.5,3.9628056733104815,-0.14197815242434716,0.13025940242400227,False
haxs.stage5c2gR32.batch-statistics.v1,limit_hopping_zero_chain6,chain6_hole_2,508,2965677989,0.9227272727272726,Sx,2.396370842692318,0.010121343019789647,2.5,3.9628056733104815,2.356261927151974,2.436479758232662,False
haxs.stage5c2gR32.batch-statistics.v1,limit_hopping_zero_chain6,chain6_hole_2,508,2965677989,0.9227272727272726,Sy,-0.021415748903009797,0.037382398372112435,2.5,3.9628056733104815,-0.16955492925396945,0.12672343144794987,False
haxs.stage5c2gR32.batch-statistics.v1,limit_hopping_zero_chain6,chain6_hole_2,508,2965677989,0.9227272727272726,Sz,-0.005859375000195125,0.03434909219519126,2.5,3.9628056733104815,-0.14197815242436382,0.13025940242397357,False
haxs.stage5c2gR32.batch-statistics.v1,limit_hopping_zero_chain6,chain6_hole_2,508,2965677989,0.9545454545454545,Sx,2.3885799184297207,0.01040144981846036,2.5,3.9628056733104815,2.3473609940784717,2.42979884278097,False
haxs.stage5c2gR32.batch-statistics.v1,limit_hopping_zero_chain6,chain6_hole_2,508,2965677989,0.9545454545454545,Sy,-0.021417210228982027,0.037502718183074255,2.5,3.9628056733104815,-0.17003319460943284,0.1271987741514688,False
haxs.stage5c2gR32.batch-statistics.v1,limit_hopping_zero_chain6,chain6_hole_2,508,2965677989,0.9545454545454545,Sz,-0.005859375000219416,0.03434909219518925,2.5,3.9628056733104815,-0.14197815242438017,0.13025940242394135,False
haxs.stage5c2gR32.batch-statistics.v1,limit_hopping_zero_chain6,chain6_hole_2,508,2965677989,0.9863636363636362,Sx,2.380599015215145,0.01067786988145939,2.5,3.9628056733104815,2.3382846918700264,2.4229133385602633,False
haxs.stage5c2gR32.batch-statistics.v1,limit_hopping_zero_chain6,chain6_hole_2,508,2965677989,0.9863636363636362,Sy,-0.021425738064853837,0.037624433307309454,2.5,3.9628056733104815,-0.1705240558301516,0.1276725797004439,False
haxs.stage5c2gR32.batch-statistics.v1,limit_hopping_zero_chain6,chain6_hole_2,508,2965677989,0.9863636363636362,Sz,-0.005859375000244868,0.034349092195186844,2.5,3.9628056733104815,-0.14197815242439607,0.13025940242390635,False
haxs.stage5c2gR32.batch-statistics.v1,limit_hopping_zero_chain6,chain6_hole_2,508,2965677989,1.018181818181818,Sx,2.37244073782948,0.010950883047900354,2.5,3.9628056733104815,2.3290445163595006,2.415836959299459,False
haxs.stage5c2gR32.batch-statistics.v1,limit_hopping_zero_chain6,chain6_hole_2,508,2965677989,1.018181818181818,Sy,-0.02144117972843087,0.03774743198966082,2.5,3.9628056733104815,-0.1710269173699603,0.12814455791309856,False
haxs.stage5c2gR32.batch-statistics.v1,limit_hopping_zero_chain6,chain6_hole_2,508,2965677989,1.018181818181818,Sz,-0.005859375000270871,0.034349092195183964,2.5,3.9628056733104815,-0.14197815242441067,0.13025940242386894,False
haxs.stage5c2gR32.batch-statistics.v1,limit_hopping_zero_chain6,chain6_hole_2,508,2965677989,1.0499999999999998,Sx,2.3641176629427925,0.011220770163444508,2.5,3.9628056733104815,2.3196519312801818,2.408583394605403,False
haxs.stage5c2gR32.batch-statistics.v1,limit_hopping_zero_chain6,chain6_hole_2,508,2965677989,1.0499999999999998,Sy,-0.021463381146629674,0.037871622671485784,2.5,3.9628056733104815,-0.17154126232666742,0.12861450003340805,False
haxs.stage5c2gR32.batch-statistics.v1,limit_hopping_zero_chain6,chain6_hole_2,508,2965677989,1.0499999999999998,Sz,-0.0058593750002968095,0.034349092195180814,2.5,3.9628056733104815,-0.14197815242442413,0.1302594024238305,False
haxs.stage5c2gR32.batch-statistics.v1,limit_hopping_zero_chain6,chain6_hole_2,508,2965677989,1.0818181818181818,Sx,2.355642235152965,0.01148780959918528,2.5,3.9628056733104815,2.310118278099403,2.401166192206527,False
haxs.stage5c2gR32.batch-statistics.v1,limit_hopping_zero_chain6,chain6_hole_2,508,2965677989,1.0818181818181818,Sy,-0.02149218082235436,0.03799693156808324,2.5,3.9628056733104815,-0.17206663680874473,0.12908227516403603,False
haxs.stage5c2gR32.batch-statistics.v1,limit_hopping_zero_chain6,chain6_hole_2,508,2965677989,1.0818181818181818,Sz,-0.005859375000322144,0.03434909219517745,2.5,3.9628056733104815,-0.1419781524244361,0.13025940242379183,False
haxs.stage5c2gR32.batch-statistics.v1,limit_hopping_zero_chain6,chain6_hole_2,508,2965677989,1.1136363636363635,Sx,2.347026666523771,0.011752274350701563,2.5,3.9628056733104815,2.3004546870525093,2.3935986459950325,False
haxs.stage5c2gR32.batch-statistics.v1,limit_hopping_zero_chain6,chain6_hole_2,508,2965677989,1.1136363636363635,Sy,-0.02152740327280562,0.03812329987727167,2.5,3.9628056733104815,-0.17260263231177458,0.12954782576616336,False
haxs.stage5c2gR32.batch-statistics.v1,limit_hopping_zero_chain6,chain6_hole_2,508,2965677989,1.1136363636363635,Sz,-0.005859375000346308,0.034349092195173785,2.5,3.9628056733104815,-0.14197815242444575,0.13025940242375314,False
haxs.stage5c2gR32.batch-statistics.v1,limit_hopping_zero_chain6,chain6_hole_2,508,2965677989,1.1454545454545453,Sx,2.3382828416149333,0.012014429810294037,2.5,3.9628056733104815,2.2906719910011093,2.3858936922287572,False
haxs.stage5c2gR32.batch-statistics.v1,limit_hopping_zero_chain6,chain6_hole_2,508,2965677989,1.1454545454545453,Sy,-0.021568852128612464,0.038250680709212906,2.5,3.9628056733104815,-0.17314886665106916,0.13001116239384425,False
haxs.stage5c2gR32.batch-statistics.v1,limit_hopping_zero_chain6,chain6_hole_2,508,2965677989,1.1454545454545453,Sz,-0.005859375000368834,0.03434909219517002,2.5,3.9628056733104815,-0.14197815242445336,0.13025940242371567,False
haxs.stage5c2gR32.batch-statistics.v1,limit_hopping_zero_chain6,chain6_hole_2,508,2965677989,1.1772727272727272,Sx,2.329422229798539,0.012274532272792613,2.5,3.9628056733104815,2.280780643670684,2.378063815926394,False
haxs.stage5c2gR32.batch-statistics.v1,limit_hopping_zero_chain6,chain6_hole_2,508,2965677989,1.1772727272727272,Sy,-0.021616303103199824,0.03837903583095254,2.5,3.9628056733104815,-0.1737049640302848,0.13047235782388517,False
haxs.stage5c2gR32.batch-statistics.v1,limit_hopping_zero_chain6,chain6_hole_2,508,2965677989,1.1772727272727272,Sz,-0.005859375000389229,0.03434909219516617,2.5,3.9628056733104815,-0.1419781524244585,0.13025940242368006,False
haxs.stage5c2gR32.batch-statistics.v1,limit_hopping_zero_chain6,chain6_hole_2,508,2965677989,1.209090909090909,Sx,2.320455806393536,0.012532828197114484,2.5,3.9628056733104815,2.270790643711385,2.370120969075687,False
haxs.stage5c2gR32.batch-statistics.v1,limit_hopping_zero_chain6,chain6_hole_2,508,2965677989,1.209090909090909,Sy,-0.021669497056143256,0.038508332318821815,2.5,3.9628056733104815,-0.17427053483889574,0.1309315407266092,False
haxs.stage5c2gR32.batch-statistics.v1,limit_hopping_zero_chain6,chain6_hole_2,508,2965677989,1.209090909090909,Sz,-0.005859375000407163,0.034349092195162245,2.5,3.9628056733104815,-0.1419781524244609,0.13025940242364656,False
haxs.stage5c2gR32.batch-statistics.v1,limit_hopping_zero_chain6,chain6_hole_2,508,2965677989,1.2409090909090907,Sx,2.311393983835768,0.012789554204406257,2.5,3.9628056733104815,2.2607114658754353,2.362076501796101,False
haxs.stage5c2gR32.batch-statistics.v1,limit_hopping_zero_chain6,chain6_hole_2,508,2965677989,1.2409090909090907,Sy,-0.02172813338265531,0.038638539208329305,2.5,3.9628056733104815,-0.17484515576585216,0.13138888900054155,False
haxs.stage5c2gR32.batch-statistics.v1,limit_hopping_zero_chain6,chain6_hole_2,508,2965677989,1.2409090909090907,Sz,-0.005859375000422356,0.034349092195158464,2.5,3.9628056733104815,-0.1419781524244611,0.1302594024236164,False
haxs.stage5c2gR32.batch-statistics.v1,limit_hopping_zero_chain6,chain6_hole_2,508,2965677989,1.2727272727272725,Sx,2.302246553750194,0.01304493775196234,2.5,3.9628056733104815,2.2505520004187356,2.3539411070816523,False
haxs.stage5c2gR32.batch-statistics.v1,limit_hopping_zero_chain6,chain6_hole_2,508,2965677989,1.2727272727272725,Sy,-0.021791863963774246,0.03876962422513198,2.5,3.9628056733104815,-0.17542835079524274,0.13184462286769424,False
haxs.stage5c2gR32.batch-statistics.v1,limit_hopping_zero_chain6,chain6_hole_2,508,2965677989,1.2727272727272725,Sz,-0.005859375000434661,0.03434909219515482,2.5,3.9628056733104815,-0.14197815242445896,0.13025940242358966,False
haxs.stage5c2gR32.batch-statistics.v1,limit_hopping_zero_chain6,chain6_hole_2,508,2965677989,1.3045454545454545,Sx,2.2930226404237324,0.013299198383122317,2.5,3.9628056733104815,2.2403205016206136,2.345724779226851,False
haxs.stage5c2gR32.batch-statistics.v1,limit_hopping_zero_chain6,chain6_hole_2,508,2965677989,1.3045454545454545,Sy,-0.021860287908468213,0.03890155067285337,2.5,3.9628056733104815,-0.17601957361542675,0.1322989977984903,False
haxs.stage5c2gR32.batch-statistics.v1,limit_hopping_zero_chain6,chain6_hole_2,508,2965677989,1.3045454545454545,Sz,-0.005859375000443987,0.03434909219515126,2.5,3.9628056733104815,-0.14197815242445416,0.1302594024235662,False
haxs.stage5c2gR32.batch-statistics.v1,limit_hopping_zero_chain6,chain6_hole_2,508,2965677989,1.3363636363636362,Sx,2.283730665808835,0.013552549419815402,2.5,3.9628056733104815,2.2300245460801698,2.3374367855375002,False
haxs.stage5c2gR32.batch-statistics.v1,limit_hopping_zero_chain6,chain6_hole_2,508,2965677989,1.3363636363636362,Sy,-0.021932947310000266,0.03903427454466862,2.5,3.9628056733104815,-0.176618191929172,0.13275229730917149,False
haxs.stage5c2gR32.batch-statistics.v1,limit_hopping_zero_chain6,chain6_hole_2,508,2965677989,1.3363636363636362,Sz,-0.00585937500045045,0.034349092195147965,2.5,3.9628056733104815,-0.14197815242444758,0.1302594024235467,False
haxs.stage5c2gR32.batch-statistics.v1,limit_hopping_zero_chain6,chain6_hole_2,508,2965677989,1.368181818181818,Sx,2.274378325838079,0.013805199938737191,2.5,3.9628056733104815,2.219671001199666,2.3290856504764923,False
haxs.stage5c2gR32.batch-statistics.v1,limit_hopping_zero_chain6,chain6_hole_2,508,2965677989,1.368181818181818,Sy,-0.02200932422484321,0.03916774191637573,2.5,3.9628056733104815,-0.1772234741018177,0.13320482565213126,False
haxs.stage5c2gR32.batch-statistics.v1,limit_hopping_zero_chain6,chain6_hole_2,508,2965677989,1.368181818181818,Sz,-0.005859375000454059,0.03434909219514503,2.5,3.9628056733104815,-0.14197815242443956,0.13025940242353146,False
haxs.stage5c2gR32.batch-statistics.v1,limit_hopping_zero_chain6,chain6_hole_2,508,2965677989,1.4,Sx,2.2649725775156337,0.014057356856125252,2.5,3.9628056733104815,2.2092660040144305,2.320679151016837,False
haxs.stage5c2gR32.batch-statistics.v1,limit_hopping_zero_chain6,chain6_hole_2,508,2965677989,1.4,Sy,-0.022088839063427953,0.03930188666969996,2.5,3.9628056733104815,-0.17783457852992055,0.13365690040306463,False
haxs.stage5c2gR32.batch-statistics.v1,limit_hopping_zero_chain6,chain6_hole_2,508,2965677989,1.4,Sz,-0.005859375000455138,0.03434909219514244,2.5,3.9628056733104815,-0.14197815242443038,0.1302594024235201,False
haxs.stage5c2gR32.batch-statistics.v1,limit_hopping_zero_chain6,chain6_hole_2,509,1297879834,0.0,Sx,2.5,0.0,2.5,3.9628056733104815,2.5,2.5,False
haxs.stage5c2gR32.batch-statistics.v1,limit_hopping_zero_chain6,chain6_hole_2,509,1297879834,0.0,Sy,-0.0537109375,0.03630916495351518,2.5,3.9628056733104815,-0.19759710237095607,0.09017522737095607,False
haxs.stage5c2gR32.batch-statistics.v1,limit_hopping_zero_chain6,chain6_hole_2,509,1297879834,0.0,Sz,0.0009765625,0.03446055157969213,2.5,3.9628056733104815,-0.13558390680541244,0.13753703180541244,False
haxs.stage5c2gR32.batch-statistics.v1,limit_hopping_zero_chain6,chain6_hole_2,509,1297879834,0.031818181818181815,Sx,2.4994832809100345,0.0003843490915575533,2.5,3.9628056733104815,2.4979601801494784,2.5010063816705905,False
haxs.stage5c2gR32.batch-statistics.v1,limit_hopping_zero_chain6,chain6_hole_2,509,1297879834,0.031818181818181815,Sy,-0.053715837575042266,0.03631352036801847,2.5,3.9628056733104815,-0.19761926210730157,0.09018758695721706,False
haxs.stage5c2gR32.batch-statistics.v1,limit_hopping_zero_chain6,chain6_hole_2,509,1297879834,0.031818181818181815,Sz,0.0009765624999757922,0.03446055157969259,2.5,3.9628056733104815,-0.13558390680543847,0.13753703180539006,False
haxs.stage5c2gR32.batch-statistics.v1,limit_hopping_zero_chain6,chain6_hole_2,509,1297879834,0.06363636363636363,Sx,2.4986613145264203,0.0007679821862372444,2.5,3.9628056733104815,2.495617950361798,2.5017046786910426,False
haxs.stage5c2gR32.batch-statistics.v1,limit_hopping_zero_chain6,chain6_hole_2,509,1297879834,0.06363636363636363,Sy,-0.05373061435291396,0.03632600517735694,2.5,3.9628056733104815,-0.19768351375844997,0.09022228505262206,False
haxs.stage5c2gR32.batch-statistics.v1,limit_hopping_zero_chain6,chain6_hole_2,509,1297879834,0.06363636363636363,Sz,0.0009765624999529847,0.03446055157969349,2.5,3.9628056733104815,-0.13558390680546484,0.1375370318053708,False
haxs.stage5c2gR32.batch-statistics.v1,limit_hopping_zero_chain6,chain6_hole_2,509,1297879834,0.09545454545454544,Sx,2.497535889809896,0.0011504670145255403,2.5,3.9628056733104815,2.4929768125977776,2.5020949670220145,False
haxs.stage5c2gR32.batch-statistics.v1,limit_hopping_zero_chain6,chain6_hole_2,509,1297879834,0.09545454545454544,Sy,-0.053755337987943935,0.03634653872738074,2.5,3.9628056733104815,-0.19778960786200744,0.09027893188611957,False
haxs.stage5c2gR32.batch-statistics.v1,limit_hopping_zero_chain6,chain6_hole_2,509,1297879834,0.09545454545454544,Sz,0.0009765624999317484,0.0344605515796948,2.5,3.9628056733104815,-0.13558390680549126,0.13753703180535476,False
haxs.stage5c2gR32.batch-statistics.v1,limit_hopping_zero_chain6,chain6_hole_2,509,1297879834,0.12727272727272726,Sx,2.4961089868288977,0.0015313805823190404,2.5,3.9628056733104815,2.4900404231692863,2.502177550488509,False
haxs.stage5c2gR32.batch-statistics.v1,limit_hopping_zero_chain6,chain6_hole_2,509,1297879834,0.12727272727272726,Sy,-0.053790019374585565,0.03637500853352613,2.5,3.9628056733104815,-0.19793710955796012,0.09035707080878898,False
haxs.stage5c2gR32.batch-statistics.v1,limit_hopping_zero_chain6,chain6_hole_2,509,1297879834,0.12727272727272726,Sz,0.0009765624999122772,0.034460551579696554,2.5,3.9628056733104815,-0.1355839068055177,0.13753703180534224,False
haxs.stage5c2gR32.batch-statistics.v1,limit_hopping_zero_chain6,chain6_hole_2,509,1297879834,0.15909090909090906,Sx,2.494382775686343,0.0019103110511326604,2.5,3.9628056733104815,2.486812584215127,2.501952967157559,False
haxs.stage5c2gR32.batch-statistics.v1,limit_hopping_zero_chain6,chain6_hole_2,509,1297879834,0.15909090909090906,Sy,-0.05383461141915065,0.036411270845756565,2.5,3.9628056733104815,-0.1981254020991593,0.09045617926085799,False
haxs.stage5c2gR32.batch-statistics.v1,limit_hopping_zero_chain6,chain6_hole_2,509,1297879834,0.15909090909090906,Sz,0.0009765624998945223,0.03446055157969872,2.5,3.9628056733104815,-0.13558390680554402,0.13753703180533308,False
haxs.stage5c2gR32.batch-statistics.v1,limit_hopping_zero_chain6,chain6_hole_2,509,1297879834,0.1909090909090909,Sx,2.4923596183167147,0.0022868596371451626,2.5,3.9628056733104815,2.4832972379725713,2.501421998660858,False
haxs.stage5c2gR32.batch-statistics.v1,limit_hopping_zero_chain6,chain6_hole_2,509,1297879834,0.1909090909090909,Sy,-0.05388901133764283,0.03645515140310995,2.5,3.9628056733104815,-0.1983536921392795,0.09057566946399385,False
haxs.stage5c2gR32.batch-statistics.v1,limit_hopping_zero_chain6,chain6_hole_2,509,1297879834,0.1909090909090909,Sz,0.000976562499878575,0.03446055157970116,2.5,3.9628056733104815,-0.13558390680556967,0.1375370318053268,False
haxs.stage5c2gR32.batch-statistics.v1,limit_hopping_zero_chain6,chain6_hole_2,509,1297879834,0.22272727272727272,Sx,2.490042073193064,0.0026606425687029827,2.5,3.9628056733104815,2.479498463727156,2.5005856826589716,False
haxs.stage5c2gR32.batch-statistics.v1,limit_hopping_zero_chain6,chain6_hole_2,509,1297879834,0.22272727272727272,Sy,-0.05395306391504349,0.0365064463965514,2.5,3.9628056733104815,-0.19862101680770236,0.0907148889776154,False
haxs.stage5c2gR32.batch-statistics.v1,limit_hopping_zero_chain6,chain6_hole_2,509,1297879834,0.22272727272727272,Sz,0.0009765624998644116,0.03446055157970395,2.5,3.9628056733104815,-0.13558390680559487,0.1375370318053237,False
haxs.stage5c2gR32.batch-statistics.v1,limit_hopping_zero_chain6,chain6_hole_2,509,1297879834,0.2545454545454545,Sx,2.487432902948142,0.003031293128734149,2.5,3.9628056733104815,2.475420477340127,2.499445328556157,False
haxs.stage5c2gR32.batch-statistics.v1,limit_hopping_zero_chain6,chain6_hole_2,509,1297879834,0.2545454545454545,Sy,-0.05402656564243344,0.036564923661902435,2.5,3.9628056733104815,-0.19892625257398508,0.0908731212891182,False
haxs.stage5c2gR32.batch-statistics.v1,limit_hopping_zero_chain6,chain6_hole_2,509,1297879834,0.2545454545454545,Sz,0.000976562499851945,0.03446055157970704,2.5,3.9628056733104815,-0.13558390680561958,0.13753703180532348,False
haxs.stage5c2gR32.batch-statistics.v1,limit_hopping_zero_chain6,chain6_hole_2,509,1297879834,0.2863636363636363,Sx,2.4845350848568746,0.0033984637930046563,2.5,3.9628056733104815,2.4710676332574155,2.4980025364563336,False
haxs.stage5c2gR32.batch-statistics.v1,limit_hopping_zero_chain6,chain6_hole_2,509,1297879834,0.2863636363636363,Sy,-0.05410926963098524,0.03663032412597882,2.5,3.9628056733104815,-0.19926812589261594,0.09104958663064545,False
haxs.stage5c2gR32.batch-statistics.v1,limit_hopping_zero_chain6,chain6_hole_2,509,1297879834,0.2863636363636363,Sz,0.0009765624998411306,0.03446055157971033,2.5,3.9628056733104815,-0.13558390680564344,0.1375370318053257,False
haxs.stage5c2gR32.batch-statistics.v1,limit_hopping_zero_chain6,chain6_hole_2,509,1297879834,0.3181818181818181,Sx,2.481351824046065,0.00376182845857347,2.5,3.9628056733104815,2.466444428888409,2.4962592192037207,False
haxs.stage5c2gR32.batch-statistics.v1,limit_hopping_zero_chain6,chain6_hole_2,509,1297879834,0.3181818181818181,Sy,-0.05420089118641862,0.03670236352841817,2.5,3.9628056733104815,-0.19964522560073783,0.09124344322790061,False
haxs.stage5c2gR32.batch-statistics.v1,limit_hopping_zero_chain6,chain6_hole_2,509,1297879834,0.3181818181818181,Sz,0.0009765624998318448,0.03446055157971383,2.5,3.9628056733104815,-0.1355839068056666,0.1375370318053303,False
haxs.stage5c2gR32.batch-statistics.v1,limit_hopping_zero_chain6,chain6_hole_2,509,1297879834,0.35,Sx,2.477886569195284,0.004121084740427564,2.5,3.9628056733104815,2.4615555112057246,2.4942176271848435,False
haxs.stage5c2gR32.batch-statistics.v1,limit_hopping_zero_chain6,chain6_hole_2,509,1297879834,0.35,Sy,-0.05430111391425327,0.0367807344387861,2.5,3.9628056733104815,-0.20005601701680104,0.0914537891882945,False
haxs.stage5c2gR32.batch-statistics.v1,limit_hopping_zero_chain6,chain6_hole_2,509,1297879834,0.35,Sz,0.0009765624998239312,0.03446055157971744,2.5,3.9628056733104815,-0.13558390680568883,0.13753703180533666,False
haxs.stage5c2gR32.batch-statistics.v1,limit_hopping_zero_chain6,chain6_hole_2,509,1297879834,0.3818181818181818,Sx,2.4741430303732908,0.004475956299208324,2.5,3.9628056733104815,2.456405685357298,2.4918803753892833,False
haxs.stage5c2gR32.batch-statistics.v1,limit_hopping_zero_chain6,chain6_hole_2,509,1297879834,0.3818181818181818,Sy,-0.054409596215394075,0.036865108583268795,2.5,3.9628056733104815,-0.20049885765637857,0.09167966522559043,False
haxs.stage5c2gR32.batch-statistics.v1,limit_hopping_zero_chain6,chain6_hole_2,509,1297879834,0.3818181818181818,Sz,0.0009765624998172733,0.03446055157972114,2.5,3.9628056733104815,-0.1355839068057101,0.13753703180534468,False
haxs.stage5c2gR32.batch-statistics.v1,limit_hopping_zero_chain6,chain6_hole_2,509,1297879834,0.4136363636363636,Sx,2.470125198522037,0.0048261951500335985,2.5,3.9628056733104815,2.45099992500098,2.4892504720430937,False
haxs.stage5c2gR32.batch-statistics.v1,limit_hopping_zero_chain6,chain6_hole_2,509,1297879834,0.4136363636363636,Sy,-0.05452597802337747,0.03695513948756989,2.5,3.9628056733104815,-0.20097201444269963,0.09192005839594469,False
haxs.stage5c2gR32.batch-statistics.v1,limit_hopping_zero_chain6,chain6_hole_2,509,1297879834,0.4136363636363636,Sz,0.000976562499811624,0.034460551579724955,2.5,3.9628056733104815,-0.1355839068057309,0.13753703180535415,False
haxs.stage5c2gR32.batch-statistics.v1,limit_hopping_zero_chain6,chain6_hole_2,509,1297879834,0.44545454545454544,Sx,2.465837365964361,0.0051715838922412865,2.5,3.9628056733104815,2.4453433839761862,2.486331347952536,False
haxs.stage5c2gR32.batch-statistics.v1,limit_hopping_zero_chain6,chain6_hole_2,509,1297879834,0.44545454545454544,Sy,-0.05464988762921118,0.037050465432640754,2.5,3.9628056733104815,-0.20147368224447382,0.09217390698605148,False
haxs.stage5c2gR32.batch-statistics.v1,limit_hopping_zero_chain6,chain6_hole_2,509,1297879834,0.44545454545454544,Sz,0.0009765624998068392,0.03446055157972863,2.5,3.9628056733104815,-0.13558390680575025,0.13753703180536395,False
haxs.stage5c2gR32.batch-statistics.v1,limit_hopping_zero_chain6,chain6_hole_2,509,1297879834,0.47727272727272724,Sx,2.461284147177199,0.005511937792707426,2.5,3.9628056733104815,2.4394414088213234,2.4831268855330744,False
haxs.stage5c2gR32.batch-statistics.v1,limit_hopping_zero_chain6,chain6_hole_2,509,1297879834,0.47727272727272724,Sy,-0.054780948437191716,0.03715071270785689,2.5,3.9628056733104815,-0.2020020035234148,0.09244010664903135,False
haxs.stage5c2gR32.batch-statistics.v1,limit_hopping_zero_chain6,chain6_hole_2,509,1297879834,0.47727272727272724,Sz,0.0009765624998027899,0.034460551579732386,2.5,3.9628056733104815,-0.13558390680576918,0.13753703180537477,False
haxs.stage5c2gR32.batch-statistics.v1,limit_hopping_zero_chain6,chain6_hole_2,509,1297879834,0.509090909090909,Sx,2.4564704989508233,0.0058471066512546695,2.5,3.9628056733104815,2.4332995515407796,2.479641446360867,False
haxs.stage5c2gR32.batch-statistics.v1,limit_hopping_zero_chain6,chain6_hole_2,509,1297879834,0.509090909090909,Sy,-0.054918785495538865,0.037255499132649986,2.5,3.9628056733104815,-0.20255508882041795,0.09271751782934023,False
haxs.stage5c2gR32.batch-statistics.v1,limit_hopping_zero_chain6,chain6_hole_2,509,1297879834,0.509090909090909,Sz,0.0009765624997991765,0.03446055157973595,2.5,3.9628056733104815,-0.1355839068057869,0.1375370318053853,False
haxs.stage5c2gR32.batch-statistics.v1,limit_hopping_zero_chain6,chain6_hole_2,509,1297879834,0.5409090909090909,Sx,2.451401738951942,0.00617697637543142,2.5,3.9628056733104815,2.4269235819274777,2.4758798959764063,False
haxs.stage5c2gR32.batch-statistics.v1,limit_hopping_zero_chain6,chain6_hole_2,509,1297879834,0.5409090909090909,Sy,-0.05506303164915351,0.03736443780301572,2.5,3.9628056733104815,-0.2031310377550008,0.0930049744566938,False
haxs.stage5c2gR32.batch-statistics.v1,limit_hopping_zero_chain6,chain6_hole_2,509,1297879834,0.5409090909090909,Sz,0.0009765624997959462,0.03446055157973943,2.5,3.9628056733104815,-0.13558390680580396,0.13753703180539584,False
haxs.stage5c2gR32.batch-statistics.v1,limit_hopping_zero_chain6,chain6_hole_2,509,1297879834,0.5727272727272726,Sx,2.4460835616350023,0.006501470193413025,2.5,3.9628056733104815,2.4203194986676864,2.471847624602318,False
haxs.stage5c2gR32.batch-statistics.v1,limit_hopping_zero_chain6,chain6_hole_2,509,1297879834,0.5727272727272726,Sy,-0.05521333316838541,0.03747714100450901,2.5,3.9628056733104815,-0.2037279601605106,0.09330129382373975,False
haxs.stage5c2gR32.batch-statistics.v1,limit_hopping_zero_chain6,chain6_hole_2,509,1297879834,0.5727272727272726,Sz,0.0009765624997928647,0.03446055157974278,2.5,3.9628056733104815,-0.1355839068058203,0.13753703180540602,False
haxs.stage5c2gR32.batch-statistics.v1,limit_hopping_zero_chain6,chain6_hole_2,509,1297879834,0.6045454545454545,Sx,2.440522050407176,0.00682054943778749,2.5,3.9628056733104815,2.413493538400017,2.467550562414335,False
haxs.stage5c2gR32.batch-statistics.v1,limit_hopping_zero_chain6,chain6_hole_2,509,1297879834,0.6045454545454545,Sy,-0.05536935471740212,0.0375932242191844,2.5,3.9628056733104815,-0.20434399693121907,0.09360528749641484,False
haxs.stage5c2gR32.batch-statistics.v1,limit_hopping_zero_chain6,chain6_hole_2,509,1297879834,0.6045454545454545,Sz,0.0009765624997897979,0.03446055157974587,2.5,3.9628056733104815,-0.1355839068058356,0.1375370318054152,False
haxs.stage5c2gR32.batch-statistics.v1,limit_hopping_zero_chain6,chain6_hole_2,509,1297879834,0.6363636363636362,Sx,2.43472368495523,0.007134213839488189,2.5,3.9628056733104815,2.406452181877496,2.4629951880329637,False
haxs.stage5c2gR32.batch-statistics.v1,limit_hopping_zero_chain6,chain6_hole_2,509,1297879834,0.6363636363636362,Sy,-0.05553078353866019,0.03771231014139981,2.5,3.9628056733104815,-0.20497734012064375,0.09391577304332335,False
haxs.stage5c2gR32.batch-statistics.v1,limit_hopping_zero_chain6,chain6_hole_2,509,1297879834,0.6363636363636362,Sz,0.0009765624997867214,0.034460551579748706,2.5,3.9628056733104815,-0.13558390680584992,0.13753703180542337,False
haxs.stage5c2gR32.batch-statistics.v1,limit_hopping_zero_chain6,chain6_hole_2,509,1297879834,0.6681818181818181,Sx,2.428695342691418,0.007442501280211382,2.5,3.9628056733104815,2.399202156394576,2.4581885289882606,False
haxs.stage5c2gR32.batch-statistics.v1,limit_hopping_zero_chain6,chain6_hole_2,509,1297879834,0.6681818181818181,Sy,-0.055697332746036755,0.03783403260744778,2.5,3.9628056733104815,-0.20562625180704458,0.09423158631497108,False
haxs.stage5c2gR32.batch-statistics.v1,limit_hopping_zero_chain6,chain6_hole_2,509,1297879834,0.6681818181818181,Sz,0.0009765624997834438,0.034460551579751246,2.5,3.9628056733104815,-0.13558390680586327,0.13753703180543017,False
haxs.stage5c2gR32.batch-statistics.v1,limit_hopping_zero_chain6,chain6_hole_2,509,1297879834,0.7,Sx,2.4224442933733905,0.007745486963520771,2.5,3.9628056733104815,2.391750433691798,2.453138153054983,False
haxs.stage5c2gR32.batch-statistics.v1,limit_hopping_zero_chain6,chain6_hole_2,509,1297879834,0.7,Sy,-0.05586874363841738,0.03795804033750972,2.5,3.9628056733104815,-0.20628908123564899,0.09455159395881424,False
haxs.stage5c2gR32.batch-statistics.v1,limit_hopping_zero_chain6,chain6_hole_2,509,1297879834,0.7,Sz,0.0009765624997799744,0.03446055157975353,2.5,3.9628056733104815,-0.1355839068058758,0.13753703180543575,False
haxs.stage5c2gR32.batch-statistics.v1,limit_hopping_zero_chain6,chain6_hole_2,509,1297879834,0.7318181818181817,Sx,2.4159781861005274,0.008043281979756437,2.5,3.9628056733104815,2.3841042226391127,2.447852149561942,False
haxs.stage5c2gR32.batch-statistics.v1,limit_hopping_zero_chain6,chain6_hole_2,509,1297879834,0.7318181818181817,Sy,-0.0560447869677785,0.038084000386216975,2.5,3.9628056733104815,-0.2069642797606377,0.09487470582508067,False
haxs.stage5c2gR32.batch-statistics.v1,limit_hopping_zero_chain6,chain6_hole_2,509,1297879834,0.7318181818181817,Sz,0.0009765624997762189,0.03446055157975549,2.5,3.9628056733104815,-0.13558390680588733,0.13753703180543975,False
haxs.stage5c2gR32.batch-statistics.v1,limit_hopping_zero_chain6,chain6_hole_2,509,1297879834,0.7636363636363636,Sx,2.4093050280851713,0.008336031258024226,2.5,3.9628056733104815,2.3762709561229793,2.4423391000473633,False
haxs.stage5c2gR32.batch-statistics.v1,limit_hopping_zero_chain6,chain6_hole_2,509,1297879834,0.7636363636363636,Sy,-0.056225263120862276,0.038211601200685,2.5,3.9628056733104815,-0.20765041314521443,0.09519988690348986,False
haxs.stage5c2gR32.batch-statistics.v1,limit_hopping_zero_chain6,chain6_hole_2,509,1297879834,0.7636363636363636,Sz,0.0009765624997722399,0.03446055157975717,2.5,3.9628056733104815,-0.13558390680589796,0.13753703180544244,False
haxs.stage5c2gR32.batch-statistics.v1,limit_hopping_zero_chain6,chain6_hole_2,509,1297879834,0.7954545454545454,Sx,2.4024331548365008,0.008623910919926259,2.5,3.9628056733104815,2.368258271716893,2.4366080379561086,False
haxs.stage5c2gR32.batch-statistics.v1,limit_hopping_zero_chain6,chain6_hole_2,509,1297879834,0.7954545454545454,Sy,-0.05641000120106018,0.038340555192526035,2.5,3.9628056733104815,-0.208346170835876,0.09552616843375564,False
haxs.stage5c2gR32.batch-statistics.v1,limit_hopping_zero_chain6,chain6_hole_2,509,1297879834,0.7954545454545454,Sz,0.0009765624997680063,0.03446055157975847,2.5,3.9628056733104815,-0.13558390680590732,0.13753703180544335,False
haxs.stage5c2gR32.batch-statistics.v1,limit_hopping_zero_chain6,chain6_hole_2,509,1297879834,0.8272727272727272,Sx,2.395371191671441,0.008907125073929332,2.5,3.9628056733104815,2.3600739858955877,2.430668397447294,False
haxs.stage5c2gR32.batch-statistics.v1,limit_hopping_zero_chain6,chain6_hole_2,509,1297879834,0.8272727272727272,Sy,-0.05659885702658178,0.03847060074295575,2.5,3.9628056733104815,-0.20905037190642928,0.0958526578532657,False
haxs.stage5c2gR32.batch-statistics.v1,limit_hopping_zero_chain6,chain6_hole_2,509,1297879834,0.8272727272727272,Sz,0.0009765624997635919,0.03446055157975943,2.5,3.9628056733104815,-0.13558390680591553,0.13753703180544274,False
haxs.stage5c2gR32.batch-statistics.v1,limit_hopping_zero_chain6,chain6_hole_2,509,1297879834,0.859090909090909,Sx,2.3881280067699646,0.009185902115525914,2.5,3.9628056733104815,2.3517260617520837,2.4245299517878456,False
haxs.stage5c2gR32.batch-statistics.v1,limit_hopping_zero_chain6,chain6_hole_2,509,1297879834,0.859090909090909,Sy,-0.056791710091717185,0.03860150357725955,2.5,3.9628056733104815,-0.20976196746599618,0.09617854728256181,False
haxs.stage5c2gR32.batch-statistics.v1,limit_hopping_zero_chain6,chain6_hole_2,509,1297879834,0.859090909090909,Sz,0.0009765624997590046,0.03446055157975995,2.5,3.9628056733104815,-0.1355839068059222,0.1375370318054402,False
haxs.stage5c2gR32.batch-statistics.v1,limit_hopping_zero_chain6,chain6_hole_2,509,1297879834,0.8909090909090909,Sx,2.3807126563096412,0.009460490625285192,2.5,3.9628056733104815,2.3432225703874603,2.418202742231822,False
haxs.stage5c2gR32.batch-statistics.v1,limit_hopping_zero_chain6,chain6_hole_2,509,1297879834,0.8909090909090909,Sy,-0.056988459569139414,0.038733057465791226,2.5,3.9628056733104815,-0.2104800394392378,0.09650312030095895,False
haxs.stage5c2gR32.batch-statistics.v1,limit_hopping_zero_chain6,chain6_hole_2,509,1297879834,0.8909090909090909,Sz,0.0009765624997543564,0.034460551579760156,2.5,3.9628056733104815,-0.13558390680592766,0.1375370318054364,False
haxs.stage5c2gR32.batch-statistics.v1,limit_hopping_zero_chain6,chain6_hole_2,509,1297879834,0.9227272727272726,Sx,2.3731343225313135,0.009731154982716577,2.5,3.9628056733104815,2.334571646357941,2.411696998704686,False
haxs.stage5c2gR32.batch-statistics.v1,limit_hopping_zero_chain6,chain6_hole_2,509,1297879834,0.9227272727272726,Sy,-0.057189019461744574,0.038865084232266464,2.5,3.9628056733104815,-0.21120379575105985,0.09682575682757072,False
haxs.stage5c2gR32.batch-statistics.v1,limit_hopping_zero_chain6,chain6_hole_2,509,1297879834,0.9227272727272726,Sz,0.0009765624997496998,0.03446055157975994,2.5,3.9628056733104815,-0.13558390680593146,0.13753703180543086,False
haxs.stage5c2gR32.batch-statistics.v1,limit_hopping_zero_chain6,chain6_hole_2,509,1297879834,0.9545454545454545,Sx,2.3654022458882267,0.009998170836430531,2.5,3.9628056733104815,2.3257814377748924,2.405023054001561,False
haxs.stage5c2gR32.batch-statistics.v1,limit_hopping_zero_chain6,chain6_hole_2,509,1297879834,0.9545454545454545,Sy,-0.05739331304135063,0.038997433075083084,2.5,3.9628056733104815,-0.21193256207583572,0.09714593599313444,False
haxs.stage5c2gR32.batch-statistics.v1,limit_hopping_zero_chain6,chain6_hole_2,509,1297879834,0.9545454545454545,Sz,0.0009765624997451717,0.0344605515797595,2.5,3.9628056733104815,-0.13558390680593427,0.13753703180542462,False
haxs.stage5c2gR32.batch-statistics.v1,limit_hopping_zero_chain6,chain6_hole_2,509,1297879834,0.9863636363636362,Sx,2.357525652698429,0.010261820588101317,2.5,3.9628056733104815,2.3168600518534066,2.3981912535434513,False
haxs.stage5c2gR32.batch-statistics.v1,limit_hopping_zero_chain6,chain6_hole_2,509,1297879834,0.9863636363636362,Sy,-0.05760126673747925,0.039129979232338526,2.5,3.9628056733104815,-0.21266577043591167,0.09746323696095316,False
haxs.stage5c2gR32.batch-statistics.v1,limit_hopping_zero_chain6,chain6_hole_2,509,1297879834,0.9863636363636362,Sz,0.0009765624997407985,0.03446055157975864,2.5,3.9628056733104815,-0.13558390680593524,0.13753703180541682,False
haxs.stage5c2gR32.batch-statistics.v1,limit_hopping_zero_chain6,chain6_hole_2,509,1297879834,1.018181818181818,Sx,2.3495136799391925,0.010522389057049454,2.5,3.9628056733104815,2.307815496887137,2.391211862991248,False
haxs.stage5c2gR32.batch-statistics.v1,limit_hopping_zero_chain6,chain6_hole_2,509,1297879834,1.018181818181818,Sy,-0.057812803661233786,0.03926262204469192,2.5,3.9628056733104815,-0.2134029450489841,0.09777733772651653,False
haxs.stage5c2gR32.batch-statistics.v1,limit_hopping_zero_chain6,chain6_hole_2,509,1297879834,1.018181818181818,Sz,0.0009765624997366677,0.034460551579757435,2.5,3.9628056733104815,-0.13558390680593457,0.13753703180540788,False
haxs.stage5c2gR32.batch-statistics.v1,limit_hopping_zero_chain6,chain6_hole_2,509,1297879834,1.0499999999999998,Sx,2.3413752989783676,0.010780159492116637,2.5,3.9628056733104815,2.298655621783816,2.384094976172919,False
haxs.stage5c2gR32.batch-statistics.v1,limit_hopping_zero_chain6,chain6_hole_2,509,1297879834,1.0499999999999998,Sy,-0.058027836965811076,0.03939528249094137,2.5,3.9628056733104815,-0.2141436859225826,0.09808801199096046,False
haxs.stage5c2gR32.batch-statistics.v1,limit_hopping_zero_chain6,chain6_hole_2,509,1297879834,1.0499999999999998,Sz,0.0009765624997328925,0.03446055157975605,2.5,3.9628056733104815,-0.13558390680593285,0.1375370318053986,False
haxs.stage5c2gR32.batch-statistics.v1,limit_hopping_zero_chain6,chain6_hole_2,509,1297879834,1.0818181818181818,Sx,2.333119240120683,0.011035410086798762,2.5,3.9628056733104815,2.289388054421409,2.3768504258199568,False
haxs.stage5c2gR32.batch-statistics.v1,limit_hopping_zero_chain6,chain6_hole_2,509,1297879834,1.0818181818181818,Sy,-0.05824626325551481,0.03952790028804937,2.5,3.9628056733104815,-0.21488765077104788,0.09839512426001824,False
haxs.stage5c2gR32.batch-statistics.v1,limit_hopping_zero_chain6,chain6_hole_2,509,1297879834,1.0818181818181818,Sz,0.0009765624997294811,0.034460551579754375,2.5,3.9628056733104815,-0.13558390680592963,0.13753703180538862,False
haxs.stage5c2gR32.batch-statistics.v1,limit_hopping_zero_chain6,chain6_hole_2,509,1297879834,1.1136363636363635,Sx,2.324753919849962,0.011288411132094688,2.5,3.9628056733104815,2.280020140173036,2.369487699526888,False
haxs.stage5c2gR32.batch-statistics.v1,limit_hopping_zero_chain6,chain6_hole_2,509,1297879834,1.1136363636363635,Sy,-0.058467956258491716,0.03966043065958463,2.5,3.9628056733104815,-0.21563453588223067,0.09869862336524723,False
haxs.stage5c2gR32.batch-statistics.v1,limit_hopping_zero_chain6,chain6_hole_2,509,1297879834,1.1136363636363635,Sz,0.0009765624997264948,0.03446055157975245,2.5,3.9628056733104815,-0.135583906805925,0.137537031805378,False
haxs.stage5c2gR32.batch-statistics.v1,limit_hopping_zero_chain6,chain6_hole_2,509,1297879834,1.1454545454545453,Sx,2.3162873725697706,0.011539422909935947,2.5,3.9628056733104815,2.2705588819955476,2.3620158631439936,False
haxs.stage5c2gR32.batch-statistics.v1,limit_hopping_zero_chain6,chain6_hole_2,509,1297879834,1.1454545454545453,Sy,-0.05869276097437928,0.039792840883706326,2.5,3.9628056733104815,-0.216384056585472,0.09899853463671343,False
haxs.stage5c2gR32.batch-statistics.v1,limit_hopping_zero_chain6,chain6_hole_2,509,1297879834,1.1454545454545453,Sz,0.0009765624997239114,0.034460551579750455,2.5,3.9628056733104815,-0.13558390680591967,0.1375370318053675,False
haxs.stage5c2gR32.batch-statistics.v1,limit_hopping_zero_chain6,chain6_hole_2,509,1297879834,1.1772727272727272,Sx,2.307727188487372,0.011788694390054179,2.5,3.9628056733104815,2.2610108834775415,2.354443493497202,False
haxs.stage5c2gR32.batch-statistics.v1,limit_hopping_zero_chain6,chain6_hole_2,509,1297879834,1.1772727272727272,Sy,-0.05892048849653999,0.03992510673384215,2.5,3.9628056733104815,-0.21713592796893616,0.09929495097585617,False
haxs.stage5c2gR32.batch-statistics.v1,limit_hopping_zero_chain6,chain6_hole_2,509,1297879834,1.1772727272727272,Sz,0.000976562499721805,0.0344605515797483,2.5,3.9628056733104815,-0.13558390680591323,0.13753703180535684,False
haxs.stage5c2gR32.batch-statistics.v1,limit_hopping_zero_chain6,chain6_hole_2,509,1297879834,1.209090909090909,Sx,2.2990804590580094,0.012036462747221088,2.5,3.9628056733104815,2.2513822961967316,2.346778621919287,False
haxs.stage5c2gR32.batch-statistics.v1,limit_hopping_zero_chain6,chain6_hole_2,509,1297879834,1.209090909090909,Sy,-0.05915091168984172,0.04005720892238012,2.5,3.9628056733104815,-0.21788984646443288,0.09958802308474946,False
haxs.stage5c2gR32.batch-statistics.v1,limit_hopping_zero_chain6,chain6_hole_2,509,1297879834,1.209090909090909,Sz,0.0009765624997201388,0.03446055157974606,2.5,3.9628056733104815,-0.13558390680590604,0.13753703180534632,False
haxs.stage5c2gR32.batch-statistics.v1,limit_hopping_zero_chain6,chain6_hole_2,509,1297879834,1.2409090909090907,Sx,2.290353731120727,0.012282953667080808,2.5,3.9628056733104815,2.2416787726438097,2.3390286895976447,False
haxs.stage5c2gR32.batch-statistics.v1,limit_hopping_zero_chain6,chain6_hole_2,509,1297879834,1.2409090909090907,Sy,-0.05938376187969725,0.04018912965059291,2.5,3.9628056733104815,-0.21864547286447733,0.09987794910508281,False
haxs.stage5c2gR32.batch-statistics.v1,limit_hopping_zero_chain6,chain6_hole_2,509,1297879834,1.2409090909090907,Sz,0.0009765624997188798,0.03446055157974385,2.5,3.9628056733104815,-0.13558390680589852,0.1375370318053363,False
haxs.stage5c2gR32.batch-statistics.v1,limit_hopping_zero_chain6,chain6_hole_2,509,1297879834,1.2727272727272725,Sx,2.2815529705289825,0.012528382360742964,2.5,3.9628056733104815,2.2319054258324273,2.3312005152255377,False
haxs.stage5c2gR32.batch-statistics.v1,limit_hopping_zero_chain6,chain6_hole_2,509,1297879834,1.2727272727272725,Sy,-0.05961872667728706,0.0403208493574447,2.5,3.9628056733104815,-0.21940241726366616,0.10016496390909206,False
haxs.stage5c2gR32.batch-statistics.v1,limit_hopping_zero_chain6,chain6_hole_2,509,1297879834,1.2727272727272725,Sz,0.0009765624997179535,0.034460551579741656,2.5,3.9628056733104815,-0.13558390680589077,0.13753703180532667,False
haxs.stage5c2gR32.batch-statistics.v1,limit_hopping_zero_chain6,chain6_hole_2,509,1297879834,1.3045454545454545,Sx,2.2726835357283224,0.012772955164397668,2.5,3.9628056733104815,2.222066796537907,2.3233002749187377,False
haxs.stage5c2gR32.batch-statistics.v1,limit_hopping_zero_chain6,chain6_hole_2,509,1297879834,1.3045454545454545,Sy,-0.05985544903085719,0.04045234374685047,2.5,3.9628056733104815,-0.22016022632958201,0.10044932826786765,False
haxs.stage5c2gR32.batch-statistics.v1,limit_hopping_zero_chain6,chain6_hole_2,509,1297879834,1.3045454545454545,Sz,0.0009765624997173884,0.03446055157973954,2.5,3.9628056733104815,-0.13558390680588292,0.1375370318053177,False
haxs.stage5c2gR32.batch-statistics.v1,limit_hopping_zero_chain6,chain6_hole_2,509,1297879834,1.3363636363636362,Sx,2.2637501613791198,0.013016871563655422,2.5,3.9628056733104815,2.2121668288979124,2.315333493860327,False
haxs.stage5c2gR32.batch-statistics.v1,limit_hopping_zero_chain6,chain6_hole_2,509,1297879834,1.3363636363636362,Sy,-0.060093527555179306,0.040583581158364794,2.5,3.9628056733104815,-0.22091837321280366,0.10073131810244507,False
haxs.stage5c2gR32.batch-statistics.v1,limit_hopping_zero_chain6,chain6_hole_2,509,1297879834,1.3363636363636362,Sz,0.000976562499717048,0.03446055157973755,2.5,3.9628056733104815,-0.13558390680587537,0.1375370318053095,False
haxs.stage5c2gR32.batch-statistics.v1,limit_hopping_zero_chain6,chain6_hole_2,509,1297879834,1.368181818181818,Sx,2.2547569517835173,0.013260326455759147,2.5,3.9628056733104815,2.202208854874686,2.3073050486923488,False
haxs.stage5c2gR32.batch-statistics.v1,limit_hopping_zero_chain6,chain6_hole_2,509,1297879834,1.368181818181818,Sy,-0.060332518152278726,0.04071452033114686,2.5,3.9628056733104815,-0.22167625030666244,0.101011214002105,False
haxs.stage5c2gR32.batch-statistics.v1,limit_hopping_zero_chain6,chain6_hole_2,509,1297879834,1.368181818181818,Sz,0.0009765624997169643,0.034460551579735745,2.5,3.9628056733104815,-0.13558390680586832,0.13753703180530227,False
haxs.stage5c2gR32.batch-statistics.v1,limit_hopping_zero_chain6,chain6_hole_2,509,1297879834,1.4,Sx,2.2457073835712795,0.013503512448176463,2.5,3.9628056733104815,2.192195587832027,2.299219179310532,False
haxs.stage5c2gR32.batch-statistics.v1,limit_hopping_zero_chain6,chain6_hole_2,509,1297879834,1.4,Sy,-0.06057193689794651,0.0408451085962528,2.5,3.9628056733104815,-0.22243316497015983,0.1012892911742668,False
haxs.stage5c2gR32.batch-statistics.v1,limit_hopping_zero_chain6,chain6_hole_2,509,1297879834,1.4,Sz,0.0009765624997169907,0.03446055157973414,2.5,3.9628056733104815,-0.13558390680586194,0.13753703180529595,False
haxs.stage5c2gR32.batch-statistics.v1,limit_hopping_zero_chain6,chain6_hole_2,510,3188117497,0.0,Sx,2.5,0.0,2.5,3.9628056733104815,2.5,2.5,False
haxs.stage5c2gR32.batch-statistics.v1,limit_hopping_zero_chain6,chain6_hole_2,510,3188117497,0.0,Sy,-0.0185546875,0.03527705209160038,2.5,3.9628056733104815,-0.1583507896662634,0.1212414146662634,False
haxs.stage5c2gR32.batch-statistics.v1,limit_hopping_zero_chain6,chain6_hole_2,510,3188117497,0.0,Sz,0.0107421875,0.034403478327404036,2.5,3.9628056733104815,-0.1255921115974509,0.1470764865974509,False
haxs.stage5c2gR32.batch-statistics.v1,limit_hopping_zero_chain6,chain6_hole_2,510,3188117497,0.031818181818181815,Sx,2.499573296060838,0.00039705081928487234,2.5,3.9628056733104815,2.4979998608215834,2.5011467313000924,False
haxs.stage5c2gR32.batch-statistics.v1,limit_hopping_zero_chain6,chain6_hole_2,510,3188117497,0.031818181818181815,Sy,-0.01892359720659629,0.03530343130667109,2.5,3.9628056733104815,-0.15882423507599933,0.12097704066280676,False
haxs.stage5c2gR32.batch-statistics.v1,limit_hopping_zero_chain6,chain6_hole_2,510,3188117497,0.031818181818181815,Sz,0.01074218749997956,0.03440347832740388,2.5,3.9628056733104815,-0.12559211159747072,0.14707648659742986,False
haxs.stage5c2gR32.batch-statistics.v1,limit_hopping_zero_chain6,chain6_hole_2,510,3188117497,0.06363636363636363,Sx,2.498838361091604,0.0007937918180670439,2.5,3.9628056733104815,2.4956927183715405,2.501984003811667,False
haxs.stage5c2gR32.batch-statistics.v1,limit_hopping_zero_chain6,chain6_hole_2,510,3188117497,0.06363636363636363,Sy,-0.01930283350719545,0.03533757808416394,2.5,3.9628056733104815,-0.15933878842017243,0.12073312140578155,False
haxs.stage5c2gR32.batch-statistics.v1,limit_hopping_zero_chain6,chain6_hole_2,510,3188117497,0.06363636363636363,Sz,0.010742187499960138,0.03440347832740417,2.5,3.9628056733104815,-0.12559211159749128,0.14707648659741157,False
haxs.stage5c2gR32.batch-statistics.v1,limit_hopping_zero_chain6,chain6_hole_2,510,3188117497,0.09545454545454544,Sx,2.4977951268908116,0.0011897329684594686,2.5,3.9628056733104815,2.4930804463336758,2.5025098074479475,False
haxs.stage5c2gR32.batch-statistics.v1,limit_hopping_zero_chain6,chain6_hole_2,510,3188117497,0.09545454545454544,Sy,-0.01969177232693184,0.03537942224001507,2.5,3.9628056733104815,-0.15989354749811058,0.1205100028442469,False
haxs.stage5c2gR32.batch-statistics.v1,limit_hopping_zero_chain6,chain6_hole_2,510,3188117497,0.09545454545454544,Sz,0.010742187499941892,0.03440347832740493,2.5,3.9628056733104815,-0.12559211159751257,0.14707648659739633,False
haxs.stage5c2gR32.batch-statistics.v1,limit_hopping_zero_chain6,chain6_hole_2,510,3188117497,0.12727272727272726,Sx,2.496443736923701,0.0015843930240910602,2.5,3.9628056733104815,2.4901650952590795,2.5027223785883224,False
haxs.stage5c2gR32.batch-statistics.v1,limit_hopping_zero_chain6,chain6_hole_2,510,3188117497,0.12727272727272726,Sy,-0.020089754458515154,0.03542886559221205,2.5,3.9628056733104815,-0.16048746402628758,0.12030795510925726,False
haxs.stage5c2gR32.batch-statistics.v1,limit_hopping_zero_chain6,chain6_hole_2,510,3188117497,0.12727272727272726,Sz,0.010742187499924971,0.03440347832740615,2.5,3.9628056733104815,-0.1255921115975343,0.14707648659738426,False
haxs.stage5c2gR32.batch-statistics.v1,limit_hopping_zero_chain6,chain6_hole_2,510,3188117497,0.15909090909090906,Sx,2.4947845664041783,0.001977302346570962,2.5,3.9628056733104815,2.4869489014473367,2.50262023136102,False
haxs.stage5c2gR32.batch-statistics.v1,limit_hopping_zero_chain6,chain6_hole_2,510,3188117497,0.15909090909090906,Sy,-0.0204960880420929,0.035485782562112024,2.5,3.9628056733104815,-0.16111934850109258,0.12012717241690676,False
haxs.stage5c2gR32.batch-statistics.v1,limit_hopping_zero_chain6,chain6_hole_2,510,3188117497,0.15909090909090906,Sz,0.010742187499909565,0.034403478327407803,2.5,3.9628056733104815,-0.12559211159755626,0.1470764865973754,False
haxs.stage5c2gR32.batch-statistics.v1,limit_hopping_zero_chain6,chain6_hole_2,510,3188117497,0.1909090909090909,Sx,2.4928182458643313,0.002368005771853061,2.5,3.9628056733104815,2.4834342991572,2.502202192571463,False
haxs.stage5c2gR32.batch-statistics.v1,limit_hopping_zero_chain6,chain6_hole_2,510,3188117497,0.1909090909090909,Sy,-0.02091005152477844,0.035550020931440204,2.5,3.9628056733104815,-0.16178787615819604,0.11996777310863917,False
haxs.stage5c2gR32.batch-statistics.v1,limit_hopping_zero_chain6,chain6_hole_2,510,3188117497,0.1909090909090909,Sz,0.010742187499895778,0.03440347832740983,2.5,3.9628056733104815,-0.12559211159757808,0.14707648659736963,False
haxs.stage5c2gR32.batch-statistics.v1,limit_hopping_zero_chain6,chain6_hole_2,510,3188117497,0.22272727272727272,Sx,2.490545687800169,0.002756065520755231,2.5,3.9628056733104815,2.4796239357185046,2.501467439881833,False
haxs.stage5c2gR32.batch-statistics.v1,limit_hopping_zero_chain6,chain6_hole_2,510,3188117497,0.22272727272727272,Sy,-0.021330897104517275,0.03562140277134967,2.5,3.9628056733104815,-0.16249159409809943,0.11982979988906489,False
haxs.stage5c2gR32.batch-statistics.v1,limit_hopping_zero_chain6,chain6_hole_2,510,3188117497,0.22272727272727272,Sz,0.010742187499883855,0.03440347832741221,2.5,3.9628056733104815,-0.12559211159759945,0.14707648659736713,False
haxs.stage5c2gR32.batch-statistics.v1,limit_hopping_zero_chain6,chain6_hole_2,510,3188117497,0.2545454545454545,Sx,2.487968115897357,0.0031410641414585196,2.5,3.9628056733104815,2.475520689097353,2.500415542697361,False
haxs.stage5c2gR32.batch-statistics.v1,limit_hopping_zero_chain6,chain6_hole_2,510,3188117497,0.2545454545454545,Sy,-0.02175785465583568,0.035699725562681944,2.5,3.9628056733104815,-0.1632289296512589,0.11971322033958753,False
haxs.stage5c2gR32.batch-statistics.v1,limit_hopping_zero_chain6,chain6_hole_2,510,3188117497,0.2545454545454545,Sz,0.010742187499873783,0.034403478327414916,2.5,3.9628056733104815,-0.12559211159762024,0.14707648659736783,False
haxs.stage5c2gR32.batch-statistics.v1,limit_hopping_zero_chain6,chain6_hole_2,510,3188117497,0.2863636363636363,Sx,2.4850870962483325,0.0035226074549771537,2.5,3.9628056733104815,2.4711276874409034,2.4990465050557615,False
haxs.stage5c2gR32.batch-statistics.v1,limit_hopping_zero_chain6,chain6_hole_2,510,3188117497,0.2863636363636363,Sy,-0.02219013612664261,0.03578476352769184,2.5,3.9628056733104815,-0.16399820005225382,0.1196179277989686,False
haxs.stage5c2gR32.batch-statistics.v1,limit_hopping_zero_chain6,chain6_hole_2,510,3188117497,0.2863636363636363,Sz,0.01074218749986564,0.03440347832741796,2.5,3.9628056733104815,-0.12559211159764047,0.14707648659737174,False
haxs.stage5c2gR32.batch-statistics.v1,limit_hopping_zero_chain6,chain6_hole_2,510,3188117497,0.3181818181818181,Sx,2.4819045698725413,0.00390032745895385,2.5,3.9628056733104815,2.4664483300904303,2.4973608096546522,False
haxs.stage5c2gR32.batch-statistics.v1,limit_hopping_zero_chain6,chain6_hole_2,510,3188117497,0.3181818181818181,Sy,-0.02262694038575119,0.035876269192748285,2.5,3.9628056733104815,-0.16479762347998814,0.11954374270848575,False
haxs.stage5c2gR32.batch-statistics.v1,limit_hopping_zero_chain6,chain6_hole_2,510,3188117497,0.3181818181818181,Sz,0.01074218749985945,0.03440347832742124,2.5,3.9628056733104815,-0.12559211159765962,0.14707648659737851,False
haxs.stage5c2gR32.batch-statistics.v1,limit_hopping_zero_chain6,chain6_hole_2,510,3188117497,0.35,Sx,2.478422885751076,0.004273885132139859,2.5,3.9628056733104815,2.461486309502355,2.495359461999797,False
haxs.stage5c2gR32.batch-statistics.v1,limit_hopping_zero_chain6,chain6_hole_2,510,3188117497,0.35,Sy,-0.02306745849029233,0.03597397519873529,2.5,3.9628056733104815,-0.1656253314993711,0.11949041451878643,False
haxs.stage5c2gR32.batch-statistics.v1,limit_hopping_zero_chain6,chain6_hole_2,510,3188117497,0.35,Sz,0.010742187499855234,0.03440347832742471,2.5,3.9628056733104815,-0.1255921115976776,0.14707648659738806,False
haxs.stage5c2gR32.batch-statistics.v1,limit_hopping_zero_chain6,chain6_hole_2,510,3188117497,0.3818181818181818,Sx,2.4746448334906357,0.004642973072698375,2.5,3.9628056733104815,2.4562456334571188,2.4930440335241526,False
haxs.stage5c2gR32.batch-statistics.v1,limit_hopping_zero_chain6,chain6_hole_2,510,3188117497,0.3818181818181818,Sy,-0.02351087933081028,0.03607759637096095,2.5,3.9628056733104815,-0.16647938290905998,0.11945762424743941,False
haxs.stage5c2gR32.batch-statistics.v1,limit_hopping_zero_chain6,chain6_hole_2,510,3188117497,0.3818181818181818,Sz,0.010742187499852968,0.034403478327428245,2.5,3.9628056733104815,-0.12559211159769387,0.14707648659739983,False
haxs.stage5c2gR32.batch-statistics.v1,limit_hopping_zero_chain6,chain6_hole_2,510,3188117497,0.4136363636363636,Sx,2.4705736746459355,0.005007317898733612,2.5,3.9628056733104815,2.450730646868765,2.490416702423106,False
haxs.stage5c2gR32.batch-statistics.v1,limit_hopping_zero_chain6,chain6_hole_2,510,3188117497,0.4136363636363636,Sy,-0.02395639559970239,0.03618683205337516,2.5,3.9628056733104815,-0.16735777895995105,0.11944498776054627,False
haxs.stage5c2gR32.batch-statistics.v1,limit_hopping_zero_chain6,chain6_hole_2,510,3188117497,0.4136363636363636,Sz,0.010742187499852505,0.034403478327431986,2.5,3.9628056733104815,-0.12559211159770917,0.14707648659741418,False
haxs.stage5c2gR32.batch-statistics.v1,limit_hopping_zero_chain6,chain6_hole_2,510,3188117497,0.44545454545454544,Sx,2.466213171662331,0.005366682339425233,2.5,3.9628056733104815,2.4449460524408013,2.4874802908838602,False
haxs.stage5c2gR32.batch-statistics.v1,limit_hopping_zero_chain6,chain6_hole_2,510,3188117497,0.44545454545454544,Sy,-0.024403210015923025,0.03630136870293478,2.5,3.9628056733104815,-0.16825847986084852,0.11945205982900248,False
haxs.stage5c2gR32.batch-statistics.v1,limit_hopping_zero_chain6,chain6_hole_2,510,3188117497,0.44545454545454544,Sz,0.010742187499853903,0.03440347832743562,2.5,3.9628056733104815,-0.12559211159772218,0.14707648659742997,False
haxs.stage5c2gR32.batch-statistics.v1,limit_hopping_zero_chain6,chain6_hole_2,510,3188117497,0.47727272727272724,Sx,2.461567613357125,0.005720866949592134,2.5,3.9628056733104815,2.438896929353027,2.484238297361223,False
haxs.stage5c2gR32.batch-statistics.v1,limit_hopping_zero_chain6,chain6_hole_2,510,3188117497,0.47727272727272724,Sy,-0.024850541725717143,0.03642088272931791,2.5,3.9628056733104815,-0.1691794224324339,0.11947833898099962,False
haxs.stage5c2gR32.batch-statistics.v1,limit_hopping_zero_chain6,chain6_hole_2,510,3188117497,0.47727272727272724,Sz,0.010742187499856792,0.0344034783274393,2.5,3.9628056733104815,-0.12559211159773387,0.14707648659744743,False
haxs.stage5c2gR32.batch-statistics.v1,limit_hopping_zero_chain6,chain6_hole_2,510,3188117497,0.509090909090909,Sx,2.4566418358447786,0.006069711388765225,2.5,3.9628056733104815,2.4325887491180227,2.4806949225715345,False
haxs.stage5c2gR32.batch-statistics.v1,limit_hopping_zero_chain6,chain6_hole_2,510,3188117497,0.509090909090909,Sy,-0.025297632785856918,0.036545043553297754,2.5,3.9628056733104815,-0.1701185387102439,0.11952327313853006,False
haxs.stage5c2gR32.batch-statistics.v1,limit_hopping_zero_chain6,chain6_hole_2,510,3188117497,0.509090909090909,Sz,0.01074218749986116,0.034403478327442914,2.5,3.9628056733104815,-0.1255921115977438,0.14707648659746614,False
haxs.stage5c2gR32.batch-statistics.v1,limit_hopping_zero_chain6,chain6_hole_2,510,3188117497,0.5409090909090909,Sx,2.4514412378324346,0.006413095216976837,2.5,3.9628056733104815,2.4260273877231184,2.476855087941751,False
haxs.stage5c2gR32.batch-statistics.v1,limit_hopping_zero_chain6,chain6_hole_2,510,3188117497,0.5409090909090909,Sy,-0.025743754622820334,0.036673516844490314,2.5,3.9628056733104815,-0.17107377523441405,0.1195862659887734,False
haxs.stage5c2gR32.batch-statistics.v1,limit_hopping_zero_chain6,chain6_hole_2,510,3188117497,0.5409090909090909,Sz,0.010742187499866832,0.034403478327446446,2.5,3.9628056733104815,-0.12559211159775213,0.1470764865974858,False
haxs.stage5c2gR32.batch-statistics.v1,limit_hopping_zero_chain6,chain6_hole_2,510,3188117497,0.5727272727272726,Sx,2.4459717892703328,0.006750938172407723,2.5,3.9628056733104815,2.419219133180547,2.4727244453601185,False
haxs.stage5c2gR32.batch-statistics.v1,limit_hopping_zero_chain6,chain6_hole_2,510,3188117497,0.5727272727272726,Sy,-0.026188214349086237,0.036805967886558884,2.5,3.9628056733104815,-0.17204311270162517,0.11966668400345269,False
haxs.stage5c2gR32.batch-statistics.v1,limit_hopping_zero_chain6,chain6_hole_2,510,3188117497,0.5727272727272726,Sz,0.010742187499873464,0.03440347832744973,2.5,3.9628056733104815,-0.12559211159775852,0.14707648659750544,False
haxs.stage5c2gR32.batch-statistics.v1,limit_hopping_zero_chain6,chain6_hole_2,510,3188117497,0.6045454545454545,Sx,2.440240032438088,0.007083199909751343,2.5,3.9628056733104815,2.412170687650533,2.468309377225643,False
haxs.stage5c2gR32.batch-statistics.v1,limit_hopping_zero_chain6,chain6_hole_2,510,3188117497,0.6045454545454545,Sy,-0.026630360806897815,0.036942065006057845,2.5,3.9628056733104815,-0.17302458559670844,0.1197638639829128,False
haxs.stage5c2gR32.batch-statistics.v1,limit_hopping_zero_chain6,chain6_hole_2,510,3188117497,0.6045454545454545,Sz,0.010742187499880916,0.03440347832745278,2.5,3.9628056733104815,-0.12559211159776315,0.147076486597525,False
haxs.stage5c2gR32.batch-statistics.v1,limit_hopping_zero_chain6,chain6_hole_2,510,3188117497,0.6363636363636362,Sx,2.4342530746816102,0.007409879191835771,2.5,3.9628056733104815,2.4048891633816583,2.463616985981562,False
haxs.stage5c2gR32.batch-statistics.v1,limit_hopping_zero_chain6,chain6_hole_2,510,3188117497,0.6363636363636362,Sy,-0.027069590201241073,0.0370814829907329,2.5,3.9628056733104815,-0.17401630137168353,0.11987712096920138,False
haxs.stage5c2gR32.batch-statistics.v1,limit_hopping_zero_chain6,chain6_hole_2,510,3188117497,0.6363636363636362,Sz,0.010742187499888962,0.03440347832745564,2.5,3.9628056733104815,-0.12559211159776645,0.14707648659754435,False
haxs.stage5c2gR32.batch-statistics.v1,limit_hopping_zero_chain6,chain6_hole_2,510,3188117497,0.6681818181818181,Sx,2.428018572185014,0.007731012540172334,2.5,3.9628056733104815,2.397382071830384,2.4586550725396434,False
haxs.stage5c2gR32.batch-statistics.v1,limit_hopping_zero_chain6,chain6_hole_2,510,3188117497,0.6681818181818181,Sy,-0.027505351178271284,0.03722390641506904,2.5,3.9628056733104815,-0.17501645870268534,0.12000575634614276,False
haxs.stage5c2gR32.batch-statistics.v1,limit_hopping_zero_chain6,chain6_hole_2,510,3188117497,0.6681818181818181,Sz,0.010742187499897303,0.03440347832745817,2.5,3.9628056733104815,-0.12559211159776815,0.14707648659756276,False
haxs.stage5c2gR32.batch-statistics.v1,limit_hopping_zero_chain6,chain6_hole_2,510,3188117497,0.7,Sx,2.421544704363977,0.008046672362510878,2.5,3.9628056733104815,2.389657305474548,2.4534321032534057,False
haxs.stage5c2gR32.batch-statistics.v1,limit_hopping_zero_chain6,chain6_hole_2,510,3188117497,0.7,Sy,-0.027937149203880834,0.03736903278593117,2.5,3.9628056733104815,-0.17602336433409427,0.12014906592633261,False
haxs.stage5c2gR32.batch-statistics.v1,limit_hopping_zero_chain6,chain6_hole_2,510,3188117497,0.7,Sz,0.010742187499905813,0.034403478327460324,2.5,3.9628056733104815,-0.12559211159776815,0.1470764865975798,False
haxs.stage5c2gR32.batch-statistics.v1,limit_hopping_zero_chain6,chain6_hole_2,510,3188117497,0.7318181818181817,Sx,2.4148401386961535,0.008356964587331563,2.5,3.9628056733104815,2.3817231120178213,2.447957165374486,False
haxs.stage5c2gR32.batch-statistics.v1,limit_hopping_zero_chain6,chain6_hole_2,510,3188117497,0.7318181818181817,Sy,-0.028364550100370263,0.03751657541986613,2.5,3.9628056733104815,-0.17703544801739632,0.1203063478166558,False
haxs.stage5c2gR32.batch-statistics.v1,limit_hopping_zero_chain6,chain6_hole_2,510,3188117497,0.7318181818181817,Sz,0.010742187499914234,0.0344034783274622,2.5,3.9628056733104815,-0.12559211159776715,0.14707648659759562,False
haxs.stage5c2gR32.batch-statistics.v1,limit_hopping_zero_chain6,chain6_hole_2,510,3188117497,0.7636363636363636,Sx,2.4079139860568626,0.008662025846865496,2.5,3.9628056733104815,2.373588060888542,2.442239911225183,False
haxs.stage5c2gR32.batch-statistics.v1,limit_hopping_zero_chain6,chain6_hole_2,510,3188117497,0.7636363636363636,Sy,-0.02878718260793271,0.037666265966445456,2.5,3.9628056733104815,-0.17805127507218427,0.12047690985631886,False
haxs.stage5c2gR32.batch-statistics.v1,limit_hopping_zero_chain6,chain6_hole_2,510,3188117497,0.7636363636363636,Sz,0.01074218749992246,0.03440347832746368,2.5,3.9628056733104815,-0.12559211159776482,0.14707648659760972,False
haxs.stage5c2gR32.batch-statistics.v1,limit_hopping_zero_chain6,chain6_hole_2,510,3188117497,0.7954545454545454,Sx,2.4007757468949755,0.008962020262146103,2.5,3.9628056733104815,2.3652610021558194,2.4362904916341317,False
haxs.stage5c2gR32.batch-statistics.v1,limit_hopping_zero_chain6,chain6_hole_2,510,3188117497,0.7954545454545454,Sy,-0.029204739852313658,0.03781785649907348,2.5,3.9628056733104815,-0.17906955613928371,0.12066007643465639,False
haxs.stage5c2gR32.batch-statistics.v1,limit_hopping_zero_chain6,chain6_hole_2,510,3188117497,0.7954545454545454,Sz,0.010742187499930278,0.03440347832746473,2.5,3.9628056733104815,-0.12559211159776115,0.1470764865976217,False
haxs.stage5c2gR32.batch-statistics.v1,limit_hopping_zero_chain6,chain6_hole_2,510,3188117497,0.8272727272727272,Sx,2.3934352488595576,0.00925713589607216,2.5,3.9628056733104815,2.356751018211997,2.4301194795071184,False
haxs.stage5c2gR32.batch-statistics.v1,limit_hopping_zero_chain6,chain6_hole_2,510,3188117497,0.8272727272727272,Sy,-0.02961697962066402,0.03797112110584384,2.5,3.9628056733104815,-0.18008915376086132,0.12085519451953329,False
haxs.stage5c2gR32.batch-statistics.v1,limit_hopping_zero_chain6,chain6_hole_2,510,3188117497,0.8272727272727272,Sz,0.01074218749993767,0.034403478327465355,2.5,3.9628056733104815,-0.12559211159775624,0.14707648659763156,False
haxs.stage5c2gR32.batch-statistics.v1,limit_hopping_zero_chain6,chain6_hole_2,510,3188117497,0.859090909090909,Sx,2.3859025767614774,0.009547580953545371,2.5,3.9628056733104815,2.3480673687923765,2.4237377847305783,False
haxs.stage5c2gR32.batch-statistics.v1,limit_hopping_zero_chain6,chain6_hole_2,510,3188117497,0.859090909090909,Sy,-0.030023723373958706,0.038125856927878225,2.5,3.9628056733104815,-0.18110908550757826,0.12106163875966086,False
haxs.stage5c2gR32.batch-statistics.v1,limit_hopping_zero_chain6,chain6_hole_2,510,3188117497,0.859090909090909,Sz,0.010742187499944562,0.03440347832746559,2.5,3.9628056733104815,-0.12559211159775027,0.14707648659763942,False
haxs.stage5c2gR32.batch-statistics.v1,limit_hopping_zero_chain6,chain6_hole_2,510,3188117497,0.8909090909090909,Sx,2.3781879960171017,0.009833579821065445,2.5,3.9628056733104815,2.339219430113232,2.4171565619209714,False
haxs.stage5c2gR32.batch-statistics.v1,limit_hopping_zero_chain6,chain6_hole_2,510,3188117497,0.8909090909090909,Sy,-0.030424853955703858,0.03828188461042888,2.5,3.9628056733104815,-0.18212852347492864,0.12127881556352094,False
haxs.stage5c2gR32.batch-statistics.v1,limit_hopping_zero_chain6,chain6_hole_2,510,3188117497,0.8909090909090909,Sz,0.01074218749995077,0.034403478327465445,2.5,3.9628056733104815,-0.1255921115977435,0.14707648659764502,False
haxs.stage5c2gR32.batch-statistics.v1,limit_hopping_zero_chain6,chain6_hole_2,510,3188117497,0.9227272727272726,Sx,2.370301870961958,0.010115369050900118,2.5,3.9628056733104815,2.330216629099422,2.4103871128244942,False
haxs.stage5c2gR32.batch-statistics.v1,limit_hopping_zero_chain6,chain6_hole_2,510,3188117497,0.9227272727272726,Sy,-0.03082031199187681,0.03843904815194012,2.5,3.9628056733104815,-0.1831467900850399,0.12150616610128627,False
haxs.stage5c2gR32.batch-statistics.v1,limit_hopping_zero_chain6,chain6_hole_2,510,3188117497,0.9227272727272726,Sz,0.010742187499956367,0.03440347832746485,2.5,3.9628056733104815,-0.12559211159773553,0.14707648659764827,False
haxs.stage5c2gR32.batch-statistics.v1,limit_hopping_zero_chain6,chain6_hole_2,510,3188117497,0.9545454545454545,Sx,2.362254579630281,0.01039319340586955,2.5,3.9628056733104815,2.3210683738376883,2.403440785422874,False
haxs.stage5c2gR32.batch-statistics.v1,limit_hopping_zero_chain6,chain6_hole_2,510,3188117497,0.9545454545454545,Sy,-0.031210091014679246,0.03859721415714974,2.5,3.9628056733104815,-0.1841633502506119,0.12174316822125339,False
haxs.stage5c2gR32.batch-statistics.v1,limit_hopping_zero_chain6,chain6_hole_2,510,3188117497,0.9545454545454545,Sz,0.010742187499961491,0.03440347832746387,2.5,3.9628056733104815,-0.1255921115977265,0.14707648659764952,False
haxs.stage5c2gR32.batch-statistics.v1,limit_hopping_zero_chain6,chain6_hole_2,510,3188117497,0.9863636363636362,Sx,2.3540564267597377,0.010667302088379857,2.5,3.9628056733104815,2.3117839815249894,2.396328871994486,False
haxs.stage5c2gR32.batch-statistics.v1,limit_hopping_zero_chain6,chain6_hole_2,510,3188117497,0.9863636363636362,Sy,-0.03159423138101888,0.038756270520998365,2.5,3.9628056733104815,-0.18517780007798698,0.12198933731594921,False
haxs.stage5c2gR32.batch-statistics.v1,limit_hopping_zero_chain6,chain6_hole_2,510,3188117497,0.9863636363636362,Sz,0.010742187499966017,0.03440347832746265,2.5,3.9628056733104815,-0.12559211159771716,0.14707648659764921,False
haxs.stage5c2gR32.batch-statistics.v1,limit_hopping_zero_chain6,chain6_hole_2,510,3188117497,1.018181818181818,Sx,2.345717556890285,0.010937945280013406,2.5,3.9628056733104815,2.302372605280288,2.389062508500282,False
haxs.stage5c2gR32.batch-statistics.v1,limit_hopping_zero_chain6,chain6_hole_2,510,3188117497,1.018181818181818,Sy,-0.03197281309383359,0.03891612458945208,2.5,3.9628056733104815,-0.18618985240017183,0.12224422621250464,False
haxs.stage5c2gR32.batch-statistics.v1,limit_hopping_zero_chain6,chain6_hole_2,510,3188117497,1.018181818181818,Sz,0.010742187499970015,0.034403478327461,2.5,3.9628056733104815,-0.1255921115977066,0.14707648659764666,False
haxs.stage5c2gR32.batch-statistics.v1,limit_hopping_zero_chain6,chain6_hole_2,510,3188117497,1.0499999999999998,Sx,2.3372478694729026,0.011205371114293369,2.5,3.9628056733104815,2.2928431612496314,2.381652577696174,False
haxs.stage5c2gR32.batch-statistics.v1,limit_hopping_zero_chain6,chain6_hole_2,510,3188117497,1.0499999999999998,Sy,-0.032345947668601285,0.039076700860284294,2.5,3.9628056733104815,-0.18719931953199248,0.1225074241947899,False
haxs.stage5c2gR32.batch-statistics.v1,limit_hopping_zero_chain6,chain6_hole_2,510,3188117497,1.0499999999999998,Sz,0.01074218749997378,0.03440347832745899,2.5,3.9628056733104815,-0.12559211159769493,0.14707648659764247,False
haxs.stage5c2gR32.batch-statistics.v1,limit_hopping_zero_chain6,chain6_hole_2,510,3188117497,1.0818181818181818,Sx,2.3286569378817705,0.011469823194136334,2.5,3.9628056733104815,2.283204257456179,2.374109618307362,False
haxs.stage5c2gR32.batch-statistics.v1,limit_hopping_zero_chain6,chain6_hole_2,510,3188117497,1.0818181818181818,Sy,-0.032713769216992136,0.039237938300587645,2.5,3.9628056733104815,-0.1882060937235675,0.12277855528958322,False
haxs.stage5c2gR32.batch-statistics.v1,limit_hopping_zero_chain6,chain6_hole_2,510,3188117497,1.0818181818181818,Sz,0.010742187499977237,0.03440347832745683,2.5,3.9628056733104815,-0.12559211159768288,0.14707648659763736,False
haxs.stage5c2gR32.batch-statistics.v1,limit_hopping_zero_chain6,chain6_hole_2,510,3188117497,1.1136363636363635,Sx,2.3199539341307704,0.011731538746536155,2.5,3.9628056733104815,2.273464125829335,2.366443742432206,False
haxs.stage5c2gR32.batch-statistics.v1,limit_hopping_zero_chain6,chain6_hole_2,510,3188117497,1.1136363636363635,Sy,-0.03307642494323019,0.039399787367690675,2.5,3.9628056733104815,-0.18921012585114144,0.12305727596468108,False
haxs.stage5c2gR32.batch-statistics.v1,limit_hopping_zero_chain6,chain6_hole_2,510,3188117497,1.1136363636363635,Sz,0.010742187499980578,0.034403478327454384,2.5,3.9628056733104815,-0.12559211159766986,0.147076486597631,False
haxs.stage5c2gR32.batch-statistics.v1,limit_hopping_zero_chain6,chain6_hole_2,510,3188117497,1.1454545454545453,Sx,2.3111475609315515,0.011990747480455156,2.5,3.9628056733104815,2.2636305587887704,2.3586645630743326,False
haxs.stage5c2gR32.batch-statistics.v1,limit_hopping_zero_chain6,chain6_hole_2,510,3188117497,1.1454545454545453,Sy,-0.03343406526538928,0.03956220682597683,2.5,3.9628056733104815,-0.19021140292405292,0.12334327239327436,False
haxs.stage5c2gR32.batch-statistics.v1,limit_hopping_zero_chain6,chain6_hole_2,510,3188117497,1.1454545454545453,Sz,0.010742187499983928,0.034403478327451824,2.5,3.9628056733104815,-0.12559211159765635,0.1470764865976242,False
haxs.stage5c2gR32.batch-statistics.v1,limit_hopping_zero_chain6,chain6_hole_2,510,3188117497,1.1772727272727272,Sx,2.3022459925027245,0.012247671180782871,2.5,3.9628056733104815,2.2537108516626767,2.3507811333427724,False
haxs.stage5c2gR32.batch-statistics.v1,limit_hopping_zero_chain6,chain6_hole_2,510,3188117497,1.1772727272727272,Sy,-0.03378683378304416,0.039725160453854456,2.5,3.9628056733104815,-0.1912099250027478,0.12363625743665947,False
haxs.stage5c2gR32.batch-statistics.v1,limit_hopping_zero_chain6,chain6_hole_2,510,3188117497,1.1772727272727272,Sz,0.010742187499987432,0.03440347832744913,2.5,3.9628056733104815,-0.1255921115976422,0.14707648659761705,False
haxs.stage5c2gR32.batch-statistics.v1,limit_hopping_zero_chain6,chain6_hole_2,510,3188117497,1.209090909090909,Sx,2.293256825255637,0.012502524033312102,2.5,3.9628056733104815,2.2437117520857273,2.342801898425547,False
haxs.stage5c2gR32.batch-statistics.v1,limit_hopping_zero_chain6,chain6_hole_2,510,3188117497,1.209090909090909,Sy,-0.034134857314436065,0.039888613733105045,2.5,3.9628056733104815,-0.1922056821164751,0.12393596748760298,False
haxs.stage5c2gR32.batch-statistics.v1,limit_hopping_zero_chain6,chain6_hole_2,510,3188117497,1.209090909090909,Sz,0.01074218749999117,0.03440347832744645,2.5,3.9628056733104815,-0.12559211159762781,0.14707648659761016,False
haxs.stage5c2gR32.batch-statistics.v1,limit_hopping_zero_chain6,chain6_hole_2,510,3188117497,1.2409090909090907,Sx,2.284187039155687,0.01275551363532112,2.5,3.9628056733104815,2.233639417355647,2.3347346609557267,False
haxs.stage5c2gR32.batch-statistics.v1,limit_hopping_zero_chain6,chain6_hole_2,510,3188117497,1.2409090909090907,Sy,-0.03447823622107741,0.040052530607578164,2.5,3.9628056733104815,-0.19319863174322985,0.12424215930107504,False
haxs.stage5c2gR32.batch-statistics.v1,limit_hopping_zero_chain6,chain6_hole_2,510,3188117497,1.2409090909090907,Sz,0.010742187499995278,0.034403478327443705,2.5,3.9628056733104815,-0.12559211159761283,0.1470764865976034,False
haxs.stage5c2gR32.batch-statistics.v1,limit_hopping_zero_chain6,chain6_hole_2,510,3188117497,1.2727272727272725,Sx,2.2750429702038324,0.013006842606243935,2.5,3.9628056733104815,2.2234993805319525,2.3265865598757123,False
haxs.stage5c2gR32.batch-statistics.v1,limit_hopping_zero_chain6,chain6_hole_2,510,3188117497,1.2727272727272725,Sy,-0.03481703522641348,0.04021687039039671,2.5,3.9628056733104815,-0.19418867737226986,0.12455460691944291,False
haxs.stage5c2gR32.batch-statistics.v1,limit_hopping_zero_chain6,chain6_hole_2,510,3188117497,1.2727272727272725,Sz,0.01074218749999998,0.034403478327441055,2.5,3.9628056733104815,-0.12559211159759764,0.1470764865975976,False
haxs.stage5c2gR32.batch-statistics.v1,limit_hopping_zero_chain6,chain6_hole_2,510,3188117497,1.3045454545454545,Sx,2.2658302941190858,0.013256710675897503,2.5,3.9628056733104815,2.2132965258432034,2.318364062394968,False
haxs.stage5c2gR32.batch-statistics.v1,limit_hopping_zero_chain6,chain6_hole_2,510,3188117497,1.3045454545454545,Sy,-0.035151274919005986,0.040381584889283624,2.5,3.9628056733104815,-0.19517564861552794,0.12487309877751596,False
haxs.stage5c2gR32.batch-statistics.v1,limit_hopping_zero_chain6,chain6_hole_2,510,3188117497,1.3045454545454545,Sz,0.010742187500005265,0.0344034783274385,2.5,3.9628056733104815,-0.1255921115975822,0.14707648659759276,False
haxs.stage5c2gR32.batch-statistics.v1,limit_hopping_zero_chain6,chain6_hole_2,510,3188117497,1.3363636363636362,Sx,2.2565540209470827,0.013505317096519968,2.5,3.9628056733104815,2.2030350737371363,2.310072968157029,False
haxs.stage5c2gR32.batch-statistics.v1,limit_hopping_zero_chain6,chain6_hole_2,510,3188117497,1.3363636363636362,Sy,-0.03548092411116066,0.04054661580912179,2.5,3.9628056733104815,-0.19615928327308896,0.12519743505076764,False
haxs.stage5c2gR32.batch-statistics.v1,limit_hopping_zero_chain6,chain6_hole_2,510,3188117497,1.3363636363636362,Sz,0.010742187500011203,0.034403478327436114,2.5,3.9628056733104815,-0.1255921115975668,0.14707648659758923,False
haxs.stage5c2gR32.batch-statistics.v1,limit_hopping_zero_chain6,chain6_hole_2,510,3188117497,1.368181818181818,Sx,2.2472184999898954,0.013752863201815027,2.5,3.9628056733104815,2.19271857566948,2.301718424310311,False
haxs.stage5c2gR32.batch-statistics.v1,limit_hopping_zero_chain6,chain6_hole_2,510,3188117497,1.368181818181818,Sy,-0.03580589320248974,0.040711892480178556,2.5,3.9628056733104815,-0.19713921169414766,0.12552742528916816,False
haxs.stage5c2gR32.batch-statistics.v1,limit_hopping_zero_chain6,chain6_hole_2,510,3188117497,1.368181818181818,Sz,0.010742187500017968,0.034403478327433984,2.5,3.9628056733104815,-0.12559211159755163,0.14707648659758754,False
haxs.stage5c2gR32.batch-statistics.v1,limit_hopping_zero_chain6,chain6_hole_2,510,3188117497,1.4,Sx,2.237827434164777,0.013999554923090435,2.5,3.9628056733104815,2.1823499184917323,2.2933049498378213,False
haxs.stage5c2gR32.batch-statistics.v1,limit_hopping_zero_chain6,chain6_hole_2,510,3188117497,1.4,Sy,-0.03612602867604169,0.040877329950203885,2.5,3.9628056733104815,-0.1981149437124941,0.1258628863604107,False
haxs.stage5c2gR32.batch-statistics.v1,limit_hopping_zero_chain6,chain6_hole_2,510,3188117497,1.4,Sz,0.01074218750002558,0.03440347832743206,2.5,3.9628056733104815,-0.1255921115975364,0.14707648659758757,False
haxs.stage5c2gR32.batch-statistics.v1,limit_hopping_zero_chain6,chain6_hole_2,511,820641972,0.0,Sx,2.5,0.0,2.5,3.9628056733104815,2.5,2.5,False
haxs.stage5c2gR32.batch-statistics.v1,limit_hopping_zero_chain6,chain6_hole_2,511,820641972,0.0,Sy,0.021484375,0.03535651819560003,2.5,3.9628056733104815,-0.11862663589402908,0.16159538589402908,False
haxs.stage5c2gR32.batch-statistics.v1,limit_hopping_zero_chain6,chain6_hole_2,511,820641972,0.0,Sz,-0.0263671875,0.034450703179803636,2.5,3.9628056733104815,-0.1628886295104613,0.11015425451046129,False
haxs.stage5c2gR32.batch-statistics.v1,limit_hopping_zero_chain6,chain6_hole_2,511,820641972,0.031818181818181815,Sx,2.500016154278775,0.0003990740996155624,2.5,3.9628056733104815,2.4984347011727475,2.5015976073848027,False
haxs.stage5c2gR32.batch-statistics.v1,limit_hopping_zero_chain6,chain6_hole_2,511,820641972,0.031818181818181815,Sy,0.02202966256679426,0.03535253873187187,2.5,3.9628056733104815,-0.11806557848579613,0.16212490361938464,False
haxs.stage5c2gR32.batch-statistics.v1,limit_hopping_zero_chain6,chain6_hole_2,511,820641972,0.031818181818181815,Sz,-0.026367187499983777,0.03445070317980432,2.5,3.9628056733104815,-0.1628886295104478,0.11015425451048023,False
haxs.stage5c2gR32.batch-statistics.v1,limit_hopping_zero_chain6,chain6_hole_2,511,820641972,0.06363636363636363,Sx,2.4997198097890734,0.0007971431358246736,2.5,3.9628056733104815,2.4965608864479867,2.50287873313016,False
haxs.stage5c2gR32.batch-statistics.v1,limit_hopping_zero_chain6,chain6_hole_2,511,820641972,0.06363636363636363,Sy,0.02259439163755647,0.03535658951486702,2.5,3.9628056733104815,-0.11751690188086844,0.16270568515598138,False
haxs.stage5c2gR32.batch-statistics.v1,limit_hopping_zero_chain6,chain6_hole_2,511,820641972,0.06363636363636363,Sz,-0.026367187499968633,0.034450703179805434,2.5,3.9628056733104815,-0.16288862951043706,0.11015425451049979,False
haxs.stage5c2gR32.batch-statistics.v1,limit_hopping_zero_chain6,chain6_hole_2,511,820641972,0.09545454545454544,Sx,2.499108945804742,0.0011936939952922935,2.5,3.9628056733104815,2.4943785684680013,2.503839323141483,False
haxs.stage5c2gR32.batch-statistics.v1,limit_hopping_zero_chain6,chain6_hole_2,511,820641972,0.09545454545454544,Sy,0.023177436411726784,0.03536864600361968,2.5,3.9628056733104815,-0.11698163462872735,0.16333650745218092,False
haxs.stage5c2gR32.batch-statistics.v1,limit_hopping_zero_chain6,chain6_hole_2,511,820641972,0.09545454545454544,Sz,-0.02636718749995468,0.034450703179806946,2.5,3.9628056733104815,-0.1628886295104291,0.11015425451051974,False
haxs.stage5c2gR32.batch-statistics.v1,limit_hopping_zero_chain6,chain6_hole_2,511,820641972,0.12727272727272726,Sx,2.4981817883960336,0.0015882272444457256,2.5,3.9628056733104815,2.4918879524612376,2.5044756243308295,False
haxs.stage5c2gR32.batch-statistics.v1,limit_hopping_zero_chain6,chain6_hole_2,511,820641972,0.12727272727272726,Sy,0.02377755245375051,0.03538865618346766,2.5,3.9628056733104815,-0.1164608150409292,0.16401591994843023,False
haxs.stage5c2gR32.batch-statistics.v1,limit_hopping_zero_chain6,chain6_hole_2,511,820641972,0.12727272727272726,Sz,-0.0263671874999422,0.03445070317980889,2.5,3.9628056733104815,-0.16288862951042432,0.11015425451053991,False
haxs.stage5c2gR32.batch-statistics.v1,limit_hopping_zero_chain6,chain6_hole_2,511,820641972,0.15909090909090906,Sx,2.4969368485661096,0.001980260679590463,2.5,3.9628056733104815,2.489089460310395,2.5047842368218243,False
haxs.stage5c2gR32.batch-statistics.v1,limit_hopping_zero_chain6,chain6_hole_2,511,820641972,0.15909090909090906,Sy,0.024393385703406104,0.03541654076087157,2.5,3.9628056733104815,-0.11595548295280766,0.16474225435961987,False
haxs.stage5c2gR32.batch-statistics.v1,limit_hopping_zero_chain6,chain6_hole_2,511,820641972,0.15909090909090906,Sz,-0.026367187499931284,0.03445070317981123,2.5,3.9628056733104815,-0.16288862951042266,0.1101542545105601,False
haxs.stage5c2gR32.batch-statistics.v1,limit_hopping_zero_chain6,chain6_hole_2,511,820641972,0.1909090909090909,Sx,2.4953729644107874,0.002369332857030705,2.5,3.9628056733104815,2.4859837587229854,2.5047621700985894,False
haxs.stage5c2gR32.batch-statistics.v1,limit_hopping_zero_chain6,chain6_hole_2,511,820641972,0.1909090909090909,Sy,0.025023482529210928,0.03545219351751538,2.5,3.9628056733104815,-0.1154666710733001,0.16551363613172196,False
haxs.stage5c2gR32.batch-statistics.v1,limit_hopping_zero_chain6,chain6_hole_2,511,820641972,0.1909090909090909,Sz,-0.02636718749992198,0.03445070317981385,2.5,3.9628056733104815,-0.16288862951042374,0.11015425451057978,False
haxs.stage5c2gR32.batch-statistics.v1,limit_hopping_zero_chain6,chain6_hole_2,511,820641972,0.22272727272727272,Sx,2.493489346523652,0.0027550065954142734,2.5,3.9628056733104815,2.4825717907573366,2.504406902289967,False
haxs.stage5c2gR32.batch-statistics.v1,limit_hopping_zero_chain6,chain6_hole_2,511,820641972,0.22272727272727272,Sy,0.025666300822780742,0.03549548184116562,2.5,3.9628056733104815,-0.11499539599427955,0.16632799763984102,False
haxs.stage5c2gR32.batch-statistics.v1,limit_hopping_zero_chain6,chain6_hole_2,511,820641972,0.22272727272727272,Sz,-0.026367187499914315,0.034450703179816806,2.5,3.9628056733104815,-0.16288862951042782,0.11015425451059918,False
haxs.stage5c2gR32.batch-statistics.v1,limit_hopping_zero_chain6,chain6_hole_2,511,820641972,0.2545454545454545,Sx,2.491285625752339,0.0031368724237915728,2.5,3.9628056733104815,2.4788548099148864,2.5037164415897912,False
haxs.stage5c2gR32.batch-statistics.v1,limit_hopping_zero_chain6,chain6_hole_2,511,820641972,0.2545454545454545,Sy,0.026320222134992494,0.03554624745323418,2.5,3.9628056733104815,-0.11454264893758218,0.16718309320756716,False
haxs.stage5c2gR32.batch-statistics.v1,limit_hopping_zero_chain6,chain6_hole_2,511,820641972,0.2545454545454545,Sz,-0.026367187499908414,0.03445070317982002,2.5,3.9628056733104815,-0.16288862951043462,0.1101542545106178,False
haxs.stage5c2gR32.batch-statistics.v1,limit_hopping_zero_chain6,chain6_hole_2,511,820641972,0.2863636363636363,Sx,2.48876190229919,0.0035145519297796524,2.5,3.9628056733104815,2.474834415972715,2.5026893886256647,False
haxs.stage5c2gR32.batch-statistics.v1,limit_hopping_zero_chain6,chain6_hole_2,511,820641972,0.2863636363636363,Sy,0.026983564852906303,0.035604307354040556,2.5,3.9628056733104815,-0.1141093863239757,0.1680765160297883,False
haxs.stage5c2gR32.batch-statistics.v1,limit_hopping_zero_chain6,chain6_hole_2,511,820641972,0.2863636363636363,Sz,-0.02636718749990417,0.0344507031798235,2.5,3.9628056733104815,-0.1628886295104442,0.11015425451063586,False
haxs.stage5c2gR32.batch-statistics.v1,limit_hopping_zero_chain6,chain6_hole_2,511,820641972,0.3181818181818181,Sx,2.4859187950519352,0.003887700944805099,2.5,3.9628056733104815,2.470512591691727,2.5013249984121435,False
haxs.stage5c2gR32.batch-statistics.v1,limit_hopping_zero_chain6,chain6_hole_2,511,820641972,0.3181818181818181,Sy,0.027654598408648947,0.03566945500617524,2.5,3.9628056733104815,-0.11369652025371524,0.16900571707101314,False
haxs.stage5c2gR32.batch-statistics.v1,limit_hopping_zero_chain6,chain6_hole_2,511,820641972,0.3181818181818181,Sz,-0.026367187499901554,0.03445070317982702,2.5,3.9628056733104815,-0.16288862951045552,0.11015425451065242,False
haxs.stage5c2gR32.batch-statistics.v1,limit_hopping_zero_chain6,chain6_hole_2,511,820641972,0.35,Sx,2.4827574899360347,0.004256012489546785,2.5,3.9628056733104815,2.4658917394967785,2.499623240375291,False
haxs.stage5c2gR32.batch-statistics.v1,limit_hopping_zero_chain6,chain6_hole_2,511,820641972,0.35,Sy,0.028331558497037543,0.03574146177395746,2.5,3.9628056733104815,-0.11330490899321079,0.1699680259872859,False
haxs.stage5c2gR32.batch-statistics.v1,limit_hopping_zero_chain6,chain6_hole_2,511,820641972,0.35,Sz,-0.02636718749990044,0.03445070317983073,2.5,3.9628056733104815,-0.16288862951046912,0.11015425451066824,False
haxs.stage5c2gR32.batch-statistics.v1,limit_hopping_zero_chain6,chain6_hole_2,511,820641972,0.3818181818181818,Sx,2.4792797860049323,0.004619219393930005,2.5,3.9628056733104815,2.4609747171844005,2.497584854825464,False
haxs.stage5c2gR32.batch-statistics.v1,limit_hopping_zero_chain6,chain6_hole_2,511,820641972,0.3818181818181818,Sy,0.029012663257130786,0.035820078632658986,2.5,3.9628056733104815,-0.1129353475667978,0.17096067408105936,False
haxs.stage5c2gR32.batch-statistics.v1,limit_hopping_zero_chain6,chain6_hole_2,511,820641972,0.3818181818181818,Sz,-0.026367187499900795,0.03445070317983453,2.5,3.9628056733104815,-0.16288862951048452,0.11015425451068292,False
haxs.stage5c2gR32.batch-statistics.v1,limit_hopping_zero_chain6,chain6_hole_2,511,820641972,0.4136363636363636,Sx,2.47548813793514,0.004977096503327285,2.5,3.9628056733104815,2.455764871675141,2.4952114041951394,False
haxs.stage5c2gR32.batch-statistics.v1,limit_hopping_zero_chain6,chain6_hole_2,511,820641972,0.4136363636363636,Sy,0.02969613034398724,0.03590503815492924,2.5,3.9628056733104815,-0.11258855855679567,0.17198081924477016,False
haxs.stage5c2gR32.batch-statistics.v1,limit_hopping_zero_chain6,chain6_hole_2,511,820641972,0.4136363636363636,Sz,-0.02636718749990245,0.03445070317983828,2.5,3.9628056733104815,-0.16288862951050104,0.11015425451069615,False
haxs.stage5c2gR32.batch-statistics.v1,limit_hopping_zero_chain6,chain6_hole_2,511,820641972,0.44545454545454544,Sx,2.4713856935774725,0.005329462386359913,2.5,3.9628056733104815,2.450266069797111,2.492505317357834,False
haxs.stage5c2gR32.batch-statistics.v1,limit_hopping_zero_chain6,chain6_hole_2,511,820641972,0.44545454545454544,Sy,0.030380194781039413,0.035996056773800585,2.5,3.9628056733104815,-0.11226518321898372,0.17302557278106256,False
haxs.stage5c2gR32.batch-statistics.v1,limit_hopping_zero_chain6,chain6_hole_2,511,820641972,0.44545454545454544,Sz,-0.02636718749990527,0.034450703179842085,2.5,3.9628056733104815,-0.16288862951051894,0.1101542545107084,False
haxs.stage5c2gR32.batch-statistics.v1,limit_hopping_zero_chain6,chain6_hole_2,511,820641972,0.47727272727272724,Sx,2.466976325237649,0.005676180469580792,2.5,3.9628056733104815,2.4444827250700603,2.489469925405238,False
haxs.stage5c2gR32.batch-statistics.v1,limit_hopping_zero_chain6,chain6_hole_2,511,820641972,0.47727272727272724,Sy,0.031063127441506504,0.036092837311999665,2.5,3.9628056733104815,-0.11196577302435799,0.174092027907371,False
haxs.stage5c2gR32.batch-statistics.v1,limit_hopping_zero_chain6,chain6_hole_2,511,820641972,0.47727272727272724,Sz,-0.026367187499909035,0.03445070317984573,2.5,3.9628056733104815,-0.16288862951053715,0.11015425451071907,False
haxs.stage5c2gR32.batch-statistics.v1,limit_hopping_zero_chain6,chain6_hole_2,511,820641972,0.509090909090909,Sx,2.4622646534245303,0.0060171595394753145,2.5,3.9628056733104815,2.438419819464283,2.4861094873847773,False
haxs.stage5c2gR32.batch-statistics.v1,limit_hopping_zero_chain6,chain6_hole_2,511,820641972,0.509090909090909,Sy,0.03174325396061912,0.03619507175638954,2.5,3.9628056733104815,-0.11169078174148131,0.17517728966271953,False
haxs.stage5c2gR32.batch-statistics.v1,limit_hopping_zero_chain6,chain6_hole_2,511,820641972,0.509090909090909,Sz,-0.02636718749991353,0.03445070317984919,2.5,3.9628056733104815,-0.16288862951055535,0.11015425451072829,False
haxs.stage5c2gR32.batch-statistics.v1,limit_hopping_zero_chain6,chain6_hole_2,511,820641972,0.5409090909090909,Sx,2.457256061911546,0.006352353571304562,2.5,3.9628056733104815,2.4320829191403064,2.482429204682786,False
haxs.stage5c2gR32.batch-statistics.v1,limit_hopping_zero_chain6,chain6_hole_2,511,820641972,0.5409090909090909,Sy,0.03241897383113552,0.03630244424468879,2.5,3.9628056733104815,-0.11144055817675469,0.1762785058390257,False
haxs.stage5c2gR32.batch-statistics.v1,limit_hopping_zero_chain6,chain6_hole_2,511,820641972,0.5409090909090909,Sz,-0.02636718749991866,0.03445070317985252,2.5,3.9628056733104815,-0.16288862951057367,0.11015425451073636,False
haxs.stage5c2gR32.batch-statistics.v1,limit_hopping_zero_chain6,chain6_hole_2,511,820641972,0.5727272727272726,Sx,2.451956703108289,0.006681760865736037,2.5,3.9628056733104815,2.425478183241846,2.4784352229747317,False
haxs.stage5c2gR32.batch-statistics.v1,limit_hopping_zero_chain6,chain6_hole_2,511,820641972,0.5727272727272726,Sy,0.03308877938524388,0.036414634219744946,2.5,3.9628056733104815,-0.11121533969228739,0.17739289846277514,False
haxs.stage5c2gR32.batch-statistics.v1,limit_hopping_zero_chain6,chain6_hole_2,511,820641972,0.5727272727272726,Sz,-0.026367187499924095,0.03445070317985555,2.5,3.9628056733104815,-0.16288862951059113,0.11015425451074295,False
haxs.stage5c2gR32.batch-statistics.v1,limit_hopping_zero_chain6,chain6_hole_2,511,820641972,0.6045454545454545,Sx,2.4463734929289846,0.007005422496317083,2.5,3.9628056733104815,2.418612364916642,2.474134620941327,False
haxs.stage5c2gR32.batch-statistics.v1,limit_hopping_zero_chain6,chain6_hole_2,511,820641972,0.6045454545454545,Sy,0.03375127431948476,0.036531319695252126,2.5,3.9628056733104815,-0.1110152466223793,0.17851779526134884,False
haxs.stage5c2gR32.batch-statistics.v1,limit_hopping_zero_chain6,chain6_hole_2,511,820641972,0.6045454545454545,Sz,-0.026367187499929817,0.03445070317985838,2.5,3.9628056733104815,-0.16288862951060804,0.11015425451074841,False
haxs.stage5c2gR32.batch-statistics.v1,limit_hopping_zero_chain6,chain6_hole_2,511,820641972,0.6363636363636362,Sx,2.440514094569296,0.007323420092175674,2.5,3.9628056733104815,2.411492803879986,2.4695353852586055,False
haxs.stage5c2gR32.batch-statistics.v1,limit_hopping_zero_chain6,chain6_hole_2,511,820641972,0.6363636363636362,Sy,0.034405191379085986,0.036652180566618155,2.5,3.9628056733104815,-0.1108402777095086,0.17965066046768058,False
haxs.stage5c2gR32.batch-statistics.v1,limit_hopping_zero_chain6,chain6_hole_2,511,820641972,0.6363636363636362,Sz,-0.026367187499935472,0.03445070317986092,2.5,3.9628056733104815,-0.16288862951062374,0.11015425451075281,False
haxs.stage5c2gR32.batch-statistics.v1,limit_hopping_zero_chain6,chain6_hole_2,511,820641972,0.6681818181818181,Sx,2.4343868908555177,0.007635872999766803,2.5,3.9628056733104815,2.4041274100113634,2.464646371699672,False
haxs.stage5c2gR32.batch-statistics.v1,limit_hopping_zero_chain6,chain6_hole_2,511,820641972,0.6681818181818181,Sy,0.03504940878748424,0.03677690189242774,2.5,3.9628056733104815,-0.11069030667861138,0.18078912425357987,False
haxs.stage5c2gR32.batch-statistics.v1,limit_hopping_zero_chain6,chain6_hole_2,511,820641972,0.6681818181818181,Sz,-0.026367187499941075,0.03445070317986306,2.5,3.9628056733104815,-0.16288862951063787,0.11015425451075572,False
haxs.stage5c2gR32.batch-statistics.v1,limit_hopping_zero_chain6,chain6_hole_2,511,820641972,0.7,Sx,2.4280009451030407,0.0079429348843581,2.5,3.9628056733104815,2.3965246376805704,2.459477252525511,False
haxs.stage5c2gR32.batch-statistics.v1,limit_hopping_zero_chain6,chain6_hole_2,511,820641972,0.7,Sy,0.0356829649890723,0.03690517706628547,2.5,3.9628056733104815,-0.11056508006373161,0.18193101004187623,False
haxs.stage5c2gR32.batch-statistics.v1,limit_hopping_zero_chain6,chain6_hole_2,511,820641972,0.7,Sz,-0.026367187499946373,0.03445070317986483,2.5,3.9628056733104815,-0.16288862951065017,0.11015425451075742,False
haxs.stage5c2gR32.batch-statistics.v1,limit_hopping_zero_chain6,chain6_hole_2,511,820641972,0.7318181818181817,Sx,2.4213659507059537,0.008244789846085955,2.5,3.9628056733104815,2.3886934507286317,2.4540384506832758,False
haxs.stage5c2gR32.batch-statistics.v1,limit_hopping_zero_chain6,chain6_hole_2,511,820641972,0.7318181818181817,Sy,0.036305071271211214,0.0370367107963006,2.5,3.9628056733104815,-0.11046421639312837,0.1830743589355508,False
haxs.stage5c2gR32.batch-statistics.v1,limit_hopping_zero_chain6,chain6_hole_2,511,820641972,0.7318181818181817,Sz,-0.026367187499951365,0.034450703179866246,2.5,3.9628056733104815,-0.16288862951066077,0.11015425451075803,False
haxs.stage5c2gR32.batch-statistics.v1,limit_hopping_zero_chain6,chain6_hole_2,511,820641972,0.7636363636363636,Sx,2.4144921699687236,0.008541648137031897,2.5,3.9628056733104815,2.380643278271872,2.4483410616655754,False
haxs.stage5c2gR32.batch-statistics.v1,limit_hopping_zero_chain6,chain6_hole_2,511,820641972,0.7636363636363636,Sy,0.03691512184745708,0.03717122181049335,2.5,3.9628056733104815,-0.11038720682704828,0.18421745052196242,False
haxs.stage5c2gR32.batch-statistics.v1,limit_hopping_zero_chain6,chain6_hole_2,511,820641972,0.7636363636363636,Sz,-0.02636718749995585,0.03445070317986729,2.5,3.9628056733104815,-0.16288862951066937,0.11015425451075768,False
haxs.stage5c2gR32.batch-statistics.v1,limit_hopping_zero_chain6,chain6_hole_2,511,820641972,0.7954545454545454,Sx,2.407390362975408,0.008833741575349737,2.5,3.9628056733104815,2.3723839617440534,2.4423967642067623,False
haxs.stage5c2gR32.batch-statistics.v1,limit_hopping_zero_chain6,chain6_hole_2,511,820641972,0.7954545454545454,Sy,0.03751270101904054,0.03730844521110825,2.5,3.9628056733104815,-0.1103334173259325,0.1853588193640136,False
haxs.stage5c2gR32.batch-statistics.v1,limit_hopping_zero_chain6,chain6_hole_2,511,820641972,0.7954545454545454,Sz,-0.026367187499959872,0.03445070317986789,2.5,3.9628056733104815,-0.1628886295106758,0.11015425451075606,False
haxs.stage5c2gR32.batch-statistics.v1,limit_hopping_zero_chain6,chain6_hole_2,511,820641972,0.8272727272727272,Sx,2.400071707564094,0.00912131876055602,2.5,3.9628056733104815,2.3639256938316895,2.4362177212964986,False
haxs.stage5c2gR32.batch-statistics.v1,limit_hopping_zero_chain6,chain6_hole_2,511,820641972,0.8272727272727272,Sy,0.0380975870860508,0.03744813440916307,2.5,3.9628056733104815,-0.11030209240547409,0.18649726657757568,False
haxs.stage5c2gR32.batch-statistics.v1,limit_hopping_zero_chain6,chain6_hole_2,511,820641972,0.8272727272727272,Sz,-0.026367187499963522,0.034450703179868016,2.5,3.9628056733104815,-0.16288862951067995,0.11015425451075289,False
haxs.stage5c2gR32.batch-statistics.v1,limit_hopping_zero_chain6,chain6_hole_2,511,820641972,0.859090909090909,Sx,2.3925477117256437,0.009404640201082358,2.5,3.9628056733104815,2.3552789501813507,2.4298164732699368,False
haxs.stage5c2gR32.batch-statistics.v1,limit_hopping_zero_chain6,chain6_hole_2,511,820641972,0.859090909090909,Sy,0.03866975275245069,0.03759006258218799,2.5,3.9628056733104815,-0.11029236050833993,0.1876318660132413,False
haxs.stage5c2gR32.batch-statistics.v1,limit_hopping_zero_chain6,chain6_hole_2,511,820641972,0.859090909090909,Sz,-0.026367187499966676,0.03445070317986774,2.5,3.9628056733104815,-0.16288862951068198,0.11015425451074863,False
haxs.stage5c2gR32.batch-statistics.v1,limit_hopping_zero_chain6,chain6_hole_2,511,820641972,0.8909090909090909,Sx,2.3848301199692923,0.009683973471176072,2.5,3.9628056733104815,2.3464544149575275,2.423205824981057,False
haxs.stage5c2gR32.batch-statistics.v1,limit_hopping_zero_chain6,chain6_hole_2,511,820641972,0.8909090909090909,Sy,0.03922936185767857,0.03773402361248496,2.5,3.9628056733104815,-0.1103032409907085,0.18876196470606565,False
haxs.stage5c2gR32.batch-statistics.v1,limit_hopping_zero_chain6,chain6_hole_2,511,820641972,0.8909090909090909,Sz,-0.02636718749996939,0.03445070317986708,2.5,3.9628056733104815,-0.1628886295106821,0.11015425451074332,False
haxs.stage5c2gR32.batch-statistics.v1,limit_hopping_zero_chain6,chain6_hole_2,511,820641972,0.9227272727272726,Sx,2.3769308153843056,0.0099595885189213,2.5,3.9628056733104815,2.337462901497686,2.416398729270925,False
haxs.stage5c2gR32.batch-statistics.v1,limit_hopping_zero_chain6,chain6_hole_2,511,820641972,0.9227272727272726,Sy,0.03977676236871679,0.03787983247958347,2.5,3.9628056733104815,-0.11033365268542722,0.18988717742286082,False
haxs.stage5c2gR32.batch-statistics.v1,limit_hopping_zero_chain6,chain6_hole_2,511,820641972,0.9227272727272726,Sz,-0.02636718749997191,0.03445070317986593,2.5,3.9628056733104815,-0.16288862951068006,0.11015425451073624,False
haxs.stage5c2gR32.batch-statistics.v1,limit_hopping_zero_chain6,chain6_hole_2,511,820641972,0.9545454545454545,Sx,2.36886171927061,0.01023175324982717,2.5,3.9628056733104815,2.328315269444282,2.4094081690969382,False
haxs.stage5c2gR32.batch-statistics.v1,limit_hopping_zero_chain6,chain6_hole_2,511,820641972,0.9545454545454545,Sy,0.040312475675717774,0.038027325098015256,2.5,3.9628056733104815,-0.11038242396351913,0.19100737531495468,False
haxs.stage5c2gR32.batch-statistics.v1,limit_hopping_zero_chain6,chain6_hole_2,511,820641972,0.9545454545454545,Sz,-0.026367187499973972,0.03445070317986444,2.5,3.9628056733104815,-0.16288862951067623,0.1101542545107283,False
haxs.stage5c2gR32.batch-statistics.v1,limit_hopping_zero_chain6,chain6_hole_2,511,820641972,0.9863636363636362,Sx,2.3606346903039297,0.010500729510066876,2.5,3.9628056733104815,2.319022339827538,2.4022470407803214,False
haxs.stage5c2gR32.batch-statistics.v1,limit_hopping_zero_chain6,chain6_hole_2,511,820641972,0.9863636363636362,Sy,0.04083718234649512,0.03817635760912828,2.5,3.9628056733104815,-0.11044830417328819,0.1921226688662784,False
haxs.stage5c2gR32.batch-statistics.v1,limit_hopping_zero_chain6,chain6_hole_2,511,820641972,0.9863636363636362,Sz,-0.02636718749997606,0.03445070317986263,2.5,3.9628056733104815,-0.16288862951067112,0.11015425451071902,False
haxs.stage5c2gR32.batch-statistics.v1,limit_hopping_zero_chain6,chain6_hole_2,511,820641972,1.018181818181818,Sx,2.3522614252377316,0.010766769588879682,2.5,3.9628056733104815,2.3095948096276926,2.3949280408477707,False
haxs.stage5c2gR32.batch-statistics.v1,limit_hopping_zero_chain6,chain6_hole_2,511,820641972,1.018181818181818,Sy,0.04135170460502235,0.03832680515249274,2.5,3.9628056733104815,-0.11052997629314126,0.19323338550318597,False
haxs.stage5c2gR32.batch-statistics.v1,limit_hopping_zero_chain6,chain6_hole_2,511,820641972,1.018181818181818,Sz,-0.026367187499978087,0.03445070317986039,2.5,3.9628056733104815,-0.1628886295106643,0.11015425451070811,False
haxs.stage5c2gR32.batch-statistics.v1,limit_hopping_zero_chain6,chain6_hole_2,511,820641972,1.0499999999999998,Sx,2.3437533631202,0.011030113349769723,2.5,3.9628056733104815,2.300043167360475,2.3874635588799253,False
haxs.stage5c2gR32.batch-statistics.v1,limit_hopping_zero_chain6,chain6_hole_2,511,820641972,1.0499999999999998,Sy,0.04185698590122434,0.03847856015771315,2.5,3.9628056733104815,-0.11062607059258,0.19434004239502867,False
haxs.stage5c2gR32.batch-statistics.v1,limit_hopping_zero_chain6,chain6_hole_2,511,820641972,1.0499999999999998,Sz,-0.026367187499980193,0.03445070317985801,2.5,3.9628056733104815,-0.16288862951065694,0.11015425451069656,False
haxs.stage5c2gR32.batch-statistics.v1,limit_hopping_zero_chain6,chain6_hole_2,511,820641972,1.0818181818181818,Sx,2.3351215949176103,0.011290986084151996,2.5,3.9628056733104815,2.290377611206063,2.3798655786291576,False
haxs.stage5c2gR32.batch-statistics.v1,limit_hopping_zero_chain6,chain6_hole_2,511,820641972,1.0818181818181818,Sy,0.04235406802894444,0.03863153021050358,2.5,3.9628056733104815,-0.1107351790579044,0.19544331511579327,False
haxs.stage5c2gR32.batch-statistics.v1,limit_hopping_zero_chain6,chain6_hole_2,511,820641972,1.0818181818181818,Sz,-0.0263671874999826,0.03445070317985527,2.5,3.9628056733104815,-0.1628886295106485,0.11015425451068331,False
haxs.stage5c2gR32.batch-statistics.v1,limit_hopping_zero_chain6,chain6_hole_2,511,820641972,1.1136363636363635,Sx,2.3263767802865667,0.011549597158713445,2.5,3.9628056733104815,2.2806079711415665,2.372145589431567,False
haxs.stage5c2gR32.batch-statistics.v1,limit_hopping_zero_chain6,chain6_hole_2,511,820641972,1.1136363636363635,Sy,0.04284406632198796,0.0387856355572808,2.5,3.9628056733104815,-0.11085587030735713,0.19654400295133304,False
haxs.stage5c2gR32.batch-statistics.v1,limit_hopping_zero_chain6,chain6_hole_2,511,820641972,1.1136363636363635,Sz,-0.026367187499985185,0.034450703179852424,2.5,3.9628056733104815,-0.16288862951063982,0.11015425451066946,False
haxs.stage5c2gR32.batch-statistics.v1,limit_hopping_zero_chain6,chain6_hole_2,511,820641972,1.1454545454545453,Sx,2.3175290730295584,0.011806139499308933,2.5,3.9628056733104815,2.270743636441802,2.364314509617315,False
haxs.stage5c2gR32.batch-statistics.v1,limit_hopping_zero_chain6,chain6_hole_2,511,820641972,1.1454545454545453,Sy,0.043328143511610684,0.03894080632008702,2.5,3.9628056733104815,-0.11098670469691482,0.1976429917201362,False
haxs.stage5c2gR32.batch-statistics.v1,limit_hopping_zero_chain6,chain6_hole_2,511,820641972,1.1454545454545453,Sz,-0.026367187499988287,0.0344507031798494,2.5,3.9628056733104815,-0.16288862951063093,0.11015425451065436,False
haxs.stage5c2gR32.batch-statistics.v1,limit_hopping_zero_chain6,chain6_hole_2,511,820641972,1.1772727272727272,Sx,2.30858805650849,0.01206078992070824,2.5,3.9628056733104815,2.2607934897861015,2.356382623230879,False
haxs.stage5c2gR32.batch-statistics.v1,limit_hopping_zero_chain6,chain6_hole_2,511,820641972,1.1772727272727272,Sy,0.04380748286101918,0.03909697949839589,2.5,3.9628056733104815,-0.11112624930452764,0.198741215026566,False
haxs.stage5c2gR32.batch-statistics.v1,limit_hopping_zero_chain6,chain6_hole_2,511,820641972,1.1772727272727272,Sz,-0.026367187499991826,0.03445070317984638,2.5,3.9628056733104815,-0.1628886295106225,0.11015425451063886,False
haxs.stage5c2gR32.batch-statistics.v1,limit_hopping_zero_chain6,chain6_hole_2,511,820641972,1.209090909090909,Sx,2.299562689988272,0.012313710274590677,2.5,3.9628056733104815,2.250765849052623,2.3483595309239216,False
haxs.stage5c2gR32.batch-statistics.v1,limit_hopping_zero_chain6,chain6_hole_2,511,820641972,1.209090909090909,Sy,0.04428326120294071,0.03925409583650877,2.5,3.9628056733104815,-0.11127309247864958,0.199839614884531,False
haxs.stage5c2gR32.batch-statistics.v1,limit_hopping_zero_chain6,chain6_hole_2,511,820641972,1.209090909090909,Sz,-0.026367187499995986,0.03445070317984329,2.5,3.9628056733104815,-0.16288862951061442,0.11015425451062245,False
haxs.stage5c2gR32.batch-statistics.v1,limit_hopping_zero_chain6,chain6_hole_2,511,820641972,1.2409090909090907,Sx,2.2904612665503703,0.01256504934997218,2.5,3.9628056733104815,2.240668417700874,2.3402541153998664,False
haxs.stage5c2gR32.batch-statistics.v1,limit_hopping_zero_chain6,chain6_hole_2,511,820641972,1.2409090909090907,Sy,0.04475662249592042,0.03941209663518016,2.5,3.9628056733104815,-0.11142585764703247,0.2009391026388733,False
haxs.stage5c2gR32.batch-statistics.v1,limit_hopping_zero_chain6,chain6_hole_2,511,820641972,1.2409090909090907,Sz,-0.026367187500000853,0.03445070317984023,2.5,3.9628056733104815,-0.16288862951060717,0.11015425451060545,False
haxs.stage5c2gR32.batch-statistics.v1,limit_hopping_zero_chain6,chain6_hole_2,511,820641972,1.2727272727272725,Sx,2.2812913828680825,0.012814945423175647,2.5,3.9628056733104815,2.2305082444419577,2.3320745212942073,False
haxs.stage5c2gR32.batch-statistics.v1,limit_hopping_zero_chain6,chain6_hole_2,511,820641972,1.2727272727272725,Sy,0.04522865248558208,0.039570920584284776,2.5,3.9628056733104815,-0.11158321610394015,0.2020405210751043,False
haxs.stage5c2gR32.batch-statistics.v1,limit_hopping_zero_chain6,chain6_hole_2,511,820641972,1.2727272727272725,Sz,-0.026367187500006394,0.034450703179837394,2.5,3.9628056733104815,-0.16288862951060146,0.11015425451058868,False
haxs.stage5c2gR32.batch-statistics.v1,limit_hopping_zero_chain6,chain6_hole_2,511,820641972,1.3045454545454545,Sx,2.2720599207870755,0.013063529321004116,2.5,3.9628056733104815,2.2202916926803424,2.3238281488938086,False
haxs.stage5c2gR32.batch-statistics.v1,limit_hopping_zero_chain6,chain6_hole_2,511,820641972,1.3045454545454545,Sy,0.045700355011368286,0.039730500690236946,2.5,3.9628056733104815,-0.11174389852736868,0.20314460855010527,False
haxs.stage5c2gR32.batch-statistics.v1,limit_hopping_zero_chain6,chain6_hole_2,511,820641972,1.3045454545454545,Sz,-0.026367187500012577,0.03445070317983463,2.5,3.9628056733104815,-0.1628886295105967,0.11015425451057156,False
haxs.stage5c2gR32.batch-statistics.v1,limit_hopping_zero_chain6,chain6_hole_2,511,820641972,1.3363636363636362,Sx,2.262773040322741,0.013310927833278067,2.5,3.9628056733104815,2.210024419988,2.3155216606574816,False
haxs.stage5c2gR32.batch-statistics.v1,limit_hopping_zero_chain6,chain6_hole_2,511,820641972,1.3363636363636362,Sy,0.04617263044051171,0.03989076136795761,2.5,3.9628056733104815,-0.11190670502110531,0.2042519659021287,False
haxs.stage5c2gR32.batch-statistics.v1,limit_hopping_zero_chain6,chain6_hole_2,511,820641972,1.3363636363636362,Sz,-0.026367187500019384,0.03445070317983204,2.5,3.9628056733104815,-0.1628886295105932,0.11015425451055445,False
haxs.stage5c2gR32.batch-statistics.v1,limit_hopping_zero_chain6,chain6_hole_2,511,820641972,1.368181818181818,Sx,2.2534361833836947,0.013557267291309327,2.5,3.9628056733104815,2.1997113676471076,2.3071609991202817,False
haxs.stage5c2gR32.batch-statistics.v1,limit_hopping_zero_chain6,chain6_hole_2,511,820641972,1.368181818181818,Sy,0.046646256642695456,0.04005161576282963,2.5,3.9628056733104815,-0.11207051352749733,0.20536302681288823,False
haxs.stage5c2gR32.batch-statistics.v1,limit_hopping_zero_chain6,chain6_hole_2,511,820641972,1.368181818181818,Sz,-0.0263671875000269,0.034450703179829775,2.5,3.9628056733104815,-0.16288862951059177,0.11015425451053798,False
haxs.stage5c2gR32.batch-statistics.v1,limit_hopping_zero_chain6,chain6_hole_2,511,820641972,1.4,Sx,2.2440540872730197,0.013802677118633887,2.5,3.9628056733104815,2.1893567600804245,2.298751414465615,False
haxs.stage5c2gR32.batch-statistics.v1,limit_hopping_zero_chain6,chain6_hole_2,511,820641972,1.4,Sy,0.04712187284449613,0.040212963363572655,2.5,3.9628056733104815,-0.11223428651329614,0.2064780322022884,False
haxs.stage5c2gR32.batch-statistics.v1,limit_hopping_zero_chain6,chain6_hole_2,511,820641972,1.4,Sz,-0.02636718750003503,0.034450703179827784,2.5,3.9628056733104815,-0.16288862951059202,0.11015425451052197,False
