case_id,seed_index,phase_batch_seed,family_size,critical_value,benign_rejected,maximum_standardized_excess,fixture_standard_error,sidak_benign_rejected,detected_offset_0.0025,detected_offset_0.005,detected_offset_0.01
limit_hopping_zero_chain6,0,1022326805,135,3.9628056733104815,False,-0.3453820723515062,0.0026368423368165273,False,False,True,True
limit_hopping_zero_chain6,1,1030454051,135,3.9628056733104815,False,0.6790694666543197,0.0029532926526890935,False,False,True,True
limit_hopping_zero_chain6,2,4061447448,135,3.9628056733104815,False,-1.8573910827272377,0.0024248280408471386,False,False,True,True
limit_hopping_zero_chain6,3,1508619481,135,3.9628056733104815,False,-0.23806434289069262,0.002558564744386276,False,False,True,True
limit_hopping_zero_chain6,4,3920651018,135,3.9628056733104815,False,-0.18374593078461218,0.0027146675792689766,False,False,True,True
limit_hopping_zero_chain6,5,3772884229,135,3.9628056733104815,False,0.00853405470623879,0.002567889499592656,False,False,True,True
limit_hopping_zero_chain6,6,3557364420,135,3.9628056733104815,False,-1.0176186858629546,0.0024109537546330934,False,False,True,True
limit_hopping_zero_chain6,7,1443859676,135,3.9628056733104815,False,0.5098340814013408,0.0028025366901493973,False,False,True,True
limit_hopping_zero_chain6,8,1888858023,135,3.9628056733104815,False,-0.6944964900379713,0.002362392650488103,False,False,True,True
limit_hopping_zero_chain6,9,4148531951,135,3.9628056733104815,False,-0.20308057270376023,0.0028070548982058944,False,False,True,True
limit_hopping_zero_chain6,10,208392148,135,3.9628056733104815,False,-0.35060606173704,0.0025346776000504424,False,False,True,True
limit_hopping_zero_chain6,11,3990170653,135,3.9628056733104815,False,0.8441188645293699,0.0027348404309681536,False,False,True,True
limit_hopping_zero_chain6,12,1950566324,135,3.9628056733104815,False,0.9882108291374295,0.0029655884956940838,False,False,True,True
limit_hopping_zero_chain6,13,163200814,135,3.9628056733104815,False,-3.107884459068366,0.0019146849096072448,False,False,True,True
limit_hopping_zero_chain6,14,3268474818,135,3.9628056733104815,False,-1.5754448187514494,0.002348048550889614,False,False,True,True
limit_hopping_zero_chain6,15,1900766838,135,3.9628056733104815,False,-1.05910658438656,0.0024569219701526435,False,False,True,True
limit_hopping_zero_chain6,16,457386942,135,3.9628056733104815,False,-1.6933791345385918,0.0023425031778278272,False,False,True,True
limit_hopping_zero_chain6,17,376100073,135,3.9628056733104815,False,0.256478337337657,0.002766292212802272,False,False,True,True
limit_hopping_zero_chain6,18,2787060900,135,3.9628056733104815,False,1.0997736940922025,0.0029158030273638024,False,False,True,True
limit_hopping_zero_chain6,19,2632586219,135,3.9628056733104815,False,-1.3564071208649109,0.0023520241594888625,False,False,True,True
limit_hopping_zero_chain6,20,4261379872,135,3.9628056733104815,False,0.47352469327600366,0.002744243580951983,False,False,True,True
limit_hopping_zero_chain6,21,928240031,135,3.9628056733104815,False,-0.42652307519681315,0.002591516016696954,False,False,True,True
limit_hopping_zero_chain6,22,1853495496,135,3.9628056733104815,False,-0.19824821410634358,0.002553608263730688,False,False,True,True
limit_hopping_zero_chain6,23,4081147772,135,3.9628056733104815,False,-0.4974063067644327,0.002496331781989482,False,False,True,True
limit_hopping_zero_chain6,24,2439815174,135,3.9628056733104815,False,-0.3010762154423766,0.0025388359283742266,False,False,True,True
limit_hopping_zero_chain6,25,895387970,135,3.9628056733104815,False,-2.4780751558115313,0.002157610184090895,False,False,True,True
limit_hopping_zero_chain6,26,913430138,135,3.9628056733104815,False,-0.11218783954416571,0.0025403450603490975,False,False,True,True
limit_hopping_zero_chain6,27,344759345,135,3.9628056733104815,False,-0.6026984893010948,0.002471106057276256,False,False,True,True
limit_hopping_zero_chain6,28,3524564852,135,3.9628056733104815,False,-0.595990250223249,0.0025657331913093917,False,False,True,True
limit_hopping_zero_chain6,29,1450005106,135,3.9628056733104815,False,-0.953731640812911,0.002563077638721758,False,False,True,True
limit_hopping_zero_chain6,30,3079752158,135,3.9628056733104815,False,-0.6288909728538189,0.0023533062731198266,False,False,True,True
limit_hopping_zero_chain6,31,1728218569,135,3.9628056733104815,False,-2.538897629639755,0.002041071864174619,False,False,True,True
limit_hopping_zero_chain6,32,246464035,135,3.9628056733104815,False,0.17140669075966924,0.002676480425017101,False,False,True,True
limit_hopping_zero_chain6,33,3627293572,135,3.9628056733104815,False,-0.7817726367789095,0.0025307740009246353,False,False,True,True
limit_hopping_zero_chain6,34,3575984739,135,3.9628056733104815,False,-0.11973949909189732,0.0025699777098828155,False,False,True,True
limit_hopping_zero_chain6,35,618637954,135,3.9628056733104815,False,1.52034522419179,0.0028257223206315765,False,False,True,True
limit_hopping_zero_chain6,36,4051121004,135,3.9628056733104815,False,-1.4448778665104083,0.002399848873914992,False,False,True,True
limit_hopping_zero_chain6,37,206702666,135,3.9628056733104815,False,-0.6656431171907032,0.002385142196702619,False,False,True,True
limit_hopping_zero_chain6,38,766293538,135,3.9628056733104815,False,-1.0078421091744494,0.00227350574232986,False,False,True,True
limit_hopping_zero_chain6,39,363130570,135,3.9628056733104815,False,-1.3669343007542831,0.002370699474865709,False,False,True,True
limit_hopping_zero_chain6,40,950647199,135,3.9628056733104815,False,-1.2822629755876274,0.0023555868421836347,False,False,True,True
limit_hopping_zero_chain6,41,3271808796,135,3.9628056733104815,False,-1.1162856864006865,0.0022713819888372567,False,False,True,True
limit_hopping_zero_chain6,42,2797514013,135,3.9628056733104815,False,0.01559825224542775,0.002511692148132167,False,False,True,True
limit_hopping_zero_chain6,43,326969594,135,3.9628056733104815,False,-0.4588888561114745,0.0025657426454826293,False,False,True,True
limit_hopping_zero_chain6,44,817532397,135,3.9628056733104815,False,-1.5165737041016984,0.002392743121708643,False,False,True,True
limit_hopping_zero_chain6,45,3654709379,135,3.9628056733104815,False,0.651899913959669,0.0030122743461218904,False,False,True,True
limit_hopping_zero_chain6,46,3790489314,135,3.9628056733104815,False,-0.7072357554924361,0.002359988412601443,False,False,True,True
limit_hopping_zero_chain6,47,4219963929,135,3.9628056733104815,False,-0.02560135439355993,0.0026252573998549475,False,False,True,True
limit_hopping_zero_chain6,48,3758757186,135,3.9628056733104815,False,0.6760155556371094,0.002995243080446394,False,False,True,True
limit_hopping_zero_chain6,49,460236583,135,3.9628056733104815,False,1.2981596325946017,0.00313204407356377,False,False,True,True
limit_hopping_zero_chain6,50,1130580482,135,3.9628056733104815,False,-0.6947399612451698,0.002608310714079802,False,False,True,True
limit_hopping_zero_chain6,51,4256319752,135,3.9628056733104815,False,-0.9166392235096209,0.002340387226609207,False,False,True,True
limit_hopping_zero_chain6,52,3505283862,135,3.9628056733104815,False,-0.3962315010580345,0.0023644153129821995,False,False,True,True
limit_hopping_zero_chain6,53,2550734421,135,3.9628056733104815,False,-0.8597239276125395,0.002632829600002679,False,False,True,True
limit_hopping_zero_chain6,54,3861908877,135,3.9628056733104815,False,0.3013781418046465,0.0025334953158634614,False,False,True,True
limit_hopping_zero_chain6,55,453309924,135,3.9628056733104815,False,0.2679883518624998,0.0027254143602964236,False,False,True,True
limit_hopping_zero_chain6,56,1299519206,135,3.9628056733104815,False,-2.6051124936104677,0.002152265033326068,False,False,True,True
limit_hopping_zero_chain6,57,2952779664,135,3.9628056733104815,False,-0.36198964351860635,0.002650030584198871,False,False,True,True
limit_hopping_zero_chain6,58,277128970,135,3.9628056733104815,False,-0.9154130441827615,0.0023767938091058733,False,False,True,True
limit_hopping_zero_chain6,59,2309858081,135,3.9628056733104815,False,-0.8398946470799885,0.0025190784443483256,False,False,True,True
limit_hopping_zero_chain6,60,843874660,135,3.9628056733104815,False,-1.755545105453287,0.002396621844609172,False,False,True,True
limit_hopping_zero_chain6,61,4200856700,135,3.9628056733104815,False,-0.39063095484317256,0.0025600210318287436,False,False,True,True
limit_hopping_zero_chain6,62,2800396497,135,3.9628056733104815,False,0.398229143179525,0.002731219847196346,False,False,True,True
limit_hopping_zero_chain6,63,1246490114,135,3.9628056733104815,False,-1.3083460744735975,0.0025093539678845275,False,False,True,True
limit_hopping_zero_chain6,64,1133524198,135,3.9628056733104815,False,-1.2502019855187771,0.0022765891441714065,False,False,True,True
limit_hopping_zero_chain6,65,2378279578,135,3.9628056733104815,False,-0.6607535128803094,0.002508357639051775,False,False,True,True
limit_hopping_zero_chain6,66,3597004436,135,3.9628056733104815,False,-0.41210973583141514,0.0026297607244615906,False,False,True,True
limit_hopping_zero_chain6,67,524304882,135,3.9628056733104815,False,-0.2177386306424138,0.0027127233239442696,False,False,True,True
limit_hopping_zero_chain6,68,3197442168,135,3.9628056733104815,False,-1.0109421988383342,0.0023718564438406646,False,False,True,True
limit_hopping_zero_chain6,69,2399338233,135,3.9628056733104815,False,-0.421878514450865,0.002589462205220737,False,False,True,True
limit_hopping_zero_chain6,70,1462555195,135,3.9628056733104815,False,-0.879530350074613,0.0022495811305509573,False,False,True,True
limit_hopping_zero_chain6,71,2860157954,135,3.9628056733104815,False,-0.06711293525345702,0.002767169895538617,False,False,True,True
limit_hopping_zero_chain6,72,2833649146,135,3.9628056733104815,False,-0.7658968423965565,0.0023706332158121846,False,False,True,True
limit_hopping_zero_chain6,73,877670642,135,3.9628056733104815,False,-0.21958631789187028,0.0025297259170116567,False,False,True,True
limit_hopping_zero_chain6,74,3002129247,135,3.9628056733104815,False,-1.102833523776677,0.0023806063592351,False,False,True,True
limit_hopping_zero_chain6,75,173896942,135,3.9628056733104815,False,-1.4827693463963811,0.0023071818233132355,False,False,True,True
limit_hopping_zero_chain6,76,1715948472,135,3.9628056733104815,False,0.8468555144256221,0.0028624982974101427,False,False,True,True
limit_hopping_zero_chain6,77,3328506127,135,3.9628056733104815,False,-0.615452476942507,0.002545369899331554,False,False,True,True
limit_hopping_zero_chain6,78,4019227494,135,3.9628056733104815,False,-1.1051068220200906,0.0023812928052523562,False,False,True,True
limit_hopping_zero_chain6,79,1856013077,135,3.9628056733104815,False,-1.0493599428320513,0.00235784508049856,False,False,True,True
limit_hopping_zero_chain6,80,1913417466,135,3.9628056733104815,False,1.1186120463312255,0.00300516901244345,False,False,True,True
limit_hopping_zero_chain6,81,66607285,135,3.9628056733104815,False,-1.275338001977332,0.0023313043419540542,False,False,True,True
limit_hopping_zero_chain6,82,1204781206,135,3.9628056733104815,False,-0.43273333290900884,0.0025286837886540816,False,False,True,True
limit_hopping_zero_chain6,83,590654938,135,3.9628056733104815,False,-1.697993952488856,0.002215703233882831,False,False,True,True
limit_hopping_zero_chain6,84,613765647,135,3.9628056733104815,False,-2.302622568308306,0.0020810136090873657,False,False,True,True
limit_hopping_zero_chain6,85,121372727,135,3.9628056733104815,False,-0.45451421901513217,0.002561290160403464,False,False,True,True
limit_hopping_zero_chain6,86,3102805555,135,3.9628056733104815,False,0.23731256471179038,0.002767096285678128,False,False,True,True
limit_hopping_zero_chain6,87,2202412301,135,3.9628056733104815,False,-0.022727290434954008,0.002562191936408595,False,False,True,True
limit_hopping_zero_chain6,88,3216931694,135,3.9628056733104815,False,0.8226771225041287,0.0027485777605433673,False,False,True,True
limit_hopping_zero_chain6,89,1896322744,135,3.9628056733104815,False,-0.6072759130968156,0.0025607916626721895,False,False,True,True
limit_hopping_zero_chain6,90,3081917374,135,3.9628056733104815,False,0.5161363654882206,0.002736280817568116,False,False,True,True
limit_hopping_zero_chain6,91,11731720,135,3.9628056733104815,False,-0.9019571085314361,0.002475481530979718,False,False,True,True
limit_hopping_zero_chain6,92,3518167973,135,3.9628056733104815,False,0.8463381712500525,0.0029351079182870234,False,False,True,True
limit_hopping_zero_chain6,93,718900968,135,3.9628056733104815,False,0.14931394469711787,0.002757592735716869,False,False,True,True
limit_hopping_zero_chain6,94,2996695798,135,3.9628056733104815,False,-1.825422432575628,0.0021588472464818,False,False,True,True
limit_hopping_zero_chain6,95,1523711701,135,3.9628056733104815,False,0.12019451481245716,0.002559964533403948,False,False,True,True
limit_hopping_zero_chain6,96,1955742986,135,3.9628056733104815,False,-0.7239742043442258,0.002546277527876963,False,False,True,True
limit_hopping_zero_chain6,97,835881918,135,3.9628056733104815,False,-0.9160000042600435,0.002444699104873529,False,False,True,True
limit_hopping_zero_chain6,98,2340728406,135,3.9628056733104815,False,0.3843860602595832,0.002796986297204253,False,False,True,True
limit_hopping_zero_chain6,99,202927634,135,3.9628056733104815,False,-0.5616711717509538,0.0025859018131362756,False,False,True,True
limit_hopping_zero_chain6,100,3054435,135,3.9628056733104815,False,-0.5074404117489542,0.0025768804158255577,False,False,True,True
limit_hopping_zero_chain6,101,3338974767,135,3.9628056733104815,False,-1.4538512094872276,0.0023637777109663557,False,False,True,True
limit_hopping_zero_chain6,102,4119633387,135,3.9628056733104815,False,-0.3870773902722943,0.002557389215127609,False,False,True,True
limit_hopping_zero_chain6,103,2755765303,135,3.9628056733104815,False,-0.6708959090467492,0.0025165801434663473,False,False,True,True
limit_hopping_zero_chain6,104,813362507,135,3.9628056733104815,False,0.8422296604433329,0.0027542839937883426,False,False,True,True
limit_hopping_zero_chain6,105,2886385483,135,3.9628056733104815,False,1.0211398808287229,0.002951444908781283,False,False,True,True
limit_hopping_zero_chain6,106,3605361321,135,3.9628056733104815,False,-2.055956896910603,0.002121722556561157,False,False,True,True
limit_hopping_zero_chain6,107,454209829,135,3.9628056733104815,False,-0.02846854715355606,0.0026481437231892415,False,False,True,True
limit_hopping_zero_chain6,108,2783853338,135,3.9628056733104815,False,-0.6064342084364788,0.0025030806146230837,False,False,True,True
limit_hopping_zero_chain6,109,228653013,135,3.9628056733104815,False,-0.8988518569081004,0.002642914301396174,False,False,True,True
limit_hopping_zero_chain6,110,1222485433,135,3.9628056733104815,False,1.6041751798352692,0.002990988105829886,False,False,True,True
limit_hopping_zero_chain6,111,461714025,135,3.9628056733104815,False,0.5322311650246421,0.0027214978037641627,False,False,True,True
limit_hopping_zero_chain6,112,1472766922,135,3.9628056733104815,False,0.6566731962013881,0.0027409588359308614,False,False,True,True
limit_hopping_zero_chain6,113,1941655809,135,3.9628056733104815,False,0.6633155414694172,0.002829291999065096,False,False,True,True
limit_hopping_zero_chain6,114,241630106,135,3.9628056733104815,False,-0.953086514567431,0.0024613629931279947,False,False,True,True
limit_hopping_zero_chain6,115,2154827933,135,3.9628056733104815,False,-0.9099710887171599,0.0023741825219454294,False,False,True,True
limit_hopping_zero_chain6,116,2095631716,135,3.9628056733104815,False,-0.7921612253354214,0.0025500760563264106,False,False,True,True
limit_hopping_zero_chain6,117,3734182870,135,3.9628056733104815,False,0.8237714580041025,0.0029247174469969935,False,False,True,True
limit_hopping_zero_chain6,118,1827903153,135,3.9628056733104815,False,0.125401100114206,0.0027788412028633843,False,False,True,True
limit_hopping_zero_chain6,119,1574761909,135,3.9628056733104815,False,-0.7884474149617724,0.002483760264772313,False,False,True,True
limit_hopping_zero_chain6,120,1153038769,135,3.9628056733104815,False,-1.4049134728709713,0.0023803467099499254,False,False,True,True
limit_hopping_zero_chain6,121,544364962,135,3.9628056733104815,False,0.7795276701760178,0.002708197262537124,False,False,True,True
limit_hopping_zero_chain6,122,489678162,135,3.9628056733104815,False,-0.2963266151381119,0.002548021889346032,False,False,True,True
limit_hopping_zero_chain6,123,307387627,135,3.9628056733104815,False,-0.47086511574255474,0.002567641102635851,False,False,True,True
limit_hopping_zero_chain6,124,2220727219,135,3.9628056733104815,False,-0.7987533129846627,0.002327975999262421,False,False,True,True
limit_hopping_zero_chain6,125,3917049162,135,3.9628056733104815,False,-0.5693564269740543,0.0024249757560982025,False,False,True,True
limit_hopping_zero_chain6,126,3011342198,135,3.9628056733104815,False,-1.6711359138992414,0.0023732175422585796,False,False,True,True
limit_hopping_zero_chain6,127,1669850199,135,3.9628056733104815,False,-1.7463063214685015,0.0024100024313068093,False,False,True,True
limit_hopping_zero_chain6,128,3098051120,135,3.9628056733104815,False,0.7111578070111074,0.0027813066180011757,False,False,True,True
limit_hopping_zero_chain6,129,1129895861,135,3.9628056733104815,False,-1.327231386671453,0.002459011168284469,False,False,True,True
limit_hopping_zero_chain6,130,4185691973,135,3.9628056733104815,False,-1.4768007658721733,0.0023449757409789926,False,False,True,True
limit_hopping_zero_chain6,131,317401806,135,3.9628056733104815,False,0.6210878436513702,0.002896229259611754,False,False,True,True
limit_hopping_zero_chain6,132,1566088914,135,3.9628056733104815,False,1.8082108264955357,0.003110967266721115,False,False,True,True
limit_hopping_zero_chain6,133,304999983,135,3.9628056733104815,False,0.2309128237084246,0.002661542638769437,False,False,True,True
limit_hopping_zero_chain6,134,2933140904,135,3.9628056733104815,False,-1.3034480265859096,0.0024121160038149425,False,False,True,True
limit_hopping_zero_chain6,135,2532349718,135,3.9628056733104815,False,0.8131689587908012,0.002704181313056413,False,False,True,True
limit_hopping_zero_chain6,136,3798633114,135,3.9628056733104815,False,1.1940999897861415,0.002899295168418722,False,False,True,True
limit_hopping_zero_chain6,137,3442393645,135,3.9628056733104815,False,-0.08264225957550876,0.0027519259627884836,False,False,True,True
limit_hopping_zero_chain6,138,2733598542,135,3.9628056733104815,False,1.2012864559499037,0.0026832848774589273,False,False,True,True
limit_hopping_zero_chain6,139,515314707,135,3.9628056733104815,False,-0.546669683986767,0.002477542528947391,False,False,True,True
limit_hopping_zero_chain6,140,2934943866,135,3.9628056733104815,False,0.8189010640799286,0.002923693488461241,False,False,True,True
limit_hopping_zero_chain6,141,2216023442,135,3.9628056733104815,False,2.118219004522463,0.003121170960939497,False,False,True,True
limit_hopping_zero_chain6,142,333138978,135,3.9628056733104815,False,-1.259052843474435,0.002394842562570043,False,False,True,True
limit_hopping_zero_chain6,143,2095946364,135,3.9628056733104815,False,-0.2676153251674861,0.0024163931170152605,False,False,True,True
limit_hopping_zero_chain6,144,2352853186,135,3.9628056733104815,False,-0.4908766149642785,0.002558412085866605,False,False,True,True
limit_hopping_zero_chain6,145,487017444,135,3.9628056733104815,False,0.29935961252332965,0.002718983341551518,False,False,True,True
limit_hopping_zero_chain6,146,2765721383,135,3.9628056733104815,False,-1.2036451589023227,0.0024425896575280205,False,False,True,True
limit_hopping_zero_chain6,147,86483088,135,3.9628056733104815,False,-0.46338809283286353,0.002601430754933106,False,False,True,True
limit_hopping_zero_chain6,148,771338540,135,3.9628056733104815,False,-1.3362406135404308,0.0023575350827617675,False,False,True,True
limit_hopping_zero_chain6,149,1657456103,135,3.9628056733104815,False,0.592330267681227,0.002804043943813593,False,False,True,True
limit_hopping_zero_chain6,150,1003954471,135,3.9628056733104815,False,-1.2757433139035204,0.002400793215246129,False,False,True,True
limit_hopping_zero_chain6,151,3511398196,135,3.9628056733104815,False,-0.9154064022476823,0.002328429901722802,False,False,True,True
limit_hopping_zero_chain6,152,3109296207,135,3.9628056733104815,False,-0.6341658748726277,0.0025447349255397246,False,False,True,True
limit_hopping_zero_chain6,153,3560814793,135,3.9628056733104815,False,-0.28829544694148684,0.002645579327124546,False,False,True,True
limit_hopping_zero_chain6,154,366693282,135,3.9628056733104815,False,0.8047129375302726,0.002835993624491544,False,False,True,True
limit_hopping_zero_chain6,155,1280732997,135,3.9628056733104815,False,0.15872913701266944,0.002595705338685984,False,False,True,True
limit_hopping_zero_chain6,156,2865882172,135,3.9628056733104815,False,0.7844670582716361,0.0028714983991965475,False,False,True,True
limit_hopping_zero_chain6,157,3459095020,135,3.9628056733104815,False,-1.8953549808598376,0.0022244566647229907,False,False,True,True
limit_hopping_zero_chain6,158,1508020552,135,3.9628056733104815,False,-0.9666897693791735,0.0023645544129680435,False,False,True,True
limit_hopping_zero_chain6,159,965463417,135,3.9628056733104815,False,-1.232713557122539,0.0023288231287900535,False,False,True,True
limit_hopping_zero_chain6,160,2697404723,135,3.9628056733104815,False,-2.2903373629429424,0.0023611213972590493,False,False,True,True
limit_hopping_zero_chain6,161,788545359,135,3.9628056733104815,False,0.03957031955474762,0.0026311403182583994,False,False,True,True
limit_hopping_zero_chain6,162,1177658394,135,3.9628056733104815,False,-0.9945941183622355,0.002289624980546261,False,False,True,True
limit_hopping_zero_chain6,163,1028566976,135,3.9628056733104815,False,-0.15945661496428015,0.0026252772175714076,False,False,True,True
limit_hopping_zero_chain6,164,123408971,135,3.9628056733104815,False,-1.6235822097455217,0.0023096140948105004,False,False,True,True
limit_hopping_zero_chain6,165,2507456311,135,3.9628056733104815,False,-1.427769999570814,0.0023481078680940583,False,False,True,True
limit_hopping_zero_chain6,166,823433252,135,3.9628056733104815,False,-0.8940129999336719,0.002612687016476387,False,False,True,True
limit_hopping_zero_chain6,167,2177902559,135,3.9628056733104815,False,-0.36500870316283995,0.0025178592021511906,False,False,True,True
limit_hopping_zero_chain6,168,3962309593,135,3.9628056733104815,False,0.3252120786280664,0.00273134285439971,False,False,True,True
limit_hopping_zero_chain6,169,2096410534,135,3.9628056733104815,False,-1.573177636951602,0.002381337528888038,False,False,True,True
limit_hopping_zero_chain6,170,2591461775,135,3.9628056733104815,False,-0.8717313555653652,0.0025628209295645646,False,False,True,True
limit_hopping_zero_chain6,171,7958032,135,3.9628056733104815,False,1.7804159594374087,0.0029998235375350716,False,False,True,True
limit_hopping_zero_chain6,172,2653419300,135,3.9628056733104815,False,-0.4480388112174059,0.002559255262294758,False,False,True,True
limit_hopping_zero_chain6,173,491428218,135,3.9628056733104815,False,-0.8302761954217119,0.002498597308606542,False,False,True,True
limit_hopping_zero_chain6,174,971094561,135,3.9628056733104815,False,0.5169662945616593,0.002796797072016315,False,False,True,True
limit_hopping_zero_chain6,175,1799724012,135,3.9628056733104815,False,-2.7957682650385682,0.0020276461888607553,False,False,True,True
limit_hopping_zero_chain6,176,2283045352,135,3.9628056733104815,False,-0.6302598035596101,0.0024846331881454575,False,False,True,True
limit_hopping_zero_chain6,177,2742671232,135,3.9628056733104815,False,-1.3524197200877566,0.002404723117337543,False,False,True,True
limit_hopping_zero_chain6,178,711244131,135,3.9628056733104815,False,-0.28416713964158985,0.002538301354098406,False,False,True,True
limit_hopping_zero_chain6,179,3280199217,135,3.9628056733104815,False,0.4073649262652663,0.0026954013112317297,False,False,True,True
limit_hopping_zero_chain6,180,2649859480,135,3.9628056733104815,False,0.21780649908507158,0.0027710328039689835,False,False,True,True
limit_hopping_zero_chain6,181,1977082277,135,3.9628056733104815,False,-0.292886734660923,0.0025066848613492614,False,False,True,True
limit_hopping_zero_chain6,182,1266992158,135,3.9628056733104815,False,0.5034270505251289,0.0028393286769402056,False,False,True,True
limit_hopping_zero_chain6,183,2033317249,135,3.9628056733104815,False,-0.2383146044119317,0.002504269455883396,False,False,True,True
limit_hopping_zero_chain6,184,65736223,135,3.9628056733104815,False,-0.5638555492316064,0.002571571424281242,False,False,True,True
limit_hopping_zero_chain6,185,2209970334,135,3.9628056733104815,False,-0.7985912471568136,0.0024283189138591794,False,False,True,True
limit_hopping_zero_chain6,186,1539636089,135,3.9628056733104815,False,-1.1370145826220823,0.0023014587123688732,False,False,True,True
limit_hopping_zero_chain6,187,2569343266,135,3.9628056733104815,False,-0.45750589377259027,0.002495571298007505,False,False,True,True
limit_hopping_zero_chain6,188,668664071,135,3.9628056733104815,False,-1.0050258323430448,0.002568405325222984,False,False,True,True
limit_hopping_zero_chain6,189,3981402617,135,3.9628056733104815,False,-1.4408763163321594,0.002293892094180706,False,False,True,True
limit_hopping_zero_chain6,190,862531574,135,3.9628056733104815,False,-1.1494826820581598,0.0023090301654637,False,False,True,True
limit_hopping_zero_chain6,191,1489468535,135,3.9628056733104815,False,1.2549325734273966,0.0028918484726383527,False,False,True,True
limit_hopping_zero_chain6,192,3541525182,135,3.9628056733104815,False,0.6716578428475228,0.002651935324367539,False,False,True,True
limit_hopping_zero_chain6,193,3123338054,135,3.9628056733104815,False,0.33209212270624633,0.002506217751919824,False,False,True,True
limit_hopping_zero_chain6,194,1905816642,135,3.9628056733104815,False,-0.7751163954549987,0.0024372212026055615,False,False,True,True
limit_hopping_zero_chain6,195,3828036659,135,3.9628056733104815,False,0.08174949079282652,0.0027266487733009887,False,False,True,True
limit_hopping_zero_chain6,196,2791476347,135,3.9628056733104815,False,-1.6562442370931307,0.0021927051016686207,False,False,True,True
limit_hopping_zero_chain6,197,2034712510,135,3.9628056733104815,False,-0.14408945627506808,0.0025564058304920123,False,False,True,True
limit_hopping_zero_chain6,198,1671411004,135,3.9628056733104815,False,0.5301724714636478,0.0027792516179526274,False,False,True,True
limit_hopping_zero_chain6,199,512668192,135,3.9628056733104815,False,-1.7859970835135093,0.002390119426863882,False,False,True,True
limit_hopping_zero_chain6,200,2393446134,135,3.9628056733104815,False,0.14371377461761908,0.002743871375035435,False,False,True,True
limit_hopping_zero_chain6,201,382276029,135,3.9628056733104815,False,-0.7869454505085556,0.0023215929792909564,False,False,True,True
limit_hopping_zero_chain6,202,792580081,135,3.9628056733104815,False,-1.5812123851177504,0.002296256254102717,False,False,True,True
limit_hopping_zero_chain6,203,3551505091,135,3.9628056733104815,False,0.40376317218725655,0.002925653295331852,False,False,True,True
limit_hopping_zero_chain6,204,1484824186,135,3.9628056733104815,False,-1.013549205942998,0.002409192573193535,False,False,True,True
limit_hopping_zero_chain6,205,2592882279,135,3.9628056733104815,False,1.2456376941150828,0.002828438929041901,False,False,True,True
limit_hopping_zero_chain6,206,1059726147,135,3.9628056733104815,False,0.27686276216864625,0.0026815179709399743,False,False,True,True
limit_hopping_zero_chain6,207,3629821003,135,3.9628056733104815,False,-1.4801008340530475,0.00233175462610379,False,False,True,True
limit_hopping_zero_chain6,208,2028140312,135,3.9628056733104815,False,-0.12163089157528086,0.002549250050027525,False,False,True,True
limit_hopping_zero_chain6,209,1346843852,135,3.9628056733104815,False,-1.8443940225493394,0.0023864692544972228,False,False,True,True
limit_hopping_zero_chain6,210,3506518751,135,3.9628056733104815,False,-0.761500338672692,0.002521993493274287,False,False,True,True
limit_hopping_zero_chain6,211,379597290,135,3.9628056733104815,False,-2.6364197451294262,0.0021150599931165715,False,False,True,True
limit_hopping_zero_chain6,212,3543027788,135,3.9628056733104815,False,-1.0331198808334536,0.002305094921349407,False,False,True,True
limit_hopping_zero_chain6,213,617539646,135,3.9628056733104815,False,-0.12893329535316952,0.002787413968031898,False,False,True,True
limit_hopping_zero_chain6,214,2938688908,135,3.9628056733104815,False,-0.049061387848908886,0.0027105623527575533,False,False,True,True
limit_hopping_zero_chain6,215,1698826707,135,3.9628056733104815,False,-1.2145039583550137,0.002348626868472234,False,False,True,True
limit_hopping_zero_chain6,216,1562138497,135,3.9628056733104815,False,-0.5329372631792763,0.002532581578168437,False,False,True,True
limit_hopping_zero_chain6,217,1655921037,135,3.9628056733104815,False,-1.1654031188114065,0.0024717300633911345,False,False,True,True
limit_hopping_zero_chain6,218,2085511729,135,3.9628056733104815,False,-2.548279185226212,0.002193447597086742,False,False,True,True
limit_hopping_zero_chain6,219,835027371,135,3.9628056733104815,False,-0.6594817968094292,0.002538335045011081,False,False,True,True
limit_hopping_zero_chain6,220,1384461433,135,3.9628056733104815,False,0.14201052717857957,0.0025821650015050318,False,False,True,True
limit_hopping_zero_chain6,221,3642139768,135,3.9628056733104815,False,1.107631997628732,0.0029354679838432354,False,False,True,True
limit_hopping_zero_chain6,222,1884611054,135,3.9628056733104815,False,0.27104125437511706,0.002804052679742005,False,False,True,True
limit_hopping_zero_chain6,223,3921339340,135,3.9628056733104815,False,-0.9421602332247423,0.002510472729692666,False,False,True,True
limit_hopping_zero_chain6,224,547353179,135,3.9628056733104815,False,-1.375926781173287,0.002334444130646998,False,False,True,True
limit_hopping_zero_chain6,225,3834944207,135,3.9628056733104815,False,-2.225346608779141,0.0021886451737172397,False,False,True,True
limit_hopping_zero_chain6,226,978333137,135,3.9628056733104815,False,-1.4158037185269112,0.0023158854206414997,False,False,True,True
limit_hopping_zero_chain6,227,16101161,135,3.9628056733104815,False,0.3016885905352133,0.0027480143181671858,False,False,True,True
limit_hopping_zero_chain6,228,1168567453,135,3.9628056733104815,False,0.03052211019483585,0.0025136186297148584,False,False,True,True
limit_hopping_zero_chain6,229,3750565966,135,3.9628056733104815,False,-1.3947570389290944,0.0022880896033761343,False,False,True,True
limit_hopping_zero_chain6,230,1240474084,135,3.9628056733104815,False,-2.5946521219347494,0.00216003228460439,False,False,True,True
limit_hopping_zero_chain6,231,349562969,135,3.9628056733104815,False,0.05468412162766043,0.002488641066118247,False,False,True,True
limit_hopping_zero_chain6,232,4195864393,135,3.9628056733104815,False,-0.9665659355495839,0.0023326686032822605,False,False,True,True
limit_hopping_zero_chain6,233,3297285549,135,3.9628056733104815,False,0.8030500598811278,0.002927029770799656,False,False,True,True
limit_hopping_zero_chain6,234,3704256082,135,3.9628056733104815,False,-0.9035433970739596,0.002547973122682211,False,False,True,True
limit_hopping_zero_chain6,235,1199880188,135,3.9628056733104815,False,2.444960346161559,0.0030849713573887242,False,False,True,True
limit_hopping_zero_chain6,236,3419744325,135,3.9628056733104815,False,-1.8463135972411802,0.0023743678899444064,False,False,True,True
limit_hopping_zero_chain6,237,65757178,135,3.9628056733104815,False,-1.0314369714005858,0.0025209897237245316,False,False,True,True
limit_hopping_zero_chain6,238,2945774309,135,3.9628056733104815,False,0.31715309399254604,0.0027225421015609013,False,False,True,True
limit_hopping_zero_chain6,239,3381432450,135,3.9628056733104815,False,-0.08199217246644831,0.002632583433594398,False,False,True,True
limit_hopping_zero_chain6,240,1715488129,135,3.9628056733104815,False,0.021872515997283726,0.0027134282593955466,False,False,True,True
limit_hopping_zero_chain6,241,2841115198,135,3.9628056733104815,False,-0.6620005443150477,0.002477874993527998,False,False,True,True
limit_hopping_zero_chain6,242,3352789418,135,3.9628056733104815,False,-0.5350416878165477,0.002587720605251721,False,False,True,True
limit_hopping_zero_chain6,243,3174807048,135,3.9628056733104815,False,-2.2822438959696068,0.0021847315329093725,False,False,True,True
limit_hopping_zero_chain6,244,3958292983,135,3.9628056733104815,False,-0.9822851363330337,0.002299342702744233,False,False,True,True
limit_hopping_zero_chain6,245,4071080059,135,3.9628056733104815,False,0.23355063153075395,0.002449801686071509,False,False,True,True
limit_hopping_zero_chain6,246,1035834677,135,3.9628056733104815,False,-0.5336947994887915,0.002370580166913497,False,False,True,True
limit_hopping_zero_chain6,247,992516178,135,3.9628056733104815,False,0.09728726958457985,0.0025631274905934106,False,False,True,True
limit_hopping_zero_chain6,248,2409595946,135,3.9628056733104815,False,0.3420137532154167,0.0026564246141150905,False,False,True,True
limit_hopping_zero_chain6,249,2641233025,135,3.9628056733104815,False,-0.7470176672409367,0.002435547179157702,False,False,True,True
limit_hopping_zero_chain6,250,2454044547,135,3.9628056733104815,False,-0.9109487428579236,0.002344156135158948,False,False,True,True
limit_hopping_zero_chain6,251,3342037158,135,3.9628056733104815,False,-1.2893782418667517,0.0023424973453462657,False,False,True,True
limit_hopping_zero_chain6,252,2978820706,135,3.9628056733104815,False,-0.48834669734224195,0.002548964320427566,False,False,True,True
limit_hopping_zero_chain6,253,712670988,135,3.9628056733104815,False,0.04963774853710607,0.0024899289671948327,False,False,True,True
limit_hopping_zero_chain6,254,928945315,135,3.9628056733104815,False,-1.7648564846859633,0.002198349368605622,False,False,True,True
limit_hopping_zero_chain6,255,3829218524,135,3.9628056733104815,False,0.1760041521056961,0.002710344195411685,False,False,True,True
limit_hopping_zero_chain6,256,2336615699,135,3.9628056733104815,False,0.42553668489195196,0.0029373730889267497,False,False,True,True
limit_hopping_zero_chain6,257,3960197939,135,3.9628056733104815,False,-0.8223896837535625,0.0023835311057564257,False,False,True,True
limit_hopping_zero_chain6,258,2154965951,135,3.9628056733104815,False,-0.7782110805212492,0.002595052758916596,False,False,True,True
limit_hopping_zero_chain6,259,3002393276,135,3.9628056733104815,False,-1.3760325952025603,0.002382489466275982,False,False,True,True
limit_hopping_zero_chain6,260,775306098,135,3.9628056733104815,False,-0.05105737873617203,0.0025114476072317198,False,False,True,True
limit_hopping_zero_chain6,261,438921731,135,3.9628056733104815,False,0.004260688729660981,0.0026335051544239354,False,False,True,True
limit_hopping_zero_chain6,262,1700025147,135,3.9628056733104815,False,0.8083264302667973,0.0026944119502808096,False,False,True,True
limit_hopping_zero_chain6,263,728224806,135,3.9628056733104815,False,-0.9870229065169567,0.0025563182757751424,False,False,True,True
limit_hopping_zero_chain6,264,1210773000,135,3.9628056733104815,False,0.44573162966477264,0.002777092127246664,False,False,True,True
limit_hopping_zero_chain6,265,308083946,135,3.9628056733104815,False,1.1551791294663523,0.002923248051239445,False,False,True,True
limit_hopping_zero_chain6,266,2848612605,135,3.9628056733104815,False,-2.6284515874437906,0.00213666028883038,False,False,True,True
limit_hopping_zero_chain6,267,901519172,135,3.9628056733104815,False,-1.534605146351365,0.00236247441397105,False,False,True,True
limit_hopping_zero_chain6,268,2446505825,135,3.9628056733104815,False,-2.6073595363343514,0.0021810694112353074,False,False,True,True
limit_hopping_zero_chain6,269,2290928415,135,3.9628056733104815,False,-1.6198883150339416,0.0024304368309004927,False,False,True,True
limit_hopping_zero_chain6,270,333847351,135,3.9628056733104815,False,1.1188266161094402,0.0030166108156775284,False,False,True,True
limit_hopping_zero_chain6,271,2519183422,135,3.9628056733104815,False,-0.4273502056019132,0.0025863881075328604,False,False,True,True
limit_hopping_zero_chain6,272,1655752008,135,3.9628056733104815,False,-0.06240165500313341,0.0026142448054030836,False,False,True,True
limit_hopping_zero_chain6,273,1633013763,135,3.9628056733104815,False,-0.5584056327471864,0.0026261209655213907,False,False,True,True
limit_hopping_zero_chain6,274,3738062387,135,3.9628056733104815,False,0.018454640063088702,0.002750977166114979,False,False,True,True
limit_hopping_zero_chain6,275,372318448,135,3.9628056733104815,False,0.11872552891124515,0.0025216319182904713,False,False,True,True
limit_hopping_zero_chain6,276,93548309,135,3.9628056733104815,False,-2.2435100829293315,0.002138205850598547,False,False,True,True
limit_hopping_zero_chain6,277,715007051,135,3.9628056733104815,False,-0.36393749148849996,0.002587731830697429,False,False,True,True
limit_hopping_zero_chain6,278,1894306341,135,3.9628056733104815,False,0.6068754235615994,0.003004793840816121,False,False,True,True
limit_hopping_zero_chain6,279,4053099736,135,3.9628056733104815,False,-2.017170585040121,0.002084603687797394,False,False,True,True
limit_hopping_zero_chain6,280,2993310605,135,3.9628056733104815,False,-1.8650089070057958,0.002373457228707112,False,False,True,True
limit_hopping_zero_chain6,281,86686828,135,3.9628056733104815,False,0.6126202792851051,0.002887782111376725,False,False,True,True
limit_hopping_zero_chain6,282,1809933591,135,3.9628056733104815,False,0.370357408647404,0.002735689581583397,False,False,True,True
limit_hopping_zero_chain6,283,3813518966,135,3.9628056733104815,False,-1.8092078488208363,0.0023229460491468647,False,False,True,True
limit_hopping_zero_chain6,284,3986263596,135,3.9628056733104815,False,0.9373998390128697,0.0029233112100534937,False,False,True,True
limit_hopping_zero_chain6,285,3895501497,135,3.9628056733104815,False,0.0028001016086507484,0.002723305262066487,False,False,True,True
limit_hopping_zero_chain6,286,778860636,135,3.9628056733104815,False,-0.4087197847599332,0.002527081227757859,False,False,True,True
limit_hopping_zero_chain6,287,1013904969,135,3.9628056733104815,False,2.3013915410815127,0.0033422864633801787,False,False,False,True
limit_hopping_zero_chain6,288,3764993585,135,3.9628056733104815,False,0.17530281249881768,0.0028180002498650147,False,False,True,True
limit_hopping_zero_chain6,289,4294690982,135,3.9628056733104815,False,-1.3597973028250427,0.002407838034343523,False,False,True,True
limit_hopping_zero_chain6,290,2756165167,135,3.9628056733104815,False,1.300105181365916,0.002970549589117742,False,False,True,True
limit_hopping_zero_chain6,291,3047178635,135,3.9628056733104815,False,0.21151227410475043,0.002781905912827451,False,False,True,True
limit_hopping_zero_chain6,292,2668377326,135,3.9628056733104815,False,-0.6509566121149964,0.002593517649550219,False,False,True,True
limit_hopping_zero_chain6,293,3898823116,135,3.9628056733104815,False,-1.862820291643122,0.0022665008613730843,False,False,True,True
limit_hopping_zero_chain6,294,2845872895,135,3.9628056733104815,False,-1.6916361507072972,0.0023731666866661665,False,False,True,True
limit_hopping_zero_chain6,295,975462220,135,3.9628056733104815,False,-1.0961767688610342,0.0023137676403965153,False,False,True,True
limit_hopping_zero_chain6,296,789601926,135,3.9628056733104815,False,0.7473019187755066,0.002740173084157133,False,False,True,True
limit_hopping_zero_chain6,297,1371662281,135,3.9628056733104815,False,-1.0512894768201173,0.002374047697400036,False,False,True,True
limit_hopping_zero_chain6,298,1128694163,135,3.9628056733104815,False,-1.2268173166184884,0.0023744680690342508,False,False,True,True
limit_hopping_zero_chain6,299,2792550370,135,3.9628056733104815,False,0.7330766001604153,0.002960976623630758,False,False,True,True
limit_hopping_zero_chain6,300,98325915,135,3.9628056733104815,False,-1.0081110133162403,0.002539766090197418,False,False,True,True
limit_hopping_zero_chain6,301,4001441871,135,3.9628056733104815,False,-1.0241621142883317,0.0023091409837902024,False,False,True,True
limit_hopping_zero_chain6,302,971071402,135,3.9628056733104815,False,-0.5476767280621785,0.0025537489592358433,False,False,True,True
limit_hopping_zero_chain6,303,1592898868,135,3.9628056733104815,False,-2.0915223141218706,0.002121535503669934,False,False,True,True
limit_hopping_zero_chain6,304,1970559410,135,3.9628056733104815,False,-1.3948890595370576,0.0023423560769676444,False,False,True,True
limit_hopping_zero_chain6,305,3642338044,135,3.9628056733104815,False,-1.664871081473,0.0023564879757429777,False,False,True,True
limit_hopping_zero_chain6,306,628101439,135,3.9628056733104815,False,0.21889397992887794,0.0027274128785377025,False,False,True,True
limit_hopping_zero_chain6,307,3904073566,135,3.9628056733104815,False,-0.3191723360025886,0.0024904667287282854,False,False,True,True
limit_hopping_zero_chain6,308,2876331711,135,3.9628056733104815,False,-0.3493385536460926,0.0025692042887448916,False,False,True,True
limit_hopping_zero_chain6,309,1776641325,135,3.9628056733104815,False,-0.18080129301414224,0.0025770424988686828,False,False,True,True
limit_hopping_zero_chain6,310,1215419865,135,3.9628056733104815,False,-0.5080440740591955,0.0024837607594989583,False,False,True,True
limit_hopping_zero_chain6,311,3124371382,135,3.9628056733104815,False,-0.8692476979406236,0.0023922393945174807,False,False,True,True
limit_hopping_zero_chain6,312,3312705879,135,3.9628056733104815,False,0.20331907310010938,0.0027588178436039846,False,False,True,True
limit_hopping_zero_chain6,313,3429081337,135,3.9628056733104815,False,-0.15927847849159602,0.0027176073920563188,False,False,True,True
limit_hopping_zero_chain6,314,153677552,135,3.9628056733104815,False,-1.8288349557266075,0.0021609646535140402,False,False,True,True
limit_hopping_zero_chain6,315,3861056909,135,3.9628056733104815,False,-1.071203487248923,0.002388563806176703,False,False,True,True
limit_hopping_zero_chain6,316,349265576,135,3.9628056733104815,False,-2.4904247332760496,0.0021290203903204315,False,False,True,True
limit_hopping_zero_chain6,317,748752183,135,3.9628056733104815,False,2.475097421084887,0.0032784319738405005,False,False,False,True
limit_hopping_zero_chain6,318,4124221353,135,3.9628056733104815,False,-2.2881841100785283,0.0021250712355419987,False,False,True,True
limit_hopping_zero_chain6,319,328020772,135,3.9628056733104815,False,-1.363837723984596,0.002466024989696809,False,False,True,True
limit_hopping_zero_chain6,320,211061928,135,3.9628056733104815,False,0.6753713598510801,0.002867655045052351,False,False,True,True
limit_hopping_zero_chain6,321,4147702285,135,3.9628056733104815,False,0.7299717295048316,0.0029596184851317636,False,False,True,True
limit_hopping_zero_chain6,322,2238945633,135,3.9628056733104815,False,-0.2715519624094938,0.002512269123216185,False,False,True,True
limit_hopping_zero_chain6,323,1554772277,135,3.9628056733104815,False,-2.3468490517296794,0.002194353035654459,False,False,True,True
limit_hopping_zero_chain6,324,3222006454,135,3.9628056733104815,False,-0.17620326278430115,0.0026752908045273157,False,False,True,True
limit_hopping_zero_chain6,325,3848379445,135,3.9628056733104815,False,-1.6228886810006613,0.0023735649342201235,False,False,True,True
limit_hopping_zero_chain6,326,715325758,135,3.9628056733104815,False,0.7134426647707415,0.0028200670529157632,False,False,True,True
limit_hopping_zero_chain6,327,395429025,135,3.9628056733104815,False,-0.16279126732921914,0.0025265788248546974,False,False,True,True
limit_hopping_zero_chain6,328,1771429586,135,3.9628056733104815,False,-1.0498244158160777,0.0023019105157569652,False,False,True,True
limit_hopping_zero_chain6,329,2967333950,135,3.9628056733104815,False,1.3854280797135967,0.0030844803037208693,False,False,True,True
limit_hopping_zero_chain6,330,1904760095,135,3.9628056733104815,False,0.9642173514379108,0.0028874145547085443,False,False,True,True
limit_hopping_zero_chain6,331,2381222469,135,3.9628056733104815,False,-0.4525455873078708,0.0026244525982670984,False,False,True,True
limit_hopping_zero_chain6,332,550584701,135,3.9628056733104815,False,-0.4874176551821853,0.002607114353031371,False,False,True,True
limit_hopping_zero_chain6,333,3949426558,135,3.9628056733104815,False,1.7544055539028915,0.003083031227694029,False,False,True,True
limit_hopping_zero_chain6,334,1273122563,135,3.9628056733104815,False,-1.0907674564459668,0.00237390139346495,False,False,True,True
limit_hopping_zero_chain6,335,883570413,135,3.9628056733104815,False,-0.8633277816952076,0.0025513436879678027,False,False,True,True
limit_hopping_zero_chain6,336,3551765794,135,3.9628056733104815,False,0.6842928076399382,0.002692648444639895,False,False,True,True
limit_hopping_zero_chain6,337,3766089685,135,3.9628056733104815,False,-0.3710103064471197,0.0026130581001826917,False,False,True,True
limit_hopping_zero_chain6,338,710786806,135,3.9628056733104815,False,-0.8147403202091824,0.0023710271229931217,False,False,True,True
limit_hopping_zero_chain6,339,2311637855,135,3.9628056733104815,False,0.9142069682663223,0.0026933650992591986,False,False,True,True
limit_hopping_zero_chain6,340,1602648832,135,3.9628056733104815,False,0.3612131589690899,0.002854913442181823,False,False,True,True
limit_hopping_zero_chain6,341,2957923596,135,3.9628056733104815,False,0.2663369604674284,0.0027347327000568932,False,False,True,True
limit_hopping_zero_chain6,342,2479705198,135,3.9628056733104815,False,0.14124962538311664,0.0027856063683126863,False,False,True,True
limit_hopping_zero_chain6,343,4194419683,135,3.9628056733104815,False,1.1600903243490899,0.003037583571518224,False,False,True,True
limit_hopping_zero_chain6,344,1696707206,135,3.9628056733104815,False,-0.668019697406234,0.002568007428213018,False,False,True,True
limit_hopping_zero_chain6,345,3076498857,135,3.9628056733104815,False,0.5550341881033515,0.002947558407950859,False,False,True,True
limit_hopping_zero_chain6,346,705224534,135,3.9628056733104815,False,-0.30504835424025195,0.002694277056042779,False,False,True,True
limit_hopping_zero_chain6,347,2919471172,135,3.9628056733104815,False,-1.7376693479225653,0.0022522475581466185,False,False,True,True
limit_hopping_zero_chain6,348,3379150998,135,3.9628056733104815,False,0.2546819605797069,0.002733232213954447,False,False,True,True
limit_hopping_zero_chain6,349,886650873,135,3.9628056733104815,False,-2.0443341395602737,0.0021715379772398505,False,False,True,True
limit_hopping_zero_chain6,350,2513385856,135,3.9628056733104815,False,-1.9220442971699432,0.0021510825014662673,False,False,True,True
limit_hopping_zero_chain6,351,2433804661,135,3.9628056733104815,False,-1.2708564843412447,0.0023928710528330725,False,False,True,True
limit_hopping_zero_chain6,352,3210687899,135,3.9628056733104815,False,1.0899798575276405,0.0030193670366361197,False,False,True,True
limit_hopping_zero_chain6,353,443806057,135,3.9628056733104815,False,-0.008018969743410985,0.002782109071603782,False,False,True,True
limit_hopping_zero_chain6,354,4269030101,135,3.9628056733104815,False,-0.018509072440021087,0.002759829253125109,False,False,True,True
limit_hopping_zero_chain6,355,1571399343,135,3.9628056733104815,False,0.5316881978816447,0.00278117142321933,False,False,True,True
limit_hopping_zero_chain6,356,2500056151,135,3.9628056733104815,False,1.2698276139380733,0.002942716624139193,False,False,True,True
limit_hopping_zero_chain6,357,3117811410,135,3.9628056733104815,False,-0.6216078777340355,0.0023489468231738687,False,False,True,True
limit_hopping_zero_chain6,358,617267313,135,3.9628056733104815,False,0.201864012129479,0.002828859573917156,False,False,True,True
limit_hopping_zero_chain6,359,1263577001,135,3.9628056733104815,False,-0.8814004685801918,0.0024946278325371717,False,False,True,True
limit_hopping_zero_chain6,360,3819214164,135,3.9628056733104815,False,-1.3955308538959361,0.0023596921042397636,False,False,True,True
limit_hopping_zero_chain6,361,3253739388,135,3.9628056733104815,False,-0.7796960963560883,0.0025625005839807913,False,False,True,True
limit_hopping_zero_chain6,362,3658049965,135,3.9628056733104815,False,-1.2909248138994907,0.002386681324383119,False,False,True,True
limit_hopping_zero_chain6,363,4099249517,135,3.9628056733104815,False,1.0504834578804156,0.002854150327383944,False,False,True,True
limit_hopping_zero_chain6,364,3756968335,135,3.9628056733104815,False,0.12606954708958518,0.0028061730333429624,False,False,True,True
limit_hopping_zero_chain6,365,2208903763,135,3.9628056733104815,False,-0.8463748253386894,0.0023083689198074857,False,False,True,True
limit_hopping_zero_chain6,366,1523818891,135,3.9628056733104815,False,0.07402550203893014,0.0025238479442807786,False,False,True,True
limit_hopping_zero_chain6,367,2482686166,135,3.9628056733104815,False,-2.8896673856080177,0.0020212087418672153,False,False,True,True
limit_hopping_zero_chain6,368,3748369776,135,3.9628056733104815,False,-1.4882136948243128,0.0022989575002249855,False,False,True,True
limit_hopping_zero_chain6,369,2120262579,135,3.9628056733104815,False,0.6187545443182418,0.002799637100075522,False,False,True,True
limit_hopping_zero_chain6,370,2731794480,135,3.9628056733104815,False,2.016353373116312,0.003122380538372761,False,False,True,True
limit_hopping_zero_chain6,371,2879983792,135,3.9628056733104815,False,-0.7276308651997153,0.0025741894479402983,False,False,True,True
limit_hopping_zero_chain6,372,900880981,135,3.9628056733104815,False,-0.423824889455201,0.002508704814016864,False,False,True,True
limit_hopping_zero_chain6,373,283372116,135,3.9628056733104815,False,-0.9067148468802034,0.0026160737067595983,False,False,True,True
limit_hopping_zero_chain6,374,3589615524,135,3.9628056733104815,False,-0.5415836081815782,0.0025206522800607332,False,False,True,True
limit_hopping_zero_chain6,375,2221893959,135,3.9628056733104815,False,0.03380181643797702,0.00276726081157519,False,False,True,True
limit_hopping_zero_chain6,376,3174073534,135,3.9628056733104815,False,-0.5933565741994767,0.002536657672959657,False,False,True,True
limit_hopping_zero_chain6,377,1111871505,135,3.9628056733104815,False,0.3095456405170241,0.0027982083150979824,False,False,True,True
limit_hopping_zero_chain6,378,2424285702,135,3.9628056733104815,False,-0.2738804458512623,0.0025714587753908873,False,False,True,True
limit_hopping_zero_chain6,379,1724600386,135,3.9628056733104815,False,-0.5845566092516052,0.002329684658778822,False,False,True,True
limit_hopping_zero_chain6,380,541894279,135,3.9628056733104815,False,-0.6834205645929337,0.0025974717438904575,False,False,True,True
limit_hopping_zero_chain6,381,2095580024,135,3.9628056733104815,False,-0.13026097564862138,0.002651916095130984,False,False,True,True
limit_hopping_zero_chain6,382,2639648931,135,3.9628056733104815,False,-0.433420767480171,0.0026030929353939684,False,False,True,True
limit_hopping_zero_chain6,383,1852949040,135,3.9628056733104815,False,-0.832084393205681,0.002318381281178075,False,False,True,True
limit_hopping_zero_chain6,384,608983197,135,3.9628056733104815,False,-1.7166050837565971,0.002193504186878452,False,False,True,True
limit_hopping_zero_chain6,385,1370672494,135,3.9628056733104815,False,0.3698683246436496,0.0027195308870617252,False,False,True,True
limit_hopping_zero_chain6,386,3014758269,135,3.9628056733104815,False,0.5250794521838116,0.0027547431238695904,False,False,True,True
limit_hopping_zero_chain6,387,3126969473,135,3.9628056733104815,False,-2.034212913169158,0.0021831630256644533,False,False,True,True
limit_hopping_zero_chain6,388,2709443267,135,3.9628056733104815,False,-0.27396196707460413,0.002491029059458837,False,False,True,True
limit_hopping_zero_chain6,389,4229364376,135,3.9628056733104815,False,-1.9913042817057822,0.002377825398133457,False,False,True,True
limit_hopping_zero_chain6,390,4247846429,135,3.9628056733104815,False,-1.510431644857685,0.002481578519178596,False,False,True,True
limit_hopping_zero_chain6,391,2179430912,135,3.9628056733104815,False,-1.908228315194971,0.0021698630943804307,False,False,True,True
limit_hopping_zero_chain6,392,2500171204,135,3.9628056733104815,False,0.26716480599813497,0.002507669011540349,False,False,True,True
limit_hopping_zero_chain6,393,2353700557,135,3.9628056733104815,False,-0.3931922674058713,0.0024921049217180753,False,False,True,True
limit_hopping_zero_chain6,394,2520653866,135,3.9628056733104815,False,-2.115615181502212,0.002101785868889893,False,False,True,True
limit_hopping_zero_chain6,395,3864870071,135,3.9628056733104815,False,1.1692475578027577,0.00283882894827665,False,False,True,True
limit_hopping_zero_chain6,396,177370529,135,3.9628056733104815,False,-0.7578530435388222,0.0023608318441959335,False,False,True,True
limit_hopping_zero_chain6,397,2802744800,135,3.9628056733104815,False,-0.5383714506111554,0.0025749715089735973,False,False,True,True
limit_hopping_zero_chain6,398,4080731579,135,3.9628056733104815,False,0.9185882385715837,0.002833385937323728,False,False,True,True
limit_hopping_zero_chain6,399,2471045188,135,3.9628056733104815,False,-0.5331327730443575,0.0025115622068777547,False,False,True,True
limit_hopping_zero_chain6,400,104763923,135,3.9628056733104815,False,1.2253539715077564,0.0028844492992953124,False,False,True,True
limit_hopping_zero_chain6,401,806496705,135,3.9628056733104815,False,-0.32163868050147426,0.00255444199310658,False,False,True,True
limit_hopping_zero_chain6,402,169060365,135,3.9628056733104815,False,-0.6279733672037698,0.00249801944764435,False,False,True,True
limit_hopping_zero_chain6,403,3230297153,135,3.9628056733104815,False,-0.9887452257720393,0.002527277218247236,False,False,True,True
limit_hopping_zero_chain6,404,1566299028,135,3.9628056733104815,False,-0.3895447489476088,0.0025803981514138045,False,False,True,True
limit_hopping_zero_chain6,405,3924191614,135,3.9628056733104815,False,-0.8657098415402767,0.0023658462540413084,False,False,True,True
limit_hopping_zero_chain6,406,3275542908,135,3.9628056733104815,False,-2.0198859389070445,0.0021176276951182385,False,False,True,True
limit_hopping_zero_chain6,407,458708210,135,3.9628056733104815,False,0.9635614648722174,0.0027704371349304537,False,False,True,True
limit_hopping_zero_chain6,408,1315244063,135,3.9628056733104815,False,0.22089433004122963,0.0027858336193007267,False,False,True,True
limit_hopping_zero_chain6,409,3239812220,135,3.9628056733104815,False,-0.47815320606343986,0.002714630190439225,False,False,True,True
limit_hopping_zero_chain6,410,592129890,135,3.9628056733104815,False,-0.9249186887737815,0.002315786729385501,False,False,True,True
limit_hopping_zero_chain6,411,1794147983,135,3.9628056733104815,False,0.20337295217313697,0.002794583915097801,False,False,True,True
limit_hopping_zero_chain6,412,3928927469,135,3.9628056733104815,False,0.6295746248827967,0.0029823021527492872,False,False,True,True
limit_hopping_zero_chain6,413,3154149666,135,3.9628056733104815,False,-0.48406217516788824,0.002579025961090332,False,False,True,True
limit_hopping_zero_chain6,414,2075883979,135,3.9628056733104815,False,-1.1526954202236581,0.0022955552989692663,False,False,True,True
limit_hopping_zero_chain6,415,3256232208,135,3.9628056733104815,False,0.438688725116109,0.002810198564807179,False,False,True,True
limit_hopping_zero_chain6,416,769179988,135,3.9628056733104815,False,0.4820339603147673,0.0027730997186513687,False,False,True,True
limit_hopping_zero_chain6,417,4069221077,135,3.9628056733104815,False,-0.4619759584915379,0.0025552330770820704,False,False,True,True
limit_hopping_zero_chain6,418,1762543108,135,3.9628056733104815,False,0.309022988629411,0.0025123881882144496,False,False,True,True
limit_hopping_zero_chain6,419,950924724,135,3.9628056733104815,False,-0.7160240528549018,0.0025346052430691678,False,False,True,True
limit_hopping_zero_chain6,420,3930217508,135,3.9628056733104815,False,-1.1500998961180187,0.002420173823616783,False,False,True,True
limit_hopping_zero_chain6,421,551788621,135,3.9628056733104815,False,1.0356857632989867,0.0028726115588959145,False,False,True,True
limit_hopping_zero_chain6,422,471933768,135,3.9628056733104815,False,-3.0544577898393834,0.001932526653355543,False,False,True,True
limit_hopping_zero_chain6,423,2410421977,135,3.9628056733104815,False,-0.5768587250557493,0.002502934300009055,False,False,True,True
limit_hopping_zero_chain6,424,4227319832,135,3.9628056733104815,False,-0.4697361434208965,0.0026108582294022877,False,False,True,True
limit_hopping_zero_chain6,425,1229537807,135,3.9628056733104815,False,-0.11311197164502293,0.002727200962718558,False,False,True,True
limit_hopping_zero_chain6,426,2711669051,135,3.9628056733104815,False,-1.5541167351878962,0.0023481176521947277,False,False,True,True
limit_hopping_zero_chain6,427,1185878470,135,3.9628056733104815,False,0.6090478711632217,0.0028451519162513835,False,False,True,True
limit_hopping_zero_chain6,428,499835767,135,3.9628056733104815,False,-1.9431534762496654,0.0022867015328998873,False,False,True,True
limit_hopping_zero_chain6,429,907294500,135,3.9628056733104815,False,-0.5521073778814338,0.0026132489716787317,False,False,True,True
limit_hopping_zero_chain6,430,671661804,135,3.9628056733104815,False,-0.7197673560880289,0.0025310415757011416,False,False,True,True
limit_hopping_zero_chain6,431,1930334069,135,3.9628056733104815,False,-0.5641105667635602,0.0023878182256396718,False,False,True,True
limit_hopping_zero_chain6,432,1488771648,135,3.9628056733104815,False,-0.24122814095449654,0.0025482465433789734,False,False,True,True
limit_hopping_zero_chain6,433,2965490352,135,3.9628056733104815,False,0.25671796068005975,0.002757745598635212,False,False,True,True
limit_hopping_zero_chain6,434,1163530001,135,3.9628056733104815,False,-1.4898222139935686,0.002379368801025685,False,False,True,True
limit_hopping_zero_chain6,435,3009636735,135,3.9628056733104815,False,-0.7505779760150441,0.0023481234655692265,False,False,True,True
limit_hopping_zero_chain6,436,130629020,135,3.9628056733104815,False,-0.6381292772600722,0.002464286062508184,False,False,True,True
limit_hopping_zero_chain6,437,1040365979,135,3.9628056733104815,False,-0.43821657078864584,0.0025320863473625756,False,False,True,True
limit_hopping_zero_chain6,438,1358952858,135,3.9628056733104815,False,-0.5479676260587956,0.002583387140799691,False,False,True,True
limit_hopping_zero_chain6,439,414381507,135,3.9628056733104815,False,-0.20386178679354863,0.002507423355242496,False,False,True,True
limit_hopping_zero_chain6,440,3529248447,135,3.9628056733104815,False,0.08886090340804874,0.002795898565508938,False,False,True,True
limit_hopping_zero_chain6,441,633805519,135,3.9628056733104815,False,-1.6410965613348407,0.002291303250492193,False,False,True,True
limit_hopping_zero_chain6,442,1953503494,135,3.9628056733104815,False,-0.6291692504560631,0.0025074636065556483,False,False,True,True
limit_hopping_zero_chain6,443,1064437841,135,3.9628056733104815,False,-0.737076752173778,0.0023420213956959783,False,False,True,True
limit_hopping_zero_chain6,444,1668398266,135,3.9628056733104815,False,0.5248149106020176,0.0027002176979893985,False,False,True,True
limit_hopping_zero_chain6,445,950221654,135,3.9628056733104815,False,0.003913492371115654,0.0027317111476607018,False,False,True,True
limit_hopping_zero_chain6,446,17605022,135,3.9628056733104815,False,-0.2060373651114521,0.002549868694747744,False,False,True,True
limit_hopping_zero_chain6,447,2155780084,135,3.9628056733104815,False,-0.23262226091297608,0.002615015369534856,False,False,True,True
limit_hopping_zero_chain6,448,1353414265,135,3.9628056733104815,False,-1.911558972098005,0.0021858246313160544,False,False,True,True
limit_hopping_zero_chain6,449,3255679991,135,3.9628056733104815,False,0.01358685760316927,0.002706209884858798,False,False,True,True
limit_hopping_zero_chain6,450,1868075355,135,3.9628056733104815,False,-2.2506338850041416,0.0021489247446917375,False,False,True,True
limit_hopping_zero_chain6,451,1656742459,135,3.9628056733104815,False,-0.20945510763521766,0.002535018167606125,False,False,True,True
limit_hopping_zero_chain6,452,630870786,135,3.9628056733104815,False,0.4422744227953773,0.0027718983534866935,False,False,True,True
limit_hopping_zero_chain6,453,3379690057,135,3.9628056733104815,False,0.6915580173900269,0.0028959089485678983,False,False,True,True
limit_hopping_zero_chain6,454,2442838154,135,3.9628056733104815,False,0.3387561857789996,0.0027431479433443315,False,False,True,True
limit_hopping_zero_chain6,455,4254141446,135,3.9628056733104815,False,-1.9278897539909798,0.002402585468818788,False,False,True,True
limit_hopping_zero_chain6,456,1511356876,135,3.9628056733104815,False,0.25735868126900924,0.00283578728648417,False,False,True,True
limit_hopping_zero_chain6,457,1755142146,135,3.9628056733104815,False,0.6605358466682725,0.002976711741277692,False,False,True,True
limit_hopping_zero_chain6,458,411417061,135,3.9628056733104815,False,1.0582686487930222,0.0029142779585235898,False,False,True,True
limit_hopping_zero_chain6,459,2880062107,135,3.9628056733104815,False,-0.7649805157078163,0.002319985305926873,False,False,True,True
limit_hopping_zero_chain6,460,2186953321,135,3.9628056733104815,False,-0.30330515628505805,0.002564732145712541,False,False,True,True
limit_hopping_zero_chain6,461,3167274197,135,3.9628056733104815,False,-0.500243109100261,0.0025407812689468316,False,False,True,True
limit_hopping_zero_chain6,462,1854863549,135,3.9628056733104815,False,-0.8180176132368346,0.002543789629396144,False,False,True,True
limit_hopping_zero_chain6,463,1568329496,135,3.9628056733104815,False,-0.40041088956291765,0.002617217867137837,False,False,True,True
limit_hopping_zero_chain6,464,718774533,135,3.9628056733104815,False,-0.8168315292348709,0.002363880882421818,False,False,True,True
limit_hopping_zero_chain6,465,3562664663,135,3.9628056733104815,False,-1.9394834235494156,0.0022302394327505023,False,False,True,True
limit_hopping_zero_chain6,466,3999908997,135,3.9628056733104815,False,0.0018837486761223079,0.002590899789700128,False,False,True,True
limit_hopping_zero_chain6,467,1170117647,135,3.9628056733104815,False,0.19980606225264647,0.002753225459741646,False,False,True,True
limit_hopping_zero_chain6,468,2596759488,135,3.9628056733104815,False,-0.9099905329589962,0.0025168028590889418,False,False,True,True
limit_hopping_zero_chain6,469,1681129115,135,3.9628056733104815,False,-0.6224668537591584,0.002531401598993209,False,False,True,True
limit_hopping_zero_chain6,470,1679256398,135,3.9628056733104815,False,-0.6222890653859643,0.002549816237855998,False,False,True,True
limit_hopping_zero_chain6,471,3611055631,135,3.9628056733104815,False,-1.0561311864057417,0.002346197278163669,False,False,True,True
limit_hopping_zero_chain6,472,3044006644,135,3.9628056733104815,False,-0.9686389951949091,0.002548557998193449,False,False,True,True
limit_hopping_zero_chain6,473,3172529719,135,3.9628056733104815,False,-3.909801040436814,0.0017868383345993858,False,False,True,True
limit_hopping_zero_chain6,474,1933436591,135,3.9628056733104815,False,0.3574805264769016,0.002700820630705809,False,False,True,True
limit_hopping_zero_chain6,475,3764805817,135,3.9628056733104815,False,-1.0993008890765321,0.002347782613765859,False,False,True,True
limit_hopping_zero_chain6,476,3319740745,135,3.9628056733104815,False,0.5632165340325443,0.002729483887326019,False,False,True,True
limit_hopping_zero_chain6,477,1773278306,135,3.9628056733104815,False,-0.9093792615695686,0.0025856563079370938,False,False,True,True
limit_hopping_zero_chain6,478,2884855388,135,3.9628056733104815,False,0.45762492223379914,0.0030387740344872812,False,False,True,True
limit_hopping_zero_chain6,479,3045837314,135,3.9628056733104815,False,-0.6885458992800295,0.0025295419528044,False,False,True,True
limit_hopping_zero_chain6,480,840094497,135,3.9628056733104815,False,-1.3063404376180663,0.002367797432418591,False,False,True,True
limit_hopping_zero_chain6,481,3074171834,135,3.9628056733104815,False,-0.871767084585915,0.00257340507312681,False,False,True,True
limit_hopping_zero_chain6,482,1881406742,135,3.9628056733104815,False,-1.0792374902632451,0.0024279069160524883,False,False,True,True
limit_hopping_zero_chain6,483,2759921833,135,3.9628056733104815,False,-2.209382751568801,0.0021514427501787108,False,False,True,True
limit_hopping_zero_chain6,484,2476572292,135,3.9628056733104815,False,0.37158769234100125,0.002606950491060324,False,False,True,True
limit_hopping_zero_chain6,485,2133029601,135,3.9628056733104815,False,0.48526752604769063,0.002919133976960649,False,False,True,True
limit_hopping_zero_chain6,486,840881890,135,3.9628056733104815,False,0.4003958913896881,0.002810864550167468,False,False,True,True
limit_hopping_zero_chain6,487,3382973658,135,3.9628056733104815,False,-1.9952451506550488,0.0022167288922066357,False,False,True,True
limit_hopping_zero_chain6,488,258718956,135,3.9628056733104815,False,-0.4055678659346292,0.0023062013083480185,False,False,True,True
limit_hopping_zero_chain6,489,3915099526,135,3.9628056733104815,False,0.8243449681330972,0.0029521266992414007,False,False,True,True
limit_hopping_zero_chain6,490,2420453295,135,3.9628056733104815,False,-1.0236892782917404,0.002315090942495896,False,False,True,True
limit_hopping_zero_chain6,491,1355012327,135,3.9628056733104815,False,-1.0771831347268217,0.002299379926525508,False,False,True,True
limit_hopping_zero_chain6,492,187185493,135,3.9628056733104815,False,-1.1103621044657117,0.0023899511218126238,False,False,True,True
limit_hopping_zero_chain6,493,2630942922,135,3.9628056733104815,False,0.8070590019641642,0.002878119293926522,False,False,True,True
limit_hopping_zero_chain6,494,653779868,135,3.9628056733104815,False,1.9457561478783125,0.0030392081161134117,False,False,True,True
limit_hopping_zero_chain6,495,3920211831,135,3.9628056733104815,False,-0.3946058606846248,0.0027617524895448384,False,False,True,True
limit_hopping_zero_chain6,496,2372130221,135,3.9628056733104815,False,-0.28761794928621087,0.0026568101051811935,False,False,True,True
limit_hopping_zero_chain6,497,2491429480,135,3.9628056733104815,False,0.3974608937978634,0.0029004632382366047,False,False,True,True
limit_hopping_zero_chain6,498,2548654600,135,3.9628056733104815,False,-1.1638879781679166,0.0022587955628900146,False,False,True,True
limit_hopping_zero_chain6,499,3894704244,135,3.9628056733104815,False,-2.8499915005325898,0.001981000450101606,False,False,True,True
limit_hopping_zero_chain6,500,3377990615,135,3.9628056733104815,False,-0.792348124752865,0.0026286221182164607,False,False,True,True
limit_hopping_zero_chain6,501,2359067783,135,3.9628056733104815,False,0.728374957248081,0.0027866693956192417,False,False,True,True
limit_hopping_zero_chain6,502,3229589738,135,3.9628056733104815,False,1.4930389188994682,0.0031311751403239364,False,False,True,True
limit_hopping_zero_chain6,503,533726057,135,3.9628056733104815,False,-0.39977956675681203,0.0026191848204451737,False,False,True,True
limit_hopping_zero_chain6,504,3781660334,135,3.9628056733104815,False,0.05377244732530285,0.002676568982390015,False,False,True,True
limit_hopping_zero_chain6,505,1213539821,135,3.9628056733104815,False,-0.434924983336663,0.0025945504787491616,False,False,True,True
limit_hopping_zero_chain6,506,3402257104,135,3.9628056733104815,False,1.4919463811184208,0.0029646583475333326,False,False,True,True
limit_hopping_zero_chain6,507,540099327,135,3.9628056733104815,False,-3.340202006657485,0.001967317963228603,False,False,True,True
limit_hopping_zero_chain6,508,2965677989,135,3.9628056733104815,False,2.284165961747267,0.003300909391598803,False,False,False,True
limit_hopping_zero_chain6,509,1297879834,135,3.9628056733104815,False,-1.3444004456249876,0.0022868596371451626,False,False,True,True
limit_hopping_zero_chain6,510,3188117497,135,3.9628056733104815,False,-1.0746834370739886,0.002368005771853061,False,False,True,True
limit_hopping_zero_chain6,511,820641972,135,3.9628056733104815,False,0.040479396660084835,0.0027550065954142734,False,False,True,True
limit_spin_density_zero_rect2x3,0,1086720126,135,3.9628056733104815,False,-0.7902048117509188,0.0025587828146772856,False,False,True,True
limit_spin_density_zero_rect2x3,1,2653166375,135,3.9628056733104815,False,-0.40680972887977096,0.0028019470629971985,False,False,True,True
limit_spin_density_zero_rect2x3,2,996036960,135,3.9628056733104815,False,0.5017196491303657,0.0026862535864860962,False,False,True,True
limit_spin_density_zero_rect2x3,3,1430160777,135,3.9628056733104815,False,0.4760623316444949,0.002759043131751949,False,False,True,True
limit_spin_density_zero_rect2x3,4,290647936,135,3.9628056733104815,False,0.3236421225479979,0.002760120786734079,False,False,True,True
limit_spin_density_zero_rect2x3,5,2522380387,135,3.9628056733104815,False,-0.9783286359893406,0.002543538079107937,False,False,True,True
limit_spin_density_zero_rect2x3,6,363788400,135,3.9628056733104815,False,0.16859986764512375,0.0030345408161132205,False,False,True,True
limit_spin_density_zero_rect2x3,7,1184430566,135,3.9628056733104815,False,-0.44620962917734297,0.0024016762112324987,False,False,True,True
limit_spin_density_zero_rect2x3,8,2830349656,135,3.9628056733104815,False,-0.26027186108842093,0.0028038194673013625,False,False,True,True
limit_spin_density_zero_rect2x3,9,1203125701,135,3.9628056733104815,False,0.47389298546919595,0.0026950535313915343,False,False,True,True
limit_spin_density_zero_rect2x3,10,1256950709,135,3.9628056733104815,False,0.4182700385301038,0.002747144524923485,False,False,True,True
limit_spin_density_zero_rect2x3,11,3425296816,135,3.9628056733104815,False,-0.0255657797166378,0.002759987255803617,False,False,True,True
limit_spin_density_zero_rect2x3,12,357907462,135,3.9628056733104815,False,-0.7381340900038541,0.002424819818824489,False,False,True,True
limit_spin_density_zero_rect2x3,13,1695072158,135,3.9628056733104815,False,0.19362522902925552,0.0028038824594789633,False,False,True,True
limit_spin_density_zero_rect2x3,14,2744163549,135,3.9628056733104815,False,0.8016750568435848,0.0031217659772006783,False,False,True,True
limit_spin_density_zero_rect2x3,15,2699504295,135,3.9628056733104815,False,-0.042514341674299544,0.0027880017810619044,False,False,True,True
limit_spin_density_zero_rect2x3,16,2086509461,135,3.9628056733104815,False,-1.3966004364641325,0.00256392674833746,False,False,True,True
limit_spin_density_zero_rect2x3,17,4180541552,135,3.9628056733104815,False,-1.8573400629139474,0.0022694787712038977,False,False,True,True
limit_spin_density_zero_rect2x3,18,2183060600,135,3.9628056733104815,False,-2.163570552651341,0.00227599997253454,False,False,True,True
limit_spin_density_zero_rect2x3,19,3788798682,135,3.9628056733104815,False,-0.6060289062411677,0.0024755194347868387,False,False,True,True
limit_spin_density_zero_rect2x3,20,1745830610,135,3.9628056733104815,False,-0.7348891988798133,0.0025479953395889238,False,False,True,True
limit_spin_density_zero_rect2x3,21,4293876579,135,3.9628056733104815,False,0.3140012403224772,0.00275865355134282,False,False,True,True
limit_spin_density_zero_rect2x3,22,2259538790,135,3.9628056733104815,False,-1.6576225634503636,0.0026001425329764834,False,False,True,True
limit_spin_density_zero_rect2x3,23,2727976911,135,3.9628056733104815,False,-0.36155583297477606,0.0026313902773502356,False,False,True,True
limit_spin_density_zero_rect2x3,24,3519632818,135,3.9628056733104815,False,0.3840731215648262,0.002723342459025318,False,False,True,True
limit_spin_density_zero_rect2x3,25,2100188347,135,3.9628056733104815,False,-0.5506806256532206,0.0027065551591282056,False,False,True,True
limit_spin_density_zero_rect2x3,26,4198365897,135,3.9628056733104815,False,-1.57782101370651,0.0023095172610501776,False,False,True,True
limit_spin_density_zero_rect2x3,27,179129967,135,3.9628056733104815,False,-0.2418595601246075,0.00253522262260753,False,False,True,True
limit_spin_density_zero_rect2x3,28,1063011387,135,3.9628056733104815,False,-0.3931025508817215,0.0024438334232337743,False,False,True,True
limit_spin_density_zero_rect2x3,29,1110237207,135,3.9628056733104815,False,-0.30884547410164276,0.002471221307961065,False,False,True,True
limit_spin_density_zero_rect2x3,30,2277091096,135,3.9628056733104815,False,-0.9191812994907228,0.0024336802931667046,False,False,True,True
limit_spin_density_zero_rect2x3,31,3353649864,135,3.9628056733104815,False,0.280480793074762,0.0027197207384268667,False,False,True,True
limit_spin_density_zero_rect2x3,32,3687244011,135,3.9628056733104815,False,0.8418851418496075,0.0029164984448844166,False,False,True,True
limit_spin_density_zero_rect2x3,33,307239048,135,3.9628056733104815,False,-0.13792887895408254,0.0026820612802472823,False,False,True,True
limit_spin_density_zero_rect2x3,34,1647437287,135,3.9628056733104815,False,0.8267426617137223,0.002703489100640576,False,False,True,True
limit_spin_density_zero_rect2x3,35,3152025873,135,3.9628056733104815,False,-0.6174405847436043,0.0024845869305369908,False,False,True,True
limit_spin_density_zero_rect2x3,36,2512646458,135,3.9628056733104815,False,-1.44467584058887,0.00231339479082792,False,False,True,True
limit_spin_density_zero_rect2x3,37,628165705,135,3.9628056733104815,False,-0.7197307657259371,0.0024979512887711485,False,False,True,True
limit_spin_density_zero_rect2x3,38,3588849149,135,3.9628056733104815,False,-0.043392533166352915,0.002846735395179956,False,False,True,True
limit_spin_density_zero_rect2x3,39,3909352839,135,3.9628056733104815,False,0.035555038972661206,0.002880492172931976,False,False,True,True
limit_spin_density_zero_rect2x3,40,3203814729,135,3.9628056733104815,False,-0.7404248363193668,0.0025389788447648946,False,False,True,True
limit_spin_density_zero_rect2x3,41,2694657336,135,3.9628056733104815,False,-0.7209890904445797,0.0025873935469077833,False,False,True,True
limit_spin_density_zero_rect2x3,42,311291250,135,3.9628056733104815,False,-0.886357280857653,0.00252941132319198,False,False,True,True
limit_spin_density_zero_rect2x3,43,2745362407,135,3.9628056733104815,False,-0.2484160725220845,0.002775884841197646,False,False,True,True
limit_spin_density_zero_rect2x3,44,3702116925,135,3.9628056733104815,False,0.06117755246899838,0.0028248152632740237,False,False,True,True
limit_spin_density_zero_rect2x3,45,215637972,135,3.9628056733104815,False,-0.027244923750192166,0.0027880263974286138,False,False,True,True
limit_spin_density_zero_rect2x3,46,561844179,135,3.9628056733104815,False,-1.1548489180999866,0.002523233437572617,False,False,True,True
limit_spin_density_zero_rect2x3,47,1536968707,135,3.9628056733104815,False,0.2711236310630408,0.0029977783103094483,False,False,True,True
limit_spin_density_zero_rect2x3,48,3453929066,135,3.9628056733104815,False,0.09329559185561069,0.002778249694909355,False,False,True,True
limit_spin_density_zero_rect2x3,49,3973585984,135,3.9628056733104815,False,0.9040140466223359,0.0029335964007897865,False,False,True,True
limit_spin_density_zero_rect2x3,50,2842911348,135,3.9628056733104815,False,-1.2003679143748969,0.0024322798573974164,False,False,True,True
limit_spin_density_zero_rect2x3,51,1005341056,135,3.9628056733104815,False,0.553419322282624,0.002670365225433336,False,False,True,True
limit_spin_density_zero_rect2x3,52,1675061160,135,3.9628056733104815,False,0.02467575067780532,0.0028789703161790896,False,False,True,True
limit_spin_density_zero_rect2x3,53,680962782,135,3.9628056733104815,False,-1.4472099157511413,0.0022702236872219504,False,False,True,True
limit_spin_density_zero_rect2x3,54,474052935,135,3.9628056733104815,False,-1.3736885179505847,0.0023183302235047637,False,False,True,True
limit_spin_density_zero_rect2x3,55,1747224291,135,3.9628056733104815,False,-2.5410813274780266,0.002328818998917316,False,False,True,True
limit_spin_density_zero_rect2x3,56,1994286511,135,3.9628056733104815,False,-0.44971460747766107,0.0026674046312361106,False,False,True,True
limit_spin_density_zero_rect2x3,57,1906782946,135,3.9628056733104815,False,-0.15534150229301452,0.0027595222670603933,False,False,True,True
limit_spin_density_zero_rect2x3,58,3273777173,135,3.9628056733104815,False,-1.5606869451062357,0.002404841190184351,False,False,True,True
limit_spin_density_zero_rect2x3,59,649036825,135,3.9628056733104815,False,0.19333336746314544,0.0027245727912633202,False,False,True,True
limit_spin_density_zero_rect2x3,60,854487149,135,3.9628056733104815,False,-0.019463126002327046,0.0026406344550006953,False,False,True,True
limit_spin_density_zero_rect2x3,61,2181425173,135,3.9628056733104815,False,-1.6618477001406968,0.002269024258225686,False,False,True,True
limit_spin_density_zero_rect2x3,62,2465982029,135,3.9628056733104815,False,-1.0622048254176037,0.002193524328890864,False,False,True,True
limit_spin_density_zero_rect2x3,63,1674779412,135,3.9628056733104815,False,-1.6110972290640937,0.002561885171048421,False,False,True,True
limit_spin_density_zero_rect2x3,64,2379623675,135,3.9628056733104815,False,-0.2543834484056756,0.0025154877811686175,False,False,True,True
limit_spin_density_zero_rect2x3,65,3938476600,135,3.9628056733104815,False,-1.0112495681520628,0.002563534295638038,False,False,True,True
limit_spin_density_zero_rect2x3,66,216465901,135,3.9628056733104815,False,-1.2628904190230252,0.0023513800220064888,False,False,True,True
limit_spin_density_zero_rect2x3,67,1418960256,135,3.9628056733104815,False,0.534041354292206,0.0032959123327969938,False,False,False,True
limit_spin_density_zero_rect2x3,68,2900870835,135,3.9628056733104815,False,-0.307069989914674,0.0027031631749085266,False,False,True,True
limit_spin_density_zero_rect2x3,69,835778965,135,3.9628056733104815,False,-0.1241798161454769,0.0027393685439234274,False,False,True,True
limit_spin_density_zero_rect2x3,70,2404458512,135,3.9628056733104815,False,-0.6139870425015439,0.0026988978890381916,False,False,True,True
limit_spin_density_zero_rect2x3,71,2626706130,135,3.9628056733104815,False,-0.6193585916030221,0.0025290975902034414,False,False,True,True
limit_spin_density_zero_rect2x3,72,4110243497,135,3.9628056733104815,False,-1.119542098052587,0.0025922810532766527,False,False,True,True
limit_spin_density_zero_rect2x3,73,2446679369,135,3.9628056733104815,False,-0.5180334843455158,0.0024835296110408533,False,False,True,True
limit_spin_density_zero_rect2x3,74,2174722086,135,3.9628056733104815,False,-0.3150481665537691,0.0028054572638940766,False,False,True,True
limit_spin_density_zero_rect2x3,75,1303332324,135,3.9628056733104815,False,-0.4776619162318046,0.0024883214837939063,False,False,True,True
limit_spin_density_zero_rect2x3,76,3663192345,135,3.9628056733104815,False,0.6357894788439442,0.0029340919052588963,False,False,True,True
limit_spin_density_zero_rect2x3,77,931480950,135,3.9628056733104815,False,0.4136591526009968,0.002763995214570188,False,False,True,True
limit_spin_density_zero_rect2x3,78,1307696109,135,3.9628056733104815,False,0.005238032910451439,0.0027433422808291735,False,False,True,True
limit_spin_density_zero_rect2x3,79,737615072,135,3.9628056733104815,False,-1.7886917381506728,0.0025049569126553446,False,False,True,True
limit_spin_density_zero_rect2x3,80,3375564322,135,3.9628056733104815,False,-1.242099275181772,0.002574203926329662,False,False,True,True
limit_spin_density_zero_rect2x3,81,1027058736,135,3.9628056733104815,False,-0.15209906109058466,0.0024938021870869673,False,False,True,True
limit_spin_density_zero_rect2x3,82,4046965314,135,3.9628056733104815,False,-2.043734520316181,0.0022149633457926414,False,False,True,True
limit_spin_density_zero_rect2x3,83,392006654,135,3.9628056733104815,False,-0.9584464491753201,0.002735696992288336,False,False,True,True
limit_spin_density_zero_rect2x3,84,2411331962,135,3.9628056733104815,False,-2.308852553814,0.002350983843967177,False,False,True,True
limit_spin_density_zero_rect2x3,85,2835272921,135,3.9628056733104815,False,1.4512558692436188,0.003061383571049676,False,False,True,True
limit_spin_density_zero_rect2x3,86,1033269038,135,3.9628056733104815,False,-0.44762034193925565,0.002439372180606596,False,False,True,True
limit_spin_density_zero_rect2x3,87,2356470422,135,3.9628056733104815,False,-1.2108822797046959,0.002492935638313244,False,False,True,True
limit_spin_density_zero_rect2x3,88,3590238002,135,3.9628056733104815,False,-1.3049831401105576,0.002284861727750438,False,False,True,True
limit_spin_density_zero_rect2x3,89,1660292406,135,3.9628056733104815,False,0.6869399833222044,0.003038322801581281,False,False,True,True
limit_spin_density_zero_rect2x3,90,2895587829,135,3.9628056733104815,False,0.10474413001322375,0.0028206483178707764,False,False,True,True
limit_spin_density_zero_rect2x3,91,3672916500,135,3.9628056733104815,False,-0.5465206681365328,0.0025715791333043607,False,False,True,True
limit_spin_density_zero_rect2x3,92,3496190032,135,3.9628056733104815,False,-1.3407566599903085,0.002221315988022492,False,False,True,True
limit_spin_density_zero_rect2x3,93,337888781,135,3.9628056733104815,False,-0.014070259684850442,0.002784890963659352,False,False,True,True
limit_spin_density_zero_rect2x3,94,3802712557,135,3.9628056733104815,False,-2.5717536256622355,0.0019971993336545357,False,False,True,True
limit_spin_density_zero_rect2x3,95,4081947090,135,3.9628056733104815,False,-1.3477637311824557,0.0022258326236629256,False,False,True,True
limit_spin_density_zero_rect2x3,96,754304947,135,3.9628056733104815,False,-0.43699967322085465,0.0025899189941028756,False,False,True,True
limit_spin_density_zero_rect2x3,97,416068060,135,3.9628056733104815,False,-1.0072531237023021,0.0025502705243482813,False,False,True,True
limit_spin_density_zero_rect2x3,98,2011315071,135,3.9628056733104815,False,-1.3959831747702465,0.0024079624230914616,False,False,True,True
limit_spin_density_zero_rect2x3,99,3250102361,135,3.9628056733104815,False,-0.6115420057257187,0.002503354081161523,False,False,True,True
limit_spin_density_zero_rect2x3,100,880577493,135,3.9628056733104815,False,0.6858582057080487,0.00282182960116773,False,False,True,True
limit_spin_density_zero_rect2x3,101,1732358489,135,3.9628056733104815,False,-0.9251788468707388,0.0026098528599051945,False,False,True,True
limit_spin_density_zero_rect2x3,102,4172183262,135,3.9628056733104815,False,0.5812034901747597,0.002746619124903768,False,False,True,True
limit_spin_density_zero_rect2x3,103,3140111439,135,3.9628056733104815,False,-3.311517045737893,0.0020285249774842193,False,False,True,True
limit_spin_density_zero_rect2x3,104,2377643966,135,3.9628056733104815,False,-1.1889370783960265,0.002216658667678259,False,False,True,True
limit_spin_density_zero_rect2x3,105,488643551,135,3.9628056733104815,False,-1.8437455547961707,0.002230437024165375,False,False,True,True
limit_spin_density_zero_rect2x3,106,3685723781,135,3.9628056733104815,False,-0.12050692390331325,0.002550275431208975,False,False,True,True
limit_spin_density_zero_rect2x3,107,4159416848,135,3.9628056733104815,False,0.0594080719384795,0.0025644387920166485,False,False,True,True
limit_spin_density_zero_rect2x3,108,4069645925,135,3.9628056733104815,False,-1.2325247427944437,0.0025485661709308267,False,False,True,True
limit_spin_density_zero_rect2x3,109,2277244079,135,3.9628056733104815,False,1.328471123764209,0.003215475730989134,False,False,False,True
limit_spin_density_zero_rect2x3,110,2635197712,135,3.9628056733104815,False,0.5495375242109453,0.0030257885531638743,False,False,True,True
limit_spin_density_zero_rect2x3,111,2804715915,135,3.9628056733104815,False,0.8920014224512386,0.0029660919911729837,False,False,True,True
limit_spin_density_zero_rect2x3,112,3283380128,135,3.9628056733104815,False,-0.1914063784328105,0.0028868571327811884,False,False,True,True
limit_spin_density_zero_rect2x3,113,2075630979,135,3.9628056733104815,False,0.7787210737588237,0.0028579246157284946,False,False,True,True
limit_spin_density_zero_rect2x3,114,2875250839,135,3.9628056733104815,False,-2.3684826688786504,0.0022244990003211784,False,False,True,True
limit_spin_density_zero_rect2x3,115,6611395,135,3.9628056733104815,False,-1.5632306250530956,0.0022479554337378723,False,False,True,True
limit_spin_density_zero_rect2x3,116,2533446388,135,3.9628056733104815,False,-0.7875293399267145,0.0024543806772691417,False,False,True,True
limit_spin_density_zero_rect2x3,117,2532352813,135,3.9628056733104815,False,-0.8437866723379778,0.002597593713928268,False,False,True,True
limit_spin_density_zero_rect2x3,118,347445047,135,3.9628056733104815,False,0.839117838848238,0.003067552096432712,False,False,True,True
limit_spin_density_zero_rect2x3,119,3119641360,135,3.9628056733104815,False,-0.26046477161364323,0.002772957593414954,False,False,True,True
limit_spin_density_zero_rect2x3,120,794114685,135,3.9628056733104815,False,-0.9450397951990628,0.0024421451620806516,False,False,True,True
limit_spin_density_zero_rect2x3,121,1697746015,135,3.9628056733104815,False,1.025146328752745,0.0027843353055152604,False,False,True,True
limit_spin_density_zero_rect2x3,122,1524911269,135,3.9628056733104815,False,-0.5049625801004273,0.002760918530607236,False,False,True,True
limit_spin_density_zero_rect2x3,123,2568583439,135,3.9628056733104815,False,-0.6505601542292097,0.0024341143396243384,False,False,True,True
limit_spin_density_zero_rect2x3,124,11389872,135,3.9628056733104815,False,-0.7215871569869304,0.0025040434590606737,False,False,True,True
limit_spin_density_zero_rect2x3,125,2794580496,135,3.9628056733104815,False,0.8267369031519016,0.0030902227283487907,False,False,True,True
limit_spin_density_zero_rect2x3,126,1518787494,135,3.9628056733104815,False,-1.457985251288413,0.0023755457988029758,False,False,True,True
limit_spin_density_zero_rect2x3,127,1621784205,135,3.9628056733104815,False,0.38739161923831206,0.0027163425168118304,False,False,True,True
limit_spin_density_zero_rect2x3,128,3528072872,135,3.9628056733104815,False,1.287245643772095,0.003227846881399335,False,False,False,True
limit_spin_density_zero_rect2x3,129,3456229110,135,3.9628056733104815,False,-0.4765059640506444,0.002561902040960673,False,False,True,True
limit_spin_density_zero_rect2x3,130,1588516837,135,3.9628056733104815,False,0.2633935213119752,0.0029570013554227675,False,False,True,True
limit_spin_density_zero_rect2x3,131,1259955889,135,3.9628056733104815,False,0.9628201459264657,0.0026954315655278887,False,False,True,True
limit_spin_density_zero_rect2x3,132,2351170287,135,3.9628056733104815,False,0.6832503892720662,0.003045364804653785,False,False,True,True
limit_spin_density_zero_rect2x3,133,370141279,135,3.9628056733104815,False,-1.4535116627463929,0.0022536241208320146,False,False,True,True
limit_spin_density_zero_rect2x3,134,2180524931,135,3.9628056733104815,False,-0.6531276841310757,0.0027024201987545186,False,False,True,True
limit_spin_density_zero_rect2x3,135,196277859,135,3.9628056733104815,False,-0.09178369795160767,0.002825214975928578,False,False,True,True
limit_spin_density_zero_rect2x3,136,3184363193,135,3.9628056733104815,False,-2.3449627890354674,0.002251608035468544,False,False,True,True
limit_spin_density_zero_rect2x3,137,47278526,135,3.9628056733104815,False,0.7233240513333257,0.003016498569174012,False,False,True,True
limit_spin_density_zero_rect2x3,138,63094148,135,3.9628056733104815,False,-0.9449275199827978,0.0024358172904086744,False,False,True,True
limit_spin_density_zero_rect2x3,139,504823229,135,3.9628056733104815,False,1.9956673628358959,0.003261629708763012,False,False,False,True
limit_spin_density_zero_rect2x3,140,1903133247,135,3.9628056733104815,False,0.45153967872518513,0.002626851262604593,False,False,True,True
limit_spin_density_zero_rect2x3,141,1429774192,135,3.9628056733104815,False,-0.9997224857420363,0.002462991553042602,False,False,True,True
limit_spin_density_zero_rect2x3,142,3246122933,135,3.9628056733104815,False,-0.17313519801164026,0.0026744128108849856,False,False,True,True
limit_spin_density_zero_rect2x3,143,328514069,135,3.9628056733104815,False,-0.28752420393380723,0.002581145172961897,False,False,True,True
limit_spin_density_zero_rect2x3,144,1143085700,135,3.9628056733104815,False,-1.4879341870487826,0.002298177252019756,False,False,True,True
limit_spin_density_zero_rect2x3,145,3985155526,135,3.9628056733104815,False,0.5987207720954819,0.002841872682247068,False,False,True,True
limit_spin_density_zero_rect2x3,146,3731538015,135,3.9628056733104815,False,-0.4168638094236385,0.002529449461895682,False,False,True,True
limit_spin_density_zero_rect2x3,147,664882537,135,3.9628056733104815,False,-1.86604724954018,0.0022180787859742233,False,False,True,True
limit_spin_density_zero_rect2x3,148,3786555319,135,3.9628056733104815,False,-2.0744327068596826,0.002286946690152764,False,False,True,True
limit_spin_density_zero_rect2x3,149,2990819204,135,3.9628056733104815,False,0.5442483723768836,0.0027607069223287107,False,False,True,True
limit_spin_density_zero_rect2x3,150,122633637,135,3.9628056733104815,False,0.8127950188230672,0.002862713247165068,False,False,True,True
limit_spin_density_zero_rect2x3,151,427029254,135,3.9628056733104815,False,-2.002172488810121,0.0022776890083424928,False,False,True,True
limit_spin_density_zero_rect2x3,152,753799378,135,3.9628056733104815,False,1.352687767324872,0.002943014708412731,False,False,True,True
limit_spin_density_zero_rect2x3,153,1128718559,135,3.9628056733104815,False,-0.5293208841523291,0.002562912311058279,False,False,True,True
limit_spin_density_zero_rect2x3,154,1360134698,135,3.9628056733104815,False,-0.5978242484274071,0.0026966984827449876,False,False,True,True
limit_spin_density_zero_rect2x3,155,3658285174,135,3.9628056733104815,False,-1.1122506955734566,0.002446075143878849,False,False,True,True
limit_spin_density_zero_rect2x3,156,753484480,135,3.9628056733104815,False,-2.5947544374089375,0.0022507133225656874,False,False,True,True
limit_spin_density_zero_rect2x3,157,1430338144,135,3.9628056733104815,False,-1.580898593580121,0.002312595925560883,False,False,True,True
limit_spin_density_zero_rect2x3,158,2368769999,135,3.9628056733104815,False,-0.7898463536248984,0.0024047704088526324,False,False,True,True
limit_spin_density_zero_rect2x3,159,3164325083,135,3.9628056733104815,False,-0.7531682330834049,0.0024800795885118725,False,False,True,True
limit_spin_density_zero_rect2x3,160,2898486979,135,3.9628056733104815,False,-0.4959015635381987,0.002779681342598468,False,False,True,True
limit_spin_density_zero_rect2x3,161,3495087908,135,3.9628056733104815,False,0.6734730121657366,0.0030225898756672193,False,False,True,True
limit_spin_density_zero_rect2x3,162,891306666,135,3.9628056733104815,False,-0.6407864602451974,0.002343374351052213,False,False,True,True
limit_spin_density_zero_rect2x3,163,2840718533,135,3.9628056733104815,False,0.004100713099339029,0.0028356197283424807,False,False,True,True
limit_spin_density_zero_rect2x3,164,935785344,135,3.9628056733104815,False,0.9973719092321383,0.003008757713769654,False,False,True,True
limit_spin_density_zero_rect2x3,165,3867768066,135,3.9628056733104815,False,1.9518509856358204,0.003319617159179963,False,False,False,True
limit_spin_density_zero_rect2x3,166,708453080,135,3.9628056733104815,False,0.17392023946725077,0.0027755213056674427,False,False,True,True
limit_spin_density_zero_rect2x3,167,789349387,135,3.9628056733104815,False,0.8336258348480019,0.0029284691636025117,False,False,True,True
limit_spin_density_zero_rect2x3,168,1448556307,135,3.9628056733104815,False,-0.30830461587360003,0.0025553645245429573,False,False,True,True
limit_spin_density_zero_rect2x3,169,2699712733,135,3.9628056733104815,False,-2.3208510509619793,0.0021775674203137496,False,False,True,True
limit_spin_density_zero_rect2x3,170,4162848325,135,3.9628056733104815,False,-1.1022008947863353,0.0025036580113758826,False,False,True,True
limit_spin_density_zero_rect2x3,171,3773001374,135,3.9628056733104815,False,-0.31676734726064687,0.002733136225788069,False,False,True,True
limit_spin_density_zero_rect2x3,172,3381627985,135,3.9628056733104815,False,-0.43726058478267055,0.002530854619001596,False,False,True,True
limit_spin_density_zero_rect2x3,173,842579855,135,3.9628056733104815,False,-0.29904179117797935,0.0027019046185830604,False,False,True,True
limit_spin_density_zero_rect2x3,174,3877813145,135,3.9628056733104815,False,-0.016611114748311683,0.002779296496458897,False,False,True,True
limit_spin_density_zero_rect2x3,175,1204267649,135,3.9628056733104815,False,0.1436975692851786,0.0026597253883005392,False,False,True,True
limit_spin_density_zero_rect2x3,176,391000683,135,3.9628056733104815,False,-0.17444758908122115,0.002798383430000487,False,False,True,True
limit_spin_density_zero_rect2x3,177,2180466225,135,3.9628056733104815,False,-1.3393100763051768,0.0022908192285917795,False,False,True,True
limit_spin_density_zero_rect2x3,178,2117077619,135,3.9628056733104815,False,-0.742647225411626,0.0025686424315927024,False,False,True,True
limit_spin_density_zero_rect2x3,179,454453765,135,3.9628056733104815,False,-0.5426281639000141,0.0024918404904652395,False,False,True,True
limit_spin_density_zero_rect2x3,180,3517251075,135,3.9628056733104815,False,0.22367461805345176,0.0028063119532142737,False,False,True,True
limit_spin_density_zero_rect2x3,181,2427109160,135,3.9628056733104815,False,-1.1264598200319762,0.0024861425658882093,False,False,True,True
limit_spin_density_zero_rect2x3,182,1601958184,135,3.9628056733104815,False,0.5005641508920752,0.0031351611235294506,False,False,True,True
limit_spin_density_zero_rect2x3,183,2714127364,135,3.9628056733104815,False,0.7344443467863118,0.002689446615087609,False,False,True,True
limit_spin_density_zero_rect2x3,184,1636514045,135,3.9628056733104815,False,1.450636914248924,0.0031119326888086885,False,False,True,True
limit_spin_density_zero_rect2x3,185,1336907641,135,3.9628056733104815,False,0.4405243838480394,0.0027760686347998885,False,False,True,True
limit_spin_density_zero_rect2x3,186,4237299939,135,3.9628056733104815,False,-0.3700494783957258,0.002503057227676775,False,False,True,True
limit_spin_density_zero_rect2x3,187,3330663874,135,3.9628056733104815,False,-0.8951815617974244,0.0024952741168330723,False,False,True,True
limit_spin_density_zero_rect2x3,188,2526317443,135,3.9628056733104815,False,-0.48884695625417884,0.002707065799180173,False,False,True,True
limit_spin_density_zero_rect2x3,189,2332463512,135,3.9628056733104815,False,-0.08614419626938427,0.0027844295027331534,False,False,True,True
limit_spin_density_zero_rect2x3,190,1091762049,135,3.9628056733104815,False,0.44963257720901606,0.0029147106815195526,False,False,True,True
limit_spin_density_zero_rect2x3,191,2943028340,135,3.9628056733104815,False,-1.571543733588938,0.0025216923112269833,False,False,True,True
limit_spin_density_zero_rect2x3,192,2431814948,135,3.9628056733104815,False,0.4692143786137989,0.0027246349272589164,False,False,True,True
limit_spin_density_zero_rect2x3,193,893590123,135,3.9628056733104815,False,0.704154700148258,0.002780385814940446,False,False,True,True
limit_spin_density_zero_rect2x3,194,3956954237,135,3.9628056733104815,False,-0.3522919711456783,0.0027732754731139993,False,False,True,True
limit_spin_density_zero_rect2x3,195,1941238810,135,3.9628056733104815,False,-0.6952348854433458,0.002560143890334176,False,False,True,True
limit_spin_density_zero_rect2x3,196,1650521059,135,3.9628056733104815,False,1.6980873152599398,0.0031996473496681815,False,False,False,True
limit_spin_density_zero_rect2x3,197,3087789185,135,3.9628056733104815,False,-0.5153781429884166,0.0027710724510218634,False,False,True,True
limit_spin_density_zero_rect2x3,198,3686849249,135,3.9628056733104815,False,-0.2636726016824563,0.002837641019813753,False,False,True,True
limit_spin_density_zero_rect2x3,199,933597274,135,3.9628056733104815,False,0.6505317760490438,0.0032934293344005694,False,False,False,True
limit_spin_density_zero_rect2x3,200,4206605897,135,3.9628056733104815,False,-1.0550582349459277,0.002548617972236523,False,False,True,True
limit_spin_density_zero_rect2x3,201,2211376158,135,3.9628056733104815,False,-1.122254982259609,0.002543763880936766,False,False,True,True
limit_spin_density_zero_rect2x3,202,1802680174,135,3.9628056733104815,False,-0.973728213766848,0.002441868152537116,False,False,True,True
limit_spin_density_zero_rect2x3,203,3434378656,135,3.9628056733104815,False,-0.6934472368510183,0.0026468730610936944,False,False,True,True
limit_spin_density_zero_rect2x3,204,2921904380,135,3.9628056733104815,False,-0.3432665685791859,0.002898077677851377,False,False,True,True
limit_spin_density_zero_rect2x3,205,44943936,135,3.9628056733104815,False,-1.7631276887459435,0.0023353797092002084,False,False,True,True
limit_spin_density_zero_rect2x3,206,1322554143,135,3.9628056733104815,False,-0.7679558397214227,0.0024242818815810763,False,False,True,True
limit_spin_density_zero_rect2x3,207,3859881647,135,3.9628056733104815,False,-0.6181477821746769,0.0025124237734285115,False,False,True,True
limit_spin_density_zero_rect2x3,208,1810162657,135,3.9628056733104815,False,0.11388395176696678,0.0027259587766295273,False,False,True,True
limit_spin_density_zero_rect2x3,209,121949842,135,3.9628056733104815,False,-0.2850363734140091,0.002605073758542963,False,False,True,True
limit_spin_density_zero_rect2x3,210,405142844,135,3.9628056733104815,False,-0.9138974417459865,0.0026124528448027242,False,False,True,True
limit_spin_density_zero_rect2x3,211,4145180482,135,3.9628056733104815,False,2.619434987572576,0.0034451437994888834,False,False,False,True
limit_spin_density_zero_rect2x3,212,1564490620,135,3.9628056733104815,False,0.550598347947361,0.002719072910111737,False,False,True,True
limit_spin_density_zero_rect2x3,213,4148018891,135,3.9628056733104815,False,-0.9363388075666202,0.0025322147034992294,False,False,True,True
limit_spin_density_zero_rect2x3,214,3088261948,135,3.9628056733104815,False,-0.2927907846551768,0.002554873252323277,False,False,True,True
limit_spin_density_zero_rect2x3,215,3864774339,135,3.9628056733104815,False,-0.8886801711921546,0.0025190181514390107,False,False,True,True
limit_spin_density_zero_rect2x3,216,266908262,135,3.9628056733104815,False,-0.3130651840693315,0.0026155811141851926,False,False,True,True
limit_spin_density_zero_rect2x3,217,305216026,135,3.9628056733104815,False,-0.3509192868634959,0.0024705436707397064,False,False,True,True
limit_spin_density_zero_rect2x3,218,1705173817,135,3.9628056733104815,False,-1.1343752541583785,0.002450318130466869,False,False,True,True
limit_spin_density_zero_rect2x3,219,1003048761,135,3.9628056733104815,False,0.1037067309238825,0.0029882147651114025,False,False,True,True
limit_spin_density_zero_rect2x3,220,1496846443,135,3.9628056733104815,False,-0.9297791154394682,0.002484082738948234,False,False,True,True
limit_spin_density_zero_rect2x3,221,3062642123,135,3.9628056733104815,False,-0.21098395932644906,0.002783338273484683,False,False,True,True
limit_spin_density_zero_rect2x3,222,2877263343,135,3.9628056733104815,False,0.7399704235108429,0.0030755536576520305,False,False,True,True
limit_spin_density_zero_rect2x3,223,3068760380,135,3.9628056733104815,False,-0.553054252907212,0.0026132912123308896,False,False,True,True
limit_spin_density_zero_rect2x3,224,4043424794,135,3.9628056733104815,False,1.0289268865113907,0.003062205891183346,False,False,True,True
limit_spin_density_zero_rect2x3,225,1671960627,135,3.9628056733104815,False,0.13051154697119843,0.0024571556814302724,False,False,True,True
limit_spin_density_zero_rect2x3,226,3332554719,135,3.9628056733104815,False,-0.9357316232676864,0.002337746025621581,False,False,True,True
limit_spin_density_zero_rect2x3,227,3753889989,135,3.9628056733104815,False,0.8815796985742105,0.003117866958594727,False,False,True,True
limit_spin_density_zero_rect2x3,228,1732066137,135,3.9628056733104815,False,-1.4353068303266312,0.0023101449834732612,False,False,True,True
limit_spin_density_zero_rect2x3,229,1315669207,135,3.9628056733104815,False,-0.542523202867474,0.0024822958236411607,False,False,True,True
limit_spin_density_zero_rect2x3,230,1955262981,135,3.9628056733104815,False,-0.1876669101677289,0.002874476482348216,False,False,True,True
limit_spin_density_zero_rect2x3,231,2049642523,135,3.9628056733104815,False,1.19445630918422,0.0030250305791540443,False,False,True,True
limit_spin_density_zero_rect2x3,232,2887231046,135,3.9628056733104815,False,-0.7634437545877177,0.0025239037994994494,False,False,True,True
limit_spin_density_zero_rect2x3,233,3943671613,135,3.9628056733104815,False,-0.1692836999545596,0.0027241337261069087,False,False,True,True
limit_spin_density_zero_rect2x3,234,2881120023,135,3.9628056733104815,False,-0.7806857879948371,0.002636848471986109,False,False,True,True
limit_spin_density_zero_rect2x3,235,60554323,135,3.9628056733104815,False,0.28603371770171515,0.0025488708364721172,False,False,True,True
limit_spin_density_zero_rect2x3,236,3731620375,135,3.9628056733104815,False,-0.5163205261336141,0.0025561805293927444,False,False,True,True
limit_spin_density_zero_rect2x3,237,2729782824,135,3.9628056733104815,False,0.9265295591043278,0.0028253485561883893,False,False,True,True
limit_spin_density_zero_rect2x3,238,2845806870,135,3.9628056733104815,False,-0.8834911510448606,0.0024799157279626763,False,False,True,True
limit_spin_density_zero_rect2x3,239,193138506,135,3.9628056733104815,False,-0.29759065466490753,0.0024420634790400697,False,False,True,True
limit_spin_density_zero_rect2x3,240,1650511093,135,3.9628056733104815,False,0.9061040313471971,0.0031053715194792396,False,False,True,True
limit_spin_density_zero_rect2x3,241,2015353684,135,3.9628056733104815,False,-1.2701040373731,0.0025828609960592726,False,False,True,True
limit_spin_density_zero_rect2x3,242,1994857035,135,3.9628056733104815,False,-1.1648477348507278,0.002339513449280078,False,False,True,True
limit_spin_density_zero_rect2x3,243,1942438259,135,3.9628056733104815,False,0.7064444532919638,0.0028405728422543756,False,False,True,True
limit_spin_density_zero_rect2x3,244,2278721947,135,3.9628056733104815,False,0.29866811392097464,0.0030926002554498076,False,False,True,True
limit_spin_density_zero_rect2x3,245,3598207392,135,3.9628056733104815,False,-0.7036339664450719,0.0025469576369520205,False,False,True,True
limit_spin_density_zero_rect2x3,246,1715933832,135,3.9628056733104815,False,-0.17564812348878633,0.0027699264943779186,False,False,True,True
limit_spin_density_zero_rect2x3,247,348522903,135,3.9628056733104815,False,-0.23676175533763869,0.00273250337869872,False,False,True,True
limit_spin_density_zero_rect2x3,248,1227587870,135,3.9628056733104815,False,-1.3191764469997318,0.0025926421863441147,False,False,True,True
limit_spin_density_zero_rect2x3,249,1911102144,135,3.9628056733104815,False,-0.6848350532743851,0.002533198216806015,False,False,True,True
limit_spin_density_zero_rect2x3,250,3029073984,135,3.9628056733104815,False,0.0437747298869984,0.0026776727106930676,False,False,True,True
limit_spin_density_zero_rect2x3,251,3995735297,135,3.9628056733104815,False,-0.10389064416564656,0.002696104458304743,False,False,True,True
limit_spin_density_zero_rect2x3,252,499760853,135,3.9628056733104815,False,-1.167228289850593,0.002656899504949195,False,False,True,True
limit_spin_density_zero_rect2x3,253,2662273123,135,3.9628056733104815,False,-0.16684672508266235,0.002875761225933021,False,False,True,True
limit_spin_density_zero_rect2x3,254,2894520448,135,3.9628056733104815,False,-0.4468816162525626,0.002881143255996791,False,False,True,True
limit_spin_density_zero_rect2x3,255,3168038766,135,3.9628056733104815,False,-1.2387261607673796,0.0024153197612490547,False,False,True,True
limit_spin_density_zero_rect2x3,256,2581945619,135,3.9628056733104815,False,-0.3434527523662733,0.00249799559002336,False,False,True,True
limit_spin_density_zero_rect2x3,257,3639729657,135,3.9628056733104815,False,-1.837249985696589,0.0023233246817366817,False,False,True,True
limit_spin_density_zero_rect2x3,258,1658760207,135,3.9628056733104815,False,-1.737024324399601,0.0022293251944507228,False,False,True,True
limit_spin_density_zero_rect2x3,259,367135140,135,3.9628056733104815,False,-1.8078599220886968,0.0025260352447678143,False,False,True,True
limit_spin_density_zero_rect2x3,260,3201331904,135,3.9628056733104815,False,-0.8602925329396869,0.002445748916315381,False,False,True,True
limit_spin_density_zero_rect2x3,261,2391578026,135,3.9628056733104815,False,-0.4619347981839008,0.0025245964914950075,False,False,True,True
limit_spin_density_zero_rect2x3,262,2164002261,135,3.9628056733104815,False,-1.1411752474889856,0.002514777308989877,False,False,True,True
limit_spin_density_zero_rect2x3,263,786945976,135,3.9628056733104815,False,-1.93306213430308,0.002276271170958231,False,False,True,True
limit_spin_density_zero_rect2x3,264,2188558644,135,3.9628056733104815,False,-1.283848538429424,0.002325067222231056,False,False,True,True
limit_spin_density_zero_rect2x3,265,1667538061,135,3.9628056733104815,False,-0.0269205099805485,0.002665048726480961,False,False,True,True
limit_spin_density_zero_rect2x3,266,967854574,135,3.9628056733104815,False,-0.4121561554058075,0.002727227454737172,False,False,True,True
limit_spin_density_zero_rect2x3,267,304208443,135,3.9628056733104815,False,-0.985633487206088,0.0025067154838651143,False,False,True,True
limit_spin_density_zero_rect2x3,268,3898144197,135,3.9628056733104815,False,-0.4499030535721302,0.0026230445107286713,False,False,True,True
limit_spin_density_zero_rect2x3,269,3593057915,135,3.9628056733104815,False,0.5238230272975758,0.0030056291122743687,False,False,True,True
limit_spin_density_zero_rect2x3,270,2474314714,135,3.9628056733104815,False,-1.5155123583368995,0.0023482941711001635,False,False,True,True
limit_spin_density_zero_rect2x3,271,2609024979,135,3.9628056733104815,False,-0.6960094643938076,0.0025337565939685764,False,False,True,True
limit_spin_density_zero_rect2x3,272,662869272,135,3.9628056733104815,False,-1.3901095530637746,0.0023810506090492217,False,False,True,True
limit_spin_density_zero_rect2x3,273,3626311301,135,3.9628056733104815,False,-0.5203151278713825,0.002526456784811292,False,False,True,True
limit_spin_density_zero_rect2x3,274,3585507937,135,3.9628056733104815,False,-0.540081337158592,0.002589417304194096,False,False,True,True
limit_spin_density_zero_rect2x3,275,2083003229,135,3.9628056733104815,False,-1.6946904589692213,0.0025261358724507532,False,False,True,True
limit_spin_density_zero_rect2x3,276,2683785003,135,3.9628056733104815,False,0.10255624310886596,0.0026302250789838303,False,False,True,True
limit_spin_density_zero_rect2x3,277,3478977979,135,3.9628056733104815,False,0.4927209461298504,0.0029276665956526208,False,False,True,True
limit_spin_density_zero_rect2x3,278,222601886,135,3.9628056733104815,False,1.3584130441429203,0.0029236959693861634,False,False,True,True
limit_spin_density_zero_rect2x3,279,157646883,135,3.9628056733104815,False,-1.2392444432377145,0.002549950933049828,False,False,True,True
limit_spin_density_zero_rect2x3,280,1147081581,135,3.9628056733104815,False,0.4758849520273331,0.002688203718525989,False,False,True,True
limit_spin_density_zero_rect2x3,281,1799449144,135,3.9628056733104815,False,-1.9699724291802378,0.002257810696805229,False,False,True,True
limit_spin_density_zero_rect2x3,282,3200100693,135,3.9628056733104815,False,0.9814702096368063,0.003077452520105323,False,False,True,True
limit_spin_density_zero_rect2x3,283,347910253,135,3.9628056733104815,False,0.5237384485476416,0.0027547634455415406,False,False,True,True
limit_spin_density_zero_rect2x3,284,2102831843,135,3.9628056733104815,False,0.1495077863768055,0.0027165110126988116,False,False,True,True
limit_spin_density_zero_rect2x3,285,3526287942,135,3.9628056733104815,False,0.3631827248020554,0.0026690678251559082,False,False,True,True
limit_spin_density_zero_rect2x3,286,3878084316,135,3.9628056733104815,False,-2.220970173503073,0.0022189185195800563,False,False,True,True
limit_spin_density_zero_rect2x3,287,56800086,135,3.9628056733104815,False,-1.0428337377749441,0.002594563364214931,False,False,True,True
limit_spin_density_zero_rect2x3,288,312744838,135,3.9628056733104815,False,0.28195572601642926,0.0027214980935509445,False,False,True,True
limit_spin_density_zero_rect2x3,289,132215341,135,3.9628056733104815,False,1.124007465393937,0.0030888828879328265,False,False,True,True
limit_spin_density_zero_rect2x3,290,3184081695,135,3.9628056733104815,False,-0.5392003100655062,0.002788922504040039,False,False,True,True
limit_spin_density_zero_rect2x3,291,1492912782,135,3.9628056733104815,False,-1.0784995606909937,0.0025096706119035125,False,False,True,True
limit_spin_density_zero_rect2x3,292,914968983,135,3.9628056733104815,False,-0.19080299642686244,0.0028223239837525498,False,False,True,True
limit_spin_density_zero_rect2x3,293,3496151297,135,3.9628056733104815,False,-0.3172475826237453,0.002742461037683168,False,False,True,True
limit_spin_density_zero_rect2x3,294,4139930244,135,3.9628056733104815,False,-0.9738549230069797,0.0024787955306775707,False,False,True,True
limit_spin_density_zero_rect2x3,295,1630067034,135,3.9628056733104815,False,0.1093151311776787,0.0030096639378801933,False,False,True,True
limit_spin_density_zero_rect2x3,296,2014710887,135,3.9628056733104815,False,-0.5464059155137007,0.002974286457097201,False,False,True,True
limit_spin_density_zero_rect2x3,297,635213596,135,3.9628056733104815,False,-2.1981697320360074,0.002165770987990587,False,False,True,True
limit_spin_density_zero_rect2x3,298,3101008876,135,3.9628056733104815,False,-1.5547393098594138,0.0022867995463031923,False,False,True,True
limit_spin_density_zero_rect2x3,299,1658982021,135,3.9628056733104815,False,0.9165998957563053,0.0029630833871038885,False,False,True,True
limit_spin_density_zero_rect2x3,300,2439810373,135,3.9628056733104815,False,0.11356259349539666,0.002518901630918757,False,False,True,True
limit_spin_density_zero_rect2x3,301,3887131392,135,3.9628056733104815,False,-0.2594099933058479,0.0025944732199197815,False,False,True,True
limit_spin_density_zero_rect2x3,302,111365458,135,3.9628056733104815,False,-0.05919953195620014,0.0025851757011933255,False,False,True,True
limit_spin_density_zero_rect2x3,303,114563185,135,3.9628056733104815,False,-1.4555019009745618,0.0022374221317650426,False,False,True,True
limit_spin_density_zero_rect2x3,304,2765552400,135,3.9628056733104815,False,-0.7202602907226162,0.0025192664323615294,False,False,True,True
limit_spin_density_zero_rect2x3,305,3756272202,135,3.9628056733104815,False,0.5276077906812358,0.0028789411849161626,False,False,True,True
limit_spin_density_zero_rect2x3,306,1848443001,135,3.9628056733104815,False,-0.3800912074465926,0.0025248621511555175,False,False,True,True
limit_spin_density_zero_rect2x3,307,2585138630,135,3.9628056733104815,False,-1.3333247335611746,0.0022599689961592313,False,False,True,True
limit_spin_density_zero_rect2x3,308,2021136041,135,3.9628056733104815,False,-1.1247063917662987,0.0025712157281316725,False,False,True,True
limit_spin_density_zero_rect2x3,309,4291317622,135,3.9628056733104815,False,0.35387196671438403,0.002724133743015544,False,False,True,True
limit_spin_density_zero_rect2x3,310,2905251560,135,3.9628056733104815,False,-0.9010098521960842,0.0024262277240878313,False,False,True,True
limit_spin_density_zero_rect2x3,311,3310202976,135,3.9628056733104815,False,-2.311775158001071,0.0022259395069303195,False,False,True,True
limit_spin_density_zero_rect2x3,312,1239727155,135,3.9628056733104815,False,-1.4059117284905769,0.0022943167448775063,False,False,True,True
limit_spin_density_zero_rect2x3,313,672453460,135,3.9628056733104815,False,-0.06972285663408323,0.002686042439189991,False,False,True,True
limit_spin_density_zero_rect2x3,314,885510206,135,3.9628056733104815,False,0.6951403719380939,0.002690096517510214,False,False,True,True
limit_spin_density_zero_rect2x3,315,1318041066,135,3.9628056733104815,False,1.048405610626062,0.0032460407565275337,False,False,False,True
limit_spin_density_zero_rect2x3,316,1834154902,135,3.9628056733104815,False,-0.5501046711567414,0.0025145133112709963,False,False,True,True
limit_spin_density_zero_rect2x3,317,3922081773,135,3.9628056733104815,False,-0.981685187645407,0.002737057545079114,False,False,True,True
limit_spin_density_zero_rect2x3,318,458332950,135,3.9628056733104815,False,1.1757769602128918,0.003073962091604839,False,False,True,True
limit_spin_density_zero_rect2x3,319,94876963,135,3.9628056733104815,False,1.5009090085333248,0.002723841454131538,False,False,True,True
limit_spin_density_zero_rect2x3,320,4265152828,135,3.9628056733104815,False,-0.37169106602193397,0.002650274312212885,False,False,True,True
limit_spin_density_zero_rect2x3,321,1656300695,135,3.9628056733104815,False,-0.5765314979223881,0.0025982447905550697,False,False,True,True
limit_spin_density_zero_rect2x3,322,725287196,135,3.9628056733104815,False,-0.6098568625164101,0.0025993164615696635,False,False,True,True
limit_spin_density_zero_rect2x3,323,2957855150,135,3.9628056733104815,False,-0.2233384767008137,0.0026926130556024306,False,False,True,True
limit_spin_density_zero_rect2x3,324,2416921104,135,3.9628056733104815,False,-3.4788914909222424,0.0019740179017185373,False,False,True,True
limit_spin_density_zero_rect2x3,325,3308038120,135,3.9628056733104815,False,-1.4783599097343256,0.002389465882289102,False,False,True,True
limit_spin_density_zero_rect2x3,326,2545751269,135,3.9628056733104815,False,-0.5490425951800935,0.0027537305498747198,False,False,True,True
limit_spin_density_zero_rect2x3,327,3348037942,135,3.9628056733104815,False,-0.8753203256822165,0.0024419986534902596,False,False,True,True
limit_spin_density_zero_rect2x3,328,1272666050,135,3.9628056733104815,False,1.1217241688715238,0.0030075474662211257,False,False,True,True
limit_spin_density_zero_rect2x3,329,201490013,135,3.9628056733104815,False,-2.6889788278634503,0.001967508538137268,False,False,True,True
limit_spin_density_zero_rect2x3,330,4242493857,135,3.9628056733104815,False,0.5288876897541622,0.0029673637805497258,False,False,True,True
limit_spin_density_zero_rect2x3,331,1147231727,135,3.9628056733104815,False,1.5940542040209051,0.0030462648373777703,False,False,True,True
limit_spin_density_zero_rect2x3,332,2120675756,135,3.9628056733104815,False,-0.6552948967803505,0.00244165873474915,False,False,True,True
limit_spin_density_zero_rect2x3,333,499630725,135,3.9628056733104815,False,0.6698166876574292,0.0027832024979823813,False,False,True,True
limit_spin_density_zero_rect2x3,334,79827684,135,3.9628056733104815,False,-0.9262347480622369,0.002414814788074411,False,False,True,True
limit_spin_density_zero_rect2x3,335,188123268,135,3.9628056733104815,False,-1.3296303410237695,0.0025222606174244476,False,False,True,True
limit_spin_density_zero_rect2x3,336,600659962,135,3.9628056733104815,False,0.02051010526542925,0.002698971742965197,False,False,True,True
limit_spin_density_zero_rect2x3,337,879457983,135,3.9628056733104815,False,0.8568308061583946,0.0029852163117238223,False,False,True,True
limit_spin_density_zero_rect2x3,338,3092157949,135,3.9628056733104815,False,0.9177119442538134,0.0031180121129048342,False,False,True,True
limit_spin_density_zero_rect2x3,339,2686854255,135,3.9628056733104815,False,-1.2337249288076744,0.0023319746105155722,False,False,True,True
limit_spin_density_zero_rect2x3,340,2181164290,135,3.9628056733104815,False,0.8139811383804514,0.002725534369388054,False,False,True,True
limit_spin_density_zero_rect2x3,341,1089458697,135,3.9628056733104815,False,0.7095042821658385,0.0027522151327921216,False,False,True,True
limit_spin_density_zero_rect2x3,342,3934834110,135,3.9628056733104815,False,-1.8577731763119663,0.002291241166608206,False,False,True,True
limit_spin_density_zero_rect2x3,343,2857020223,135,3.9628056733104815,False,-0.11172504574225381,0.002762501233672161,False,False,True,True
limit_spin_density_zero_rect2x3,344,2386512875,135,3.9628056733104815,False,1.0310892042289177,0.0029553402879914994,False,False,True,True
limit_spin_density_zero_rect2x3,345,131883415,135,3.9628056733104815,False,-2.0672546430496674,0.0023151754893649006,False,False,True,True
limit_spin_density_zero_rect2x3,346,1016778828,135,3.9628056733104815,False,-1.186669484726391,0.002302040296119538,False,False,True,True
limit_spin_density_zero_rect2x3,347,2035265689,135,3.9628056733104815,False,-0.18855073608409414,0.00274878363639712,False,False,True,True
limit_spin_density_zero_rect2x3,348,3332888927,135,3.9628056733104815,False,0.8362525004926984,0.002831988706587448,False,False,True,True
limit_spin_density_zero_rect2x3,349,1399291668,135,3.9628056733104815,False,-2.8512293075287216,0.0020619735858722473,False,False,True,True
limit_spin_density_zero_rect2x3,350,2253187094,135,3.9628056733104815,False,-1.377307852506706,0.002312815479078633,False,False,True,True
limit_spin_density_zero_rect2x3,351,1967797637,135,3.9628056733104815,False,-1.3736075963952274,0.0026532409743054283,False,False,True,True
limit_spin_density_zero_rect2x3,352,3705218391,135,3.9628056733104815,False,0.5869148299360942,0.0029690124940119447,False,False,True,True
limit_spin_density_zero_rect2x3,353,2331154354,135,3.9628056733104815,False,-1.3991764735730274,0.002549673152722665,False,False,True,True
limit_spin_density_zero_rect2x3,354,2819971780,135,3.9628056733104815,False,0.1974215709094347,0.002700968990792839,False,False,True,True
limit_spin_density_zero_rect2x3,355,3808887415,135,3.9628056733104815,False,0.030001367842352078,0.0027963426362154777,False,False,True,True
limit_spin_density_zero_rect2x3,356,2443640413,135,3.9628056733104815,False,-0.02140091596214151,0.0027892956152138822,False,False,True,True
limit_spin_density_zero_rect2x3,357,2109718826,135,3.9628056733104815,False,-2.0698741977344848,0.0022976292304560737,False,False,True,True
limit_spin_density_zero_rect2x3,358,2729516440,135,3.9628056733104815,False,-0.5175645259082985,0.0025963660299059372,False,False,True,True
limit_spin_density_zero_rect2x3,359,3490011454,135,3.9628056733104815,False,0.5273126199427827,0.0027472996237080886,False,False,True,True
limit_spin_density_zero_rect2x3,360,678428466,135,3.9628056733104815,False,-0.7618809646721051,0.0024502413640974286,False,False,True,True
limit_spin_density_zero_rect2x3,361,786212013,135,3.9628056733104815,False,-1.1385934472783588,0.002450413464630692,False,False,True,True
limit_spin_density_zero_rect2x3,362,1470036211,135,3.9628056733104815,False,-2.2282794350331954,0.0022809387538603215,False,False,True,True
limit_spin_density_zero_rect2x3,363,4229647440,135,3.9628056733104815,False,-0.05234229129804085,0.0027841205975780324,False,False,True,True
limit_spin_density_zero_rect2x3,364,3852316740,135,3.9628056733104815,False,-0.36065515184511454,0.002554561185061509,False,False,True,True
limit_spin_density_zero_rect2x3,365,2648104692,135,3.9628056733104815,False,-1.6563288390485256,0.0024998982756750097,False,False,True,True
limit_spin_density_zero_rect2x3,366,2939174284,135,3.9628056733104815,False,-0.48116955538212375,0.002346884984087023,False,False,True,True
limit_spin_density_zero_rect2x3,367,2387040114,135,3.9628056733104815,False,-2.3813243306427925,0.002274521810463754,False,False,True,True
limit_spin_density_zero_rect2x3,368,3621457920,135,3.9628056733104815,False,-0.6613845718221022,0.002549646792294064,False,False,True,True
limit_spin_density_zero_rect2x3,369,3177178022,135,3.9628056733104815,False,-2.7542435626197204,0.0022490007855657935,False,False,True,True
limit_spin_density_zero_rect2x3,370,2216098511,135,3.9628056733104815,False,-1.2452681787854012,0.002674331674640067,False,False,True,True
limit_spin_density_zero_rect2x3,371,3304620636,135,3.9628056733104815,False,0.2737049018108267,0.002796620676846379,False,False,True,True
limit_spin_density_zero_rect2x3,372,2885867253,135,3.9628056733104815,False,-0.9605894107397974,0.0025796810209206913,False,False,True,True
limit_spin_density_zero_rect2x3,373,2362372382,135,3.9628056733104815,False,-0.5561745492160567,0.0025113607050500273,False,False,True,True
limit_spin_density_zero_rect2x3,374,4002275766,135,3.9628056733104815,False,0.6886044892217624,0.003148541172989034,False,False,True,True
limit_spin_density_zero_rect2x3,375,2634522448,135,3.9628056733104815,False,-1.5265695187350845,0.00223442625358072,False,False,True,True
limit_spin_density_zero_rect2x3,376,159297694,135,3.9628056733104815,False,0.2441583724733684,0.0030977398602287163,False,False,True,True
limit_spin_density_zero_rect2x3,377,4105989052,135,3.9628056733104815,False,-0.4972860987131698,0.0028751271935467393,False,False,True,True
limit_spin_density_zero_rect2x3,378,2232556347,135,3.9628056733104815,False,1.4275049765029184,0.003036200830350898,False,False,True,True
limit_spin_density_zero_rect2x3,379,111406362,135,3.9628056733104815,False,-0.9672180561839728,0.002528313068696593,False,False,True,True
limit_spin_density_zero_rect2x3,380,3514929160,135,3.9628056733104815,False,0.43498767485856166,0.0026501254021120517,False,False,True,True
limit_spin_density_zero_rect2x3,381,3818639952,135,3.9628056733104815,False,-0.6084499046230378,0.002531669198346797,False,False,True,True
limit_spin_density_zero_rect2x3,382,4240518263,135,3.9628056733104815,False,2.313050567999672,0.003180939986576122,False,False,False,True
limit_spin_density_zero_rect2x3,383,597044931,135,3.9628056733104815,False,-0.09166521907173598,0.0028170729924818583,False,False,True,True
limit_spin_density_zero_rect2x3,384,974968372,135,3.9628056733104815,False,-0.08779947936546002,0.0025202616095296917,False,False,True,True
limit_spin_density_zero_rect2x3,385,748767179,135,3.9628056733104815,False,0.844513964778925,0.003029956480314073,False,False,True,True
limit_spin_density_zero_rect2x3,386,2232449178,135,3.9628056733104815,False,-1.0203054915331284,0.002519746083367689,False,False,True,True
limit_spin_density_zero_rect2x3,387,250314609,135,3.9628056733104815,False,-0.770188559181771,0.0025321283076744764,False,False,True,True
limit_spin_density_zero_rect2x3,388,3339891937,135,3.9628056733104815,False,0.03144335209558133,0.002568323969363388,False,False,True,True
limit_spin_density_zero_rect2x3,389,3538363240,135,3.9628056733104815,False,-0.3270295025371622,0.002480357388258446,False,False,True,True
limit_spin_density_zero_rect2x3,390,464271279,135,3.9628056733104815,False,-1.385222413903215,0.0026192641004439015,False,False,True,True
limit_spin_density_zero_rect2x3,391,3717607172,135,3.9628056733104815,False,-0.20497432292915768,0.0028335141561243024,False,False,True,True
limit_spin_density_zero_rect2x3,392,77066297,135,3.9628056733104815,False,0.3128606105196099,0.0026409577954427275,False,False,True,True
limit_spin_density_zero_rect2x3,393,1630322748,135,3.9628056733104815,False,-0.06093404395267253,0.002942652266072968,False,False,True,True
limit_spin_density_zero_rect2x3,394,4134377692,135,3.9628056733104815,False,-0.7106520497234665,0.0024467987449550647,False,False,True,True
limit_spin_density_zero_rect2x3,395,53761917,135,3.9628056733104815,False,-1.6659170568607518,0.002246381880803729,False,False,True,True
limit_spin_density_zero_rect2x3,396,573688653,135,3.9628056733104815,False,-1.3551914654634019,0.0025615441750239405,False,False,True,True
limit_spin_density_zero_rect2x3,397,2385369125,135,3.9628056733104815,False,0.08952644786834955,0.002563743719924685,False,False,True,True
limit_spin_density_zero_rect2x3,398,664892852,135,3.9628056733104815,False,-0.44134435191205473,0.0027972738756608245,False,False,True,True
limit_spin_density_zero_rect2x3,399,4085136013,135,3.9628056733104815,False,0.09852608696470808,0.002491654572203873,False,False,True,True
limit_spin_density_zero_rect2x3,400,270646760,135,3.9628056733104815,False,0.18497327427388152,0.0027699486000738183,False,False,True,True
limit_spin_density_zero_rect2x3,401,2496585347,135,3.9628056733104815,False,-0.7890305915146205,0.0025328638314713937,False,False,True,True
limit_spin_density_zero_rect2x3,402,444004856,135,3.9628056733104815,False,-0.6966371779844314,0.0025012478750428505,False,False,True,True
limit_spin_density_zero_rect2x3,403,2912448089,135,3.9628056733104815,False,-0.08209901522184505,0.0027718536796760007,False,False,True,True
limit_spin_density_zero_rect2x3,404,1681371546,135,3.9628056733104815,False,-0.8443195153185091,0.0025354364214875778,False,False,True,True
limit_spin_density_zero_rect2x3,405,1405219704,135,3.9628056733104815,False,-1.7342614811012167,0.002281983636944307,False,False,True,True
limit_spin_density_zero_rect2x3,406,2357598462,135,3.9628056733104815,False,0.11686669344203654,0.002874925707855056,False,False,True,True
limit_spin_density_zero_rect2x3,407,1309404833,135,3.9628056733104815,False,-3.8464785095995158,0.0019515730841486436,False,False,True,True
limit_spin_density_zero_rect2x3,408,425738853,135,3.9628056733104815,False,-0.010926380134364361,0.0028485782756191343,False,False,True,True
limit_spin_density_zero_rect2x3,409,1843378402,135,3.9628056733104815,False,-1.2664611564125208,0.0025242628746910893,False,False,True,True
limit_spin_density_zero_rect2x3,410,114052484,135,3.9628056733104815,False,-0.717493884528066,0.0024949297456633387,False,False,True,True
limit_spin_density_zero_rect2x3,411,2254707836,135,3.9628056733104815,False,-0.4820012274272323,0.00245917353333063,False,False,True,True
limit_spin_density_zero_rect2x3,412,2638207556,135,3.9628056733104815,False,-0.03559753523583101,0.0025872796250542853,False,False,True,True
limit_spin_density_zero_rect2x3,413,1004841451,135,3.9628056733104815,False,-0.04467577749647018,0.0027973957638446835,False,False,True,True
limit_spin_density_zero_rect2x3,414,1202500244,135,3.9628056733104815,False,0.10822754343197473,0.002765785190630873,False,False,True,True
limit_spin_density_zero_rect2x3,415,2493865481,135,3.9628056733104815,False,1.6906732147953407,0.0032177191534195015,False,False,False,True
limit_spin_density_zero_rect2x3,416,3436324544,135,3.9628056733104815,False,-2.365246988354202,0.002067031776012228,False,False,True,True
limit_spin_density_zero_rect2x3,417,1013727370,135,3.9628056733104815,False,-1.2306115710888772,0.0025689457745596777,False,False,True,True
limit_spin_density_zero_rect2x3,418,1147217355,135,3.9628056733104815,False,0.010815233551929641,0.0025078400791059014,False,False,True,True
limit_spin_density_zero_rect2x3,419,2125277498,135,3.9628056733104815,False,-1.911804733502834,0.002250183923733149,False,False,True,True
limit_spin_density_zero_rect2x3,420,3232797037,135,3.9628056733104815,False,0.02621548240715694,0.002796621630325624,False,False,True,True
limit_spin_density_zero_rect2x3,421,3969357508,135,3.9628056733104815,False,0.41164100789654073,0.002967986111594582,False,False,True,True
limit_spin_density_zero_rect2x3,422,4259116965,135,3.9628056733104815,False,-0.2375227666764761,0.0028573777730412212,False,False,True,True
limit_spin_density_zero_rect2x3,423,3624982529,135,3.9628056733104815,False,-1.891112769009253,0.0022503899448722883,False,False,True,True
limit_spin_density_zero_rect2x3,424,1356182117,135,3.9628056733104815,False,-0.3931671284902883,0.002835215061268609,False,False,True,True
limit_spin_density_zero_rect2x3,425,3452425483,135,3.9628056733104815,False,-1.1562765275245905,0.002296077717177645,False,False,True,True
limit_spin_density_zero_rect2x3,426,2544879031,135,3.9628056733104815,False,0.023233887624720423,0.0027571373162142998,False,False,True,True
limit_spin_density_zero_rect2x3,427,2574002565,135,3.9628056733104815,False,-1.493079784634083,0.0024808875741063365,False,False,True,True
limit_spin_density_zero_rect2x3,428,3482234578,135,3.9628056733104815,False,-0.9801552862236389,0.0022351026370602215,False,False,True,True
limit_spin_density_zero_rect2x3,429,4120424262,135,3.9628056733104815,False,-0.44507408673638854,0.0025491700888776677,False,False,True,True
limit_spin_density_zero_rect2x3,430,1672263018,135,3.9628056733104815,False,-0.40038111321089853,0.0025811525508750792,False,False,True,True
limit_spin_density_zero_rect2x3,431,4050872752,135,3.9628056733104815,False,-0.05453747318472012,0.00277632218514903,False,False,True,True
limit_spin_density_zero_rect2x3,432,2892521030,135,3.9628056733104815,False,0.4333496457991749,0.002774632330399582,False,False,True,True
limit_spin_density_zero_rect2x3,433,2120028169,135,3.9628056733104815,False,-0.20147960832930137,0.00243226131557036,False,False,True,True
limit_spin_density_zero_rect2x3,434,1270824601,135,3.9628056733104815,False,-0.5621622571470198,0.0027227922444798738,False,False,True,True
limit_spin_density_zero_rect2x3,435,421107693,135,3.9628056733104815,False,1.6902010983982245,0.0029918316422680932,False,False,True,True
limit_spin_density_zero_rect2x3,436,2047521948,135,3.9628056733104815,False,-1.927306660523493,0.0022238879401002506,False,False,True,True
limit_spin_density_zero_rect2x3,437,153315613,135,3.9628056733104815,False,0.05552265445348018,0.002756768324214927,False,False,True,True
limit_spin_density_zero_rect2x3,438,1241154204,135,3.9628056733104815,False,-0.8780686763700161,0.002573906794972885,False,False,True,True
limit_spin_density_zero_rect2x3,439,3323654909,135,3.9628056733104815,False,-0.5025797982444302,0.0025404320687072613,False,False,True,True
limit_spin_density_zero_rect2x3,440,1466710000,135,3.9628056733104815,False,-0.604081319428931,0.0024784839156846107,False,False,True,True
limit_spin_density_zero_rect2x3,441,2977931567,135,3.9628056733104815,False,-0.2461276206575266,0.0027578460922325927,False,False,True,True
limit_spin_density_zero_rect2x3,442,692141723,135,3.9628056733104815,False,-0.3986605840567956,0.002774885404513907,False,False,True,True
limit_spin_density_zero_rect2x3,443,2619005310,135,3.9628056733104815,False,-0.9409238454065831,0.002481356204782929,False,False,True,True
limit_spin_density_zero_rect2x3,444,2836363051,135,3.9628056733104815,False,-0.530670874548933,0.0025580352200605208,False,False,True,True
limit_spin_density_zero_rect2x3,445,1646198391,135,3.9628056733104815,False,-0.20055399908279578,0.0025931093707531696,False,False,True,True
limit_spin_density_zero_rect2x3,446,3596977371,135,3.9628056733104815,False,0.4944691178094908,0.002625815862594239,False,False,True,True
limit_spin_density_zero_rect2x3,447,1506544559,135,3.9628056733104815,False,0.1725439046581275,0.0026896235458263866,False,False,True,True
limit_spin_density_zero_rect2x3,448,1581662255,135,3.9628056733104815,False,-0.6770731150935064,0.002476856236064231,False,False,True,True
limit_spin_density_zero_rect2x3,449,2141132524,135,3.9628056733104815,False,-1.8962937397069712,0.0022011686432052225,False,False,True,True
limit_spin_density_zero_rect2x3,450,4260489056,135,3.9628056733104815,False,-3.1480546408419725,0.002021564821026943,False,False,True,True
limit_spin_density_zero_rect2x3,451,433574845,135,3.9628056733104815,False,-0.9355202306369558,0.002470460210471682,False,False,True,True
limit_spin_density_zero_rect2x3,452,2828332639,135,3.9628056733104815,False,-2.886316959723899,0.0020531338379338906,False,False,True,True
limit_spin_density_zero_rect2x3,453,2454551960,135,3.9628056733104815,False,-2.016929297200501,0.0022704128413289773,False,False,True,True
limit_spin_density_zero_rect2x3,454,1741166281,135,3.9628056733104815,False,1.1706348376459317,0.0029846569297790337,False,False,True,True
limit_spin_density_zero_rect2x3,455,3110125067,135,3.9628056733104815,False,1.2255980175062906,0.0032534567701945237,False,False,False,True
limit_spin_density_zero_rect2x3,456,531196831,135,3.9628056733104815,False,1.3959341181951117,0.0033063620176596743,False,False,False,True
limit_spin_density_zero_rect2x3,457,3344973847,135,3.9628056733104815,False,0.6835016888765878,0.0030759904289027885,False,False,True,True
limit_spin_density_zero_rect2x3,458,3814749706,135,3.9628056733104815,False,-0.5075535126145772,0.002695574789259368,False,False,True,True
limit_spin_density_zero_rect2x3,459,968774781,135,3.9628056733104815,False,-0.130801340574079,0.0025152270207561916,False,False,True,True
limit_spin_density_zero_rect2x3,460,2118048380,135,3.9628056733104815,False,-0.7213976452399038,0.002596974681167279,False,False,True,True
limit_spin_density_zero_rect2x3,461,1239896821,135,3.9628056733104815,False,-0.329295735446094,0.0028429507187092643,False,False,True,True
limit_spin_density_zero_rect2x3,462,3195525566,135,3.9628056733104815,False,-3.1672755738963763,0.001970183720271393,False,False,True,True
limit_spin_density_zero_rect2x3,463,3250490335,135,3.9628056733104815,False,0.9487804340341124,0.0030862915297350203,False,False,True,True
limit_spin_density_zero_rect2x3,464,275134259,135,3.9628056733104815,False,0.34486903492740967,0.0030939740454903864,False,False,True,True
limit_spin_density_zero_rect2x3,465,1465279021,135,3.9628056733104815,False,-1.0334151333503996,0.0024863389701305447,False,False,True,True
limit_spin_density_zero_rect2x3,466,3980198156,135,3.9628056733104815,False,-1.2546167437631546,0.0024808797271380348,False,False,True,True
limit_spin_density_zero_rect2x3,467,2834743672,135,3.9628056733104815,False,-0.7614689080593064,0.0025173229586200017,False,False,True,True
limit_spin_density_zero_rect2x3,468,3146067701,135,3.9628056733104815,False,-1.842230116616138,0.0023515251395695045,False,False,True,True
limit_spin_density_zero_rect2x3,469,2136288753,135,3.9628056733104815,False,0.04322165393221395,0.002769807685212838,False,False,True,True
limit_spin_density_zero_rect2x3,470,1613108078,135,3.9628056733104815,False,-0.2650756423645063,0.002705678737186536,False,False,True,True
limit_spin_density_zero_rect2x3,471,3185643336,135,3.9628056733104815,False,-0.9822856587472901,0.00250920186325363,False,False,True,True
limit_spin_density_zero_rect2x3,472,3538293411,135,3.9628056733104815,False,-1.7609165908795203,0.0023169926389513444,False,False,True,True
limit_spin_density_zero_rect2x3,473,1133492055,135,3.9628056733104815,False,-0.7443014987673221,0.00247549472076565,False,False,True,True
limit_spin_density_zero_rect2x3,474,2652637657,135,3.9628056733104815,False,0.18352428891931982,0.0030107875521877938,False,False,True,True
limit_spin_density_zero_rect2x3,475,3725382811,135,3.9628056733104815,False,-0.9555563210572011,0.002431631429023087,False,False,True,True
limit_spin_density_zero_rect2x3,476,3036895993,135,3.9628056733104815,False,-0.029121730811499436,0.002728105252358843,False,False,True,True
limit_spin_density_zero_rect2x3,477,4078927539,135,3.9628056733104815,False,-1.633874821205724,0.002308433343095248,False,False,True,True
limit_spin_density_zero_rect2x3,478,3774352198,135,3.9628056733104815,False,-1.8982897443058577,0.0022727043720795034,False,False,True,True
limit_spin_density_zero_rect2x3,479,456554843,135,3.9628056733104815,False,-0.9545378286225299,0.002546715676693903,False,False,True,True
limit_spin_density_zero_rect2x3,480,2987836944,135,3.9628056733104815,False,-0.8796692285672695,0.0024917893686899895,False,False,True,True
limit_spin_density_zero_rect2x3,481,1484108592,135,3.9628056733104815,False,-0.47652698872069815,0.0025550202106430515,False,False,True,True
limit_spin_density_zero_rect2x3,482,3589099069,135,3.9628056733104815,False,0.8926333920331467,0.003096350019566672,False,False,True,True
limit_spin_density_zero_rect2x3,483,2517697401,135,3.9628056733104815,False,-0.8310942914495886,0.002537026453995357,False,False,True,True
limit_spin_density_zero_rect2x3,484,4133385350,135,3.9628056733104815,False,-1.3564909110226648,0.0024943097164466304,False,False,True,True
limit_spin_density_zero_rect2x3,485,1435054753,135,3.9628056733104815,False,0.4265161199015423,0.0029835002689752336,False,False,True,True
limit_spin_density_zero_rect2x3,486,3869964638,135,3.9628056733104815,False,-1.567150509582758,0.0022777818684850785,False,False,True,True
limit_spin_density_zero_rect2x3,487,368648460,135,3.9628056733104815,False,-1.5929990722080967,0.002487914789465909,False,False,True,True
limit_spin_density_zero_rect2x3,488,563987610,135,3.9628056733104815,False,-0.8021058829402398,0.002490528286924772,False,False,True,True
limit_spin_density_zero_rect2x3,489,2625879817,135,3.9628056733104815,False,0.5583228283477774,0.0027937176097072858,False,False,True,True
limit_spin_density_zero_rect2x3,490,2818858088,135,3.9628056733104815,False,-2.2872894198814877,0.002143990503561904,False,False,True,True
limit_spin_density_zero_rect2x3,491,4262921485,135,3.9628056733104815,False,0.5317101724096848,0.0028913652661245715,False,False,True,True
limit_spin_density_zero_rect2x3,492,4179863881,135,3.9628056733104815,False,-0.6929036111733667,0.0025349667789426205,False,False,True,True
limit_spin_density_zero_rect2x3,493,3822044459,135,3.9628056733104815,False,-1.6213518992504492,0.002494097008544345,False,False,True,True
limit_spin_density_zero_rect2x3,494,2336949179,135,3.9628056733104815,False,-0.9813334071011964,0.002618722275606698,False,False,True,True
limit_spin_density_zero_rect2x3,495,2334677027,135,3.9628056733104815,False,0.20000518907417297,0.0027452243019340508,False,False,True,True
limit_spin_density_zero_rect2x3,496,727046129,135,3.9628056733104815,False,-1.2446309462281877,0.002511704398428589,False,False,True,True
limit_spin_density_zero_rect2x3,497,554396965,135,3.9628056733104815,False,0.9896382541549833,0.0033449828542241097,False,False,False,True
limit_spin_density_zero_rect2x3,498,1652560395,135,3.9628056733104815,False,-0.618386357057262,0.0026057522215332473,False,False,True,True
limit_spin_density_zero_rect2x3,499,3231676999,135,3.9628056733104815,False,-2.328382217716589,0.0019992272466871045,False,False,True,True
limit_spin_density_zero_rect2x3,500,3002433821,135,3.9628056733104815,False,-1.8918811495646422,0.002136053182731709,False,False,True,True
limit_spin_density_zero_rect2x3,501,2137712089,135,3.9628056733104815,False,1.7248749310488696,0.003314044481872396,False,False,False,True
limit_spin_density_zero_rect2x3,502,3490303771,135,3.9628056733104815,False,0.5895584876379978,0.002869795186888971,False,False,True,True
limit_spin_density_zero_rect2x3,503,1141384763,135,3.9628056733104815,False,-0.4768445983478707,0.002499354930787385,False,False,True,True
limit_spin_density_zero_rect2x3,504,2397673109,135,3.9628056733104815,False,-0.9685783472628452,0.002548819228618921,False,False,True,True
limit_spin_density_zero_rect2x3,505,763415058,135,3.9628056733104815,False,-0.15128352183286894,0.002701354889105988,False,False,True,True
limit_spin_density_zero_rect2x3,506,3042509379,135,3.9628056733104815,False,-1.0986321779597088,0.002450229652740341,False,False,True,True
limit_spin_density_zero_rect2x3,507,2965377900,135,3.9628056733104815,False,0.23960045315845147,0.0025395155322349783,False,False,True,True
limit_spin_density_zero_rect2x3,508,1491292188,135,3.9628056733104815,False,-0.35127959656738855,0.0025600473151836255,False,False,True,True
limit_spin_density_zero_rect2x3,509,1503534216,135,3.9628056733104815,False,-1.1974472919329684,0.002403916936194594,False,False,True,True
limit_spin_density_zero_rect2x3,510,778566334,135,3.9628056733104815,False,-2.685812009544969,0.0020184243715337916,False,False,True,True
limit_spin_density_zero_rect2x3,511,2114907694,135,3.9628056733104815,False,-1.5778453488605335,0.002183948279187389,False,False,True,True
